query_gene	chrom	lineage	status	all_statuses
ANKRD31	5	ALLENOPITHECUS_NIGROVIRIDIS	I	I
ANKRD31	5	ALLOCHROCEBUS_LHOESTI	I	I
ANKRD31	5	ALOUATTA_PALLIATA	I	I
ANKRD31	5	AOTUS_NANCYMAAE	I	I
ANKRD31	5	AOTUS_VOCIFERANS	I	I
ANKRD31	5	ATELES_GEOFFROYI	PI	PI
ANKRD31	5	ATELES_PANISCUS	I	I
ANKRD31	5	CACAJAO_HOSOMI	I	I
ANKRD31	5	CACAJAO_MELANOCEPHALUS	I	I
ANKRD31	5	CALLIMICO_GOELDII	I	I
ANKRD31	5	CALLITHRIX_JACCHUS	I	I
ANKRD31	5	CALLITHRIX_PENICILLATA	I	I
ANKRD31	5	CALLITHRIX_PYGMAEA	I	I
ANKRD31	5	CARLITO_SYRICHTA	I	I
ANKRD31	5	CEBUS_ALBIFRONS	PI	I;PI
ANKRD31	5	CEBUS_CAPUCINUS_IMITATOR	I	I
ANKRD31	5	CEPHALOPACHUS_BANCANUS	I	I
ANKRD31	5	CERCOCEBUS_ATYS	I	I
ANKRD31	5	CERCOPITHECUS_ALBOGULARIS	I	I
ANKRD31	5	CERCOPITHECUS_MONA	I	I
ANKRD31	5	CERCOPITHECUS_NEGLECTUS	PI	PI
ANKRD31	5	CHEIROGALEUS_MEDIUS	I	I
ANKRD31	5	CHERACEBUS_LUCIFER	I	I
ANKRD31	5	CHERACEBUS_LUGENS	PI	PI
ANKRD31	5	CHIROPOTES_ISRAELITA	PI	PI
ANKRD31	5	CHLOROCEBUS_AETHIOPS	I	I
ANKRD31	5	CHLOROCEBUS_SABAEUS	I	I
ANKRD31	5	COLOBUS_ANGOLENSIS_PALLIATUS	I	I
ANKRD31	5	COLOBUS_GUEREZA	UL	UL
ANKRD31	5	DAUBENTONIA_MADAGASCARIENSIS	I	I
ANKRD31	5	ERYTHROCEBUS_PATAS	I	I
ANKRD31	5	EULEMUR_FLAVIFRONS	UL	UL
ANKRD31	5	EULEMUR_FULVUS	I	I
ANKRD31	5	EULEMUR_FULVUS_COLLARIS	I	I
ANKRD31	5	EULEMUR_MACACO	I	I
ANKRD31	5	EULEMUR_MONGOZ	I	I
ANKRD31	5	GALAGO_MOHOLI	UL	UL
ANKRD31	5	GALAGO_SENEGALENSIS	PI	PI
ANKRD31	5	GORILLA_GORILLA	I	I
ANKRD31	5	GORILLA_GORILLA_GORILLA	I	I
ANKRD31	5	HOOLOCK_LEUCONEDYS	I	I
ANKRD31	5	HYLOBATES_AGILIS	PI	PI
ANKRD31	5	HYLOBATES_MOLOCH	I	I
ANKRD31	5	HYLOBATES_PILEATUS	I	I
ANKRD31	5	INDRI_INDRI	PI	PI
ANKRD31	5	LAGOTHRIX_LAGOTRICHA	I	I
ANKRD31	5	LEMUR_CATTA	I	I
ANKRD31	5	LEONTOPITHECUS_CHRYSOMELAS	PI	PI
ANKRD31	5	LEONTOPITHECUS_ROSALIA	PI	PI
ANKRD31	5	LOPHOCEBUS_ATERRIMUS	I	I
ANKRD31	5	LORIS_TARDIGRADUS	I	I
ANKRD31	5	MACACA_ARCTOIDES	I	I
ANKRD31	5	MACACA_ASSAMENSIS	I	I
ANKRD31	5	MACACA_CYCLOPIS	I	I
ANKRD31	5	MACACA_FASCICULARIS	UL	I;UL
ANKRD31	5	MACACA_FUSCATA	I	I
ANKRD31	5	MACACA_LEONINA	I	I
ANKRD31	5	MACACA_MULATTA	I	I
ANKRD31	5	MACACA_NEMESTRINA	I	I
ANKRD31	5	MACACA_NIGRA	I	I
ANKRD31	5	MACACA_SILENUS	I	I
ANKRD31	5	MACACA_THIBETANA_THIBETANA	I	I
ANKRD31	5	MANDRILLUS_LEUCOPHAEUS	I	I
ANKRD31	5	MANDRILLUS_SPHINX	PI	I;PI
ANKRD31	5	MICROCEBUS_GRISEORUFUS	I	I
ANKRD31	5	MICROCEBUS_MITTERMEIERI	I	I
ANKRD31	5	MICROCEBUS_MURINUS	UL	UL
ANKRD31	5	MICROCEBUS_RAVELOBENSIS	PI	PI
ANKRD31	5	MICROCEBUS_SP._3_GT-2019	PI	PI
ANKRD31	5	MICROCEBUS_TAVARATRA	PI	PI
ANKRD31	5	MIRZA_COQUERELI	PI	PI
ANKRD31	5	MIRZA_ZAZA	UL	UL
ANKRD31	5	NASALIS_LARVATUS	PI	PI
ANKRD31	5	NOMASCUS_LEUCOGENYS	I	I
ANKRD31	5	NYCTICEBUS_BENGALENSIS	I	I
ANKRD31	5	NYCTICEBUS_COUCANG	I	I
ANKRD31	5	OTOLEMUR_CRASSICAUDATUS	I	I
ANKRD31	5	OTOLEMUR_GARNETTII	I	I
ANKRD31	5	PAN_PANISCUS	I	I
ANKRD31	5	PAN_TROGLODYTES	I	I
ANKRD31	5	PAPIO_ANUBIS	I	I
ANKRD31	5	PAPIO_HAMADRYAS	I	I
ANKRD31	5	PAPIO_PAPIO	I	I
ANKRD31	5	PILIOCOLOBUS_TEPHROSCELES	I	I
ANKRD31	5	PITHECIA_MITTERMEIERI	I	I
ANKRD31	5	PITHECIA_PITHECIA	I	I
ANKRD31	5	PLECTUROCEBUS_BERNHARDI	I	I
ANKRD31	5	PLECTUROCEBUS_BRUNNEUS	I	I
ANKRD31	5	PLECTUROCEBUS_CALIGATUS	I	I
ANKRD31	5	PLECTUROCEBUS_CUPREUS	I	I
ANKRD31	5	PLECTUROCEBUS_DONACOPHILUS	PM	PM
ANKRD31	5	PLECTUROCEBUS_HOFFMANNSI	PI	PI
ANKRD31	5	PLECTUROCEBUS_MILTONI	I	I
ANKRD31	5	PLECTUROCEBUS_MOLOCH	I	I
ANKRD31	5	PONGO_ABELII	I	I
ANKRD31	5	PONGO_PYGMAEUS	I	I
ANKRD31	5	PROLEMUR_SIMUS	PI	PI
ANKRD31	5	PROPITHECUS_COQUERELI	I	I
ANKRD31	5	PYGATHRIX_NEMAEUS	I	I
ANKRD31	5	PYGATHRIX_NIGRIPES	UL	UL
ANKRD31	5	RHINOPITHECUS_BIETI	UL	I;UL
ANKRD31	5	RHINOPITHECUS_ROXELLANA	I	I
ANKRD31	5	RHINOPITHECUS_STRYKERI	UL	UL
ANKRD31	5	SAGUINUS_IMPERATOR	UL	UL
ANKRD31	5	SAGUINUS_MIDAS	I	I
ANKRD31	5	SAGUINUS_OEDIPUS	I	I
ANKRD31	5	SAIMIRI_BOLIVIENSIS	I	I
ANKRD31	5	SAIMIRI_BOLIVIENSIS_BOLIVIENSIS	I	I
ANKRD31	5	SAPAJUS_APELLA	I	I
ANKRD31	5	SEMNOPITHECUS_ENTELLUS	L	L
ANKRD31	5	SYMPHALANGUS_SYNDACTYLUS	I	I
ANKRD31	5	THEROPITHECUS_GELADA	I	I
ANKRD31	5	TRACHYPITHECUS_FRANCOISI	UL	UL
ANKRD31	5	TRACHYPITHECUS_GERMAINI	I	I
ANKRD31	5	TRACHYPITHECUS_PHAYREI_CREPUSCULA	UL	UL
ANKRD31	5	VARECIA_VARIEGATA	I	I
BRCA1	17	ALLENOPITHECUS_NIGROVIRIDIS	I	I
BRCA1	17	ALLOCHROCEBUS_LHOESTI	I	I
BRCA1	17	ALOUATTA_PALLIATA	PI	PI
BRCA1	17	AOTUS_NANCYMAAE	I	I
BRCA1	17	AOTUS_VOCIFERANS	I	I
BRCA1	17	ATELES_BELZEBUTH	I	I
BRCA1	17	ATELES_CHAMEK	I	I
BRCA1	17	ATELES_GEOFFROYI	UL	UL
BRCA1	17	ATELES_MARGINATUS	I	I
BRCA1	17	ATELES_PANISCUS	I	I
BRCA1	17	CACAJAO_AYRESI	I	I
BRCA1	17	CACAJAO_CALVUS	I	I
BRCA1	17	CACAJAO_HOSOMI	I	I
BRCA1	17	CACAJAO_MELANOCEPHALUS	PI	PI
BRCA1	17	CALLIMICO_GOELDII	I	I
BRCA1	17	CALLITHRIX_JACCHUS	I	I
BRCA1	17	CALLITHRIX_PENICILLATA	I	I
BRCA1	17	CALLITHRIX_PYGMAEA	I	I
BRCA1	17	CARLITO_SYRICHTA	I	I
BRCA1	17	CEBUS_ALBIFRONS	UL	I;UL
BRCA1	17	CEBUS_CAPUCINUS_IMITATOR	I	I
BRCA1	17	CEPHALOPACHUS_BANCANUS	UL	UL
BRCA1	17	CERCOCEBUS_ATYS	I	I
BRCA1	17	CERCOPITHECUS_ALBOGULARIS	I	I
BRCA1	17	CERCOPITHECUS_MONA	I	I
BRCA1	17	CERCOPITHECUS_NEGLECTUS	I	I
BRCA1	17	CHEIROGALEUS_MEDIUS	I	I
BRCA1	17	CHERACEBUS_LUGENS	I	I
BRCA1	17	CHERACEBUS_REGULUS	I	I
BRCA1	17	CHIROPOTES_ISRAELITA	I	I
BRCA1	17	CHIROPOTES_SAGULATUS	PI	PI
BRCA1	17	CHLOROCEBUS_AETHIOPS	L	L
BRCA1	17	CHLOROCEBUS_SABAEUS	I	I
BRCA1	17	COLOBUS_ANGOLENSIS_PALLIATUS	UL	UL
BRCA1	17	COLOBUS_GUEREZA	I	I
BRCA1	17	DAUBENTONIA_MADAGASCARIENSIS	I	I
BRCA1	17	ERYTHROCEBUS_PATAS	PI	I;PI
BRCA1	17	EULEMUR_FLAVIFRONS	I	I
BRCA1	17	EULEMUR_FULVUS	PM	PM
BRCA1	17	EULEMUR_FULVUS_COLLARIS	I	I
BRCA1	17	EULEMUR_MACACO	I	I
BRCA1	17	EULEMUR_MONGOZ	PI	PI
BRCA1	17	GALAGO_MOHOLI	UL	UL
BRCA1	17	GALAGO_SENEGALENSIS	PI	PI
BRCA1	17	GORILLA_BERINGEI	I	I
BRCA1	17	GORILLA_GORILLA	I	I
BRCA1	17	GORILLA_GORILLA_GORILLA	I	I
BRCA1	17	HOOLOCK_LEUCONEDYS	I	I
BRCA1	17	HYLOBATES_AGILIS	PI	PI
BRCA1	17	HYLOBATES_MOLOCH	I	I
BRCA1	17	HYLOBATES_PILEATUS	I	I
BRCA1	17	INDRI_INDRI	I	I
BRCA1	17	LAGOTHRIX_LAGOTRICHA	I	I
BRCA1	17	LEMUR_CATTA	I	I
BRCA1	17	LEONTOPITHECUS_CHRYSOMELAS	PI	PI
BRCA1	17	LEONTOPITHECUS_ROSALIA	PI	PI
BRCA1	17	LOPHOCEBUS_ATERRIMUS	UL	UL
BRCA1	17	LORIS_TARDIGRADUS	I	I
BRCA1	17	MACACA_ARCTOIDES	I	I
BRCA1	17	MACACA_ASSAMENSIS	I	I
BRCA1	17	MACACA_CYCLOPIS	I	I
BRCA1	17	MACACA_FASCICULARIS	I	I
BRCA1	17	MACACA_FUSCATA	I	I
BRCA1	17	MACACA_LEONINA	I	I
BRCA1	17	MACACA_MULATTA	I	I
BRCA1	17	MACACA_NEMESTRINA	I	I
BRCA1	17	MACACA_NIGRA	UL	UL
BRCA1	17	MACACA_SILENUS	I	I
BRCA1	17	MACACA_THIBETANA_THIBETANA	I	I
BRCA1	17	MANDRILLUS_LEUCOPHAEUS	I	I
BRCA1	17	MANDRILLUS_SPHINX	UL	I;UL
BRCA1	17	MICROCEBUS_GRISEORUFUS	I	I
BRCA1	17	MICROCEBUS_MITTERMEIERI	PI	PI
BRCA1	17	MICROCEBUS_MURINUS	I	I
BRCA1	17	MICROCEBUS_SP._3_GT-2019	PI	PI
BRCA1	17	MICROCEBUS_TAVARATRA	L	L
BRCA1	17	MIRZA_COQUERELI	PM	PM
BRCA1	17	MIRZA_ZAZA	I	I
BRCA1	17	NASALIS_LARVATUS	PI	PI
BRCA1	17	NOMASCUS_LEUCOGENYS	I	I
BRCA1	17	NYCTICEBUS_BENGALENSIS	I	I
BRCA1	17	NYCTICEBUS_COUCANG	I	I
BRCA1	17	OTOLEMUR_CRASSICAUDATUS	PI	PI
BRCA1	17	OTOLEMUR_GARNETTII	PI	PI
BRCA1	17	PAN_PANISCUS	I	I
BRCA1	17	PAN_TROGLODYTES	I	I
BRCA1	17	PAPIO_ANUBIS	I	I
BRCA1	17	PAPIO_HAMADRYAS	I	I
BRCA1	17	PAPIO_PAPIO	I	I
BRCA1	17	PILIOCOLOBUS_TEPHROSCELES	I	I
BRCA1	17	PITHECIA_MITTERMEIERI	I	I
BRCA1	17	PITHECIA_PITHECIA	UL	I;UL
BRCA1	17	PITHECIA_VANZOLINII	I	I
BRCA1	17	PLECTUROCEBUS_BERNHARDI	PM	PM
BRCA1	17	PLECTUROCEBUS_BRUNNEUS	I	I
BRCA1	17	PLECTUROCEBUS_CALIGATUS	I	I
BRCA1	17	PLECTUROCEBUS_CINERASCENS	PM	PM
BRCA1	17	PLECTUROCEBUS_CUPREUS	I	I
BRCA1	17	PLECTUROCEBUS_DONACOPHILUS	I	I
BRCA1	17	PLECTUROCEBUS_GROVESI	PI	PI
BRCA1	17	PLECTUROCEBUS_HOFFMANNSI	I	I
BRCA1	17	PLECTUROCEBUS_MILTONI	PM	PM
BRCA1	17	PLECTUROCEBUS_MOLOCH	I	I
BRCA1	17	PONGO_ABELII	I	I
BRCA1	17	PONGO_PYGMAEUS	I	I
BRCA1	17	PROLEMUR_SIMUS	I	I
BRCA1	17	PROPITHECUS_COQUERELI	L	L
BRCA1	17	PYGATHRIX_NEMAEUS	L	L
BRCA1	17	PYGATHRIX_NIGRIPES	I	I
BRCA1	17	RHINOPITHECUS_BIETI	I	I
BRCA1	17	RHINOPITHECUS_ROXELLANA	I	I
BRCA1	17	RHINOPITHECUS_STRYKERI	I	I
BRCA1	17	SAGUINUS_IMPERATOR	PI	PI
BRCA1	17	SAGUINUS_MIDAS	UL	UL
BRCA1	17	SAGUINUS_OEDIPUS	I	I
BRCA1	17	SAIMIRI_BOLIVIENSIS	PI	PI
BRCA1	17	SAIMIRI_BOLIVIENSIS_BOLIVIENSIS	PI	I;PI
BRCA1	17	SAPAJUS_APELLA	UL	I;UL
BRCA1	17	SEMNOPITHECUS_ENTELLUS	UL	UL
BRCA1	17	SYMPHALANGUS_SYNDACTYLUS	I	I
BRCA1	17	THEROPITHECUS_GELADA	I	I
BRCA1	17	TRACHYPITHECUS_FRANCOISI	I	I
BRCA1	17	TRACHYPITHECUS_GERMAINI	I	I
BRCA1	17	TRACHYPITHECUS_PHAYREI_CREPUSCULA	UL	UL
BRCA1	17	VARECIA_VARIEGATA	I	I
BRIP1	17	ALLENOPITHECUS_NIGROVIRIDIS	I	I
BRIP1	17	ALLOCHROCEBUS_LHOESTI	I	I
BRIP1	17	ALOUATTA_PALLIATA	I	I
BRIP1	17	AOTUS_NANCYMAAE	I	I
BRIP1	17	AOTUS_VOCIFERANS	I	I
BRIP1	17	ATELES_BELZEBUTH	PI	PI
BRIP1	17	ATELES_CHAMEK	I	I
BRIP1	17	ATELES_GEOFFROYI	PI	PI
BRIP1	17	ATELES_MARGINATUS	I	I
BRIP1	17	ATELES_PANISCUS	I	I
BRIP1	17	CACAJAO_AYRESI	I	I
BRIP1	17	CACAJAO_CALVUS	I	I
BRIP1	17	CACAJAO_HOSOMI	I	I
BRIP1	17	CALLIMICO_GOELDII	I	I
BRIP1	17	CALLITHRIX_JACCHUS	I	I
BRIP1	17	CALLITHRIX_PENICILLATA	PI	PI
BRIP1	17	CALLITHRIX_PYGMAEA	PI	PI
BRIP1	17	CARLITO_SYRICHTA	I	I
BRIP1	17	CEBUS_ALBIFRONS	PI	I;PI
BRIP1	17	CEBUS_CAPUCINUS_IMITATOR	PI	PI
BRIP1	17	CEPHALOPACHUS_BANCANUS	I	I
BRIP1	17	CERCOCEBUS_ATYS	I	I
BRIP1	17	CERCOPITHECUS_ALBOGULARIS	I	I
BRIP1	17	CERCOPITHECUS_MONA	I	I
BRIP1	17	CERCOPITHECUS_NEGLECTUS	PI	PI
BRIP1	17	CHEIROGALEUS_MEDIUS	PI	PI
BRIP1	17	CHERACEBUS_LUCIFER	PI	PI
BRIP1	17	CHERACEBUS_LUGENS	PI	PI
BRIP1	17	CHERACEBUS_REGULUS	PI	PI
BRIP1	17	CHERACEBUS_TORQUATUS	PI	PI
BRIP1	17	CHIROPOTES_ISRAELITA	PI	PI
BRIP1	17	CHLOROCEBUS_AETHIOPS	I	I
BRIP1	17	CHLOROCEBUS_SABAEUS	I	I
BRIP1	17	COLOBUS_ANGOLENSIS_PALLIATUS	I	I
BRIP1	17	COLOBUS_GUEREZA	I	I
BRIP1	17	DAUBENTONIA_MADAGASCARIENSIS	I	I
BRIP1	17	ERYTHROCEBUS_PATAS	PI	I;PI
BRIP1	17	EULEMUR_FLAVIFRONS	UL	UL
BRIP1	17	EULEMUR_FULVUS	PI	PI
BRIP1	17	EULEMUR_FULVUS_COLLARIS	PI	PI
BRIP1	17	EULEMUR_MACACO	PI	PI
BRIP1	17	EULEMUR_MONGOZ	PI	PI
BRIP1	17	GALAGO_MOHOLI	I	I
BRIP1	17	GALAGO_SENEGALENSIS	PI	PI
BRIP1	17	GORILLA_BERINGEI	I	I
BRIP1	17	GORILLA_GORILLA	I	I
BRIP1	17	GORILLA_GORILLA_GORILLA	I	I
BRIP1	17	HOOLOCK_LEUCONEDYS	I	I
BRIP1	17	HYLOBATES_AGILIS	PI	PI
BRIP1	17	HYLOBATES_MOLOCH	PI	PI
BRIP1	17	HYLOBATES_PILEATUS	I	I
BRIP1	17	INDRI_INDRI	I	I
BRIP1	17	LAGOTHRIX_LAGOTRICHA	I	I
BRIP1	17	LEMUR_CATTA	PI	I;PI
BRIP1	17	LEONTOPITHECUS_CHRYSOMELAS	I	I
BRIP1	17	LEONTOPITHECUS_ROSALIA	I	I
BRIP1	17	LOPHOCEBUS_ATERRIMUS	UL	UL
BRIP1	17	LORIS_TARDIGRADUS	I	I
BRIP1	17	MACACA_ARCTOIDES	I	I
BRIP1	17	MACACA_ASSAMENSIS	I	I
BRIP1	17	MACACA_CYCLOPIS	I	I
BRIP1	17	MACACA_FASCICULARIS	I	I
BRIP1	17	MACACA_FUSCATA	I	I
BRIP1	17	MACACA_LEONINA	I	I
BRIP1	17	MACACA_MULATTA	I	I
BRIP1	17	MACACA_NEMESTRINA	I	I
BRIP1	17	MACACA_NIGRA	UL	UL
BRIP1	17	MACACA_SILENUS	I	I
BRIP1	17	MACACA_THIBETANA_THIBETANA	I	I
BRIP1	17	MANDRILLUS_LEUCOPHAEUS	I	I
BRIP1	17	MANDRILLUS_SPHINX	I	I
BRIP1	17	MICROCEBUS_GRISEORUFUS	PI	PI
BRIP1	17	MICROCEBUS_MITTERMEIERI	PI	PI
BRIP1	17	MICROCEBUS_MURINUS	I	I
BRIP1	17	MICROCEBUS_SP._3_GT-2019	PI	PI
BRIP1	17	MICROCEBUS_TAVARATRA	I	I
BRIP1	17	MIRZA_COQUERELI	I	I
BRIP1	17	MIRZA_ZAZA	I	I
BRIP1	17	NASALIS_LARVATUS	L	L
BRIP1	17	NOMASCUS_LEUCOGENYS	I	I
BRIP1	17	NYCTICEBUS_BENGALENSIS	I	I
BRIP1	17	NYCTICEBUS_COUCANG	PI	I;PI
BRIP1	17	OTOLEMUR_CRASSICAUDATUS	I	I
BRIP1	17	OTOLEMUR_GARNETTII	I	I
BRIP1	17	PAN_PANISCUS	I	I
BRIP1	17	PAN_TROGLODYTES	I	I
BRIP1	17	PAPIO_ANUBIS	I	I
BRIP1	17	PAPIO_HAMADRYAS	I	I
BRIP1	17	PAPIO_PAPIO	I	I
BRIP1	17	PILIOCOLOBUS_TEPHROSCELES	I	I
BRIP1	17	PITHECIA_MITTERMEIERI	I	I
BRIP1	17	PITHECIA_PITHECIA	PI	I;PI
BRIP1	17	PITHECIA_VANZOLINII	I	I
BRIP1	17	PLECTUROCEBUS_BERNHARDI	I	I
BRIP1	17	PLECTUROCEBUS_CALIGATUS	I	I
BRIP1	17	PLECTUROCEBUS_CUPREUS	I	I
BRIP1	17	PLECTUROCEBUS_DONACOPHILUS	I	I
BRIP1	17	PLECTUROCEBUS_DUBIUS	I	I
BRIP1	17	PLECTUROCEBUS_GROVESI	I	I
BRIP1	17	PLECTUROCEBUS_HOFFMANNSI	I	I
BRIP1	17	PLECTUROCEBUS_MILTONI	PI	PI
BRIP1	17	PLECTUROCEBUS_MOLOCH	I	I
BRIP1	17	PONGO_ABELII	I	I
BRIP1	17	PONGO_PYGMAEUS	I	I
BRIP1	17	PROLEMUR_SIMUS	I	I
BRIP1	17	PROPITHECUS_COQUERELI	UL	UL
BRIP1	17	PYGATHRIX_NEMAEUS	I	I
BRIP1	17	PYGATHRIX_NIGRIPES	I	I
BRIP1	17	RHINOPITHECUS_BIETI	UL	I;UL
BRIP1	17	RHINOPITHECUS_ROXELLANA	I	I
BRIP1	17	RHINOPITHECUS_STRYKERI	I	I
BRIP1	17	SAGUINUS_IMPERATOR	PI	PI
BRIP1	17	SAGUINUS_MIDAS	I	I
BRIP1	17	SAGUINUS_OEDIPUS	I	I
BRIP1	17	SAIMIRI_BOLIVIENSIS	PI	PI
BRIP1	17	SAIMIRI_BOLIVIENSIS_BOLIVIENSIS	I	I
BRIP1	17	SAIMIRI_SCIUREUS	PI	PI
BRIP1	17	SAPAJUS_APELLA	I	I
BRIP1	17	SEMNOPITHECUS_ENTELLUS	PI	PI
BRIP1	17	SYMPHALANGUS_SYNDACTYLUS	I	I
BRIP1	17	THEROPITHECUS_GELADA	I	I
BRIP1	17	TRACHYPITHECUS_FRANCOISI	I	I
BRIP1	17	TRACHYPITHECUS_GERMAINI	I	I
BRIP1	17	TRACHYPITHECUS_PHAYREI_CREPUSCULA	UL	UL
BRIP1	17	VARECIA_VARIEGATA	I	I
BRME1	19	ALLENOPITHECUS_NIGROVIRIDIS	I	I
BRME1	19	ALLOCHROCEBUS_LHOESTI	I	I
BRME1	19	ALOUATTA_PALLIATA	PI	PI
BRME1	19	AOTUS_NANCYMAAE	I	I
BRME1	19	AOTUS_VOCIFERANS	I	I
BRME1	19	ATELES_BELZEBUTH	I	I
BRME1	19	ATELES_CHAMEK	I	I
BRME1	19	ATELES_GEOFFROYI	I	I
BRME1	19	ATELES_MARGINATUS	PM	PM
BRME1	19	ATELES_PANISCUS	M	I;M
BRME1	19	CACAJAO_AYRESI	I	I
BRME1	19	CACAJAO_CALVUS	I	I
BRME1	19	CACAJAO_HOSOMI	I	I
BRME1	19	CACAJAO_MELANOCEPHALUS	I	I
BRME1	19	CALLIMICO_GOELDII	I	I
BRME1	19	CALLITHRIX_JACCHUS	I	I
BRME1	19	CALLITHRIX_PENICILLATA	I	I
BRME1	19	CALLITHRIX_PYGMAEA	I	I
BRME1	19	CARLITO_SYRICHTA	I	I
BRME1	19	CEBUS_ALBIFRONS	L	I;L
BRME1	19	CEBUS_CAPUCINUS_IMITATOR	I	I
BRME1	19	CEPHALOPACHUS_BANCANUS	I	I
BRME1	19	CERCOCEBUS_ATYS	I	I
BRME1	19	CERCOPITHECUS_ALBOGULARIS	UL	UL
BRME1	19	CERCOPITHECUS_MONA	I	I
BRME1	19	CERCOPITHECUS_NEGLECTUS	I	I
BRME1	19	CHEIROGALEUS_MEDIUS	M	M
BRME1	19	CHERACEBUS_LUCIFER	I	I
BRME1	19	CHERACEBUS_LUGENS	I	I
BRME1	19	CHERACEBUS_REGULUS	I	I
BRME1	19	CHERACEBUS_TORQUATUS	I	I
BRME1	19	CHIROPOTES_ISRAELITA	PI	PI
BRME1	19	CHIROPOTES_SAGULATUS	PI	PI
BRME1	19	CHLOROCEBUS_AETHIOPS	I	I
BRME1	19	CHLOROCEBUS_SABAEUS	I	I
BRME1	19	COLOBUS_ANGOLENSIS_PALLIATUS	I	I
BRME1	19	COLOBUS_GUEREZA	I	I
BRME1	19	DAUBENTONIA_MADAGASCARIENSIS	I	I
BRME1	19	ERYTHROCEBUS_PATAS	PI	I;PI
BRME1	19	EULEMUR_FLAVIFRONS	I	I
BRME1	19	EULEMUR_FULVUS	PI	PI
BRME1	19	EULEMUR_FULVUS_COLLARIS	I	I
BRME1	19	EULEMUR_MACACO	I	I
BRME1	19	EULEMUR_MONGOZ	I	I
BRME1	19	GALAGO_MOHOLI	I	I
BRME1	19	GALAGO_SENEGALENSIS	PI	PI
BRME1	19	GORILLA_BERINGEI	I	I
BRME1	19	GORILLA_GORILLA	I	I
BRME1	19	GORILLA_GORILLA_GORILLA	PM	PM
BRME1	19	HOOLOCK_LEUCONEDYS	I	I
BRME1	19	HYLOBATES_AGILIS	I	I
BRME1	19	HYLOBATES_MOLOCH	I	I
BRME1	19	HYLOBATES_PILEATUS	I	I
BRME1	19	INDRI_INDRI	I	I
BRME1	19	LAGOTHRIX_LAGOTRICHA	I	I
BRME1	19	LEMUR_CATTA	I	I
BRME1	19	LEONTOPITHECUS_CHRYSOMELAS	I	I
BRME1	19	LEONTOPITHECUS_ROSALIA	I	I
BRME1	19	LOPHOCEBUS_ATERRIMUS	I	I
BRME1	19	LORIS_TARDIGRADUS	I	I
BRME1	19	MACACA_ARCTOIDES	I	I
BRME1	19	MACACA_ASSAMENSIS	UL	I;UL
BRME1	19	MACACA_CYCLOPIS	I	I
BRME1	19	MACACA_FASCICULARIS	I	I
BRME1	19	MACACA_FUSCATA	I	I
BRME1	19	MACACA_LEONINA	I	I
BRME1	19	MACACA_MULATTA	I	I
BRME1	19	MACACA_NEMESTRINA	I	I
BRME1	19	MACACA_NIGRA	UL	UL
BRME1	19	MACACA_SILENUS	I	I
BRME1	19	MACACA_THIBETANA_THIBETANA	I	I
BRME1	19	MANDRILLUS_LEUCOPHAEUS	I	I
BRME1	19	MANDRILLUS_SPHINX	UL	I;UL
BRME1	19	MICROCEBUS_GRISEORUFUS	I	I
BRME1	19	MICROCEBUS_MITTERMEIERI	PI	PI
BRME1	19	MICROCEBUS_MURINUS	UL	UL
BRME1	19	MICROCEBUS_RAVELOBENSIS	PI	PI
BRME1	19	MICROCEBUS_SP._3_GT-2019	I	I
BRME1	19	MICROCEBUS_TAVARATRA	PI	PI
BRME1	19	MIRZA_COQUERELI	M	M
BRME1	19	MIRZA_ZAZA	I	I
BRME1	19	NASALIS_LARVATUS	L	L
BRME1	19	NOMASCUS_LEUCOGENYS	I	I
BRME1	19	NYCTICEBUS_BENGALENSIS	I	I
BRME1	19	NYCTICEBUS_COUCANG	I	I
BRME1	19	OTOLEMUR_CRASSICAUDATUS	UL	UL
BRME1	19	OTOLEMUR_GARNETTII	PI	PI
BRME1	19	PAN_PANISCUS	I	I
BRME1	19	PAN_TROGLODYTES	I	I
BRME1	19	PAPIO_ANUBIS	I	I
BRME1	19	PAPIO_HAMADRYAS	I	I
BRME1	19	PAPIO_PAPIO	I	I
BRME1	19	PILIOCOLOBUS_TEPHROSCELES	I	I
BRME1	19	PITHECIA_MITTERMEIERI	I	I
BRME1	19	PITHECIA_PITHECIA	L	I;L;PI
BRME1	19	PITHECIA_VANZOLINII	I	I
BRME1	19	PLECTUROCEBUS_BERNHARDI	I	I
BRME1	19	PLECTUROCEBUS_BRUNNEUS	I	I
BRME1	19	PLECTUROCEBUS_CINERASCENS	I	I
BRME1	19	PLECTUROCEBUS_CUPREUS	I	I
BRME1	19	PLECTUROCEBUS_DONACOPHILUS	I	I
BRME1	19	PLECTUROCEBUS_DUBIUS	I	I
BRME1	19	PLECTUROCEBUS_GROVESI	I	I
BRME1	19	PLECTUROCEBUS_HOFFMANNSI	I	I
BRME1	19	PLECTUROCEBUS_MILTONI	I	I
BRME1	19	PLECTUROCEBUS_MOLOCH	I	I
BRME1	19	PONGO_ABELII	I	I
BRME1	19	PONGO_PYGMAEUS	I	I
BRME1	19	PROLEMUR_SIMUS	I	I
BRME1	19	PROPITHECUS_COQUERELI	I	I
BRME1	19	PYGATHRIX_NEMAEUS	I	I
BRME1	19	PYGATHRIX_NIGRIPES	UL	UL
BRME1	19	RHINOPITHECUS_BIETI	M	I;M
BRME1	19	RHINOPITHECUS_ROXELLANA	I	I
BRME1	19	RHINOPITHECUS_STRYKERI	UL	UL
BRME1	19	SAGUINUS_IMPERATOR	I	I
BRME1	19	SAGUINUS_MIDAS	I	I
BRME1	19	SAGUINUS_OEDIPUS	I	I
BRME1	19	SAIMIRI_BOLIVIENSIS	I	I
BRME1	19	SAIMIRI_BOLIVIENSIS_BOLIVIENSIS	I	I
BRME1	19	SAPAJUS_APELLA	I	I
BRME1	19	SEMNOPITHECUS_ENTELLUS	PI	PI
BRME1	19	SYMPHALANGUS_SYNDACTYLUS	I	I
BRME1	19	THEROPITHECUS_GELADA	M	M
BRME1	19	TRACHYPITHECUS_FRANCOISI	I	I
BRME1	19	TRACHYPITHECUS_GERMAINI	I	I
BRME1	19	TRACHYPITHECUS_PHAYREI_CREPUSCULA	I	I
BRME1	19	VARECIA_VARIEGATA	I	I
C11ORF80	11	ALLENOPITHECUS_NIGROVIRIDIS	I	I
C11ORF80	11	ALLOCHROCEBUS_LHOESTI	I	I
C11ORF80	11	ALOUATTA_PALLIATA	I	I
C11ORF80	11	AOTUS_NANCYMAAE	I	I
C11ORF80	11	AOTUS_VOCIFERANS	I	I
C11ORF80	11	ATELES_BELZEBUTH	I	I
C11ORF80	11	ATELES_CHAMEK	I	I
C11ORF80	11	ATELES_GEOFFROYI	PI	PI
C11ORF80	11	ATELES_MARGINATUS	I	I
C11ORF80	11	ATELES_PANISCUS	I	I
C11ORF80	11	CACAJAO_AYRESI	I	I
C11ORF80	11	CACAJAO_CALVUS	I	I
C11ORF80	11	CACAJAO_HOSOMI	I	I
C11ORF80	11	CACAJAO_MELANOCEPHALUS	I	I
C11ORF80	11	CALLIMICO_GOELDII	I	I
C11ORF80	11	CALLITHRIX_JACCHUS	I	I
C11ORF80	11	CALLITHRIX_PENICILLATA	I	I
C11ORF80	11	CALLITHRIX_PYGMAEA	I	I
C11ORF80	11	CARLITO_SYRICHTA	I	I
C11ORF80	11	CEBUS_ALBIFRONS	I	I
C11ORF80	11	CEBUS_CAPUCINUS_IMITATOR	I	I
C11ORF80	11	CEPHALOPACHUS_BANCANUS	I	I
C11ORF80	11	CERCOCEBUS_ATYS	I	I
C11ORF80	11	CERCOPITHECUS_ALBOGULARIS	I	I
C11ORF80	11	CERCOPITHECUS_MONA	I	I
C11ORF80	11	CERCOPITHECUS_NEGLECTUS	I	I
C11ORF80	11	CHEIROGALEUS_MEDIUS	I	I
C11ORF80	11	CHERACEBUS_LUCIFER	I	I
C11ORF80	11	CHERACEBUS_LUGENS	I	I
C11ORF80	11	CHERACEBUS_TORQUATUS	PI	PI
C11ORF80	11	CHIROPOTES_ISRAELITA	I	I
C11ORF80	11	CHIROPOTES_SAGULATUS	PI	PI
C11ORF80	11	CHLOROCEBUS_AETHIOPS	I	I
C11ORF80	11	CHLOROCEBUS_SABAEUS	I	I
C11ORF80	11	COLOBUS_ANGOLENSIS_PALLIATUS	PI	PI
C11ORF80	11	COLOBUS_GUEREZA	I	I
C11ORF80	11	DAUBENTONIA_MADAGASCARIENSIS	I	I
C11ORF80	11	ERYTHROCEBUS_PATAS	I	I
C11ORF80	11	EULEMUR_FLAVIFRONS	I	I
C11ORF80	11	EULEMUR_FULVUS	PI	PI
C11ORF80	11	EULEMUR_FULVUS_COLLARIS	I	I
C11ORF80	11	EULEMUR_MACACO	I	I
C11ORF80	11	EULEMUR_MONGOZ	I	I
C11ORF80	11	GALAGO_MOHOLI	I	I
C11ORF80	11	GALAGO_SENEGALENSIS	I	I
C11ORF80	11	GORILLA_BERINGEI	I	I
C11ORF80	11	GORILLA_GORILLA	I	I
C11ORF80	11	GORILLA_GORILLA_GORILLA	I	I
C11ORF80	11	HOOLOCK_LEUCONEDYS	I	I
C11ORF80	11	HYLOBATES_AGILIS	PI	PI
C11ORF80	11	HYLOBATES_MOLOCH	I	I
C11ORF80	11	HYLOBATES_PILEATUS	I	I
C11ORF80	11	INDRI_INDRI	PI	PI
C11ORF80	11	LAGOTHRIX_LAGOTRICHA	PI	PI
C11ORF80	11	LEMUR_CATTA	I	I
C11ORF80	11	LEONTOPITHECUS_CHRYSOMELAS	I	I
C11ORF80	11	LEONTOPITHECUS_ROSALIA	I	I
C11ORF80	11	LOPHOCEBUS_ATERRIMUS	UL	UL
C11ORF80	11	LORIS_TARDIGRADUS	I	I
C11ORF80	11	MACACA_ARCTOIDES	I	I
C11ORF80	11	MACACA_ASSAMENSIS	I	I
C11ORF80	11	MACACA_CYCLOPIS	I	I
C11ORF80	11	MACACA_FASCICULARIS	I	I
C11ORF80	11	MACACA_FUSCATA	I	I
C11ORF80	11	MACACA_LEONINA	I	I
C11ORF80	11	MACACA_MULATTA	I	I
C11ORF80	11	MACACA_NEMESTRINA	I	I
C11ORF80	11	MACACA_NIGRA	UL	UL
C11ORF80	11	MACACA_SILENUS	I	I
C11ORF80	11	MACACA_THIBETANA_THIBETANA	I	I
C11ORF80	11	MANDRILLUS_LEUCOPHAEUS	I	I
C11ORF80	11	MANDRILLUS_SPHINX	I	I
C11ORF80	11	MICROCEBUS_MITTERMEIERI	UL	UL
C11ORF80	11	MICROCEBUS_MURINUS	I	I
C11ORF80	11	MICROCEBUS_RAVELOBENSIS	PI	PI
C11ORF80	11	MICROCEBUS_SP._3_GT-2019	I	I
C11ORF80	11	MICROCEBUS_TAVARATRA	PI	PI
C11ORF80	11	MIRZA_COQUERELI	PI	PI
C11ORF80	11	MIRZA_ZAZA	PI	PI
C11ORF80	11	NASALIS_LARVATUS	UL	UL
C11ORF80	11	NOMASCUS_LEUCOGENYS	I	I
C11ORF80	11	NYCTICEBUS_BENGALENSIS	I	I
C11ORF80	11	NYCTICEBUS_COUCANG	I	I
C11ORF80	11	OTOLEMUR_CRASSICAUDATUS	PI	PI
C11ORF80	11	OTOLEMUR_GARNETTII	I	I
C11ORF80	11	PAN_PANISCUS	I	I
C11ORF80	11	PAN_TROGLODYTES	I	I
C11ORF80	11	PAPIO_ANUBIS	I	I
C11ORF80	11	PAPIO_HAMADRYAS	I	I
C11ORF80	11	PAPIO_PAPIO	I	I
C11ORF80	11	PILIOCOLOBUS_TEPHROSCELES	I	I
C11ORF80	11	PITHECIA_MITTERMEIERI	PI	PI
C11ORF80	11	PITHECIA_PITHECIA	I	I
C11ORF80	11	PITHECIA_VANZOLINII	I	I
C11ORF80	11	PLECTUROCEBUS_BERNHARDI	I	I
C11ORF80	11	PLECTUROCEBUS_BRUNNEUS	I	I
C11ORF80	11	PLECTUROCEBUS_CALIGATUS	PI	PI
C11ORF80	11	PLECTUROCEBUS_CINERASCENS	I	I
C11ORF80	11	PLECTUROCEBUS_CUPREUS	I	I
C11ORF80	11	PLECTUROCEBUS_DONACOPHILUS	I	I
C11ORF80	11	PLECTUROCEBUS_GROVESI	I	I
C11ORF80	11	PLECTUROCEBUS_HOFFMANNSI	I	I
C11ORF80	11	PLECTUROCEBUS_MILTONI	I	I
C11ORF80	11	PONGO_ABELII	I	I
C11ORF80	11	PONGO_PYGMAEUS	I	I
C11ORF80	11	PROLEMUR_SIMUS	I	I
C11ORF80	11	PROPITHECUS_COQUERELI	PI	PI
C11ORF80	11	PYGATHRIX_NEMAEUS	I	I
C11ORF80	11	PYGATHRIX_NIGRIPES	I	I
C11ORF80	11	RHINOPITHECUS_BIETI	I	I
C11ORF80	11	RHINOPITHECUS_ROXELLANA	I	I
C11ORF80	11	RHINOPITHECUS_STRYKERI	I	I
C11ORF80	11	SAGUINUS_IMPERATOR	I	I
C11ORF80	11	SAGUINUS_MIDAS	I	I
C11ORF80	11	SAGUINUS_OEDIPUS	I	I
C11ORF80	11	SAIMIRI_BOLIVIENSIS	UL	UL
C11ORF80	11	SAIMIRI_BOLIVIENSIS_BOLIVIENSIS	I	I
C11ORF80	11	SAIMIRI_SCIUREUS	PI	PI
C11ORF80	11	SAPAJUS_APELLA	I	I
C11ORF80	11	SEMNOPITHECUS_ENTELLUS	PI	PI
C11ORF80	11	SYMPHALANGUS_SYNDACTYLUS	I	I
C11ORF80	11	THEROPITHECUS_GELADA	I	I
C11ORF80	11	TRACHYPITHECUS_FRANCOISI	I	I
C11ORF80	11	TRACHYPITHECUS_GERMAINI	I	I
C11ORF80	11	TRACHYPITHECUS_PHAYREI_CREPUSCULA	I	I
C11ORF80	11	VARECIA_VARIEGATA	PI	PI
C14ORF39	14	ALLENOPITHECUS_NIGROVIRIDIS	PI	PI
C14ORF39	14	ALLOCHROCEBUS_LHOESTI	I	I
C14ORF39	14	ALOUATTA_PALLIATA	I	I
C14ORF39	14	AOTUS_NANCYMAAE	I	I
C14ORF39	14	AOTUS_VOCIFERANS	I	I
C14ORF39	14	ATELES_BELZEBUTH	I	I
C14ORF39	14	ATELES_CHAMEK	PI	PI
C14ORF39	14	ATELES_GEOFFROYI	PI	PI
C14ORF39	14	ATELES_MARGINATUS	I	I
C14ORF39	14	ATELES_PANISCUS	I	I
C14ORF39	14	CACAJAO_AYRESI	I	I
C14ORF39	14	CACAJAO_CALVUS	I	I
C14ORF39	14	CACAJAO_HOSOMI	I	I
C14ORF39	14	CACAJAO_MELANOCEPHALUS	I	I
C14ORF39	14	CALLIMICO_GOELDII	PI	PI
C14ORF39	14	CALLITHRIX_JACCHUS	I	I
C14ORF39	14	CALLITHRIX_PENICILLATA	I	I
C14ORF39	14	CALLITHRIX_PYGMAEA	I	I
C14ORF39	14	CARLITO_SYRICHTA	I	I
C14ORF39	14	CEBUS_ALBIFRONS	PM	I;PM
C14ORF39	14	CEBUS_CAPUCINUS_IMITATOR	I	I
C14ORF39	14	CEPHALOPACHUS_BANCANUS	I	I
C14ORF39	14	CERCOCEBUS_ATYS	I	I
C14ORF39	14	CERCOPITHECUS_ALBOGULARIS	I	I
C14ORF39	14	CERCOPITHECUS_MONA	I	I
C14ORF39	14	CERCOPITHECUS_NEGLECTUS	PI	PI
C14ORF39	14	CHEIROGALEUS_MEDIUS	I	I
C14ORF39	14	CHERACEBUS_LUCIFER	I	I
C14ORF39	14	CHERACEBUS_LUGENS	I	I
C14ORF39	14	CHERACEBUS_REGULUS	I	I
C14ORF39	14	CHERACEBUS_TORQUATUS	I	I
C14ORF39	14	CHIROPOTES_ISRAELITA	I	I
C14ORF39	14	CHLOROCEBUS_AETHIOPS	I	I
C14ORF39	14	CHLOROCEBUS_SABAEUS	I	I
C14ORF39	14	COLOBUS_ANGOLENSIS_PALLIATUS	I	I
C14ORF39	14	COLOBUS_GUEREZA	I	I
C14ORF39	14	DAUBENTONIA_MADAGASCARIENSIS	I	I
C14ORF39	14	ERYTHROCEBUS_PATAS	I	I
C14ORF39	14	EULEMUR_FLAVIFRONS	PI	I;PI
C14ORF39	14	EULEMUR_FULVUS	PI	PI
C14ORF39	14	EULEMUR_FULVUS_COLLARIS	PI	PI
C14ORF39	14	EULEMUR_MACACO	I	I
C14ORF39	14	EULEMUR_MONGOZ	I	I
C14ORF39	14	GALAGO_MOHOLI	I	I
C14ORF39	14	GALAGO_SENEGALENSIS	I	I
C14ORF39	14	GORILLA_GORILLA	I	I
C14ORF39	14	GORILLA_GORILLA_GORILLA	I	I
C14ORF39	14	HOOLOCK_LEUCONEDYS	I	I
C14ORF39	14	HYLOBATES_AGILIS	I	I
C14ORF39	14	HYLOBATES_MOLOCH	I	I
C14ORF39	14	HYLOBATES_PILEATUS	I	I
C14ORF39	14	INDRI_INDRI	PI	PI
C14ORF39	14	LEMUR_CATTA	I	I
C14ORF39	14	LEONTOPITHECUS_CHRYSOMELAS	I	I
C14ORF39	14	LEONTOPITHECUS_ROSALIA	I	I
C14ORF39	14	LOPHOCEBUS_ATERRIMUS	I	I
C14ORF39	14	LORIS_TARDIGRADUS	I	I
C14ORF39	14	MACACA_ARCTOIDES	I	I
C14ORF39	14	MACACA_ASSAMENSIS	I	I
C14ORF39	14	MACACA_CYCLOPIS	I	I
C14ORF39	14	MACACA_FASCICULARIS	I	I
C14ORF39	14	MACACA_FUSCATA	I	I
C14ORF39	14	MACACA_LEONINA	I	I
C14ORF39	14	MACACA_MULATTA	I	I
C14ORF39	14	MACACA_NEMESTRINA	I	I
C14ORF39	14	MACACA_NIGRA	I	I
C14ORF39	14	MACACA_SILENUS	I	I
C14ORF39	14	MACACA_THIBETANA_THIBETANA	I	I
C14ORF39	14	MANDRILLUS_LEUCOPHAEUS	I	I
C14ORF39	14	MANDRILLUS_SPHINX	I	I
C14ORF39	14	MICROCEBUS_GRISEORUFUS	UL	UL
C14ORF39	14	MICROCEBUS_MITTERMEIERI	PI	PI
C14ORF39	14	MICROCEBUS_MURINUS	I	I
C14ORF39	14	MICROCEBUS_RAVELOBENSIS	I	I
C14ORF39	14	MICROCEBUS_SP._3_GT-2019	PI	PI
C14ORF39	14	MICROCEBUS_TAVARATRA	PI	PI
C14ORF39	14	MIRZA_COQUERELI	I	I
C14ORF39	14	MIRZA_ZAZA	I	I
C14ORF39	14	NASALIS_LARVATUS	PI	PI
C14ORF39	14	NOMASCUS_LEUCOGENYS	I	I
C14ORF39	14	NYCTICEBUS_BENGALENSIS	I	I
C14ORF39	14	NYCTICEBUS_COUCANG	PI	I;PI
C14ORF39	14	OTOLEMUR_CRASSICAUDATUS	I	I
C14ORF39	14	OTOLEMUR_GARNETTII	I	I
C14ORF39	14	PAN_PANISCUS	I	I
C14ORF39	14	PAN_TROGLODYTES	I	I
C14ORF39	14	PAPIO_ANUBIS	I	I
C14ORF39	14	PAPIO_HAMADRYAS	I	I
C14ORF39	14	PAPIO_PAPIO	I	I
C14ORF39	14	PILIOCOLOBUS_TEPHROSCELES	I	I
C14ORF39	14	PITHECIA_MITTERMEIERI	I	I
C14ORF39	14	PITHECIA_PITHECIA	I	I
C14ORF39	14	PLECTUROCEBUS_BERNHARDI	I	I
C14ORF39	14	PLECTUROCEBUS_BRUNNEUS	I	I
C14ORF39	14	PLECTUROCEBUS_CALIGATUS	I	I
C14ORF39	14	PLECTUROCEBUS_CINERASCENS	I	I
C14ORF39	14	PLECTUROCEBUS_CUPREUS	I	I
C14ORF39	14	PLECTUROCEBUS_DONACOPHILUS	I	I
C14ORF39	14	PLECTUROCEBUS_DUBIUS	I	I
C14ORF39	14	PLECTUROCEBUS_HOFFMANNSI	I	I
C14ORF39	14	PLECTUROCEBUS_MILTONI	I	I
C14ORF39	14	PLECTUROCEBUS_MOLOCH	I	I
C14ORF39	14	PONGO_ABELII	I	I
C14ORF39	14	PONGO_PYGMAEUS	I	I
C14ORF39	14	PROLEMUR_SIMUS	I	I
C14ORF39	14	PROPITHECUS_COQUERELI	PI	PI
C14ORF39	14	PYGATHRIX_NEMAEUS	I	I
C14ORF39	14	PYGATHRIX_NIGRIPES	I	I
C14ORF39	14	RHINOPITHECUS_BIETI	UL	I;UL
C14ORF39	14	RHINOPITHECUS_ROXELLANA	I	I
C14ORF39	14	RHINOPITHECUS_STRYKERI	I	I
C14ORF39	14	SAGUINUS_IMPERATOR	I	I
C14ORF39	14	SAGUINUS_MIDAS	I	I
C14ORF39	14	SAGUINUS_OEDIPUS	I	I
C14ORF39	14	SAIMIRI_BOLIVIENSIS	I	I
C14ORF39	14	SAIMIRI_BOLIVIENSIS_BOLIVIENSIS	I	I
C14ORF39	14	SAPAJUS_APELLA	I	I
C14ORF39	14	SEMNOPITHECUS_ENTELLUS	I	I
C14ORF39	14	SYMPHALANGUS_SYNDACTYLUS	I	I
C14ORF39	14	THEROPITHECUS_GELADA	I	I
C14ORF39	14	TRACHYPITHECUS_FRANCOISI	I	I
C14ORF39	14	TRACHYPITHECUS_GERMAINI	I	I
C14ORF39	14	TRACHYPITHECUS_PHAYREI_CREPUSCULA	I	I
C14ORF39	14	VARECIA_VARIEGATA	I	I
C1ORF112	1	ALLENOPITHECUS_NIGROVIRIDIS	I	I
C1ORF112	1	ALLOCHROCEBUS_LHOESTI	I	I
C1ORF112	1	ALOUATTA_PALLIATA	PI	PI
C1ORF112	1	AOTUS_NANCYMAAE	I	I
C1ORF112	1	AOTUS_VOCIFERANS	I	I
C1ORF112	1	ATELES_BELZEBUTH	I	I
C1ORF112	1	ATELES_CHAMEK	PI	PI
C1ORF112	1	ATELES_GEOFFROYI	I	I
C1ORF112	1	ATELES_PANISCUS	I	I
C1ORF112	1	CACAJAO_AYRESI	PI	PI
C1ORF112	1	CACAJAO_CALVUS	I	I
C1ORF112	1	CACAJAO_HOSOMI	I	I
C1ORF112	1	CALLIMICO_GOELDII	I	I
C1ORF112	1	CALLITHRIX_JACCHUS	I	I
C1ORF112	1	CALLITHRIX_PENICILLATA	I	I
C1ORF112	1	CALLITHRIX_PYGMAEA	I	I
C1ORF112	1	CARLITO_SYRICHTA	I	I
C1ORF112	1	CEBUS_ALBIFRONS	I	I
C1ORF112	1	CEBUS_CAPUCINUS_IMITATOR	I	I
C1ORF112	1	CEPHALOPACHUS_BANCANUS	I	I
C1ORF112	1	CERCOCEBUS_ATYS	I	I
C1ORF112	1	CERCOPITHECUS_ALBOGULARIS	I	I
C1ORF112	1	CERCOPITHECUS_MONA	I	I
C1ORF112	1	CERCOPITHECUS_NEGLECTUS	I	I
C1ORF112	1	CHEIROGALEUS_MEDIUS	I	I
C1ORF112	1	CHERACEBUS_LUCIFER	PI	PI
C1ORF112	1	CHERACEBUS_LUGENS	PM	PM
C1ORF112	1	CHERACEBUS_REGULUS	I	I
C1ORF112	1	CHERACEBUS_TORQUATUS	I	I
C1ORF112	1	CHIROPOTES_ISRAELITA	PI	PI
C1ORF112	1	CHLOROCEBUS_AETHIOPS	I	I
C1ORF112	1	CHLOROCEBUS_SABAEUS	I	I
C1ORF112	1	COLOBUS_ANGOLENSIS_PALLIATUS	I	I
C1ORF112	1	COLOBUS_GUEREZA	I	I
C1ORF112	1	DAUBENTONIA_MADAGASCARIENSIS	I	I
C1ORF112	1	ERYTHROCEBUS_PATAS	I	I
C1ORF112	1	EULEMUR_FLAVIFRONS	I	I
C1ORF112	1	EULEMUR_FULVUS	I	I
C1ORF112	1	EULEMUR_FULVUS_COLLARIS	I	I
C1ORF112	1	EULEMUR_MACACO	I	I
C1ORF112	1	EULEMUR_MONGOZ	I	I
C1ORF112	1	GALAGO_MOHOLI	I	I
C1ORF112	1	GALAGO_SENEGALENSIS	PI	PI
C1ORF112	1	GORILLA_BERINGEI	I	I
C1ORF112	1	GORILLA_GORILLA	I	I
C1ORF112	1	GORILLA_GORILLA_GORILLA	I	I
C1ORF112	1	HOOLOCK_LEUCONEDYS	I	I
C1ORF112	1	HYLOBATES_AGILIS	I	I
C1ORF112	1	HYLOBATES_MOLOCH	I	I
C1ORF112	1	HYLOBATES_PILEATUS	I	I
C1ORF112	1	INDRI_INDRI	I	I
C1ORF112	1	LAGOTHRIX_LAGOTRICHA	I	I
C1ORF112	1	LEMUR_CATTA	I	I
C1ORF112	1	LEONTOPITHECUS_CHRYSOMELAS	I	I
C1ORF112	1	LEONTOPITHECUS_ROSALIA	I	I
C1ORF112	1	LOPHOCEBUS_ATERRIMUS	I	I
C1ORF112	1	LORIS_TARDIGRADUS	I	I
C1ORF112	1	MACACA_ARCTOIDES	I	I
C1ORF112	1	MACACA_ASSAMENSIS	I	I
C1ORF112	1	MACACA_CYCLOPIS	I	I
C1ORF112	1	MACACA_FASCICULARIS	UL	I;UL
C1ORF112	1	MACACA_FUSCATA	I	I
C1ORF112	1	MACACA_LEONINA	I	I
C1ORF112	1	MACACA_MULATTA	I	I
C1ORF112	1	MACACA_NEMESTRINA	I	I
C1ORF112	1	MACACA_NIGRA	UL	UL
C1ORF112	1	MACACA_SILENUS	I	I
C1ORF112	1	MACACA_THIBETANA_THIBETANA	I	I
C1ORF112	1	MANDRILLUS_LEUCOPHAEUS	I	I
C1ORF112	1	MANDRILLUS_SPHINX	I	I
C1ORF112	1	MICROCEBUS_GRISEORUFUS	PI	PI
C1ORF112	1	MICROCEBUS_MITTERMEIERI	PI	PI
C1ORF112	1	MICROCEBUS_MURINUS	I	I
C1ORF112	1	MICROCEBUS_RAVELOBENSIS	I	I
C1ORF112	1	MICROCEBUS_SP._3_GT-2019	PI	PI
C1ORF112	1	MICROCEBUS_TAVARATRA	PI	PI
C1ORF112	1	MIRZA_COQUERELI	I	I
C1ORF112	1	MIRZA_ZAZA	I	I
C1ORF112	1	NASALIS_LARVATUS	I	I
C1ORF112	1	NOMASCUS_LEUCOGENYS	I	I
C1ORF112	1	NYCTICEBUS_BENGALENSIS	I	I
C1ORF112	1	NYCTICEBUS_COUCANG	I	I
C1ORF112	1	OTOLEMUR_CRASSICAUDATUS	I	I
C1ORF112	1	OTOLEMUR_GARNETTII	I	I
C1ORF112	1	PAN_PANISCUS	I	I
C1ORF112	1	PAN_TROGLODYTES	I	I
C1ORF112	1	PAPIO_ANUBIS	I	I
C1ORF112	1	PAPIO_HAMADRYAS	I	I
C1ORF112	1	PAPIO_PAPIO	I	I
C1ORF112	1	PILIOCOLOBUS_TEPHROSCELES	I	I
C1ORF112	1	PITHECIA_MITTERMEIERI	PI	PI
C1ORF112	1	PITHECIA_PITHECIA	PI	I;PI
C1ORF112	1	PITHECIA_VANZOLINII	PI	PI
C1ORF112	1	PLECTUROCEBUS_BERNHARDI	I	I
C1ORF112	1	PLECTUROCEBUS_BRUNNEUS	PI	PI
C1ORF112	1	PLECTUROCEBUS_CALIGATUS	PI	PI
C1ORF112	1	PLECTUROCEBUS_CINERASCENS	I	I
C1ORF112	1	PLECTUROCEBUS_CUPREUS	I	I
C1ORF112	1	PLECTUROCEBUS_DONACOPHILUS	I	I
C1ORF112	1	PLECTUROCEBUS_DUBIUS	I	I
C1ORF112	1	PLECTUROCEBUS_GROVESI	PI	PI
C1ORF112	1	PLECTUROCEBUS_HOFFMANNSI	I	I
C1ORF112	1	PLECTUROCEBUS_MILTONI	I	I
C1ORF112	1	PLECTUROCEBUS_MOLOCH	PI	PI
C1ORF112	1	PONGO_ABELII	I	I
C1ORF112	1	PONGO_PYGMAEUS	I	I
C1ORF112	1	PROLEMUR_SIMUS	I	I
C1ORF112	1	PROPITHECUS_COQUERELI	M	M
C1ORF112	1	PYGATHRIX_NEMAEUS	I	I
C1ORF112	1	PYGATHRIX_NIGRIPES	UL	UL
C1ORF112	1	RHINOPITHECUS_BIETI	I	I
C1ORF112	1	RHINOPITHECUS_ROXELLANA	I	I
C1ORF112	1	RHINOPITHECUS_STRYKERI	I	I
C1ORF112	1	SAGUINUS_IMPERATOR	I	I
C1ORF112	1	SAGUINUS_MIDAS	I	I
C1ORF112	1	SAGUINUS_OEDIPUS	I	I
C1ORF112	1	SAIMIRI_BOLIVIENSIS	I	I
C1ORF112	1	SAIMIRI_BOLIVIENSIS_BOLIVIENSIS	I	I
C1ORF112	1	SAPAJUS_APELLA	I	I
C1ORF112	1	SEMNOPITHECUS_ENTELLUS	I	I
C1ORF112	1	SYMPHALANGUS_SYNDACTYLUS	L	I;L
C1ORF112	1	THEROPITHECUS_GELADA	I	I
C1ORF112	1	TRACHYPITHECUS_FRANCOISI	I	I
C1ORF112	1	TRACHYPITHECUS_GERMAINI	I	I
C1ORF112	1	TRACHYPITHECUS_PHAYREI_CREPUSCULA	I	I
C1ORF112	1	VARECIA_VARIEGATA	I	I
CCNB1IP1	14	ALLENOPITHECUS_NIGROVIRIDIS	I	I
CCNB1IP1	14	ALLOCHROCEBUS_LHOESTI	I	I
CCNB1IP1	14	ALOUATTA_PALLIATA	I	I
CCNB1IP1	14	AOTUS_NANCYMAAE	I	I
CCNB1IP1	14	AOTUS_VOCIFERANS	I	I
CCNB1IP1	14	ATELES_BELZEBUTH	I	I
CCNB1IP1	14	ATELES_CHAMEK	I	I
CCNB1IP1	14	ATELES_GEOFFROYI	I	I
CCNB1IP1	14	ATELES_MARGINATUS	I	I
CCNB1IP1	14	ATELES_PANISCUS	I	I
CCNB1IP1	14	CACAJAO_AYRESI	I	I
CCNB1IP1	14	CACAJAO_CALVUS	I	I
CCNB1IP1	14	CACAJAO_HOSOMI	I	I
CCNB1IP1	14	CACAJAO_MELANOCEPHALUS	I	I
CCNB1IP1	14	CALLIMICO_GOELDII	I	I
CCNB1IP1	14	CALLITHRIX_JACCHUS	I	I
CCNB1IP1	14	CALLITHRIX_PENICILLATA	I	I
CCNB1IP1	14	CALLITHRIX_PYGMAEA	I	I
CCNB1IP1	14	CARLITO_SYRICHTA	I	I
CCNB1IP1	14	CEBUS_ALBIFRONS	I	I
CCNB1IP1	14	CEBUS_CAPUCINUS_IMITATOR	I	I
CCNB1IP1	14	CEPHALOPACHUS_BANCANUS	I	I
CCNB1IP1	14	CERCOCEBUS_ATYS	I	I
CCNB1IP1	14	CERCOPITHECUS_ALBOGULARIS	UL	UL
CCNB1IP1	14	CERCOPITHECUS_MONA	I	I
CCNB1IP1	14	CERCOPITHECUS_NEGLECTUS	I	I
CCNB1IP1	14	CHEIROGALEUS_MEDIUS	I	I
CCNB1IP1	14	CHERACEBUS_LUCIFER	I	I
CCNB1IP1	14	CHERACEBUS_LUGENS	I	I
CCNB1IP1	14	CHERACEBUS_REGULUS	I	I
CCNB1IP1	14	CHERACEBUS_TORQUATUS	I	I
CCNB1IP1	14	CHIROPOTES_ISRAELITA	I	I
CCNB1IP1	14	CHIROPOTES_SAGULATUS	I	I
CCNB1IP1	14	CHLOROCEBUS_AETHIOPS	I	I
CCNB1IP1	14	CHLOROCEBUS_SABAEUS	I	I
CCNB1IP1	14	COLOBUS_ANGOLENSIS_PALLIATUS	I	I
CCNB1IP1	14	COLOBUS_GUEREZA	I	I
CCNB1IP1	14	DAUBENTONIA_MADAGASCARIENSIS	I	I
CCNB1IP1	14	ERYTHROCEBUS_PATAS	I	I
CCNB1IP1	14	EULEMUR_FLAVIFRONS	I	I
CCNB1IP1	14	EULEMUR_FULVUS	I	I
CCNB1IP1	14	EULEMUR_FULVUS_COLLARIS	I	I
CCNB1IP1	14	EULEMUR_MACACO	I	I
CCNB1IP1	14	EULEMUR_MONGOZ	I	I
CCNB1IP1	14	GALAGO_MOHOLI	I	I
CCNB1IP1	14	GALAGO_SENEGALENSIS	I	I
CCNB1IP1	14	GORILLA_BERINGEI	I	I
CCNB1IP1	14	GORILLA_GORILLA	I	I
CCNB1IP1	14	GORILLA_GORILLA_GORILLA	I	I
CCNB1IP1	14	HOOLOCK_LEUCONEDYS	I	I
CCNB1IP1	14	HYLOBATES_AGILIS	I	I
CCNB1IP1	14	HYLOBATES_MOLOCH	I	I
CCNB1IP1	14	HYLOBATES_PILEATUS	I	I
CCNB1IP1	14	INDRI_INDRI	I	I
CCNB1IP1	14	LAGOTHRIX_LAGOTRICHA	I	I
CCNB1IP1	14	LEMUR_CATTA	I	I
CCNB1IP1	14	LEONTOPITHECUS_CHRYSOMELAS	I	I
CCNB1IP1	14	LEONTOPITHECUS_ROSALIA	I	I
CCNB1IP1	14	LOPHOCEBUS_ATERRIMUS	I	I
CCNB1IP1	14	LORIS_TARDIGRADUS	I	I
CCNB1IP1	14	MACACA_ARCTOIDES	I	I
CCNB1IP1	14	MACACA_ASSAMENSIS	I	I
CCNB1IP1	14	MACACA_CYCLOPIS	I	I
CCNB1IP1	14	MACACA_FASCICULARIS	I	I
CCNB1IP1	14	MACACA_FUSCATA	I	I
CCNB1IP1	14	MACACA_LEONINA	I	I
CCNB1IP1	14	MACACA_MULATTA	I	I
CCNB1IP1	14	MACACA_NEMESTRINA	I	I
CCNB1IP1	14	MACACA_NIGRA	I	I
CCNB1IP1	14	MACACA_SILENUS	I	I
CCNB1IP1	14	MACACA_THIBETANA_THIBETANA	I	I
CCNB1IP1	14	MANDRILLUS_LEUCOPHAEUS	I	I
CCNB1IP1	14	MANDRILLUS_SPHINX	I	I
CCNB1IP1	14	MICROCEBUS_GRISEORUFUS	I	I
CCNB1IP1	14	MICROCEBUS_MITTERMEIERI	PI	PI
CCNB1IP1	14	MICROCEBUS_MURINUS	I	I
CCNB1IP1	14	MICROCEBUS_RAVELOBENSIS	PI	PI
CCNB1IP1	14	MICROCEBUS_SP._3_GT-2019	PI	PI
CCNB1IP1	14	MICROCEBUS_TAVARATRA	PI	PI
CCNB1IP1	14	MIRZA_COQUERELI	I	I
CCNB1IP1	14	MIRZA_ZAZA	PI	PI
CCNB1IP1	14	NASALIS_LARVATUS	I	I
CCNB1IP1	14	NOMASCUS_LEUCOGENYS	I	I
CCNB1IP1	14	NYCTICEBUS_BENGALENSIS	I	I
CCNB1IP1	14	NYCTICEBUS_COUCANG	PM	I;PM
CCNB1IP1	14	OTOLEMUR_CRASSICAUDATUS	I	I
CCNB1IP1	14	OTOLEMUR_GARNETTII	I	I
CCNB1IP1	14	PAN_PANISCUS	I	I
CCNB1IP1	14	PAN_TROGLODYTES	I	I
CCNB1IP1	14	PAPIO_ANUBIS	I	I
CCNB1IP1	14	PAPIO_HAMADRYAS	I	I
CCNB1IP1	14	PAPIO_PAPIO	I	I
CCNB1IP1	14	PILIOCOLOBUS_TEPHROSCELES	I	I
CCNB1IP1	14	PITHECIA_MITTERMEIERI	I	I
CCNB1IP1	14	PITHECIA_PITHECIA	I	I
CCNB1IP1	14	PITHECIA_VANZOLINII	I	I
CCNB1IP1	14	PLECTUROCEBUS_BERNHARDI	I	I
CCNB1IP1	14	PLECTUROCEBUS_BRUNNEUS	I	I
CCNB1IP1	14	PLECTUROCEBUS_CALIGATUS	I	I
CCNB1IP1	14	PLECTUROCEBUS_CINERASCENS	I	I
CCNB1IP1	14	PLECTUROCEBUS_CUPREUS	I	I
CCNB1IP1	14	PLECTUROCEBUS_DONACOPHILUS	I	I
CCNB1IP1	14	PLECTUROCEBUS_DUBIUS	I	I
CCNB1IP1	14	PLECTUROCEBUS_GROVESI	I	I
CCNB1IP1	14	PLECTUROCEBUS_HOFFMANNSI	I	I
CCNB1IP1	14	PLECTUROCEBUS_MILTONI	I	I
CCNB1IP1	14	PLECTUROCEBUS_MOLOCH	I	I
CCNB1IP1	14	PONGO_ABELII	I	I
CCNB1IP1	14	PONGO_PYGMAEUS	I	I
CCNB1IP1	14	PROLEMUR_SIMUS	I	I
CCNB1IP1	14	PROPITHECUS_COQUERELI	I	I
CCNB1IP1	14	PYGATHRIX_NEMAEUS	I	I
CCNB1IP1	14	PYGATHRIX_NIGRIPES	I	I
CCNB1IP1	14	RHINOPITHECUS_BIETI	I	I
CCNB1IP1	14	RHINOPITHECUS_ROXELLANA	I	I
CCNB1IP1	14	RHINOPITHECUS_STRYKERI	I	I
CCNB1IP1	14	SAGUINUS_IMPERATOR	I	I
CCNB1IP1	14	SAGUINUS_MIDAS	I	I
CCNB1IP1	14	SAGUINUS_OEDIPUS	I	I
CCNB1IP1	14	SAIMIRI_BOLIVIENSIS	UL	UL
CCNB1IP1	14	SAIMIRI_BOLIVIENSIS_BOLIVIENSIS	I	I
CCNB1IP1	14	SAIMIRI_SCIUREUS	PI	PI
CCNB1IP1	14	SAPAJUS_APELLA	I	I
CCNB1IP1	14	SEMNOPITHECUS_ENTELLUS	I	I
CCNB1IP1	14	SYMPHALANGUS_SYNDACTYLUS	I	I
CCNB1IP1	14	THEROPITHECUS_GELADA	I	I
CCNB1IP1	14	TRACHYPITHECUS_FRANCOISI	I	I
CCNB1IP1	14	TRACHYPITHECUS_GERMAINI	I	I
CCNB1IP1	14	TRACHYPITHECUS_PHAYREI_CREPUSCULA	I	I
CCNB1IP1	14	VARECIA_VARIEGATA	PI	PI
CDK2	12	ALLENOPITHECUS_NIGROVIRIDIS	I	I
CDK2	12	ALLOCHROCEBUS_LHOESTI	I	I
CDK2	12	ALOUATTA_PALLIATA	I	I
CDK2	12	AOTUS_NANCYMAAE	I	I
CDK2	12	AOTUS_VOCIFERANS	I	I
CDK2	12	ATELES_BELZEBUTH	I	I
CDK2	12	ATELES_CHAMEK	I	I
CDK2	12	ATELES_GEOFFROYI	I	I
CDK2	12	ATELES_MARGINATUS	I	I
CDK2	12	ATELES_PANISCUS	I	I
CDK2	12	CACAJAO_AYRESI	I	I
CDK2	12	CACAJAO_CALVUS	I	I
CDK2	12	CACAJAO_HOSOMI	I	I
CDK2	12	CACAJAO_MELANOCEPHALUS	I	I
CDK2	12	CALLIMICO_GOELDII	I	I
CDK2	12	CALLITHRIX_JACCHUS	I	I
CDK2	12	CALLITHRIX_PENICILLATA	I	I
CDK2	12	CALLITHRIX_PYGMAEA	I	I
CDK2	12	CARLITO_SYRICHTA	I	I
CDK2	12	CEBUS_ALBIFRONS	I	I
CDK2	12	CEBUS_CAPUCINUS_IMITATOR	I	I
CDK2	12	CEPHALOPACHUS_BANCANUS	I	I
CDK2	12	CERCOCEBUS_ATYS	I	I
CDK2	12	CERCOPITHECUS_ALBOGULARIS	I	I
CDK2	12	CERCOPITHECUS_MONA	I	I
CDK2	12	CERCOPITHECUS_NEGLECTUS	I	I
CDK2	12	CHEIROGALEUS_MEDIUS	I	I
CDK2	12	CHERACEBUS_LUCIFER	I	I
CDK2	12	CHERACEBUS_LUGENS	I	I
CDK2	12	CHERACEBUS_REGULUS	I	I
CDK2	12	CHERACEBUS_TORQUATUS	I	I
CDK2	12	CHIROPOTES_ISRAELITA	PI	PI
CDK2	12	CHIROPOTES_SAGULATUS	I	I
CDK2	12	CHLOROCEBUS_AETHIOPS	I	I
CDK2	12	CHLOROCEBUS_SABAEUS	I	I
CDK2	12	COLOBUS_ANGOLENSIS_PALLIATUS	I	I
CDK2	12	COLOBUS_GUEREZA	I	I
CDK2	12	DAUBENTONIA_MADAGASCARIENSIS	I	I
CDK2	12	ERYTHROCEBUS_PATAS	I	I
CDK2	12	EULEMUR_FLAVIFRONS	I	I
CDK2	12	EULEMUR_FULVUS	I	I
CDK2	12	EULEMUR_FULVUS_COLLARIS	I	I
CDK2	12	EULEMUR_MACACO	I	I
CDK2	12	EULEMUR_MONGOZ	I	I
CDK2	12	GALAGO_MOHOLI	I	I
CDK2	12	GALAGO_SENEGALENSIS	I	I
CDK2	12	GORILLA_BERINGEI	I	I
CDK2	12	GORILLA_GORILLA	I	I
CDK2	12	GORILLA_GORILLA_GORILLA	I	I
CDK2	12	HOOLOCK_LEUCONEDYS	UL	I;UL
CDK2	12	HYLOBATES_AGILIS	I	I
CDK2	12	HYLOBATES_MOLOCH	I	I
CDK2	12	HYLOBATES_PILEATUS	I	I
CDK2	12	INDRI_INDRI	I	I
CDK2	12	LAGOTHRIX_LAGOTRICHA	I	I
CDK2	12	LEMUR_CATTA	I	I
CDK2	12	LEONTOPITHECUS_CHRYSOMELAS	I	I
CDK2	12	LEONTOPITHECUS_ROSALIA	I	I
CDK2	12	LOPHOCEBUS_ATERRIMUS	I	I
CDK2	12	LORIS_TARDIGRADUS	I	I
CDK2	12	MACACA_ARCTOIDES	I	I
CDK2	12	MACACA_ASSAMENSIS	I	I
CDK2	12	MACACA_CYCLOPIS	I	I
CDK2	12	MACACA_FASCICULARIS	I	I
CDK2	12	MACACA_FUSCATA	I	I
CDK2	12	MACACA_LEONINA	I	I
CDK2	12	MACACA_MULATTA	I	I
CDK2	12	MACACA_NEMESTRINA	I	I
CDK2	12	MACACA_NIGRA	I	I
CDK2	12	MACACA_SILENUS	I	I
CDK2	12	MACACA_THIBETANA_THIBETANA	I	I
CDK2	12	MANDRILLUS_LEUCOPHAEUS	I	I
CDK2	12	MANDRILLUS_SPHINX	I	I
CDK2	12	MICROCEBUS_GRISEORUFUS	PI	PI
CDK2	12	MICROCEBUS_MITTERMEIERI	I	I
CDK2	12	MICROCEBUS_MURINUS	I	I
CDK2	12	MICROCEBUS_RAVELOBENSIS	I	I
CDK2	12	MICROCEBUS_SP._3_GT-2019	I	I
CDK2	12	MICROCEBUS_TAVARATRA	PI	PI
CDK2	12	MIRZA_COQUERELI	I	I
CDK2	12	MIRZA_ZAZA	I	I
CDK2	12	NASALIS_LARVATUS	I	I
CDK2	12	NOMASCUS_LEUCOGENYS	I	I
CDK2	12	NYCTICEBUS_BENGALENSIS	I	I
CDK2	12	NYCTICEBUS_COUCANG	I	I
CDK2	12	OTOLEMUR_CRASSICAUDATUS	I	I
CDK2	12	OTOLEMUR_GARNETTII	I	I
CDK2	12	PAN_PANISCUS	I	I
CDK2	12	PAN_TROGLODYTES	I	I
CDK2	12	PAPIO_ANUBIS	I	I
CDK2	12	PAPIO_HAMADRYAS	I	I
CDK2	12	PAPIO_PAPIO	I	I
CDK2	12	PILIOCOLOBUS_TEPHROSCELES	I	I
CDK2	12	PITHECIA_MITTERMEIERI	I	I
CDK2	12	PITHECIA_PITHECIA	I	I
CDK2	12	PITHECIA_VANZOLINII	I	I
CDK2	12	PLECTUROCEBUS_BERNHARDI	I	I
CDK2	12	PLECTUROCEBUS_BRUNNEUS	I	I
CDK2	12	PLECTUROCEBUS_CALIGATUS	I	I
CDK2	12	PLECTUROCEBUS_CINERASCENS	I	I
CDK2	12	PLECTUROCEBUS_CUPREUS	I	I
CDK2	12	PLECTUROCEBUS_DONACOPHILUS	I	I
CDK2	12	PLECTUROCEBUS_DUBIUS	I	I
CDK2	12	PLECTUROCEBUS_GROVESI	I	I
CDK2	12	PLECTUROCEBUS_HOFFMANNSI	I	I
CDK2	12	PLECTUROCEBUS_MILTONI	I	I
CDK2	12	PLECTUROCEBUS_MOLOCH	I	I
CDK2	12	PONGO_ABELII	I	I
CDK2	12	PONGO_PYGMAEUS	I	I
CDK2	12	PROLEMUR_SIMUS	I	I
CDK2	12	PROPITHECUS_COQUERELI	I	I
CDK2	12	PYGATHRIX_NEMAEUS	I	I
CDK2	12	PYGATHRIX_NIGRIPES	I	I
CDK2	12	RHINOPITHECUS_BIETI	I	I
CDK2	12	RHINOPITHECUS_ROXELLANA	I	I
CDK2	12	RHINOPITHECUS_STRYKERI	I	I
CDK2	12	SAGUINUS_IMPERATOR	I	I
CDK2	12	SAGUINUS_MIDAS	I	I
CDK2	12	SAGUINUS_OEDIPUS	I	I
CDK2	12	SAIMIRI_BOLIVIENSIS	I	I
CDK2	12	SAIMIRI_BOLIVIENSIS_BOLIVIENSIS	I	I
CDK2	12	SAPAJUS_APELLA	I	I
CDK2	12	SEMNOPITHECUS_ENTELLUS	I	I
CDK2	12	SYMPHALANGUS_SYNDACTYLUS	I	I
CDK2	12	THEROPITHECUS_GELADA	I	I
CDK2	12	TRACHYPITHECUS_FRANCOISI	I	I
CDK2	12	TRACHYPITHECUS_GERMAINI	I	I
CDK2	12	TRACHYPITHECUS_PHAYREI_CREPUSCULA	I	I
CDK2	12	VARECIA_VARIEGATA	I	I
CHTF18	16	ALLENOPITHECUS_NIGROVIRIDIS	I	I
CHTF18	16	ALLOCHROCEBUS_LHOESTI	I	I
CHTF18	16	ALOUATTA_PALLIATA	I	I
CHTF18	16	AOTUS_NANCYMAAE	I	I
CHTF18	16	AOTUS_VOCIFERANS	I	I
CHTF18	16	ATELES_BELZEBUTH	I	I
CHTF18	16	ATELES_CHAMEK	I	I
CHTF18	16	ATELES_GEOFFROYI	I	I
CHTF18	16	ATELES_MARGINATUS	I	I
CHTF18	16	ATELES_PANISCUS	I	I
CHTF18	16	CACAJAO_AYRESI	I	I
CHTF18	16	CACAJAO_CALVUS	I	I
CHTF18	16	CACAJAO_HOSOMI	PI	PI
CHTF18	16	CALLIMICO_GOELDII	I	I
CHTF18	16	CALLITHRIX_JACCHUS	I	I
CHTF18	16	CALLITHRIX_PENICILLATA	M	M
CHTF18	16	CALLITHRIX_PYGMAEA	I	I
CHTF18	16	CARLITO_SYRICHTA	I	I
CHTF18	16	CEBUS_ALBIFRONS	PI	I;PI
CHTF18	16	CEBUS_CAPUCINUS_IMITATOR	I	I
CHTF18	16	CEPHALOPACHUS_BANCANUS	I	I
CHTF18	16	CERCOCEBUS_ATYS	I	I
CHTF18	16	CERCOPITHECUS_ALBOGULARIS	I	I
CHTF18	16	CERCOPITHECUS_MONA	I	I
CHTF18	16	CERCOPITHECUS_NEGLECTUS	I	I
CHTF18	16	CHEIROGALEUS_MEDIUS	PI	PI
CHTF18	16	CHERACEBUS_LUCIFER	I	I
CHTF18	16	CHERACEBUS_LUGENS	I	I
CHTF18	16	CHERACEBUS_REGULUS	PI	PI
CHTF18	16	CHERACEBUS_TORQUATUS	I	I
CHTF18	16	CHIROPOTES_ISRAELITA	I	I
CHTF18	16	CHIROPOTES_SAGULATUS	I	I
CHTF18	16	CHLOROCEBUS_AETHIOPS	I	I
CHTF18	16	CHLOROCEBUS_SABAEUS	I	I
CHTF18	16	COLOBUS_ANGOLENSIS_PALLIATUS	PI	PI
CHTF18	16	COLOBUS_GUEREZA	I	I
CHTF18	16	DAUBENTONIA_MADAGASCARIENSIS	I	I
CHTF18	16	ERYTHROCEBUS_PATAS	PI	I;PI
CHTF18	16	EULEMUR_FLAVIFRONS	PI	PI
CHTF18	16	EULEMUR_FULVUS	I	I
CHTF18	16	EULEMUR_FULVUS_COLLARIS	I	I
CHTF18	16	EULEMUR_MACACO	UL	UL
CHTF18	16	EULEMUR_MONGOZ	PI	PI
CHTF18	16	GALAGO_MOHOLI	I	I
CHTF18	16	GALAGO_SENEGALENSIS	I	I
CHTF18	16	GORILLA_BERINGEI	PI	PI
CHTF18	16	GORILLA_GORILLA	I	I
CHTF18	16	GORILLA_GORILLA_GORILLA	UL	UL
CHTF18	16	HOOLOCK_LEUCONEDYS	UL	I;UL
CHTF18	16	HYLOBATES_AGILIS	I	I
CHTF18	16	HYLOBATES_MOLOCH	I	I
CHTF18	16	HYLOBATES_PILEATUS	I	I
CHTF18	16	INDRI_INDRI	I	I
CHTF18	16	LAGOTHRIX_LAGOTRICHA	I	I
CHTF18	16	LEMUR_CATTA	PI	I;PI
CHTF18	16	LEONTOPITHECUS_CHRYSOMELAS	PI	PI
CHTF18	16	LEONTOPITHECUS_ROSALIA	I	I
CHTF18	16	LOPHOCEBUS_ATERRIMUS	I	I
CHTF18	16	LORIS_TARDIGRADUS	I	I
CHTF18	16	MACACA_ARCTOIDES	I	I
CHTF18	16	MACACA_ASSAMENSIS	UL	I;UL
CHTF18	16	MACACA_CYCLOPIS	I	I
CHTF18	16	MACACA_FASCICULARIS	UL	I;UL
CHTF18	16	MACACA_FUSCATA	I	I
CHTF18	16	MACACA_LEONINA	I	I
CHTF18	16	MACACA_MULATTA	I	I
CHTF18	16	MACACA_NEMESTRINA	UL	UL
CHTF18	16	MACACA_NIGRA	UL	UL
CHTF18	16	MACACA_SILENUS	I	I
CHTF18	16	MACACA_THIBETANA_THIBETANA	I	I
CHTF18	16	MANDRILLUS_LEUCOPHAEUS	I	I
CHTF18	16	MANDRILLUS_SPHINX	UL	I;UL
CHTF18	16	MICROCEBUS_GRISEORUFUS	UL	UL
CHTF18	16	MICROCEBUS_MITTERMEIERI	L	L
CHTF18	16	MICROCEBUS_MURINUS	I	I
CHTF18	16	MICROCEBUS_RAVELOBENSIS	PI	PI
CHTF18	16	MICROCEBUS_SP._3_GT-2019	PI	PI
CHTF18	16	MICROCEBUS_TAVARATRA	I	I
CHTF18	16	MIRZA_COQUERELI	I	I
CHTF18	16	MIRZA_ZAZA	I	I
CHTF18	16	NASALIS_LARVATUS	UL	UL
CHTF18	16	NOMASCUS_LEUCOGENYS	UL	UL
CHTF18	16	NYCTICEBUS_BENGALENSIS	I	I
CHTF18	16	NYCTICEBUS_COUCANG	I	I
CHTF18	16	OTOLEMUR_CRASSICAUDATUS	I	I
CHTF18	16	OTOLEMUR_GARNETTII	I	I
CHTF18	16	PAN_PANISCUS	I	I
CHTF18	16	PAN_TROGLODYTES	I	I
CHTF18	16	PAPIO_ANUBIS	M	M
CHTF18	16	PAPIO_HAMADRYAS	UL	I;UL
CHTF18	16	PAPIO_PAPIO	I	I
CHTF18	16	PILIOCOLOBUS_TEPHROSCELES	I	I
CHTF18	16	PITHECIA_MITTERMEIERI	I	I
CHTF18	16	PITHECIA_PITHECIA	L	I;L
CHTF18	16	PITHECIA_VANZOLINII	I	I
CHTF18	16	PLECTUROCEBUS_BERNHARDI	I	I
CHTF18	16	PLECTUROCEBUS_CINERASCENS	PI	PI
CHTF18	16	PLECTUROCEBUS_CUPREUS	I	I
CHTF18	16	PLECTUROCEBUS_DONACOPHILUS	PI	PI
CHTF18	16	PLECTUROCEBUS_DUBIUS	I	I
CHTF18	16	PLECTUROCEBUS_GROVESI	PI	PI
CHTF18	16	PLECTUROCEBUS_HOFFMANNSI	I	I
CHTF18	16	PLECTUROCEBUS_MILTONI	PM	PM
CHTF18	16	PLECTUROCEBUS_MOLOCH	I	I
CHTF18	16	PONGO_ABELII	I	I
CHTF18	16	PONGO_PYGMAEUS	UL	I;UL
CHTF18	16	PROLEMUR_SIMUS	I	I
CHTF18	16	PROPITHECUS_COQUERELI	I	I
CHTF18	16	PYGATHRIX_NEMAEUS	I	I
CHTF18	16	PYGATHRIX_NIGRIPES	L	L
CHTF18	16	RHINOPITHECUS_BIETI	I	I
CHTF18	16	RHINOPITHECUS_ROXELLANA	I	I
CHTF18	16	RHINOPITHECUS_STRYKERI	UL	UL
CHTF18	16	SAGUINUS_IMPERATOR	I	I
CHTF18	16	SAGUINUS_MIDAS	I	I
CHTF18	16	SAGUINUS_OEDIPUS	I	I
CHTF18	16	SAIMIRI_BOLIVIENSIS	PI	PI
CHTF18	16	SAIMIRI_BOLIVIENSIS_BOLIVIENSIS	I	I
CHTF18	16	SAIMIRI_SCIUREUS	I	I
CHTF18	16	SAPAJUS_APELLA	I	I
CHTF18	16	SEMNOPITHECUS_ENTELLUS	I	I
CHTF18	16	SYMPHALANGUS_SYNDACTYLUS	I	I
CHTF18	16	THEROPITHECUS_GELADA	I	I
CHTF18	16	TRACHYPITHECUS_FRANCOISI	UL	UL
CHTF18	16	TRACHYPITHECUS_GERMAINI	I	I
CHTF18	16	TRACHYPITHECUS_PHAYREI_CREPUSCULA	UL	UL
CHTF18	16	VARECIA_VARIEGATA	PI	PI
CNTD1	17	ALLENOPITHECUS_NIGROVIRIDIS	I	I
CNTD1	17	ALLOCHROCEBUS_LHOESTI	I	I
CNTD1	17	ALOUATTA_PALLIATA	I	I
CNTD1	17	AOTUS_NANCYMAAE	I	I
CNTD1	17	AOTUS_VOCIFERANS	I	I
CNTD1	17	ATELES_BELZEBUTH	I	I
CNTD1	17	ATELES_CHAMEK	I	I
CNTD1	17	ATELES_GEOFFROYI	I	I
CNTD1	17	ATELES_MARGINATUS	PI	PI
CNTD1	17	ATELES_PANISCUS	I	I
CNTD1	17	CACAJAO_AYRESI	I	I
CNTD1	17	CACAJAO_CALVUS	I	I
CNTD1	17	CACAJAO_HOSOMI	I	I
CNTD1	17	CACAJAO_MELANOCEPHALUS	I	I
CNTD1	17	CALLIMICO_GOELDII	I	I
CNTD1	17	CALLITHRIX_JACCHUS	I	I
CNTD1	17	CALLITHRIX_PENICILLATA	I	I
CNTD1	17	CALLITHRIX_PYGMAEA	I	I
CNTD1	17	CARLITO_SYRICHTA	I	I
CNTD1	17	CEBUS_ALBIFRONS	PI	I;PI
CNTD1	17	CEBUS_CAPUCINUS_IMITATOR	I	I
CNTD1	17	CEPHALOPACHUS_BANCANUS	I	I
CNTD1	17	CERCOCEBUS_ATYS	I	I
CNTD1	17	CERCOPITHECUS_ALBOGULARIS	I	I
CNTD1	17	CERCOPITHECUS_MONA	I	I
CNTD1	17	CERCOPITHECUS_NEGLECTUS	I	I
CNTD1	17	CHEIROGALEUS_MEDIUS	I	I
CNTD1	17	CHERACEBUS_LUCIFER	I	I
CNTD1	17	CHERACEBUS_LUGENS	I	I
CNTD1	17	CHERACEBUS_REGULUS	I	I
CNTD1	17	CHERACEBUS_TORQUATUS	I	I
CNTD1	17	CHIROPOTES_ISRAELITA	I	I
CNTD1	17	CHIROPOTES_SAGULATUS	I	I
CNTD1	17	CHLOROCEBUS_AETHIOPS	I	I
CNTD1	17	CHLOROCEBUS_SABAEUS	I	I
CNTD1	17	COLOBUS_ANGOLENSIS_PALLIATUS	PI	PI
CNTD1	17	COLOBUS_GUEREZA	I	I
CNTD1	17	DAUBENTONIA_MADAGASCARIENSIS	I	I
CNTD1	17	ERYTHROCEBUS_PATAS	I	I
CNTD1	17	EULEMUR_FLAVIFRONS	I	I
CNTD1	17	EULEMUR_FULVUS	I	I
CNTD1	17	EULEMUR_FULVUS_COLLARIS	I	I
CNTD1	17	EULEMUR_MACACO	I	I
CNTD1	17	EULEMUR_MONGOZ	I	I
CNTD1	17	GALAGO_MOHOLI	I	I
CNTD1	17	GALAGO_SENEGALENSIS	I	I
CNTD1	17	GORILLA_GORILLA	I	I
CNTD1	17	GORILLA_GORILLA_GORILLA	I	I
CNTD1	17	HOOLOCK_LEUCONEDYS	I	I
CNTD1	17	HYLOBATES_AGILIS	I	I
CNTD1	17	HYLOBATES_MOLOCH	I	I
CNTD1	17	HYLOBATES_PILEATUS	I	I
CNTD1	17	INDRI_INDRI	I	I
CNTD1	17	LAGOTHRIX_LAGOTRICHA	I	I
CNTD1	17	LEMUR_CATTA	I	I
CNTD1	17	LEONTOPITHECUS_CHRYSOMELAS	I	I
CNTD1	17	LEONTOPITHECUS_ROSALIA	I	I
CNTD1	17	LOPHOCEBUS_ATERRIMUS	I	I
CNTD1	17	LORIS_TARDIGRADUS	I	I
CNTD1	17	MACACA_ARCTOIDES	I	I
CNTD1	17	MACACA_ASSAMENSIS	I	I
CNTD1	17	MACACA_CYCLOPIS	I	I
CNTD1	17	MACACA_FASCICULARIS	I	I
CNTD1	17	MACACA_FUSCATA	I	I
CNTD1	17	MACACA_LEONINA	I	I
CNTD1	17	MACACA_MULATTA	I	I
CNTD1	17	MACACA_NEMESTRINA	I	I
CNTD1	17	MACACA_NIGRA	I	I
CNTD1	17	MACACA_SILENUS	I	I
CNTD1	17	MACACA_THIBETANA_THIBETANA	I	I
CNTD1	17	MANDRILLUS_LEUCOPHAEUS	I	I
CNTD1	17	MANDRILLUS_SPHINX	I	I
CNTD1	17	MICROCEBUS_GRISEORUFUS	I	I
CNTD1	17	MICROCEBUS_MITTERMEIERI	I	I
CNTD1	17	MICROCEBUS_MURINUS	I	I
CNTD1	17	MICROCEBUS_RAVELOBENSIS	I	I
CNTD1	17	MICROCEBUS_SP._3_GT-2019	I	I
CNTD1	17	MICROCEBUS_TAVARATRA	I	I
CNTD1	17	MIRZA_COQUERELI	UL	UL
CNTD1	17	MIRZA_ZAZA	PI	PI
CNTD1	17	NASALIS_LARVATUS	PI	PI
CNTD1	17	NOMASCUS_LEUCOGENYS	I	I
CNTD1	17	NYCTICEBUS_BENGALENSIS	I	I
CNTD1	17	NYCTICEBUS_COUCANG	I	I
CNTD1	17	OTOLEMUR_CRASSICAUDATUS	I	I
CNTD1	17	OTOLEMUR_GARNETTII	I	I
CNTD1	17	PAN_PANISCUS	I	I
CNTD1	17	PAN_TROGLODYTES	I	I
CNTD1	17	PAPIO_ANUBIS	I	I
CNTD1	17	PAPIO_HAMADRYAS	I	I
CNTD1	17	PAPIO_PAPIO	I	I
CNTD1	17	PILIOCOLOBUS_TEPHROSCELES	I	I
CNTD1	17	PITHECIA_MITTERMEIERI	I	I
CNTD1	17	PITHECIA_PITHECIA	I	I
CNTD1	17	PITHECIA_VANZOLINII	I	I
CNTD1	17	PLECTUROCEBUS_BERNHARDI	I	I
CNTD1	17	PLECTUROCEBUS_BRUNNEUS	I	I
CNTD1	17	PLECTUROCEBUS_CALIGATUS	I	I
CNTD1	17	PLECTUROCEBUS_CINERASCENS	I	I
CNTD1	17	PLECTUROCEBUS_CUPREUS	I	I
CNTD1	17	PLECTUROCEBUS_DONACOPHILUS	I	I
CNTD1	17	PLECTUROCEBUS_DUBIUS	I	I
CNTD1	17	PLECTUROCEBUS_GROVESI	I	I
CNTD1	17	PLECTUROCEBUS_HOFFMANNSI	I	I
CNTD1	17	PLECTUROCEBUS_MILTONI	I	I
CNTD1	17	PLECTUROCEBUS_MOLOCH	I	I
CNTD1	17	PONGO_ABELII	I	I
CNTD1	17	PONGO_PYGMAEUS	I	I
CNTD1	17	PROLEMUR_SIMUS	I	I
CNTD1	17	PROPITHECUS_COQUERELI	I	I
CNTD1	17	PYGATHRIX_NEMAEUS	I	I
CNTD1	17	PYGATHRIX_NIGRIPES	I	I
CNTD1	17	RHINOPITHECUS_BIETI	I	I
CNTD1	17	RHINOPITHECUS_ROXELLANA	I	I
CNTD1	17	RHINOPITHECUS_STRYKERI	I	I
CNTD1	17	SAGUINUS_IMPERATOR	I	I
CNTD1	17	SAGUINUS_MIDAS	I	I
CNTD1	17	SAGUINUS_OEDIPUS	I	I
CNTD1	17	SAIMIRI_BOLIVIENSIS	I	I
CNTD1	17	SAIMIRI_BOLIVIENSIS_BOLIVIENSIS	I	I
CNTD1	17	SAIMIRI_SCIUREUS	I	I
CNTD1	17	SAPAJUS_APELLA	I	I
CNTD1	17	SEMNOPITHECUS_ENTELLUS	I	I
CNTD1	17	SYMPHALANGUS_SYNDACTYLUS	I	I
CNTD1	17	THEROPITHECUS_GELADA	I	I
CNTD1	17	TRACHYPITHECUS_FRANCOISI	I	I
CNTD1	17	TRACHYPITHECUS_GERMAINI	I	I
CNTD1	17	TRACHYPITHECUS_PHAYREI_CREPUSCULA	I	I
CNTD1	17	VARECIA_VARIEGATA	I	I
CUL4A	13	ALLENOPITHECUS_NIGROVIRIDIS	PI	PI
CUL4A	13	ALLOCHROCEBUS_LHOESTI	I	I
CUL4A	13	ALOUATTA_PALLIATA	PI	PI
CUL4A	13	AOTUS_NANCYMAAE	UL	UL
CUL4A	13	AOTUS_VOCIFERANS	I	I
CUL4A	13	ATELES_BELZEBUTH	I	I
CUL4A	13	ATELES_CHAMEK	PI	PI
CUL4A	13	ATELES_GEOFFROYI	I	I
CUL4A	13	ATELES_MARGINATUS	I	I
CUL4A	13	ATELES_PANISCUS	I	I
CUL4A	13	CACAJAO_AYRESI	I	I
CUL4A	13	CACAJAO_CALVUS	I	I
CUL4A	13	CACAJAO_HOSOMI	I	I
CUL4A	13	CACAJAO_MELANOCEPHALUS	I	I
CUL4A	13	CALLIMICO_GOELDII	PI	PI
CUL4A	13	CALLITHRIX_JACCHUS	I	I
CUL4A	13	CALLITHRIX_PENICILLATA	I	I
CUL4A	13	CALLITHRIX_PYGMAEA	I	I
CUL4A	13	CARLITO_SYRICHTA	I	I
CUL4A	13	CEBUS_ALBIFRONS	PI	I;PI
CUL4A	13	CEBUS_CAPUCINUS_IMITATOR	PI	PI
CUL4A	13	CEPHALOPACHUS_BANCANUS	I	I
CUL4A	13	CERCOCEBUS_ATYS	I	I
CUL4A	13	CERCOPITHECUS_ALBOGULARIS	I	I
CUL4A	13	CERCOPITHECUS_MONA	I	I
CUL4A	13	CERCOPITHECUS_NEGLECTUS	PM	PM
CUL4A	13	CHEIROGALEUS_MEDIUS	PI	PI
CUL4A	13	CHERACEBUS_LUCIFER	I	I
CUL4A	13	CHERACEBUS_LUGENS	I	I
CUL4A	13	CHERACEBUS_REGULUS	I	I
CUL4A	13	CHERACEBUS_TORQUATUS	I	I
CUL4A	13	CHIROPOTES_ISRAELITA	I	I
CUL4A	13	CHIROPOTES_SAGULATUS	I	I
CUL4A	13	CHLOROCEBUS_AETHIOPS	I	I
CUL4A	13	CHLOROCEBUS_SABAEUS	I	I
CUL4A	13	COLOBUS_ANGOLENSIS_PALLIATUS	I	I
CUL4A	13	COLOBUS_GUEREZA	I	I
CUL4A	13	DAUBENTONIA_MADAGASCARIENSIS	I	I
CUL4A	13	ERYTHROCEBUS_PATAS	I	I
CUL4A	13	EULEMUR_FLAVIFRONS	I	I
CUL4A	13	EULEMUR_FULVUS	I	I
CUL4A	13	EULEMUR_FULVUS_COLLARIS	PG	PG
CUL4A	13	EULEMUR_MACACO	I	I
CUL4A	13	EULEMUR_MONGOZ	PI	PI
CUL4A	13	GALAGO_MOHOLI	I	I
CUL4A	13	GORILLA_BERINGEI	I	I
CUL4A	13	GORILLA_GORILLA	I	I
CUL4A	13	GORILLA_GORILLA_GORILLA	I	I
CUL4A	13	HOOLOCK_LEUCONEDYS	UL	I;UL
CUL4A	13	HYLOBATES_AGILIS	I	I
CUL4A	13	HYLOBATES_MOLOCH	I	I
CUL4A	13	HYLOBATES_PILEATUS	I	I
CUL4A	13	INDRI_INDRI	I	I
CUL4A	13	LEMUR_CATTA	I	I
CUL4A	13	LEONTOPITHECUS_CHRYSOMELAS	I	I
CUL4A	13	LEONTOPITHECUS_ROSALIA	I	I
CUL4A	13	LOPHOCEBUS_ATERRIMUS	I	I
CUL4A	13	LORIS_TARDIGRADUS	I	I
CUL4A	13	MACACA_ARCTOIDES	I	I
CUL4A	13	MACACA_ASSAMENSIS	I	I
CUL4A	13	MACACA_CYCLOPIS	I	I
CUL4A	13	MACACA_FASCICULARIS	I	I
CUL4A	13	MACACA_FUSCATA	I	I
CUL4A	13	MACACA_LEONINA	I	I
CUL4A	13	MACACA_MULATTA	I	I
CUL4A	13	MACACA_NEMESTRINA	I	I
CUL4A	13	MACACA_NIGRA	I	I
CUL4A	13	MACACA_SILENUS	I	I
CUL4A	13	MACACA_THIBETANA_THIBETANA	I	I
CUL4A	13	MANDRILLUS_LEUCOPHAEUS	I	I
CUL4A	13	MANDRILLUS_SPHINX	I	I
CUL4A	13	MICROCEBUS_GRISEORUFUS	PI	PI
CUL4A	13	MICROCEBUS_MITTERMEIERI	I	I
CUL4A	13	MICROCEBUS_MURINUS	I	I
CUL4A	13	MICROCEBUS_RAVELOBENSIS	I	I
CUL4A	13	MICROCEBUS_SP._3_GT-2019	I	I
CUL4A	13	MICROCEBUS_TAVARATRA	PI	PI
CUL4A	13	MIRZA_COQUERELI	I	I
CUL4A	13	MIRZA_ZAZA	I	I
CUL4A	13	NASALIS_LARVATUS	UL	UL
CUL4A	13	NOMASCUS_LEUCOGENYS	I	I
CUL4A	13	NYCTICEBUS_BENGALENSIS	I	I
CUL4A	13	NYCTICEBUS_COUCANG	I	I
CUL4A	13	OTOLEMUR_CRASSICAUDATUS	PI	PI
CUL4A	13	OTOLEMUR_GARNETTII	I	I
CUL4A	13	PAN_PANISCUS	I	I
CUL4A	13	PAN_TROGLODYTES	I	I
CUL4A	13	PAPIO_ANUBIS	I	I
CUL4A	13	PAPIO_HAMADRYAS	I	I
CUL4A	13	PAPIO_PAPIO	UL	UL
CUL4A	13	PILIOCOLOBUS_TEPHROSCELES	I	I
CUL4A	13	PITHECIA_MITTERMEIERI	I	I
CUL4A	13	PITHECIA_PITHECIA	I	I
CUL4A	13	PITHECIA_VANZOLINII	I	I
CUL4A	13	PLECTUROCEBUS_BERNHARDI	I	I
CUL4A	13	PLECTUROCEBUS_BRUNNEUS	PI	PI
CUL4A	13	PLECTUROCEBUS_CALIGATUS	I	I
CUL4A	13	PLECTUROCEBUS_CINERASCENS	I	I
CUL4A	13	PLECTUROCEBUS_CUPREUS	I	I
CUL4A	13	PLECTUROCEBUS_DONACOPHILUS	I	I
CUL4A	13	PLECTUROCEBUS_DUBIUS	I	I
CUL4A	13	PLECTUROCEBUS_GROVESI	I	I
CUL4A	13	PLECTUROCEBUS_HOFFMANNSI	PI	PI
CUL4A	13	PLECTUROCEBUS_MILTONI	I	I
CUL4A	13	PLECTUROCEBUS_MOLOCH	I	I
CUL4A	13	PONGO_ABELII	I	I
CUL4A	13	PONGO_PYGMAEUS	I	I
CUL4A	13	PROLEMUR_SIMUS	I	I
CUL4A	13	PROPITHECUS_COQUERELI	I	I
CUL4A	13	PYGATHRIX_NEMAEUS	I	I
CUL4A	13	PYGATHRIX_NIGRIPES	I	I
CUL4A	13	RHINOPITHECUS_BIETI	PI	I;PI
CUL4A	13	RHINOPITHECUS_ROXELLANA	I	I
CUL4A	13	RHINOPITHECUS_STRYKERI	I	I
CUL4A	13	SAGUINUS_IMPERATOR	PI	PI
CUL4A	13	SAGUINUS_MIDAS	I	I
CUL4A	13	SAGUINUS_OEDIPUS	I	I
CUL4A	13	SAIMIRI_BOLIVIENSIS	PI	PI
CUL4A	13	SAIMIRI_BOLIVIENSIS_BOLIVIENSIS	I	I
CUL4A	13	SAIMIRI_SCIUREUS	PI	PI
CUL4A	13	SAPAJUS_APELLA	I	I
CUL4A	13	SEMNOPITHECUS_ENTELLUS	PI	PI
CUL4A	13	SYMPHALANGUS_SYNDACTYLUS	I	I
CUL4A	13	THEROPITHECUS_GELADA	I	I
CUL4A	13	TRACHYPITHECUS_FRANCOISI	I	I
CUL4A	13	TRACHYPITHECUS_GERMAINI	I	I
CUL4A	13	TRACHYPITHECUS_PHAYREI_CREPUSCULA	UL	UL
CUL4A	13	VARECIA_VARIEGATA	UL	UL
DMC1	22	ALLENOPITHECUS_NIGROVIRIDIS	I	I
DMC1	22	ALLOCHROCEBUS_LHOESTI	I	I
DMC1	22	ALOUATTA_PALLIATA	UL	UL
DMC1	22	AOTUS_NANCYMAAE	I	I
DMC1	22	AOTUS_VOCIFERANS	I	I
DMC1	22	ATELES_BELZEBUTH	I	I
DMC1	22	ATELES_CHAMEK	I	I
DMC1	22	ATELES_GEOFFROYI	PI	PI
DMC1	22	ATELES_MARGINATUS	PI	PI
DMC1	22	ATELES_PANISCUS	I	I
DMC1	22	CACAJAO_AYRESI	I	I
DMC1	22	CACAJAO_CALVUS	I	I
DMC1	22	CACAJAO_HOSOMI	I	I
DMC1	22	CACAJAO_MELANOCEPHALUS	I	I
DMC1	22	CALLIMICO_GOELDII	I	I
DMC1	22	CALLITHRIX_JACCHUS	I	I
DMC1	22	CALLITHRIX_PENICILLATA	I	I
DMC1	22	CALLITHRIX_PYGMAEA	I	I
DMC1	22	CARLITO_SYRICHTA	I	I
DMC1	22	CEBUS_ALBIFRONS	I	I
DMC1	22	CEBUS_CAPUCINUS_IMITATOR	UL	UL
DMC1	22	CEPHALOPACHUS_BANCANUS	PM	PM
DMC1	22	CERCOCEBUS_ATYS	PI	PI
DMC1	22	CERCOPITHECUS_ALBOGULARIS	I	I
DMC1	22	CERCOPITHECUS_MONA	I	I
DMC1	22	CERCOPITHECUS_NEGLECTUS	I	I
DMC1	22	CHEIROGALEUS_MEDIUS	I	I
DMC1	22	CHERACEBUS_LUCIFER	PI	PI
DMC1	22	CHERACEBUS_LUGENS	I	I
DMC1	22	CHERACEBUS_REGULUS	I	I
DMC1	22	CHERACEBUS_TORQUATUS	I	I
DMC1	22	CHIROPOTES_ISRAELITA	I	I
DMC1	22	CHIROPOTES_SAGULATUS	I	I
DMC1	22	CHLOROCEBUS_AETHIOPS	I	I
DMC1	22	CHLOROCEBUS_SABAEUS	UL	UL
DMC1	22	COLOBUS_ANGOLENSIS_PALLIATUS	PI	PI
DMC1	22	COLOBUS_GUEREZA	I	I
DMC1	22	DAUBENTONIA_MADAGASCARIENSIS	I	I
DMC1	22	ERYTHROCEBUS_PATAS	I	I
DMC1	22	EULEMUR_FLAVIFRONS	I	I
DMC1	22	EULEMUR_FULVUS	PI	PI
DMC1	22	EULEMUR_FULVUS_COLLARIS	PI	PI
DMC1	22	EULEMUR_MACACO	I	I
DMC1	22	EULEMUR_MONGOZ	PI	PI
DMC1	22	GALAGO_MOHOLI	I	I
DMC1	22	GORILLA_BERINGEI	I	I
DMC1	22	GORILLA_GORILLA	I	I
DMC1	22	GORILLA_GORILLA_GORILLA	I	I
DMC1	22	HOOLOCK_LEUCONEDYS	I	I
DMC1	22	HYLOBATES_AGILIS	PI	PI
DMC1	22	HYLOBATES_MOLOCH	I	I
DMC1	22	HYLOBATES_PILEATUS	I	I
DMC1	22	INDRI_INDRI	I	I
DMC1	22	LAGOTHRIX_LAGOTRICHA	I	I
DMC1	22	LEMUR_CATTA	I	I
DMC1	22	LEONTOPITHECUS_CHRYSOMELAS	PI	PI
DMC1	22	LEONTOPITHECUS_ROSALIA	PI	PI
DMC1	22	LOPHOCEBUS_ATERRIMUS	I	I
DMC1	22	LORIS_TARDIGRADUS	I	I
DMC1	22	MACACA_ARCTOIDES	I	I
DMC1	22	MACACA_ASSAMENSIS	I	I
DMC1	22	MACACA_CYCLOPIS	I	I
DMC1	22	MACACA_FASCICULARIS	I	I
DMC1	22	MACACA_FUSCATA	I	I
DMC1	22	MACACA_LEONINA	I	I
DMC1	22	MACACA_MULATTA	I	I
DMC1	22	MACACA_NEMESTRINA	UL	UL
DMC1	22	MACACA_NIGRA	I	I
DMC1	22	MACACA_SILENUS	I	I
DMC1	22	MACACA_THIBETANA_THIBETANA	I	I
DMC1	22	MANDRILLUS_LEUCOPHAEUS	PI	I;PI
DMC1	22	MANDRILLUS_SPHINX	L	L;PI
DMC1	22	MICROCEBUS_GRISEORUFUS	I	I
DMC1	22	MICROCEBUS_MITTERMEIERI	I	I
DMC1	22	MICROCEBUS_MURINUS	I	I
DMC1	22	MICROCEBUS_RAVELOBENSIS	PI	PI
DMC1	22	MICROCEBUS_SP._3_GT-2019	I	I
DMC1	22	MICROCEBUS_TAVARATRA	PI	PI
DMC1	22	MIRZA_COQUERELI	UL	UL
DMC1	22	MIRZA_ZAZA	UL	UL
DMC1	22	NASALIS_LARVATUS	UL	UL
DMC1	22	NOMASCUS_LEUCOGENYS	I	I
DMC1	22	NYCTICEBUS_BENGALENSIS	I	I
DMC1	22	NYCTICEBUS_COUCANG	I	I
DMC1	22	OTOLEMUR_CRASSICAUDATUS	I	I
DMC1	22	OTOLEMUR_GARNETTII	I	I
DMC1	22	PAN_PANISCUS	I	I
DMC1	22	PAN_TROGLODYTES	I	I
DMC1	22	PAPIO_ANUBIS	I	I
DMC1	22	PAPIO_HAMADRYAS	I	I
DMC1	22	PAPIO_PAPIO	PI	PI
DMC1	22	PILIOCOLOBUS_TEPHROSCELES	I	I
DMC1	22	PITHECIA_PITHECIA	PI	I;PI
DMC1	22	PITHECIA_VANZOLINII	I	I
DMC1	22	PLECTUROCEBUS_BERNHARDI	I	I
DMC1	22	PLECTUROCEBUS_BRUNNEUS	I	I
DMC1	22	PLECTUROCEBUS_CALIGATUS	PI	PI
DMC1	22	PLECTUROCEBUS_CINERASCENS	I	I
DMC1	22	PLECTUROCEBUS_CUPREUS	I	I
DMC1	22	PLECTUROCEBUS_DONACOPHILUS	I	I
DMC1	22	PLECTUROCEBUS_DUBIUS	I	I
DMC1	22	PLECTUROCEBUS_GROVESI	I	I
DMC1	22	PLECTUROCEBUS_HOFFMANNSI	I	I
DMC1	22	PLECTUROCEBUS_MILTONI	I	I
DMC1	22	PLECTUROCEBUS_MOLOCH	I	I
DMC1	22	PONGO_ABELII	I	I
DMC1	22	PONGO_PYGMAEUS	I	I
DMC1	22	PROLEMUR_SIMUS	I	I
DMC1	22	PROPITHECUS_COQUERELI	PI	PI
DMC1	22	PYGATHRIX_NEMAEUS	PI	PI
DMC1	22	PYGATHRIX_NIGRIPES	I	I
DMC1	22	RHINOPITHECUS_BIETI	I	I
DMC1	22	RHINOPITHECUS_ROXELLANA	I	I
DMC1	22	RHINOPITHECUS_STRYKERI	I	I
DMC1	22	SAGUINUS_IMPERATOR	I	I
DMC1	22	SAGUINUS_MIDAS	I	I
DMC1	22	SAGUINUS_OEDIPUS	I	I
DMC1	22	SAIMIRI_BOLIVIENSIS	I	I
DMC1	22	SAIMIRI_BOLIVIENSIS_BOLIVIENSIS	I	I
DMC1	22	SAIMIRI_SCIUREUS	I	I
DMC1	22	SAPAJUS_APELLA	I	I
DMC1	22	SEMNOPITHECUS_ENTELLUS	PI	PI
DMC1	22	SYMPHALANGUS_SYNDACTYLUS	I	I
DMC1	22	THEROPITHECUS_GELADA	I	I
DMC1	22	TRACHYPITHECUS_FRANCOISI	I	I
DMC1	22	TRACHYPITHECUS_GERMAINI	I	I
DMC1	22	TRACHYPITHECUS_PHAYREI_CREPUSCULA	I	I
DMC1	22	VARECIA_VARIEGATA	PI	PI
EME1	17	ALLENOPITHECUS_NIGROVIRIDIS	I	I
EME1	17	ALLOCHROCEBUS_LHOESTI	I	I
EME1	17	ALOUATTA_PALLIATA	I	I
EME1	17	AOTUS_NANCYMAAE	I	I
EME1	17	AOTUS_VOCIFERANS	I	I
EME1	17	ATELES_BELZEBUTH	I	I
EME1	17	ATELES_CHAMEK	I	I
EME1	17	ATELES_GEOFFROYI	I	I
EME1	17	ATELES_MARGINATUS	I	I
EME1	17	ATELES_PANISCUS	I	I
EME1	17	CACAJAO_AYRESI	I	I
EME1	17	CACAJAO_CALVUS	I	I
EME1	17	CACAJAO_HOSOMI	I	I
EME1	17	CACAJAO_MELANOCEPHALUS	I	I
EME1	17	CALLIMICO_GOELDII	I	I
EME1	17	CALLITHRIX_JACCHUS	I	I
EME1	17	CALLITHRIX_PENICILLATA	I	I
EME1	17	CALLITHRIX_PYGMAEA	I	I
EME1	17	CARLITO_SYRICHTA	I	I
EME1	17	CEBUS_ALBIFRONS	I	I
EME1	17	CEBUS_CAPUCINUS_IMITATOR	I	I
EME1	17	CEPHALOPACHUS_BANCANUS	UL	UL
EME1	17	CERCOCEBUS_ATYS	I	I
EME1	17	CERCOPITHECUS_ALBOGULARIS	I	I
EME1	17	CERCOPITHECUS_MONA	I	I
EME1	17	CERCOPITHECUS_NEGLECTUS	I	I
EME1	17	CHEIROGALEUS_MEDIUS	I	I
EME1	17	CHERACEBUS_LUCIFER	I	I
EME1	17	CHERACEBUS_LUGENS	I	I
EME1	17	CHERACEBUS_REGULUS	I	I
EME1	17	CHERACEBUS_TORQUATUS	I	I
EME1	17	CHIROPOTES_ISRAELITA	I	I
EME1	17	CHIROPOTES_SAGULATUS	I	I
EME1	17	CHLOROCEBUS_AETHIOPS	I	I
EME1	17	CHLOROCEBUS_SABAEUS	I	I
EME1	17	COLOBUS_ANGOLENSIS_PALLIATUS	I	I
EME1	17	COLOBUS_GUEREZA	I	I
EME1	17	DAUBENTONIA_MADAGASCARIENSIS	I	I
EME1	17	ERYTHROCEBUS_PATAS	I	I
EME1	17	EULEMUR_FLAVIFRONS	I	I
EME1	17	EULEMUR_FULVUS	PM	PM
EME1	17	EULEMUR_FULVUS_COLLARIS	I	I
EME1	17	EULEMUR_MACACO	I	I
EME1	17	EULEMUR_MONGOZ	I	I
EME1	17	GALAGO_MOHOLI	I	I
EME1	17	GALAGO_SENEGALENSIS	I	I
EME1	17	GORILLA_BERINGEI	I	I
EME1	17	GORILLA_GORILLA	I	I
EME1	17	GORILLA_GORILLA_GORILLA	I	I
EME1	17	HOOLOCK_LEUCONEDYS	I	I
EME1	17	HYLOBATES_AGILIS	I	I
EME1	17	HYLOBATES_MOLOCH	I	I
EME1	17	HYLOBATES_PILEATUS	I	I
EME1	17	INDRI_INDRI	I	I
EME1	17	LAGOTHRIX_LAGOTRICHA	I	I
EME1	17	LEMUR_CATTA	I	I
EME1	17	LEONTOPITHECUS_CHRYSOMELAS	I	I
EME1	17	LEONTOPITHECUS_ROSALIA	I	I
EME1	17	LOPHOCEBUS_ATERRIMUS	I	I
EME1	17	LORIS_TARDIGRADUS	I	I
EME1	17	MACACA_ARCTOIDES	I	I
EME1	17	MACACA_ASSAMENSIS	I	I
EME1	17	MACACA_CYCLOPIS	I	I
EME1	17	MACACA_FASCICULARIS	UL	I;UL
EME1	17	MACACA_FUSCATA	I	I
EME1	17	MACACA_LEONINA	I	I
EME1	17	MACACA_MULATTA	I	I
EME1	17	MACACA_NEMESTRINA	I	I
EME1	17	MACACA_NIGRA	I	I
EME1	17	MACACA_SILENUS	I	I
EME1	17	MACACA_THIBETANA_THIBETANA	I	I
EME1	17	MANDRILLUS_LEUCOPHAEUS	I	I
EME1	17	MANDRILLUS_SPHINX	I	I
EME1	17	MICROCEBUS_GRISEORUFUS	PM	PM
EME1	17	MICROCEBUS_MITTERMEIERI	I	I
EME1	17	MICROCEBUS_MURINUS	I	I
EME1	17	MICROCEBUS_RAVELOBENSIS	PM	PM
EME1	17	MICROCEBUS_SP._3_GT-2019	I	I
EME1	17	MICROCEBUS_TAVARATRA	I	I
EME1	17	MIRZA_COQUERELI	I	I
EME1	17	MIRZA_ZAZA	I	I
EME1	17	NASALIS_LARVATUS	M	M
EME1	17	NOMASCUS_LEUCOGENYS	I	I
EME1	17	NYCTICEBUS_BENGALENSIS	I	I
EME1	17	NYCTICEBUS_COUCANG	I	I
EME1	17	OTOLEMUR_CRASSICAUDATUS	I	I
EME1	17	OTOLEMUR_GARNETTII	I	I
EME1	17	PAN_PANISCUS	I	I
EME1	17	PAN_TROGLODYTES	I	I
EME1	17	PAPIO_ANUBIS	I	I
EME1	17	PAPIO_HAMADRYAS	I	I
EME1	17	PAPIO_PAPIO	I	I
EME1	17	PILIOCOLOBUS_TEPHROSCELES	I	I
EME1	17	PITHECIA_MITTERMEIERI	I	I
EME1	17	PITHECIA_PITHECIA	I	I
EME1	17	PITHECIA_VANZOLINII	I	I
EME1	17	PLECTUROCEBUS_BERNHARDI	I	I
EME1	17	PLECTUROCEBUS_BRUNNEUS	I	I
EME1	17	PLECTUROCEBUS_CALIGATUS	I	I
EME1	17	PLECTUROCEBUS_CINERASCENS	I	I
EME1	17	PLECTUROCEBUS_CUPREUS	I	I
EME1	17	PLECTUROCEBUS_DONACOPHILUS	I	I
EME1	17	PLECTUROCEBUS_DUBIUS	I	I
EME1	17	PLECTUROCEBUS_GROVESI	I	I
EME1	17	PLECTUROCEBUS_HOFFMANNSI	I	I
EME1	17	PLECTUROCEBUS_MILTONI	I	I
EME1	17	PLECTUROCEBUS_MOLOCH	I	I
EME1	17	PONGO_ABELII	I	I
EME1	17	PONGO_PYGMAEUS	I	I
EME1	17	PROLEMUR_SIMUS	I	I
EME1	17	PROPITHECUS_COQUERELI	I	I
EME1	17	PYGATHRIX_NEMAEUS	I	I
EME1	17	PYGATHRIX_NIGRIPES	I	I
EME1	17	RHINOPITHECUS_BIETI	I	I
EME1	17	RHINOPITHECUS_ROXELLANA	I	I
EME1	17	RHINOPITHECUS_STRYKERI	I	I
EME1	17	SAGUINUS_IMPERATOR	I	I
EME1	17	SAGUINUS_MIDAS	I	I
EME1	17	SAGUINUS_OEDIPUS	I	I
EME1	17	SAIMIRI_BOLIVIENSIS	PI	PI
EME1	17	SAIMIRI_BOLIVIENSIS_BOLIVIENSIS	I	I
EME1	17	SAIMIRI_SCIUREUS	I	I
EME1	17	SAPAJUS_APELLA	I	I
EME1	17	SEMNOPITHECUS_ENTELLUS	I	I
EME1	17	SYMPHALANGUS_SYNDACTYLUS	I	I
EME1	17	THEROPITHECUS_GELADA	I	I
EME1	17	TRACHYPITHECUS_FRANCOISI	I	I
EME1	17	TRACHYPITHECUS_GERMAINI	I	I
EME1	17	TRACHYPITHECUS_PHAYREI_CREPUSCULA	I	I
EME1	17	VARECIA_VARIEGATA	I	I
EME2	16	ALLENOPITHECUS_NIGROVIRIDIS	I	I
EME2	16	ALLOCHROCEBUS_LHOESTI	I	I
EME2	16	ALOUATTA_PALLIATA	I	I
EME2	16	AOTUS_NANCYMAAE	I	I
EME2	16	AOTUS_VOCIFERANS	I	I
EME2	16	ATELES_BELZEBUTH	I	I
EME2	16	ATELES_CHAMEK	I	I
EME2	16	ATELES_GEOFFROYI	I	I
EME2	16	ATELES_MARGINATUS	I	I
EME2	16	ATELES_PANISCUS	I	I
EME2	16	CACAJAO_AYRESI	I	I
EME2	16	CACAJAO_CALVUS	I	I
EME2	16	CACAJAO_HOSOMI	I	I
EME2	16	CACAJAO_MELANOCEPHALUS	I	I
EME2	16	CALLIMICO_GOELDII	I	I
EME2	16	CALLITHRIX_JACCHUS	UL	I;UL
EME2	16	CALLITHRIX_PENICILLATA	M	M
EME2	16	CALLITHRIX_PYGMAEA	I	I
EME2	16	CARLITO_SYRICHTA	I	I
EME2	16	CEBUS_ALBIFRONS	I	I
EME2	16	CEBUS_CAPUCINUS_IMITATOR	I	I
EME2	16	CEPHALOPACHUS_BANCANUS	I	I
EME2	16	CERCOCEBUS_ATYS	I	I
EME2	16	CERCOPITHECUS_ALBOGULARIS	I	I
EME2	16	CERCOPITHECUS_MONA	I	I
EME2	16	CERCOPITHECUS_NEGLECTUS	I	I
EME2	16	CHEIROGALEUS_MEDIUS	I	I
EME2	16	CHERACEBUS_LUCIFER	I	I
EME2	16	CHERACEBUS_LUGENS	I	I
EME2	16	CHERACEBUS_REGULUS	I	I
EME2	16	CHERACEBUS_TORQUATUS	I	I
EME2	16	CHIROPOTES_ISRAELITA	I	I
EME2	16	CHIROPOTES_SAGULATUS	UL	UL
EME2	16	CHLOROCEBUS_AETHIOPS	I	I
EME2	16	CHLOROCEBUS_SABAEUS	I	I
EME2	16	COLOBUS_ANGOLENSIS_PALLIATUS	PI	PI
EME2	16	COLOBUS_GUEREZA	I	I
EME2	16	DAUBENTONIA_MADAGASCARIENSIS	I	I
EME2	16	ERYTHROCEBUS_PATAS	UL	I;UL
EME2	16	EULEMUR_FLAVIFRONS	PI	PI
EME2	16	EULEMUR_FULVUS	I	I
EME2	16	EULEMUR_FULVUS_COLLARIS	I	I
EME2	16	EULEMUR_MACACO	PI	PI
EME2	16	EULEMUR_MONGOZ	I	I
EME2	16	GALAGO_MOHOLI	I	I
EME2	16	GALAGO_SENEGALENSIS	I	I
EME2	16	GORILLA_BERINGEI	I	I
EME2	16	GORILLA_GORILLA	I	I
EME2	16	GORILLA_GORILLA_GORILLA	I	I
EME2	16	HOOLOCK_LEUCONEDYS	I	I
EME2	16	HYLOBATES_AGILIS	I	I
EME2	16	HYLOBATES_MOLOCH	I	I
EME2	16	HYLOBATES_PILEATUS	I	I
EME2	16	INDRI_INDRI	I	I
EME2	16	LAGOTHRIX_LAGOTRICHA	I	I
EME2	16	LEMUR_CATTA	I	I
EME2	16	LEONTOPITHECUS_CHRYSOMELAS	I	I
EME2	16	LEONTOPITHECUS_ROSALIA	I	I
EME2	16	LOPHOCEBUS_ATERRIMUS	I	I
EME2	16	LORIS_TARDIGRADUS	I	I
EME2	16	MACACA_ARCTOIDES	I	I
EME2	16	MACACA_ASSAMENSIS	I	I
EME2	16	MACACA_CYCLOPIS	I	I
EME2	16	MACACA_FASCICULARIS	I	I
EME2	16	MACACA_FUSCATA	I	I
EME2	16	MACACA_LEONINA	I	I
EME2	16	MACACA_MULATTA	I	I
EME2	16	MACACA_NEMESTRINA	I	I
EME2	16	MACACA_NIGRA	UL	UL
EME2	16	MACACA_SILENUS	I	I
EME2	16	MACACA_THIBETANA_THIBETANA	I	I
EME2	16	MANDRILLUS_LEUCOPHAEUS	I	I
EME2	16	MANDRILLUS_SPHINX	PI	I;PI
EME2	16	MICROCEBUS_GRISEORUFUS	I	I
EME2	16	MICROCEBUS_MITTERMEIERI	UL	UL
EME2	16	MICROCEBUS_MURINUS	PI	PI
EME2	16	MICROCEBUS_RAVELOBENSIS	I	I
EME2	16	MICROCEBUS_SP._3_GT-2019	I	I
EME2	16	MICROCEBUS_TAVARATRA	UL	UL
EME2	16	MIRZA_COQUERELI	I	I
EME2	16	MIRZA_ZAZA	I	I
EME2	16	NASALIS_LARVATUS	PI	PI
EME2	16	NOMASCUS_LEUCOGENYS	I	I
EME2	16	NYCTICEBUS_BENGALENSIS	I	I
EME2	16	NYCTICEBUS_COUCANG	I	I
EME2	16	OTOLEMUR_CRASSICAUDATUS	I	I
EME2	16	OTOLEMUR_GARNETTII	I	I
EME2	16	PAN_PANISCUS	I	I
EME2	16	PAN_TROGLODYTES	I	I
EME2	16	PAPIO_ANUBIS	I	I
EME2	16	PAPIO_HAMADRYAS	I	I
EME2	16	PAPIO_PAPIO	I	I
EME2	16	PILIOCOLOBUS_TEPHROSCELES	I	I
EME2	16	PITHECIA_MITTERMEIERI	I	I
EME2	16	PITHECIA_PITHECIA	L	I;L
EME2	16	PITHECIA_VANZOLINII	I	I
EME2	16	PLECTUROCEBUS_BERNHARDI	I	I
EME2	16	PLECTUROCEBUS_BRUNNEUS	I	I
EME2	16	PLECTUROCEBUS_CALIGATUS	I	I
EME2	16	PLECTUROCEBUS_CINERASCENS	I	I
EME2	16	PLECTUROCEBUS_CUPREUS	I	I
EME2	16	PLECTUROCEBUS_DONACOPHILUS	I	I
EME2	16	PLECTUROCEBUS_DUBIUS	I	I
EME2	16	PLECTUROCEBUS_GROVESI	I	I
EME2	16	PLECTUROCEBUS_HOFFMANNSI	I	I
EME2	16	PLECTUROCEBUS_MILTONI	I	I
EME2	16	PLECTUROCEBUS_MOLOCH	I	I
EME2	16	PONGO_ABELII	I	I
EME2	16	PONGO_PYGMAEUS	I	I
EME2	16	PROLEMUR_SIMUS	I	I
EME2	16	PROPITHECUS_COQUERELI	I	I
EME2	16	PYGATHRIX_NEMAEUS	I	I
EME2	16	PYGATHRIX_NIGRIPES	L	L
EME2	16	RHINOPITHECUS_BIETI	I	I
EME2	16	RHINOPITHECUS_ROXELLANA	I	I
EME2	16	RHINOPITHECUS_STRYKERI	I	I
EME2	16	SAGUINUS_IMPERATOR	I	I
EME2	16	SAGUINUS_MIDAS	UL	UL
EME2	16	SAGUINUS_OEDIPUS	I	I
EME2	16	SAIMIRI_BOLIVIENSIS	I	I
EME2	16	SAIMIRI_BOLIVIENSIS_BOLIVIENSIS	I	I
EME2	16	SAIMIRI_SCIUREUS	I	I
EME2	16	SAPAJUS_APELLA	I	I
EME2	16	SEMNOPITHECUS_ENTELLUS	I	I
EME2	16	SYMPHALANGUS_SYNDACTYLUS	I	I
EME2	16	THEROPITHECUS_GELADA	I	I
EME2	16	TRACHYPITHECUS_FRANCOISI	I	I
EME2	16	TRACHYPITHECUS_GERMAINI	I	I
EME2	16	TRACHYPITHECUS_PHAYREI_CREPUSCULA	I	I
EME2	16	VARECIA_VARIEGATA	I	I
ERCC1	19	ALLENOPITHECUS_NIGROVIRIDIS	PI	PI
ERCC1	19	ALLOCHROCEBUS_LHOESTI	I	I
ERCC1	19	ALOUATTA_PALLIATA	I	I
ERCC1	19	AOTUS_NANCYMAAE	UL	UL
ERCC1	19	AOTUS_VOCIFERANS	I	I
ERCC1	19	ATELES_BELZEBUTH	UL	UL
ERCC1	19	ATELES_CHAMEK	I	I
ERCC1	19	ATELES_GEOFFROYI	PI	PI
ERCC1	19	ATELES_MARGINATUS	I	I
ERCC1	19	ATELES_PANISCUS	I	I
ERCC1	19	CACAJAO_AYRESI	PI	PI
ERCC1	19	CACAJAO_CALVUS	PI	PI
ERCC1	19	CACAJAO_HOSOMI	PI	PI
ERCC1	19	CACAJAO_MELANOCEPHALUS	I	I
ERCC1	19	CALLIMICO_GOELDII	I	I
ERCC1	19	CALLITHRIX_JACCHUS	I	I
ERCC1	19	CALLITHRIX_PENICILLATA	PI	PI
ERCC1	19	CALLITHRIX_PYGMAEA	I	I
ERCC1	19	CARLITO_SYRICHTA	I	I
ERCC1	19	CEBUS_ALBIFRONS	I	I
ERCC1	19	CEBUS_CAPUCINUS_IMITATOR	I	I
ERCC1	19	CEPHALOPACHUS_BANCANUS	I	I
ERCC1	19	CERCOCEBUS_ATYS	I	I
ERCC1	19	CERCOPITHECUS_ALBOGULARIS	I	I
ERCC1	19	CERCOPITHECUS_MONA	I	I
ERCC1	19	CERCOPITHECUS_NEGLECTUS	PI	PI
ERCC1	19	CHEIROGALEUS_MEDIUS	UL	UL
ERCC1	19	CHERACEBUS_LUCIFER	I	I
ERCC1	19	CHERACEBUS_LUGENS	I	I
ERCC1	19	CHERACEBUS_REGULUS	I	I
ERCC1	19	CHERACEBUS_TORQUATUS	I	I
ERCC1	19	CHIROPOTES_ISRAELITA	I	I
ERCC1	19	CHIROPOTES_SAGULATUS	UL	UL
ERCC1	19	CHLOROCEBUS_AETHIOPS	I	I
ERCC1	19	CHLOROCEBUS_SABAEUS	I	I
ERCC1	19	COLOBUS_ANGOLENSIS_PALLIATUS	I	I
ERCC1	19	COLOBUS_GUEREZA	I	I
ERCC1	19	DAUBENTONIA_MADAGASCARIENSIS	I	I
ERCC1	19	ERYTHROCEBUS_PATAS	PM	I;PM
ERCC1	19	EULEMUR_FLAVIFRONS	I	I
ERCC1	19	EULEMUR_FULVUS	PI	PI
ERCC1	19	EULEMUR_FULVUS_COLLARIS	PI	PI
ERCC1	19	EULEMUR_MACACO	I	I
ERCC1	19	EULEMUR_MONGOZ	UL	UL
ERCC1	19	GALAGO_MOHOLI	I	I
ERCC1	19	GALAGO_SENEGALENSIS	PI	PI
ERCC1	19	GORILLA_BERINGEI	PI	PI
ERCC1	19	GORILLA_GORILLA	I	I
ERCC1	19	GORILLA_GORILLA_GORILLA	I	I
ERCC1	19	HOOLOCK_LEUCONEDYS	UL	I;UL
ERCC1	19	HYLOBATES_AGILIS	PI	PI
ERCC1	19	HYLOBATES_MOLOCH	I	I
ERCC1	19	HYLOBATES_PILEATUS	I	I
ERCC1	19	INDRI_INDRI	PM	PM
ERCC1	19	LAGOTHRIX_LAGOTRICHA	PI	PI
ERCC1	19	LEMUR_CATTA	I	I
ERCC1	19	LEONTOPITHECUS_CHRYSOMELAS	I	I
ERCC1	19	LEONTOPITHECUS_ROSALIA	I	I
ERCC1	19	LOPHOCEBUS_ATERRIMUS	I	I
ERCC1	19	LORIS_TARDIGRADUS	I	I
ERCC1	19	MACACA_ARCTOIDES	I	I
ERCC1	19	MACACA_ASSAMENSIS	I	I
ERCC1	19	MACACA_CYCLOPIS	I	I
ERCC1	19	MACACA_FASCICULARIS	I	I
ERCC1	19	MACACA_FUSCATA	I	I
ERCC1	19	MACACA_LEONINA	I	I
ERCC1	19	MACACA_MULATTA	I	I
ERCC1	19	MACACA_NEMESTRINA	I	I
ERCC1	19	MACACA_NIGRA	I	I
ERCC1	19	MACACA_SILENUS	I	I
ERCC1	19	MACACA_THIBETANA_THIBETANA	I	I
ERCC1	19	MANDRILLUS_LEUCOPHAEUS	I	I
ERCC1	19	MANDRILLUS_SPHINX	I	I
ERCC1	19	MICROCEBUS_GRISEORUFUS	UL	UL
ERCC1	19	MICROCEBUS_MITTERMEIERI	UL	UL
ERCC1	19	MICROCEBUS_MURINUS	I	I
ERCC1	19	MICROCEBUS_SP._3_GT-2019	UL	UL
ERCC1	19	MICROCEBUS_TAVARATRA	I	I
ERCC1	19	MIRZA_COQUERELI	I	I
ERCC1	19	MIRZA_ZAZA	I	I
ERCC1	19	NASALIS_LARVATUS	M	M
ERCC1	19	NOMASCUS_LEUCOGENYS	I	I
ERCC1	19	NYCTICEBUS_BENGALENSIS	I	I
ERCC1	19	NYCTICEBUS_COUCANG	I	I
ERCC1	19	OTOLEMUR_CRASSICAUDATUS	I	I
ERCC1	19	OTOLEMUR_GARNETTII	UL	UL
ERCC1	19	PAN_PANISCUS	I	I
ERCC1	19	PAN_TROGLODYTES	I	I
ERCC1	19	PAPIO_ANUBIS	I	I
ERCC1	19	PAPIO_HAMADRYAS	I	I
ERCC1	19	PAPIO_PAPIO	PI	PI
ERCC1	19	PILIOCOLOBUS_TEPHROSCELES	I	I
ERCC1	19	PITHECIA_MITTERMEIERI	I	I
ERCC1	19	PITHECIA_PITHECIA	I	I
ERCC1	19	PITHECIA_VANZOLINII	PI	PI
ERCC1	19	PLECTUROCEBUS_BERNHARDI	PI	PI
ERCC1	19	PLECTUROCEBUS_BRUNNEUS	I	I
ERCC1	19	PLECTUROCEBUS_CALIGATUS	I	I
ERCC1	19	PLECTUROCEBUS_CINERASCENS	PI	PI
ERCC1	19	PLECTUROCEBUS_CUPREUS	I	I
ERCC1	19	PLECTUROCEBUS_DONACOPHILUS	I	I
ERCC1	19	PLECTUROCEBUS_DUBIUS	I	I
ERCC1	19	PLECTUROCEBUS_GROVESI	I	I
ERCC1	19	PLECTUROCEBUS_HOFFMANNSI	PI	PI
ERCC1	19	PLECTUROCEBUS_MILTONI	UL	UL
ERCC1	19	PLECTUROCEBUS_MOLOCH	PI	PI
ERCC1	19	PONGO_ABELII	I	I
ERCC1	19	PONGO_PYGMAEUS	UL	I;UL
ERCC1	19	PROLEMUR_SIMUS	I	I
ERCC1	19	PROPITHECUS_COQUERELI	I	I
ERCC1	19	PYGATHRIX_NEMAEUS	I	I
ERCC1	19	PYGATHRIX_NIGRIPES	I	I
ERCC1	19	RHINOPITHECUS_BIETI	PI	I;PI
ERCC1	19	RHINOPITHECUS_ROXELLANA	I	I
ERCC1	19	RHINOPITHECUS_STRYKERI	UL	UL
ERCC1	19	SAGUINUS_IMPERATOR	I	I
ERCC1	19	SAGUINUS_MIDAS	I	I
ERCC1	19	SAGUINUS_OEDIPUS	I	I
ERCC1	19	SAIMIRI_BOLIVIENSIS	L	L
ERCC1	19	SAIMIRI_BOLIVIENSIS_BOLIVIENSIS	PI	I;PI
ERCC1	19	SAIMIRI_SCIUREUS	PI	PI
ERCC1	19	SAPAJUS_APELLA	I	I
ERCC1	19	SEMNOPITHECUS_ENTELLUS	PI	PI
ERCC1	19	SYMPHALANGUS_SYNDACTYLUS	I	I
ERCC1	19	THEROPITHECUS_GELADA	I	I
ERCC1	19	TRACHYPITHECUS_FRANCOISI	I	I
ERCC1	19	TRACHYPITHECUS_GERMAINI	I	I
ERCC1	19	TRACHYPITHECUS_PHAYREI_CREPUSCULA	L	L
ERCC1	19	VARECIA_VARIEGATA	I	I
ERCC4	16	ALLENOPITHECUS_NIGROVIRIDIS	I	I
ERCC4	16	ALLOCHROCEBUS_LHOESTI	I	I
ERCC4	16	ALOUATTA_PALLIATA	I	I
ERCC4	16	AOTUS_NANCYMAAE	I	I
ERCC4	16	AOTUS_VOCIFERANS	I	I
ERCC4	16	ATELES_BELZEBUTH	I	I
ERCC4	16	ATELES_CHAMEK	I	I
ERCC4	16	ATELES_GEOFFROYI	I	I
ERCC4	16	ATELES_MARGINATUS	I	I
ERCC4	16	ATELES_PANISCUS	PI	I;PI
ERCC4	16	CACAJAO_AYRESI	I	I
ERCC4	16	CACAJAO_CALVUS	I	I
ERCC4	16	CACAJAO_HOSOMI	I	I
ERCC4	16	CALLIMICO_GOELDII	PI	PI
ERCC4	16	CALLITHRIX_JACCHUS	I	I
ERCC4	16	CALLITHRIX_PENICILLATA	I	I
ERCC4	16	CALLITHRIX_PYGMAEA	I	I
ERCC4	16	CARLITO_SYRICHTA	I	I
ERCC4	16	CEBUS_ALBIFRONS	UL	I;UL
ERCC4	16	CEBUS_CAPUCINUS_IMITATOR	I	I
ERCC4	16	CEPHALOPACHUS_BANCANUS	I	I
ERCC4	16	CERCOCEBUS_ATYS	I	I
ERCC4	16	CERCOPITHECUS_ALBOGULARIS	UL	UL
ERCC4	16	CERCOPITHECUS_MONA	I	I
ERCC4	16	CERCOPITHECUS_NEGLECTUS	I	I
ERCC4	16	CHEIROGALEUS_MEDIUS	I	I
ERCC4	16	CHERACEBUS_LUCIFER	I	I
ERCC4	16	CHERACEBUS_LUGENS	PI	PI
ERCC4	16	CHERACEBUS_REGULUS	PI	PI
ERCC4	16	CHERACEBUS_TORQUATUS	PI	PI
ERCC4	16	CHIROPOTES_ISRAELITA	I	I
ERCC4	16	CHIROPOTES_SAGULATUS	I	I
ERCC4	16	CHLOROCEBUS_AETHIOPS	I	I
ERCC4	16	CHLOROCEBUS_SABAEUS	I	I
ERCC4	16	COLOBUS_ANGOLENSIS_PALLIATUS	I	I
ERCC4	16	COLOBUS_GUEREZA	I	I
ERCC4	16	DAUBENTONIA_MADAGASCARIENSIS	I	I
ERCC4	16	ERYTHROCEBUS_PATAS	I	I
ERCC4	16	EULEMUR_FLAVIFRONS	I	I
ERCC4	16	EULEMUR_FULVUS	PI	PI
ERCC4	16	EULEMUR_FULVUS_COLLARIS	I	I
ERCC4	16	EULEMUR_MACACO	I	I
ERCC4	16	EULEMUR_MONGOZ	I	I
ERCC4	16	GALAGO_MOHOLI	I	I
ERCC4	16	GALAGO_SENEGALENSIS	I	I
ERCC4	16	GORILLA_GORILLA	I	I
ERCC4	16	GORILLA_GORILLA_GORILLA	I	I
ERCC4	16	HOOLOCK_LEUCONEDYS	I	I
ERCC4	16	HYLOBATES_AGILIS	I	I
ERCC4	16	HYLOBATES_MOLOCH	I	I
ERCC4	16	HYLOBATES_PILEATUS	I	I
ERCC4	16	INDRI_INDRI	PI	PI
ERCC4	16	LAGOTHRIX_LAGOTRICHA	I	I
ERCC4	16	LEMUR_CATTA	I	I
ERCC4	16	LEONTOPITHECUS_CHRYSOMELAS	I	I
ERCC4	16	LEONTOPITHECUS_ROSALIA	I	I
ERCC4	16	LOPHOCEBUS_ATERRIMUS	I	I
ERCC4	16	LORIS_TARDIGRADUS	I	I
ERCC4	16	MACACA_ARCTOIDES	I	I
ERCC4	16	MACACA_ASSAMENSIS	I	I
ERCC4	16	MACACA_CYCLOPIS	I	I
ERCC4	16	MACACA_FASCICULARIS	I	I
ERCC4	16	MACACA_FUSCATA	I	I
ERCC4	16	MACACA_LEONINA	I	I
ERCC4	16	MACACA_MULATTA	I	I
ERCC4	16	MACACA_NEMESTRINA	I	I
ERCC4	16	MACACA_NIGRA	UL	UL
ERCC4	16	MACACA_SILENUS	I	I
ERCC4	16	MACACA_THIBETANA_THIBETANA	I	I
ERCC4	16	MANDRILLUS_LEUCOPHAEUS	I	I
ERCC4	16	MANDRILLUS_SPHINX	I	I
ERCC4	16	MICROCEBUS_GRISEORUFUS	PI	PI
ERCC4	16	MICROCEBUS_MITTERMEIERI	I	I
ERCC4	16	MICROCEBUS_MURINUS	I	I
ERCC4	16	MICROCEBUS_RAVELOBENSIS	I	I
ERCC4	16	MICROCEBUS_SP._3_GT-2019	PI	PI
ERCC4	16	MICROCEBUS_TAVARATRA	I	I
ERCC4	16	MIRZA_COQUERELI	I	I
ERCC4	16	MIRZA_ZAZA	I	I
ERCC4	16	NASALIS_LARVATUS	I	I
ERCC4	16	NOMASCUS_LEUCOGENYS	I	I
ERCC4	16	NYCTICEBUS_BENGALENSIS	I	I
ERCC4	16	NYCTICEBUS_COUCANG	PI	I;PI
ERCC4	16	OTOLEMUR_CRASSICAUDATUS	I	I
ERCC4	16	OTOLEMUR_GARNETTII	I	I
ERCC4	16	PAN_PANISCUS	I	I
ERCC4	16	PAN_TROGLODYTES	I	I
ERCC4	16	PAPIO_ANUBIS	I	I
ERCC4	16	PAPIO_HAMADRYAS	UL	I;UL
ERCC4	16	PAPIO_PAPIO	I	I
ERCC4	16	PILIOCOLOBUS_TEPHROSCELES	I	I
ERCC4	16	PITHECIA_MITTERMEIERI	I	I
ERCC4	16	PITHECIA_PITHECIA	I	I
ERCC4	16	PITHECIA_VANZOLINII	I	I
ERCC4	16	PLECTUROCEBUS_BERNHARDI	I	I
ERCC4	16	PLECTUROCEBUS_BRUNNEUS	PI	PI
ERCC4	16	PLECTUROCEBUS_CALIGATUS	I	I
ERCC4	16	PLECTUROCEBUS_CINERASCENS	PI	PI
ERCC4	16	PLECTUROCEBUS_CUPREUS	I	I
ERCC4	16	PLECTUROCEBUS_DONACOPHILUS	I	I
ERCC4	16	PLECTUROCEBUS_DUBIUS	I	I
ERCC4	16	PLECTUROCEBUS_GROVESI	I	I
ERCC4	16	PLECTUROCEBUS_HOFFMANNSI	I	I
ERCC4	16	PLECTUROCEBUS_MILTONI	I	I
ERCC4	16	PLECTUROCEBUS_MOLOCH	I	I
ERCC4	16	PONGO_ABELII	I	I
ERCC4	16	PONGO_PYGMAEUS	I	I
ERCC4	16	PROLEMUR_SIMUS	I	I
ERCC4	16	PROPITHECUS_COQUERELI	PI	PI
ERCC4	16	PYGATHRIX_NEMAEUS	I	I
ERCC4	16	PYGATHRIX_NIGRIPES	I	I
ERCC4	16	RHINOPITHECUS_BIETI	UL	I;UL
ERCC4	16	RHINOPITHECUS_ROXELLANA	I	I
ERCC4	16	RHINOPITHECUS_STRYKERI	I	I
ERCC4	16	SAGUINUS_IMPERATOR	PI	PI
ERCC4	16	SAGUINUS_MIDAS	UL	UL
ERCC4	16	SAGUINUS_OEDIPUS	I	I
ERCC4	16	SAIMIRI_BOLIVIENSIS	I	I
ERCC4	16	SAIMIRI_BOLIVIENSIS_BOLIVIENSIS	I	I
ERCC4	16	SAIMIRI_SCIUREUS	I	I
ERCC4	16	SAPAJUS_APELLA	I	I
ERCC4	16	SEMNOPITHECUS_ENTELLUS	PI	PI
ERCC4	16	SYMPHALANGUS_SYNDACTYLUS	I	I
ERCC4	16	THEROPITHECUS_GELADA	I	I
ERCC4	16	TRACHYPITHECUS_FRANCOISI	I	I
ERCC4	16	TRACHYPITHECUS_GERMAINI	I	I
ERCC4	16	TRACHYPITHECUS_PHAYREI_CREPUSCULA	UL	UL
ERCC4	16	VARECIA_VARIEGATA	UL	UL
EXO1	1	ALLENOPITHECUS_NIGROVIRIDIS	I	I
EXO1	1	ALLOCHROCEBUS_LHOESTI	I	I
EXO1	1	ALOUATTA_PALLIATA	PI	PI
EXO1	1	AOTUS_NANCYMAAE	I	I
EXO1	1	AOTUS_VOCIFERANS	I	I
EXO1	1	ATELES_BELZEBUTH	I	I
EXO1	1	ATELES_CHAMEK	I	I
EXO1	1	ATELES_GEOFFROYI	I	I
EXO1	1	ATELES_MARGINATUS	PI	PI
EXO1	1	ATELES_PANISCUS	I	I
EXO1	1	CACAJAO_AYRESI	I	I
EXO1	1	CACAJAO_CALVUS	I	I
EXO1	1	CACAJAO_HOSOMI	I	I
EXO1	1	CACAJAO_MELANOCEPHALUS	I	I
EXO1	1	CALLIMICO_GOELDII	I	I
EXO1	1	CALLITHRIX_JACCHUS	I	I
EXO1	1	CALLITHRIX_PENICILLATA	I	I
EXO1	1	CALLITHRIX_PYGMAEA	I	I
EXO1	1	CARLITO_SYRICHTA	I	I
EXO1	1	CEBUS_ALBIFRONS	UL	I;UL
EXO1	1	CEBUS_CAPUCINUS_IMITATOR	I	I
EXO1	1	CEPHALOPACHUS_BANCANUS	I	I
EXO1	1	CERCOCEBUS_ATYS	I	I
EXO1	1	CERCOPITHECUS_ALBOGULARIS	I	I
EXO1	1	CERCOPITHECUS_MONA	I	I
EXO1	1	CERCOPITHECUS_NEGLECTUS	I	I
EXO1	1	CHEIROGALEUS_MEDIUS	I	I
EXO1	1	CHERACEBUS_LUCIFER	PI	PI
EXO1	1	CHERACEBUS_LUGENS	L	L
EXO1	1	CHERACEBUS_REGULUS	L	L
EXO1	1	CHERACEBUS_TORQUATUS	UL	UL
EXO1	1	CHIROPOTES_ISRAELITA	I	I
EXO1	1	CHIROPOTES_SAGULATUS	I	I
EXO1	1	CHLOROCEBUS_AETHIOPS	I	I
EXO1	1	CHLOROCEBUS_SABAEUS	I	I
EXO1	1	COLOBUS_ANGOLENSIS_PALLIATUS	I	I
EXO1	1	COLOBUS_GUEREZA	I	I
EXO1	1	DAUBENTONIA_MADAGASCARIENSIS	I	I
EXO1	1	ERYTHROCEBUS_PATAS	PI	I;PI
EXO1	1	EULEMUR_FLAVIFRONS	I	I
EXO1	1	EULEMUR_FULVUS	PI	PI
EXO1	1	EULEMUR_FULVUS_COLLARIS	I	I
EXO1	1	EULEMUR_MACACO	I	I
EXO1	1	EULEMUR_MONGOZ	I	I
EXO1	1	GALAGO_MOHOLI	I	I
EXO1	1	GORILLA_BERINGEI	PI	PI
EXO1	1	GORILLA_GORILLA	I	I
EXO1	1	GORILLA_GORILLA_GORILLA	I	I
EXO1	1	HOOLOCK_LEUCONEDYS	I	I
EXO1	1	HYLOBATES_AGILIS	I	I
EXO1	1	HYLOBATES_MOLOCH	I	I
EXO1	1	HYLOBATES_PILEATUS	I	I
EXO1	1	INDRI_INDRI	I	I
EXO1	1	LAGOTHRIX_LAGOTRICHA	I	I
EXO1	1	LEMUR_CATTA	I	I
EXO1	1	LEONTOPITHECUS_CHRYSOMELAS	I	I
EXO1	1	LEONTOPITHECUS_ROSALIA	I	I
EXO1	1	LOPHOCEBUS_ATERRIMUS	UL	UL
EXO1	1	LORIS_TARDIGRADUS	I	I
EXO1	1	MACACA_ARCTOIDES	I	I
EXO1	1	MACACA_ASSAMENSIS	UL	I;UL
EXO1	1	MACACA_CYCLOPIS	I	I
EXO1	1	MACACA_FASCICULARIS	I	I
EXO1	1	MACACA_FUSCATA	I	I
EXO1	1	MACACA_LEONINA	I	I
EXO1	1	MACACA_MULATTA	I	I
EXO1	1	MACACA_NEMESTRINA	I	I
EXO1	1	MACACA_NIGRA	UL	UL
EXO1	1	MACACA_SILENUS	I	I
EXO1	1	MACACA_THIBETANA_THIBETANA	I	I
EXO1	1	MANDRILLUS_LEUCOPHAEUS	PI	I;PI
EXO1	1	MANDRILLUS_SPHINX	I	I
EXO1	1	MICROCEBUS_GRISEORUFUS	PI	PI
EXO1	1	MICROCEBUS_MITTERMEIERI	PI	PI
EXO1	1	MICROCEBUS_MURINUS	I	I
EXO1	1	MICROCEBUS_SP._3_GT-2019	PI	PI
EXO1	1	MICROCEBUS_TAVARATRA	I	I
EXO1	1	MIRZA_COQUERELI	PI	PI
EXO1	1	MIRZA_ZAZA	I	I
EXO1	1	NASALIS_LARVATUS	PI	PI
EXO1	1	NOMASCUS_LEUCOGENYS	I	I
EXO1	1	NYCTICEBUS_BENGALENSIS	I	I
EXO1	1	NYCTICEBUS_COUCANG	I	I
EXO1	1	OTOLEMUR_CRASSICAUDATUS	I	I
EXO1	1	OTOLEMUR_GARNETTII	I	I
EXO1	1	PAN_PANISCUS	I	I
EXO1	1	PAN_TROGLODYTES	I	I
EXO1	1	PAPIO_ANUBIS	UL	UL
EXO1	1	PAPIO_HAMADRYAS	I	I
EXO1	1	PAPIO_PAPIO	I	I
EXO1	1	PILIOCOLOBUS_TEPHROSCELES	I	I
EXO1	1	PITHECIA_MITTERMEIERI	I	I
EXO1	1	PITHECIA_PITHECIA	I	I
EXO1	1	PITHECIA_VANZOLINII	I	I
EXO1	1	PLECTUROCEBUS_BERNHARDI	PI	PI
EXO1	1	PLECTUROCEBUS_BRUNNEUS	UL	UL
EXO1	1	PLECTUROCEBUS_CALIGATUS	PI	PI
EXO1	1	PLECTUROCEBUS_CINERASCENS	PI	PI
EXO1	1	PLECTUROCEBUS_CUPREUS	I	I
EXO1	1	PLECTUROCEBUS_DONACOPHILUS	PI	PI
EXO1	1	PLECTUROCEBUS_DUBIUS	L	L
EXO1	1	PLECTUROCEBUS_GROVESI	PI	PI
EXO1	1	PLECTUROCEBUS_HOFFMANNSI	PI	PI
EXO1	1	PLECTUROCEBUS_MILTONI	PI	PI
EXO1	1	PLECTUROCEBUS_MOLOCH	PI	PI
EXO1	1	PONGO_ABELII	I	I
EXO1	1	PONGO_PYGMAEUS	I	I
EXO1	1	PROLEMUR_SIMUS	I	I
EXO1	1	PROPITHECUS_COQUERELI	I	I
EXO1	1	PYGATHRIX_NEMAEUS	I	I
EXO1	1	PYGATHRIX_NIGRIPES	I	I
EXO1	1	RHINOPITHECUS_BIETI	UL	I;UL
EXO1	1	RHINOPITHECUS_ROXELLANA	I	I
EXO1	1	RHINOPITHECUS_STRYKERI	I	I
EXO1	1	SAGUINUS_IMPERATOR	I	I
EXO1	1	SAGUINUS_MIDAS	I	I
EXO1	1	SAGUINUS_OEDIPUS	I	I
EXO1	1	SAIMIRI_BOLIVIENSIS	I	I
EXO1	1	SAIMIRI_BOLIVIENSIS_BOLIVIENSIS	I	I
EXO1	1	SAPAJUS_APELLA	I	I
EXO1	1	SEMNOPITHECUS_ENTELLUS	I	I
EXO1	1	SYMPHALANGUS_SYNDACTYLUS	I	I
EXO1	1	THEROPITHECUS_GELADA	I	I
EXO1	1	TRACHYPITHECUS_FRANCOISI	I	I
EXO1	1	TRACHYPITHECUS_GERMAINI	I	I
EXO1	1	TRACHYPITHECUS_PHAYREI_CREPUSCULA	I	I
EXO1	1	VARECIA_VARIEGATA	PI	PI
FANCC	9	ALLENOPITHECUS_NIGROVIRIDIS	I	I
FANCC	9	ALLOCHROCEBUS_LHOESTI	I	I
FANCC	9	ALOUATTA_PALLIATA	I	I
FANCC	9	AOTUS_NANCYMAAE	I	I
FANCC	9	AOTUS_VOCIFERANS	I	I
FANCC	9	ATELES_BELZEBUTH	PI	PI
FANCC	9	ATELES_CHAMEK	PI	PI
FANCC	9	ATELES_GEOFFROYI	PI	PI
FANCC	9	ATELES_MARGINATUS	PI	PI
FANCC	9	ATELES_PANISCUS	PI	I;PI
FANCC	9	CACAJAO_AYRESI	I	I
FANCC	9	CACAJAO_CALVUS	I	I
FANCC	9	CACAJAO_HOSOMI	I	I
FANCC	9	CACAJAO_MELANOCEPHALUS	I	I
FANCC	9	CALLIMICO_GOELDII	I	I
FANCC	9	CALLITHRIX_JACCHUS	I	I
FANCC	9	CALLITHRIX_PENICILLATA	I	I
FANCC	9	CALLITHRIX_PYGMAEA	I	I
FANCC	9	CARLITO_SYRICHTA	I	I
FANCC	9	CEBUS_ALBIFRONS	I	I
FANCC	9	CEBUS_CAPUCINUS_IMITATOR	I	I
FANCC	9	CEPHALOPACHUS_BANCANUS	I	I
FANCC	9	CERCOCEBUS_ATYS	I	I
FANCC	9	CERCOPITHECUS_ALBOGULARIS	I	I
FANCC	9	CERCOPITHECUS_MONA	I	I
FANCC	9	CERCOPITHECUS_NEGLECTUS	I	I
FANCC	9	CHEIROGALEUS_MEDIUS	I	I
FANCC	9	CHERACEBUS_REGULUS	I	I
FANCC	9	CHERACEBUS_TORQUATUS	I	I
FANCC	9	CHIROPOTES_ISRAELITA	I	I
FANCC	9	CHIROPOTES_SAGULATUS	I	I
FANCC	9	CHLOROCEBUS_AETHIOPS	I	I
FANCC	9	CHLOROCEBUS_SABAEUS	I	I
FANCC	9	COLOBUS_ANGOLENSIS_PALLIATUS	I	I
FANCC	9	COLOBUS_GUEREZA	UL	UL
FANCC	9	DAUBENTONIA_MADAGASCARIENSIS	I	I
FANCC	9	ERYTHROCEBUS_PATAS	I	I
FANCC	9	EULEMUR_FLAVIFRONS	I	I
FANCC	9	EULEMUR_FULVUS	PI	PI
FANCC	9	EULEMUR_FULVUS_COLLARIS	I	I
FANCC	9	EULEMUR_MACACO	I	I
FANCC	9	EULEMUR_MONGOZ	PI	PI
FANCC	9	GALAGO_MOHOLI	I	I
FANCC	9	GORILLA_BERINGEI	I	I
FANCC	9	GORILLA_GORILLA	I	I
FANCC	9	GORILLA_GORILLA_GORILLA	I	I
FANCC	9	HOOLOCK_LEUCONEDYS	I	I
FANCC	9	HYLOBATES_AGILIS	I	I
FANCC	9	HYLOBATES_MOLOCH	I	I
FANCC	9	HYLOBATES_PILEATUS	I	I
FANCC	9	INDRI_INDRI	PI	PI
FANCC	9	LAGOTHRIX_LAGOTRICHA	I	I
FANCC	9	LEMUR_CATTA	I	I
FANCC	9	LEONTOPITHECUS_CHRYSOMELAS	I	I
FANCC	9	LEONTOPITHECUS_ROSALIA	I	I
FANCC	9	LOPHOCEBUS_ATERRIMUS	I	I
FANCC	9	LORIS_TARDIGRADUS	I	I
FANCC	9	MACACA_ARCTOIDES	I	I
FANCC	9	MACACA_ASSAMENSIS	I	I
FANCC	9	MACACA_CYCLOPIS	I	I
FANCC	9	MACACA_FASCICULARIS	UL	I;UL
FANCC	9	MACACA_FUSCATA	I	I
FANCC	9	MACACA_LEONINA	I	I
FANCC	9	MACACA_MULATTA	I	I
FANCC	9	MACACA_NEMESTRINA	I	I
FANCC	9	MACACA_NIGRA	I	I
FANCC	9	MACACA_SILENUS	I	I
FANCC	9	MACACA_THIBETANA_THIBETANA	I	I
FANCC	9	MANDRILLUS_LEUCOPHAEUS	I	I
FANCC	9	MANDRILLUS_SPHINX	I	I
FANCC	9	MICROCEBUS_GRISEORUFUS	PI	PI
FANCC	9	MICROCEBUS_MITTERMEIERI	PI	PI
FANCC	9	MICROCEBUS_MURINUS	I	I
FANCC	9	MICROCEBUS_RAVELOBENSIS	I	I
FANCC	9	MICROCEBUS_SP._3_GT-2019	PI	PI
FANCC	9	MICROCEBUS_TAVARATRA	PI	PI
FANCC	9	MIRZA_COQUERELI	I	I
FANCC	9	MIRZA_ZAZA	I	I
FANCC	9	NASALIS_LARVATUS	PI	PI
FANCC	9	NOMASCUS_LEUCOGENYS	I	I
FANCC	9	NYCTICEBUS_BENGALENSIS	I	I
FANCC	9	NYCTICEBUS_COUCANG	I	I
FANCC	9	OTOLEMUR_CRASSICAUDATUS	I	I
FANCC	9	OTOLEMUR_GARNETTII	I	I
FANCC	9	PAN_PANISCUS	I	I
FANCC	9	PAN_TROGLODYTES	I	I
FANCC	9	PAPIO_ANUBIS	I	I
FANCC	9	PAPIO_HAMADRYAS	I	I
FANCC	9	PAPIO_PAPIO	PI	PI
FANCC	9	PILIOCOLOBUS_TEPHROSCELES	I	I
FANCC	9	PITHECIA_MITTERMEIERI	I	I
FANCC	9	PITHECIA_PITHECIA	I	I
FANCC	9	PITHECIA_VANZOLINII	I	I
FANCC	9	PLECTUROCEBUS_BERNHARDI	I	I
FANCC	9	PLECTUROCEBUS_BRUNNEUS	I	I
FANCC	9	PLECTUROCEBUS_CALIGATUS	I	I
FANCC	9	PLECTUROCEBUS_CINERASCENS	I	I
FANCC	9	PLECTUROCEBUS_CUPREUS	I	I
FANCC	9	PLECTUROCEBUS_DONACOPHILUS	I	I
FANCC	9	PLECTUROCEBUS_DUBIUS	I	I
FANCC	9	PLECTUROCEBUS_HOFFMANNSI	I	I
FANCC	9	PLECTUROCEBUS_MILTONI	I	I
FANCC	9	PLECTUROCEBUS_MOLOCH	I	I
FANCC	9	PONGO_ABELII	I	I
FANCC	9	PONGO_PYGMAEUS	I	I
FANCC	9	PROLEMUR_SIMUS	I	I
FANCC	9	PROPITHECUS_COQUERELI	I	I
FANCC	9	PYGATHRIX_NEMAEUS	I	I
FANCC	9	PYGATHRIX_NIGRIPES	I	I
FANCC	9	RHINOPITHECUS_BIETI	I	I
FANCC	9	RHINOPITHECUS_ROXELLANA	I	I
FANCC	9	RHINOPITHECUS_STRYKERI	I	I
FANCC	9	SAGUINUS_IMPERATOR	I	I
FANCC	9	SAGUINUS_MIDAS	I	I
FANCC	9	SAGUINUS_OEDIPUS	I	I
FANCC	9	SAIMIRI_BOLIVIENSIS	I	I
FANCC	9	SAIMIRI_BOLIVIENSIS_BOLIVIENSIS	I	I
FANCC	9	SAIMIRI_SCIUREUS	I	I
FANCC	9	SAPAJUS_APELLA	I	I
FANCC	9	SEMNOPITHECUS_ENTELLUS	PI	PI
FANCC	9	SYMPHALANGUS_SYNDACTYLUS	I	I
FANCC	9	THEROPITHECUS_GELADA	I	I
FANCC	9	TRACHYPITHECUS_FRANCOISI	I	I
FANCC	9	TRACHYPITHECUS_GERMAINI	I	I
FANCC	9	TRACHYPITHECUS_PHAYREI_CREPUSCULA	I	I
FANCC	9	VARECIA_VARIEGATA	I	I
FANCE	6	ALLENOPITHECUS_NIGROVIRIDIS	I	I
FANCE	6	ALLOCHROCEBUS_LHOESTI	I	I
FANCE	6	ALOUATTA_PALLIATA	I	I
FANCE	6	AOTUS_NANCYMAAE	I	I
FANCE	6	AOTUS_VOCIFERANS	I	I
FANCE	6	ATELES_BELZEBUTH	I	I
FANCE	6	ATELES_CHAMEK	I	I
FANCE	6	ATELES_GEOFFROYI	I	I
FANCE	6	ATELES_MARGINATUS	I	I
FANCE	6	ATELES_PANISCUS	I	I
FANCE	6	CACAJAO_AYRESI	I	I
FANCE	6	CACAJAO_CALVUS	I	I
FANCE	6	CACAJAO_HOSOMI	I	I
FANCE	6	CACAJAO_MELANOCEPHALUS	I	I
FANCE	6	CALLIMICO_GOELDII	PI	PI
FANCE	6	CALLITHRIX_JACCHUS	I	I
FANCE	6	CALLITHRIX_PENICILLATA	I	I
FANCE	6	CALLITHRIX_PYGMAEA	I	I
FANCE	6	CARLITO_SYRICHTA	PI	PI
FANCE	6	CEBUS_ALBIFRONS	I	I
FANCE	6	CEBUS_CAPUCINUS_IMITATOR	I	I
FANCE	6	CEPHALOPACHUS_BANCANUS	I	I
FANCE	6	CERCOCEBUS_ATYS	I	I
FANCE	6	CERCOPITHECUS_ALBOGULARIS	I	I
FANCE	6	CERCOPITHECUS_MONA	I	I
FANCE	6	CERCOPITHECUS_NEGLECTUS	I	I
FANCE	6	CHEIROGALEUS_MEDIUS	I	I
FANCE	6	CHERACEBUS_LUCIFER	I	I
FANCE	6	CHERACEBUS_LUGENS	I	I
FANCE	6	CHERACEBUS_REGULUS	I	I
FANCE	6	CHERACEBUS_TORQUATUS	I	I
FANCE	6	CHIROPOTES_ISRAELITA	I	I
FANCE	6	CHIROPOTES_SAGULATUS	I	I
FANCE	6	CHLOROCEBUS_AETHIOPS	I	I
FANCE	6	CHLOROCEBUS_SABAEUS	I	I
FANCE	6	COLOBUS_ANGOLENSIS_PALLIATUS	PI	PI
FANCE	6	COLOBUS_GUEREZA	I	I
FANCE	6	DAUBENTONIA_MADAGASCARIENSIS	I	I
FANCE	6	ERYTHROCEBUS_PATAS	I	I
FANCE	6	EULEMUR_FLAVIFRONS	PI	PI
FANCE	6	EULEMUR_FULVUS	I	I
FANCE	6	EULEMUR_FULVUS_COLLARIS	I	I
FANCE	6	EULEMUR_MACACO	PI	PI
FANCE	6	EULEMUR_MONGOZ	PI	PI
FANCE	6	GALAGO_MOHOLI	UL	UL
FANCE	6	GALAGO_SENEGALENSIS	M	M
FANCE	6	GORILLA_BERINGEI	I	I
FANCE	6	GORILLA_GORILLA	I	I
FANCE	6	GORILLA_GORILLA_GORILLA	I	I
FANCE	6	HOOLOCK_LEUCONEDYS	L	I;L
FANCE	6	HYLOBATES_AGILIS	I	I
FANCE	6	HYLOBATES_MOLOCH	I	I
FANCE	6	HYLOBATES_PILEATUS	I	I
FANCE	6	INDRI_INDRI	I	I
FANCE	6	LAGOTHRIX_LAGOTRICHA	I	I
FANCE	6	LEMUR_CATTA	I	I
FANCE	6	LEONTOPITHECUS_CHRYSOMELAS	I	I
FANCE	6	LEONTOPITHECUS_ROSALIA	I	I
FANCE	6	LOPHOCEBUS_ATERRIMUS	I	I
FANCE	6	LORIS_TARDIGRADUS	I	I
FANCE	6	MACACA_ARCTOIDES	I	I
FANCE	6	MACACA_ASSAMENSIS	I	I
FANCE	6	MACACA_CYCLOPIS	I	I
FANCE	6	MACACA_FASCICULARIS	I	I
FANCE	6	MACACA_FUSCATA	I	I
FANCE	6	MACACA_LEONINA	I	I
FANCE	6	MACACA_MULATTA	I	I
FANCE	6	MACACA_NEMESTRINA	I	I
FANCE	6	MACACA_NIGRA	I	I
FANCE	6	MACACA_SILENUS	I	I
FANCE	6	MACACA_THIBETANA_THIBETANA	I	I
FANCE	6	MANDRILLUS_LEUCOPHAEUS	PI	I;PI
FANCE	6	MANDRILLUS_SPHINX	I	I
FANCE	6	MICROCEBUS_GRISEORUFUS	I	I
FANCE	6	MICROCEBUS_MITTERMEIERI	I	I
FANCE	6	MICROCEBUS_MURINUS	I	I
FANCE	6	MICROCEBUS_RAVELOBENSIS	I	I
FANCE	6	MICROCEBUS_SP._3_GT-2019	I	I
FANCE	6	MICROCEBUS_TAVARATRA	I	I
FANCE	6	MIRZA_COQUERELI	PM	PM
FANCE	6	MIRZA_ZAZA	I	I
FANCE	6	NASALIS_LARVATUS	M	M
FANCE	6	NOMASCUS_LEUCOGENYS	I	I
FANCE	6	NYCTICEBUS_BENGALENSIS	I	I
FANCE	6	NYCTICEBUS_COUCANG	I	I
FANCE	6	OTOLEMUR_CRASSICAUDATUS	I	I
FANCE	6	OTOLEMUR_GARNETTII	I	I
FANCE	6	PAN_PANISCUS	I	I
FANCE	6	PAN_TROGLODYTES	I	I
FANCE	6	PAPIO_ANUBIS	I	I
FANCE	6	PAPIO_HAMADRYAS	I	I
FANCE	6	PAPIO_PAPIO	I	I
FANCE	6	PILIOCOLOBUS_TEPHROSCELES	I	I
FANCE	6	PITHECIA_MITTERMEIERI	I	I
FANCE	6	PITHECIA_PITHECIA	I	I
FANCE	6	PITHECIA_VANZOLINII	I	I
FANCE	6	PLECTUROCEBUS_BERNHARDI	I	I
FANCE	6	PLECTUROCEBUS_BRUNNEUS	I	I
FANCE	6	PLECTUROCEBUS_CALIGATUS	I	I
FANCE	6	PLECTUROCEBUS_CINERASCENS	I	I
FANCE	6	PLECTUROCEBUS_CUPREUS	I	I
FANCE	6	PLECTUROCEBUS_DONACOPHILUS	I	I
FANCE	6	PLECTUROCEBUS_DUBIUS	I	I
FANCE	6	PLECTUROCEBUS_GROVESI	I	I
FANCE	6	PLECTUROCEBUS_HOFFMANNSI	I	I
FANCE	6	PLECTUROCEBUS_MILTONI	I	I
FANCE	6	PLECTUROCEBUS_MOLOCH	I	I
FANCE	6	PONGO_ABELII	I	I
FANCE	6	PONGO_PYGMAEUS	I	I
FANCE	6	PROLEMUR_SIMUS	I	I
FANCE	6	PROPITHECUS_COQUERELI	UL	UL
FANCE	6	PYGATHRIX_NEMAEUS	I	I
FANCE	6	PYGATHRIX_NIGRIPES	I	I
FANCE	6	RHINOPITHECUS_BIETI	I	I
FANCE	6	RHINOPITHECUS_ROXELLANA	I	I
FANCE	6	RHINOPITHECUS_STRYKERI	I	I
FANCE	6	SAGUINUS_IMPERATOR	I	I
FANCE	6	SAGUINUS_MIDAS	I	I
FANCE	6	SAGUINUS_OEDIPUS	I	I
FANCE	6	SAIMIRI_BOLIVIENSIS	I	I
FANCE	6	SAIMIRI_BOLIVIENSIS_BOLIVIENSIS	I	I
FANCE	6	SAIMIRI_SCIUREUS	PM	PM
FANCE	6	SAPAJUS_APELLA	UL	I;UL
FANCE	6	SEMNOPITHECUS_ENTELLUS	I	I
FANCE	6	SYMPHALANGUS_SYNDACTYLUS	I	I
FANCE	6	THEROPITHECUS_GELADA	I	I
FANCE	6	TRACHYPITHECUS_FRANCOISI	I	I
FANCE	6	TRACHYPITHECUS_GERMAINI	I	I
FANCE	6	TRACHYPITHECUS_PHAYREI_CREPUSCULA	I	I
FANCE	6	VARECIA_VARIEGATA	PI	PI
FANCM	14	ALLENOPITHECUS_NIGROVIRIDIS	UL	UL
FANCM	14	ALLOCHROCEBUS_LHOESTI	I	I
FANCM	14	ALOUATTA_PALLIATA	PI	PI
FANCM	14	AOTUS_NANCYMAAE	I	I
FANCM	14	AOTUS_VOCIFERANS	I	I
FANCM	14	ATELES_BELZEBUTH	I	I
FANCM	14	ATELES_CHAMEK	I	I
FANCM	14	ATELES_GEOFFROYI	PI	PI
FANCM	14	ATELES_MARGINATUS	I	I
FANCM	14	ATELES_PANISCUS	PI	I;PI
FANCM	14	CACAJAO_AYRESI	I	I
FANCM	14	CACAJAO_CALVUS	I	I
FANCM	14	CACAJAO_HOSOMI	I	I
FANCM	14	CALLIMICO_GOELDII	I	I
FANCM	14	CALLITHRIX_JACCHUS	UL	I;UL
FANCM	14	CALLITHRIX_PENICILLATA	PI	PI
FANCM	14	CALLITHRIX_PYGMAEA	I	I
FANCM	14	CARLITO_SYRICHTA	UL	UL
FANCM	14	CEBUS_ALBIFRONS	PI	I;PI
FANCM	14	CEBUS_CAPUCINUS_IMITATOR	PI	PI
FANCM	14	CEPHALOPACHUS_BANCANUS	UL	UL
FANCM	14	CERCOCEBUS_ATYS	I	I
FANCM	14	CERCOPITHECUS_ALBOGULARIS	I	I
FANCM	14	CERCOPITHECUS_MONA	I	I
FANCM	14	CERCOPITHECUS_NEGLECTUS	PI	PI
FANCM	14	CHEIROGALEUS_MEDIUS	I	I
FANCM	14	CHERACEBUS_LUCIFER	I	I
FANCM	14	CHERACEBUS_REGULUS	I	I
FANCM	14	CHIROPOTES_ISRAELITA	PM	PM
FANCM	14	CHIROPOTES_SAGULATUS	I	I
FANCM	14	CHLOROCEBUS_AETHIOPS	I	I
FANCM	14	CHLOROCEBUS_SABAEUS	I	I
FANCM	14	COLOBUS_ANGOLENSIS_PALLIATUS	I	I
FANCM	14	COLOBUS_GUEREZA	I	I
FANCM	14	DAUBENTONIA_MADAGASCARIENSIS	UL	I;UL
FANCM	14	ERYTHROCEBUS_PATAS	UL	PI;UL
FANCM	14	EULEMUR_FLAVIFRONS	I	I
FANCM	14	EULEMUR_FULVUS	I	I
FANCM	14	EULEMUR_FULVUS_COLLARIS	I	I
FANCM	14	EULEMUR_MACACO	I	I
FANCM	14	EULEMUR_MONGOZ	PI	PI
FANCM	14	GALAGO_MOHOLI	I	I
FANCM	14	GALAGO_SENEGALENSIS	UL	UL
FANCM	14	GORILLA_BERINGEI	I	I
FANCM	14	GORILLA_GORILLA	I	I
FANCM	14	GORILLA_GORILLA_GORILLA	I	I
FANCM	14	HOOLOCK_LEUCONEDYS	I	I
FANCM	14	HYLOBATES_AGILIS	I	I
FANCM	14	HYLOBATES_MOLOCH	PI	PI
FANCM	14	HYLOBATES_PILEATUS	I	I
FANCM	14	INDRI_INDRI	I	I
FANCM	14	LEMUR_CATTA	I	I
FANCM	14	LEONTOPITHECUS_CHRYSOMELAS	PI	PI
FANCM	14	LEONTOPITHECUS_ROSALIA	I	I
FANCM	14	LOPHOCEBUS_ATERRIMUS	I	I
FANCM	14	LORIS_TARDIGRADUS	UL	UL
FANCM	14	MACACA_ARCTOIDES	I	I
FANCM	14	MACACA_ASSAMENSIS	I	I
FANCM	14	MACACA_CYCLOPIS	I	I
FANCM	14	MACACA_FASCICULARIS	I	I
FANCM	14	MACACA_FUSCATA	I	I
FANCM	14	MACACA_LEONINA	I	I
FANCM	14	MACACA_MULATTA	I	I
FANCM	14	MACACA_NEMESTRINA	I	I
FANCM	14	MACACA_NIGRA	I	I
FANCM	14	MACACA_SILENUS	I	I
FANCM	14	MACACA_THIBETANA_THIBETANA	I	I
FANCM	14	MANDRILLUS_LEUCOPHAEUS	UL	I;UL
FANCM	14	MANDRILLUS_SPHINX	PI	I;PI
FANCM	14	MICROCEBUS_GRISEORUFUS	PI	PI
FANCM	14	MICROCEBUS_MURINUS	I	I
FANCM	14	MICROCEBUS_SP._3_GT-2019	PI	PI
FANCM	14	MICROCEBUS_TAVARATRA	UL	UL
FANCM	14	MIRZA_COQUERELI	I	I
FANCM	14	MIRZA_ZAZA	I	I
FANCM	14	NASALIS_LARVATUS	UL	UL
FANCM	14	NOMASCUS_LEUCOGENYS	I	I
FANCM	14	NYCTICEBUS_BENGALENSIS	I	I
FANCM	14	NYCTICEBUS_COUCANG	PI	I;PI
FANCM	14	OTOLEMUR_CRASSICAUDATUS	I	I
FANCM	14	OTOLEMUR_GARNETTII	I	I
FANCM	14	PAN_PANISCUS	I	I
FANCM	14	PAN_TROGLODYTES	I	I
FANCM	14	PAPIO_ANUBIS	I	I
FANCM	14	PAPIO_HAMADRYAS	I	I
FANCM	14	PAPIO_PAPIO	PI	PI
FANCM	14	PILIOCOLOBUS_TEPHROSCELES	I	I
FANCM	14	PITHECIA_MITTERMEIERI	PI	PI
FANCM	14	PITHECIA_PITHECIA	I	I
FANCM	14	PITHECIA_VANZOLINII	PI	PI
FANCM	14	PLECTUROCEBUS_BERNHARDI	I	I
FANCM	14	PLECTUROCEBUS_CUPREUS	I	I
FANCM	14	PLECTUROCEBUS_DONACOPHILUS	I	I
FANCM	14	PLECTUROCEBUS_DUBIUS	I	I
FANCM	14	PONGO_ABELII	I	I
FANCM	14	PONGO_PYGMAEUS	I	I
FANCM	14	PROLEMUR_SIMUS	I	I
FANCM	14	PROPITHECUS_COQUERELI	PI	PI
FANCM	14	PYGATHRIX_NEMAEUS	I	I
FANCM	14	PYGATHRIX_NIGRIPES	UL	UL
FANCM	14	RHINOPITHECUS_BIETI	UL	I;UL
FANCM	14	RHINOPITHECUS_ROXELLANA	I	I
FANCM	14	RHINOPITHECUS_STRYKERI	I	I
FANCM	14	SAGUINUS_IMPERATOR	PI	PI
FANCM	14	SAGUINUS_MIDAS	I	I
FANCM	14	SAGUINUS_OEDIPUS	I	I
FANCM	14	SAIMIRI_BOLIVIENSIS	PI	PI
FANCM	14	SAIMIRI_BOLIVIENSIS_BOLIVIENSIS	I	I
FANCM	14	SAPAJUS_APELLA	I	I
FANCM	14	SEMNOPITHECUS_ENTELLUS	I	I
FANCM	14	SYMPHALANGUS_SYNDACTYLUS	I	I
FANCM	14	THEROPITHECUS_GELADA	I	I
FANCM	14	TRACHYPITHECUS_FRANCOISI	I	I
FANCM	14	TRACHYPITHECUS_GERMAINI	I	I
FANCM	14	TRACHYPITHECUS_PHAYREI_CREPUSCULA	I	I
FANCM	14	VARECIA_VARIEGATA	PI	PI
FIGNL1	7	ALLENOPITHECUS_NIGROVIRIDIS	I	I
FIGNL1	7	ALLOCHROCEBUS_LHOESTI	I	I
FIGNL1	7	ALOUATTA_PALLIATA	I	I
FIGNL1	7	AOTUS_NANCYMAAE	I	I
FIGNL1	7	AOTUS_VOCIFERANS	I	I
FIGNL1	7	ATELES_BELZEBUTH	I	I
FIGNL1	7	ATELES_CHAMEK	I	I
FIGNL1	7	ATELES_GEOFFROYI	I	I
FIGNL1	7	ATELES_MARGINATUS	I	I
FIGNL1	7	ATELES_PANISCUS	I	I
FIGNL1	7	CACAJAO_AYRESI	I	I
FIGNL1	7	CACAJAO_CALVUS	I	I
FIGNL1	7	CACAJAO_HOSOMI	I	I
FIGNL1	7	CACAJAO_MELANOCEPHALUS	I	I
FIGNL1	7	CALLIMICO_GOELDII	I	I
FIGNL1	7	CALLITHRIX_JACCHUS	I	I
FIGNL1	7	CALLITHRIX_PENICILLATA	I	I
FIGNL1	7	CALLITHRIX_PYGMAEA	I	I
FIGNL1	7	CARLITO_SYRICHTA	I	I
FIGNL1	7	CEBUS_ALBIFRONS	I	I
FIGNL1	7	CEBUS_CAPUCINUS_IMITATOR	I	I
FIGNL1	7	CEPHALOPACHUS_BANCANUS	I	I
FIGNL1	7	CERCOCEBUS_ATYS	I	I
FIGNL1	7	CERCOPITHECUS_ALBOGULARIS	I	I
FIGNL1	7	CERCOPITHECUS_MONA	I	I
FIGNL1	7	CERCOPITHECUS_NEGLECTUS	I	I
FIGNL1	7	CHEIROGALEUS_MEDIUS	I	I
FIGNL1	7	CHERACEBUS_LUCIFER	I	I
FIGNL1	7	CHERACEBUS_LUGENS	I	I
FIGNL1	7	CHERACEBUS_REGULUS	I	I
FIGNL1	7	CHERACEBUS_TORQUATUS	I	I
FIGNL1	7	CHIROPOTES_ISRAELITA	I	I
FIGNL1	7	CHIROPOTES_SAGULATUS	I	I
FIGNL1	7	CHLOROCEBUS_AETHIOPS	I	I
FIGNL1	7	CHLOROCEBUS_SABAEUS	I	I
FIGNL1	7	COLOBUS_ANGOLENSIS_PALLIATUS	I	I
FIGNL1	7	COLOBUS_GUEREZA	I	I
FIGNL1	7	DAUBENTONIA_MADAGASCARIENSIS	I	I
FIGNL1	7	ERYTHROCEBUS_PATAS	I	I
FIGNL1	7	EULEMUR_FLAVIFRONS	I	I
FIGNL1	7	EULEMUR_FULVUS	I	I
FIGNL1	7	EULEMUR_FULVUS_COLLARIS	I	I
FIGNL1	7	EULEMUR_MACACO	I	I
FIGNL1	7	EULEMUR_MONGOZ	I	I
FIGNL1	7	GALAGO_MOHOLI	I	I
FIGNL1	7	GALAGO_SENEGALENSIS	I	I
FIGNL1	7	GORILLA_BERINGEI	I	I
FIGNL1	7	GORILLA_GORILLA	I	I
FIGNL1	7	GORILLA_GORILLA_GORILLA	I	I
FIGNL1	7	HOOLOCK_LEUCONEDYS	UL	I;UL
FIGNL1	7	HYLOBATES_AGILIS	I	I
FIGNL1	7	HYLOBATES_MOLOCH	I	I
FIGNL1	7	HYLOBATES_PILEATUS	I	I
FIGNL1	7	INDRI_INDRI	I	I
FIGNL1	7	LAGOTHRIX_LAGOTRICHA	I	I
FIGNL1	7	LEMUR_CATTA	I	I
FIGNL1	7	LEONTOPITHECUS_CHRYSOMELAS	I	I
FIGNL1	7	LEONTOPITHECUS_ROSALIA	I	I
FIGNL1	7	LOPHOCEBUS_ATERRIMUS	I	I
FIGNL1	7	LORIS_TARDIGRADUS	I	I
FIGNL1	7	MACACA_ARCTOIDES	I	I
FIGNL1	7	MACACA_ASSAMENSIS	I	I
FIGNL1	7	MACACA_CYCLOPIS	I	I
FIGNL1	7	MACACA_FASCICULARIS	I	I
FIGNL1	7	MACACA_FUSCATA	I	I
FIGNL1	7	MACACA_LEONINA	I	I
FIGNL1	7	MACACA_MULATTA	I	I
FIGNL1	7	MACACA_NEMESTRINA	I	I
FIGNL1	7	MACACA_NIGRA	I	I
FIGNL1	7	MACACA_SILENUS	I	I
FIGNL1	7	MACACA_THIBETANA_THIBETANA	I	I
FIGNL1	7	MANDRILLUS_LEUCOPHAEUS	I	I
FIGNL1	7	MANDRILLUS_SPHINX	I	I
FIGNL1	7	MICROCEBUS_GRISEORUFUS	I	I
FIGNL1	7	MICROCEBUS_MITTERMEIERI	I	I
FIGNL1	7	MICROCEBUS_MURINUS	I	I
FIGNL1	7	MICROCEBUS_RAVELOBENSIS	I	I
FIGNL1	7	MICROCEBUS_SP._3_GT-2019	I	I
FIGNL1	7	MICROCEBUS_TAVARATRA	I	I
FIGNL1	7	MIRZA_COQUERELI	I	I
FIGNL1	7	MIRZA_ZAZA	I	I
FIGNL1	7	NASALIS_LARVATUS	L	L
FIGNL1	7	NOMASCUS_LEUCOGENYS	I	I
FIGNL1	7	NYCTICEBUS_BENGALENSIS	I	I
FIGNL1	7	NYCTICEBUS_COUCANG	I	I
FIGNL1	7	OTOLEMUR_CRASSICAUDATUS	I	I
FIGNL1	7	OTOLEMUR_GARNETTII	I	I
FIGNL1	7	PAN_PANISCUS	I	I
FIGNL1	7	PAN_TROGLODYTES	I	I
FIGNL1	7	PAPIO_ANUBIS	I	I
FIGNL1	7	PAPIO_HAMADRYAS	I	I
FIGNL1	7	PAPIO_PAPIO	I	I
FIGNL1	7	PILIOCOLOBUS_TEPHROSCELES	I	I
FIGNL1	7	PITHECIA_MITTERMEIERI	M	M
FIGNL1	7	PITHECIA_PITHECIA	I	I
FIGNL1	7	PITHECIA_VANZOLINII	M	M
FIGNL1	7	PLECTUROCEBUS_BERNHARDI	I	I
FIGNL1	7	PLECTUROCEBUS_BRUNNEUS	I	I
FIGNL1	7	PLECTUROCEBUS_CALIGATUS	I	I
FIGNL1	7	PLECTUROCEBUS_CINERASCENS	I	I
FIGNL1	7	PLECTUROCEBUS_CUPREUS	I	I
FIGNL1	7	PLECTUROCEBUS_DONACOPHILUS	I	I
FIGNL1	7	PLECTUROCEBUS_DUBIUS	I	I
FIGNL1	7	PLECTUROCEBUS_GROVESI	I	I
FIGNL1	7	PLECTUROCEBUS_HOFFMANNSI	I	I
FIGNL1	7	PLECTUROCEBUS_MILTONI	I	I
FIGNL1	7	PLECTUROCEBUS_MOLOCH	I	I
FIGNL1	7	PONGO_ABELII	I	I
FIGNL1	7	PONGO_PYGMAEUS	I	I
FIGNL1	7	PROLEMUR_SIMUS	I	I
FIGNL1	7	PROPITHECUS_COQUERELI	I	I
FIGNL1	7	PYGATHRIX_NEMAEUS	I	I
FIGNL1	7	PYGATHRIX_NIGRIPES	I	I
FIGNL1	7	RHINOPITHECUS_BIETI	UL	I;UL
FIGNL1	7	RHINOPITHECUS_ROXELLANA	I	I
FIGNL1	7	RHINOPITHECUS_STRYKERI	I	I
FIGNL1	7	SAGUINUS_IMPERATOR	I	I
FIGNL1	7	SAGUINUS_MIDAS	I	I
FIGNL1	7	SAGUINUS_OEDIPUS	I	I
FIGNL1	7	SAIMIRI_BOLIVIENSIS	I	I
FIGNL1	7	SAIMIRI_BOLIVIENSIS_BOLIVIENSIS	I	I
FIGNL1	7	SAIMIRI_SCIUREUS	I	I
FIGNL1	7	SAPAJUS_APELLA	I	I
FIGNL1	7	SEMNOPITHECUS_ENTELLUS	I	I
FIGNL1	7	SYMPHALANGUS_SYNDACTYLUS	I	I
FIGNL1	7	THEROPITHECUS_GELADA	I	I
FIGNL1	7	TRACHYPITHECUS_FRANCOISI	I	I
FIGNL1	7	TRACHYPITHECUS_GERMAINI	I	I
FIGNL1	7	TRACHYPITHECUS_PHAYREI_CREPUSCULA	I	I
FIGNL1	7	VARECIA_VARIEGATA	M	M
FKBP6	7	ALLENOPITHECUS_NIGROVIRIDIS	I	I
FKBP6	7	ALLOCHROCEBUS_LHOESTI	I	I
FKBP6	7	ALOUATTA_PALLIATA	PI	PI
FKBP6	7	AOTUS_NANCYMAAE	I	I
FKBP6	7	AOTUS_VOCIFERANS	I	I
FKBP6	7	ATELES_BELZEBUTH	I	I
FKBP6	7	ATELES_CHAMEK	I	I
FKBP6	7	ATELES_GEOFFROYI	I	I
FKBP6	7	ATELES_MARGINATUS	PI	PI
FKBP6	7	ATELES_PANISCUS	I	I
FKBP6	7	CACAJAO_AYRESI	I	I
FKBP6	7	CACAJAO_CALVUS	I	I
FKBP6	7	CACAJAO_HOSOMI	I	I
FKBP6	7	CACAJAO_MELANOCEPHALUS	I	I
FKBP6	7	CALLIMICO_GOELDII	I	I
FKBP6	7	CALLITHRIX_JACCHUS	I	I
FKBP6	7	CALLITHRIX_PENICILLATA	I	I
FKBP6	7	CALLITHRIX_PYGMAEA	I	I
FKBP6	7	CARLITO_SYRICHTA	I	I
FKBP6	7	CEBUS_ALBIFRONS	UL	I;UL
FKBP6	7	CEBUS_CAPUCINUS_IMITATOR	PI	PI
FKBP6	7	CEPHALOPACHUS_BANCANUS	I	I
FKBP6	7	CERCOCEBUS_ATYS	I	I
FKBP6	7	CERCOPITHECUS_ALBOGULARIS	I	I
FKBP6	7	CERCOPITHECUS_MONA	I	I
FKBP6	7	CERCOPITHECUS_NEGLECTUS	I	I
FKBP6	7	CHEIROGALEUS_MEDIUS	I	I
FKBP6	7	CHERACEBUS_LUCIFER	I	I
FKBP6	7	CHERACEBUS_LUGENS	I	I
FKBP6	7	CHERACEBUS_REGULUS	I	I
FKBP6	7	CHERACEBUS_TORQUATUS	I	I
FKBP6	7	CHIROPOTES_ISRAELITA	I	I
FKBP6	7	CHIROPOTES_SAGULATUS	I	I
FKBP6	7	CHLOROCEBUS_AETHIOPS	I	I
FKBP6	7	CHLOROCEBUS_SABAEUS	UL	UL
FKBP6	7	COLOBUS_ANGOLENSIS_PALLIATUS	I	I
FKBP6	7	COLOBUS_GUEREZA	I	I
FKBP6	7	DAUBENTONIA_MADAGASCARIENSIS	I	I
FKBP6	7	ERYTHROCEBUS_PATAS	I	I
FKBP6	7	EULEMUR_FLAVIFRONS	I	I
FKBP6	7	EULEMUR_FULVUS	I	I
FKBP6	7	EULEMUR_FULVUS_COLLARIS	I	I
FKBP6	7	EULEMUR_MACACO	I	I
FKBP6	7	EULEMUR_MONGOZ	I	I
FKBP6	7	GALAGO_MOHOLI	I	I
FKBP6	7	GALAGO_SENEGALENSIS	I	I
FKBP6	7	GORILLA_BERINGEI	I	I
FKBP6	7	GORILLA_GORILLA	I	I
FKBP6	7	GORILLA_GORILLA_GORILLA	I	I
FKBP6	7	HOOLOCK_LEUCONEDYS	I	I
FKBP6	7	HYLOBATES_AGILIS	I	I
FKBP6	7	HYLOBATES_MOLOCH	I	I
FKBP6	7	HYLOBATES_PILEATUS	I	I
FKBP6	7	INDRI_INDRI	PI	PI
FKBP6	7	LAGOTHRIX_LAGOTRICHA	I	I
FKBP6	7	LEMUR_CATTA	I	I
FKBP6	7	LEONTOPITHECUS_CHRYSOMELAS	I	I
FKBP6	7	LEONTOPITHECUS_ROSALIA	I	I
FKBP6	7	LOPHOCEBUS_ATERRIMUS	I	I
FKBP6	7	LORIS_TARDIGRADUS	I	I
FKBP6	7	MACACA_ARCTOIDES	I	I
FKBP6	7	MACACA_ASSAMENSIS	I	I
FKBP6	7	MACACA_CYCLOPIS	I	I
FKBP6	7	MACACA_FASCICULARIS	I	I
FKBP6	7	MACACA_FUSCATA	I	I
FKBP6	7	MACACA_LEONINA	I	I
FKBP6	7	MACACA_MULATTA	I	I
FKBP6	7	MACACA_NEMESTRINA	I	I
FKBP6	7	MACACA_NIGRA	I	I
FKBP6	7	MACACA_SILENUS	I	I
FKBP6	7	MACACA_THIBETANA_THIBETANA	I	I
FKBP6	7	MANDRILLUS_LEUCOPHAEUS	I	I
FKBP6	7	MANDRILLUS_SPHINX	I	I
FKBP6	7	MICROCEBUS_GRISEORUFUS	PI	PI
FKBP6	7	MICROCEBUS_MITTERMEIERI	I	I
FKBP6	7	MICROCEBUS_MURINUS	I	I
FKBP6	7	MICROCEBUS_RAVELOBENSIS	I	I
FKBP6	7	MICROCEBUS_SP._3_GT-2019	I	I
FKBP6	7	MICROCEBUS_TAVARATRA	I	I
FKBP6	7	MIRZA_COQUERELI	I	I
FKBP6	7	MIRZA_ZAZA	I	I
FKBP6	7	NASALIS_LARVATUS	UL	UL
FKBP6	7	NOMASCUS_LEUCOGENYS	I	I
FKBP6	7	NYCTICEBUS_BENGALENSIS	I	I
FKBP6	7	NYCTICEBUS_COUCANG	I	I
FKBP6	7	OTOLEMUR_CRASSICAUDATUS	I	I
FKBP6	7	OTOLEMUR_GARNETTII	I	I
FKBP6	7	PAN_PANISCUS	I	I
FKBP6	7	PAN_TROGLODYTES	I	I
FKBP6	7	PAPIO_ANUBIS	I	I
FKBP6	7	PAPIO_HAMADRYAS	I	I
FKBP6	7	PAPIO_PAPIO	I	I
FKBP6	7	PILIOCOLOBUS_TEPHROSCELES	I	I
FKBP6	7	PITHECIA_MITTERMEIERI	I	I
FKBP6	7	PITHECIA_PITHECIA	I	I
FKBP6	7	PITHECIA_VANZOLINII	I	I
FKBP6	7	PLECTUROCEBUS_BERNHARDI	I	I
FKBP6	7	PLECTUROCEBUS_BRUNNEUS	I	I
FKBP6	7	PLECTUROCEBUS_CALIGATUS	I	I
FKBP6	7	PLECTUROCEBUS_CINERASCENS	I	I
FKBP6	7	PLECTUROCEBUS_CUPREUS	I	I
FKBP6	7	PLECTUROCEBUS_DONACOPHILUS	I	I
FKBP6	7	PLECTUROCEBUS_DUBIUS	I	I
FKBP6	7	PLECTUROCEBUS_GROVESI	I	I
FKBP6	7	PLECTUROCEBUS_HOFFMANNSI	I	I
FKBP6	7	PLECTUROCEBUS_MILTONI	I	I
FKBP6	7	PLECTUROCEBUS_MOLOCH	I	I
FKBP6	7	PONGO_ABELII	I	I
FKBP6	7	PONGO_PYGMAEUS	I	I
FKBP6	7	PROLEMUR_SIMUS	I	I
FKBP6	7	PROPITHECUS_COQUERELI	I	I
FKBP6	7	PYGATHRIX_NEMAEUS	I	I
FKBP6	7	PYGATHRIX_NIGRIPES	I	I
FKBP6	7	RHINOPITHECUS_BIETI	I	I
FKBP6	7	RHINOPITHECUS_ROXELLANA	I	I
FKBP6	7	RHINOPITHECUS_STRYKERI	I	I
FKBP6	7	SAGUINUS_IMPERATOR	I	I
FKBP6	7	SAGUINUS_MIDAS	I	I
FKBP6	7	SAGUINUS_OEDIPUS	I	I
FKBP6	7	SAIMIRI_BOLIVIENSIS	PI	PI
FKBP6	7	SAIMIRI_BOLIVIENSIS_BOLIVIENSIS	I	I
FKBP6	7	SAIMIRI_SCIUREUS	I	I
FKBP6	7	SAPAJUS_APELLA	I	I
FKBP6	7	SEMNOPITHECUS_ENTELLUS	I	I
FKBP6	7	SYMPHALANGUS_SYNDACTYLUS	I	I
FKBP6	7	THEROPITHECUS_GELADA	I	I
FKBP6	7	TRACHYPITHECUS_FRANCOISI	I	I
FKBP6	7	TRACHYPITHECUS_GERMAINI	I	I
FKBP6	7	TRACHYPITHECUS_PHAYREI_CREPUSCULA	UL	UL
FKBP6	7	VARECIA_VARIEGATA	PI	PI
GEN1	2	ALLENOPITHECUS_NIGROVIRIDIS	I	I
GEN1	2	ALLOCHROCEBUS_LHOESTI	I	I
GEN1	2	ALOUATTA_PALLIATA	I	I
GEN1	2	AOTUS_NANCYMAAE	I	I
GEN1	2	AOTUS_VOCIFERANS	I	I
GEN1	2	ATELES_BELZEBUTH	I	I
GEN1	2	ATELES_CHAMEK	I	I
GEN1	2	ATELES_GEOFFROYI	I	I
GEN1	2	ATELES_MARGINATUS	I	I
GEN1	2	ATELES_PANISCUS	I	I
GEN1	2	CACAJAO_AYRESI	I	I
GEN1	2	CACAJAO_CALVUS	I	I
GEN1	2	CACAJAO_HOSOMI	I	I
GEN1	2	CACAJAO_MELANOCEPHALUS	I	I
GEN1	2	CALLIMICO_GOELDII	I	I
GEN1	2	CALLITHRIX_JACCHUS	I	I
GEN1	2	CALLITHRIX_PENICILLATA	I	I
GEN1	2	CALLITHRIX_PYGMAEA	I	I
GEN1	2	CARLITO_SYRICHTA	I	I
GEN1	2	CEBUS_ALBIFRONS	I	I
GEN1	2	CEBUS_CAPUCINUS_IMITATOR	I	I
GEN1	2	CEPHALOPACHUS_BANCANUS	I	I
GEN1	2	CERCOCEBUS_ATYS	I	I
GEN1	2	CERCOPITHECUS_ALBOGULARIS	I	I
GEN1	2	CERCOPITHECUS_MONA	I	I
GEN1	2	CERCOPITHECUS_NEGLECTUS	UL	UL
GEN1	2	CHEIROGALEUS_MEDIUS	I	I
GEN1	2	CHERACEBUS_LUCIFER	I	I
GEN1	2	CHERACEBUS_LUGENS	I	I
GEN1	2	CHERACEBUS_REGULUS	I	I
GEN1	2	CHERACEBUS_TORQUATUS	I	I
GEN1	2	CHIROPOTES_ISRAELITA	I	I
GEN1	2	CHIROPOTES_SAGULATUS	I	I
GEN1	2	CHLOROCEBUS_AETHIOPS	I	I
GEN1	2	CHLOROCEBUS_SABAEUS	I	I
GEN1	2	COLOBUS_ANGOLENSIS_PALLIATUS	PI	PI
GEN1	2	COLOBUS_GUEREZA	I	I
GEN1	2	DAUBENTONIA_MADAGASCARIENSIS	I	I
GEN1	2	ERYTHROCEBUS_PATAS	PI	I;PI
GEN1	2	EULEMUR_FLAVIFRONS	I	I
GEN1	2	EULEMUR_FULVUS	I	I
GEN1	2	EULEMUR_FULVUS_COLLARIS	I	I
GEN1	2	EULEMUR_MACACO	I	I
GEN1	2	EULEMUR_MONGOZ	I	I
GEN1	2	GALAGO_MOHOLI	I	I
GEN1	2	GALAGO_SENEGALENSIS	I	I
GEN1	2	GORILLA_BERINGEI	I	I
GEN1	2	GORILLA_GORILLA	I	I
GEN1	2	GORILLA_GORILLA_GORILLA	I	I
GEN1	2	HOOLOCK_LEUCONEDYS	I	I
GEN1	2	HYLOBATES_AGILIS	I	I
GEN1	2	HYLOBATES_MOLOCH	I	I
GEN1	2	HYLOBATES_PILEATUS	I	I
GEN1	2	INDRI_INDRI	I	I
GEN1	2	LAGOTHRIX_LAGOTRICHA	I	I
GEN1	2	LEMUR_CATTA	I	I
GEN1	2	LEONTOPITHECUS_CHRYSOMELAS	I	I
GEN1	2	LEONTOPITHECUS_ROSALIA	I	I
GEN1	2	LOPHOCEBUS_ATERRIMUS	I	I
GEN1	2	LORIS_TARDIGRADUS	I	I
GEN1	2	MACACA_ARCTOIDES	I	I
GEN1	2	MACACA_ASSAMENSIS	I	I
GEN1	2	MACACA_CYCLOPIS	I	I
GEN1	2	MACACA_FASCICULARIS	I	I
GEN1	2	MACACA_FUSCATA	I	I
GEN1	2	MACACA_LEONINA	I	I
GEN1	2	MACACA_MULATTA	I	I
GEN1	2	MACACA_NEMESTRINA	I	I
GEN1	2	MACACA_NIGRA	I	I
GEN1	2	MACACA_SILENUS	I	I
GEN1	2	MACACA_THIBETANA_THIBETANA	I	I
GEN1	2	MANDRILLUS_LEUCOPHAEUS	I	I
GEN1	2	MANDRILLUS_SPHINX	I	I
GEN1	2	MICROCEBUS_GRISEORUFUS	PI	PI
GEN1	2	MICROCEBUS_MITTERMEIERI	I	I
GEN1	2	MICROCEBUS_MURINUS	I	I
GEN1	2	MICROCEBUS_RAVELOBENSIS	PM	PM
GEN1	2	MICROCEBUS_SP._3_GT-2019	PI	PI
GEN1	2	MICROCEBUS_TAVARATRA	I	I
GEN1	2	MIRZA_COQUERELI	I	I
GEN1	2	MIRZA_ZAZA	I	I
GEN1	2	NASALIS_LARVATUS	PI	PI
GEN1	2	NOMASCUS_LEUCOGENYS	I	I
GEN1	2	NYCTICEBUS_BENGALENSIS	I	I
GEN1	2	NYCTICEBUS_COUCANG	I	I
GEN1	2	OTOLEMUR_CRASSICAUDATUS	PI	PI
GEN1	2	OTOLEMUR_GARNETTII	I	I
GEN1	2	PAN_PANISCUS	I	I
GEN1	2	PAN_TROGLODYTES	I	I
GEN1	2	PAPIO_ANUBIS	I	I
GEN1	2	PAPIO_HAMADRYAS	I	I
GEN1	2	PAPIO_PAPIO	PI	PI
GEN1	2	PILIOCOLOBUS_TEPHROSCELES	I	I
GEN1	2	PITHECIA_MITTERMEIERI	I	I
GEN1	2	PITHECIA_PITHECIA	I	I
GEN1	2	PLECTUROCEBUS_BERNHARDI	I	I
GEN1	2	PLECTUROCEBUS_BRUNNEUS	I	I
GEN1	2	PLECTUROCEBUS_CALIGATUS	I	I
GEN1	2	PLECTUROCEBUS_CINERASCENS	I	I
GEN1	2	PLECTUROCEBUS_CUPREUS	I	I
GEN1	2	PLECTUROCEBUS_DONACOPHILUS	I	I
GEN1	2	PLECTUROCEBUS_DUBIUS	I	I
GEN1	2	PLECTUROCEBUS_GROVESI	I	I
GEN1	2	PLECTUROCEBUS_HOFFMANNSI	I	I
GEN1	2	PLECTUROCEBUS_MILTONI	I	I
GEN1	2	PLECTUROCEBUS_MOLOCH	I	I
GEN1	2	PONGO_ABELII	I	I
GEN1	2	PONGO_PYGMAEUS	I	I
GEN1	2	PROLEMUR_SIMUS	I	I
GEN1	2	PROPITHECUS_COQUERELI	UL	UL
GEN1	2	PYGATHRIX_NEMAEUS	I	I
GEN1	2	PYGATHRIX_NIGRIPES	I	I
GEN1	2	RHINOPITHECUS_BIETI	I	I
GEN1	2	RHINOPITHECUS_ROXELLANA	I	I
GEN1	2	RHINOPITHECUS_STRYKERI	I	I
GEN1	2	SAGUINUS_IMPERATOR	I	I
GEN1	2	SAGUINUS_MIDAS	I	I
GEN1	2	SAGUINUS_OEDIPUS	I	I
GEN1	2	SAIMIRI_BOLIVIENSIS	I	I
GEN1	2	SAIMIRI_BOLIVIENSIS_BOLIVIENSIS	I	I
GEN1	2	SAPAJUS_APELLA	I	I
GEN1	2	SEMNOPITHECUS_ENTELLUS	I	I
GEN1	2	SYMPHALANGUS_SYNDACTYLUS	I	I
GEN1	2	THEROPITHECUS_GELADA	I	I
GEN1	2	TRACHYPITHECUS_FRANCOISI	I	I
GEN1	2	TRACHYPITHECUS_GERMAINI	I	I
GEN1	2	TRACHYPITHECUS_PHAYREI_CREPUSCULA	I	I
GEN1	2	VARECIA_VARIEGATA	I	I
HELLS	10	ALLENOPITHECUS_NIGROVIRIDIS	I	I
HELLS	10	ALLOCHROCEBUS_LHOESTI	I	I
HELLS	10	ALOUATTA_PALLIATA	I	I
HELLS	10	AOTUS_NANCYMAAE	I	I
HELLS	10	AOTUS_VOCIFERANS	I	I
HELLS	10	ATELES_BELZEBUTH	I	I
HELLS	10	ATELES_CHAMEK	I	I
HELLS	10	ATELES_GEOFFROYI	I	I
HELLS	10	ATELES_MARGINATUS	I	I
HELLS	10	ATELES_PANISCUS	UL	I;UL
HELLS	10	CACAJAO_AYRESI	I	I
HELLS	10	CACAJAO_CALVUS	I	I
HELLS	10	CACAJAO_HOSOMI	I	I
HELLS	10	CACAJAO_MELANOCEPHALUS	I	I
HELLS	10	CALLIMICO_GOELDII	I	I
HELLS	10	CALLITHRIX_JACCHUS	I	I
HELLS	10	CALLITHRIX_PENICILLATA	I	I
HELLS	10	CALLITHRIX_PYGMAEA	I	I
HELLS	10	CARLITO_SYRICHTA	I	I
HELLS	10	CEBUS_ALBIFRONS	I	I
HELLS	10	CEBUS_CAPUCINUS_IMITATOR	PI	PI
HELLS	10	CEPHALOPACHUS_BANCANUS	I	I
HELLS	10	CERCOCEBUS_ATYS	I	I
HELLS	10	CERCOPITHECUS_ALBOGULARIS	I	I
HELLS	10	CERCOPITHECUS_MONA	I	I
HELLS	10	CERCOPITHECUS_NEGLECTUS	I	I
HELLS	10	CHEIROGALEUS_MEDIUS	I	I
HELLS	10	CHERACEBUS_LUCIFER	PI	PI
HELLS	10	CHERACEBUS_LUGENS	PI	PI
HELLS	10	CHERACEBUS_REGULUS	PI	PI
HELLS	10	CHERACEBUS_TORQUATUS	PI	PI
HELLS	10	CHIROPOTES_ISRAELITA	UL	UL
HELLS	10	CHIROPOTES_SAGULATUS	UL	UL
HELLS	10	CHLOROCEBUS_AETHIOPS	I	I
HELLS	10	CHLOROCEBUS_SABAEUS	I	I
HELLS	10	COLOBUS_ANGOLENSIS_PALLIATUS	I	I
HELLS	10	COLOBUS_GUEREZA	I	I
HELLS	10	DAUBENTONIA_MADAGASCARIENSIS	I	I
HELLS	10	ERYTHROCEBUS_PATAS	PI	I;PI
HELLS	10	EULEMUR_FLAVIFRONS	I	I
HELLS	10	EULEMUR_FULVUS	I	I
HELLS	10	EULEMUR_FULVUS_COLLARIS	I	I
HELLS	10	EULEMUR_MACACO	I	I
HELLS	10	EULEMUR_MONGOZ	I	I
HELLS	10	GALAGO_MOHOLI	I	I
HELLS	10	GALAGO_SENEGALENSIS	UL	UL
HELLS	10	GORILLA_BERINGEI	I	I
HELLS	10	GORILLA_GORILLA	I	I
HELLS	10	GORILLA_GORILLA_GORILLA	I	I
HELLS	10	HOOLOCK_LEUCONEDYS	I	I
HELLS	10	HYLOBATES_AGILIS	I	I
HELLS	10	HYLOBATES_MOLOCH	I	I
HELLS	10	HYLOBATES_PILEATUS	I	I
HELLS	10	INDRI_INDRI	I	I
HELLS	10	LAGOTHRIX_LAGOTRICHA	PI	PI
HELLS	10	LEMUR_CATTA	I	I
HELLS	10	LEONTOPITHECUS_CHRYSOMELAS	I	I
HELLS	10	LEONTOPITHECUS_ROSALIA	PI	PI
HELLS	10	LOPHOCEBUS_ATERRIMUS	I	I
HELLS	10	LORIS_TARDIGRADUS	I	I
HELLS	10	MACACA_ARCTOIDES	I	I
HELLS	10	MACACA_ASSAMENSIS	I	I
HELLS	10	MACACA_CYCLOPIS	I	I
HELLS	10	MACACA_FASCICULARIS	I	I
HELLS	10	MACACA_FUSCATA	I	I
HELLS	10	MACACA_LEONINA	I	I
HELLS	10	MACACA_MULATTA	I	I
HELLS	10	MACACA_NEMESTRINA	I	I
HELLS	10	MACACA_NIGRA	UL	UL
HELLS	10	MACACA_SILENUS	I	I
HELLS	10	MACACA_THIBETANA_THIBETANA	I	I
HELLS	10	MANDRILLUS_LEUCOPHAEUS	I	I
HELLS	10	MANDRILLUS_SPHINX	I	I
HELLS	10	MICROCEBUS_GRISEORUFUS	PI	PI
HELLS	10	MICROCEBUS_MITTERMEIERI	PI	PI
HELLS	10	MICROCEBUS_MURINUS	I	I
HELLS	10	MICROCEBUS_RAVELOBENSIS	PI	PI
HELLS	10	MICROCEBUS_SP._3_GT-2019	I	I
HELLS	10	MICROCEBUS_TAVARATRA	I	I
HELLS	10	MIRZA_COQUERELI	I	I
HELLS	10	MIRZA_ZAZA	I	I
HELLS	10	NASALIS_LARVATUS	L	L
HELLS	10	NOMASCUS_LEUCOGENYS	I	I
HELLS	10	NYCTICEBUS_BENGALENSIS	I	I
HELLS	10	NYCTICEBUS_COUCANG	PI	I;PI
HELLS	10	OTOLEMUR_CRASSICAUDATUS	I	I
HELLS	10	OTOLEMUR_GARNETTII	I	I
HELLS	10	PAN_PANISCUS	I	I
HELLS	10	PAN_TROGLODYTES	I	I
HELLS	10	PAPIO_ANUBIS	I	I
HELLS	10	PAPIO_HAMADRYAS	UL	I;UL
HELLS	10	PAPIO_PAPIO	I	I
HELLS	10	PILIOCOLOBUS_TEPHROSCELES	I	I
HELLS	10	PITHECIA_MITTERMEIERI	I	I
HELLS	10	PITHECIA_PITHECIA	I	I
HELLS	10	PITHECIA_VANZOLINII	I	I
HELLS	10	PLECTUROCEBUS_BERNHARDI	PI	PI
HELLS	10	PLECTUROCEBUS_BRUNNEUS	PI	PI
HELLS	10	PLECTUROCEBUS_CALIGATUS	PI	PI
HELLS	10	PLECTUROCEBUS_CINERASCENS	PI	PI
HELLS	10	PLECTUROCEBUS_CUPREUS	I	I
HELLS	10	PLECTUROCEBUS_DONACOPHILUS	PI	PI
HELLS	10	PLECTUROCEBUS_DUBIUS	L	L
HELLS	10	PLECTUROCEBUS_GROVESI	PI	PI
HELLS	10	PLECTUROCEBUS_HOFFMANNSI	PI	PI
HELLS	10	PLECTUROCEBUS_MILTONI	PI	PI
HELLS	10	PLECTUROCEBUS_MOLOCH	PI	PI
HELLS	10	PONGO_ABELII	I	I
HELLS	10	PONGO_PYGMAEUS	I	I
HELLS	10	PROLEMUR_SIMUS	I	I
HELLS	10	PROPITHECUS_COQUERELI	I	I
HELLS	10	PYGATHRIX_NEMAEUS	PI	PI
HELLS	10	PYGATHRIX_NIGRIPES	I	I
HELLS	10	RHINOPITHECUS_BIETI	I	I
HELLS	10	RHINOPITHECUS_ROXELLANA	I	I
HELLS	10	RHINOPITHECUS_STRYKERI	I	I
HELLS	10	SAGUINUS_IMPERATOR	I	I
HELLS	10	SAGUINUS_MIDAS	I	I
HELLS	10	SAGUINUS_OEDIPUS	I	I
HELLS	10	SAIMIRI_BOLIVIENSIS	UL	UL
HELLS	10	SAIMIRI_BOLIVIENSIS_BOLIVIENSIS	PI	I;PI
HELLS	10	SAPAJUS_APELLA	I	I
HELLS	10	SEMNOPITHECUS_ENTELLUS	I	I
HELLS	10	SYMPHALANGUS_SYNDACTYLUS	I	I
HELLS	10	THEROPITHECUS_GELADA	I	I
HELLS	10	TRACHYPITHECUS_FRANCOISI	UL	UL
HELLS	10	TRACHYPITHECUS_GERMAINI	I	I
HELLS	10	TRACHYPITHECUS_PHAYREI_CREPUSCULA	I	I
HELLS	10	VARECIA_VARIEGATA	PI	PI
HELQ	4	ALLENOPITHECUS_NIGROVIRIDIS	I	I
HELQ	4	ALLOCHROCEBUS_LHOESTI	I	I
HELQ	4	ALOUATTA_PALLIATA	I	I
HELQ	4	AOTUS_NANCYMAAE	I	I
HELQ	4	AOTUS_VOCIFERANS	I	I
HELQ	4	ATELES_CHAMEK	PM	PM
HELQ	4	ATELES_GEOFFROYI	I	I
HELQ	4	ATELES_MARGINATUS	PI	PI
HELQ	4	ATELES_PANISCUS	UL	I;UL
HELQ	4	CACAJAO_AYRESI	I	I
HELQ	4	CACAJAO_CALVUS	I	I
HELQ	4	CACAJAO_HOSOMI	I	I
HELQ	4	CACAJAO_MELANOCEPHALUS	I	I
HELQ	4	CALLIMICO_GOELDII	I	I
HELQ	4	CALLITHRIX_JACCHUS	I	I
HELQ	4	CALLITHRIX_PENICILLATA	I	I
HELQ	4	CALLITHRIX_PYGMAEA	I	I
HELQ	4	CARLITO_SYRICHTA	I	I
HELQ	4	CEBUS_ALBIFRONS	I	I
HELQ	4	CEBUS_CAPUCINUS_IMITATOR	I	I
HELQ	4	CEPHALOPACHUS_BANCANUS	I	I
HELQ	4	CERCOCEBUS_ATYS	I	I
HELQ	4	CERCOPITHECUS_ALBOGULARIS	I	I
HELQ	4	CERCOPITHECUS_MONA	I	I
HELQ	4	CERCOPITHECUS_NEGLECTUS	PI	PI
HELQ	4	CHEIROGALEUS_MEDIUS	PI	PI
HELQ	4	CHERACEBUS_LUCIFER	I	I
HELQ	4	CHERACEBUS_LUGENS	I	I
HELQ	4	CHERACEBUS_TORQUATUS	I	I
HELQ	4	CHIROPOTES_ISRAELITA	I	I
HELQ	4	CHIROPOTES_SAGULATUS	I	I
HELQ	4	CHLOROCEBUS_AETHIOPS	I	I
HELQ	4	CHLOROCEBUS_SABAEUS	I	I
HELQ	4	COLOBUS_ANGOLENSIS_PALLIATUS	I	I
HELQ	4	COLOBUS_GUEREZA	I	I
HELQ	4	DAUBENTONIA_MADAGASCARIENSIS	I	I
HELQ	4	ERYTHROCEBUS_PATAS	PI	I;PI
HELQ	4	EULEMUR_FLAVIFRONS	UL	UL
HELQ	4	EULEMUR_FULVUS	PI	PI
HELQ	4	EULEMUR_FULVUS_COLLARIS	PI	PI
HELQ	4	EULEMUR_MACACO	PI	PI
HELQ	4	EULEMUR_MONGOZ	UL	UL
HELQ	4	GALAGO_MOHOLI	UL	UL
HELQ	4	GORILLA_BERINGEI	I	I
HELQ	4	GORILLA_GORILLA	I	I
HELQ	4	GORILLA_GORILLA_GORILLA	I	I
HELQ	4	HOOLOCK_LEUCONEDYS	I	I
HELQ	4	HYLOBATES_AGILIS	I	I
HELQ	4	HYLOBATES_MOLOCH	I	I
HELQ	4	HYLOBATES_PILEATUS	I	I
HELQ	4	INDRI_INDRI	PI	PI
HELQ	4	LAGOTHRIX_LAGOTRICHA	I	I
HELQ	4	LEMUR_CATTA	I	I
HELQ	4	LEONTOPITHECUS_CHRYSOMELAS	I	I
HELQ	4	LEONTOPITHECUS_ROSALIA	I	I
HELQ	4	LOPHOCEBUS_ATERRIMUS	I	I
HELQ	4	LORIS_TARDIGRADUS	I	I
HELQ	4	MACACA_ARCTOIDES	I	I
HELQ	4	MACACA_ASSAMENSIS	I	I
HELQ	4	MACACA_CYCLOPIS	I	I
HELQ	4	MACACA_FASCICULARIS	I	I
HELQ	4	MACACA_FUSCATA	I	I
HELQ	4	MACACA_LEONINA	I	I
HELQ	4	MACACA_MULATTA	I	I
HELQ	4	MACACA_NEMESTRINA	I	I
HELQ	4	MACACA_NIGRA	I	I
HELQ	4	MACACA_SILENUS	I	I
HELQ	4	MACACA_THIBETANA_THIBETANA	I	I
HELQ	4	MANDRILLUS_LEUCOPHAEUS	I	I
HELQ	4	MANDRILLUS_SPHINX	I	I
HELQ	4	MICROCEBUS_GRISEORUFUS	UL	UL
HELQ	4	MICROCEBUS_MITTERMEIERI	UL	UL
HELQ	4	MICROCEBUS_MURINUS	UL	UL
HELQ	4	MICROCEBUS_SP._3_GT-2019	PI	PI
HELQ	4	MICROCEBUS_TAVARATRA	PI	PI
HELQ	4	MIRZA_COQUERELI	I	I
HELQ	4	MIRZA_ZAZA	PI	PI
HELQ	4	NASALIS_LARVATUS	PI	PI
HELQ	4	NOMASCUS_LEUCOGENYS	I	I
HELQ	4	NYCTICEBUS_BENGALENSIS	I	I
HELQ	4	NYCTICEBUS_COUCANG	I	I
HELQ	4	OTOLEMUR_CRASSICAUDATUS	I	I
HELQ	4	OTOLEMUR_GARNETTII	PI	PI
HELQ	4	PAN_PANISCUS	I	I
HELQ	4	PAN_TROGLODYTES	I	I
HELQ	4	PAPIO_ANUBIS	I	I
HELQ	4	PAPIO_HAMADRYAS	UL	I;UL
HELQ	4	PAPIO_PAPIO	I	I
HELQ	4	PILIOCOLOBUS_TEPHROSCELES	I	I
HELQ	4	PITHECIA_PITHECIA	I	I
HELQ	4	PITHECIA_VANZOLINII	I	I
HELQ	4	PLECTUROCEBUS_BERNHARDI	I	I
HELQ	4	PLECTUROCEBUS_BRUNNEUS	I	I
HELQ	4	PLECTUROCEBUS_CALIGATUS	I	I
HELQ	4	PLECTUROCEBUS_CINERASCENS	I	I
HELQ	4	PLECTUROCEBUS_CUPREUS	I	I
HELQ	4	PLECTUROCEBUS_DONACOPHILUS	PM	PM
HELQ	4	PLECTUROCEBUS_DUBIUS	I	I
HELQ	4	PLECTUROCEBUS_GROVESI	I	I
HELQ	4	PLECTUROCEBUS_HOFFMANNSI	I	I
HELQ	4	PLECTUROCEBUS_MILTONI	I	I
HELQ	4	PONGO_ABELII	I	I
HELQ	4	PONGO_PYGMAEUS	I	I
HELQ	4	PROLEMUR_SIMUS	I	I
HELQ	4	PROPITHECUS_COQUERELI	PI	PI
HELQ	4	PYGATHRIX_NEMAEUS	I	I
HELQ	4	PYGATHRIX_NIGRIPES	I	I
HELQ	4	RHINOPITHECUS_BIETI	I	I
HELQ	4	RHINOPITHECUS_ROXELLANA	I	I
HELQ	4	RHINOPITHECUS_STRYKERI	I	I
HELQ	4	SAGUINUS_IMPERATOR	I	I
HELQ	4	SAGUINUS_MIDAS	UL	UL
HELQ	4	SAGUINUS_OEDIPUS	I	I
HELQ	4	SAIMIRI_BOLIVIENSIS	I	I
HELQ	4	SAIMIRI_BOLIVIENSIS_BOLIVIENSIS	I	I
HELQ	4	SAIMIRI_SCIUREUS	PI	PI
HELQ	4	SAPAJUS_APELLA	I	I
HELQ	4	SEMNOPITHECUS_ENTELLUS	I	I
HELQ	4	SYMPHALANGUS_SYNDACTYLUS	I	I
HELQ	4	THEROPITHECUS_GELADA	I	I
HELQ	4	TRACHYPITHECUS_FRANCOISI	I	I
HELQ	4	TRACHYPITHECUS_GERMAINI	I	I
HELQ	4	TRACHYPITHECUS_PHAYREI_CREPUSCULA	I	I
HELQ	4	VARECIA_VARIEGATA	PI	PI
HFM1	1	ALLENOPITHECUS_NIGROVIRIDIS	PI	PI
HFM1	1	ALLOCHROCEBUS_LHOESTI	I	I
HFM1	1	ALOUATTA_PALLIATA	I	I
HFM1	1	AOTUS_NANCYMAAE	UL	UL
HFM1	1	AOTUS_VOCIFERANS	I	I
HFM1	1	ATELES_GEOFFROYI	I	I
HFM1	1	ATELES_MARGINATUS	I	I
HFM1	1	ATELES_PANISCUS	I	I
HFM1	1	CACAJAO_CALVUS	I	I
HFM1	1	CACAJAO_HOSOMI	I	I
HFM1	1	CACAJAO_MELANOCEPHALUS	I	I
HFM1	1	CALLIMICO_GOELDII	PI	PI
HFM1	1	CALLITHRIX_JACCHUS	I	I
HFM1	1	CALLITHRIX_PENICILLATA	I	I
HFM1	1	CALLITHRIX_PYGMAEA	I	I
HFM1	1	CARLITO_SYRICHTA	I	I
HFM1	1	CEBUS_ALBIFRONS	PI	I;PI
HFM1	1	CEBUS_CAPUCINUS_IMITATOR	I	I
HFM1	1	CEPHALOPACHUS_BANCANUS	UL	UL
HFM1	1	CERCOCEBUS_ATYS	I	I
HFM1	1	CERCOPITHECUS_ALBOGULARIS	I	I
HFM1	1	CERCOPITHECUS_MONA	I	I
HFM1	1	CERCOPITHECUS_NEGLECTUS	UL	UL
HFM1	1	CHEIROGALEUS_MEDIUS	I	I
HFM1	1	CHIROPOTES_SAGULATUS	I	I
HFM1	1	CHLOROCEBUS_AETHIOPS	I	I
HFM1	1	CHLOROCEBUS_SABAEUS	I	I
HFM1	1	COLOBUS_ANGOLENSIS_PALLIATUS	I	I
HFM1	1	COLOBUS_GUEREZA	UL	UL
HFM1	1	DAUBENTONIA_MADAGASCARIENSIS	I	I
HFM1	1	ERYTHROCEBUS_PATAS	UL	UL
HFM1	1	EULEMUR_FLAVIFRONS	PI	PI
HFM1	1	EULEMUR_FULVUS	PI	PI
HFM1	1	EULEMUR_FULVUS_COLLARIS	I	I
HFM1	1	EULEMUR_MACACO	I	I
HFM1	1	EULEMUR_MONGOZ	I	I
HFM1	1	GALAGO_MOHOLI	UL	UL
HFM1	1	GORILLA_BERINGEI	I	I
HFM1	1	GORILLA_GORILLA	I	I
HFM1	1	GORILLA_GORILLA_GORILLA	I	I
HFM1	1	HOOLOCK_LEUCONEDYS	I	I
HFM1	1	HYLOBATES_AGILIS	PI	PI
HFM1	1	HYLOBATES_MOLOCH	I	I
HFM1	1	HYLOBATES_PILEATUS	I	I
HFM1	1	INDRI_INDRI	PI	PI
HFM1	1	LAGOTHRIX_LAGOTRICHA	I	I
HFM1	1	LEMUR_CATTA	I	I
HFM1	1	LEONTOPITHECUS_CHRYSOMELAS	I	I
HFM1	1	LEONTOPITHECUS_ROSALIA	UL	UL
HFM1	1	LOPHOCEBUS_ATERRIMUS	UL	UL
HFM1	1	LORIS_TARDIGRADUS	I	I
HFM1	1	MACACA_ARCTOIDES	PI	PI
HFM1	1	MACACA_ASSAMENSIS	UL	I;UL
HFM1	1	MACACA_CYCLOPIS	I	I
HFM1	1	MACACA_FASCICULARIS	I	I
HFM1	1	MACACA_FUSCATA	PI	PI
HFM1	1	MACACA_LEONINA	I	I
HFM1	1	MACACA_MULATTA	I	I
HFM1	1	MACACA_NEMESTRINA	UL	UL
HFM1	1	MACACA_NIGRA	UL	UL
HFM1	1	MACACA_SILENUS	UL	UL
HFM1	1	MACACA_THIBETANA_THIBETANA	UL	UL
HFM1	1	MANDRILLUS_LEUCOPHAEUS	UL	PI;UL
HFM1	1	MANDRILLUS_SPHINX	UL	UL
HFM1	1	MICROCEBUS_GRISEORUFUS	PI	PI
HFM1	1	MICROCEBUS_MITTERMEIERI	PI	PI
HFM1	1	MICROCEBUS_MURINUS	I	I
HFM1	1	MICROCEBUS_SP._3_GT-2019	UL	UL
HFM1	1	MICROCEBUS_TAVARATRA	PI	PI
HFM1	1	MIRZA_COQUERELI	I	I
HFM1	1	MIRZA_ZAZA	PI	PI
HFM1	1	NASALIS_LARVATUS	PI	PI
HFM1	1	NOMASCUS_LEUCOGENYS	I	I
HFM1	1	NYCTICEBUS_BENGALENSIS	I	I
HFM1	1	NYCTICEBUS_COUCANG	PI	I;PI
HFM1	1	OTOLEMUR_CRASSICAUDATUS	I	I
HFM1	1	OTOLEMUR_GARNETTII	I	I
HFM1	1	PAN_PANISCUS	I	I
HFM1	1	PAN_TROGLODYTES	I	I
HFM1	1	PAPIO_ANUBIS	I	I
HFM1	1	PAPIO_HAMADRYAS	PG	I;PG
HFM1	1	PAPIO_PAPIO	PI	PI
HFM1	1	PILIOCOLOBUS_TEPHROSCELES	PI	PI
HFM1	1	PITHECIA_MITTERMEIERI	I	I
HFM1	1	PITHECIA_PITHECIA	I	I
HFM1	1	PLECTUROCEBUS_CALIGATUS	I	I
HFM1	1	PLECTUROCEBUS_CUPREUS	I	I
HFM1	1	PLECTUROCEBUS_DONACOPHILUS	I	I
HFM1	1	PLECTUROCEBUS_DUBIUS	I	I
HFM1	1	PLECTUROCEBUS_GROVESI	I	I
HFM1	1	PLECTUROCEBUS_HOFFMANNSI	I	I
HFM1	1	PONGO_ABELII	I	I
HFM1	1	PONGO_PYGMAEUS	I	I
HFM1	1	PROLEMUR_SIMUS	I	I
HFM1	1	PROPITHECUS_COQUERELI	UL	UL
HFM1	1	PYGATHRIX_NEMAEUS	PI	PI
HFM1	1	PYGATHRIX_NIGRIPES	UL	UL
HFM1	1	RHINOPITHECUS_BIETI	UL	I;UL
HFM1	1	RHINOPITHECUS_ROXELLANA	I	I
HFM1	1	RHINOPITHECUS_STRYKERI	PI	PI
HFM1	1	SAGUINUS_IMPERATOR	I	I
HFM1	1	SAGUINUS_MIDAS	UL	UL
HFM1	1	SAGUINUS_OEDIPUS	I	I
HFM1	1	SAIMIRI_BOLIVIENSIS	I	I
HFM1	1	SAIMIRI_BOLIVIENSIS_BOLIVIENSIS	UL	PI;UL
HFM1	1	SAPAJUS_APELLA	I	I
HFM1	1	SEMNOPITHECUS_ENTELLUS	UL	UL
HFM1	1	SYMPHALANGUS_SYNDACTYLUS	L	I;L
HFM1	1	THEROPITHECUS_GELADA	I	I
HFM1	1	TRACHYPITHECUS_FRANCOISI	I	I
HFM1	1	TRACHYPITHECUS_GERMAINI	I	I
HFM1	1	TRACHYPITHECUS_PHAYREI_CREPUSCULA	PI	PI
HFM1	1	VARECIA_VARIEGATA	I	I
HORMAD1	1	ALLENOPITHECUS_NIGROVIRIDIS	I	I
HORMAD1	1	ALLOCHROCEBUS_LHOESTI	I	I
HORMAD1	1	ALOUATTA_PALLIATA	UL	UL
HORMAD1	1	AOTUS_NANCYMAAE	I	I
HORMAD1	1	AOTUS_VOCIFERANS	I	I
HORMAD1	1	ATELES_BELZEBUTH	I	I
HORMAD1	1	ATELES_CHAMEK	UL	UL
HORMAD1	1	ATELES_GEOFFROYI	UL	UL
HORMAD1	1	ATELES_MARGINATUS	UL	UL
HORMAD1	1	ATELES_PANISCUS	UL	I;UL
HORMAD1	1	CACAJAO_AYRESI	I	I
HORMAD1	1	CACAJAO_CALVUS	I	I
HORMAD1	1	CACAJAO_HOSOMI	I	I
HORMAD1	1	CACAJAO_MELANOCEPHALUS	PM	PM
HORMAD1	1	CALLIMICO_GOELDII	I	I
HORMAD1	1	CALLITHRIX_JACCHUS	I	I
HORMAD1	1	CALLITHRIX_PENICILLATA	I	I
HORMAD1	1	CALLITHRIX_PYGMAEA	I	I
HORMAD1	1	CARLITO_SYRICHTA	I	I
HORMAD1	1	CEBUS_ALBIFRONS	PI	I;PI
HORMAD1	1	CEBUS_CAPUCINUS_IMITATOR	PI	PI
HORMAD1	1	CEPHALOPACHUS_BANCANUS	I	I
HORMAD1	1	CERCOCEBUS_ATYS	I	I
HORMAD1	1	CERCOPITHECUS_ALBOGULARIS	I	I
HORMAD1	1	CERCOPITHECUS_MONA	I	I
HORMAD1	1	CERCOPITHECUS_NEGLECTUS	UL	UL
HORMAD1	1	CHEIROGALEUS_MEDIUS	PI	PI
HORMAD1	1	CHERACEBUS_LUCIFER	PI	PI
HORMAD1	1	CHERACEBUS_LUGENS	I	I
HORMAD1	1	CHERACEBUS_REGULUS	I	I
HORMAD1	1	CHERACEBUS_TORQUATUS	PM	PM
HORMAD1	1	CHIROPOTES_ISRAELITA	I	I
HORMAD1	1	CHIROPOTES_SAGULATUS	I	I
HORMAD1	1	CHLOROCEBUS_AETHIOPS	I	I
HORMAD1	1	CHLOROCEBUS_SABAEUS	I	I
HORMAD1	1	COLOBUS_ANGOLENSIS_PALLIATUS	I	I
HORMAD1	1	COLOBUS_GUEREZA	I	I
HORMAD1	1	DAUBENTONIA_MADAGASCARIENSIS	I	I
HORMAD1	1	ERYTHROCEBUS_PATAS	PM	I;PM
HORMAD1	1	EULEMUR_FLAVIFRONS	I	I
HORMAD1	1	EULEMUR_FULVUS	I	I
HORMAD1	1	EULEMUR_FULVUS_COLLARIS	I	I
HORMAD1	1	EULEMUR_MACACO	I	I
HORMAD1	1	EULEMUR_MONGOZ	I	I
HORMAD1	1	GALAGO_MOHOLI	I	I
HORMAD1	1	GALAGO_SENEGALENSIS	I	I
HORMAD1	1	GORILLA_BERINGEI	I	I
HORMAD1	1	GORILLA_GORILLA	I	I
HORMAD1	1	GORILLA_GORILLA_GORILLA	I	I
HORMAD1	1	HOOLOCK_LEUCONEDYS	I	I
HORMAD1	1	HYLOBATES_AGILIS	I	I
HORMAD1	1	HYLOBATES_MOLOCH	I	I
HORMAD1	1	HYLOBATES_PILEATUS	I	I
HORMAD1	1	INDRI_INDRI	I	I
HORMAD1	1	LAGOTHRIX_LAGOTRICHA	PI	PI
HORMAD1	1	LEMUR_CATTA	I	I
HORMAD1	1	LEONTOPITHECUS_CHRYSOMELAS	I	I
HORMAD1	1	LEONTOPITHECUS_ROSALIA	I	I
HORMAD1	1	LOPHOCEBUS_ATERRIMUS	I	I
HORMAD1	1	LORIS_TARDIGRADUS	I	I
HORMAD1	1	MACACA_ARCTOIDES	I	I
HORMAD1	1	MACACA_ASSAMENSIS	I	I
HORMAD1	1	MACACA_CYCLOPIS	I	I
HORMAD1	1	MACACA_FASCICULARIS	I	I
HORMAD1	1	MACACA_FUSCATA	I	I
HORMAD1	1	MACACA_LEONINA	I	I
HORMAD1	1	MACACA_MULATTA	I	I
HORMAD1	1	MACACA_NEMESTRINA	I	I
HORMAD1	1	MACACA_NIGRA	I	I
HORMAD1	1	MACACA_SILENUS	I	I
HORMAD1	1	MACACA_THIBETANA_THIBETANA	I	I
HORMAD1	1	MANDRILLUS_LEUCOPHAEUS	I	I
HORMAD1	1	MANDRILLUS_SPHINX	PI	I;PI
HORMAD1	1	MICROCEBUS_MITTERMEIERI	UL	UL
HORMAD1	1	MICROCEBUS_MURINUS	I	I
HORMAD1	1	MICROCEBUS_RAVELOBENSIS	PI	PI
HORMAD1	1	MICROCEBUS_SP._3_GT-2019	I	I
HORMAD1	1	MICROCEBUS_TAVARATRA	I	I
HORMAD1	1	MIRZA_COQUERELI	PI	PI
HORMAD1	1	MIRZA_ZAZA	PI	PI
HORMAD1	1	NASALIS_LARVATUS	L	L
HORMAD1	1	NOMASCUS_LEUCOGENYS	I	I
HORMAD1	1	NYCTICEBUS_BENGALENSIS	UL	I;UL
HORMAD1	1	NYCTICEBUS_COUCANG	I	I
HORMAD1	1	OTOLEMUR_CRASSICAUDATUS	I	I
HORMAD1	1	OTOLEMUR_GARNETTII	I	I
HORMAD1	1	PAN_PANISCUS	I	I
HORMAD1	1	PAN_TROGLODYTES	I	I
HORMAD1	1	PAPIO_ANUBIS	I	I
HORMAD1	1	PAPIO_HAMADRYAS	I	I
HORMAD1	1	PAPIO_PAPIO	I	I
HORMAD1	1	PILIOCOLOBUS_TEPHROSCELES	I	I
HORMAD1	1	PITHECIA_MITTERMEIERI	UL	UL
HORMAD1	1	PITHECIA_PITHECIA	I	I
HORMAD1	1	PITHECIA_VANZOLINII	I	I
HORMAD1	1	PLECTUROCEBUS_BERNHARDI	I	I
HORMAD1	1	PLECTUROCEBUS_BRUNNEUS	I	I
HORMAD1	1	PLECTUROCEBUS_CALIGATUS	I	I
HORMAD1	1	PLECTUROCEBUS_CINERASCENS	I	I
HORMAD1	1	PLECTUROCEBUS_CUPREUS	I	I
HORMAD1	1	PLECTUROCEBUS_DONACOPHILUS	I	I
HORMAD1	1	PLECTUROCEBUS_DUBIUS	I	I
HORMAD1	1	PLECTUROCEBUS_GROVESI	I	I
HORMAD1	1	PLECTUROCEBUS_HOFFMANNSI	I	I
HORMAD1	1	PLECTUROCEBUS_MILTONI	I	I
HORMAD1	1	PLECTUROCEBUS_MOLOCH	I	I
HORMAD1	1	PONGO_ABELII	I	I
HORMAD1	1	PONGO_PYGMAEUS	I	I
HORMAD1	1	PROLEMUR_SIMUS	I	I
HORMAD1	1	PROPITHECUS_COQUERELI	UL	UL
HORMAD1	1	PYGATHRIX_NEMAEUS	PI	PI
HORMAD1	1	PYGATHRIX_NIGRIPES	I	I
HORMAD1	1	RHINOPITHECUS_BIETI	UL	I;UL
HORMAD1	1	RHINOPITHECUS_ROXELLANA	I	I
HORMAD1	1	RHINOPITHECUS_STRYKERI	UL	UL
HORMAD1	1	SAGUINUS_IMPERATOR	I	I
HORMAD1	1	SAGUINUS_MIDAS	I	I
HORMAD1	1	SAGUINUS_OEDIPUS	I	I
HORMAD1	1	SAIMIRI_BOLIVIENSIS	L	L
HORMAD1	1	SAIMIRI_BOLIVIENSIS_BOLIVIENSIS	I	I
HORMAD1	1	SAIMIRI_SCIUREUS	I	I
HORMAD1	1	SAPAJUS_APELLA	UL	I;UL
HORMAD1	1	SEMNOPITHECUS_ENTELLUS	I	I
HORMAD1	1	SYMPHALANGUS_SYNDACTYLUS	M	I;M
HORMAD1	1	THEROPITHECUS_GELADA	I	I
HORMAD1	1	TRACHYPITHECUS_FRANCOISI	I	I
HORMAD1	1	TRACHYPITHECUS_GERMAINI	I	I
HORMAD1	1	TRACHYPITHECUS_PHAYREI_CREPUSCULA	I	I
HORMAD1	1	VARECIA_VARIEGATA	I	I
HORMAD2	22	ALLENOPITHECUS_NIGROVIRIDIS	I	I
HORMAD2	22	ALLOCHROCEBUS_LHOESTI	I	I
HORMAD2	22	ALOUATTA_PALLIATA	PI	PI
HORMAD2	22	AOTUS_NANCYMAAE	I	I
HORMAD2	22	AOTUS_VOCIFERANS	I	I
HORMAD2	22	ATELES_BELZEBUTH	PI	PI
HORMAD2	22	ATELES_CHAMEK	PI	PI
HORMAD2	22	ATELES_GEOFFROYI	PI	PI
HORMAD2	22	ATELES_MARGINATUS	PI	PI
HORMAD2	22	ATELES_PANISCUS	PI	I;PI
HORMAD2	22	CACAJAO_AYRESI	PI	PI
HORMAD2	22	CACAJAO_CALVUS	PI	PI
HORMAD2	22	CACAJAO_HOSOMI	PI	PI
HORMAD2	22	CACAJAO_MELANOCEPHALUS	PI	PI
HORMAD2	22	CALLIMICO_GOELDII	I	I
HORMAD2	22	CALLITHRIX_JACCHUS	I	I
HORMAD2	22	CALLITHRIX_PENICILLATA	I	I
HORMAD2	22	CALLITHRIX_PYGMAEA	PI	PI
HORMAD2	22	CARLITO_SYRICHTA	I	I
HORMAD2	22	CEBUS_ALBIFRONS	I	I
HORMAD2	22	CEBUS_CAPUCINUS_IMITATOR	I	I
HORMAD2	22	CEPHALOPACHUS_BANCANUS	I	I
HORMAD2	22	CERCOCEBUS_ATYS	I	I
HORMAD2	22	CERCOPITHECUS_ALBOGULARIS	UL	UL
HORMAD2	22	CERCOPITHECUS_MONA	I	I
HORMAD2	22	CERCOPITHECUS_NEGLECTUS	I	I
HORMAD2	22	CHEIROGALEUS_MEDIUS	PI	PI
HORMAD2	22	CHERACEBUS_LUCIFER	I	I
HORMAD2	22	CHERACEBUS_LUGENS	I	I
HORMAD2	22	CHERACEBUS_REGULUS	I	I
HORMAD2	22	CHERACEBUS_TORQUATUS	I	I
HORMAD2	22	CHIROPOTES_ISRAELITA	I	I
HORMAD2	22	CHIROPOTES_SAGULATUS	I	I
HORMAD2	22	CHLOROCEBUS_AETHIOPS	I	I
HORMAD2	22	CHLOROCEBUS_SABAEUS	I	I
HORMAD2	22	COLOBUS_ANGOLENSIS_PALLIATUS	I	I
HORMAD2	22	COLOBUS_GUEREZA	I	I
HORMAD2	22	DAUBENTONIA_MADAGASCARIENSIS	I	I
HORMAD2	22	ERYTHROCEBUS_PATAS	PI	I;PI
HORMAD2	22	EULEMUR_FLAVIFRONS	I	I
HORMAD2	22	EULEMUR_FULVUS	PM	PM
HORMAD2	22	EULEMUR_FULVUS_COLLARIS	I	I
HORMAD2	22	EULEMUR_MACACO	I	I
HORMAD2	22	EULEMUR_MONGOZ	PI	PI
HORMAD2	22	GALAGO_MOHOLI	I	I
HORMAD2	22	GORILLA_BERINGEI	PI	PI
HORMAD2	22	GORILLA_GORILLA	I	I
HORMAD2	22	GORILLA_GORILLA_GORILLA	I	I
HORMAD2	22	HOOLOCK_LEUCONEDYS	I	I
HORMAD2	22	HYLOBATES_AGILIS	I	I
HORMAD2	22	HYLOBATES_MOLOCH	I	I
HORMAD2	22	HYLOBATES_PILEATUS	I	I
HORMAD2	22	INDRI_INDRI	I	I
HORMAD2	22	LAGOTHRIX_LAGOTRICHA	I	I
HORMAD2	22	LEMUR_CATTA	I	I
HORMAD2	22	LEONTOPITHECUS_CHRYSOMELAS	I	I
HORMAD2	22	LEONTOPITHECUS_ROSALIA	I	I
HORMAD2	22	LOPHOCEBUS_ATERRIMUS	I	I
HORMAD2	22	LORIS_TARDIGRADUS	I	I
HORMAD2	22	MACACA_ARCTOIDES	I	I
HORMAD2	22	MACACA_ASSAMENSIS	I	I
HORMAD2	22	MACACA_CYCLOPIS	I	I
HORMAD2	22	MACACA_FASCICULARIS	I	I
HORMAD2	22	MACACA_FUSCATA	I	I
HORMAD2	22	MACACA_LEONINA	I	I
HORMAD2	22	MACACA_MULATTA	I	I
HORMAD2	22	MACACA_NEMESTRINA	I	I
HORMAD2	22	MACACA_NIGRA	I	I
HORMAD2	22	MACACA_SILENUS	I	I
HORMAD2	22	MACACA_THIBETANA_THIBETANA	I	I
HORMAD2	22	MANDRILLUS_LEUCOPHAEUS	I	I
HORMAD2	22	MANDRILLUS_SPHINX	I	I
HORMAD2	22	MICROCEBUS_GRISEORUFUS	PM	PM
HORMAD2	22	MICROCEBUS_MITTERMEIERI	I	I
HORMAD2	22	MICROCEBUS_MURINUS	I	I
HORMAD2	22	MICROCEBUS_RAVELOBENSIS	I	I
HORMAD2	22	MICROCEBUS_SP._3_GT-2019	PI	PI
HORMAD2	22	MICROCEBUS_TAVARATRA	I	I
HORMAD2	22	MIRZA_COQUERELI	I	I
HORMAD2	22	MIRZA_ZAZA	I	I
HORMAD2	22	NASALIS_LARVATUS	PI	PI
HORMAD2	22	NOMASCUS_LEUCOGENYS	I	I
HORMAD2	22	NYCTICEBUS_BENGALENSIS	I	I
HORMAD2	22	NYCTICEBUS_COUCANG	PI	I;PI
HORMAD2	22	OTOLEMUR_CRASSICAUDATUS	I	I
HORMAD2	22	OTOLEMUR_GARNETTII	I	I
HORMAD2	22	PAN_PANISCUS	I	I
HORMAD2	22	PAN_TROGLODYTES	I	I
HORMAD2	22	PAPIO_ANUBIS	I	I
HORMAD2	22	PAPIO_HAMADRYAS	I	I
HORMAD2	22	PAPIO_PAPIO	I	I
HORMAD2	22	PILIOCOLOBUS_TEPHROSCELES	I	I
HORMAD2	22	PITHECIA_MITTERMEIERI	I	I
HORMAD2	22	PITHECIA_PITHECIA	PI	I;PI
HORMAD2	22	PITHECIA_VANZOLINII	PI	PI
HORMAD2	22	PLECTUROCEBUS_BERNHARDI	I	I
HORMAD2	22	PLECTUROCEBUS_BRUNNEUS	UL	UL
HORMAD2	22	PLECTUROCEBUS_CALIGATUS	I	I
HORMAD2	22	PLECTUROCEBUS_CINERASCENS	I	I
HORMAD2	22	PLECTUROCEBUS_CUPREUS	UL	UL
HORMAD2	22	PLECTUROCEBUS_DONACOPHILUS	I	I
HORMAD2	22	PLECTUROCEBUS_DUBIUS	UL	UL
HORMAD2	22	PLECTUROCEBUS_GROVESI	I	I
HORMAD2	22	PLECTUROCEBUS_HOFFMANNSI	I	I
HORMAD2	22	PLECTUROCEBUS_MILTONI	I	I
HORMAD2	22	PLECTUROCEBUS_MOLOCH	I	I
HORMAD2	22	PONGO_ABELII	I	I
HORMAD2	22	PONGO_PYGMAEUS	I	I
HORMAD2	22	PROLEMUR_SIMUS	I	I
HORMAD2	22	PROPITHECUS_COQUERELI	M	M
HORMAD2	22	PYGATHRIX_NEMAEUS	I	I
HORMAD2	22	PYGATHRIX_NIGRIPES	I	I
HORMAD2	22	RHINOPITHECUS_BIETI	I	I
HORMAD2	22	RHINOPITHECUS_ROXELLANA	I	I
HORMAD2	22	RHINOPITHECUS_STRYKERI	I	I
HORMAD2	22	SAGUINUS_IMPERATOR	PI	PI
HORMAD2	22	SAGUINUS_MIDAS	I	I
HORMAD2	22	SAGUINUS_OEDIPUS	I	I
HORMAD2	22	SAIMIRI_BOLIVIENSIS	I	I
HORMAD2	22	SAIMIRI_BOLIVIENSIS_BOLIVIENSIS	I	I
HORMAD2	22	SAIMIRI_SCIUREUS	I	I
HORMAD2	22	SAPAJUS_APELLA	I	I
HORMAD2	22	SEMNOPITHECUS_ENTELLUS	I	I
HORMAD2	22	SYMPHALANGUS_SYNDACTYLUS	I	I
HORMAD2	22	THEROPITHECUS_GELADA	I	I
HORMAD2	22	TRACHYPITHECUS_FRANCOISI	I	I
HORMAD2	22	TRACHYPITHECUS_GERMAINI	I	I
HORMAD2	22	TRACHYPITHECUS_PHAYREI_CREPUSCULA	I	I
HORMAD2	22	VARECIA_VARIEGATA	I	I
HROB	17	ALLENOPITHECUS_NIGROVIRIDIS	PI	PI
HROB	17	ALLOCHROCEBUS_LHOESTI	I	I
HROB	17	ALOUATTA_PALLIATA	I	I
HROB	17	AOTUS_NANCYMAAE	I	I
HROB	17	AOTUS_VOCIFERANS	I	I
HROB	17	ATELES_BELZEBUTH	I	I
HROB	17	ATELES_CHAMEK	I	I
HROB	17	ATELES_GEOFFROYI	I	I
HROB	17	ATELES_MARGINATUS	I	I
HROB	17	ATELES_PANISCUS	I	I
HROB	17	CACAJAO_AYRESI	I	I
HROB	17	CACAJAO_CALVUS	I	I
HROB	17	CACAJAO_HOSOMI	I	I
HROB	17	CACAJAO_MELANOCEPHALUS	I	I
HROB	17	CALLIMICO_GOELDII	I	I
HROB	17	CALLITHRIX_JACCHUS	I	I
HROB	17	CALLITHRIX_PENICILLATA	I	I
HROB	17	CALLITHRIX_PYGMAEA	I	I
HROB	17	CARLITO_SYRICHTA	I	I
HROB	17	CEBUS_ALBIFRONS	I	I
HROB	17	CEBUS_CAPUCINUS_IMITATOR	I	I
HROB	17	CEPHALOPACHUS_BANCANUS	I	I
HROB	17	CERCOCEBUS_ATYS	I	I
HROB	17	CERCOPITHECUS_ALBOGULARIS	I	I
HROB	17	CERCOPITHECUS_MONA	I	I
HROB	17	CERCOPITHECUS_NEGLECTUS	I	I
HROB	17	CHEIROGALEUS_MEDIUS	I	I
HROB	17	CHERACEBUS_LUCIFER	I	I
HROB	17	CHERACEBUS_LUGENS	I	I
HROB	17	CHERACEBUS_REGULUS	I	I
HROB	17	CHERACEBUS_TORQUATUS	I	I
HROB	17	CHIROPOTES_ISRAELITA	I	I
HROB	17	CHIROPOTES_SAGULATUS	I	I
HROB	17	CHLOROCEBUS_AETHIOPS	I	I
HROB	17	CHLOROCEBUS_SABAEUS	I	I
HROB	17	COLOBUS_ANGOLENSIS_PALLIATUS	I	I
HROB	17	COLOBUS_GUEREZA	I	I
HROB	17	DAUBENTONIA_MADAGASCARIENSIS	I	I
HROB	17	ERYTHROCEBUS_PATAS	I	I
HROB	17	EULEMUR_FLAVIFRONS	I	I
HROB	17	EULEMUR_FULVUS	I	I
HROB	17	EULEMUR_FULVUS_COLLARIS	I	I
HROB	17	EULEMUR_MACACO	I	I
HROB	17	EULEMUR_MONGOZ	I	I
HROB	17	GALAGO_MOHOLI	I	I
HROB	17	GALAGO_SENEGALENSIS	I	I
HROB	17	GORILLA_BERINGEI	I	I
HROB	17	GORILLA_GORILLA	I	I
HROB	17	GORILLA_GORILLA_GORILLA	I	I
HROB	17	HOOLOCK_LEUCONEDYS	I	I
HROB	17	HYLOBATES_AGILIS	I	I
HROB	17	HYLOBATES_MOLOCH	I	I
HROB	17	HYLOBATES_PILEATUS	I	I
HROB	17	INDRI_INDRI	I	I
HROB	17	LEMUR_CATTA	I	I
HROB	17	LEONTOPITHECUS_CHRYSOMELAS	I	I
HROB	17	LEONTOPITHECUS_ROSALIA	I	I
HROB	17	LOPHOCEBUS_ATERRIMUS	I	I
HROB	17	LORIS_TARDIGRADUS	I	I
HROB	17	MACACA_ARCTOIDES	I	I
HROB	17	MACACA_ASSAMENSIS	UL	I;UL
HROB	17	MACACA_CYCLOPIS	I	I
HROB	17	MACACA_FASCICULARIS	I	I
HROB	17	MACACA_FUSCATA	I	I
HROB	17	MACACA_LEONINA	I	I
HROB	17	MACACA_MULATTA	I	I
HROB	17	MACACA_NEMESTRINA	I	I
HROB	17	MACACA_NIGRA	I	I
HROB	17	MACACA_SILENUS	I	I
HROB	17	MACACA_THIBETANA_THIBETANA	I	I
HROB	17	MANDRILLUS_LEUCOPHAEUS	I	I
HROB	17	MANDRILLUS_SPHINX	I	I
HROB	17	MICROCEBUS_GRISEORUFUS	I	I
HROB	17	MICROCEBUS_MITTERMEIERI	I	I
HROB	17	MICROCEBUS_MURINUS	I	I
HROB	17	MICROCEBUS_RAVELOBENSIS	I	I
HROB	17	MICROCEBUS_SP._3_GT-2019	PI	PI
HROB	17	MICROCEBUS_TAVARATRA	PI	PI
HROB	17	MIRZA_COQUERELI	I	I
HROB	17	MIRZA_ZAZA	I	I
HROB	17	NASALIS_LARVATUS	L	L
HROB	17	NOMASCUS_LEUCOGENYS	I	I
HROB	17	NYCTICEBUS_BENGALENSIS	I	I
HROB	17	NYCTICEBUS_COUCANG	I	I
HROB	17	OTOLEMUR_CRASSICAUDATUS	I	I
HROB	17	OTOLEMUR_GARNETTII	I	I
HROB	17	PAN_PANISCUS	I	I
HROB	17	PAN_TROGLODYTES	I	I
HROB	17	PAPIO_ANUBIS	I	I
HROB	17	PAPIO_HAMADRYAS	I	I
HROB	17	PAPIO_PAPIO	PI	PI
HROB	17	PILIOCOLOBUS_TEPHROSCELES	I	I
HROB	17	PITHECIA_MITTERMEIERI	I	I
HROB	17	PITHECIA_PITHECIA	I	I
HROB	17	PITHECIA_VANZOLINII	I	I
HROB	17	PLECTUROCEBUS_BERNHARDI	I	I
HROB	17	PLECTUROCEBUS_BRUNNEUS	I	I
HROB	17	PLECTUROCEBUS_CALIGATUS	I	I
HROB	17	PLECTUROCEBUS_CINERASCENS	I	I
HROB	17	PLECTUROCEBUS_CUPREUS	I	I
HROB	17	PLECTUROCEBUS_DONACOPHILUS	I	I
HROB	17	PLECTUROCEBUS_DUBIUS	I	I
HROB	17	PLECTUROCEBUS_GROVESI	I	I
HROB	17	PLECTUROCEBUS_HOFFMANNSI	I	I
HROB	17	PLECTUROCEBUS_MILTONI	I	I
HROB	17	PLECTUROCEBUS_MOLOCH	I	I
HROB	17	PONGO_ABELII	I	I
HROB	17	PONGO_PYGMAEUS	UL	I;UL
HROB	17	PROLEMUR_SIMUS	I	I
HROB	17	PROPITHECUS_COQUERELI	I	I
HROB	17	PYGATHRIX_NEMAEUS	I	I
HROB	17	PYGATHRIX_NIGRIPES	I	I
HROB	17	RHINOPITHECUS_BIETI	L	I;L
HROB	17	RHINOPITHECUS_ROXELLANA	I	I
HROB	17	RHINOPITHECUS_STRYKERI	I	I
HROB	17	SAGUINUS_IMPERATOR	I	I
HROB	17	SAGUINUS_MIDAS	I	I
HROB	17	SAGUINUS_OEDIPUS	I	I
HROB	17	SAIMIRI_BOLIVIENSIS	PI	PI
HROB	17	SAIMIRI_BOLIVIENSIS_BOLIVIENSIS	I	I
HROB	17	SAIMIRI_SCIUREUS	PM	PM
HROB	17	SAPAJUS_APELLA	I	I
HROB	17	SEMNOPITHECUS_ENTELLUS	I	I
HROB	17	SYMPHALANGUS_SYNDACTYLUS	I	I
HROB	17	THEROPITHECUS_GELADA	L	L
HROB	17	TRACHYPITHECUS_FRANCOISI	I	I
HROB	17	TRACHYPITHECUS_GERMAINI	I	I
HROB	17	TRACHYPITHECUS_PHAYREI_CREPUSCULA	UL	UL
HROB	17	VARECIA_VARIEGATA	PI	PI
HSF2BP	21	ALLENOPITHECUS_NIGROVIRIDIS	I	I
HSF2BP	21	ALLOCHROCEBUS_LHOESTI	I	I
HSF2BP	21	ALOUATTA_PALLIATA	PI	PI
HSF2BP	21	AOTUS_NANCYMAAE	I	I
HSF2BP	21	AOTUS_VOCIFERANS	I	I
HSF2BP	21	ATELES_BELZEBUTH	PI	PI
HSF2BP	21	ATELES_CHAMEK	PI	PI
HSF2BP	21	ATELES_GEOFFROYI	I	I
HSF2BP	21	ATELES_MARGINATUS	I	I
HSF2BP	21	ATELES_PANISCUS	I	I
HSF2BP	21	CACAJAO_AYRESI	I	I
HSF2BP	21	CACAJAO_CALVUS	I	I
HSF2BP	21	CACAJAO_HOSOMI	I	I
HSF2BP	21	CACAJAO_MELANOCEPHALUS	I	I
HSF2BP	21	CALLIMICO_GOELDII	PI	PI
HSF2BP	21	CALLITHRIX_JACCHUS	I	I
HSF2BP	21	CALLITHRIX_PENICILLATA	PI	PI
HSF2BP	21	CALLITHRIX_PYGMAEA	I	I
HSF2BP	21	CARLITO_SYRICHTA	I	I
HSF2BP	21	CEBUS_ALBIFRONS	PI	I;PI
HSF2BP	21	CEBUS_CAPUCINUS_IMITATOR	I	I
HSF2BP	21	CEPHALOPACHUS_BANCANUS	I	I
HSF2BP	21	CERCOCEBUS_ATYS	I	I
HSF2BP	21	CERCOPITHECUS_ALBOGULARIS	I	I
HSF2BP	21	CERCOPITHECUS_MONA	I	I
HSF2BP	21	CERCOPITHECUS_NEGLECTUS	I	I
HSF2BP	21	CHEIROGALEUS_MEDIUS	I	I
HSF2BP	21	CHERACEBUS_LUCIFER	I	I
HSF2BP	21	CHERACEBUS_LUGENS	I	I
HSF2BP	21	CHERACEBUS_REGULUS	I	I
HSF2BP	21	CHERACEBUS_TORQUATUS	I	I
HSF2BP	21	CHIROPOTES_ISRAELITA	I	I
HSF2BP	21	CHIROPOTES_SAGULATUS	I	I
HSF2BP	21	CHLOROCEBUS_AETHIOPS	I	I
HSF2BP	21	CHLOROCEBUS_SABAEUS	I	I
HSF2BP	21	COLOBUS_ANGOLENSIS_PALLIATUS	I	I
HSF2BP	21	COLOBUS_GUEREZA	I	I
HSF2BP	21	DAUBENTONIA_MADAGASCARIENSIS	I	I
HSF2BP	21	ERYTHROCEBUS_PATAS	PI	I;PI
HSF2BP	21	EULEMUR_FLAVIFRONS	I	I
HSF2BP	21	EULEMUR_FULVUS	PI	PI
HSF2BP	21	EULEMUR_FULVUS_COLLARIS	I	I
HSF2BP	21	EULEMUR_MACACO	I	I
HSF2BP	21	EULEMUR_MONGOZ	I	I
HSF2BP	21	GALAGO_MOHOLI	I	I
HSF2BP	21	GALAGO_SENEGALENSIS	I	I
HSF2BP	21	GORILLA_BERINGEI	PI	PI
HSF2BP	21	GORILLA_GORILLA	I	I
HSF2BP	21	GORILLA_GORILLA_GORILLA	I	I
HSF2BP	21	HOOLOCK_LEUCONEDYS	I	I
HSF2BP	21	HYLOBATES_AGILIS	I	I
HSF2BP	21	HYLOBATES_MOLOCH	I	I
HSF2BP	21	HYLOBATES_PILEATUS	I	I
HSF2BP	21	INDRI_INDRI	I	I
HSF2BP	21	LAGOTHRIX_LAGOTRICHA	I	I
HSF2BP	21	LEMUR_CATTA	PI	I;PI
HSF2BP	21	LEONTOPITHECUS_CHRYSOMELAS	PI	PI
HSF2BP	21	LEONTOPITHECUS_ROSALIA	PI	PI
HSF2BP	21	LOPHOCEBUS_ATERRIMUS	I	I
HSF2BP	21	LORIS_TARDIGRADUS	I	I
HSF2BP	21	MACACA_ARCTOIDES	I	I
HSF2BP	21	MACACA_ASSAMENSIS	I	I
HSF2BP	21	MACACA_CYCLOPIS	I	I
HSF2BP	21	MACACA_FASCICULARIS	I	I
HSF2BP	21	MACACA_FUSCATA	I	I
HSF2BP	21	MACACA_LEONINA	I	I
HSF2BP	21	MACACA_MULATTA	I	I
HSF2BP	21	MACACA_NEMESTRINA	PI	PI
HSF2BP	21	MACACA_NIGRA	I	I
HSF2BP	21	MACACA_SILENUS	I	I
HSF2BP	21	MACACA_THIBETANA_THIBETANA	I	I
HSF2BP	21	MANDRILLUS_LEUCOPHAEUS	PI	I;PI
HSF2BP	21	MANDRILLUS_SPHINX	I	I
HSF2BP	21	MICROCEBUS_GRISEORUFUS	I	I
HSF2BP	21	MICROCEBUS_MITTERMEIERI	PI	PI
HSF2BP	21	MICROCEBUS_MURINUS	I	I
HSF2BP	21	MICROCEBUS_RAVELOBENSIS	I	I
HSF2BP	21	MICROCEBUS_SP._3_GT-2019	I	I
HSF2BP	21	MICROCEBUS_TAVARATRA	I	I
HSF2BP	21	MIRZA_COQUERELI	PI	PI
HSF2BP	21	MIRZA_ZAZA	I	I
HSF2BP	21	NASALIS_LARVATUS	PI	PI
HSF2BP	21	NOMASCUS_LEUCOGENYS	I	I
HSF2BP	21	NYCTICEBUS_BENGALENSIS	I	I
HSF2BP	21	NYCTICEBUS_COUCANG	I	I
HSF2BP	21	OTOLEMUR_CRASSICAUDATUS	I	I
HSF2BP	21	OTOLEMUR_GARNETTII	I	I
HSF2BP	21	PAN_PANISCUS	I	I
HSF2BP	21	PAN_TROGLODYTES	I	I
HSF2BP	21	PAPIO_ANUBIS	I	I
HSF2BP	21	PAPIO_HAMADRYAS	I	I
HSF2BP	21	PAPIO_PAPIO	PI	PI
HSF2BP	21	PILIOCOLOBUS_TEPHROSCELES	PI	PI
HSF2BP	21	PITHECIA_MITTERMEIERI	I	I
HSF2BP	21	PITHECIA_PITHECIA	I	I
HSF2BP	21	PITHECIA_VANZOLINII	I	I
HSF2BP	21	PLECTUROCEBUS_BERNHARDI	I	I
HSF2BP	21	PLECTUROCEBUS_BRUNNEUS	I	I
HSF2BP	21	PLECTUROCEBUS_CALIGATUS	I	I
HSF2BP	21	PLECTUROCEBUS_CINERASCENS	I	I
HSF2BP	21	PLECTUROCEBUS_CUPREUS	I	I
HSF2BP	21	PLECTUROCEBUS_DONACOPHILUS	PI	PI
HSF2BP	21	PLECTUROCEBUS_DUBIUS	I	I
HSF2BP	21	PLECTUROCEBUS_GROVESI	I	I
HSF2BP	21	PLECTUROCEBUS_HOFFMANNSI	I	I
HSF2BP	21	PLECTUROCEBUS_MILTONI	I	I
HSF2BP	21	PLECTUROCEBUS_MOLOCH	I	I
HSF2BP	21	PONGO_ABELII	I	I
HSF2BP	21	PONGO_PYGMAEUS	I	I
HSF2BP	21	PROLEMUR_SIMUS	I	I
HSF2BP	21	PROPITHECUS_COQUERELI	I	I
HSF2BP	21	PYGATHRIX_NEMAEUS	I	I
HSF2BP	21	PYGATHRIX_NIGRIPES	I	I
HSF2BP	21	RHINOPITHECUS_BIETI	PI	I;PI
HSF2BP	21	RHINOPITHECUS_ROXELLANA	I	I
HSF2BP	21	RHINOPITHECUS_STRYKERI	I	I
HSF2BP	21	SAGUINUS_IMPERATOR	PI	PI
HSF2BP	21	SAGUINUS_MIDAS	I	I
HSF2BP	21	SAGUINUS_OEDIPUS	I	I
HSF2BP	21	SAIMIRI_BOLIVIENSIS	PI	PI
HSF2BP	21	SAIMIRI_BOLIVIENSIS_BOLIVIENSIS	I	I
HSF2BP	21	SAIMIRI_SCIUREUS	I	I
HSF2BP	21	SAPAJUS_APELLA	PI	I;PI
HSF2BP	21	SEMNOPITHECUS_ENTELLUS	I	I
HSF2BP	21	SYMPHALANGUS_SYNDACTYLUS	I	I
HSF2BP	21	THEROPITHECUS_GELADA	I	I
HSF2BP	21	TRACHYPITHECUS_FRANCOISI	I	I
HSF2BP	21	TRACHYPITHECUS_GERMAINI	I	I
HSF2BP	21	TRACHYPITHECUS_PHAYREI_CREPUSCULA	UL	UL
HSF2BP	21	VARECIA_VARIEGATA	M	M
HUS1	7	ALLENOPITHECUS_NIGROVIRIDIS	I	I
HUS1	7	ALLOCHROCEBUS_LHOESTI	I	I
HUS1	7	ALOUATTA_PALLIATA	I	I
HUS1	7	AOTUS_NANCYMAAE	I	I
HUS1	7	AOTUS_VOCIFERANS	I	I
HUS1	7	ATELES_BELZEBUTH	I	I
HUS1	7	ATELES_CHAMEK	I	I
HUS1	7	ATELES_GEOFFROYI	I	I
HUS1	7	ATELES_MARGINATUS	I	I
HUS1	7	ATELES_PANISCUS	I	I
HUS1	7	CACAJAO_AYRESI	I	I
HUS1	7	CACAJAO_CALVUS	I	I
HUS1	7	CACAJAO_HOSOMI	I	I
HUS1	7	CACAJAO_MELANOCEPHALUS	I	I
HUS1	7	CALLIMICO_GOELDII	I	I
HUS1	7	CALLITHRIX_JACCHUS	I	I
HUS1	7	CALLITHRIX_PENICILLATA	I	I
HUS1	7	CALLITHRIX_PYGMAEA	I	I
HUS1	7	CARLITO_SYRICHTA	I	I
HUS1	7	CEBUS_ALBIFRONS	I	I
HUS1	7	CEBUS_CAPUCINUS_IMITATOR	I	I
HUS1	7	CEPHALOPACHUS_BANCANUS	I	I
HUS1	7	CERCOCEBUS_ATYS	I	I
HUS1	7	CERCOPITHECUS_ALBOGULARIS	I	I
HUS1	7	CERCOPITHECUS_MONA	I	I
HUS1	7	CERCOPITHECUS_NEGLECTUS	I	I
HUS1	7	CHEIROGALEUS_MEDIUS	I	I
HUS1	7	CHERACEBUS_LUCIFER	I	I
HUS1	7	CHERACEBUS_LUGENS	I	I
HUS1	7	CHERACEBUS_REGULUS	I	I
HUS1	7	CHERACEBUS_TORQUATUS	I	I
HUS1	7	CHIROPOTES_ISRAELITA	I	I
HUS1	7	CHIROPOTES_SAGULATUS	I	I
HUS1	7	CHLOROCEBUS_AETHIOPS	I	I
HUS1	7	CHLOROCEBUS_SABAEUS	I	I
HUS1	7	COLOBUS_ANGOLENSIS_PALLIATUS	I	I
HUS1	7	COLOBUS_GUEREZA	I	I
HUS1	7	DAUBENTONIA_MADAGASCARIENSIS	I	I
HUS1	7	ERYTHROCEBUS_PATAS	I	I
HUS1	7	EULEMUR_FLAVIFRONS	I	I
HUS1	7	EULEMUR_FULVUS	I	I
HUS1	7	EULEMUR_FULVUS_COLLARIS	I	I
HUS1	7	EULEMUR_MACACO	I	I
HUS1	7	EULEMUR_MONGOZ	I	I
HUS1	7	GALAGO_MOHOLI	I	I
HUS1	7	GALAGO_SENEGALENSIS	I	I
HUS1	7	GORILLA_BERINGEI	I	I
HUS1	7	GORILLA_GORILLA	I	I
HUS1	7	GORILLA_GORILLA_GORILLA	I	I
HUS1	7	HOOLOCK_LEUCONEDYS	I	I
HUS1	7	HYLOBATES_MOLOCH	I	I
HUS1	7	HYLOBATES_PILEATUS	I	I
HUS1	7	INDRI_INDRI	I	I
HUS1	7	LAGOTHRIX_LAGOTRICHA	I	I
HUS1	7	LEMUR_CATTA	I	I
HUS1	7	LEONTOPITHECUS_CHRYSOMELAS	I	I
HUS1	7	LEONTOPITHECUS_ROSALIA	I	I
HUS1	7	LOPHOCEBUS_ATERRIMUS	I	I
HUS1	7	LORIS_TARDIGRADUS	I	I
HUS1	7	MACACA_ARCTOIDES	I	I
HUS1	7	MACACA_ASSAMENSIS	I	I
HUS1	7	MACACA_CYCLOPIS	I	I
HUS1	7	MACACA_FASCICULARIS	I	I
HUS1	7	MACACA_FUSCATA	I	I
HUS1	7	MACACA_LEONINA	I	I
HUS1	7	MACACA_MULATTA	I	I
HUS1	7	MACACA_NEMESTRINA	I	I
HUS1	7	MACACA_NIGRA	I	I
HUS1	7	MACACA_SILENUS	I	I
HUS1	7	MACACA_THIBETANA_THIBETANA	I	I
HUS1	7	MANDRILLUS_LEUCOPHAEUS	PI	I;PI
HUS1	7	MANDRILLUS_SPHINX	I	I
HUS1	7	MICROCEBUS_GRISEORUFUS	I	I
HUS1	7	MICROCEBUS_MITTERMEIERI	PI	PI
HUS1	7	MICROCEBUS_MURINUS	I	I
HUS1	7	MICROCEBUS_RAVELOBENSIS	I	I
HUS1	7	MICROCEBUS_SP._3_GT-2019	I	I
HUS1	7	MICROCEBUS_TAVARATRA	I	I
HUS1	7	MIRZA_COQUERELI	I	I
HUS1	7	MIRZA_ZAZA	PI	PI
HUS1	7	NASALIS_LARVATUS	L	L
HUS1	7	NOMASCUS_LEUCOGENYS	I	I
HUS1	7	NYCTICEBUS_BENGALENSIS	I	I
HUS1	7	NYCTICEBUS_COUCANG	I	I
HUS1	7	OTOLEMUR_CRASSICAUDATUS	I	I
HUS1	7	OTOLEMUR_GARNETTII	I	I
HUS1	7	PAN_PANISCUS	I	I
HUS1	7	PAN_TROGLODYTES	I	I
HUS1	7	PAPIO_ANUBIS	I	I
HUS1	7	PAPIO_HAMADRYAS	I	I
HUS1	7	PAPIO_PAPIO	I	I
HUS1	7	PILIOCOLOBUS_TEPHROSCELES	I	I
HUS1	7	PITHECIA_MITTERMEIERI	I	I
HUS1	7	PITHECIA_PITHECIA	UL	I;UL
HUS1	7	PITHECIA_VANZOLINII	I	I
HUS1	7	PLECTUROCEBUS_BERNHARDI	I	I
HUS1	7	PLECTUROCEBUS_BRUNNEUS	I	I
HUS1	7	PLECTUROCEBUS_CALIGATUS	I	I
HUS1	7	PLECTUROCEBUS_CINERASCENS	I	I
HUS1	7	PLECTUROCEBUS_CUPREUS	I	I
HUS1	7	PLECTUROCEBUS_DONACOPHILUS	I	I
HUS1	7	PLECTUROCEBUS_DUBIUS	I	I
HUS1	7	PLECTUROCEBUS_GROVESI	I	I
HUS1	7	PLECTUROCEBUS_HOFFMANNSI	I	I
HUS1	7	PLECTUROCEBUS_MILTONI	I	I
HUS1	7	PLECTUROCEBUS_MOLOCH	I	I
HUS1	7	PONGO_ABELII	I	I
HUS1	7	PONGO_PYGMAEUS	I	I
HUS1	7	PROLEMUR_SIMUS	I	I
HUS1	7	PROPITHECUS_COQUERELI	I	I
HUS1	7	PYGATHRIX_NEMAEUS	I	I
HUS1	7	PYGATHRIX_NIGRIPES	I	I
HUS1	7	RHINOPITHECUS_BIETI	I	I
HUS1	7	RHINOPITHECUS_ROXELLANA	I	I
HUS1	7	RHINOPITHECUS_STRYKERI	I	I
HUS1	7	SAGUINUS_IMPERATOR	I	I
HUS1	7	SAGUINUS_MIDAS	I	I
HUS1	7	SAGUINUS_OEDIPUS	I	I
HUS1	7	SAIMIRI_BOLIVIENSIS	I	I
HUS1	7	SAIMIRI_BOLIVIENSIS_BOLIVIENSIS	I	I
HUS1	7	SAIMIRI_SCIUREUS	I	I
HUS1	7	SAPAJUS_APELLA	I	I
HUS1	7	SEMNOPITHECUS_ENTELLUS	PI	PI
HUS1	7	SYMPHALANGUS_SYNDACTYLUS	I	I
HUS1	7	THEROPITHECUS_GELADA	I	I
HUS1	7	TRACHYPITHECUS_FRANCOISI	I	I
HUS1	7	TRACHYPITHECUS_GERMAINI	I	I
HUS1	7	TRACHYPITHECUS_PHAYREI_CREPUSCULA	I	I
HUS1	7	VARECIA_VARIEGATA	I	I
HUS1B	6	ALLENOPITHECUS_NIGROVIRIDIS	I	I
HUS1B	6	ALLOCHROCEBUS_LHOESTI	I	I
HUS1B	6	ALOUATTA_PALLIATA	I	I
HUS1B	6	AOTUS_NANCYMAAE	I	I
HUS1B	6	AOTUS_VOCIFERANS	I	I
HUS1B	6	ATELES_BELZEBUTH	I	I
HUS1B	6	ATELES_CHAMEK	I	I
HUS1B	6	ATELES_GEOFFROYI	I	I
HUS1B	6	ATELES_MARGINATUS	I	I
HUS1B	6	ATELES_PANISCUS	I	I
HUS1B	6	CACAJAO_AYRESI	I	I
HUS1B	6	CACAJAO_CALVUS	I	I
HUS1B	6	CACAJAO_HOSOMI	I	I
HUS1B	6	CACAJAO_MELANOCEPHALUS	I	I
HUS1B	6	CALLIMICO_GOELDII	I	I
HUS1B	6	CALLITHRIX_JACCHUS	I	I
HUS1B	6	CALLITHRIX_PENICILLATA	I	I
HUS1B	6	CALLITHRIX_PYGMAEA	I	I
HUS1B	6	CARLITO_SYRICHTA	L	L
HUS1B	6	CEBUS_ALBIFRONS	I	I
HUS1B	6	CEBUS_CAPUCINUS_IMITATOR	I	I
HUS1B	6	CEPHALOPACHUS_BANCANUS	L	L
HUS1B	6	CERCOCEBUS_ATYS	I	I
HUS1B	6	CERCOPITHECUS_ALBOGULARIS	I	I
HUS1B	6	CERCOPITHECUS_MONA	I	I
HUS1B	6	CERCOPITHECUS_NEGLECTUS	I	I
HUS1B	6	CHEIROGALEUS_MEDIUS	L	L
HUS1B	6	CHERACEBUS_LUCIFER	I	I
HUS1B	6	CHERACEBUS_LUGENS	I	I
HUS1B	6	CHERACEBUS_REGULUS	I	I
HUS1B	6	CHERACEBUS_TORQUATUS	I	I
HUS1B	6	CHIROPOTES_ISRAELITA	I	I
HUS1B	6	CHIROPOTES_SAGULATUS	I	I
HUS1B	6	CHLOROCEBUS_AETHIOPS	I	I
HUS1B	6	CHLOROCEBUS_SABAEUS	I	I
HUS1B	6	COLOBUS_ANGOLENSIS_PALLIATUS	I	I
HUS1B	6	COLOBUS_GUEREZA	I	I
HUS1B	6	DAUBENTONIA_MADAGASCARIENSIS	UL	UL
HUS1B	6	ERYTHROCEBUS_PATAS	L	I;L
HUS1B	6	EULEMUR_FLAVIFRONS	L	L
HUS1B	6	EULEMUR_FULVUS	L	L
HUS1B	6	EULEMUR_FULVUS_COLLARIS	L	L
HUS1B	6	EULEMUR_MACACO	L	L
HUS1B	6	EULEMUR_MONGOZ	L	L
HUS1B	6	GALAGO_MOHOLI	I	I
HUS1B	6	GALAGO_SENEGALENSIS	I	I
HUS1B	6	GORILLA_BERINGEI	I	I
HUS1B	6	GORILLA_GORILLA	I	I
HUS1B	6	GORILLA_GORILLA_GORILLA	I	I
HUS1B	6	HOOLOCK_LEUCONEDYS	I	I
HUS1B	6	HYLOBATES_AGILIS	I	I
HUS1B	6	HYLOBATES_MOLOCH	I	I
HUS1B	6	HYLOBATES_PILEATUS	I	I
HUS1B	6	INDRI_INDRI	L	L
HUS1B	6	LAGOTHRIX_LAGOTRICHA	I	I
HUS1B	6	LEMUR_CATTA	L	L
HUS1B	6	LEONTOPITHECUS_CHRYSOMELAS	I	I
HUS1B	6	LEONTOPITHECUS_ROSALIA	I	I
HUS1B	6	LOPHOCEBUS_ATERRIMUS	I	I
HUS1B	6	LORIS_TARDIGRADUS	UL	UL
HUS1B	6	MACACA_ARCTOIDES	I	I
HUS1B	6	MACACA_ASSAMENSIS	I	I
HUS1B	6	MACACA_CYCLOPIS	I	I
HUS1B	6	MACACA_FASCICULARIS	I	I
HUS1B	6	MACACA_FUSCATA	I	I
HUS1B	6	MACACA_LEONINA	I	I
HUS1B	6	MACACA_MULATTA	I	I
HUS1B	6	MACACA_NEMESTRINA	I	I
HUS1B	6	MACACA_NIGRA	I	I
HUS1B	6	MACACA_SILENUS	I	I
HUS1B	6	MACACA_THIBETANA_THIBETANA	I	I
HUS1B	6	MANDRILLUS_LEUCOPHAEUS	M	I;M
HUS1B	6	MANDRILLUS_SPHINX	M	L;M
HUS1B	6	MICROCEBUS_GRISEORUFUS	UL	UL
HUS1B	6	MICROCEBUS_MITTERMEIERI	UL	UL
HUS1B	6	MICROCEBUS_MURINUS	I	I
HUS1B	6	MICROCEBUS_RAVELOBENSIS	I	I
HUS1B	6	MICROCEBUS_SP._3_GT-2019	M	M
HUS1B	6	MICROCEBUS_TAVARATRA	UL	UL
HUS1B	6	MIRZA_COQUERELI	L	L
HUS1B	6	MIRZA_ZAZA	L	L
HUS1B	6	NASALIS_LARVATUS	M	M
HUS1B	6	NOMASCUS_LEUCOGENYS	I	I
HUS1B	6	NYCTICEBUS_BENGALENSIS	L	L
HUS1B	6	NYCTICEBUS_COUCANG	L	L
HUS1B	6	OTOLEMUR_CRASSICAUDATUS	I	I
HUS1B	6	OTOLEMUR_GARNETTII	I	I
HUS1B	6	PAN_PANISCUS	I	I
HUS1B	6	PAN_TROGLODYTES	I	I
HUS1B	6	PAPIO_ANUBIS	I	I
HUS1B	6	PAPIO_HAMADRYAS	L	I;L
HUS1B	6	PAPIO_PAPIO	I	I
HUS1B	6	PILIOCOLOBUS_TEPHROSCELES	I	I
HUS1B	6	PITHECIA_MITTERMEIERI	I	I
HUS1B	6	PITHECIA_PITHECIA	I	I
HUS1B	6	PITHECIA_VANZOLINII	I	I
HUS1B	6	PLECTUROCEBUS_BERNHARDI	I	I
HUS1B	6	PLECTUROCEBUS_BRUNNEUS	I	I
HUS1B	6	PLECTUROCEBUS_CALIGATUS	I	I
HUS1B	6	PLECTUROCEBUS_CINERASCENS	I	I
HUS1B	6	PLECTUROCEBUS_CUPREUS	I	I
HUS1B	6	PLECTUROCEBUS_DONACOPHILUS	I	I
HUS1B	6	PLECTUROCEBUS_DUBIUS	I	I
HUS1B	6	PLECTUROCEBUS_GROVESI	I	I
HUS1B	6	PLECTUROCEBUS_HOFFMANNSI	I	I
HUS1B	6	PLECTUROCEBUS_MILTONI	I	I
HUS1B	6	PLECTUROCEBUS_MOLOCH	I	I
HUS1B	6	PONGO_ABELII	I	I
HUS1B	6	PONGO_PYGMAEUS	I	I
HUS1B	6	PROLEMUR_SIMUS	L	L
HUS1B	6	PROPITHECUS_COQUERELI	L	L
HUS1B	6	PYGATHRIX_NEMAEUS	I	I
HUS1B	6	PYGATHRIX_NIGRIPES	UL	UL
HUS1B	6	RHINOPITHECUS_BIETI	I	I
HUS1B	6	RHINOPITHECUS_ROXELLANA	UL	UL
HUS1B	6	RHINOPITHECUS_STRYKERI	UL	UL
HUS1B	6	SAGUINUS_IMPERATOR	I	I
HUS1B	6	SAGUINUS_MIDAS	I	I
HUS1B	6	SAGUINUS_OEDIPUS	I	I
HUS1B	6	SAIMIRI_BOLIVIENSIS	I	I
HUS1B	6	SAIMIRI_BOLIVIENSIS_BOLIVIENSIS	I	I
HUS1B	6	SAIMIRI_SCIUREUS	I	I
HUS1B	6	SAPAJUS_APELLA	I	I
HUS1B	6	SEMNOPITHECUS_ENTELLUS	I	I
HUS1B	6	SYMPHALANGUS_SYNDACTYLUS	I	I
HUS1B	6	THEROPITHECUS_GELADA	I	I
HUS1B	6	TRACHYPITHECUS_FRANCOISI	I	I
HUS1B	6	TRACHYPITHECUS_GERMAINI	I	I
HUS1B	6	TRACHYPITHECUS_PHAYREI_CREPUSCULA	I	I
HUS1B	6	VARECIA_VARIEGATA	L	L
IHO1	3	ALLENOPITHECUS_NIGROVIRIDIS	I	I
IHO1	3	ALLOCHROCEBUS_LHOESTI	I	I
IHO1	3	ALOUATTA_PALLIATA	PI	PI
IHO1	3	AOTUS_NANCYMAAE	I	I
IHO1	3	AOTUS_VOCIFERANS	I	I
IHO1	3	ATELES_BELZEBUTH	I	I
IHO1	3	ATELES_CHAMEK	PI	PI
IHO1	3	ATELES_GEOFFROYI	I	I
IHO1	3	ATELES_MARGINATUS	I	I
IHO1	3	ATELES_PANISCUS	I	I
IHO1	3	CACAJAO_AYRESI	PI	PI
IHO1	3	CACAJAO_HOSOMI	I	I
IHO1	3	CACAJAO_MELANOCEPHALUS	I	I
IHO1	3	CALLIMICO_GOELDII	I	I
IHO1	3	CALLITHRIX_JACCHUS	I	I
IHO1	3	CALLITHRIX_PENICILLATA	I	I
IHO1	3	CALLITHRIX_PYGMAEA	I	I
IHO1	3	CARLITO_SYRICHTA	PI	PI
IHO1	3	CEBUS_ALBIFRONS	PI	I;PI
IHO1	3	CEBUS_CAPUCINUS_IMITATOR	I	I
IHO1	3	CEPHALOPACHUS_BANCANUS	UL	UL
IHO1	3	CERCOCEBUS_ATYS	I	I
IHO1	3	CERCOPITHECUS_ALBOGULARIS	I	I
IHO1	3	CERCOPITHECUS_MONA	I	I
IHO1	3	CERCOPITHECUS_NEGLECTUS	I	I
IHO1	3	CHEIROGALEUS_MEDIUS	I	I
IHO1	3	CHERACEBUS_LUCIFER	PI	PI
IHO1	3	CHERACEBUS_REGULUS	I	I
IHO1	3	CHERACEBUS_TORQUATUS	I	I
IHO1	3	CHIROPOTES_SAGULATUS	I	I
IHO1	3	CHLOROCEBUS_AETHIOPS	I	I
IHO1	3	CHLOROCEBUS_SABAEUS	I	I
IHO1	3	COLOBUS_ANGOLENSIS_PALLIATUS	I	I
IHO1	3	COLOBUS_GUEREZA	I	I
IHO1	3	DAUBENTONIA_MADAGASCARIENSIS	I	I
IHO1	3	ERYTHROCEBUS_PATAS	UL	PI;UL
IHO1	3	EULEMUR_FLAVIFRONS	I	I
IHO1	3	EULEMUR_FULVUS	I	I
IHO1	3	EULEMUR_FULVUS_COLLARIS	I	I
IHO1	3	EULEMUR_MACACO	I	I
IHO1	3	EULEMUR_MONGOZ	I	I
IHO1	3	GALAGO_MOHOLI	PI	PI
IHO1	3	GALAGO_SENEGALENSIS	I	I
IHO1	3	GORILLA_GORILLA	I	I
IHO1	3	GORILLA_GORILLA_GORILLA	I	I
IHO1	3	HOOLOCK_LEUCONEDYS	I	I
IHO1	3	HYLOBATES_AGILIS	PI	PI
IHO1	3	HYLOBATES_MOLOCH	PI	PI
IHO1	3	HYLOBATES_PILEATUS	I	I
IHO1	3	INDRI_INDRI	PI	PI
IHO1	3	LAGOTHRIX_LAGOTRICHA	I	I
IHO1	3	LEMUR_CATTA	I	I
IHO1	3	LEONTOPITHECUS_CHRYSOMELAS	I	I
IHO1	3	LEONTOPITHECUS_ROSALIA	PI	PI
IHO1	3	LOPHOCEBUS_ATERRIMUS	I	I
IHO1	3	LORIS_TARDIGRADUS	I	I
IHO1	3	MACACA_ARCTOIDES	I	I
IHO1	3	MACACA_ASSAMENSIS	I	I
IHO1	3	MACACA_CYCLOPIS	I	I
IHO1	3	MACACA_FASCICULARIS	I	I
IHO1	3	MACACA_FUSCATA	PI	PI
IHO1	3	MACACA_LEONINA	I	I
IHO1	3	MACACA_MULATTA	I	I
IHO1	3	MACACA_NEMESTRINA	I	I
IHO1	3	MACACA_NIGRA	I	I
IHO1	3	MACACA_SILENUS	I	I
IHO1	3	MACACA_THIBETANA_THIBETANA	I	I
IHO1	3	MANDRILLUS_LEUCOPHAEUS	I	I
IHO1	3	MANDRILLUS_SPHINX	I	I
IHO1	3	MICROCEBUS_GRISEORUFUS	I	I
IHO1	3	MICROCEBUS_MITTERMEIERI	I	I
IHO1	3	MICROCEBUS_MURINUS	I	I
IHO1	3	MICROCEBUS_SP._3_GT-2019	I	I
IHO1	3	MICROCEBUS_TAVARATRA	PI	PI
IHO1	3	MIRZA_COQUERELI	PI	PI
IHO1	3	MIRZA_ZAZA	PI	PI
IHO1	3	NASALIS_LARVATUS	PI	PI
IHO1	3	NOMASCUS_LEUCOGENYS	I	I
IHO1	3	NYCTICEBUS_BENGALENSIS	I	I
IHO1	3	NYCTICEBUS_COUCANG	I	I
IHO1	3	OTOLEMUR_CRASSICAUDATUS	PI	PI
IHO1	3	OTOLEMUR_GARNETTII	I	I
IHO1	3	PAN_PANISCUS	I	I
IHO1	3	PAN_TROGLODYTES	I	I
IHO1	3	PAPIO_ANUBIS	I	I
IHO1	3	PAPIO_HAMADRYAS	I	I
IHO1	3	PAPIO_PAPIO	I	I
IHO1	3	PILIOCOLOBUS_TEPHROSCELES	I	I
IHO1	3	PITHECIA_MITTERMEIERI	I	I
IHO1	3	PITHECIA_PITHECIA	I	I
IHO1	3	PITHECIA_VANZOLINII	PI	PI
IHO1	3	PLECTUROCEBUS_BERNHARDI	PI	PI
IHO1	3	PLECTUROCEBUS_BRUNNEUS	UL	UL
IHO1	3	PLECTUROCEBUS_CALIGATUS	PI	PI
IHO1	3	PLECTUROCEBUS_CINERASCENS	I	I
IHO1	3	PLECTUROCEBUS_CUPREUS	I	I
IHO1	3	PLECTUROCEBUS_DONACOPHILUS	I	I
IHO1	3	PLECTUROCEBUS_GROVESI	I	I
IHO1	3	PLECTUROCEBUS_HOFFMANNSI	I	I
IHO1	3	PLECTUROCEBUS_MILTONI	I	I
IHO1	3	PLECTUROCEBUS_MOLOCH	I	I
IHO1	3	PONGO_ABELII	I	I
IHO1	3	PONGO_PYGMAEUS	I	I
IHO1	3	PROLEMUR_SIMUS	I	I
IHO1	3	PROPITHECUS_COQUERELI	I	I
IHO1	3	PYGATHRIX_NEMAEUS	I	I
IHO1	3	PYGATHRIX_NIGRIPES	I	I
IHO1	3	RHINOPITHECUS_BIETI	I	I
IHO1	3	RHINOPITHECUS_ROXELLANA	I	I
IHO1	3	RHINOPITHECUS_STRYKERI	I	I
IHO1	3	SAGUINUS_IMPERATOR	L	L
IHO1	3	SAGUINUS_MIDAS	I	I
IHO1	3	SAGUINUS_OEDIPUS	I	I
IHO1	3	SAIMIRI_BOLIVIENSIS	PI	PI
IHO1	3	SAIMIRI_BOLIVIENSIS_BOLIVIENSIS	UL	I;UL
IHO1	3	SAPAJUS_APELLA	UL	I;UL
IHO1	3	SEMNOPITHECUS_ENTELLUS	I	I
IHO1	3	SYMPHALANGUS_SYNDACTYLUS	I	I
IHO1	3	THEROPITHECUS_GELADA	I	I
IHO1	3	TRACHYPITHECUS_FRANCOISI	I	I
IHO1	3	TRACHYPITHECUS_GERMAINI	I	I
IHO1	3	TRACHYPITHECUS_PHAYREI_CREPUSCULA	UL	UL
IHO1	3	VARECIA_VARIEGATA	I	I
MCM8	20	ALLENOPITHECUS_NIGROVIRIDIS	I	I
MCM8	20	ALLOCHROCEBUS_LHOESTI	I	I
MCM8	20	ALOUATTA_PALLIATA	I	I
MCM8	20	AOTUS_NANCYMAAE	I	I
MCM8	20	AOTUS_VOCIFERANS	I	I
MCM8	20	ATELES_BELZEBUTH	I	I
MCM8	20	ATELES_CHAMEK	I	I
MCM8	20	ATELES_GEOFFROYI	I	I
MCM8	20	ATELES_MARGINATUS	I	I
MCM8	20	ATELES_PANISCUS	I	I
MCM8	20	CACAJAO_AYRESI	I	I
MCM8	20	CACAJAO_CALVUS	I	I
MCM8	20	CACAJAO_HOSOMI	I	I
MCM8	20	CACAJAO_MELANOCEPHALUS	I	I
MCM8	20	CALLIMICO_GOELDII	I	I
MCM8	20	CALLITHRIX_JACCHUS	I	I
MCM8	20	CALLITHRIX_PENICILLATA	I	I
MCM8	20	CALLITHRIX_PYGMAEA	I	I
MCM8	20	CARLITO_SYRICHTA	I	I
MCM8	20	CEBUS_ALBIFRONS	I	I
MCM8	20	CEBUS_CAPUCINUS_IMITATOR	PI	PI
MCM8	20	CEPHALOPACHUS_BANCANUS	I	I
MCM8	20	CERCOCEBUS_ATYS	I	I
MCM8	20	CERCOPITHECUS_ALBOGULARIS	UL	UL
MCM8	20	CERCOPITHECUS_MONA	I	I
MCM8	20	CERCOPITHECUS_NEGLECTUS	PI	PI
MCM8	20	CHEIROGALEUS_MEDIUS	I	I
MCM8	20	CHERACEBUS_LUGENS	I	I
MCM8	20	CHERACEBUS_REGULUS	I	I
MCM8	20	CHERACEBUS_TORQUATUS	I	I
MCM8	20	CHIROPOTES_ISRAELITA	I	I
MCM8	20	CHIROPOTES_SAGULATUS	I	I
MCM8	20	CHLOROCEBUS_AETHIOPS	I	I
MCM8	20	CHLOROCEBUS_SABAEUS	I	I
MCM8	20	COLOBUS_ANGOLENSIS_PALLIATUS	PI	PI
MCM8	20	COLOBUS_GUEREZA	I	I
MCM8	20	DAUBENTONIA_MADAGASCARIENSIS	I	I
MCM8	20	ERYTHROCEBUS_PATAS	I	I
MCM8	20	EULEMUR_FLAVIFRONS	I	I
MCM8	20	EULEMUR_FULVUS	PM	PM
MCM8	20	EULEMUR_FULVUS_COLLARIS	PI	PI
MCM8	20	EULEMUR_MACACO	I	I
MCM8	20	EULEMUR_MONGOZ	UL	UL
MCM8	20	GALAGO_MOHOLI	I	I
MCM8	20	GALAGO_SENEGALENSIS	I	I
MCM8	20	GORILLA_BERINGEI	I	I
MCM8	20	GORILLA_GORILLA	I	I
MCM8	20	GORILLA_GORILLA_GORILLA	I	I
MCM8	20	HOOLOCK_LEUCONEDYS	I	I
MCM8	20	HYLOBATES_AGILIS	PI	PI
MCM8	20	HYLOBATES_MOLOCH	I	I
MCM8	20	HYLOBATES_PILEATUS	I	I
MCM8	20	INDRI_INDRI	I	I
MCM8	20	LAGOTHRIX_LAGOTRICHA	I	I
MCM8	20	LEMUR_CATTA	I	I
MCM8	20	LEONTOPITHECUS_CHRYSOMELAS	I	I
MCM8	20	LEONTOPITHECUS_ROSALIA	I	I
MCM8	20	LOPHOCEBUS_ATERRIMUS	UL	UL
MCM8	20	LORIS_TARDIGRADUS	I	I
MCM8	20	MACACA_ARCTOIDES	I	I
MCM8	20	MACACA_ASSAMENSIS	I	I
MCM8	20	MACACA_CYCLOPIS	I	I
MCM8	20	MACACA_FASCICULARIS	UL	I;UL
MCM8	20	MACACA_FUSCATA	I	I
MCM8	20	MACACA_LEONINA	I	I
MCM8	20	MACACA_MULATTA	I	I
MCM8	20	MACACA_NEMESTRINA	UL	UL
MCM8	20	MACACA_NIGRA	I	I
MCM8	20	MACACA_SILENUS	I	I
MCM8	20	MACACA_THIBETANA_THIBETANA	I	I
MCM8	20	MANDRILLUS_LEUCOPHAEUS	I	I
MCM8	20	MANDRILLUS_SPHINX	UL	UL
MCM8	20	MICROCEBUS_MITTERMEIERI	PI	PI
MCM8	20	MICROCEBUS_MURINUS	UL	UL
MCM8	20	MICROCEBUS_RAVELOBENSIS	PI	PI
MCM8	20	MICROCEBUS_SP._3_GT-2019	I	I
MCM8	20	MICROCEBUS_TAVARATRA	I	I
MCM8	20	MIRZA_COQUERELI	I	I
MCM8	20	MIRZA_ZAZA	PI	PI
MCM8	20	NASALIS_LARVATUS	PI	PI
MCM8	20	NOMASCUS_LEUCOGENYS	I	I
MCM8	20	NYCTICEBUS_BENGALENSIS	I	I
MCM8	20	NYCTICEBUS_COUCANG	I	I
MCM8	20	OTOLEMUR_CRASSICAUDATUS	PI	PI
MCM8	20	OTOLEMUR_GARNETTII	I	I
MCM8	20	PAN_PANISCUS	I	I
MCM8	20	PAN_TROGLODYTES	I	I
MCM8	20	PAPIO_ANUBIS	I	I
MCM8	20	PAPIO_HAMADRYAS	I	I
MCM8	20	PAPIO_PAPIO	I	I
MCM8	20	PILIOCOLOBUS_TEPHROSCELES	I	I
MCM8	20	PITHECIA_MITTERMEIERI	I	I
MCM8	20	PITHECIA_PITHECIA	I	I
MCM8	20	PITHECIA_VANZOLINII	I	I
MCM8	20	PLECTUROCEBUS_BERNHARDI	I	I
MCM8	20	PLECTUROCEBUS_BRUNNEUS	I	I
MCM8	20	PLECTUROCEBUS_CALIGATUS	I	I
MCM8	20	PLECTUROCEBUS_CINERASCENS	I	I
MCM8	20	PLECTUROCEBUS_CUPREUS	I	I
MCM8	20	PLECTUROCEBUS_DONACOPHILUS	I	I
MCM8	20	PLECTUROCEBUS_DUBIUS	I	I
MCM8	20	PLECTUROCEBUS_GROVESI	I	I
MCM8	20	PLECTUROCEBUS_HOFFMANNSI	I	I
MCM8	20	PLECTUROCEBUS_MILTONI	I	I
MCM8	20	PONGO_ABELII	I	I
MCM8	20	PONGO_PYGMAEUS	I	I
MCM8	20	PROLEMUR_SIMUS	I	I
MCM8	20	PROPITHECUS_COQUERELI	PI	PI
MCM8	20	PYGATHRIX_NEMAEUS	I	I
MCM8	20	PYGATHRIX_NIGRIPES	I	I
MCM8	20	RHINOPITHECUS_BIETI	UL	I;UL
MCM8	20	RHINOPITHECUS_ROXELLANA	I	I
MCM8	20	RHINOPITHECUS_STRYKERI	I	I
MCM8	20	SAGUINUS_IMPERATOR	PI	PI
MCM8	20	SAGUINUS_MIDAS	I	I
MCM8	20	SAGUINUS_OEDIPUS	I	I
MCM8	20	SAIMIRI_BOLIVIENSIS	I	I
MCM8	20	SAIMIRI_BOLIVIENSIS_BOLIVIENSIS	UL	I;UL
MCM8	20	SAPAJUS_APELLA	I	I
MCM8	20	SEMNOPITHECUS_ENTELLUS	I	I
MCM8	20	SYMPHALANGUS_SYNDACTYLUS	I	I
MCM8	20	THEROPITHECUS_GELADA	I	I
MCM8	20	TRACHYPITHECUS_FRANCOISI	I	I
MCM8	20	TRACHYPITHECUS_GERMAINI	I	I
MCM8	20	TRACHYPITHECUS_PHAYREI_CREPUSCULA	UL	UL
MCM8	20	VARECIA_VARIEGATA	PI	PI
MCM9	6	ALLENOPITHECUS_NIGROVIRIDIS	PI	PI
MCM9	6	ALLOCHROCEBUS_LHOESTI	I	I
MCM9	6	ALOUATTA_PALLIATA	I	I
MCM9	6	AOTUS_NANCYMAAE	I	I
MCM9	6	AOTUS_VOCIFERANS	I	I
MCM9	6	ATELES_BELZEBUTH	I	I
MCM9	6	ATELES_CHAMEK	I	I
MCM9	6	ATELES_GEOFFROYI	I	I
MCM9	6	ATELES_MARGINATUS	PI	PI
MCM9	6	ATELES_PANISCUS	I	I
MCM9	6	CACAJAO_AYRESI	I	I
MCM9	6	CACAJAO_CALVUS	I	I
MCM9	6	CACAJAO_MELANOCEPHALUS	I	I
MCM9	6	CALLIMICO_GOELDII	I	I
MCM9	6	CALLITHRIX_JACCHUS	I	I
MCM9	6	CALLITHRIX_PENICILLATA	I	I
MCM9	6	CALLITHRIX_PYGMAEA	I	I
MCM9	6	CARLITO_SYRICHTA	I	I
MCM9	6	CEBUS_ALBIFRONS	I	I
MCM9	6	CEBUS_CAPUCINUS_IMITATOR	I	I
MCM9	6	CEPHALOPACHUS_BANCANUS	I	I
MCM9	6	CERCOCEBUS_ATYS	I	I
MCM9	6	CERCOPITHECUS_ALBOGULARIS	I	I
MCM9	6	CERCOPITHECUS_MONA	I	I
MCM9	6	CERCOPITHECUS_NEGLECTUS	PI	PI
MCM9	6	CHEIROGALEUS_MEDIUS	I	I
MCM9	6	CHERACEBUS_LUCIFER	I	I
MCM9	6	CHERACEBUS_LUGENS	I	I
MCM9	6	CHERACEBUS_REGULUS	I	I
MCM9	6	CHERACEBUS_TORQUATUS	I	I
MCM9	6	CHIROPOTES_ISRAELITA	I	I
MCM9	6	CHLOROCEBUS_AETHIOPS	I	I
MCM9	6	CHLOROCEBUS_SABAEUS	I	I
MCM9	6	COLOBUS_ANGOLENSIS_PALLIATUS	I	I
MCM9	6	COLOBUS_GUEREZA	UL	UL
MCM9	6	DAUBENTONIA_MADAGASCARIENSIS	I	I
MCM9	6	ERYTHROCEBUS_PATAS	PI	I;PI
MCM9	6	EULEMUR_FLAVIFRONS	I	I
MCM9	6	EULEMUR_FULVUS	I	I
MCM9	6	EULEMUR_FULVUS_COLLARIS	I	I
MCM9	6	EULEMUR_MACACO	I	I
MCM9	6	EULEMUR_MONGOZ	PI	PI
MCM9	6	GALAGO_MOHOLI	I	I
MCM9	6	GALAGO_SENEGALENSIS	I	I
MCM9	6	GORILLA_GORILLA	I	I
MCM9	6	GORILLA_GORILLA_GORILLA	I	I
MCM9	6	HOOLOCK_LEUCONEDYS	UL	I;UL
MCM9	6	HYLOBATES_AGILIS	PI	PI
MCM9	6	HYLOBATES_MOLOCH	I	I
MCM9	6	HYLOBATES_PILEATUS	L	L
MCM9	6	INDRI_INDRI	I	I
MCM9	6	LAGOTHRIX_LAGOTRICHA	I	I
MCM9	6	LEMUR_CATTA	I	I
MCM9	6	LEONTOPITHECUS_CHRYSOMELAS	PI	PI
MCM9	6	LEONTOPITHECUS_ROSALIA	PI	PI
MCM9	6	LOPHOCEBUS_ATERRIMUS	I	I
MCM9	6	LORIS_TARDIGRADUS	I	I
MCM9	6	MACACA_ARCTOIDES	I	I
MCM9	6	MACACA_ASSAMENSIS	I	I
MCM9	6	MACACA_CYCLOPIS	I	I
MCM9	6	MACACA_FASCICULARIS	I	I
MCM9	6	MACACA_FUSCATA	I	I
MCM9	6	MACACA_LEONINA	I	I
MCM9	6	MACACA_MULATTA	I	I
MCM9	6	MACACA_NEMESTRINA	I	I
MCM9	6	MACACA_NIGRA	I	I
MCM9	6	MACACA_SILENUS	I	I
MCM9	6	MACACA_THIBETANA_THIBETANA	I	I
MCM9	6	MANDRILLUS_LEUCOPHAEUS	I	I
MCM9	6	MANDRILLUS_SPHINX	I	I
MCM9	6	MICROCEBUS_GRISEORUFUS	UL	UL
MCM9	6	MICROCEBUS_MITTERMEIERI	I	I
MCM9	6	MICROCEBUS_MURINUS	I	I
MCM9	6	MICROCEBUS_RAVELOBENSIS	I	I
MCM9	6	MICROCEBUS_SP._3_GT-2019	PI	PI
MCM9	6	MICROCEBUS_TAVARATRA	I	I
MCM9	6	MIRZA_COQUERELI	I	I
MCM9	6	MIRZA_ZAZA	I	I
MCM9	6	NASALIS_LARVATUS	PI	PI
MCM9	6	NOMASCUS_LEUCOGENYS	I	I
MCM9	6	NYCTICEBUS_BENGALENSIS	I	I
MCM9	6	NYCTICEBUS_COUCANG	I	I
MCM9	6	OTOLEMUR_CRASSICAUDATUS	I	I
MCM9	6	OTOLEMUR_GARNETTII	I	I
MCM9	6	PAN_PANISCUS	I	I
MCM9	6	PAN_TROGLODYTES	I	I
MCM9	6	PAPIO_ANUBIS	I	I
MCM9	6	PAPIO_HAMADRYAS	UL	I;UL
MCM9	6	PAPIO_PAPIO	I	I
MCM9	6	PILIOCOLOBUS_TEPHROSCELES	I	I
MCM9	6	PITHECIA_PITHECIA	I	I
MCM9	6	PITHECIA_VANZOLINII	I	I
MCM9	6	PLECTUROCEBUS_BERNHARDI	PI	PI
MCM9	6	PLECTUROCEBUS_BRUNNEUS	I	I
MCM9	6	PLECTUROCEBUS_CINERASCENS	I	I
MCM9	6	PLECTUROCEBUS_CUPREUS	I	I
MCM9	6	PLECTUROCEBUS_DONACOPHILUS	I	I
MCM9	6	PLECTUROCEBUS_DUBIUS	I	I
MCM9	6	PLECTUROCEBUS_GROVESI	I	I
MCM9	6	PLECTUROCEBUS_HOFFMANNSI	I	I
MCM9	6	PLECTUROCEBUS_MILTONI	I	I
MCM9	6	PLECTUROCEBUS_MOLOCH	I	I
MCM9	6	PONGO_ABELII	I	I
MCM9	6	PONGO_PYGMAEUS	UL	I;UL
MCM9	6	PROLEMUR_SIMUS	I	I
MCM9	6	PROPITHECUS_COQUERELI	PI	PI
MCM9	6	PYGATHRIX_NEMAEUS	PI	PI
MCM9	6	PYGATHRIX_NIGRIPES	I	I
MCM9	6	RHINOPITHECUS_BIETI	I	I
MCM9	6	RHINOPITHECUS_ROXELLANA	I	I
MCM9	6	RHINOPITHECUS_STRYKERI	PM	PM
MCM9	6	SAGUINUS_IMPERATOR	I	I
MCM9	6	SAGUINUS_MIDAS	I	I
MCM9	6	SAGUINUS_OEDIPUS	I	I
MCM9	6	SAIMIRI_BOLIVIENSIS	I	I
MCM9	6	SAIMIRI_BOLIVIENSIS_BOLIVIENSIS	I	I
MCM9	6	SAIMIRI_SCIUREUS	I	I
MCM9	6	SAPAJUS_APELLA	I	I
MCM9	6	SEMNOPITHECUS_ENTELLUS	I	I
MCM9	6	SYMPHALANGUS_SYNDACTYLUS	I	I
MCM9	6	THEROPITHECUS_GELADA	I	I
MCM9	6	TRACHYPITHECUS_FRANCOISI	I	I
MCM9	6	TRACHYPITHECUS_GERMAINI	I	I
MCM9	6	TRACHYPITHECUS_PHAYREI_CREPUSCULA	I	I
MCM9	6	VARECIA_VARIEGATA	I	I
MCMDC2	8	ALLENOPITHECUS_NIGROVIRIDIS	I	I
MCMDC2	8	ALLOCHROCEBUS_LHOESTI	I	I
MCMDC2	8	ALOUATTA_PALLIATA	I	I
MCMDC2	8	AOTUS_NANCYMAAE	I	I
MCMDC2	8	AOTUS_VOCIFERANS	I	I
MCMDC2	8	ATELES_BELZEBUTH	I	I
MCMDC2	8	ATELES_CHAMEK	I	I
MCMDC2	8	ATELES_GEOFFROYI	I	I
MCMDC2	8	ATELES_MARGINATUS	I	I
MCMDC2	8	ATELES_PANISCUS	I	I
MCMDC2	8	CACAJAO_AYRESI	I	I
MCMDC2	8	CACAJAO_CALVUS	I	I
MCMDC2	8	CACAJAO_HOSOMI	I	I
MCMDC2	8	CACAJAO_MELANOCEPHALUS	I	I
MCMDC2	8	CALLIMICO_GOELDII	I	I
MCMDC2	8	CALLITHRIX_JACCHUS	I	I
MCMDC2	8	CALLITHRIX_PENICILLATA	I	I
MCMDC2	8	CALLITHRIX_PYGMAEA	I	I
MCMDC2	8	CARLITO_SYRICHTA	I	I
MCMDC2	8	CEBUS_ALBIFRONS	PI	I;PI
MCMDC2	8	CEBUS_CAPUCINUS_IMITATOR	I	I
MCMDC2	8	CEPHALOPACHUS_BANCANUS	I	I
MCMDC2	8	CERCOCEBUS_ATYS	I	I
MCMDC2	8	CERCOPITHECUS_ALBOGULARIS	I	I
MCMDC2	8	CERCOPITHECUS_MONA	I	I
MCMDC2	8	CERCOPITHECUS_NEGLECTUS	I	I
MCMDC2	8	CHEIROGALEUS_MEDIUS	I	I
MCMDC2	8	CHERACEBUS_LUCIFER	PI	PI
MCMDC2	8	CHERACEBUS_LUGENS	I	I
MCMDC2	8	CHERACEBUS_REGULUS	I	I
MCMDC2	8	CHERACEBUS_TORQUATUS	I	I
MCMDC2	8	CHIROPOTES_ISRAELITA	PI	PI
MCMDC2	8	CHIROPOTES_SAGULATUS	I	I
MCMDC2	8	CHLOROCEBUS_AETHIOPS	I	I
MCMDC2	8	CHLOROCEBUS_SABAEUS	I	I
MCMDC2	8	COLOBUS_ANGOLENSIS_PALLIATUS	I	I
MCMDC2	8	COLOBUS_GUEREZA	I	I
MCMDC2	8	DAUBENTONIA_MADAGASCARIENSIS	I	I
MCMDC2	8	ERYTHROCEBUS_PATAS	I	I
MCMDC2	8	EULEMUR_FLAVIFRONS	I	I
MCMDC2	8	EULEMUR_FULVUS	I	I
MCMDC2	8	EULEMUR_FULVUS_COLLARIS	I	I
MCMDC2	8	EULEMUR_MACACO	I	I
MCMDC2	8	EULEMUR_MONGOZ	I	I
MCMDC2	8	GALAGO_MOHOLI	I	I
MCMDC2	8	GALAGO_SENEGALENSIS	I	I
MCMDC2	8	GORILLA_GORILLA	I	I
MCMDC2	8	GORILLA_GORILLA_GORILLA	I	I
MCMDC2	8	HOOLOCK_LEUCONEDYS	I	I
MCMDC2	8	HYLOBATES_AGILIS	I	I
MCMDC2	8	HYLOBATES_MOLOCH	I	I
MCMDC2	8	HYLOBATES_PILEATUS	I	I
MCMDC2	8	INDRI_INDRI	I	I
MCMDC2	8	LAGOTHRIX_LAGOTRICHA	I	I
MCMDC2	8	LEMUR_CATTA	PI	I;PI
MCMDC2	8	LEONTOPITHECUS_CHRYSOMELAS	I	I
MCMDC2	8	LEONTOPITHECUS_ROSALIA	I	I
MCMDC2	8	LOPHOCEBUS_ATERRIMUS	I	I
MCMDC2	8	LORIS_TARDIGRADUS	I	I
MCMDC2	8	MACACA_ARCTOIDES	I	I
MCMDC2	8	MACACA_ASSAMENSIS	I	I
MCMDC2	8	MACACA_CYCLOPIS	I	I
MCMDC2	8	MACACA_FASCICULARIS	I	I
MCMDC2	8	MACACA_FUSCATA	I	I
MCMDC2	8	MACACA_LEONINA	I	I
MCMDC2	8	MACACA_MULATTA	I	I
MCMDC2	8	MACACA_NEMESTRINA	I	I
MCMDC2	8	MACACA_NIGRA	I	I
MCMDC2	8	MACACA_SILENUS	I	I
MCMDC2	8	MACACA_THIBETANA_THIBETANA	I	I
MCMDC2	8	MANDRILLUS_LEUCOPHAEUS	I	I
MCMDC2	8	MANDRILLUS_SPHINX	I	I
MCMDC2	8	MICROCEBUS_GRISEORUFUS	I	I
MCMDC2	8	MICROCEBUS_MITTERMEIERI	I	I
MCMDC2	8	MICROCEBUS_MURINUS	I	I
MCMDC2	8	MICROCEBUS_RAVELOBENSIS	I	I
MCMDC2	8	MICROCEBUS_SP._3_GT-2019	I	I
MCMDC2	8	MICROCEBUS_TAVARATRA	I	I
MCMDC2	8	MIRZA_COQUERELI	PI	PI
MCMDC2	8	MIRZA_ZAZA	PI	PI
MCMDC2	8	NASALIS_LARVATUS	I	I
MCMDC2	8	NOMASCUS_LEUCOGENYS	I	I
MCMDC2	8	NYCTICEBUS_BENGALENSIS	PM	I;PM
MCMDC2	8	NYCTICEBUS_COUCANG	PI	I;PI
MCMDC2	8	OTOLEMUR_CRASSICAUDATUS	I	I
MCMDC2	8	OTOLEMUR_GARNETTII	I	I
MCMDC2	8	PAN_PANISCUS	I	I
MCMDC2	8	PAN_TROGLODYTES	I	I
MCMDC2	8	PAPIO_ANUBIS	I	I
MCMDC2	8	PAPIO_HAMADRYAS	I	I
MCMDC2	8	PAPIO_PAPIO	I	I
MCMDC2	8	PILIOCOLOBUS_TEPHROSCELES	I	I
MCMDC2	8	PITHECIA_MITTERMEIERI	I	I
MCMDC2	8	PITHECIA_PITHECIA	I	I
MCMDC2	8	PITHECIA_VANZOLINII	I	I
MCMDC2	8	PLECTUROCEBUS_BERNHARDI	I	I
MCMDC2	8	PLECTUROCEBUS_BRUNNEUS	I	I
MCMDC2	8	PLECTUROCEBUS_CALIGATUS	I	I
MCMDC2	8	PLECTUROCEBUS_CINERASCENS	I	I
MCMDC2	8	PLECTUROCEBUS_CUPREUS	I	I
MCMDC2	8	PLECTUROCEBUS_DONACOPHILUS	I	I
MCMDC2	8	PLECTUROCEBUS_DUBIUS	I	I
MCMDC2	8	PLECTUROCEBUS_HOFFMANNSI	I	I
MCMDC2	8	PLECTUROCEBUS_MILTONI	I	I
MCMDC2	8	PLECTUROCEBUS_MOLOCH	I	I
MCMDC2	8	PONGO_ABELII	I	I
MCMDC2	8	PONGO_PYGMAEUS	I	I
MCMDC2	8	PROLEMUR_SIMUS	I	I
MCMDC2	8	PROPITHECUS_COQUERELI	I	I
MCMDC2	8	PYGATHRIX_NEMAEUS	I	I
MCMDC2	8	PYGATHRIX_NIGRIPES	I	I
MCMDC2	8	RHINOPITHECUS_BIETI	I	I
MCMDC2	8	RHINOPITHECUS_ROXELLANA	I	I
MCMDC2	8	RHINOPITHECUS_STRYKERI	I	I
MCMDC2	8	SAGUINUS_IMPERATOR	I	I
MCMDC2	8	SAGUINUS_MIDAS	I	I
MCMDC2	8	SAGUINUS_OEDIPUS	I	I
MCMDC2	8	SAIMIRI_BOLIVIENSIS	PI	PI
MCMDC2	8	SAIMIRI_BOLIVIENSIS_BOLIVIENSIS	I	I
MCMDC2	8	SAIMIRI_SCIUREUS	I	I
MCMDC2	8	SAPAJUS_APELLA	I	I
MCMDC2	8	SEMNOPITHECUS_ENTELLUS	PM	PM
MCMDC2	8	SYMPHALANGUS_SYNDACTYLUS	I	I
MCMDC2	8	THEROPITHECUS_GELADA	I	I
MCMDC2	8	TRACHYPITHECUS_FRANCOISI	UL	UL
MCMDC2	8	TRACHYPITHECUS_GERMAINI	I	I
MCMDC2	8	TRACHYPITHECUS_PHAYREI_CREPUSCULA	I	I
MCMDC2	8	VARECIA_VARIEGATA	I	I
MEI1	22	ALLENOPITHECUS_NIGROVIRIDIS	I	I
MEI1	22	ALLOCHROCEBUS_LHOESTI	I	I
MEI1	22	ALOUATTA_PALLIATA	I	I
MEI1	22	AOTUS_NANCYMAAE	I	I
MEI1	22	AOTUS_VOCIFERANS	I	I
MEI1	22	ATELES_GEOFFROYI	PI	PI
MEI1	22	ATELES_MARGINATUS	I	I
MEI1	22	ATELES_PANISCUS	I	I
MEI1	22	CACAJAO_AYRESI	I	I
MEI1	22	CACAJAO_HOSOMI	I	I
MEI1	22	CACAJAO_MELANOCEPHALUS	I	I
MEI1	22	CALLIMICO_GOELDII	PI	PI
MEI1	22	CALLITHRIX_JACCHUS	I	I
MEI1	22	CALLITHRIX_PENICILLATA	I	I
MEI1	22	CALLITHRIX_PYGMAEA	I	I
MEI1	22	CARLITO_SYRICHTA	I	I
MEI1	22	CEBUS_ALBIFRONS	PI	I;PI
MEI1	22	CEBUS_CAPUCINUS_IMITATOR	PI	PI
MEI1	22	CEPHALOPACHUS_BANCANUS	UL	UL
MEI1	22	CERCOCEBUS_ATYS	PI	PI
MEI1	22	CERCOPITHECUS_ALBOGULARIS	I	I
MEI1	22	CERCOPITHECUS_MONA	I	I
MEI1	22	CERCOPITHECUS_NEGLECTUS	PI	PI
MEI1	22	CHEIROGALEUS_MEDIUS	I	I
MEI1	22	CHERACEBUS_LUCIFER	PI	PI
MEI1	22	CHERACEBUS_REGULUS	I	I
MEI1	22	CHIROPOTES_ISRAELITA	I	I
MEI1	22	CHIROPOTES_SAGULATUS	PI	PI
MEI1	22	CHLOROCEBUS_AETHIOPS	UL	UL
MEI1	22	CHLOROCEBUS_SABAEUS	I	I
MEI1	22	COLOBUS_ANGOLENSIS_PALLIATUS	I	I
MEI1	22	COLOBUS_GUEREZA	I	I
MEI1	22	DAUBENTONIA_MADAGASCARIENSIS	I	I
MEI1	22	ERYTHROCEBUS_PATAS	PI	I;PI
MEI1	22	EULEMUR_FLAVIFRONS	I	I
MEI1	22	EULEMUR_FULVUS	I	I
MEI1	22	EULEMUR_FULVUS_COLLARIS	I	I
MEI1	22	EULEMUR_MACACO	I	I
MEI1	22	EULEMUR_MONGOZ	PI	PI
MEI1	22	GALAGO_MOHOLI	I	I
MEI1	22	GORILLA_BERINGEI	I	I
MEI1	22	GORILLA_GORILLA	I	I
MEI1	22	GORILLA_GORILLA_GORILLA	I	I
MEI1	22	HOOLOCK_LEUCONEDYS	I	I
MEI1	22	HYLOBATES_AGILIS	I	I
MEI1	22	HYLOBATES_MOLOCH	I	I
MEI1	22	HYLOBATES_PILEATUS	I	I
MEI1	22	INDRI_INDRI	PI	PI
MEI1	22	LEMUR_CATTA	I	I
MEI1	22	LEONTOPITHECUS_CHRYSOMELAS	PI	PI
MEI1	22	LEONTOPITHECUS_ROSALIA	I	I
MEI1	22	LOPHOCEBUS_ATERRIMUS	I	I
MEI1	22	LORIS_TARDIGRADUS	I	I
MEI1	22	MACACA_ARCTOIDES	I	I
MEI1	22	MACACA_ASSAMENSIS	I	I
MEI1	22	MACACA_CYCLOPIS	I	I
MEI1	22	MACACA_FASCICULARIS	I	I
MEI1	22	MACACA_FUSCATA	I	I
MEI1	22	MACACA_LEONINA	I	I
MEI1	22	MACACA_MULATTA	I	I
MEI1	22	MACACA_NEMESTRINA	UL	UL
MEI1	22	MACACA_NIGRA	UL	UL
MEI1	22	MACACA_SILENUS	I	I
MEI1	22	MACACA_THIBETANA_THIBETANA	I	I
MEI1	22	MANDRILLUS_LEUCOPHAEUS	PI	I;PI
MEI1	22	MANDRILLUS_SPHINX	M	M;PI
MEI1	22	MICROCEBUS_MURINUS	I	I
MEI1	22	MICROCEBUS_SP._3_GT-2019	PI	PI
MEI1	22	MICROCEBUS_TAVARATRA	PI	PI
MEI1	22	MIRZA_COQUERELI	PI	PI
MEI1	22	MIRZA_ZAZA	I	I
MEI1	22	NASALIS_LARVATUS	PI	PI
MEI1	22	NOMASCUS_LEUCOGENYS	I	I
MEI1	22	NYCTICEBUS_BENGALENSIS	I	I
MEI1	22	NYCTICEBUS_COUCANG	PI	I;PI
MEI1	22	OTOLEMUR_CRASSICAUDATUS	PI	PI
MEI1	22	OTOLEMUR_GARNETTII	I	I
MEI1	22	PAN_PANISCUS	I	I
MEI1	22	PAN_TROGLODYTES	I	I
MEI1	22	PAPIO_ANUBIS	I	I
MEI1	22	PAPIO_HAMADRYAS	I	I
MEI1	22	PAPIO_PAPIO	PI	PI
MEI1	22	PILIOCOLOBUS_TEPHROSCELES	I	I
MEI1	22	PITHECIA_MITTERMEIERI	PI	PI
MEI1	22	PITHECIA_PITHECIA	PI	I;PI
MEI1	22	PLECTUROCEBUS_BRUNNEUS	I	I
MEI1	22	PLECTUROCEBUS_CALIGATUS	PI	PI
MEI1	22	PLECTUROCEBUS_CUPREUS	I	I
MEI1	22	PLECTUROCEBUS_DONACOPHILUS	I	I
MEI1	22	PLECTUROCEBUS_MILTONI	I	I
MEI1	22	PLECTUROCEBUS_MOLOCH	I	I
MEI1	22	PONGO_ABELII	I	I
MEI1	22	PONGO_PYGMAEUS	I	I
MEI1	22	PROLEMUR_SIMUS	I	I
MEI1	22	PROPITHECUS_COQUERELI	I	I
MEI1	22	PYGATHRIX_NEMAEUS	PI	PI
MEI1	22	PYGATHRIX_NIGRIPES	I	I
MEI1	22	RHINOPITHECUS_BIETI	UL	I;UL
MEI1	22	RHINOPITHECUS_ROXELLANA	I	I
MEI1	22	RHINOPITHECUS_STRYKERI	UL	UL
MEI1	22	SAGUINUS_IMPERATOR	I	I
MEI1	22	SAGUINUS_MIDAS	I	I
MEI1	22	SAGUINUS_OEDIPUS	I	I
MEI1	22	SAIMIRI_BOLIVIENSIS	PI	PI
MEI1	22	SAIMIRI_BOLIVIENSIS_BOLIVIENSIS	I	I
MEI1	22	SAPAJUS_APELLA	I	I
MEI1	22	SEMNOPITHECUS_ENTELLUS	PI	PI
MEI1	22	SYMPHALANGUS_SYNDACTYLUS	I	I
MEI1	22	THEROPITHECUS_GELADA	I	I
MEI1	22	TRACHYPITHECUS_FRANCOISI	I	I
MEI1	22	TRACHYPITHECUS_GERMAINI	I	I
MEI1	22	TRACHYPITHECUS_PHAYREI_CREPUSCULA	UL	UL
MEI1	22	VARECIA_VARIEGATA	PI	PI
MEI4	6	ALLENOPITHECUS_NIGROVIRIDIS	PI	PI
MEI4	6	ALLOCHROCEBUS_LHOESTI	I	I
MEI4	6	ALOUATTA_PALLIATA	I	I
MEI4	6	AOTUS_NANCYMAAE	I	I
MEI4	6	AOTUS_VOCIFERANS	I	I
MEI4	6	ATELES_BELZEBUTH	I	I
MEI4	6	ATELES_CHAMEK	I	I
MEI4	6	ATELES_GEOFFROYI	I	I
MEI4	6	ATELES_MARGINATUS	I	I
MEI4	6	ATELES_PANISCUS	I	I
MEI4	6	CACAJAO_AYRESI	I	I
MEI4	6	CACAJAO_CALVUS	I	I
MEI4	6	CACAJAO_HOSOMI	I	I
MEI4	6	CACAJAO_MELANOCEPHALUS	I	I
MEI4	6	CALLIMICO_GOELDII	I	I
MEI4	6	CALLITHRIX_JACCHUS	I	I
MEI4	6	CALLITHRIX_PENICILLATA	I	I
MEI4	6	CALLITHRIX_PYGMAEA	PI	PI
MEI4	6	CARLITO_SYRICHTA	PI	PI
MEI4	6	CEBUS_ALBIFRONS	I	I
MEI4	6	CEBUS_CAPUCINUS_IMITATOR	I	I
MEI4	6	CEPHALOPACHUS_BANCANUS	I	I
MEI4	6	CERCOCEBUS_ATYS	I	I
MEI4	6	CERCOPITHECUS_ALBOGULARIS	I	I
MEI4	6	CERCOPITHECUS_MONA	I	I
MEI4	6	CERCOPITHECUS_NEGLECTUS	PI	PI
MEI4	6	CHEIROGALEUS_MEDIUS	I	I
MEI4	6	CHERACEBUS_LUCIFER	I	I
MEI4	6	CHERACEBUS_REGULUS	I	I
MEI4	6	CHERACEBUS_TORQUATUS	I	I
MEI4	6	CHIROPOTES_SAGULATUS	I	I
MEI4	6	CHLOROCEBUS_AETHIOPS	I	I
MEI4	6	CHLOROCEBUS_SABAEUS	I	I
MEI4	6	COLOBUS_ANGOLENSIS_PALLIATUS	I	I
MEI4	6	COLOBUS_GUEREZA	I	I
MEI4	6	DAUBENTONIA_MADAGASCARIENSIS	I	I
MEI4	6	ERYTHROCEBUS_PATAS	I	I
MEI4	6	EULEMUR_FLAVIFRONS	I	I
MEI4	6	EULEMUR_FULVUS	I	I
MEI4	6	EULEMUR_FULVUS_COLLARIS	M	M
MEI4	6	EULEMUR_MACACO	I	I
MEI4	6	EULEMUR_MONGOZ	I	I
MEI4	6	GALAGO_MOHOLI	I	I
MEI4	6	GALAGO_SENEGALENSIS	PI	PI
MEI4	6	GORILLA_BERINGEI	PI	PI
MEI4	6	GORILLA_GORILLA	I	I
MEI4	6	GORILLA_GORILLA_GORILLA	I	I
MEI4	6	HOOLOCK_LEUCONEDYS	I	I
MEI4	6	HYLOBATES_AGILIS	PI	PI
MEI4	6	HYLOBATES_MOLOCH	I	I
MEI4	6	HYLOBATES_PILEATUS	I	I
MEI4	6	INDRI_INDRI	I	I
MEI4	6	LAGOTHRIX_LAGOTRICHA	I	I
MEI4	6	LEMUR_CATTA	I	I
MEI4	6	LEONTOPITHECUS_CHRYSOMELAS	I	I
MEI4	6	LEONTOPITHECUS_ROSALIA	I	I
MEI4	6	LOPHOCEBUS_ATERRIMUS	I	I
MEI4	6	LORIS_TARDIGRADUS	I	I
MEI4	6	MACACA_ARCTOIDES	I	I
MEI4	6	MACACA_ASSAMENSIS	I	I
MEI4	6	MACACA_CYCLOPIS	I	I
MEI4	6	MACACA_FASCICULARIS	I	I
MEI4	6	MACACA_FUSCATA	I	I
MEI4	6	MACACA_LEONINA	I	I
MEI4	6	MACACA_MULATTA	I	I
MEI4	6	MACACA_NEMESTRINA	I	I
MEI4	6	MACACA_NIGRA	I	I
MEI4	6	MACACA_SILENUS	I	I
MEI4	6	MACACA_THIBETANA_THIBETANA	I	I
MEI4	6	MANDRILLUS_LEUCOPHAEUS	I	I
MEI4	6	MANDRILLUS_SPHINX	I	I
MEI4	6	MICROCEBUS_GRISEORUFUS	PM	PM
MEI4	6	MICROCEBUS_MURINUS	UL	UL
MEI4	6	MICROCEBUS_RAVELOBENSIS	I	I
MEI4	6	MICROCEBUS_SP._3_GT-2019	I	I
MEI4	6	MICROCEBUS_TAVARATRA	I	I
MEI4	6	MIRZA_COQUERELI	PI	PI
MEI4	6	MIRZA_ZAZA	I	I
MEI4	6	NASALIS_LARVATUS	M	M
MEI4	6	NOMASCUS_LEUCOGENYS	I	I
MEI4	6	NYCTICEBUS_BENGALENSIS	I	I
MEI4	6	NYCTICEBUS_COUCANG	I	I
MEI4	6	OTOLEMUR_CRASSICAUDATUS	PI	PI
MEI4	6	OTOLEMUR_GARNETTII	I	I
MEI4	6	PAN_PANISCUS	I	I
MEI4	6	PAN_TROGLODYTES	I	I
MEI4	6	PAPIO_ANUBIS	I	I
MEI4	6	PAPIO_HAMADRYAS	I	I
MEI4	6	PAPIO_PAPIO	I	I
MEI4	6	PILIOCOLOBUS_TEPHROSCELES	I	I
MEI4	6	PITHECIA_MITTERMEIERI	PI	PI
MEI4	6	PITHECIA_PITHECIA	I	I
MEI4	6	PITHECIA_VANZOLINII	I	I
MEI4	6	PLECTUROCEBUS_BERNHARDI	I	I
MEI4	6	PLECTUROCEBUS_BRUNNEUS	I	I
MEI4	6	PLECTUROCEBUS_CALIGATUS	I	I
MEI4	6	PLECTUROCEBUS_CINERASCENS	I	I
MEI4	6	PLECTUROCEBUS_CUPREUS	I	I
MEI4	6	PLECTUROCEBUS_DONACOPHILUS	I	I
MEI4	6	PLECTUROCEBUS_DUBIUS	I	I
MEI4	6	PLECTUROCEBUS_GROVESI	I	I
MEI4	6	PLECTUROCEBUS_HOFFMANNSI	I	I
MEI4	6	PLECTUROCEBUS_MILTONI	I	I
MEI4	6	PLECTUROCEBUS_MOLOCH	I	I
MEI4	6	PONGO_ABELII	I	I
MEI4	6	PONGO_PYGMAEUS	UL	I;UL
MEI4	6	PROLEMUR_SIMUS	I	I
MEI4	6	PROPITHECUS_COQUERELI	PI	PI
MEI4	6	PYGATHRIX_NEMAEUS	I	I
MEI4	6	PYGATHRIX_NIGRIPES	I	I
MEI4	6	RHINOPITHECUS_BIETI	L	I;L
MEI4	6	RHINOPITHECUS_ROXELLANA	I	I
MEI4	6	RHINOPITHECUS_STRYKERI	I	I
MEI4	6	SAGUINUS_IMPERATOR	PI	PI
MEI4	6	SAGUINUS_MIDAS	I	I
MEI4	6	SAGUINUS_OEDIPUS	I	I
MEI4	6	SAIMIRI_BOLIVIENSIS	I	I
MEI4	6	SAIMIRI_BOLIVIENSIS_BOLIVIENSIS	I	I
MEI4	6	SAIMIRI_SCIUREUS	I	I
MEI4	6	SAPAJUS_APELLA	I	I
MEI4	6	SEMNOPITHECUS_ENTELLUS	PI	PI
MEI4	6	SYMPHALANGUS_SYNDACTYLUS	I	I
MEI4	6	THEROPITHECUS_GELADA	I	I
MEI4	6	TRACHYPITHECUS_FRANCOISI	I	I
MEI4	6	TRACHYPITHECUS_GERMAINI	I	I
MEI4	6	TRACHYPITHECUS_PHAYREI_CREPUSCULA	I	I
MEI4	6	VARECIA_VARIEGATA	I	I
MEIOB	16	ALLENOPITHECUS_NIGROVIRIDIS	UL	UL
MEIOB	16	ALLOCHROCEBUS_LHOESTI	I	I
MEIOB	16	ALOUATTA_PALLIATA	I	I
MEIOB	16	AOTUS_NANCYMAAE	I	I
MEIOB	16	AOTUS_VOCIFERANS	I	I
MEIOB	16	ATELES_BELZEBUTH	PI	PI
MEIOB	16	ATELES_CHAMEK	I	I
MEIOB	16	ATELES_GEOFFROYI	I	I
MEIOB	16	ATELES_MARGINATUS	I	I
MEIOB	16	ATELES_PANISCUS	I	I
MEIOB	16	CACAJAO_AYRESI	I	I
MEIOB	16	CACAJAO_CALVUS	I	I
MEIOB	16	CACAJAO_HOSOMI	I	I
MEIOB	16	CACAJAO_MELANOCEPHALUS	I	I
MEIOB	16	CALLIMICO_GOELDII	L	L
MEIOB	16	CALLITHRIX_JACCHUS	I	I
MEIOB	16	CALLITHRIX_PENICILLATA	I	I
MEIOB	16	CALLITHRIX_PYGMAEA	I	I
MEIOB	16	CARLITO_SYRICHTA	UL	UL
MEIOB	16	CEBUS_ALBIFRONS	PI	I;PI
MEIOB	16	CEBUS_CAPUCINUS_IMITATOR	PI	PI
MEIOB	16	CEPHALOPACHUS_BANCANUS	I	I
MEIOB	16	CERCOCEBUS_ATYS	I	I
MEIOB	16	CERCOPITHECUS_ALBOGULARIS	I	I
MEIOB	16	CERCOPITHECUS_MONA	I	I
MEIOB	16	CERCOPITHECUS_NEGLECTUS	PI	PI
MEIOB	16	CHEIROGALEUS_MEDIUS	I	I
MEIOB	16	CHERACEBUS_LUCIFER	PM	PM
MEIOB	16	CHERACEBUS_LUGENS	PI	PI
MEIOB	16	CHERACEBUS_REGULUS	I	I
MEIOB	16	CHERACEBUS_TORQUATUS	I	I
MEIOB	16	CHIROPOTES_ISRAELITA	I	I
MEIOB	16	CHIROPOTES_SAGULATUS	PI	PI
MEIOB	16	CHLOROCEBUS_AETHIOPS	I	I
MEIOB	16	CHLOROCEBUS_SABAEUS	I	I
MEIOB	16	COLOBUS_ANGOLENSIS_PALLIATUS	PI	PI
MEIOB	16	COLOBUS_GUEREZA	I	I
MEIOB	16	DAUBENTONIA_MADAGASCARIENSIS	I	I
MEIOB	16	ERYTHROCEBUS_PATAS	I	I
MEIOB	16	EULEMUR_FLAVIFRONS	I	I
MEIOB	16	EULEMUR_FULVUS	PI	PI
MEIOB	16	EULEMUR_FULVUS_COLLARIS	M	M
MEIOB	16	EULEMUR_MACACO	I	I
MEIOB	16	EULEMUR_MONGOZ	PI	PI
MEIOB	16	GALAGO_MOHOLI	I	I
MEIOB	16	GALAGO_SENEGALENSIS	PI	PI
MEIOB	16	GORILLA_BERINGEI	I	I
MEIOB	16	GORILLA_GORILLA	I	I
MEIOB	16	GORILLA_GORILLA_GORILLA	I	I
MEIOB	16	HOOLOCK_LEUCONEDYS	I	I
MEIOB	16	HYLOBATES_AGILIS	I	I
MEIOB	16	HYLOBATES_MOLOCH	I	I
MEIOB	16	HYLOBATES_PILEATUS	I	I
MEIOB	16	INDRI_INDRI	I	I
MEIOB	16	LAGOTHRIX_LAGOTRICHA	I	I
MEIOB	16	LEMUR_CATTA	I	I
MEIOB	16	LEONTOPITHECUS_CHRYSOMELAS	I	I
MEIOB	16	LEONTOPITHECUS_ROSALIA	PI	PI
MEIOB	16	LOPHOCEBUS_ATERRIMUS	I	I
MEIOB	16	LORIS_TARDIGRADUS	I	I
MEIOB	16	MACACA_ARCTOIDES	PI	PI
MEIOB	16	MACACA_ASSAMENSIS	I	I
MEIOB	16	MACACA_CYCLOPIS	I	I
MEIOB	16	MACACA_FASCICULARIS	I	I
MEIOB	16	MACACA_FUSCATA	I	I
MEIOB	16	MACACA_LEONINA	I	I
MEIOB	16	MACACA_MULATTA	I	I
MEIOB	16	MACACA_NEMESTRINA	I	I
MEIOB	16	MACACA_NIGRA	UL	UL
MEIOB	16	MACACA_SILENUS	I	I
MEIOB	16	MACACA_THIBETANA_THIBETANA	I	I
MEIOB	16	MANDRILLUS_LEUCOPHAEUS	I	I
MEIOB	16	MANDRILLUS_SPHINX	I	I
MEIOB	16	MICROCEBUS_GRISEORUFUS	PI	PI
MEIOB	16	MICROCEBUS_MITTERMEIERI	M	M
MEIOB	16	MICROCEBUS_MURINUS	I	I
MEIOB	16	MICROCEBUS_RAVELOBENSIS	I	I
MEIOB	16	MICROCEBUS_SP._3_GT-2019	I	I
MEIOB	16	MICROCEBUS_TAVARATRA	I	I
MEIOB	16	MIRZA_COQUERELI	I	I
MEIOB	16	MIRZA_ZAZA	I	I
MEIOB	16	NASALIS_LARVATUS	PI	PI
MEIOB	16	NOMASCUS_LEUCOGENYS	I	I
MEIOB	16	NYCTICEBUS_BENGALENSIS	I	I
MEIOB	16	NYCTICEBUS_COUCANG	I	I
MEIOB	16	OTOLEMUR_CRASSICAUDATUS	I	I
MEIOB	16	OTOLEMUR_GARNETTII	PI	PI
MEIOB	16	PAN_PANISCUS	I	I
MEIOB	16	PAN_TROGLODYTES	I	I
MEIOB	16	PAPIO_ANUBIS	I	I
MEIOB	16	PAPIO_HAMADRYAS	I	I
MEIOB	16	PAPIO_PAPIO	UL	UL
MEIOB	16	PILIOCOLOBUS_TEPHROSCELES	PI	PI
MEIOB	16	PITHECIA_MITTERMEIERI	I	I
MEIOB	16	PITHECIA_PITHECIA	I	I
MEIOB	16	PITHECIA_VANZOLINII	I	I
MEIOB	16	PLECTUROCEBUS_BERNHARDI	PI	PI
MEIOB	16	PLECTUROCEBUS_BRUNNEUS	I	I
MEIOB	16	PLECTUROCEBUS_CALIGATUS	I	I
MEIOB	16	PLECTUROCEBUS_CINERASCENS	I	I
MEIOB	16	PLECTUROCEBUS_CUPREUS	I	I
MEIOB	16	PLECTUROCEBUS_DONACOPHILUS	I	I
MEIOB	16	PLECTUROCEBUS_DUBIUS	PI	PI
MEIOB	16	PLECTUROCEBUS_GROVESI	I	I
MEIOB	16	PLECTUROCEBUS_HOFFMANNSI	PI	PI
MEIOB	16	PLECTUROCEBUS_MILTONI	I	I
MEIOB	16	PLECTUROCEBUS_MOLOCH	I	I
MEIOB	16	PONGO_ABELII	I	I
MEIOB	16	PONGO_PYGMAEUS	I	I
MEIOB	16	PROLEMUR_SIMUS	I	I
MEIOB	16	PROPITHECUS_COQUERELI	PI	PI
MEIOB	16	PYGATHRIX_NEMAEUS	PI	PI
MEIOB	16	PYGATHRIX_NIGRIPES	I	I
MEIOB	16	RHINOPITHECUS_BIETI	PI	I;PI
MEIOB	16	RHINOPITHECUS_ROXELLANA	I	I
MEIOB	16	RHINOPITHECUS_STRYKERI	I	I
MEIOB	16	SAGUINUS_IMPERATOR	I	I
MEIOB	16	SAGUINUS_MIDAS	I	I
MEIOB	16	SAGUINUS_OEDIPUS	I	I
MEIOB	16	SAIMIRI_BOLIVIENSIS	PI	PI
MEIOB	16	SAIMIRI_BOLIVIENSIS_BOLIVIENSIS	I	I
MEIOB	16	SAIMIRI_SCIUREUS	PI	PI
MEIOB	16	SAPAJUS_APELLA	I	I
MEIOB	16	SEMNOPITHECUS_ENTELLUS	PI	PI
MEIOB	16	SYMPHALANGUS_SYNDACTYLUS	I	I
MEIOB	16	THEROPITHECUS_GELADA	I	I
MEIOB	16	TRACHYPITHECUS_FRANCOISI	I	I
MEIOB	16	TRACHYPITHECUS_GERMAINI	I	I
MEIOB	16	TRACHYPITHECUS_PHAYREI_CREPUSCULA	I	I
MEIOB	16	VARECIA_VARIEGATA	I	I
MLH1	3	ALLENOPITHECUS_NIGROVIRIDIS	I	I
MLH1	3	ALLOCHROCEBUS_LHOESTI	I	I
MLH1	3	ALOUATTA_PALLIATA	I	I
MLH1	3	AOTUS_NANCYMAAE	I	I
MLH1	3	AOTUS_VOCIFERANS	I	I
MLH1	3	ATELES_BELZEBUTH	I	I
MLH1	3	ATELES_CHAMEK	I	I
MLH1	3	ATELES_GEOFFROYI	I	I
MLH1	3	ATELES_MARGINATUS	I	I
MLH1	3	ATELES_PANISCUS	I	I
MLH1	3	CACAJAO_AYRESI	I	I
MLH1	3	CACAJAO_CALVUS	I	I
MLH1	3	CACAJAO_HOSOMI	I	I
MLH1	3	CACAJAO_MELANOCEPHALUS	I	I
MLH1	3	CALLIMICO_GOELDII	I	I
MLH1	3	CALLITHRIX_JACCHUS	I	I
MLH1	3	CALLITHRIX_PENICILLATA	I	I
MLH1	3	CALLITHRIX_PYGMAEA	PI	PI
MLH1	3	CARLITO_SYRICHTA	I	I
MLH1	3	CEBUS_ALBIFRONS	I	I
MLH1	3	CEBUS_CAPUCINUS_IMITATOR	I	I
MLH1	3	CEPHALOPACHUS_BANCANUS	I	I
MLH1	3	CERCOCEBUS_ATYS	I	I
MLH1	3	CERCOPITHECUS_ALBOGULARIS	I	I
MLH1	3	CERCOPITHECUS_MONA	I	I
MLH1	3	CERCOPITHECUS_NEGLECTUS	I	I
MLH1	3	CHEIROGALEUS_MEDIUS	I	I
MLH1	3	CHERACEBUS_LUCIFER	I	I
MLH1	3	CHERACEBUS_LUGENS	I	I
MLH1	3	CHERACEBUS_REGULUS	I	I
MLH1	3	CHERACEBUS_TORQUATUS	I	I
MLH1	3	CHIROPOTES_ISRAELITA	I	I
MLH1	3	CHIROPOTES_SAGULATUS	I	I
MLH1	3	CHLOROCEBUS_AETHIOPS	I	I
MLH1	3	CHLOROCEBUS_SABAEUS	I	I
MLH1	3	COLOBUS_ANGOLENSIS_PALLIATUS	I	I
MLH1	3	COLOBUS_GUEREZA	I	I
MLH1	3	DAUBENTONIA_MADAGASCARIENSIS	I	I
MLH1	3	ERYTHROCEBUS_PATAS	I	I
MLH1	3	EULEMUR_FLAVIFRONS	I	I
MLH1	3	EULEMUR_FULVUS	PI	PI
MLH1	3	EULEMUR_FULVUS_COLLARIS	I	I
MLH1	3	EULEMUR_MACACO	I	I
MLH1	3	EULEMUR_MONGOZ	I	I
MLH1	3	GALAGO_MOHOLI	I	I
MLH1	3	GALAGO_SENEGALENSIS	UL	UL
MLH1	3	GORILLA_BERINGEI	I	I
MLH1	3	GORILLA_GORILLA	I	I
MLH1	3	GORILLA_GORILLA_GORILLA	I	I
MLH1	3	HOOLOCK_LEUCONEDYS	I	I
MLH1	3	HYLOBATES_AGILIS	I	I
MLH1	3	HYLOBATES_MOLOCH	I	I
MLH1	3	HYLOBATES_PILEATUS	I	I
MLH1	3	INDRI_INDRI	I	I
MLH1	3	LAGOTHRIX_LAGOTRICHA	I	I
MLH1	3	LEMUR_CATTA	I	I
MLH1	3	LEONTOPITHECUS_CHRYSOMELAS	I	I
MLH1	3	LEONTOPITHECUS_ROSALIA	I	I
MLH1	3	LOPHOCEBUS_ATERRIMUS	I	I
MLH1	3	LORIS_TARDIGRADUS	I	I
MLH1	3	MACACA_ARCTOIDES	I	I
MLH1	3	MACACA_ASSAMENSIS	I	I
MLH1	3	MACACA_CYCLOPIS	I	I
MLH1	3	MACACA_FASCICULARIS	UL	I;UL
MLH1	3	MACACA_FUSCATA	I	I
MLH1	3	MACACA_LEONINA	I	I
MLH1	3	MACACA_MULATTA	I	I
MLH1	3	MACACA_NEMESTRINA	I	I
MLH1	3	MACACA_NIGRA	I	I
MLH1	3	MACACA_SILENUS	I	I
MLH1	3	MACACA_THIBETANA_THIBETANA	I	I
MLH1	3	MANDRILLUS_LEUCOPHAEUS	I	I
MLH1	3	MANDRILLUS_SPHINX	I	I
MLH1	3	MICROCEBUS_GRISEORUFUS	PI	PI
MLH1	3	MICROCEBUS_MITTERMEIERI	I	I
MLH1	3	MICROCEBUS_MURINUS	I	I
MLH1	3	MICROCEBUS_RAVELOBENSIS	I	I
MLH1	3	MICROCEBUS_SP._3_GT-2019	PI	PI
MLH1	3	MICROCEBUS_TAVARATRA	PI	PI
MLH1	3	MIRZA_COQUERELI	I	I
MLH1	3	MIRZA_ZAZA	I	I
MLH1	3	NASALIS_LARVATUS	PI	PI
MLH1	3	NOMASCUS_LEUCOGENYS	I	I
MLH1	3	NYCTICEBUS_BENGALENSIS	I	I
MLH1	3	NYCTICEBUS_COUCANG	I	I
MLH1	3	OTOLEMUR_CRASSICAUDATUS	PI	PI
MLH1	3	OTOLEMUR_GARNETTII	I	I
MLH1	3	PAN_PANISCUS	I	I
MLH1	3	PAN_TROGLODYTES	I	I
MLH1	3	PAPIO_ANUBIS	I	I
MLH1	3	PAPIO_HAMADRYAS	I	I
MLH1	3	PAPIO_PAPIO	I	I
MLH1	3	PILIOCOLOBUS_TEPHROSCELES	I	I
MLH1	3	PITHECIA_MITTERMEIERI	I	I
MLH1	3	PITHECIA_PITHECIA	I	I
MLH1	3	PITHECIA_VANZOLINII	I	I
MLH1	3	PLECTUROCEBUS_CALIGATUS	I	I
MLH1	3	PLECTUROCEBUS_CUPREUS	I	I
MLH1	3	PLECTUROCEBUS_DONACOPHILUS	I	I
MLH1	3	PLECTUROCEBUS_GROVESI	I	I
MLH1	3	PLECTUROCEBUS_HOFFMANNSI	I	I
MLH1	3	PLECTUROCEBUS_MILTONI	I	I
MLH1	3	PLECTUROCEBUS_MOLOCH	I	I
MLH1	3	PONGO_ABELII	I	I
MLH1	3	PONGO_PYGMAEUS	I	I
MLH1	3	PROLEMUR_SIMUS	I	I
MLH1	3	PROPITHECUS_COQUERELI	I	I
MLH1	3	PYGATHRIX_NEMAEUS	I	I
MLH1	3	PYGATHRIX_NIGRIPES	I	I
MLH1	3	RHINOPITHECUS_BIETI	UL	I;UL
MLH1	3	RHINOPITHECUS_ROXELLANA	UL	UL
MLH1	3	RHINOPITHECUS_STRYKERI	I	I
MLH1	3	SAGUINUS_IMPERATOR	UL	UL
MLH1	3	SAGUINUS_MIDAS	I	I
MLH1	3	SAGUINUS_OEDIPUS	I	I
MLH1	3	SAIMIRI_BOLIVIENSIS	I	I
MLH1	3	SAIMIRI_BOLIVIENSIS_BOLIVIENSIS	I	I
MLH1	3	SAPAJUS_APELLA	I	I
MLH1	3	SEMNOPITHECUS_ENTELLUS	I	I
MLH1	3	SYMPHALANGUS_SYNDACTYLUS	I	I
MLH1	3	THEROPITHECUS_GELADA	PI	PI
MLH1	3	TRACHYPITHECUS_FRANCOISI	I	I
MLH1	3	TRACHYPITHECUS_GERMAINI	I	I
MLH1	3	TRACHYPITHECUS_PHAYREI_CREPUSCULA	I	I
MLH1	3	VARECIA_VARIEGATA	I	I
MLH3	14	ALLENOPITHECUS_NIGROVIRIDIS	I	I
MLH3	14	ALLOCHROCEBUS_LHOESTI	I	I
MLH3	14	ALOUATTA_PALLIATA	I	I
MLH3	14	AOTUS_NANCYMAAE	I	I
MLH3	14	AOTUS_VOCIFERANS	I	I
MLH3	14	ATELES_BELZEBUTH	I	I
MLH3	14	ATELES_CHAMEK	I	I
MLH3	14	ATELES_GEOFFROYI	I	I
MLH3	14	ATELES_MARGINATUS	I	I
MLH3	14	ATELES_PANISCUS	I	I
MLH3	14	CACAJAO_AYRESI	I	I
MLH3	14	CACAJAO_CALVUS	PI	PI
MLH3	14	CACAJAO_HOSOMI	I	I
MLH3	14	CACAJAO_MELANOCEPHALUS	I	I
MLH3	14	CALLIMICO_GOELDII	I	I
MLH3	14	CALLITHRIX_JACCHUS	I	I
MLH3	14	CALLITHRIX_PENICILLATA	I	I
MLH3	14	CALLITHRIX_PYGMAEA	I	I
MLH3	14	CARLITO_SYRICHTA	I	I
MLH3	14	CEBUS_ALBIFRONS	I	I
MLH3	14	CEBUS_CAPUCINUS_IMITATOR	I	I
MLH3	14	CEPHALOPACHUS_BANCANUS	I	I
MLH3	14	CERCOCEBUS_ATYS	I	I
MLH3	14	CERCOPITHECUS_ALBOGULARIS	I	I
MLH3	14	CERCOPITHECUS_MONA	I	I
MLH3	14	CERCOPITHECUS_NEGLECTUS	I	I
MLH3	14	CHEIROGALEUS_MEDIUS	I	I
MLH3	14	CHERACEBUS_LUCIFER	I	I
MLH3	14	CHERACEBUS_LUGENS	I	I
MLH3	14	CHERACEBUS_REGULUS	I	I
MLH3	14	CHERACEBUS_TORQUATUS	I	I
MLH3	14	CHIROPOTES_ISRAELITA	I	I
MLH3	14	CHIROPOTES_SAGULATUS	I	I
MLH3	14	CHLOROCEBUS_AETHIOPS	I	I
MLH3	14	CHLOROCEBUS_SABAEUS	I	I
MLH3	14	COLOBUS_ANGOLENSIS_PALLIATUS	I	I
MLH3	14	COLOBUS_GUEREZA	I	I
MLH3	14	DAUBENTONIA_MADAGASCARIENSIS	I	I
MLH3	14	ERYTHROCEBUS_PATAS	I	I
MLH3	14	EULEMUR_FLAVIFRONS	I	I
MLH3	14	EULEMUR_FULVUS	I	I
MLH3	14	EULEMUR_FULVUS_COLLARIS	I	I
MLH3	14	EULEMUR_MACACO	I	I
MLH3	14	EULEMUR_MONGOZ	PI	PI
MLH3	14	GALAGO_MOHOLI	I	I
MLH3	14	GORILLA_BERINGEI	I	I
MLH3	14	GORILLA_GORILLA	I	I
MLH3	14	GORILLA_GORILLA_GORILLA	I	I
MLH3	14	HOOLOCK_LEUCONEDYS	I	I
MLH3	14	HYLOBATES_AGILIS	I	I
MLH3	14	HYLOBATES_MOLOCH	I	I
MLH3	14	HYLOBATES_PILEATUS	I	I
MLH3	14	INDRI_INDRI	I	I
MLH3	14	LAGOTHRIX_LAGOTRICHA	I	I
MLH3	14	LEMUR_CATTA	I	I
MLH3	14	LEONTOPITHECUS_CHRYSOMELAS	I	I
MLH3	14	LEONTOPITHECUS_ROSALIA	I	I
MLH3	14	LOPHOCEBUS_ATERRIMUS	I	I
MLH3	14	LORIS_TARDIGRADUS	UL	UL
MLH3	14	MACACA_ARCTOIDES	I	I
MLH3	14	MACACA_ASSAMENSIS	I	I
MLH3	14	MACACA_CYCLOPIS	I	I
MLH3	14	MACACA_FASCICULARIS	I	I
MLH3	14	MACACA_FUSCATA	I	I
MLH3	14	MACACA_LEONINA	I	I
MLH3	14	MACACA_MULATTA	I	I
MLH3	14	MACACA_NEMESTRINA	I	I
MLH3	14	MACACA_NIGRA	I	I
MLH3	14	MACACA_SILENUS	I	I
MLH3	14	MACACA_THIBETANA_THIBETANA	I	I
MLH3	14	MANDRILLUS_LEUCOPHAEUS	PI	I;PI
MLH3	14	MANDRILLUS_SPHINX	I	I
MLH3	14	MICROCEBUS_GRISEORUFUS	PM	PM
MLH3	14	MICROCEBUS_MITTERMEIERI	PI	PI
MLH3	14	MICROCEBUS_MURINUS	I	I
MLH3	14	MICROCEBUS_RAVELOBENSIS	PI	PI
MLH3	14	MICROCEBUS_SP._3_GT-2019	I	I
MLH3	14	MICROCEBUS_TAVARATRA	I	I
MLH3	14	MIRZA_COQUERELI	I	I
MLH3	14	MIRZA_ZAZA	I	I
MLH3	14	NASALIS_LARVATUS	UL	UL
MLH3	14	NOMASCUS_LEUCOGENYS	I	I
MLH3	14	NYCTICEBUS_BENGALENSIS	I	I
MLH3	14	NYCTICEBUS_COUCANG	I	I
MLH3	14	OTOLEMUR_CRASSICAUDATUS	I	I
MLH3	14	OTOLEMUR_GARNETTII	PI	PI
MLH3	14	PAN_PANISCUS	I	I
MLH3	14	PAN_TROGLODYTES	I	I
MLH3	14	PAPIO_ANUBIS	I	I
MLH3	14	PAPIO_HAMADRYAS	I	I
MLH3	14	PAPIO_PAPIO	I	I
MLH3	14	PILIOCOLOBUS_TEPHROSCELES	I	I
MLH3	14	PITHECIA_MITTERMEIERI	I	I
MLH3	14	PITHECIA_PITHECIA	I	I
MLH3	14	PITHECIA_VANZOLINII	I	I
MLH3	14	PLECTUROCEBUS_BRUNNEUS	I	I
MLH3	14	PLECTUROCEBUS_CALIGATUS	I	I
MLH3	14	PLECTUROCEBUS_CINERASCENS	I	I
MLH3	14	PLECTUROCEBUS_CUPREUS	I	I
MLH3	14	PLECTUROCEBUS_DONACOPHILUS	I	I
MLH3	14	PLECTUROCEBUS_DUBIUS	I	I
MLH3	14	PLECTUROCEBUS_GROVESI	I	I
MLH3	14	PLECTUROCEBUS_HOFFMANNSI	PI	PI
MLH3	14	PLECTUROCEBUS_MILTONI	I	I
MLH3	14	PLECTUROCEBUS_MOLOCH	I	I
MLH3	14	PONGO_ABELII	I	I
MLH3	14	PONGO_PYGMAEUS	I	I
MLH3	14	PROLEMUR_SIMUS	I	I
MLH3	14	PROPITHECUS_COQUERELI	I	I
MLH3	14	PYGATHRIX_NEMAEUS	I	I
MLH3	14	PYGATHRIX_NIGRIPES	I	I
MLH3	14	RHINOPITHECUS_BIETI	UL	I;UL
MLH3	14	RHINOPITHECUS_ROXELLANA	I	I
MLH3	14	RHINOPITHECUS_STRYKERI	I	I
MLH3	14	SAGUINUS_IMPERATOR	PI	PI
MLH3	14	SAGUINUS_MIDAS	L	L
MLH3	14	SAGUINUS_OEDIPUS	I	I
MLH3	14	SAIMIRI_BOLIVIENSIS	M	M
MLH3	14	SAIMIRI_BOLIVIENSIS_BOLIVIENSIS	I	I
MLH3	14	SAIMIRI_SCIUREUS	I	I
MLH3	14	SAPAJUS_APELLA	I	I
MLH3	14	SEMNOPITHECUS_ENTELLUS	I	I
MLH3	14	SYMPHALANGUS_SYNDACTYLUS	I	I
MLH3	14	THEROPITHECUS_GELADA	I	I
MLH3	14	TRACHYPITHECUS_FRANCOISI	I	I
MLH3	14	TRACHYPITHECUS_GERMAINI	I	I
MLH3	14	TRACHYPITHECUS_PHAYREI_CREPUSCULA	I	I
MLH3	14	VARECIA_VARIEGATA	I	I
MND1	4	ALLENOPITHECUS_NIGROVIRIDIS	I	I
MND1	4	ALLOCHROCEBUS_LHOESTI	I	I
MND1	4	ALOUATTA_PALLIATA	PI	PI
MND1	4	AOTUS_NANCYMAAE	I	I
MND1	4	AOTUS_VOCIFERANS	I	I
MND1	4	ATELES_BELZEBUTH	PI	PI
MND1	4	ATELES_CHAMEK	I	I
MND1	4	ATELES_GEOFFROYI	I	I
MND1	4	ATELES_MARGINATUS	I	I
MND1	4	ATELES_PANISCUS	PI	I;PI
MND1	4	CACAJAO_AYRESI	PI	PI
MND1	4	CACAJAO_CALVUS	PI	PI
MND1	4	CACAJAO_HOSOMI	I	I
MND1	4	CACAJAO_MELANOCEPHALUS	I	I
MND1	4	CALLIMICO_GOELDII	I	I
MND1	4	CALLITHRIX_JACCHUS	I	I
MND1	4	CALLITHRIX_PENICILLATA	I	I
MND1	4	CALLITHRIX_PYGMAEA	I	I
MND1	4	CARLITO_SYRICHTA	I	I
MND1	4	CEBUS_ALBIFRONS	PI	I;PI
MND1	4	CEBUS_CAPUCINUS_IMITATOR	I	I
MND1	4	CEPHALOPACHUS_BANCANUS	I	I
MND1	4	CERCOCEBUS_ATYS	I	I
MND1	4	CERCOPITHECUS_ALBOGULARIS	I	I
MND1	4	CERCOPITHECUS_MONA	I	I
MND1	4	CERCOPITHECUS_NEGLECTUS	PI	PI
MND1	4	CHEIROGALEUS_MEDIUS	I	I
MND1	4	CHERACEBUS_LUCIFER	PI	PI
MND1	4	CHERACEBUS_LUGENS	I	I
MND1	4	CHERACEBUS_REGULUS	PI	PI
MND1	4	CHERACEBUS_TORQUATUS	I	I
MND1	4	CHIROPOTES_ISRAELITA	I	I
MND1	4	CHIROPOTES_SAGULATUS	PI	PI
MND1	4	CHLOROCEBUS_AETHIOPS	I	I
MND1	4	CHLOROCEBUS_SABAEUS	I	I
MND1	4	COLOBUS_ANGOLENSIS_PALLIATUS	I	I
MND1	4	COLOBUS_GUEREZA	I	I
MND1	4	DAUBENTONIA_MADAGASCARIENSIS	I	I
MND1	4	ERYTHROCEBUS_PATAS	I	I
MND1	4	EULEMUR_FLAVIFRONS	PI	PI
MND1	4	EULEMUR_FULVUS	PI	PI
MND1	4	EULEMUR_FULVUS_COLLARIS	I	I
MND1	4	EULEMUR_MACACO	PI	PI
MND1	4	EULEMUR_MONGOZ	I	I
MND1	4	GALAGO_MOHOLI	I	I
MND1	4	GALAGO_SENEGALENSIS	PI	PI
MND1	4	GORILLA_BERINGEI	I	I
MND1	4	GORILLA_GORILLA	I	I
MND1	4	GORILLA_GORILLA_GORILLA	I	I
MND1	4	HOOLOCK_LEUCONEDYS	I	I
MND1	4	HYLOBATES_AGILIS	I	I
MND1	4	HYLOBATES_MOLOCH	I	I
MND1	4	HYLOBATES_PILEATUS	I	I
MND1	4	INDRI_INDRI	I	I
MND1	4	LAGOTHRIX_LAGOTRICHA	PI	PI
MND1	4	LEMUR_CATTA	I	I
MND1	4	LEONTOPITHECUS_CHRYSOMELAS	I	I
MND1	4	LEONTOPITHECUS_ROSALIA	I	I
MND1	4	LOPHOCEBUS_ATERRIMUS	I	I
MND1	4	LORIS_TARDIGRADUS	L	L
MND1	4	MACACA_ARCTOIDES	I	I
MND1	4	MACACA_ASSAMENSIS	I	I
MND1	4	MACACA_CYCLOPIS	I	I
MND1	4	MACACA_FASCICULARIS	I	I
MND1	4	MACACA_FUSCATA	I	I
MND1	4	MACACA_LEONINA	I	I
MND1	4	MACACA_MULATTA	I	I
MND1	4	MACACA_NEMESTRINA	I	I
MND1	4	MACACA_NIGRA	I	I
MND1	4	MACACA_SILENUS	I	I
MND1	4	MACACA_THIBETANA_THIBETANA	I	I
MND1	4	MANDRILLUS_LEUCOPHAEUS	PI	I;PI
MND1	4	MANDRILLUS_SPHINX	I	I
MND1	4	MICROCEBUS_GRISEORUFUS	I	I
MND1	4	MICROCEBUS_MITTERMEIERI	PM	PM
MND1	4	MICROCEBUS_MURINUS	I	I
MND1	4	MICROCEBUS_RAVELOBENSIS	I	I
MND1	4	MICROCEBUS_SP._3_GT-2019	I	I
MND1	4	MICROCEBUS_TAVARATRA	I	I
MND1	4	MIRZA_COQUERELI	I	I
MND1	4	MIRZA_ZAZA	I	I
MND1	4	NASALIS_LARVATUS	I	I
MND1	4	NOMASCUS_LEUCOGENYS	I	I
MND1	4	NYCTICEBUS_BENGALENSIS	I	I
MND1	4	NYCTICEBUS_COUCANG	PI	I;PI
MND1	4	OTOLEMUR_CRASSICAUDATUS	I	I
MND1	4	OTOLEMUR_GARNETTII	PI	PI
MND1	4	PAN_PANISCUS	I	I
MND1	4	PAN_TROGLODYTES	I	I
MND1	4	PAPIO_ANUBIS	I	I
MND1	4	PAPIO_HAMADRYAS	I	I
MND1	4	PAPIO_PAPIO	I	I
MND1	4	PILIOCOLOBUS_TEPHROSCELES	I	I
MND1	4	PITHECIA_MITTERMEIERI	PI	PI
MND1	4	PITHECIA_PITHECIA	PI	I;PI
MND1	4	PITHECIA_VANZOLINII	PI	PI
MND1	4	PLECTUROCEBUS_BERNHARDI	L	L
MND1	4	PLECTUROCEBUS_BRUNNEUS	PI	PI
MND1	4	PLECTUROCEBUS_CALIGATUS	I	I
MND1	4	PLECTUROCEBUS_CINERASCENS	UL	UL
MND1	4	PLECTUROCEBUS_CUPREUS	I	I
MND1	4	PLECTUROCEBUS_DONACOPHILUS	I	I
MND1	4	PLECTUROCEBUS_DUBIUS	PI	PI
MND1	4	PLECTUROCEBUS_GROVESI	UL	UL
MND1	4	PLECTUROCEBUS_HOFFMANNSI	I	I
MND1	4	PLECTUROCEBUS_MILTONI	UL	UL
MND1	4	PLECTUROCEBUS_MOLOCH	I	I
MND1	4	PONGO_ABELII	I	I
MND1	4	PONGO_PYGMAEUS	I	I
MND1	4	PROLEMUR_SIMUS	I	I
MND1	4	PROPITHECUS_COQUERELI	PI	PI
MND1	4	PYGATHRIX_NEMAEUS	I	I
MND1	4	PYGATHRIX_NIGRIPES	I	I
MND1	4	RHINOPITHECUS_BIETI	I	I
MND1	4	RHINOPITHECUS_ROXELLANA	I	I
MND1	4	RHINOPITHECUS_STRYKERI	I	I
MND1	4	SAGUINUS_IMPERATOR	I	I
MND1	4	SAGUINUS_MIDAS	I	I
MND1	4	SAGUINUS_OEDIPUS	I	I
MND1	4	SAIMIRI_BOLIVIENSIS	I	I
MND1	4	SAIMIRI_BOLIVIENSIS_BOLIVIENSIS	I	I
MND1	4	SAIMIRI_SCIUREUS	UL	UL
MND1	4	SAPAJUS_APELLA	I	I
MND1	4	SEMNOPITHECUS_ENTELLUS	PI	PI
MND1	4	SYMPHALANGUS_SYNDACTYLUS	I	I
MND1	4	THEROPITHECUS_GELADA	I	I
MND1	4	TRACHYPITHECUS_FRANCOISI	I	I
MND1	4	TRACHYPITHECUS_GERMAINI	I	I
MND1	4	TRACHYPITHECUS_PHAYREI_CREPUSCULA	I	I
MND1	4	VARECIA_VARIEGATA	I	I
MRE11	11	ALLENOPITHECUS_NIGROVIRIDIS	I	I
MRE11	11	ALLOCHROCEBUS_LHOESTI	I	I
MRE11	11	ALOUATTA_PALLIATA	I	I
MRE11	11	AOTUS_NANCYMAAE	UL	UL
MRE11	11	AOTUS_VOCIFERANS	I	I
MRE11	11	ATELES_BELZEBUTH	I	I
MRE11	11	ATELES_CHAMEK	I	I
MRE11	11	ATELES_GEOFFROYI	PI	PI
MRE11	11	ATELES_MARGINATUS	I	I
MRE11	11	ATELES_PANISCUS	I	I
MRE11	11	CACAJAO_AYRESI	I	I
MRE11	11	CACAJAO_CALVUS	I	I
MRE11	11	CACAJAO_HOSOMI	I	I
MRE11	11	CACAJAO_MELANOCEPHALUS	I	I
MRE11	11	CALLIMICO_GOELDII	I	I
MRE11	11	CALLITHRIX_JACCHUS	I	I
MRE11	11	CALLITHRIX_PENICILLATA	I	I
MRE11	11	CALLITHRIX_PYGMAEA	I	I
MRE11	11	CARLITO_SYRICHTA	I	I
MRE11	11	CEBUS_ALBIFRONS	I	I
MRE11	11	CEBUS_CAPUCINUS_IMITATOR	I	I
MRE11	11	CEPHALOPACHUS_BANCANUS	I	I
MRE11	11	CERCOCEBUS_ATYS	I	I
MRE11	11	CERCOPITHECUS_ALBOGULARIS	I	I
MRE11	11	CERCOPITHECUS_MONA	I	I
MRE11	11	CERCOPITHECUS_NEGLECTUS	I	I
MRE11	11	CHEIROGALEUS_MEDIUS	I	I
MRE11	11	CHERACEBUS_LUCIFER	I	I
MRE11	11	CHERACEBUS_LUGENS	I	I
MRE11	11	CHERACEBUS_TORQUATUS	I	I
MRE11	11	CHIROPOTES_ISRAELITA	I	I
MRE11	11	CHIROPOTES_SAGULATUS	I	I
MRE11	11	CHLOROCEBUS_AETHIOPS	I	I
MRE11	11	CHLOROCEBUS_SABAEUS	I	I
MRE11	11	COLOBUS_ANGOLENSIS_PALLIATUS	I	I
MRE11	11	COLOBUS_GUEREZA	I	I
MRE11	11	DAUBENTONIA_MADAGASCARIENSIS	UL	I;UL
MRE11	11	ERYTHROCEBUS_PATAS	I	I
MRE11	11	EULEMUR_FLAVIFRONS	I	I
MRE11	11	EULEMUR_FULVUS	PM	PM
MRE11	11	EULEMUR_FULVUS_COLLARIS	I	I
MRE11	11	EULEMUR_MACACO	I	I
MRE11	11	EULEMUR_MONGOZ	M	M
MRE11	11	GALAGO_MOHOLI	I	I
MRE11	11	GORILLA_BERINGEI	I	I
MRE11	11	GORILLA_GORILLA	I	I
MRE11	11	GORILLA_GORILLA_GORILLA	I	I
MRE11	11	HOOLOCK_LEUCONEDYS	I	I
MRE11	11	HYLOBATES_AGILIS	UL	UL
MRE11	11	HYLOBATES_MOLOCH	I	I
MRE11	11	HYLOBATES_PILEATUS	I	I
MRE11	11	INDRI_INDRI	PI	PI
MRE11	11	LEMUR_CATTA	I	I
MRE11	11	LEONTOPITHECUS_CHRYSOMELAS	PI	PI
MRE11	11	LEONTOPITHECUS_ROSALIA	PI	PI
MRE11	11	LOPHOCEBUS_ATERRIMUS	I	I
MRE11	11	LORIS_TARDIGRADUS	I	I
MRE11	11	MACACA_ARCTOIDES	I	I
MRE11	11	MACACA_ASSAMENSIS	I	I
MRE11	11	MACACA_CYCLOPIS	I	I
MRE11	11	MACACA_FASCICULARIS	UL	I;UL
MRE11	11	MACACA_FUSCATA	I	I
MRE11	11	MACACA_LEONINA	I	I
MRE11	11	MACACA_MULATTA	I	I
MRE11	11	MACACA_NEMESTRINA	I	I
MRE11	11	MACACA_NIGRA	I	I
MRE11	11	MACACA_SILENUS	I	I
MRE11	11	MACACA_THIBETANA_THIBETANA	I	I
MRE11	11	MANDRILLUS_LEUCOPHAEUS	I	I
MRE11	11	MANDRILLUS_SPHINX	UL	I;UL
MRE11	11	MICROCEBUS_GRISEORUFUS	I	I
MRE11	11	MICROCEBUS_MITTERMEIERI	PI	PI
MRE11	11	MICROCEBUS_MURINUS	I	I
MRE11	11	MICROCEBUS_SP._3_GT-2019	PI	PI
MRE11	11	MICROCEBUS_TAVARATRA	PI	PI
MRE11	11	MIRZA_COQUERELI	I	I
MRE11	11	MIRZA_ZAZA	I	I
MRE11	11	NASALIS_LARVATUS	I	I
MRE11	11	NOMASCUS_LEUCOGENYS	I	I
MRE11	11	NYCTICEBUS_BENGALENSIS	I	I
MRE11	11	NYCTICEBUS_COUCANG	I	I
MRE11	11	OTOLEMUR_CRASSICAUDATUS	I	I
MRE11	11	OTOLEMUR_GARNETTII	I	I
MRE11	11	PAN_PANISCUS	I	I
MRE11	11	PAN_TROGLODYTES	I	I
MRE11	11	PAPIO_ANUBIS	I	I
MRE11	11	PAPIO_HAMADRYAS	I	I
MRE11	11	PAPIO_PAPIO	PI	PI
MRE11	11	PILIOCOLOBUS_TEPHROSCELES	I	I
MRE11	11	PITHECIA_MITTERMEIERI	I	I
MRE11	11	PITHECIA_PITHECIA	I	I
MRE11	11	PLECTUROCEBUS_BERNHARDI	I	I
MRE11	11	PLECTUROCEBUS_BRUNNEUS	I	I
MRE11	11	PLECTUROCEBUS_CALIGATUS	I	I
MRE11	11	PLECTUROCEBUS_CINERASCENS	PI	PI
MRE11	11	PLECTUROCEBUS_CUPREUS	I	I
MRE11	11	PLECTUROCEBUS_DONACOPHILUS	I	I
MRE11	11	PLECTUROCEBUS_DUBIUS	I	I
MRE11	11	PLECTUROCEBUS_GROVESI	I	I
MRE11	11	PLECTUROCEBUS_HOFFMANNSI	PI	PI
MRE11	11	PLECTUROCEBUS_MOLOCH	I	I
MRE11	11	PONGO_ABELII	I	I
MRE11	11	PONGO_PYGMAEUS	I	I
MRE11	11	PROLEMUR_SIMUS	I	I
MRE11	11	PROPITHECUS_COQUERELI	I	I
MRE11	11	PYGATHRIX_NEMAEUS	I	I
MRE11	11	PYGATHRIX_NIGRIPES	I	I
MRE11	11	RHINOPITHECUS_BIETI	UL	I;UL
MRE11	11	RHINOPITHECUS_ROXELLANA	I	I
MRE11	11	RHINOPITHECUS_STRYKERI	I	I
MRE11	11	SAGUINUS_IMPERATOR	I	I
MRE11	11	SAGUINUS_MIDAS	I	I
MRE11	11	SAGUINUS_OEDIPUS	I	I
MRE11	11	SAIMIRI_BOLIVIENSIS	PI	PI
MRE11	11	SAIMIRI_BOLIVIENSIS_BOLIVIENSIS	I	I
MRE11	11	SAIMIRI_SCIUREUS	PM	PM
MRE11	11	SAPAJUS_APELLA	I	I
MRE11	11	SEMNOPITHECUS_ENTELLUS	I	I
MRE11	11	SYMPHALANGUS_SYNDACTYLUS	I	I
MRE11	11	THEROPITHECUS_GELADA	I	I
MRE11	11	TRACHYPITHECUS_FRANCOISI	I	I
MRE11	11	TRACHYPITHECUS_GERMAINI	I	I
MRE11	11	TRACHYPITHECUS_PHAYREI_CREPUSCULA	UL	UL
MRE11	11	VARECIA_VARIEGATA	I	I
MSH4	1	ALLENOPITHECUS_NIGROVIRIDIS	M	M
MSH4	1	ALLOCHROCEBUS_LHOESTI	I	I
MSH4	1	ALOUATTA_PALLIATA	I	I
MSH4	1	AOTUS_NANCYMAAE	I	I
MSH4	1	AOTUS_VOCIFERANS	I	I
MSH4	1	ATELES_BELZEBUTH	I	I
MSH4	1	ATELES_CHAMEK	I	I
MSH4	1	ATELES_GEOFFROYI	I	I
MSH4	1	ATELES_MARGINATUS	I	I
MSH4	1	ATELES_PANISCUS	I	I
MSH4	1	CACAJAO_AYRESI	I	I
MSH4	1	CACAJAO_CALVUS	I	I
MSH4	1	CACAJAO_HOSOMI	I	I
MSH4	1	CACAJAO_MELANOCEPHALUS	I	I
MSH4	1	CALLIMICO_GOELDII	PI	PI
MSH4	1	CALLITHRIX_JACCHUS	I	I
MSH4	1	CALLITHRIX_PENICILLATA	I	I
MSH4	1	CALLITHRIX_PYGMAEA	I	I
MSH4	1	CARLITO_SYRICHTA	I	I
MSH4	1	CEBUS_ALBIFRONS	PI	I;PI
MSH4	1	CEBUS_CAPUCINUS_IMITATOR	I	I
MSH4	1	CEPHALOPACHUS_BANCANUS	I	I
MSH4	1	CERCOCEBUS_ATYS	I	I
MSH4	1	CERCOPITHECUS_ALBOGULARIS	UL	UL
MSH4	1	CERCOPITHECUS_MONA	I	I
MSH4	1	CERCOPITHECUS_NEGLECTUS	I	I
MSH4	1	CHEIROGALEUS_MEDIUS	PI	PI
MSH4	1	CHERACEBUS_LUGENS	I	I
MSH4	1	CHIROPOTES_ISRAELITA	PI	PI
MSH4	1	CHIROPOTES_SAGULATUS	I	I
MSH4	1	CHLOROCEBUS_AETHIOPS	I	I
MSH4	1	CHLOROCEBUS_SABAEUS	I	I
MSH4	1	COLOBUS_ANGOLENSIS_PALLIATUS	I	I
MSH4	1	COLOBUS_GUEREZA	I	I
MSH4	1	DAUBENTONIA_MADAGASCARIENSIS	PI	I;PI
MSH4	1	ERYTHROCEBUS_PATAS	PI	I;PI
MSH4	1	EULEMUR_FLAVIFRONS	I	I
MSH4	1	EULEMUR_FULVUS	I	I
MSH4	1	EULEMUR_FULVUS_COLLARIS	PI	PI
MSH4	1	EULEMUR_MACACO	UL	UL
MSH4	1	EULEMUR_MONGOZ	I	I
MSH4	1	GALAGO_MOHOLI	UL	UL
MSH4	1	GALAGO_SENEGALENSIS	I	I
MSH4	1	GORILLA_GORILLA	I	I
MSH4	1	GORILLA_GORILLA_GORILLA	I	I
MSH4	1	HOOLOCK_LEUCONEDYS	I	I
MSH4	1	HYLOBATES_AGILIS	PI	PI
MSH4	1	HYLOBATES_MOLOCH	I	I
MSH4	1	HYLOBATES_PILEATUS	I	I
MSH4	1	INDRI_INDRI	PI	PI
MSH4	1	LAGOTHRIX_LAGOTRICHA	I	I
MSH4	1	LEMUR_CATTA	I	I
MSH4	1	LEONTOPITHECUS_CHRYSOMELAS	I	I
MSH4	1	LEONTOPITHECUS_ROSALIA	I	I
MSH4	1	LOPHOCEBUS_ATERRIMUS	I	I
MSH4	1	LORIS_TARDIGRADUS	I	I
MSH4	1	MACACA_ARCTOIDES	I	I
MSH4	1	MACACA_ASSAMENSIS	I	I
MSH4	1	MACACA_CYCLOPIS	I	I
MSH4	1	MACACA_FASCICULARIS	UL	I;UL
MSH4	1	MACACA_FUSCATA	I	I
MSH4	1	MACACA_LEONINA	I	I
MSH4	1	MACACA_MULATTA	I	I
MSH4	1	MACACA_NEMESTRINA	I	I
MSH4	1	MACACA_NIGRA	I	I
MSH4	1	MACACA_SILENUS	I	I
MSH4	1	MACACA_THIBETANA_THIBETANA	I	I
MSH4	1	MANDRILLUS_LEUCOPHAEUS	PI	I;PI
MSH4	1	MANDRILLUS_SPHINX	I	I
MSH4	1	MICROCEBUS_GRISEORUFUS	PI	PI
MSH4	1	MICROCEBUS_MITTERMEIERI	PI	PI
MSH4	1	MICROCEBUS_MURINUS	UL	UL
MSH4	1	MICROCEBUS_SP._3_GT-2019	PI	PI
MSH4	1	MICROCEBUS_TAVARATRA	I	I
MSH4	1	MIRZA_COQUERELI	I	I
MSH4	1	MIRZA_ZAZA	PI	PI
MSH4	1	NASALIS_LARVATUS	I	I
MSH4	1	NOMASCUS_LEUCOGENYS	I	I
MSH4	1	NYCTICEBUS_BENGALENSIS	I	I
MSH4	1	NYCTICEBUS_COUCANG	PI	I;PI
MSH4	1	OTOLEMUR_CRASSICAUDATUS	I	I
MSH4	1	OTOLEMUR_GARNETTII	PI	PI
MSH4	1	PAN_PANISCUS	I	I
MSH4	1	PAN_TROGLODYTES	I	I
MSH4	1	PAPIO_ANUBIS	I	I
MSH4	1	PAPIO_HAMADRYAS	I	I
MSH4	1	PAPIO_PAPIO	I	I
MSH4	1	PILIOCOLOBUS_TEPHROSCELES	I	I
MSH4	1	PITHECIA_MITTERMEIERI	PI	PI
MSH4	1	PITHECIA_PITHECIA	UL	I;UL
MSH4	1	PITHECIA_VANZOLINII	PI	PI
MSH4	1	PLECTUROCEBUS_BRUNNEUS	PI	PI
MSH4	1	PLECTUROCEBUS_CALIGATUS	I	I
MSH4	1	PLECTUROCEBUS_CINERASCENS	I	I
MSH4	1	PLECTUROCEBUS_CUPREUS	I	I
MSH4	1	PLECTUROCEBUS_DONACOPHILUS	PI	PI
MSH4	1	PLECTUROCEBUS_DUBIUS	I	I
MSH4	1	PLECTUROCEBUS_GROVESI	I	I
MSH4	1	PLECTUROCEBUS_HOFFMANNSI	PI	PI
MSH4	1	PLECTUROCEBUS_MILTONI	I	I
MSH4	1	PLECTUROCEBUS_MOLOCH	I	I
MSH4	1	PONGO_ABELII	I	I
MSH4	1	PONGO_PYGMAEUS	I	I
MSH4	1	PROLEMUR_SIMUS	I	I
MSH4	1	PROPITHECUS_COQUERELI	PI	PI
MSH4	1	PYGATHRIX_NEMAEUS	I	I
MSH4	1	PYGATHRIX_NIGRIPES	I	I
MSH4	1	RHINOPITHECUS_BIETI	I	I
MSH4	1	RHINOPITHECUS_ROXELLANA	I	I
MSH4	1	RHINOPITHECUS_STRYKERI	I	I
MSH4	1	SAGUINUS_IMPERATOR	I	I
MSH4	1	SAGUINUS_MIDAS	I	I
MSH4	1	SAGUINUS_OEDIPUS	I	I
MSH4	1	SAIMIRI_BOLIVIENSIS	I	I
MSH4	1	SAIMIRI_BOLIVIENSIS_BOLIVIENSIS	I	I
MSH4	1	SAIMIRI_SCIUREUS	I	I
MSH4	1	SAPAJUS_APELLA	UL	I;UL
MSH4	1	SEMNOPITHECUS_ENTELLUS	PI	PI
MSH4	1	SYMPHALANGUS_SYNDACTYLUS	L	I;L
MSH4	1	THEROPITHECUS_GELADA	I	I
MSH4	1	TRACHYPITHECUS_FRANCOISI	I	I
MSH4	1	TRACHYPITHECUS_GERMAINI	I	I
MSH4	1	TRACHYPITHECUS_PHAYREI_CREPUSCULA	I	I
MSH4	1	VARECIA_VARIEGATA	I	I
MSH5	6	ALLENOPITHECUS_NIGROVIRIDIS	I	I
MSH5	6	ALLOCHROCEBUS_LHOESTI	I	I
MSH5	6	ALOUATTA_PALLIATA	I	I
MSH5	6	AOTUS_NANCYMAAE	I	I
MSH5	6	AOTUS_VOCIFERANS	I	I
MSH5	6	ATELES_CHAMEK	I	I
MSH5	6	ATELES_GEOFFROYI	I	I
MSH5	6	ATELES_MARGINATUS	I	I
MSH5	6	ATELES_PANISCUS	PI	I;PI
MSH5	6	CACAJAO_AYRESI	I	I
MSH5	6	CACAJAO_CALVUS	I	I
MSH5	6	CACAJAO_HOSOMI	PI	PI
MSH5	6	CACAJAO_MELANOCEPHALUS	I	I
MSH5	6	CALLIMICO_GOELDII	I	I
MSH5	6	CALLITHRIX_JACCHUS	I	I
MSH5	6	CALLITHRIX_PENICILLATA	I	I
MSH5	6	CALLITHRIX_PYGMAEA	I	I
MSH5	6	CARLITO_SYRICHTA	I	I
MSH5	6	CEBUS_ALBIFRONS	PI	I;PI
MSH5	6	CEBUS_CAPUCINUS_IMITATOR	I	I
MSH5	6	CEPHALOPACHUS_BANCANUS	I	I
MSH5	6	CERCOCEBUS_ATYS	I	I
MSH5	6	CERCOPITHECUS_ALBOGULARIS	I	I
MSH5	6	CERCOPITHECUS_MONA	I	I
MSH5	6	CERCOPITHECUS_NEGLECTUS	I	I
MSH5	6	CHEIROGALEUS_MEDIUS	PI	PI
MSH5	6	CHERACEBUS_LUCIFER	I	I
MSH5	6	CHERACEBUS_LUGENS	I	I
MSH5	6	CHERACEBUS_REGULUS	I	I
MSH5	6	CHERACEBUS_TORQUATUS	I	I
MSH5	6	CHIROPOTES_ISRAELITA	I	I
MSH5	6	CHIROPOTES_SAGULATUS	I	I
MSH5	6	CHLOROCEBUS_AETHIOPS	I	I
MSH5	6	CHLOROCEBUS_SABAEUS	I	I
MSH5	6	COLOBUS_ANGOLENSIS_PALLIATUS	PI	PI
MSH5	6	COLOBUS_GUEREZA	I	I
MSH5	6	DAUBENTONIA_MADAGASCARIENSIS	I	I
MSH5	6	ERYTHROCEBUS_PATAS	I	I
MSH5	6	EULEMUR_FLAVIFRONS	I	I
MSH5	6	EULEMUR_FULVUS	PI	PI
MSH5	6	EULEMUR_FULVUS_COLLARIS	PI	PI
MSH5	6	EULEMUR_MACACO	I	I
MSH5	6	EULEMUR_MONGOZ	I	I
MSH5	6	GALAGO_MOHOLI	I	I
MSH5	6	GALAGO_SENEGALENSIS	I	I
MSH5	6	GORILLA_BERINGEI	I	I
MSH5	6	GORILLA_GORILLA	I	I
MSH5	6	GORILLA_GORILLA_GORILLA	I	I
MSH5	6	HOOLOCK_LEUCONEDYS	UL	I;UL
MSH5	6	HYLOBATES_AGILIS	PI	PI
MSH5	6	HYLOBATES_MOLOCH	I	I
MSH5	6	HYLOBATES_PILEATUS	I	I
MSH5	6	INDRI_INDRI	I	I
MSH5	6	LAGOTHRIX_LAGOTRICHA	I	I
MSH5	6	LEMUR_CATTA	I	I
MSH5	6	LEONTOPITHECUS_CHRYSOMELAS	I	I
MSH5	6	LEONTOPITHECUS_ROSALIA	I	I
MSH5	6	LOPHOCEBUS_ATERRIMUS	I	I
MSH5	6	LORIS_TARDIGRADUS	I	I
MSH5	6	MACACA_ARCTOIDES	I	I
MSH5	6	MACACA_ASSAMENSIS	I	I
MSH5	6	MACACA_CYCLOPIS	I	I
MSH5	6	MACACA_FASCICULARIS	UL	I;UL
MSH5	6	MACACA_FUSCATA	I	I
MSH5	6	MACACA_LEONINA	I	I
MSH5	6	MACACA_MULATTA	I	I
MSH5	6	MACACA_NEMESTRINA	I	I
MSH5	6	MACACA_NIGRA	I	I
MSH5	6	MACACA_SILENUS	I	I
MSH5	6	MACACA_THIBETANA_THIBETANA	I	I
MSH5	6	MANDRILLUS_LEUCOPHAEUS	UL	I;UL
MSH5	6	MANDRILLUS_SPHINX	I	I
MSH5	6	MICROCEBUS_GRISEORUFUS	I	I
MSH5	6	MICROCEBUS_MITTERMEIERI	PM	PM
MSH5	6	MICROCEBUS_MURINUS	I	I
MSH5	6	MICROCEBUS_SP._3_GT-2019	I	I
MSH5	6	MICROCEBUS_TAVARATRA	PI	PI
MSH5	6	MIRZA_COQUERELI	I	I
MSH5	6	MIRZA_ZAZA	PI	PI
MSH5	6	NASALIS_LARVATUS	UL	UL
MSH5	6	NOMASCUS_LEUCOGENYS	I	I
MSH5	6	NYCTICEBUS_BENGALENSIS	I	I
MSH5	6	NYCTICEBUS_COUCANG	PI	I;PI
MSH5	6	OTOLEMUR_CRASSICAUDATUS	I	I
MSH5	6	OTOLEMUR_GARNETTII	I	I
MSH5	6	PAN_PANISCUS	I	I
MSH5	6	PAN_TROGLODYTES	I	I
MSH5	6	PAPIO_ANUBIS	M	M
MSH5	6	PAPIO_HAMADRYAS	I	I
MSH5	6	PAPIO_PAPIO	UL	UL
MSH5	6	PILIOCOLOBUS_TEPHROSCELES	I	I
MSH5	6	PITHECIA_MITTERMEIERI	I	I
MSH5	6	PITHECIA_PITHECIA	I	I
MSH5	6	PITHECIA_VANZOLINII	I	I
MSH5	6	PLECTUROCEBUS_BERNHARDI	I	I
MSH5	6	PLECTUROCEBUS_BRUNNEUS	I	I
MSH5	6	PLECTUROCEBUS_CALIGATUS	I	I
MSH5	6	PLECTUROCEBUS_CINERASCENS	I	I
MSH5	6	PLECTUROCEBUS_CUPREUS	I	I
MSH5	6	PLECTUROCEBUS_DONACOPHILUS	I	I
MSH5	6	PLECTUROCEBUS_DUBIUS	I	I
MSH5	6	PLECTUROCEBUS_GROVESI	I	I
MSH5	6	PLECTUROCEBUS_HOFFMANNSI	I	I
MSH5	6	PLECTUROCEBUS_MILTONI	I	I
MSH5	6	PLECTUROCEBUS_MOLOCH	I	I
MSH5	6	PONGO_ABELII	I	I
MSH5	6	PONGO_PYGMAEUS	I	I
MSH5	6	PROLEMUR_SIMUS	I	I
MSH5	6	PROPITHECUS_COQUERELI	I	I
MSH5	6	PYGATHRIX_NEMAEUS	PI	PI
MSH5	6	PYGATHRIX_NIGRIPES	UL	UL
MSH5	6	RHINOPITHECUS_BIETI	PI	I;PI
MSH5	6	RHINOPITHECUS_ROXELLANA	I	I
MSH5	6	RHINOPITHECUS_STRYKERI	I	I
MSH5	6	SAGUINUS_IMPERATOR	I	I
MSH5	6	SAGUINUS_MIDAS	UL	UL
MSH5	6	SAGUINUS_OEDIPUS	I	I
MSH5	6	SAIMIRI_BOLIVIENSIS	UL	UL
MSH5	6	SAIMIRI_BOLIVIENSIS_BOLIVIENSIS	I	I
MSH5	6	SAIMIRI_SCIUREUS	PI	PI
MSH5	6	SAPAJUS_APELLA	I	I
MSH5	6	SEMNOPITHECUS_ENTELLUS	I	I
MSH5	6	SYMPHALANGUS_SYNDACTYLUS	I	I
MSH5	6	THEROPITHECUS_GELADA	I	I
MSH5	6	TRACHYPITHECUS_FRANCOISI	I	I
MSH5	6	TRACHYPITHECUS_GERMAINI	I	I
MSH5	6	TRACHYPITHECUS_PHAYREI_CREPUSCULA	I	I
MSH5	6	VARECIA_VARIEGATA	PI	PI
MUS81	11	ALLENOPITHECUS_NIGROVIRIDIS	I	I
MUS81	11	ALLOCHROCEBUS_LHOESTI	I	I
MUS81	11	ALOUATTA_PALLIATA	I	I
MUS81	11	AOTUS_NANCYMAAE	I	I
MUS81	11	AOTUS_VOCIFERANS	I	I
MUS81	11	ATELES_BELZEBUTH	I	I
MUS81	11	ATELES_CHAMEK	I	I
MUS81	11	ATELES_GEOFFROYI	I	I
MUS81	11	ATELES_MARGINATUS	I	I
MUS81	11	ATELES_PANISCUS	I	I
MUS81	11	CACAJAO_AYRESI	I	I
MUS81	11	CACAJAO_CALVUS	I	I
MUS81	11	CACAJAO_HOSOMI	I	I
MUS81	11	CACAJAO_MELANOCEPHALUS	I	I
MUS81	11	CALLIMICO_GOELDII	I	I
MUS81	11	CALLITHRIX_JACCHUS	I	I
MUS81	11	CALLITHRIX_PENICILLATA	I	I
MUS81	11	CALLITHRIX_PYGMAEA	I	I
MUS81	11	CARLITO_SYRICHTA	I	I
MUS81	11	CEBUS_ALBIFRONS	I	I
MUS81	11	CEBUS_CAPUCINUS_IMITATOR	I	I
MUS81	11	CEPHALOPACHUS_BANCANUS	UL	UL
MUS81	11	CERCOCEBUS_ATYS	I	I
MUS81	11	CERCOPITHECUS_ALBOGULARIS	I	I
MUS81	11	CERCOPITHECUS_MONA	I	I
MUS81	11	CERCOPITHECUS_NEGLECTUS	I	I
MUS81	11	CHEIROGALEUS_MEDIUS	I	I
MUS81	11	CHERACEBUS_LUCIFER	I	I
MUS81	11	CHERACEBUS_LUGENS	I	I
MUS81	11	CHERACEBUS_REGULUS	I	I
MUS81	11	CHERACEBUS_TORQUATUS	I	I
MUS81	11	CHIROPOTES_ISRAELITA	I	I
MUS81	11	CHIROPOTES_SAGULATUS	I	I
MUS81	11	CHLOROCEBUS_AETHIOPS	I	I
MUS81	11	CHLOROCEBUS_SABAEUS	L	L
MUS81	11	COLOBUS_ANGOLENSIS_PALLIATUS	I	I
MUS81	11	COLOBUS_GUEREZA	I	I
MUS81	11	DAUBENTONIA_MADAGASCARIENSIS	I	I
MUS81	11	ERYTHROCEBUS_PATAS	I	I
MUS81	11	EULEMUR_FLAVIFRONS	I	I
MUS81	11	EULEMUR_FULVUS	I	I
MUS81	11	EULEMUR_FULVUS_COLLARIS	I	I
MUS81	11	EULEMUR_MACACO	PI	PI
MUS81	11	EULEMUR_MONGOZ	I	I
MUS81	11	GALAGO_MOHOLI	I	I
MUS81	11	GALAGO_SENEGALENSIS	I	I
MUS81	11	GORILLA_BERINGEI	I	I
MUS81	11	GORILLA_GORILLA	I	I
MUS81	11	GORILLA_GORILLA_GORILLA	I	I
MUS81	11	HOOLOCK_LEUCONEDYS	I	I
MUS81	11	HYLOBATES_AGILIS	I	I
MUS81	11	HYLOBATES_MOLOCH	I	I
MUS81	11	HYLOBATES_PILEATUS	I	I
MUS81	11	INDRI_INDRI	I	I
MUS81	11	LAGOTHRIX_LAGOTRICHA	I	I
MUS81	11	LEMUR_CATTA	I	I
MUS81	11	LEONTOPITHECUS_CHRYSOMELAS	I	I
MUS81	11	LEONTOPITHECUS_ROSALIA	I	I
MUS81	11	LOPHOCEBUS_ATERRIMUS	I	I
MUS81	11	LORIS_TARDIGRADUS	I	I
MUS81	11	MACACA_ARCTOIDES	I	I
MUS81	11	MACACA_ASSAMENSIS	I	I
MUS81	11	MACACA_CYCLOPIS	I	I
MUS81	11	MACACA_FASCICULARIS	UL	I;UL
MUS81	11	MACACA_FUSCATA	I	I
MUS81	11	MACACA_LEONINA	I	I
MUS81	11	MACACA_MULATTA	I	I
MUS81	11	MACACA_NEMESTRINA	I	I
MUS81	11	MACACA_NIGRA	I	I
MUS81	11	MACACA_SILENUS	I	I
MUS81	11	MACACA_THIBETANA_THIBETANA	I	I
MUS81	11	MANDRILLUS_LEUCOPHAEUS	I	I
MUS81	11	MANDRILLUS_SPHINX	I	I
MUS81	11	MICROCEBUS_GRISEORUFUS	I	I
MUS81	11	MICROCEBUS_MITTERMEIERI	I	I
MUS81	11	MICROCEBUS_MURINUS	I	I
MUS81	11	MICROCEBUS_RAVELOBENSIS	I	I
MUS81	11	MICROCEBUS_SP._3_GT-2019	I	I
MUS81	11	MICROCEBUS_TAVARATRA	I	I
MUS81	11	MIRZA_COQUERELI	I	I
MUS81	11	MIRZA_ZAZA	I	I
MUS81	11	NASALIS_LARVATUS	UL	UL
MUS81	11	NOMASCUS_LEUCOGENYS	I	I
MUS81	11	NYCTICEBUS_BENGALENSIS	I	I
MUS81	11	NYCTICEBUS_COUCANG	I	I
MUS81	11	OTOLEMUR_CRASSICAUDATUS	I	I
MUS81	11	OTOLEMUR_GARNETTII	I	I
MUS81	11	PAN_PANISCUS	I	I
MUS81	11	PAN_TROGLODYTES	I	I
MUS81	11	PAPIO_ANUBIS	I	I
MUS81	11	PAPIO_HAMADRYAS	I	I
MUS81	11	PAPIO_PAPIO	I	I
MUS81	11	PILIOCOLOBUS_TEPHROSCELES	I	I
MUS81	11	PITHECIA_MITTERMEIERI	I	I
MUS81	11	PITHECIA_PITHECIA	UL	I;UL
MUS81	11	PITHECIA_VANZOLINII	I	I
MUS81	11	PLECTUROCEBUS_BERNHARDI	I	I
MUS81	11	PLECTUROCEBUS_BRUNNEUS	I	I
MUS81	11	PLECTUROCEBUS_CALIGATUS	I	I
MUS81	11	PLECTUROCEBUS_CINERASCENS	I	I
MUS81	11	PLECTUROCEBUS_CUPREUS	I	I
MUS81	11	PLECTUROCEBUS_DONACOPHILUS	I	I
MUS81	11	PLECTUROCEBUS_DUBIUS	I	I
MUS81	11	PLECTUROCEBUS_GROVESI	I	I
MUS81	11	PLECTUROCEBUS_HOFFMANNSI	I	I
MUS81	11	PLECTUROCEBUS_MILTONI	I	I
MUS81	11	PLECTUROCEBUS_MOLOCH	I	I
MUS81	11	PONGO_ABELII	I	I
MUS81	11	PONGO_PYGMAEUS	I	I
MUS81	11	PROLEMUR_SIMUS	I	I
MUS81	11	PROPITHECUS_COQUERELI	I	I
MUS81	11	PYGATHRIX_NEMAEUS	I	I
MUS81	11	PYGATHRIX_NIGRIPES	UL	UL
MUS81	11	RHINOPITHECUS_BIETI	I	I
MUS81	11	RHINOPITHECUS_ROXELLANA	I	I
MUS81	11	RHINOPITHECUS_STRYKERI	I	I
MUS81	11	SAGUINUS_IMPERATOR	I	I
MUS81	11	SAGUINUS_MIDAS	I	I
MUS81	11	SAGUINUS_OEDIPUS	I	I
MUS81	11	SAIMIRI_BOLIVIENSIS	I	I
MUS81	11	SAIMIRI_BOLIVIENSIS_BOLIVIENSIS	I	I
MUS81	11	SAIMIRI_SCIUREUS	I	I
MUS81	11	SAPAJUS_APELLA	I	I
MUS81	11	SEMNOPITHECUS_ENTELLUS	I	I
MUS81	11	SYMPHALANGUS_SYNDACTYLUS	I	I
MUS81	11	THEROPITHECUS_GELADA	I	I
MUS81	11	TRACHYPITHECUS_FRANCOISI	I	I
MUS81	11	TRACHYPITHECUS_GERMAINI	I	I
MUS81	11	TRACHYPITHECUS_PHAYREI_CREPUSCULA	UL	UL
MUS81	11	VARECIA_VARIEGATA	I	I
NBN	8	ALLENOPITHECUS_NIGROVIRIDIS	I	I
NBN	8	ALLOCHROCEBUS_LHOESTI	I	I
NBN	8	ALOUATTA_PALLIATA	PI	PI
NBN	8	AOTUS_NANCYMAAE	UL	UL
NBN	8	AOTUS_VOCIFERANS	UL	UL
NBN	8	ATELES_BELZEBUTH	I	I
NBN	8	ATELES_GEOFFROYI	I	I
NBN	8	ATELES_MARGINATUS	I	I
NBN	8	ATELES_PANISCUS	I	I
NBN	8	CACAJAO_AYRESI	I	I
NBN	8	CACAJAO_CALVUS	I	I
NBN	8	CACAJAO_HOSOMI	I	I
NBN	8	CACAJAO_MELANOCEPHALUS	I	I
NBN	8	CALLIMICO_GOELDII	I	I
NBN	8	CALLITHRIX_JACCHUS	I	I
NBN	8	CALLITHRIX_PENICILLATA	PI	PI
NBN	8	CALLITHRIX_PYGMAEA	PI	PI
NBN	8	CARLITO_SYRICHTA	I	I
NBN	8	CEBUS_ALBIFRONS	M	I;M
NBN	8	CEBUS_CAPUCINUS_IMITATOR	I	I
NBN	8	CEPHALOPACHUS_BANCANUS	I	I
NBN	8	CERCOCEBUS_ATYS	I	I
NBN	8	CERCOPITHECUS_ALBOGULARIS	I	I
NBN	8	CERCOPITHECUS_MONA	I	I
NBN	8	CERCOPITHECUS_NEGLECTUS	PI	PI
NBN	8	CHEIROGALEUS_MEDIUS	I	I
NBN	8	CHERACEBUS_LUCIFER	I	I
NBN	8	CHERACEBUS_LUGENS	I	I
NBN	8	CHERACEBUS_REGULUS	I	I
NBN	8	CHERACEBUS_TORQUATUS	I	I
NBN	8	CHIROPOTES_SAGULATUS	I	I
NBN	8	CHLOROCEBUS_AETHIOPS	I	I
NBN	8	CHLOROCEBUS_SABAEUS	I	I
NBN	8	COLOBUS_ANGOLENSIS_PALLIATUS	I	I
NBN	8	COLOBUS_GUEREZA	I	I
NBN	8	DAUBENTONIA_MADAGASCARIENSIS	I	I
NBN	8	ERYTHROCEBUS_PATAS	I	I
NBN	8	EULEMUR_FLAVIFRONS	I	I
NBN	8	EULEMUR_FULVUS	I	I
NBN	8	EULEMUR_FULVUS_COLLARIS	I	I
NBN	8	EULEMUR_MACACO	I	I
NBN	8	EULEMUR_MONGOZ	I	I
NBN	8	GALAGO_MOHOLI	I	I
NBN	8	GALAGO_SENEGALENSIS	PI	PI
NBN	8	GORILLA_BERINGEI	I	I
NBN	8	GORILLA_GORILLA	I	I
NBN	8	GORILLA_GORILLA_GORILLA	I	I
NBN	8	HOOLOCK_LEUCONEDYS	I	I
NBN	8	HYLOBATES_AGILIS	I	I
NBN	8	HYLOBATES_MOLOCH	I	I
NBN	8	HYLOBATES_PILEATUS	I	I
NBN	8	INDRI_INDRI	I	I
NBN	8	LAGOTHRIX_LAGOTRICHA	I	I
NBN	8	LEMUR_CATTA	I	I
NBN	8	LEONTOPITHECUS_CHRYSOMELAS	I	I
NBN	8	LEONTOPITHECUS_ROSALIA	PI	PI
NBN	8	LOPHOCEBUS_ATERRIMUS	I	I
NBN	8	LORIS_TARDIGRADUS	I	I
NBN	8	MACACA_ARCTOIDES	I	I
NBN	8	MACACA_ASSAMENSIS	UL	I;UL
NBN	8	MACACA_CYCLOPIS	I	I
NBN	8	MACACA_FASCICULARIS	I	I
NBN	8	MACACA_FUSCATA	I	I
NBN	8	MACACA_LEONINA	I	I
NBN	8	MACACA_MULATTA	I	I
NBN	8	MACACA_NEMESTRINA	I	I
NBN	8	MACACA_NIGRA	I	I
NBN	8	MACACA_SILENUS	I	I
NBN	8	MACACA_THIBETANA_THIBETANA	I	I
NBN	8	MANDRILLUS_LEUCOPHAEUS	I	I
NBN	8	MANDRILLUS_SPHINX	I	I
NBN	8	MICROCEBUS_GRISEORUFUS	UL	UL
NBN	8	MICROCEBUS_MITTERMEIERI	UL	UL
NBN	8	MICROCEBUS_MURINUS	I	I
NBN	8	MICROCEBUS_RAVELOBENSIS	PI	PI
NBN	8	MICROCEBUS_SP._3_GT-2019	I	I
NBN	8	MICROCEBUS_TAVARATRA	I	I
NBN	8	MIRZA_COQUERELI	I	I
NBN	8	MIRZA_ZAZA	I	I
NBN	8	NASALIS_LARVATUS	PI	PI
NBN	8	NOMASCUS_LEUCOGENYS	I	I
NBN	8	NYCTICEBUS_BENGALENSIS	I	I
NBN	8	NYCTICEBUS_COUCANG	PM	I;PM
NBN	8	OTOLEMUR_CRASSICAUDATUS	I	I
NBN	8	OTOLEMUR_GARNETTII	I	I
NBN	8	PAN_PANISCUS	I	I
NBN	8	PAN_TROGLODYTES	I	I
NBN	8	PAPIO_ANUBIS	I	I
NBN	8	PAPIO_HAMADRYAS	I	I
NBN	8	PAPIO_PAPIO	I	I
NBN	8	PILIOCOLOBUS_TEPHROSCELES	I	I
NBN	8	PITHECIA_MITTERMEIERI	I	I
NBN	8	PITHECIA_PITHECIA	I	I
NBN	8	PITHECIA_VANZOLINII	I	I
NBN	8	PLECTUROCEBUS_BERNHARDI	I	I
NBN	8	PLECTUROCEBUS_BRUNNEUS	I	I
NBN	8	PLECTUROCEBUS_CALIGATUS	I	I
NBN	8	PLECTUROCEBUS_CINERASCENS	I	I
NBN	8	PLECTUROCEBUS_CUPREUS	I	I
NBN	8	PLECTUROCEBUS_DONACOPHILUS	I	I
NBN	8	PLECTUROCEBUS_GROVESI	I	I
NBN	8	PLECTUROCEBUS_HOFFMANNSI	I	I
NBN	8	PLECTUROCEBUS_MILTONI	I	I
NBN	8	PONGO_ABELII	I	I
NBN	8	PONGO_PYGMAEUS	I	I
NBN	8	PROLEMUR_SIMUS	I	I
NBN	8	PROPITHECUS_COQUERELI	PI	PI
NBN	8	PYGATHRIX_NEMAEUS	I	I
NBN	8	PYGATHRIX_NIGRIPES	I	I
NBN	8	RHINOPITHECUS_BIETI	UL	I;UL
NBN	8	RHINOPITHECUS_ROXELLANA	I	I
NBN	8	RHINOPITHECUS_STRYKERI	M	M
NBN	8	SAGUINUS_IMPERATOR	I	I
NBN	8	SAGUINUS_MIDAS	I	I
NBN	8	SAGUINUS_OEDIPUS	I	I
NBN	8	SAIMIRI_BOLIVIENSIS	I	I
NBN	8	SAIMIRI_BOLIVIENSIS_BOLIVIENSIS	I	I
NBN	8	SAIMIRI_SCIUREUS	I	I
NBN	8	SAPAJUS_APELLA	I	I
NBN	8	SEMNOPITHECUS_ENTELLUS	PI	PI
NBN	8	SYMPHALANGUS_SYNDACTYLUS	I	I
NBN	8	THEROPITHECUS_GELADA	I	I
NBN	8	TRACHYPITHECUS_FRANCOISI	I	I
NBN	8	TRACHYPITHECUS_GERMAINI	I	I
NBN	8	TRACHYPITHECUS_PHAYREI_CREPUSCULA	I	I
NBN	8	VARECIA_VARIEGATA	I	I
PALB2	16	ALLENOPITHECUS_NIGROVIRIDIS	I	I
PALB2	16	ALLOCHROCEBUS_LHOESTI	I	I
PALB2	16	ALOUATTA_PALLIATA	I	I
PALB2	16	AOTUS_NANCYMAAE	I	I
PALB2	16	AOTUS_VOCIFERANS	I	I
PALB2	16	ATELES_BELZEBUTH	I	I
PALB2	16	ATELES_CHAMEK	PI	PI
PALB2	16	ATELES_GEOFFROYI	I	I
PALB2	16	ATELES_MARGINATUS	PI	PI
PALB2	16	ATELES_PANISCUS	I	I
PALB2	16	CACAJAO_AYRESI	PI	PI
PALB2	16	CACAJAO_CALVUS	PI	PI
PALB2	16	CACAJAO_HOSOMI	PI	PI
PALB2	16	CACAJAO_MELANOCEPHALUS	PI	PI
PALB2	16	CALLIMICO_GOELDII	I	I
PALB2	16	CALLITHRIX_JACCHUS	I	I
PALB2	16	CALLITHRIX_PENICILLATA	I	I
PALB2	16	CALLITHRIX_PYGMAEA	I	I
PALB2	16	CARLITO_SYRICHTA	I	I
PALB2	16	CEBUS_ALBIFRONS	PI	I;PI
PALB2	16	CEBUS_CAPUCINUS_IMITATOR	I	I
PALB2	16	CEPHALOPACHUS_BANCANUS	I	I
PALB2	16	CERCOCEBUS_ATYS	I	I
PALB2	16	CERCOPITHECUS_ALBOGULARIS	I	I
PALB2	16	CERCOPITHECUS_MONA	I	I
PALB2	16	CERCOPITHECUS_NEGLECTUS	PI	PI
PALB2	16	CHEIROGALEUS_MEDIUS	I	I
PALB2	16	CHERACEBUS_LUCIFER	I	I
PALB2	16	CHERACEBUS_LUGENS	I	I
PALB2	16	CHERACEBUS_REGULUS	I	I
PALB2	16	CHERACEBUS_TORQUATUS	I	I
PALB2	16	CHIROPOTES_ISRAELITA	I	I
PALB2	16	CHIROPOTES_SAGULATUS	I	I
PALB2	16	CHLOROCEBUS_AETHIOPS	I	I
PALB2	16	CHLOROCEBUS_SABAEUS	PI	PI
PALB2	16	COLOBUS_ANGOLENSIS_PALLIATUS	PI	PI
PALB2	16	COLOBUS_GUEREZA	I	I
PALB2	16	DAUBENTONIA_MADAGASCARIENSIS	I	I
PALB2	16	ERYTHROCEBUS_PATAS	PI	I;PI
PALB2	16	EULEMUR_FLAVIFRONS	I	I
PALB2	16	EULEMUR_FULVUS	I	I
PALB2	16	EULEMUR_FULVUS_COLLARIS	I	I
PALB2	16	EULEMUR_MACACO	I	I
PALB2	16	EULEMUR_MONGOZ	I	I
PALB2	16	GALAGO_MOHOLI	I	I
PALB2	16	GALAGO_SENEGALENSIS	PM	PM
PALB2	16	GORILLA_BERINGEI	I	I
PALB2	16	GORILLA_GORILLA	I	I
PALB2	16	GORILLA_GORILLA_GORILLA	I	I
PALB2	16	HOOLOCK_LEUCONEDYS	I	I
PALB2	16	HYLOBATES_AGILIS	I	I
PALB2	16	HYLOBATES_MOLOCH	I	I
PALB2	16	HYLOBATES_PILEATUS	I	I
PALB2	16	INDRI_INDRI	PI	PI
PALB2	16	LAGOTHRIX_LAGOTRICHA	I	I
PALB2	16	LEMUR_CATTA	I	I
PALB2	16	LEONTOPITHECUS_CHRYSOMELAS	I	I
PALB2	16	LEONTOPITHECUS_ROSALIA	I	I
PALB2	16	LOPHOCEBUS_ATERRIMUS	I	I
PALB2	16	LORIS_TARDIGRADUS	I	I
PALB2	16	MACACA_ARCTOIDES	I	I
PALB2	16	MACACA_ASSAMENSIS	UL	I;UL
PALB2	16	MACACA_CYCLOPIS	I	I
PALB2	16	MACACA_FASCICULARIS	UL	I;UL
PALB2	16	MACACA_FUSCATA	I	I
PALB2	16	MACACA_LEONINA	I	I
PALB2	16	MACACA_MULATTA	I	I
PALB2	16	MACACA_NEMESTRINA	I	I
PALB2	16	MACACA_NIGRA	I	I
PALB2	16	MACACA_SILENUS	I	I
PALB2	16	MACACA_THIBETANA_THIBETANA	I	I
PALB2	16	MANDRILLUS_LEUCOPHAEUS	I	I
PALB2	16	MANDRILLUS_SPHINX	I	I
PALB2	16	MICROCEBUS_MITTERMEIERI	PI	PI
PALB2	16	MICROCEBUS_MURINUS	I	I
PALB2	16	MICROCEBUS_RAVELOBENSIS	I	I
PALB2	16	MICROCEBUS_SP._3_GT-2019	I	I
PALB2	16	MICROCEBUS_TAVARATRA	PI	PI
PALB2	16	MIRZA_COQUERELI	I	I
PALB2	16	MIRZA_ZAZA	I	I
PALB2	16	NASALIS_LARVATUS	PI	PI
PALB2	16	NOMASCUS_LEUCOGENYS	I	I
PALB2	16	NYCTICEBUS_BENGALENSIS	I	I
PALB2	16	NYCTICEBUS_COUCANG	I	I
PALB2	16	OTOLEMUR_CRASSICAUDATUS	I	I
PALB2	16	OTOLEMUR_GARNETTII	UL	UL
PALB2	16	PAN_PANISCUS	I	I
PALB2	16	PAN_TROGLODYTES	I	I
PALB2	16	PAPIO_ANUBIS	I	I
PALB2	16	PAPIO_HAMADRYAS	I	I
PALB2	16	PAPIO_PAPIO	I	I
PALB2	16	PILIOCOLOBUS_TEPHROSCELES	I	I
PALB2	16	PITHECIA_MITTERMEIERI	I	I
PALB2	16	PITHECIA_PITHECIA	I	I
PALB2	16	PITHECIA_VANZOLINII	I	I
PALB2	16	PLECTUROCEBUS_BERNHARDI	PM	PM
PALB2	16	PLECTUROCEBUS_BRUNNEUS	I	I
PALB2	16	PLECTUROCEBUS_CALIGATUS	I	I
PALB2	16	PLECTUROCEBUS_CINERASCENS	I	I
PALB2	16	PLECTUROCEBUS_CUPREUS	I	I
PALB2	16	PLECTUROCEBUS_DONACOPHILUS	I	I
PALB2	16	PLECTUROCEBUS_DUBIUS	I	I
PALB2	16	PLECTUROCEBUS_GROVESI	PI	PI
PALB2	16	PLECTUROCEBUS_HOFFMANNSI	I	I
PALB2	16	PLECTUROCEBUS_MILTONI	I	I
PALB2	16	PLECTUROCEBUS_MOLOCH	I	I
PALB2	16	PONGO_ABELII	I	I
PALB2	16	PONGO_PYGMAEUS	I	I
PALB2	16	PROLEMUR_SIMUS	I	I
PALB2	16	PROPITHECUS_COQUERELI	I	I
PALB2	16	PYGATHRIX_NEMAEUS	PI	PI
PALB2	16	PYGATHRIX_NIGRIPES	I	I
PALB2	16	RHINOPITHECUS_BIETI	UL	I;UL
PALB2	16	RHINOPITHECUS_ROXELLANA	I	I
PALB2	16	RHINOPITHECUS_STRYKERI	I	I
PALB2	16	SAGUINUS_IMPERATOR	UL	UL
PALB2	16	SAGUINUS_MIDAS	I	I
PALB2	16	SAGUINUS_OEDIPUS	I	I
PALB2	16	SAIMIRI_BOLIVIENSIS	I	I
PALB2	16	SAIMIRI_BOLIVIENSIS_BOLIVIENSIS	UL	I;UL
PALB2	16	SAIMIRI_SCIUREUS	I	I
PALB2	16	SAPAJUS_APELLA	I	I
PALB2	16	SEMNOPITHECUS_ENTELLUS	PI	PI
PALB2	16	SYMPHALANGUS_SYNDACTYLUS	I	I
PALB2	16	THEROPITHECUS_GELADA	I	I
PALB2	16	TRACHYPITHECUS_FRANCOISI	I	I
PALB2	16	TRACHYPITHECUS_GERMAINI	I	I
PALB2	16	TRACHYPITHECUS_PHAYREI_CREPUSCULA	I	I
PALB2	16	VARECIA_VARIEGATA	PI	PI
PLK1	16	ALLENOPITHECUS_NIGROVIRIDIS	PI	PI
PLK1	16	ALLOCHROCEBUS_LHOESTI	I	I
PLK1	16	ALOUATTA_PALLIATA	I	I
PLK1	16	AOTUS_NANCYMAAE	I	I
PLK1	16	AOTUS_VOCIFERANS	I	I
PLK1	16	ATELES_BELZEBUTH	I	I
PLK1	16	ATELES_CHAMEK	I	I
PLK1	16	ATELES_GEOFFROYI	I	I
PLK1	16	ATELES_MARGINATUS	I	I
PLK1	16	ATELES_PANISCUS	I	I
PLK1	16	CACAJAO_AYRESI	I	I
PLK1	16	CACAJAO_CALVUS	I	I
PLK1	16	CACAJAO_HOSOMI	I	I
PLK1	16	CACAJAO_MELANOCEPHALUS	I	I
PLK1	16	CALLIMICO_GOELDII	I	I
PLK1	16	CALLITHRIX_JACCHUS	I	I
PLK1	16	CALLITHRIX_PENICILLATA	I	I
PLK1	16	CALLITHRIX_PYGMAEA	I	I
PLK1	16	CARLITO_SYRICHTA	I	I
PLK1	16	CEBUS_ALBIFRONS	I	I
PLK1	16	CEBUS_CAPUCINUS_IMITATOR	I	I
PLK1	16	CEPHALOPACHUS_BANCANUS	I	I
PLK1	16	CERCOCEBUS_ATYS	I	I
PLK1	16	CERCOPITHECUS_ALBOGULARIS	I	I
PLK1	16	CERCOPITHECUS_MONA	I	I
PLK1	16	CERCOPITHECUS_NEGLECTUS	I	I
PLK1	16	CHEIROGALEUS_MEDIUS	I	I
PLK1	16	CHERACEBUS_LUCIFER	I	I
PLK1	16	CHERACEBUS_LUGENS	UL	UL
PLK1	16	CHERACEBUS_REGULUS	I	I
PLK1	16	CHERACEBUS_TORQUATUS	UL	UL
PLK1	16	CHIROPOTES_ISRAELITA	I	I
PLK1	16	CHIROPOTES_SAGULATUS	I	I
PLK1	16	CHLOROCEBUS_AETHIOPS	I	I
PLK1	16	CHLOROCEBUS_SABAEUS	I	I
PLK1	16	COLOBUS_ANGOLENSIS_PALLIATUS	I	I
PLK1	16	COLOBUS_GUEREZA	I	I
PLK1	16	DAUBENTONIA_MADAGASCARIENSIS	I	I
PLK1	16	ERYTHROCEBUS_PATAS	I	I
PLK1	16	EULEMUR_FLAVIFRONS	I	I
PLK1	16	EULEMUR_FULVUS	I	I
PLK1	16	EULEMUR_FULVUS_COLLARIS	I	I
PLK1	16	EULEMUR_MACACO	I	I
PLK1	16	EULEMUR_MONGOZ	I	I
PLK1	16	GALAGO_MOHOLI	I	I
PLK1	16	GALAGO_SENEGALENSIS	I	I
PLK1	16	GORILLA_BERINGEI	I	I
PLK1	16	GORILLA_GORILLA	I	I
PLK1	16	GORILLA_GORILLA_GORILLA	I	I
PLK1	16	HOOLOCK_LEUCONEDYS	UL	I;UL
PLK1	16	HYLOBATES_AGILIS	I	I
PLK1	16	HYLOBATES_MOLOCH	I	I
PLK1	16	HYLOBATES_PILEATUS	I	I
PLK1	16	INDRI_INDRI	I	I
PLK1	16	LAGOTHRIX_LAGOTRICHA	I	I
PLK1	16	LEMUR_CATTA	I	I
PLK1	16	LEONTOPITHECUS_CHRYSOMELAS	I	I
PLK1	16	LEONTOPITHECUS_ROSALIA	I	I
PLK1	16	LOPHOCEBUS_ATERRIMUS	I	I
PLK1	16	LORIS_TARDIGRADUS	I	I
PLK1	16	MACACA_ARCTOIDES	I	I
PLK1	16	MACACA_ASSAMENSIS	I	I
PLK1	16	MACACA_CYCLOPIS	I	I
PLK1	16	MACACA_FASCICULARIS	UL	I;UL
PLK1	16	MACACA_FUSCATA	I	I
PLK1	16	MACACA_LEONINA	I	I
PLK1	16	MACACA_MULATTA	I	I
PLK1	16	MACACA_NEMESTRINA	I	I
PLK1	16	MACACA_NIGRA	I	I
PLK1	16	MACACA_SILENUS	I	I
PLK1	16	MACACA_THIBETANA_THIBETANA	I	I
PLK1	16	MANDRILLUS_LEUCOPHAEUS	I	I
PLK1	16	MANDRILLUS_SPHINX	I	I
PLK1	16	MICROCEBUS_GRISEORUFUS	I	I
PLK1	16	MICROCEBUS_MITTERMEIERI	PI	PI
PLK1	16	MICROCEBUS_MURINUS	I	I
PLK1	16	MICROCEBUS_RAVELOBENSIS	I	I
PLK1	16	MICROCEBUS_SP._3_GT-2019	I	I
PLK1	16	MICROCEBUS_TAVARATRA	I	I
PLK1	16	MIRZA_COQUERELI	PI	PI
PLK1	16	MIRZA_ZAZA	I	I
PLK1	16	NASALIS_LARVATUS	PI	PI
PLK1	16	NOMASCUS_LEUCOGENYS	I	I
PLK1	16	NYCTICEBUS_BENGALENSIS	I	I
PLK1	16	NYCTICEBUS_COUCANG	I	I
PLK1	16	OTOLEMUR_CRASSICAUDATUS	I	I
PLK1	16	OTOLEMUR_GARNETTII	I	I
PLK1	16	PAN_PANISCUS	I	I
PLK1	16	PAN_TROGLODYTES	I	I
PLK1	16	PAPIO_ANUBIS	I	I
PLK1	16	PAPIO_HAMADRYAS	I	I
PLK1	16	PAPIO_PAPIO	I	I
PLK1	16	PILIOCOLOBUS_TEPHROSCELES	I	I
PLK1	16	PITHECIA_MITTERMEIERI	I	I
PLK1	16	PITHECIA_PITHECIA	I	I
PLK1	16	PITHECIA_VANZOLINII	I	I
PLK1	16	PLECTUROCEBUS_BERNHARDI	PI	PI
PLK1	16	PLECTUROCEBUS_BRUNNEUS	PI	PI
PLK1	16	PLECTUROCEBUS_CALIGATUS	UL	UL
PLK1	16	PLECTUROCEBUS_CINERASCENS	UL	UL
PLK1	16	PLECTUROCEBUS_CUPREUS	I	I
PLK1	16	PLECTUROCEBUS_DONACOPHILUS	I	I
PLK1	16	PLECTUROCEBUS_DUBIUS	UL	UL
PLK1	16	PLECTUROCEBUS_GROVESI	PI	PI
PLK1	16	PLECTUROCEBUS_MILTONI	UL	UL
PLK1	16	PLECTUROCEBUS_MOLOCH	UL	UL
PLK1	16	PONGO_ABELII	I	I
PLK1	16	PONGO_PYGMAEUS	UL	I;UL
PLK1	16	PROLEMUR_SIMUS	I	I
PLK1	16	PROPITHECUS_COQUERELI	I	I
PLK1	16	PYGATHRIX_NEMAEUS	I	I
PLK1	16	PYGATHRIX_NIGRIPES	I	I
PLK1	16	RHINOPITHECUS_BIETI	L	I;L
PLK1	16	RHINOPITHECUS_ROXELLANA	I	I
PLK1	16	RHINOPITHECUS_STRYKERI	I	I
PLK1	16	SAGUINUS_IMPERATOR	I	I
PLK1	16	SAGUINUS_MIDAS	I	I
PLK1	16	SAGUINUS_OEDIPUS	I	I
PLK1	16	SAIMIRI_BOLIVIENSIS	I	I
PLK1	16	SAIMIRI_BOLIVIENSIS_BOLIVIENSIS	I	I
PLK1	16	SAIMIRI_SCIUREUS	I	I
PLK1	16	SAPAJUS_APELLA	I	I
PLK1	16	SEMNOPITHECUS_ENTELLUS	I	I
PLK1	16	SYMPHALANGUS_SYNDACTYLUS	I	I
PLK1	16	THEROPITHECUS_GELADA	I	I
PLK1	16	TRACHYPITHECUS_FRANCOISI	I	I
PLK1	16	TRACHYPITHECUS_GERMAINI	I	I
PLK1	16	TRACHYPITHECUS_PHAYREI_CREPUSCULA	I	I
PLK1	16	VARECIA_VARIEGATA	PI	PI
POLB	8	ALLENOPITHECUS_NIGROVIRIDIS	I	I
POLB	8	ALLOCHROCEBUS_LHOESTI	I	I
POLB	8	ALOUATTA_PALLIATA	I	I
POLB	8	AOTUS_NANCYMAAE	I	I
POLB	8	AOTUS_VOCIFERANS	I	I
POLB	8	ATELES_BELZEBUTH	UL	UL
POLB	8	ATELES_CHAMEK	PI	PI
POLB	8	ATELES_GEOFFROYI	PI	PI
POLB	8	ATELES_MARGINATUS	I	I
POLB	8	ATELES_PANISCUS	I	I
POLB	8	CACAJAO_AYRESI	I	I
POLB	8	CACAJAO_CALVUS	I	I
POLB	8	CACAJAO_HOSOMI	I	I
POLB	8	CACAJAO_MELANOCEPHALUS	I	I
POLB	8	CALLIMICO_GOELDII	PI	PI
POLB	8	CALLITHRIX_JACCHUS	I	I
POLB	8	CALLITHRIX_PENICILLATA	I	I
POLB	8	CALLITHRIX_PYGMAEA	I	I
POLB	8	CARLITO_SYRICHTA	PI	PI
POLB	8	CEBUS_ALBIFRONS	I	I
POLB	8	CEBUS_CAPUCINUS_IMITATOR	I	I
POLB	8	CEPHALOPACHUS_BANCANUS	I	I
POLB	8	CERCOCEBUS_ATYS	I	I
POLB	8	CERCOPITHECUS_ALBOGULARIS	I	I
POLB	8	CERCOPITHECUS_MONA	I	I
POLB	8	CERCOPITHECUS_NEGLECTUS	I	I
POLB	8	CHEIROGALEUS_MEDIUS	I	I
POLB	8	CHERACEBUS_LUCIFER	I	I
POLB	8	CHERACEBUS_LUGENS	I	I
POLB	8	CHERACEBUS_REGULUS	I	I
POLB	8	CHERACEBUS_TORQUATUS	I	I
POLB	8	CHIROPOTES_ISRAELITA	PI	PI
POLB	8	CHIROPOTES_SAGULATUS	I	I
POLB	8	CHLOROCEBUS_AETHIOPS	I	I
POLB	8	CHLOROCEBUS_SABAEUS	I	I
POLB	8	COLOBUS_ANGOLENSIS_PALLIATUS	PI	PI
POLB	8	COLOBUS_GUEREZA	I	I
POLB	8	DAUBENTONIA_MADAGASCARIENSIS	I	I
POLB	8	ERYTHROCEBUS_PATAS	I	I
POLB	8	EULEMUR_FLAVIFRONS	I	I
POLB	8	EULEMUR_FULVUS	I	I
POLB	8	EULEMUR_FULVUS_COLLARIS	I	I
POLB	8	EULEMUR_MACACO	I	I
POLB	8	EULEMUR_MONGOZ	I	I
POLB	8	GALAGO_MOHOLI	I	I
POLB	8	GALAGO_SENEGALENSIS	PI	PI
POLB	8	GORILLA_BERINGEI	I	I
POLB	8	GORILLA_GORILLA	I	I
POLB	8	GORILLA_GORILLA_GORILLA	I	I
POLB	8	HOOLOCK_LEUCONEDYS	I	I
POLB	8	HYLOBATES_AGILIS	I	I
POLB	8	HYLOBATES_MOLOCH	I	I
POLB	8	HYLOBATES_PILEATUS	I	I
POLB	8	INDRI_INDRI	I	I
POLB	8	LAGOTHRIX_LAGOTRICHA	I	I
POLB	8	LEMUR_CATTA	I	I
POLB	8	LEONTOPITHECUS_CHRYSOMELAS	I	I
POLB	8	LEONTOPITHECUS_ROSALIA	I	I
POLB	8	LOPHOCEBUS_ATERRIMUS	I	I
POLB	8	LORIS_TARDIGRADUS	I	I
POLB	8	MACACA_ARCTOIDES	I	I
POLB	8	MACACA_ASSAMENSIS	I	I
POLB	8	MACACA_CYCLOPIS	I	I
POLB	8	MACACA_FASCICULARIS	I	I
POLB	8	MACACA_FUSCATA	I	I
POLB	8	MACACA_LEONINA	I	I
POLB	8	MACACA_MULATTA	I	I
POLB	8	MACACA_NEMESTRINA	I	I
POLB	8	MACACA_NIGRA	I	I
POLB	8	MACACA_SILENUS	I	I
POLB	8	MACACA_THIBETANA_THIBETANA	I	I
POLB	8	MANDRILLUS_LEUCOPHAEUS	I	I
POLB	8	MANDRILLUS_SPHINX	I	I
POLB	8	MICROCEBUS_GRISEORUFUS	PI	PI
POLB	8	MICROCEBUS_MITTERMEIERI	PI	PI
POLB	8	MICROCEBUS_MURINUS	I	I
POLB	8	MICROCEBUS_RAVELOBENSIS	PI	PI
POLB	8	MICROCEBUS_SP._3_GT-2019	PI	PI
POLB	8	MICROCEBUS_TAVARATRA	PI	PI
POLB	8	MIRZA_COQUERELI	PI	PI
POLB	8	MIRZA_ZAZA	I	I
POLB	8	NASALIS_LARVATUS	PI	PI
POLB	8	NOMASCUS_LEUCOGENYS	I	I
POLB	8	NYCTICEBUS_BENGALENSIS	I	I
POLB	8	NYCTICEBUS_COUCANG	I	I
POLB	8	OTOLEMUR_CRASSICAUDATUS	I	I
POLB	8	OTOLEMUR_GARNETTII	I	I
POLB	8	PAN_PANISCUS	I	I
POLB	8	PAN_TROGLODYTES	I	I
POLB	8	PAPIO_ANUBIS	I	I
POLB	8	PAPIO_HAMADRYAS	I	I
POLB	8	PAPIO_PAPIO	I	I
POLB	8	PILIOCOLOBUS_TEPHROSCELES	I	I
POLB	8	PITHECIA_MITTERMEIERI	I	I
POLB	8	PITHECIA_PITHECIA	I	I
POLB	8	PITHECIA_VANZOLINII	I	I
POLB	8	PLECTUROCEBUS_BERNHARDI	I	I
POLB	8	PLECTUROCEBUS_BRUNNEUS	I	I
POLB	8	PLECTUROCEBUS_CALIGATUS	I	I
POLB	8	PLECTUROCEBUS_CUPREUS	I	I
POLB	8	PLECTUROCEBUS_DONACOPHILUS	I	I
POLB	8	PLECTUROCEBUS_GROVESI	I	I
POLB	8	PLECTUROCEBUS_HOFFMANNSI	I	I
POLB	8	PLECTUROCEBUS_MILTONI	I	I
POLB	8	PLECTUROCEBUS_MOLOCH	I	I
POLB	8	PONGO_ABELII	I	I
POLB	8	PONGO_PYGMAEUS	I	I
POLB	8	PROLEMUR_SIMUS	I	I
POLB	8	PROPITHECUS_COQUERELI	PI	PI
POLB	8	PYGATHRIX_NEMAEUS	I	I
POLB	8	PYGATHRIX_NIGRIPES	I	I
POLB	8	RHINOPITHECUS_BIETI	I	I
POLB	8	RHINOPITHECUS_ROXELLANA	I	I
POLB	8	RHINOPITHECUS_STRYKERI	I	I
POLB	8	SAGUINUS_IMPERATOR	PI	PI
POLB	8	SAGUINUS_MIDAS	I	I
POLB	8	SAGUINUS_OEDIPUS	I	I
POLB	8	SAIMIRI_BOLIVIENSIS	UL	UL
POLB	8	SAIMIRI_BOLIVIENSIS_BOLIVIENSIS	I	I
POLB	8	SAIMIRI_SCIUREUS	PI	PI
POLB	8	SAPAJUS_APELLA	I	I
POLB	8	SEMNOPITHECUS_ENTELLUS	PI	PI
POLB	8	SYMPHALANGUS_SYNDACTYLUS	I	I
POLB	8	THEROPITHECUS_GELADA	I	I
POLB	8	TRACHYPITHECUS_FRANCOISI	I	I
POLB	8	TRACHYPITHECUS_GERMAINI	I	I
POLB	8	TRACHYPITHECUS_PHAYREI_CREPUSCULA	I	I
POLB	8	VARECIA_VARIEGATA	I	I
PRR19	19	ALLENOPITHECUS_NIGROVIRIDIS	I	I
PRR19	19	ALLOCHROCEBUS_LHOESTI	I	I
PRR19	19	ALOUATTA_PALLIATA	I	I
PRR19	19	AOTUS_NANCYMAAE	I	I
PRR19	19	AOTUS_VOCIFERANS	I	I
PRR19	19	ATELES_BELZEBUTH	I	I
PRR19	19	ATELES_CHAMEK	I	I
PRR19	19	ATELES_GEOFFROYI	I	I
PRR19	19	ATELES_MARGINATUS	I	I
PRR19	19	ATELES_PANISCUS	I	I
PRR19	19	CACAJAO_AYRESI	I	I
PRR19	19	CACAJAO_CALVUS	I	I
PRR19	19	CACAJAO_HOSOMI	I	I
PRR19	19	CACAJAO_MELANOCEPHALUS	I	I
PRR19	19	CALLIMICO_GOELDII	I	I
PRR19	19	CALLITHRIX_JACCHUS	I	I
PRR19	19	CALLITHRIX_PENICILLATA	I	I
PRR19	19	CALLITHRIX_PYGMAEA	I	I
PRR19	19	CARLITO_SYRICHTA	I	I
PRR19	19	CEBUS_ALBIFRONS	I	I
PRR19	19	CEBUS_CAPUCINUS_IMITATOR	I	I
PRR19	19	CEPHALOPACHUS_BANCANUS	I	I
PRR19	19	CERCOCEBUS_ATYS	I	I
PRR19	19	CERCOPITHECUS_ALBOGULARIS	I	I
PRR19	19	CERCOPITHECUS_MONA	I	I
PRR19	19	CERCOPITHECUS_NEGLECTUS	I	I
PRR19	19	CHEIROGALEUS_MEDIUS	I	I
PRR19	19	CHERACEBUS_LUCIFER	I	I
PRR19	19	CHERACEBUS_LUGENS	I	I
PRR19	19	CHERACEBUS_REGULUS	I	I
PRR19	19	CHERACEBUS_TORQUATUS	I	I
PRR19	19	CHIROPOTES_ISRAELITA	I	I
PRR19	19	CHIROPOTES_SAGULATUS	I	I
PRR19	19	CHLOROCEBUS_AETHIOPS	I	I
PRR19	19	CHLOROCEBUS_SABAEUS	I	I
PRR19	19	COLOBUS_ANGOLENSIS_PALLIATUS	I	I
PRR19	19	COLOBUS_GUEREZA	I	I
PRR19	19	DAUBENTONIA_MADAGASCARIENSIS	I	I
PRR19	19	ERYTHROCEBUS_PATAS	I	I
PRR19	19	EULEMUR_FLAVIFRONS	I	I
PRR19	19	EULEMUR_FULVUS	I	I
PRR19	19	EULEMUR_FULVUS_COLLARIS	I	I
PRR19	19	EULEMUR_MACACO	I	I
PRR19	19	EULEMUR_MONGOZ	I	I
PRR19	19	GALAGO_MOHOLI	I	I
PRR19	19	GALAGO_SENEGALENSIS	I	I
PRR19	19	GORILLA_BERINGEI	I	I
PRR19	19	GORILLA_GORILLA	I	I
PRR19	19	GORILLA_GORILLA_GORILLA	I	I
PRR19	19	HOOLOCK_LEUCONEDYS	I	I
PRR19	19	HYLOBATES_AGILIS	I	I
PRR19	19	HYLOBATES_MOLOCH	I	I
PRR19	19	HYLOBATES_PILEATUS	I	I
PRR19	19	INDRI_INDRI	I	I
PRR19	19	LAGOTHRIX_LAGOTRICHA	I	I
PRR19	19	LEMUR_CATTA	I	I
PRR19	19	LEONTOPITHECUS_CHRYSOMELAS	I	I
PRR19	19	LEONTOPITHECUS_ROSALIA	I	I
PRR19	19	LOPHOCEBUS_ATERRIMUS	I	I
PRR19	19	LORIS_TARDIGRADUS	I	I
PRR19	19	MACACA_ARCTOIDES	I	I
PRR19	19	MACACA_ASSAMENSIS	I	I
PRR19	19	MACACA_CYCLOPIS	I	I
PRR19	19	MACACA_FASCICULARIS	I	I
PRR19	19	MACACA_FUSCATA	I	I
PRR19	19	MACACA_LEONINA	I	I
PRR19	19	MACACA_MULATTA	I	I
PRR19	19	MACACA_NEMESTRINA	I	I
PRR19	19	MACACA_NIGRA	UL	UL
PRR19	19	MACACA_SILENUS	I	I
PRR19	19	MACACA_THIBETANA_THIBETANA	I	I
PRR19	19	MANDRILLUS_LEUCOPHAEUS	I	I
PRR19	19	MANDRILLUS_SPHINX	I	I
PRR19	19	MICROCEBUS_GRISEORUFUS	I	I
PRR19	19	MICROCEBUS_MITTERMEIERI	I	I
PRR19	19	MICROCEBUS_MURINUS	I	I
PRR19	19	MICROCEBUS_RAVELOBENSIS	I	I
PRR19	19	MICROCEBUS_SP._3_GT-2019	I	I
PRR19	19	MICROCEBUS_TAVARATRA	I	I
PRR19	19	MIRZA_COQUERELI	I	I
PRR19	19	MIRZA_ZAZA	I	I
PRR19	19	NASALIS_LARVATUS	L	L
PRR19	19	NOMASCUS_LEUCOGENYS	I	I
PRR19	19	NYCTICEBUS_BENGALENSIS	UL	I;UL
PRR19	19	NYCTICEBUS_COUCANG	I	I
PRR19	19	OTOLEMUR_CRASSICAUDATUS	I	I
PRR19	19	OTOLEMUR_GARNETTII	I	I
PRR19	19	PAN_PANISCUS	I	I
PRR19	19	PAN_TROGLODYTES	I	I
PRR19	19	PAPIO_ANUBIS	I	I
PRR19	19	PAPIO_HAMADRYAS	I	I
PRR19	19	PAPIO_PAPIO	L	L
PRR19	19	PILIOCOLOBUS_TEPHROSCELES	I	I
PRR19	19	PITHECIA_MITTERMEIERI	I	I
PRR19	19	PITHECIA_PITHECIA	L	I;L
PRR19	19	PITHECIA_VANZOLINII	I	I
PRR19	19	PLECTUROCEBUS_BERNHARDI	I	I
PRR19	19	PLECTUROCEBUS_BRUNNEUS	I	I
PRR19	19	PLECTUROCEBUS_CALIGATUS	I	I
PRR19	19	PLECTUROCEBUS_CINERASCENS	I	I
PRR19	19	PLECTUROCEBUS_CUPREUS	I	I
PRR19	19	PLECTUROCEBUS_DONACOPHILUS	I	I
PRR19	19	PLECTUROCEBUS_DUBIUS	I	I
PRR19	19	PLECTUROCEBUS_GROVESI	I	I
PRR19	19	PLECTUROCEBUS_HOFFMANNSI	I	I
PRR19	19	PLECTUROCEBUS_MILTONI	I	I
PRR19	19	PLECTUROCEBUS_MOLOCH	I	I
PRR19	19	PONGO_ABELII	I	I
PRR19	19	PONGO_PYGMAEUS	I	I
PRR19	19	PROLEMUR_SIMUS	I	I
PRR19	19	PROPITHECUS_COQUERELI	M	M
PRR19	19	PYGATHRIX_NEMAEUS	I	I
PRR19	19	PYGATHRIX_NIGRIPES	UL	UL
PRR19	19	RHINOPITHECUS_BIETI	I	I
PRR19	19	RHINOPITHECUS_ROXELLANA	I	I
PRR19	19	RHINOPITHECUS_STRYKERI	I	I
PRR19	19	SAGUINUS_IMPERATOR	I	I
PRR19	19	SAGUINUS_MIDAS	I	I
PRR19	19	SAGUINUS_OEDIPUS	I	I
PRR19	19	SAIMIRI_BOLIVIENSIS	I	I
PRR19	19	SAIMIRI_BOLIVIENSIS_BOLIVIENSIS	I	I
PRR19	19	SAIMIRI_SCIUREUS	I	I
PRR19	19	SAPAJUS_APELLA	I	I
PRR19	19	SEMNOPITHECUS_ENTELLUS	I	I
PRR19	19	SYMPHALANGUS_SYNDACTYLUS	I	I
PRR19	19	THEROPITHECUS_GELADA	I	I
PRR19	19	TRACHYPITHECUS_FRANCOISI	I	I
PRR19	19	TRACHYPITHECUS_GERMAINI	I	I
PRR19	19	TRACHYPITHECUS_PHAYREI_CREPUSCULA	UL	UL
PRR19	19	VARECIA_VARIEGATA	I	I
PSMC3IP	17	ALLENOPITHECUS_NIGROVIRIDIS	PI	PI
PSMC3IP	17	ALLOCHROCEBUS_LHOESTI	I	I
PSMC3IP	17	ALOUATTA_PALLIATA	PI	PI
PSMC3IP	17	AOTUS_NANCYMAAE	I	I
PSMC3IP	17	AOTUS_VOCIFERANS	I	I
PSMC3IP	17	ATELES_BELZEBUTH	I	I
PSMC3IP	17	ATELES_CHAMEK	I	I
PSMC3IP	17	ATELES_GEOFFROYI	I	I
PSMC3IP	17	ATELES_MARGINATUS	I	I
PSMC3IP	17	ATELES_PANISCUS	I	I
PSMC3IP	17	CACAJAO_AYRESI	I	I
PSMC3IP	17	CACAJAO_CALVUS	I	I
PSMC3IP	17	CACAJAO_HOSOMI	I	I
PSMC3IP	17	CACAJAO_MELANOCEPHALUS	I	I
PSMC3IP	17	CALLIMICO_GOELDII	I	I
PSMC3IP	17	CALLITHRIX_JACCHUS	I	I
PSMC3IP	17	CALLITHRIX_PENICILLATA	I	I
PSMC3IP	17	CALLITHRIX_PYGMAEA	I	I
PSMC3IP	17	CARLITO_SYRICHTA	I	I
PSMC3IP	17	CEBUS_ALBIFRONS	I	I
PSMC3IP	17	CEBUS_CAPUCINUS_IMITATOR	I	I
PSMC3IP	17	CEPHALOPACHUS_BANCANUS	I	I
PSMC3IP	17	CERCOCEBUS_ATYS	I	I
PSMC3IP	17	CERCOPITHECUS_ALBOGULARIS	I	I
PSMC3IP	17	CERCOPITHECUS_MONA	I	I
PSMC3IP	17	CERCOPITHECUS_NEGLECTUS	I	I
PSMC3IP	17	CHEIROGALEUS_MEDIUS	I	I
PSMC3IP	17	CHERACEBUS_LUCIFER	I	I
PSMC3IP	17	CHERACEBUS_LUGENS	I	I
PSMC3IP	17	CHERACEBUS_REGULUS	I	I
PSMC3IP	17	CHERACEBUS_TORQUATUS	I	I
PSMC3IP	17	CHIROPOTES_ISRAELITA	I	I
PSMC3IP	17	CHIROPOTES_SAGULATUS	I	I
PSMC3IP	17	CHLOROCEBUS_AETHIOPS	I	I
PSMC3IP	17	CHLOROCEBUS_SABAEUS	I	I
PSMC3IP	17	COLOBUS_ANGOLENSIS_PALLIATUS	I	I
PSMC3IP	17	COLOBUS_GUEREZA	I	I
PSMC3IP	17	DAUBENTONIA_MADAGASCARIENSIS	I	I
PSMC3IP	17	ERYTHROCEBUS_PATAS	PI	I;PI
PSMC3IP	17	EULEMUR_FLAVIFRONS	I	I
PSMC3IP	17	EULEMUR_FULVUS	I	I
PSMC3IP	17	EULEMUR_FULVUS_COLLARIS	I	I
PSMC3IP	17	EULEMUR_MACACO	I	I
PSMC3IP	17	EULEMUR_MONGOZ	I	I
PSMC3IP	17	GALAGO_MOHOLI	I	I
PSMC3IP	17	GALAGO_SENEGALENSIS	I	I
PSMC3IP	17	GORILLA_BERINGEI	I	I
PSMC3IP	17	GORILLA_GORILLA	I	I
PSMC3IP	17	GORILLA_GORILLA_GORILLA	I	I
PSMC3IP	17	HOOLOCK_LEUCONEDYS	I	I
PSMC3IP	17	HYLOBATES_AGILIS	I	I
PSMC3IP	17	HYLOBATES_MOLOCH	I	I
PSMC3IP	17	HYLOBATES_PILEATUS	I	I
PSMC3IP	17	INDRI_INDRI	PI	PI
PSMC3IP	17	LAGOTHRIX_LAGOTRICHA	I	I
PSMC3IP	17	LEMUR_CATTA	I	I
PSMC3IP	17	LEONTOPITHECUS_CHRYSOMELAS	I	I
PSMC3IP	17	LEONTOPITHECUS_ROSALIA	I	I
PSMC3IP	17	LOPHOCEBUS_ATERRIMUS	I	I
PSMC3IP	17	LORIS_TARDIGRADUS	I	I
PSMC3IP	17	MACACA_ARCTOIDES	I	I
PSMC3IP	17	MACACA_ASSAMENSIS	I	I
PSMC3IP	17	MACACA_CYCLOPIS	I	I
PSMC3IP	17	MACACA_FASCICULARIS	I	I
PSMC3IP	17	MACACA_FUSCATA	I	I
PSMC3IP	17	MACACA_LEONINA	I	I
PSMC3IP	17	MACACA_MULATTA	I	I
PSMC3IP	17	MACACA_NEMESTRINA	I	I
PSMC3IP	17	MACACA_NIGRA	I	I
PSMC3IP	17	MACACA_SILENUS	I	I
PSMC3IP	17	MACACA_THIBETANA_THIBETANA	I	I
PSMC3IP	17	MANDRILLUS_LEUCOPHAEUS	I	I
PSMC3IP	17	MANDRILLUS_SPHINX	I	I
PSMC3IP	17	MICROCEBUS_GRISEORUFUS	I	I
PSMC3IP	17	MICROCEBUS_MITTERMEIERI	I	I
PSMC3IP	17	MICROCEBUS_MURINUS	I	I
PSMC3IP	17	MICROCEBUS_RAVELOBENSIS	I	I
PSMC3IP	17	MICROCEBUS_SP._3_GT-2019	I	I
PSMC3IP	17	MICROCEBUS_TAVARATRA	I	I
PSMC3IP	17	MIRZA_COQUERELI	I	I
PSMC3IP	17	MIRZA_ZAZA	I	I
PSMC3IP	17	NASALIS_LARVATUS	I	I
PSMC3IP	17	NOMASCUS_LEUCOGENYS	I	I
PSMC3IP	17	NYCTICEBUS_BENGALENSIS	I	I
PSMC3IP	17	NYCTICEBUS_COUCANG	I	I
PSMC3IP	17	OTOLEMUR_CRASSICAUDATUS	I	I
PSMC3IP	17	OTOLEMUR_GARNETTII	PI	PI
PSMC3IP	17	PAN_PANISCUS	I	I
PSMC3IP	17	PAN_TROGLODYTES	I	I
PSMC3IP	17	PAPIO_ANUBIS	I	I
PSMC3IP	17	PAPIO_HAMADRYAS	I	I
PSMC3IP	17	PAPIO_PAPIO	I	I
PSMC3IP	17	PILIOCOLOBUS_TEPHROSCELES	I	I
PSMC3IP	17	PITHECIA_MITTERMEIERI	I	I
PSMC3IP	17	PITHECIA_PITHECIA	I	I
PSMC3IP	17	PITHECIA_VANZOLINII	I	I
PSMC3IP	17	PLECTUROCEBUS_BERNHARDI	I	I
PSMC3IP	17	PLECTUROCEBUS_BRUNNEUS	I	I
PSMC3IP	17	PLECTUROCEBUS_CALIGATUS	I	I
PSMC3IP	17	PLECTUROCEBUS_CINERASCENS	I	I
PSMC3IP	17	PLECTUROCEBUS_CUPREUS	I	I
PSMC3IP	17	PLECTUROCEBUS_DONACOPHILUS	I	I
PSMC3IP	17	PLECTUROCEBUS_DUBIUS	I	I
PSMC3IP	17	PLECTUROCEBUS_GROVESI	I	I
PSMC3IP	17	PLECTUROCEBUS_HOFFMANNSI	I	I
PSMC3IP	17	PLECTUROCEBUS_MILTONI	I	I
PSMC3IP	17	PLECTUROCEBUS_MOLOCH	I	I
PSMC3IP	17	PONGO_ABELII	I	I
PSMC3IP	17	PONGO_PYGMAEUS	I	I
PSMC3IP	17	PROLEMUR_SIMUS	I	I
PSMC3IP	17	PROPITHECUS_COQUERELI	I	I
PSMC3IP	17	PYGATHRIX_NEMAEUS	PI	PI
PSMC3IP	17	PYGATHRIX_NIGRIPES	I	I
PSMC3IP	17	RHINOPITHECUS_BIETI	I	I
PSMC3IP	17	RHINOPITHECUS_ROXELLANA	I	I
PSMC3IP	17	RHINOPITHECUS_STRYKERI	I	I
PSMC3IP	17	SAGUINUS_IMPERATOR	I	I
PSMC3IP	17	SAGUINUS_MIDAS	I	I
PSMC3IP	17	SAGUINUS_OEDIPUS	I	I
PSMC3IP	17	SAIMIRI_BOLIVIENSIS	M	M
PSMC3IP	17	SAIMIRI_BOLIVIENSIS_BOLIVIENSIS	I	I
PSMC3IP	17	SAIMIRI_SCIUREUS	I	I
PSMC3IP	17	SAPAJUS_APELLA	I	I
PSMC3IP	17	SEMNOPITHECUS_ENTELLUS	I	I
PSMC3IP	17	SYMPHALANGUS_SYNDACTYLUS	I	I
PSMC3IP	17	THEROPITHECUS_GELADA	I	I
PSMC3IP	17	TRACHYPITHECUS_FRANCOISI	I	I
PSMC3IP	17	TRACHYPITHECUS_GERMAINI	I	I
PSMC3IP	17	TRACHYPITHECUS_PHAYREI_CREPUSCULA	I	I
PSMC3IP	17	VARECIA_VARIEGATA	I	I
RAD1	5	ALLENOPITHECUS_NIGROVIRIDIS	I	I
RAD1	5	ALLOCHROCEBUS_LHOESTI	I	I
RAD1	5	ALOUATTA_PALLIATA	I	I
RAD1	5	AOTUS_NANCYMAAE	I	I
RAD1	5	AOTUS_VOCIFERANS	I	I
RAD1	5	ATELES_BELZEBUTH	I	I
RAD1	5	ATELES_CHAMEK	I	I
RAD1	5	ATELES_GEOFFROYI	I	I
RAD1	5	ATELES_MARGINATUS	I	I
RAD1	5	ATELES_PANISCUS	I	I
RAD1	5	CACAJAO_AYRESI	I	I
RAD1	5	CACAJAO_CALVUS	I	I
RAD1	5	CACAJAO_HOSOMI	I	I
RAD1	5	CACAJAO_MELANOCEPHALUS	I	I
RAD1	5	CALLIMICO_GOELDII	I	I
RAD1	5	CALLITHRIX_JACCHUS	I	I
RAD1	5	CALLITHRIX_PENICILLATA	I	I
RAD1	5	CALLITHRIX_PYGMAEA	I	I
RAD1	5	CARLITO_SYRICHTA	I	I
RAD1	5	CEBUS_ALBIFRONS	I	I
RAD1	5	CEBUS_CAPUCINUS_IMITATOR	I	I
RAD1	5	CEPHALOPACHUS_BANCANUS	I	I
RAD1	5	CERCOCEBUS_ATYS	I	I
RAD1	5	CERCOPITHECUS_ALBOGULARIS	I	I
RAD1	5	CERCOPITHECUS_MONA	I	I
RAD1	5	CERCOPITHECUS_NEGLECTUS	I	I
RAD1	5	CHEIROGALEUS_MEDIUS	I	I
RAD1	5	CHERACEBUS_LUCIFER	I	I
RAD1	5	CHERACEBUS_LUGENS	I	I
RAD1	5	CHERACEBUS_REGULUS	I	I
RAD1	5	CHERACEBUS_TORQUATUS	I	I
RAD1	5	CHIROPOTES_ISRAELITA	I	I
RAD1	5	CHIROPOTES_SAGULATUS	I	I
RAD1	5	CHLOROCEBUS_AETHIOPS	I	I
RAD1	5	CHLOROCEBUS_SABAEUS	I	I
RAD1	5	COLOBUS_ANGOLENSIS_PALLIATUS	I	I
RAD1	5	COLOBUS_GUEREZA	I	I
RAD1	5	DAUBENTONIA_MADAGASCARIENSIS	I	I
RAD1	5	ERYTHROCEBUS_PATAS	I	I
RAD1	5	EULEMUR_FLAVIFRONS	M	M
RAD1	5	EULEMUR_FULVUS	I	I
RAD1	5	EULEMUR_FULVUS_COLLARIS	I	I
RAD1	5	EULEMUR_MACACO	I	I
RAD1	5	EULEMUR_MONGOZ	I	I
RAD1	5	GALAGO_MOHOLI	I	I
RAD1	5	GALAGO_SENEGALENSIS	I	I
RAD1	5	GORILLA_BERINGEI	I	I
RAD1	5	GORILLA_GORILLA	I	I
RAD1	5	GORILLA_GORILLA_GORILLA	I	I
RAD1	5	HOOLOCK_LEUCONEDYS	I	I
RAD1	5	HYLOBATES_AGILIS	I	I
RAD1	5	HYLOBATES_MOLOCH	I	I
RAD1	5	HYLOBATES_PILEATUS	I	I
RAD1	5	INDRI_INDRI	I	I
RAD1	5	LAGOTHRIX_LAGOTRICHA	I	I
RAD1	5	LEMUR_CATTA	I	I
RAD1	5	LEONTOPITHECUS_CHRYSOMELAS	I	I
RAD1	5	LEONTOPITHECUS_ROSALIA	I	I
RAD1	5	LOPHOCEBUS_ATERRIMUS	I	I
RAD1	5	LORIS_TARDIGRADUS	I	I
RAD1	5	MACACA_ARCTOIDES	I	I
RAD1	5	MACACA_ASSAMENSIS	I	I
RAD1	5	MACACA_CYCLOPIS	I	I
RAD1	5	MACACA_FASCICULARIS	I	I
RAD1	5	MACACA_FUSCATA	I	I
RAD1	5	MACACA_LEONINA	I	I
RAD1	5	MACACA_MULATTA	I	I
RAD1	5	MACACA_NEMESTRINA	I	I
RAD1	5	MACACA_NIGRA	I	I
RAD1	5	MACACA_SILENUS	I	I
RAD1	5	MACACA_THIBETANA_THIBETANA	I	I
RAD1	5	MANDRILLUS_LEUCOPHAEUS	I	I
RAD1	5	MANDRILLUS_SPHINX	I	I
RAD1	5	MICROCEBUS_GRISEORUFUS	I	I
RAD1	5	MICROCEBUS_MITTERMEIERI	I	I
RAD1	5	MICROCEBUS_MURINUS	I	I
RAD1	5	MICROCEBUS_RAVELOBENSIS	I	I
RAD1	5	MICROCEBUS_SP._3_GT-2019	PI	PI
RAD1	5	MICROCEBUS_TAVARATRA	I	I
RAD1	5	MIRZA_COQUERELI	I	I
RAD1	5	MIRZA_ZAZA	I	I
RAD1	5	NASALIS_LARVATUS	I	I
RAD1	5	NOMASCUS_LEUCOGENYS	I	I
RAD1	5	NYCTICEBUS_BENGALENSIS	I	I
RAD1	5	NYCTICEBUS_COUCANG	I	I
RAD1	5	OTOLEMUR_CRASSICAUDATUS	I	I
RAD1	5	OTOLEMUR_GARNETTII	I	I
RAD1	5	PAN_PANISCUS	I	I
RAD1	5	PAN_TROGLODYTES	I	I
RAD1	5	PAPIO_ANUBIS	I	I
RAD1	5	PAPIO_HAMADRYAS	I	I
RAD1	5	PAPIO_PAPIO	I	I
RAD1	5	PILIOCOLOBUS_TEPHROSCELES	I	I
RAD1	5	PITHECIA_MITTERMEIERI	I	I
RAD1	5	PITHECIA_PITHECIA	UL	I;UL
RAD1	5	PITHECIA_VANZOLINII	I	I
RAD1	5	PLECTUROCEBUS_BERNHARDI	I	I
RAD1	5	PLECTUROCEBUS_BRUNNEUS	I	I
RAD1	5	PLECTUROCEBUS_CALIGATUS	I	I
RAD1	5	PLECTUROCEBUS_CINERASCENS	I	I
RAD1	5	PLECTUROCEBUS_CUPREUS	I	I
RAD1	5	PLECTUROCEBUS_DONACOPHILUS	I	I
RAD1	5	PLECTUROCEBUS_DUBIUS	I	I
RAD1	5	PLECTUROCEBUS_GROVESI	I	I
RAD1	5	PLECTUROCEBUS_HOFFMANNSI	I	I
RAD1	5	PLECTUROCEBUS_MILTONI	I	I
RAD1	5	PLECTUROCEBUS_MOLOCH	I	I
RAD1	5	PONGO_ABELII	I	I
RAD1	5	PONGO_PYGMAEUS	I	I
RAD1	5	PROLEMUR_SIMUS	I	I
RAD1	5	PROPITHECUS_COQUERELI	I	I
RAD1	5	PYGATHRIX_NEMAEUS	I	I
RAD1	5	PYGATHRIX_NIGRIPES	I	I
RAD1	5	RHINOPITHECUS_BIETI	I	I
RAD1	5	RHINOPITHECUS_ROXELLANA	I	I
RAD1	5	RHINOPITHECUS_STRYKERI	I	I
RAD1	5	SAGUINUS_IMPERATOR	I	I
RAD1	5	SAGUINUS_MIDAS	I	I
RAD1	5	SAGUINUS_OEDIPUS	I	I
RAD1	5	SAIMIRI_BOLIVIENSIS	I	I
RAD1	5	SAIMIRI_BOLIVIENSIS_BOLIVIENSIS	I	I
RAD1	5	SAIMIRI_SCIUREUS	I	I
RAD1	5	SAPAJUS_APELLA	I	I
RAD1	5	SEMNOPITHECUS_ENTELLUS	I	I
RAD1	5	SYMPHALANGUS_SYNDACTYLUS	I	I
RAD1	5	THEROPITHECUS_GELADA	I	I
RAD1	5	TRACHYPITHECUS_FRANCOISI	I	I
RAD1	5	TRACHYPITHECUS_GERMAINI	I	I
RAD1	5	TRACHYPITHECUS_PHAYREI_CREPUSCULA	I	I
RAD1	5	VARECIA_VARIEGATA	I	I
RAD21	8	ALLENOPITHECUS_NIGROVIRIDIS	PI	PI
RAD21	8	ALLOCHROCEBUS_LHOESTI	I	I
RAD21	8	ALOUATTA_PALLIATA	PI	PI
RAD21	8	AOTUS_NANCYMAAE	I	I
RAD21	8	AOTUS_VOCIFERANS	I	I
RAD21	8	ATELES_BELZEBUTH	I	I
RAD21	8	ATELES_CHAMEK	I	I
RAD21	8	ATELES_GEOFFROYI	I	I
RAD21	8	ATELES_MARGINATUS	I	I
RAD21	8	ATELES_PANISCUS	I	I
RAD21	8	CACAJAO_AYRESI	I	I
RAD21	8	CACAJAO_CALVUS	I	I
RAD21	8	CACAJAO_HOSOMI	I	I
RAD21	8	CACAJAO_MELANOCEPHALUS	I	I
RAD21	8	CALLIMICO_GOELDII	I	I
RAD21	8	CALLITHRIX_JACCHUS	I	I
RAD21	8	CALLITHRIX_PENICILLATA	I	I
RAD21	8	CALLITHRIX_PYGMAEA	I	I
RAD21	8	CARLITO_SYRICHTA	I	I
RAD21	8	CEBUS_ALBIFRONS	I	I
RAD21	8	CEBUS_CAPUCINUS_IMITATOR	PI	PI
RAD21	8	CEPHALOPACHUS_BANCANUS	I	I
RAD21	8	CERCOCEBUS_ATYS	I	I
RAD21	8	CERCOPITHECUS_ALBOGULARIS	I	I
RAD21	8	CERCOPITHECUS_MONA	I	I
RAD21	8	CERCOPITHECUS_NEGLECTUS	I	I
RAD21	8	CHEIROGALEUS_MEDIUS	I	I
RAD21	8	CHERACEBUS_LUCIFER	I	I
RAD21	8	CHERACEBUS_LUGENS	I	I
RAD21	8	CHERACEBUS_REGULUS	I	I
RAD21	8	CHERACEBUS_TORQUATUS	I	I
RAD21	8	CHIROPOTES_ISRAELITA	I	I
RAD21	8	CHIROPOTES_SAGULATUS	I	I
RAD21	8	CHLOROCEBUS_AETHIOPS	I	I
RAD21	8	CHLOROCEBUS_SABAEUS	I	I
RAD21	8	COLOBUS_ANGOLENSIS_PALLIATUS	I	I
RAD21	8	COLOBUS_GUEREZA	I	I
RAD21	8	DAUBENTONIA_MADAGASCARIENSIS	I	I
RAD21	8	ERYTHROCEBUS_PATAS	I	I
RAD21	8	EULEMUR_FLAVIFRONS	PI	PI
RAD21	8	EULEMUR_FULVUS	I	I
RAD21	8	EULEMUR_FULVUS_COLLARIS	I	I
RAD21	8	EULEMUR_MACACO	PI	PI
RAD21	8	EULEMUR_MONGOZ	I	I
RAD21	8	GALAGO_MOHOLI	I	I
RAD21	8	GORILLA_BERINGEI	I	I
RAD21	8	GORILLA_GORILLA	I	I
RAD21	8	GORILLA_GORILLA_GORILLA	I	I
RAD21	8	HOOLOCK_LEUCONEDYS	I	I
RAD21	8	HYLOBATES_AGILIS	I	I
RAD21	8	HYLOBATES_MOLOCH	I	I
RAD21	8	HYLOBATES_PILEATUS	I	I
RAD21	8	INDRI_INDRI	I	I
RAD21	8	LAGOTHRIX_LAGOTRICHA	I	I
RAD21	8	LEMUR_CATTA	I	I
RAD21	8	LEONTOPITHECUS_CHRYSOMELAS	I	I
RAD21	8	LEONTOPITHECUS_ROSALIA	I	I
RAD21	8	LOPHOCEBUS_ATERRIMUS	I	I
RAD21	8	LORIS_TARDIGRADUS	I	I
RAD21	8	MACACA_ARCTOIDES	I	I
RAD21	8	MACACA_ASSAMENSIS	I	I
RAD21	8	MACACA_CYCLOPIS	I	I
RAD21	8	MACACA_FASCICULARIS	I	I
RAD21	8	MACACA_FUSCATA	I	I
RAD21	8	MACACA_LEONINA	I	I
RAD21	8	MACACA_MULATTA	I	I
RAD21	8	MACACA_NEMESTRINA	I	I
RAD21	8	MACACA_NIGRA	I	I
RAD21	8	MACACA_SILENUS	I	I
RAD21	8	MACACA_THIBETANA_THIBETANA	I	I
RAD21	8	MANDRILLUS_LEUCOPHAEUS	I	I
RAD21	8	MANDRILLUS_SPHINX	I	I
RAD21	8	MICROCEBUS_GRISEORUFUS	I	I
RAD21	8	MICROCEBUS_MITTERMEIERI	I	I
RAD21	8	MICROCEBUS_MURINUS	I	I
RAD21	8	MICROCEBUS_RAVELOBENSIS	I	I
RAD21	8	MICROCEBUS_SP._3_GT-2019	I	I
RAD21	8	MICROCEBUS_TAVARATRA	PI	PI
RAD21	8	MIRZA_COQUERELI	I	I
RAD21	8	MIRZA_ZAZA	I	I
RAD21	8	NASALIS_LARVATUS	PI	PI
RAD21	8	NOMASCUS_LEUCOGENYS	I	I
RAD21	8	NYCTICEBUS_BENGALENSIS	I	I
RAD21	8	NYCTICEBUS_COUCANG	I	I
RAD21	8	OTOLEMUR_CRASSICAUDATUS	UL	UL
RAD21	8	OTOLEMUR_GARNETTII	PI	PI
RAD21	8	PAN_PANISCUS	I	I
RAD21	8	PAN_TROGLODYTES	I	I
RAD21	8	PAPIO_ANUBIS	I	I
RAD21	8	PAPIO_HAMADRYAS	I	I
RAD21	8	PAPIO_PAPIO	I	I
RAD21	8	PILIOCOLOBUS_TEPHROSCELES	I	I
RAD21	8	PITHECIA_MITTERMEIERI	I	I
RAD21	8	PITHECIA_PITHECIA	I	I
RAD21	8	PITHECIA_VANZOLINII	I	I
RAD21	8	PLECTUROCEBUS_BERNHARDI	I	I
RAD21	8	PLECTUROCEBUS_BRUNNEUS	I	I
RAD21	8	PLECTUROCEBUS_CALIGATUS	I	I
RAD21	8	PLECTUROCEBUS_CINERASCENS	I	I
RAD21	8	PLECTUROCEBUS_CUPREUS	I	I
RAD21	8	PLECTUROCEBUS_DONACOPHILUS	I	I
RAD21	8	PLECTUROCEBUS_GROVESI	I	I
RAD21	8	PLECTUROCEBUS_HOFFMANNSI	I	I
RAD21	8	PLECTUROCEBUS_MILTONI	I	I
RAD21	8	PLECTUROCEBUS_MOLOCH	I	I
RAD21	8	PONGO_ABELII	I	I
RAD21	8	PONGO_PYGMAEUS	I	I
RAD21	8	PROLEMUR_SIMUS	I	I
RAD21	8	PROPITHECUS_COQUERELI	I	I
RAD21	8	PYGATHRIX_NEMAEUS	I	I
RAD21	8	PYGATHRIX_NIGRIPES	I	I
RAD21	8	RHINOPITHECUS_BIETI	UL	I;UL
RAD21	8	RHINOPITHECUS_ROXELLANA	I	I
RAD21	8	RHINOPITHECUS_STRYKERI	I	I
RAD21	8	SAGUINUS_IMPERATOR	I	I
RAD21	8	SAGUINUS_MIDAS	I	I
RAD21	8	SAGUINUS_OEDIPUS	I	I
RAD21	8	SAIMIRI_BOLIVIENSIS	PI	PI
RAD21	8	SAIMIRI_BOLIVIENSIS_BOLIVIENSIS	I	I
RAD21	8	SAIMIRI_SCIUREUS	PI	PI
RAD21	8	SAPAJUS_APELLA	I	I
RAD21	8	SEMNOPITHECUS_ENTELLUS	I	I
RAD21	8	SYMPHALANGUS_SYNDACTYLUS	I	I
RAD21	8	THEROPITHECUS_GELADA	I	I
RAD21	8	TRACHYPITHECUS_FRANCOISI	I	I
RAD21	8	TRACHYPITHECUS_GERMAINI	I	I
RAD21	8	TRACHYPITHECUS_PHAYREI_CREPUSCULA	I	I
RAD21	8	VARECIA_VARIEGATA	PI	PI
RAD21L1	20	ALLENOPITHECUS_NIGROVIRIDIS	I	I
RAD21L1	20	ALLOCHROCEBUS_LHOESTI	I	I
RAD21L1	20	ALOUATTA_PALLIATA	I	I
RAD21L1	20	AOTUS_NANCYMAAE	I	I
RAD21L1	20	AOTUS_VOCIFERANS	I	I
RAD21L1	20	ATELES_BELZEBUTH	I	I
RAD21L1	20	ATELES_CHAMEK	PI	PI
RAD21L1	20	ATELES_GEOFFROYI	I	I
RAD21L1	20	ATELES_MARGINATUS	I	I
RAD21L1	20	ATELES_PANISCUS	I	I
RAD21L1	20	CACAJAO_AYRESI	I	I
RAD21L1	20	CACAJAO_CALVUS	I	I
RAD21L1	20	CACAJAO_HOSOMI	I	I
RAD21L1	20	CACAJAO_MELANOCEPHALUS	I	I
RAD21L1	20	CALLIMICO_GOELDII	I	I
RAD21L1	20	CALLITHRIX_JACCHUS	I	I
RAD21L1	20	CALLITHRIX_PENICILLATA	PI	PI
RAD21L1	20	CALLITHRIX_PYGMAEA	I	I
RAD21L1	20	CARLITO_SYRICHTA	I	I
RAD21L1	20	CEBUS_ALBIFRONS	I	I
RAD21L1	20	CEBUS_CAPUCINUS_IMITATOR	I	I
RAD21L1	20	CEPHALOPACHUS_BANCANUS	I	I
RAD21L1	20	CERCOCEBUS_ATYS	I	I
RAD21L1	20	CERCOPITHECUS_ALBOGULARIS	I	I
RAD21L1	20	CERCOPITHECUS_MONA	I	I
RAD21L1	20	CERCOPITHECUS_NEGLECTUS	I	I
RAD21L1	20	CHEIROGALEUS_MEDIUS	I	I
RAD21L1	20	CHERACEBUS_LUCIFER	I	I
RAD21L1	20	CHERACEBUS_LUGENS	I	I
RAD21L1	20	CHERACEBUS_REGULUS	I	I
RAD21L1	20	CHERACEBUS_TORQUATUS	I	I
RAD21L1	20	CHIROPOTES_ISRAELITA	PI	PI
RAD21L1	20	CHIROPOTES_SAGULATUS	I	I
RAD21L1	20	CHLOROCEBUS_AETHIOPS	I	I
RAD21L1	20	CHLOROCEBUS_SABAEUS	I	I
RAD21L1	20	COLOBUS_ANGOLENSIS_PALLIATUS	I	I
RAD21L1	20	COLOBUS_GUEREZA	I	I
RAD21L1	20	DAUBENTONIA_MADAGASCARIENSIS	I	I
RAD21L1	20	ERYTHROCEBUS_PATAS	I	I
RAD21L1	20	EULEMUR_FLAVIFRONS	I	I
RAD21L1	20	EULEMUR_FULVUS	I	I
RAD21L1	20	EULEMUR_FULVUS_COLLARIS	I	I
RAD21L1	20	EULEMUR_MACACO	I	I
RAD21L1	20	EULEMUR_MONGOZ	I	I
RAD21L1	20	GALAGO_MOHOLI	I	I
RAD21L1	20	GALAGO_SENEGALENSIS	I	I
RAD21L1	20	GORILLA_BERINGEI	I	I
RAD21L1	20	GORILLA_GORILLA	I	I
RAD21L1	20	GORILLA_GORILLA_GORILLA	I	I
RAD21L1	20	HOOLOCK_LEUCONEDYS	I	I
RAD21L1	20	HYLOBATES_AGILIS	I	I
RAD21L1	20	HYLOBATES_MOLOCH	I	I
RAD21L1	20	HYLOBATES_PILEATUS	I	I
RAD21L1	20	INDRI_INDRI	I	I
RAD21L1	20	LAGOTHRIX_LAGOTRICHA	I	I
RAD21L1	20	LEMUR_CATTA	I	I
RAD21L1	20	LEONTOPITHECUS_CHRYSOMELAS	I	I
RAD21L1	20	LEONTOPITHECUS_ROSALIA	I	I
RAD21L1	20	LOPHOCEBUS_ATERRIMUS	I	I
RAD21L1	20	LORIS_TARDIGRADUS	I	I
RAD21L1	20	MACACA_ARCTOIDES	I	I
RAD21L1	20	MACACA_ASSAMENSIS	I	I
RAD21L1	20	MACACA_CYCLOPIS	I	I
RAD21L1	20	MACACA_FASCICULARIS	UL	I;UL
RAD21L1	20	MACACA_FUSCATA	I	I
RAD21L1	20	MACACA_LEONINA	I	I
RAD21L1	20	MACACA_MULATTA	UL	I;UL
RAD21L1	20	MACACA_NEMESTRINA	I	I
RAD21L1	20	MACACA_NIGRA	I	I
RAD21L1	20	MACACA_SILENUS	I	I
RAD21L1	20	MACACA_THIBETANA_THIBETANA	I	I
RAD21L1	20	MANDRILLUS_LEUCOPHAEUS	I	I
RAD21L1	20	MANDRILLUS_SPHINX	I	I
RAD21L1	20	MICROCEBUS_GRISEORUFUS	PI	PI
RAD21L1	20	MICROCEBUS_MURINUS	I	I
RAD21L1	20	MICROCEBUS_RAVELOBENSIS	PM	PM
RAD21L1	20	MICROCEBUS_SP._3_GT-2019	I	I
RAD21L1	20	MICROCEBUS_TAVARATRA	I	I
RAD21L1	20	MIRZA_COQUERELI	I	I
RAD21L1	20	MIRZA_ZAZA	I	I
RAD21L1	20	NASALIS_LARVATUS	I	I
RAD21L1	20	NOMASCUS_LEUCOGENYS	I	I
RAD21L1	20	NYCTICEBUS_BENGALENSIS	I	I
RAD21L1	20	NYCTICEBUS_COUCANG	I	I
RAD21L1	20	OTOLEMUR_CRASSICAUDATUS	I	I
RAD21L1	20	OTOLEMUR_GARNETTII	I	I
RAD21L1	20	PAN_PANISCUS	I	I
RAD21L1	20	PAN_TROGLODYTES	I	I
RAD21L1	20	PAPIO_ANUBIS	I	I
RAD21L1	20	PAPIO_HAMADRYAS	I	I
RAD21L1	20	PAPIO_PAPIO	I	I
RAD21L1	20	PILIOCOLOBUS_TEPHROSCELES	I	I
RAD21L1	20	PITHECIA_MITTERMEIERI	PI	PI
RAD21L1	20	PITHECIA_PITHECIA	I	I
RAD21L1	20	PITHECIA_VANZOLINII	PI	PI
RAD21L1	20	PLECTUROCEBUS_BERNHARDI	I	I
RAD21L1	20	PLECTUROCEBUS_BRUNNEUS	I	I
RAD21L1	20	PLECTUROCEBUS_CALIGATUS	I	I
RAD21L1	20	PLECTUROCEBUS_CINERASCENS	I	I
RAD21L1	20	PLECTUROCEBUS_CUPREUS	I	I
RAD21L1	20	PLECTUROCEBUS_DONACOPHILUS	I	I
RAD21L1	20	PLECTUROCEBUS_DUBIUS	I	I
RAD21L1	20	PLECTUROCEBUS_GROVESI	I	I
RAD21L1	20	PLECTUROCEBUS_HOFFMANNSI	I	I
RAD21L1	20	PLECTUROCEBUS_MILTONI	I	I
RAD21L1	20	PLECTUROCEBUS_MOLOCH	I	I
RAD21L1	20	PONGO_ABELII	I	I
RAD21L1	20	PONGO_PYGMAEUS	I	I
RAD21L1	20	PROLEMUR_SIMUS	I	I
RAD21L1	20	PROPITHECUS_COQUERELI	I	I
RAD21L1	20	PYGATHRIX_NEMAEUS	I	I
RAD21L1	20	PYGATHRIX_NIGRIPES	I	I
RAD21L1	20	RHINOPITHECUS_BIETI	I	I
RAD21L1	20	RHINOPITHECUS_ROXELLANA	I	I
RAD21L1	20	RHINOPITHECUS_STRYKERI	I	I
RAD21L1	20	SAGUINUS_IMPERATOR	I	I
RAD21L1	20	SAGUINUS_MIDAS	I	I
RAD21L1	20	SAGUINUS_OEDIPUS	I	I
RAD21L1	20	SAIMIRI_BOLIVIENSIS	I	I
RAD21L1	20	SAIMIRI_BOLIVIENSIS_BOLIVIENSIS	I	I
RAD21L1	20	SAIMIRI_SCIUREUS	I	I
RAD21L1	20	SAPAJUS_APELLA	I	I
RAD21L1	20	SEMNOPITHECUS_ENTELLUS	I	I
RAD21L1	20	SYMPHALANGUS_SYNDACTYLUS	I	I
RAD21L1	20	THEROPITHECUS_GELADA	I	I
RAD21L1	20	TRACHYPITHECUS_FRANCOISI	I	I
RAD21L1	20	TRACHYPITHECUS_GERMAINI	I	I
RAD21L1	20	TRACHYPITHECUS_PHAYREI_CREPUSCULA	I	I
RAD21L1	20	VARECIA_VARIEGATA	I	I
RAD50	5	ALLENOPITHECUS_NIGROVIRIDIS	I	I
RAD50	5	ALLOCHROCEBUS_LHOESTI	I	I
RAD50	5	ALOUATTA_PALLIATA	I	I
RAD50	5	AOTUS_NANCYMAAE	I	I
RAD50	5	AOTUS_VOCIFERANS	I	I
RAD50	5	ATELES_BELZEBUTH	PI	PI
RAD50	5	ATELES_GEOFFROYI	PI	PI
RAD50	5	ATELES_PANISCUS	PI	I;PI
RAD50	5	CACAJAO_AYRESI	I	I
RAD50	5	CACAJAO_CALVUS	I	I
RAD50	5	CACAJAO_MELANOCEPHALUS	I	I
RAD50	5	CALLIMICO_GOELDII	PI	PI
RAD50	5	CALLITHRIX_JACCHUS	I	I
RAD50	5	CALLITHRIX_PENICILLATA	I	I
RAD50	5	CALLITHRIX_PYGMAEA	I	I
RAD50	5	CARLITO_SYRICHTA	I	I
RAD50	5	CEBUS_ALBIFRONS	PI	I;PI
RAD50	5	CEBUS_CAPUCINUS_IMITATOR	I	I
RAD50	5	CEPHALOPACHUS_BANCANUS	I	I
RAD50	5	CERCOCEBUS_ATYS	UL	UL
RAD50	5	CERCOPITHECUS_ALBOGULARIS	I	I
RAD50	5	CERCOPITHECUS_MONA	I	I
RAD50	5	CERCOPITHECUS_NEGLECTUS	PI	PI
RAD50	5	CHEIROGALEUS_MEDIUS	I	I
RAD50	5	CHERACEBUS_LUCIFER	I	I
RAD50	5	CHERACEBUS_LUGENS	PI	PI
RAD50	5	CHERACEBUS_REGULUS	I	I
RAD50	5	CHIROPOTES_ISRAELITA	I	I
RAD50	5	CHLOROCEBUS_AETHIOPS	I	I
RAD50	5	CHLOROCEBUS_SABAEUS	I	I
RAD50	5	COLOBUS_ANGOLENSIS_PALLIATUS	I	I
RAD50	5	COLOBUS_GUEREZA	I	I
RAD50	5	DAUBENTONIA_MADAGASCARIENSIS	I	I
RAD50	5	ERYTHROCEBUS_PATAS	I	I
RAD50	5	EULEMUR_FLAVIFRONS	I	I
RAD50	5	EULEMUR_FULVUS	I	I
RAD50	5	EULEMUR_FULVUS_COLLARIS	I	I
RAD50	5	EULEMUR_MACACO	I	I
RAD50	5	EULEMUR_MONGOZ	I	I
RAD50	5	GALAGO_MOHOLI	I	I
RAD50	5	GORILLA_BERINGEI	I	I
RAD50	5	GORILLA_GORILLA	I	I
RAD50	5	GORILLA_GORILLA_GORILLA	I	I
RAD50	5	HOOLOCK_LEUCONEDYS	I	I
RAD50	5	HYLOBATES_AGILIS	M	M
RAD50	5	HYLOBATES_MOLOCH	I	I
RAD50	5	HYLOBATES_PILEATUS	I	I
RAD50	5	INDRI_INDRI	I	I
RAD50	5	LAGOTHRIX_LAGOTRICHA	PM	PM
RAD50	5	LEMUR_CATTA	I	I
RAD50	5	LEONTOPITHECUS_CHRYSOMELAS	I	I
RAD50	5	LEONTOPITHECUS_ROSALIA	I	I
RAD50	5	LOPHOCEBUS_ATERRIMUS	I	I
RAD50	5	LORIS_TARDIGRADUS	I	I
RAD50	5	MACACA_ARCTOIDES	I	I
RAD50	5	MACACA_ASSAMENSIS	I	I
RAD50	5	MACACA_CYCLOPIS	I	I
RAD50	5	MACACA_FASCICULARIS	I	I
RAD50	5	MACACA_FUSCATA	I	I
RAD50	5	MACACA_LEONINA	I	I
RAD50	5	MACACA_MULATTA	I	I
RAD50	5	MACACA_NEMESTRINA	I	I
RAD50	5	MACACA_NIGRA	UL	UL
RAD50	5	MACACA_SILENUS	I	I
RAD50	5	MACACA_THIBETANA_THIBETANA	I	I
RAD50	5	MANDRILLUS_LEUCOPHAEUS	I	I
RAD50	5	MANDRILLUS_SPHINX	I	I
RAD50	5	MICROCEBUS_GRISEORUFUS	I	I
RAD50	5	MICROCEBUS_MURINUS	I	I
RAD50	5	MICROCEBUS_SP._3_GT-2019	PI	PI
RAD50	5	MICROCEBUS_TAVARATRA	PI	PI
RAD50	5	MIRZA_COQUERELI	I	I
RAD50	5	MIRZA_ZAZA	I	I
RAD50	5	NASALIS_LARVATUS	I	I
RAD50	5	NOMASCUS_LEUCOGENYS	I	I
RAD50	5	NYCTICEBUS_BENGALENSIS	I	I
RAD50	5	NYCTICEBUS_COUCANG	I	I
RAD50	5	OTOLEMUR_CRASSICAUDATUS	PI	PI
RAD50	5	OTOLEMUR_GARNETTII	I	I
RAD50	5	PAN_PANISCUS	I	I
RAD50	5	PAN_TROGLODYTES	I	I
RAD50	5	PAPIO_ANUBIS	I	I
RAD50	5	PAPIO_HAMADRYAS	I	I
RAD50	5	PAPIO_PAPIO	I	I
RAD50	5	PILIOCOLOBUS_TEPHROSCELES	I	I
RAD50	5	PITHECIA_MITTERMEIERI	I	I
RAD50	5	PITHECIA_PITHECIA	I	I
RAD50	5	PITHECIA_VANZOLINII	I	I
RAD50	5	PLECTUROCEBUS_BRUNNEUS	I	I
RAD50	5	PLECTUROCEBUS_CALIGATUS	I	I
RAD50	5	PLECTUROCEBUS_CUPREUS	I	I
RAD50	5	PLECTUROCEBUS_DONACOPHILUS	I	I
RAD50	5	PLECTUROCEBUS_DUBIUS	I	I
RAD50	5	PLECTUROCEBUS_GROVESI	I	I
RAD50	5	PLECTUROCEBUS_HOFFMANNSI	I	I
RAD50	5	PLECTUROCEBUS_MOLOCH	I	I
RAD50	5	PONGO_ABELII	I	I
RAD50	5	PONGO_PYGMAEUS	I	I
RAD50	5	PROLEMUR_SIMUS	I	I
RAD50	5	PROPITHECUS_COQUERELI	UL	PI;UL
RAD50	5	PYGATHRIX_NEMAEUS	I	I
RAD50	5	PYGATHRIX_NIGRIPES	I	I
RAD50	5	RHINOPITHECUS_BIETI	UL	I;UL
RAD50	5	RHINOPITHECUS_ROXELLANA	I	I
RAD50	5	RHINOPITHECUS_STRYKERI	I	I
RAD50	5	SAGUINUS_IMPERATOR	I	I
RAD50	5	SAGUINUS_MIDAS	I	I
RAD50	5	SAGUINUS_OEDIPUS	I	I
RAD50	5	SAIMIRI_BOLIVIENSIS	UL	UL
RAD50	5	SAIMIRI_BOLIVIENSIS_BOLIVIENSIS	I	I
RAD50	5	SAIMIRI_SCIUREUS	PI	PI
RAD50	5	SAPAJUS_APELLA	I	I
RAD50	5	SEMNOPITHECUS_ENTELLUS	I	I
RAD50	5	SYMPHALANGUS_SYNDACTYLUS	I	I
RAD50	5	THEROPITHECUS_GELADA	I	I
RAD50	5	TRACHYPITHECUS_FRANCOISI	I	I
RAD50	5	TRACHYPITHECUS_GERMAINI	I	I
RAD50	5	TRACHYPITHECUS_PHAYREI_CREPUSCULA	I	I
RAD50	5	VARECIA_VARIEGATA	I	I
RAD51	15	ALLENOPITHECUS_NIGROVIRIDIS	I	I
RAD51	15	ALLOCHROCEBUS_LHOESTI	I	I
RAD51	15	ALOUATTA_PALLIATA	I	I
RAD51	15	AOTUS_NANCYMAAE	I	I
RAD51	15	AOTUS_VOCIFERANS	I	I
RAD51	15	ATELES_BELZEBUTH	PI	PI
RAD51	15	ATELES_CHAMEK	PI	PI
RAD51	15	ATELES_GEOFFROYI	I	I
RAD51	15	ATELES_MARGINATUS	UL	UL
RAD51	15	ATELES_PANISCUS	L	I;L
RAD51	15	CACAJAO_AYRESI	PI	PI
RAD51	15	CACAJAO_CALVUS	I	I
RAD51	15	CACAJAO_HOSOMI	PI	PI
RAD51	15	CACAJAO_MELANOCEPHALUS	I	I
RAD51	15	CALLIMICO_GOELDII	PI	PI
RAD51	15	CALLITHRIX_JACCHUS	I	I
RAD51	15	CALLITHRIX_PENICILLATA	PI	PI
RAD51	15	CALLITHRIX_PYGMAEA	PI	PI
RAD51	15	CARLITO_SYRICHTA	I	I
RAD51	15	CEBUS_ALBIFRONS	L	I;L
RAD51	15	CEBUS_CAPUCINUS_IMITATOR	I	I
RAD51	15	CEPHALOPACHUS_BANCANUS	I	I
RAD51	15	CERCOCEBUS_ATYS	UL	UL
RAD51	15	CERCOPITHECUS_ALBOGULARIS	I	I
RAD51	15	CERCOPITHECUS_MONA	I	I
RAD51	15	CERCOPITHECUS_NEGLECTUS	PI	PI
RAD51	15	CHEIROGALEUS_MEDIUS	I	I
RAD51	15	CHERACEBUS_LUCIFER	PI	PI
RAD51	15	CHERACEBUS_LUGENS	PI	PI
RAD51	15	CHERACEBUS_REGULUS	PI	PI
RAD51	15	CHERACEBUS_TORQUATUS	PI	PI
RAD51	15	CHIROPOTES_ISRAELITA	I	I
RAD51	15	CHIROPOTES_SAGULATUS	PI	PI
RAD51	15	CHLOROCEBUS_AETHIOPS	I	I
RAD51	15	CHLOROCEBUS_SABAEUS	I	I
RAD51	15	COLOBUS_ANGOLENSIS_PALLIATUS	I	I
RAD51	15	COLOBUS_GUEREZA	I	I
RAD51	15	DAUBENTONIA_MADAGASCARIENSIS	I	I
RAD51	15	ERYTHROCEBUS_PATAS	I	I
RAD51	15	EULEMUR_FLAVIFRONS	I	I
RAD51	15	EULEMUR_FULVUS	I	I
RAD51	15	EULEMUR_FULVUS_COLLARIS	I	I
RAD51	15	EULEMUR_MACACO	I	I
RAD51	15	EULEMUR_MONGOZ	I	I
RAD51	15	GALAGO_MOHOLI	I	I
RAD51	15	GALAGO_SENEGALENSIS	I	I
RAD51	15	GORILLA_BERINGEI	I	I
RAD51	15	GORILLA_GORILLA	I	I
RAD51	15	GORILLA_GORILLA_GORILLA	I	I
RAD51	15	HOOLOCK_LEUCONEDYS	UL	I;UL
RAD51	15	HYLOBATES_AGILIS	UL	UL
RAD51	15	HYLOBATES_MOLOCH	I	I
RAD51	15	HYLOBATES_PILEATUS	I	I
RAD51	15	INDRI_INDRI	I	I
RAD51	15	LAGOTHRIX_LAGOTRICHA	PI	PI
RAD51	15	LEMUR_CATTA	I	I
RAD51	15	LEONTOPITHECUS_CHRYSOMELAS	PI	PI
RAD51	15	LEONTOPITHECUS_ROSALIA	I	I
RAD51	15	LOPHOCEBUS_ATERRIMUS	I	I
RAD51	15	LORIS_TARDIGRADUS	I	I
RAD51	15	MACACA_ARCTOIDES	I	I
RAD51	15	MACACA_ASSAMENSIS	I	I
RAD51	15	MACACA_CYCLOPIS	I	I
RAD51	15	MACACA_FASCICULARIS	I	I
RAD51	15	MACACA_FUSCATA	I	I
RAD51	15	MACACA_LEONINA	I	I
RAD51	15	MACACA_MULATTA	I	I
RAD51	15	MACACA_NEMESTRINA	I	I
RAD51	15	MACACA_NIGRA	I	I
RAD51	15	MACACA_SILENUS	I	I
RAD51	15	MACACA_THIBETANA_THIBETANA	I	I
RAD51	15	MANDRILLUS_LEUCOPHAEUS	I	I
RAD51	15	MANDRILLUS_SPHINX	I	I
RAD51	15	MICROCEBUS_GRISEORUFUS	L	L
RAD51	15	MICROCEBUS_MITTERMEIERI	L	L
RAD51	15	MICROCEBUS_MURINUS	I	I
RAD51	15	MICROCEBUS_RAVELOBENSIS	I	I
RAD51	15	MICROCEBUS_SP._3_GT-2019	L	L
RAD51	15	MICROCEBUS_TAVARATRA	UL	UL
RAD51	15	MIRZA_COQUERELI	I	I
RAD51	15	MIRZA_ZAZA	I	I
RAD51	15	NASALIS_LARVATUS	L	L
RAD51	15	NOMASCUS_LEUCOGENYS	I	I
RAD51	15	NYCTICEBUS_BENGALENSIS	I	I
RAD51	15	NYCTICEBUS_COUCANG	I	I
RAD51	15	OTOLEMUR_CRASSICAUDATUS	UL	UL
RAD51	15	OTOLEMUR_GARNETTII	PI	PI
RAD51	15	PAN_PANISCUS	I	I
RAD51	15	PAN_TROGLODYTES	I	I
RAD51	15	PAPIO_ANUBIS	PI	PI
RAD51	15	PAPIO_HAMADRYAS	I	I
RAD51	15	PAPIO_PAPIO	PI	PI
RAD51	15	PILIOCOLOBUS_TEPHROSCELES	PI	PI
RAD51	15	PITHECIA_MITTERMEIERI	I	I
RAD51	15	PITHECIA_PITHECIA	PI	I;PI
RAD51	15	PITHECIA_VANZOLINII	I	I
RAD51	15	PLECTUROCEBUS_BERNHARDI	PI	PI
RAD51	15	PLECTUROCEBUS_BRUNNEUS	PI	PI
RAD51	15	PLECTUROCEBUS_CALIGATUS	PI	PI
RAD51	15	PLECTUROCEBUS_CINERASCENS	UL	UL
RAD51	15	PLECTUROCEBUS_CUPREUS	I	I
RAD51	15	PLECTUROCEBUS_DONACOPHILUS	UL	UL
RAD51	15	PLECTUROCEBUS_DUBIUS	L	L
RAD51	15	PLECTUROCEBUS_GROVESI	PI	PI
RAD51	15	PLECTUROCEBUS_HOFFMANNSI	PI	PI
RAD51	15	PLECTUROCEBUS_MILTONI	PI	PI
RAD51	15	PLECTUROCEBUS_MOLOCH	PI	PI
RAD51	15	PONGO_ABELII	I	I
RAD51	15	PONGO_PYGMAEUS	I	I
RAD51	15	PROLEMUR_SIMUS	I	I
RAD51	15	PROPITHECUS_COQUERELI	UL	PI;UL
RAD51	15	PYGATHRIX_NEMAEUS	I	I
RAD51	15	PYGATHRIX_NIGRIPES	I	I
RAD51	15	RHINOPITHECUS_BIETI	I	I
RAD51	15	RHINOPITHECUS_ROXELLANA	I	I
RAD51	15	RHINOPITHECUS_STRYKERI	I	I
RAD51	15	SAGUINUS_IMPERATOR	I	I
RAD51	15	SAGUINUS_MIDAS	I	I
RAD51	15	SAGUINUS_OEDIPUS	I	I
RAD51	15	SAIMIRI_BOLIVIENSIS	PI	PI
RAD51	15	SAIMIRI_BOLIVIENSIS_BOLIVIENSIS	I	I
RAD51	15	SAIMIRI_SCIUREUS	UL	UL
RAD51	15	SAPAJUS_APELLA	I	I
RAD51	15	SEMNOPITHECUS_ENTELLUS	L	L
RAD51	15	SYMPHALANGUS_SYNDACTYLUS	I	I
RAD51	15	THEROPITHECUS_GELADA	I	I
RAD51	15	TRACHYPITHECUS_FRANCOISI	I	I
RAD51	15	TRACHYPITHECUS_GERMAINI	I	I
RAD51	15	TRACHYPITHECUS_PHAYREI_CREPUSCULA	I	I
RAD51	15	VARECIA_VARIEGATA	I	I
RAD51AP1	12	ALLENOPITHECUS_NIGROVIRIDIS	I	I
RAD51AP1	12	ALLOCHROCEBUS_LHOESTI	I	I
RAD51AP1	12	ALOUATTA_PALLIATA	I	I
RAD51AP1	12	AOTUS_NANCYMAAE	I	I
RAD51AP1	12	AOTUS_VOCIFERANS	I	I
RAD51AP1	12	ATELES_BELZEBUTH	UL	UL
RAD51AP1	12	ATELES_CHAMEK	PI	PI
RAD51AP1	12	ATELES_GEOFFROYI	I	I
RAD51AP1	12	ATELES_MARGINATUS	PI	PI
RAD51AP1	12	ATELES_PANISCUS	PI	I;PI
RAD51AP1	12	CACAJAO_AYRESI	M	M
RAD51AP1	12	CACAJAO_CALVUS	UL	UL
RAD51AP1	12	CACAJAO_HOSOMI	M	M
RAD51AP1	12	CACAJAO_MELANOCEPHALUS	M	M
RAD51AP1	12	CALLIMICO_GOELDII	I	I
RAD51AP1	12	CALLITHRIX_JACCHUS	I	I
RAD51AP1	12	CALLITHRIX_PENICILLATA	M	M
RAD51AP1	12	CALLITHRIX_PYGMAEA	PI	PI
RAD51AP1	12	CARLITO_SYRICHTA	I	I
RAD51AP1	12	CEBUS_ALBIFRONS	I	I
RAD51AP1	12	CEBUS_CAPUCINUS_IMITATOR	I	I
RAD51AP1	12	CEPHALOPACHUS_BANCANUS	I	I
RAD51AP1	12	CERCOCEBUS_ATYS	I	I
RAD51AP1	12	CERCOPITHECUS_ALBOGULARIS	I	I
RAD51AP1	12	CERCOPITHECUS_MONA	I	I
RAD51AP1	12	CERCOPITHECUS_NEGLECTUS	I	I
RAD51AP1	12	CHEIROGALEUS_MEDIUS	I	I
RAD51AP1	12	CHERACEBUS_LUCIFER	I	I
RAD51AP1	12	CHERACEBUS_LUGENS	I	I
RAD51AP1	12	CHERACEBUS_REGULUS	I	I
RAD51AP1	12	CHERACEBUS_TORQUATUS	I	I
RAD51AP1	12	CHIROPOTES_SAGULATUS	M	M
RAD51AP1	12	CHLOROCEBUS_AETHIOPS	I	I
RAD51AP1	12	CHLOROCEBUS_SABAEUS	I	I
RAD51AP1	12	COLOBUS_ANGOLENSIS_PALLIATUS	I	I
RAD51AP1	12	COLOBUS_GUEREZA	I	I
RAD51AP1	12	DAUBENTONIA_MADAGASCARIENSIS	I	I
RAD51AP1	12	ERYTHROCEBUS_PATAS	I	I
RAD51AP1	12	EULEMUR_FLAVIFRONS	UL	UL
RAD51AP1	12	EULEMUR_FULVUS	UL	UL
RAD51AP1	12	EULEMUR_FULVUS_COLLARIS	UL	UL
RAD51AP1	12	EULEMUR_MACACO	UL	UL
RAD51AP1	12	EULEMUR_MONGOZ	UL	UL
RAD51AP1	12	GALAGO_MOHOLI	I	I
RAD51AP1	12	GALAGO_SENEGALENSIS	I	I
RAD51AP1	12	GORILLA_BERINGEI	I	I
RAD51AP1	12	GORILLA_GORILLA	I	I
RAD51AP1	12	GORILLA_GORILLA_GORILLA	I	I
RAD51AP1	12	HOOLOCK_LEUCONEDYS	I	I
RAD51AP1	12	HYLOBATES_AGILIS	I	I
RAD51AP1	12	HYLOBATES_MOLOCH	I	I
RAD51AP1	12	HYLOBATES_PILEATUS	I	I
RAD51AP1	12	INDRI_INDRI	I	I
RAD51AP1	12	LAGOTHRIX_LAGOTRICHA	I	I
RAD51AP1	12	LEMUR_CATTA	UL	UL
RAD51AP1	12	LEONTOPITHECUS_CHRYSOMELAS	I	I
RAD51AP1	12	LEONTOPITHECUS_ROSALIA	I	I
RAD51AP1	12	LOPHOCEBUS_ATERRIMUS	I	I
RAD51AP1	12	LORIS_TARDIGRADUS	I	I
RAD51AP1	12	MACACA_ARCTOIDES	I	I
RAD51AP1	12	MACACA_ASSAMENSIS	I	I
RAD51AP1	12	MACACA_CYCLOPIS	I	I
RAD51AP1	12	MACACA_FASCICULARIS	I	I
RAD51AP1	12	MACACA_FUSCATA	I	I
RAD51AP1	12	MACACA_LEONINA	I	I
RAD51AP1	12	MACACA_MULATTA	I	I
RAD51AP1	12	MACACA_NEMESTRINA	I	I
RAD51AP1	12	MACACA_NIGRA	I	I
RAD51AP1	12	MACACA_SILENUS	I	I
RAD51AP1	12	MACACA_THIBETANA_THIBETANA	I	I
RAD51AP1	12	MANDRILLUS_LEUCOPHAEUS	I	I
RAD51AP1	12	MANDRILLUS_SPHINX	I	I
RAD51AP1	12	MICROCEBUS_GRISEORUFUS	I	I
RAD51AP1	12	MICROCEBUS_MITTERMEIERI	PM	PM
RAD51AP1	12	MICROCEBUS_MURINUS	I	I
RAD51AP1	12	MICROCEBUS_RAVELOBENSIS	I	I
RAD51AP1	12	MICROCEBUS_SP._3_GT-2019	I	I
RAD51AP1	12	MICROCEBUS_TAVARATRA	PI	PI
RAD51AP1	12	MIRZA_COQUERELI	I	I
RAD51AP1	12	MIRZA_ZAZA	I	I
RAD51AP1	12	NASALIS_LARVATUS	I	I
RAD51AP1	12	NOMASCUS_LEUCOGENYS	I	I
RAD51AP1	12	NYCTICEBUS_BENGALENSIS	I	I
RAD51AP1	12	NYCTICEBUS_COUCANG	I	I
RAD51AP1	12	OTOLEMUR_CRASSICAUDATUS	I	I
RAD51AP1	12	OTOLEMUR_GARNETTII	I	I
RAD51AP1	12	PAN_PANISCUS	I	I
RAD51AP1	12	PAN_TROGLODYTES	I	I
RAD51AP1	12	PAPIO_ANUBIS	I	I
RAD51AP1	12	PAPIO_HAMADRYAS	I	I
RAD51AP1	12	PAPIO_PAPIO	I	I
RAD51AP1	12	PILIOCOLOBUS_TEPHROSCELES	I	I
RAD51AP1	12	PITHECIA_MITTERMEIERI	M	M
RAD51AP1	12	PITHECIA_PITHECIA	PI	I;PI
RAD51AP1	12	PITHECIA_VANZOLINII	M	M
RAD51AP1	12	PLECTUROCEBUS_BERNHARDI	I	I
RAD51AP1	12	PLECTUROCEBUS_BRUNNEUS	I	I
RAD51AP1	12	PLECTUROCEBUS_CALIGATUS	I	I
RAD51AP1	12	PLECTUROCEBUS_CINERASCENS	I	I
RAD51AP1	12	PLECTUROCEBUS_CUPREUS	I	I
RAD51AP1	12	PLECTUROCEBUS_DONACOPHILUS	I	I
RAD51AP1	12	PLECTUROCEBUS_DUBIUS	I	I
RAD51AP1	12	PLECTUROCEBUS_GROVESI	I	I
RAD51AP1	12	PLECTUROCEBUS_HOFFMANNSI	I	I
RAD51AP1	12	PLECTUROCEBUS_MILTONI	I	I
RAD51AP1	12	PLECTUROCEBUS_MOLOCH	I	I
RAD51AP1	12	PONGO_ABELII	I	I
RAD51AP1	12	PONGO_PYGMAEUS	I	I
RAD51AP1	12	PROLEMUR_SIMUS	UL	UL
RAD51AP1	12	PROPITHECUS_COQUERELI	PI	PI
RAD51AP1	12	PYGATHRIX_NEMAEUS	I	I
RAD51AP1	12	PYGATHRIX_NIGRIPES	I	I
RAD51AP1	12	RHINOPITHECUS_BIETI	UL	I;UL
RAD51AP1	12	RHINOPITHECUS_ROXELLANA	I	I
RAD51AP1	12	RHINOPITHECUS_STRYKERI	I	I
RAD51AP1	12	SAGUINUS_IMPERATOR	I	I
RAD51AP1	12	SAGUINUS_MIDAS	I	I
RAD51AP1	12	SAGUINUS_OEDIPUS	I	I
RAD51AP1	12	SAIMIRI_BOLIVIENSIS	I	I
RAD51AP1	12	SAIMIRI_BOLIVIENSIS_BOLIVIENSIS	I	I
RAD51AP1	12	SAIMIRI_SCIUREUS	I	I
RAD51AP1	12	SAPAJUS_APELLA	I	I
RAD51AP1	12	SEMNOPITHECUS_ENTELLUS	I	I
RAD51AP1	12	SYMPHALANGUS_SYNDACTYLUS	I	I
RAD51AP1	12	THEROPITHECUS_GELADA	I	I
RAD51AP1	12	TRACHYPITHECUS_FRANCOISI	I	I
RAD51AP1	12	TRACHYPITHECUS_GERMAINI	I	I
RAD51AP1	12	TRACHYPITHECUS_PHAYREI_CREPUSCULA	I	I
RAD51AP1	12	VARECIA_VARIEGATA	UL	UL
RAD51AP2	2	ALLENOPITHECUS_NIGROVIRIDIS	I	I
RAD51AP2	2	ALLOCHROCEBUS_LHOESTI	I	I
RAD51AP2	2	ALOUATTA_PALLIATA	I	I
RAD51AP2	2	AOTUS_NANCYMAAE	I	I
RAD51AP2	2	AOTUS_VOCIFERANS	I	I
RAD51AP2	2	ATELES_BELZEBUTH	I	I
RAD51AP2	2	ATELES_CHAMEK	I	I
RAD51AP2	2	ATELES_GEOFFROYI	I	I
RAD51AP2	2	ATELES_MARGINATUS	I	I
RAD51AP2	2	ATELES_PANISCUS	I	I
RAD51AP2	2	CACAJAO_AYRESI	I	I
RAD51AP2	2	CACAJAO_CALVUS	I	I
RAD51AP2	2	CACAJAO_HOSOMI	I	I
RAD51AP2	2	CACAJAO_MELANOCEPHALUS	I	I
RAD51AP2	2	CALLIMICO_GOELDII	I	I
RAD51AP2	2	CALLITHRIX_JACCHUS	I	I
RAD51AP2	2	CALLITHRIX_PENICILLATA	I	I
RAD51AP2	2	CALLITHRIX_PYGMAEA	I	I
RAD51AP2	2	CARLITO_SYRICHTA	I	I
RAD51AP2	2	CEBUS_ALBIFRONS	I	I
RAD51AP2	2	CEBUS_CAPUCINUS_IMITATOR	I	I
RAD51AP2	2	CEPHALOPACHUS_BANCANUS	I	I
RAD51AP2	2	CERCOCEBUS_ATYS	I	I
RAD51AP2	2	CERCOPITHECUS_ALBOGULARIS	I	I
RAD51AP2	2	CERCOPITHECUS_MONA	I	I
RAD51AP2	2	CERCOPITHECUS_NEGLECTUS	L	L
RAD51AP2	2	CHEIROGALEUS_MEDIUS	I	I
RAD51AP2	2	CHERACEBUS_LUCIFER	I	I
RAD51AP2	2	CHERACEBUS_LUGENS	I	I
RAD51AP2	2	CHERACEBUS_REGULUS	I	I
RAD51AP2	2	CHERACEBUS_TORQUATUS	I	I
RAD51AP2	2	CHIROPOTES_ISRAELITA	I	I
RAD51AP2	2	CHIROPOTES_SAGULATUS	I	I
RAD51AP2	2	CHLOROCEBUS_AETHIOPS	I	I
RAD51AP2	2	CHLOROCEBUS_SABAEUS	I	I
RAD51AP2	2	COLOBUS_ANGOLENSIS_PALLIATUS	I	I
RAD51AP2	2	COLOBUS_GUEREZA	I	I
RAD51AP2	2	DAUBENTONIA_MADAGASCARIENSIS	I	I
RAD51AP2	2	ERYTHROCEBUS_PATAS	I	I
RAD51AP2	2	EULEMUR_FLAVIFRONS	I	I
RAD51AP2	2	EULEMUR_FULVUS	M	M
RAD51AP2	2	EULEMUR_FULVUS_COLLARIS	I	I
RAD51AP2	2	EULEMUR_MACACO	I	I
RAD51AP2	2	EULEMUR_MONGOZ	I	I
RAD51AP2	2	GALAGO_MOHOLI	I	I
RAD51AP2	2	GALAGO_SENEGALENSIS	I	I
RAD51AP2	2	GORILLA_BERINGEI	I	I
RAD51AP2	2	GORILLA_GORILLA	I	I
RAD51AP2	2	GORILLA_GORILLA_GORILLA	I	I
RAD51AP2	2	HOOLOCK_LEUCONEDYS	I	I
RAD51AP2	2	HYLOBATES_AGILIS	I	I
RAD51AP2	2	HYLOBATES_MOLOCH	I	I
RAD51AP2	2	HYLOBATES_PILEATUS	I	I
RAD51AP2	2	INDRI_INDRI	I	I
RAD51AP2	2	LAGOTHRIX_LAGOTRICHA	I	I
RAD51AP2	2	LEMUR_CATTA	I	I
RAD51AP2	2	LEONTOPITHECUS_CHRYSOMELAS	I	I
RAD51AP2	2	LEONTOPITHECUS_ROSALIA	I	I
RAD51AP2	2	LOPHOCEBUS_ATERRIMUS	UL	UL
RAD51AP2	2	LORIS_TARDIGRADUS	I	I
RAD51AP2	2	MACACA_ARCTOIDES	I	I
RAD51AP2	2	MACACA_ASSAMENSIS	I	I
RAD51AP2	2	MACACA_CYCLOPIS	I	I
RAD51AP2	2	MACACA_FASCICULARIS	L	I;L
RAD51AP2	2	MACACA_FUSCATA	I	I
RAD51AP2	2	MACACA_LEONINA	I	I
RAD51AP2	2	MACACA_MULATTA	I	I
RAD51AP2	2	MACACA_NEMESTRINA	I	I
RAD51AP2	2	MACACA_NIGRA	UL	UL
RAD51AP2	2	MACACA_SILENUS	I	I
RAD51AP2	2	MACACA_THIBETANA_THIBETANA	I	I
RAD51AP2	2	MANDRILLUS_LEUCOPHAEUS	I	I
RAD51AP2	2	MANDRILLUS_SPHINX	I	I
RAD51AP2	2	MICROCEBUS_GRISEORUFUS	I	I
RAD51AP2	2	MICROCEBUS_MITTERMEIERI	I	I
RAD51AP2	2	MICROCEBUS_MURINUS	I	I
RAD51AP2	2	MICROCEBUS_RAVELOBENSIS	I	I
RAD51AP2	2	MICROCEBUS_SP._3_GT-2019	I	I
RAD51AP2	2	MICROCEBUS_TAVARATRA	I	I
RAD51AP2	2	MIRZA_COQUERELI	I	I
RAD51AP2	2	MIRZA_ZAZA	I	I
RAD51AP2	2	NASALIS_LARVATUS	I	I
RAD51AP2	2	NOMASCUS_LEUCOGENYS	I	I
RAD51AP2	2	NYCTICEBUS_BENGALENSIS	I	I
RAD51AP2	2	NYCTICEBUS_COUCANG	I	I
RAD51AP2	2	OTOLEMUR_CRASSICAUDATUS	I	I
RAD51AP2	2	OTOLEMUR_GARNETTII	M	M
RAD51AP2	2	PAN_PANISCUS	I	I
RAD51AP2	2	PAN_TROGLODYTES	I	I
RAD51AP2	2	PAPIO_ANUBIS	I	I
RAD51AP2	2	PAPIO_HAMADRYAS	I	I
RAD51AP2	2	PAPIO_PAPIO	I	I
RAD51AP2	2	PILIOCOLOBUS_TEPHROSCELES	I	I
RAD51AP2	2	PITHECIA_MITTERMEIERI	I	I
RAD51AP2	2	PITHECIA_PITHECIA	I	I
RAD51AP2	2	PITHECIA_VANZOLINII	I	I
RAD51AP2	2	PLECTUROCEBUS_BERNHARDI	I	I
RAD51AP2	2	PLECTUROCEBUS_BRUNNEUS	I	I
RAD51AP2	2	PLECTUROCEBUS_CALIGATUS	I	I
RAD51AP2	2	PLECTUROCEBUS_CINERASCENS	I	I
RAD51AP2	2	PLECTUROCEBUS_CUPREUS	I	I
RAD51AP2	2	PLECTUROCEBUS_DONACOPHILUS	I	I
RAD51AP2	2	PLECTUROCEBUS_DUBIUS	I	I
RAD51AP2	2	PLECTUROCEBUS_GROVESI	I	I
RAD51AP2	2	PLECTUROCEBUS_HOFFMANNSI	I	I
RAD51AP2	2	PLECTUROCEBUS_MILTONI	I	I
RAD51AP2	2	PLECTUROCEBUS_MOLOCH	I	I
RAD51AP2	2	PONGO_ABELII	I	I
RAD51AP2	2	PONGO_PYGMAEUS	I	I
RAD51AP2	2	PROLEMUR_SIMUS	I	I
RAD51AP2	2	PROPITHECUS_COQUERELI	M	M
RAD51AP2	2	PYGATHRIX_NEMAEUS	I	I
RAD51AP2	2	PYGATHRIX_NIGRIPES	UL	UL
RAD51AP2	2	RHINOPITHECUS_BIETI	I	I
RAD51AP2	2	RHINOPITHECUS_ROXELLANA	I	I
RAD51AP2	2	RHINOPITHECUS_STRYKERI	I	I
RAD51AP2	2	SAGUINUS_IMPERATOR	I	I
RAD51AP2	2	SAGUINUS_MIDAS	UL	UL
RAD51AP2	2	SAGUINUS_OEDIPUS	I	I
RAD51AP2	2	SAIMIRI_BOLIVIENSIS	I	I
RAD51AP2	2	SAIMIRI_BOLIVIENSIS_BOLIVIENSIS	I	I
RAD51AP2	2	SAIMIRI_SCIUREUS	I	I
RAD51AP2	2	SAPAJUS_APELLA	I	I
RAD51AP2	2	SEMNOPITHECUS_ENTELLUS	I	I
RAD51AP2	2	SYMPHALANGUS_SYNDACTYLUS	I	I
RAD51AP2	2	THEROPITHECUS_GELADA	I	I
RAD51AP2	2	TRACHYPITHECUS_FRANCOISI	I	I
RAD51AP2	2	TRACHYPITHECUS_GERMAINI	I	I
RAD51AP2	2	TRACHYPITHECUS_PHAYREI_CREPUSCULA	I	I
RAD51AP2	2	VARECIA_VARIEGATA	I	I
RAD51B	14	ALLENOPITHECUS_NIGROVIRIDIS	I	I
RAD51B	14	ALLOCHROCEBUS_LHOESTI	I	I
RAD51B	14	ALOUATTA_PALLIATA	I	I
RAD51B	14	AOTUS_NANCYMAAE	I	I
RAD51B	14	AOTUS_VOCIFERANS	I	I
RAD51B	14	ATELES_BELZEBUTH	PI	PI
RAD51B	14	ATELES_CHAMEK	PI	PI
RAD51B	14	ATELES_GEOFFROYI	I	I
RAD51B	14	ATELES_MARGINATUS	PI	PI
RAD51B	14	ATELES_PANISCUS	PI	I;PI
RAD51B	14	CACAJAO_AYRESI	PI	PI
RAD51B	14	CACAJAO_CALVUS	I	I
RAD51B	14	CACAJAO_HOSOMI	I	I
RAD51B	14	CACAJAO_MELANOCEPHALUS	PI	PI
RAD51B	14	CALLIMICO_GOELDII	PI	PI
RAD51B	14	CALLITHRIX_JACCHUS	I	I
RAD51B	14	CALLITHRIX_PENICILLATA	I	I
RAD51B	14	CALLITHRIX_PYGMAEA	I	I
RAD51B	14	CARLITO_SYRICHTA	PI	PI
RAD51B	14	CEBUS_ALBIFRONS	PI	I;PI
RAD51B	14	CEBUS_CAPUCINUS_IMITATOR	I	I
RAD51B	14	CEPHALOPACHUS_BANCANUS	I	I
RAD51B	14	CERCOCEBUS_ATYS	I	I
RAD51B	14	CERCOPITHECUS_ALBOGULARIS	I	I
RAD51B	14	CERCOPITHECUS_MONA	I	I
RAD51B	14	CERCOPITHECUS_NEGLECTUS	PI	PI
RAD51B	14	CHEIROGALEUS_MEDIUS	I	I
RAD51B	14	CHERACEBUS_LUCIFER	PI	PI
RAD51B	14	CHERACEBUS_LUGENS	I	I
RAD51B	14	CHERACEBUS_REGULUS	PI	PI
RAD51B	14	CHERACEBUS_TORQUATUS	I	I
RAD51B	14	CHIROPOTES_ISRAELITA	I	I
RAD51B	14	CHIROPOTES_SAGULATUS	I	I
RAD51B	14	CHLOROCEBUS_AETHIOPS	I	I
RAD51B	14	CHLOROCEBUS_SABAEUS	I	I
RAD51B	14	COLOBUS_ANGOLENSIS_PALLIATUS	I	I
RAD51B	14	COLOBUS_GUEREZA	I	I
RAD51B	14	DAUBENTONIA_MADAGASCARIENSIS	I	I
RAD51B	14	ERYTHROCEBUS_PATAS	I	I
RAD51B	14	EULEMUR_FLAVIFRONS	PI	I;PI
RAD51B	14	EULEMUR_FULVUS	PI	PI
RAD51B	14	EULEMUR_FULVUS_COLLARIS	UL	UL
RAD51B	14	EULEMUR_MACACO	PI	PI
RAD51B	14	EULEMUR_MONGOZ	I	I
RAD51B	14	GALAGO_MOHOLI	I	I
RAD51B	14	GALAGO_SENEGALENSIS	PM	PM
RAD51B	14	GORILLA_BERINGEI	I	I
RAD51B	14	GORILLA_GORILLA	I	I
RAD51B	14	GORILLA_GORILLA_GORILLA	I	I
RAD51B	14	HOOLOCK_LEUCONEDYS	I	I
RAD51B	14	HYLOBATES_AGILIS	I	I
RAD51B	14	HYLOBATES_MOLOCH	I	I
RAD51B	14	HYLOBATES_PILEATUS	I	I
RAD51B	14	INDRI_INDRI	PI	PI
RAD51B	14	LAGOTHRIX_LAGOTRICHA	PI	PI
RAD51B	14	LEMUR_CATTA	I	I
RAD51B	14	LEONTOPITHECUS_CHRYSOMELAS	I	I
RAD51B	14	LEONTOPITHECUS_ROSALIA	PI	PI
RAD51B	14	LOPHOCEBUS_ATERRIMUS	I	I
RAD51B	14	LORIS_TARDIGRADUS	I	I
RAD51B	14	MACACA_ARCTOIDES	I	I
RAD51B	14	MACACA_ASSAMENSIS	I	I
RAD51B	14	MACACA_CYCLOPIS	I	I
RAD51B	14	MACACA_FASCICULARIS	I	I
RAD51B	14	MACACA_FUSCATA	I	I
RAD51B	14	MACACA_LEONINA	I	I
RAD51B	14	MACACA_MULATTA	I	I
RAD51B	14	MACACA_NEMESTRINA	I	I
RAD51B	14	MACACA_NIGRA	I	I
RAD51B	14	MACACA_SILENUS	I	I
RAD51B	14	MACACA_THIBETANA_THIBETANA	I	I
RAD51B	14	MANDRILLUS_LEUCOPHAEUS	I	I
RAD51B	14	MANDRILLUS_SPHINX	UL	I;UL
RAD51B	14	MICROCEBUS_GRISEORUFUS	I	I
RAD51B	14	MICROCEBUS_MITTERMEIERI	PI	PI
RAD51B	14	MICROCEBUS_MURINUS	I	I
RAD51B	14	MICROCEBUS_RAVELOBENSIS	PI	PI
RAD51B	14	MICROCEBUS_SP._3_GT-2019	PI	PI
RAD51B	14	MICROCEBUS_TAVARATRA	PI	PI
RAD51B	14	MIRZA_COQUERELI	I	I
RAD51B	14	MIRZA_ZAZA	I	I
RAD51B	14	NASALIS_LARVATUS	PI	PI
RAD51B	14	NOMASCUS_LEUCOGENYS	I	I
RAD51B	14	NYCTICEBUS_BENGALENSIS	I	I
RAD51B	14	NYCTICEBUS_COUCANG	PI	I;PI
RAD51B	14	OTOLEMUR_CRASSICAUDATUS	I	I
RAD51B	14	OTOLEMUR_GARNETTII	I	I
RAD51B	14	PAN_PANISCUS	I	I
RAD51B	14	PAN_TROGLODYTES	I	I
RAD51B	14	PAPIO_ANUBIS	I	I
RAD51B	14	PAPIO_HAMADRYAS	I	I
RAD51B	14	PAPIO_PAPIO	I	I
RAD51B	14	PILIOCOLOBUS_TEPHROSCELES	I	I
RAD51B	14	PITHECIA_MITTERMEIERI	PI	PI
RAD51B	14	PITHECIA_PITHECIA	I	I
RAD51B	14	PITHECIA_VANZOLINII	PI	PI
RAD51B	14	PLECTUROCEBUS_BERNHARDI	I	I
RAD51B	14	PLECTUROCEBUS_BRUNNEUS	I	I
RAD51B	14	PLECTUROCEBUS_CALIGATUS	I	I
RAD51B	14	PLECTUROCEBUS_CINERASCENS	PI	PI
RAD51B	14	PLECTUROCEBUS_CUPREUS	I	I
RAD51B	14	PLECTUROCEBUS_DONACOPHILUS	PI	PI
RAD51B	14	PLECTUROCEBUS_DUBIUS	PI	PI
RAD51B	14	PLECTUROCEBUS_GROVESI	PI	PI
RAD51B	14	PLECTUROCEBUS_HOFFMANNSI	PI	PI
RAD51B	14	PLECTUROCEBUS_MILTONI	I	I
RAD51B	14	PLECTUROCEBUS_MOLOCH	PI	PI
RAD51B	14	PONGO_ABELII	I	I
RAD51B	14	PONGO_PYGMAEUS	I	I
RAD51B	14	PROLEMUR_SIMUS	I	I
RAD51B	14	PROPITHECUS_COQUERELI	PI	PI
RAD51B	14	PYGATHRIX_NEMAEUS	PI	PI
RAD51B	14	PYGATHRIX_NIGRIPES	I	I
RAD51B	14	RHINOPITHECUS_BIETI	I	I
RAD51B	14	RHINOPITHECUS_ROXELLANA	I	I
RAD51B	14	RHINOPITHECUS_STRYKERI	I	I
RAD51B	14	SAGUINUS_IMPERATOR	I	I
RAD51B	14	SAGUINUS_MIDAS	I	I
RAD51B	14	SAGUINUS_OEDIPUS	I	I
RAD51B	14	SAIMIRI_BOLIVIENSIS	PI	PI
RAD51B	14	SAIMIRI_BOLIVIENSIS_BOLIVIENSIS	I	I
RAD51B	14	SAIMIRI_SCIUREUS	PM	PM
RAD51B	14	SAPAJUS_APELLA	I	I
RAD51B	14	SEMNOPITHECUS_ENTELLUS	PI	PI
RAD51B	14	SYMPHALANGUS_SYNDACTYLUS	I	I
RAD51B	14	THEROPITHECUS_GELADA	I	I
RAD51B	14	TRACHYPITHECUS_FRANCOISI	I	I
RAD51B	14	TRACHYPITHECUS_GERMAINI	I	I
RAD51B	14	TRACHYPITHECUS_PHAYREI_CREPUSCULA	I	I
RAD51B	14	VARECIA_VARIEGATA	PI	PI
RAD51C	17	ALLENOPITHECUS_NIGROVIRIDIS	I	I
RAD51C	17	ALLOCHROCEBUS_LHOESTI	I	I
RAD51C	17	ALOUATTA_PALLIATA	L	L
RAD51C	17	AOTUS_NANCYMAAE	I	I
RAD51C	17	AOTUS_VOCIFERANS	I	I
RAD51C	17	ATELES_BELZEBUTH	PI	PI
RAD51C	17	ATELES_CHAMEK	I	I
RAD51C	17	ATELES_GEOFFROYI	PI	PI
RAD51C	17	ATELES_PANISCUS	L	I;L
RAD51C	17	CACAJAO_AYRESI	I	I
RAD51C	17	CACAJAO_CALVUS	I	I
RAD51C	17	CACAJAO_HOSOMI	I	I
RAD51C	17	CACAJAO_MELANOCEPHALUS	I	I
RAD51C	17	CALLIMICO_GOELDII	L	L
RAD51C	17	CALLITHRIX_JACCHUS	I	I
RAD51C	17	CALLITHRIX_PENICILLATA	PI	PI
RAD51C	17	CALLITHRIX_PYGMAEA	UL	UL
RAD51C	17	CARLITO_SYRICHTA	I	I
RAD51C	17	CEBUS_ALBIFRONS	PI	I;PI
RAD51C	17	CEBUS_CAPUCINUS_IMITATOR	PI	PI
RAD51C	17	CEPHALOPACHUS_BANCANUS	I	I
RAD51C	17	CERCOCEBUS_ATYS	I	I
RAD51C	17	CERCOPITHECUS_ALBOGULARIS	I	I
RAD51C	17	CERCOPITHECUS_MONA	I	I
RAD51C	17	CERCOPITHECUS_NEGLECTUS	PI	PI
RAD51C	17	CHEIROGALEUS_MEDIUS	UL	UL
RAD51C	17	CHERACEBUS_LUCIFER	PI	PI
RAD51C	17	CHERACEBUS_LUGENS	I	I
RAD51C	17	CHERACEBUS_REGULUS	I	I
RAD51C	17	CHERACEBUS_TORQUATUS	I	I
RAD51C	17	CHIROPOTES_ISRAELITA	I	I
RAD51C	17	CHIROPOTES_SAGULATUS	I	I
RAD51C	17	CHLOROCEBUS_AETHIOPS	I	I
RAD51C	17	CHLOROCEBUS_SABAEUS	I	I
RAD51C	17	COLOBUS_ANGOLENSIS_PALLIATUS	PI	PI
RAD51C	17	COLOBUS_GUEREZA	I	I
RAD51C	17	DAUBENTONIA_MADAGASCARIENSIS	I	I
RAD51C	17	ERYTHROCEBUS_PATAS	I	I
RAD51C	17	EULEMUR_FLAVIFRONS	I	I
RAD51C	17	EULEMUR_FULVUS	I	I
RAD51C	17	EULEMUR_FULVUS_COLLARIS	I	I
RAD51C	17	EULEMUR_MACACO	I	I
RAD51C	17	EULEMUR_MONGOZ	I	I
RAD51C	17	GALAGO_MOHOLI	PI	PI
RAD51C	17	GALAGO_SENEGALENSIS	I	I
RAD51C	17	GORILLA_BERINGEI	I	I
RAD51C	17	GORILLA_GORILLA	I	I
RAD51C	17	GORILLA_GORILLA_GORILLA	I	I
RAD51C	17	HOOLOCK_LEUCONEDYS	L	I;L
RAD51C	17	HYLOBATES_AGILIS	I	I
RAD51C	17	HYLOBATES_MOLOCH	I	I
RAD51C	17	HYLOBATES_PILEATUS	I	I
RAD51C	17	INDRI_INDRI	I	I
RAD51C	17	LAGOTHRIX_LAGOTRICHA	PI	PI
RAD51C	17	LEMUR_CATTA	I	I
RAD51C	17	LEONTOPITHECUS_CHRYSOMELAS	UL	UL
RAD51C	17	LEONTOPITHECUS_ROSALIA	I	I
RAD51C	17	LOPHOCEBUS_ATERRIMUS	I	I
RAD51C	17	LORIS_TARDIGRADUS	I	I
RAD51C	17	MACACA_ARCTOIDES	I	I
RAD51C	17	MACACA_ASSAMENSIS	I	I
RAD51C	17	MACACA_CYCLOPIS	I	I
RAD51C	17	MACACA_FASCICULARIS	I	I
RAD51C	17	MACACA_FUSCATA	I	I
RAD51C	17	MACACA_LEONINA	I	I
RAD51C	17	MACACA_MULATTA	I	I
RAD51C	17	MACACA_NEMESTRINA	I	I
RAD51C	17	MACACA_NIGRA	I	I
RAD51C	17	MACACA_SILENUS	I	I
RAD51C	17	MACACA_THIBETANA_THIBETANA	I	I
RAD51C	17	MANDRILLUS_LEUCOPHAEUS	I	I
RAD51C	17	MANDRILLUS_SPHINX	I	I
RAD51C	17	MICROCEBUS_GRISEORUFUS	I	I
RAD51C	17	MICROCEBUS_MITTERMEIERI	I	I
RAD51C	17	MICROCEBUS_MURINUS	I	I
RAD51C	17	MICROCEBUS_RAVELOBENSIS	PI	PI
RAD51C	17	MICROCEBUS_SP._3_GT-2019	PI	PI
RAD51C	17	MICROCEBUS_TAVARATRA	PI	PI
RAD51C	17	MIRZA_COQUERELI	I	I
RAD51C	17	MIRZA_ZAZA	PM	PM
RAD51C	17	NASALIS_LARVATUS	PI	PI
RAD51C	17	NOMASCUS_LEUCOGENYS	I	I
RAD51C	17	NYCTICEBUS_BENGALENSIS	I	I
RAD51C	17	NYCTICEBUS_COUCANG	I	I
RAD51C	17	OTOLEMUR_CRASSICAUDATUS	PI	PI
RAD51C	17	OTOLEMUR_GARNETTII	PI	PI
RAD51C	17	PAN_PANISCUS	I	I
RAD51C	17	PAN_TROGLODYTES	I	I
RAD51C	17	PAPIO_ANUBIS	I	I
RAD51C	17	PAPIO_HAMADRYAS	I	I
RAD51C	17	PAPIO_PAPIO	PI	PI
RAD51C	17	PILIOCOLOBUS_TEPHROSCELES	I	I
RAD51C	17	PITHECIA_MITTERMEIERI	I	I
RAD51C	17	PITHECIA_PITHECIA	PI	I;PI
RAD51C	17	PITHECIA_VANZOLINII	PI	PI
RAD51C	17	PLECTUROCEBUS_BERNHARDI	I	I
RAD51C	17	PLECTUROCEBUS_BRUNNEUS	UL	UL
RAD51C	17	PLECTUROCEBUS_CALIGATUS	I	I
RAD51C	17	PLECTUROCEBUS_CINERASCENS	I	I
RAD51C	17	PLECTUROCEBUS_CUPREUS	I	I
RAD51C	17	PLECTUROCEBUS_DONACOPHILUS	I	I
RAD51C	17	PLECTUROCEBUS_DUBIUS	I	I
RAD51C	17	PLECTUROCEBUS_GROVESI	I	I
RAD51C	17	PLECTUROCEBUS_HOFFMANNSI	I	I
RAD51C	17	PLECTUROCEBUS_MILTONI	I	I
RAD51C	17	PLECTUROCEBUS_MOLOCH	I	I
RAD51C	17	PONGO_ABELII	I	I
RAD51C	17	PONGO_PYGMAEUS	I	I
RAD51C	17	PROLEMUR_SIMUS	I	I
RAD51C	17	PROPITHECUS_COQUERELI	PI	PI
RAD51C	17	PYGATHRIX_NEMAEUS	I	I
RAD51C	17	PYGATHRIX_NIGRIPES	I	I
RAD51C	17	RHINOPITHECUS_BIETI	UL	I;UL
RAD51C	17	RHINOPITHECUS_ROXELLANA	I	I
RAD51C	17	RHINOPITHECUS_STRYKERI	I	I
RAD51C	17	SAGUINUS_IMPERATOR	I	I
RAD51C	17	SAGUINUS_MIDAS	I	I
RAD51C	17	SAGUINUS_OEDIPUS	I	I
RAD51C	17	SAIMIRI_BOLIVIENSIS	PI	PI
RAD51C	17	SAIMIRI_BOLIVIENSIS_BOLIVIENSIS	I	I
RAD51C	17	SAIMIRI_SCIUREUS	PI	PI
RAD51C	17	SAPAJUS_APELLA	I	I
RAD51C	17	SEMNOPITHECUS_ENTELLUS	I	I
RAD51C	17	SYMPHALANGUS_SYNDACTYLUS	I	I
RAD51C	17	THEROPITHECUS_GELADA	I	I
RAD51C	17	TRACHYPITHECUS_FRANCOISI	I	I
RAD51C	17	TRACHYPITHECUS_GERMAINI	I	I
RAD51C	17	TRACHYPITHECUS_PHAYREI_CREPUSCULA	I	I
RAD51C	17	VARECIA_VARIEGATA	PI	PI
RAD51D	17	ALLENOPITHECUS_NIGROVIRIDIS	I	I
RAD51D	17	ALLOCHROCEBUS_LHOESTI	I	I
RAD51D	17	ALOUATTA_PALLIATA	PI	PI
RAD51D	17	AOTUS_NANCYMAAE	I	I
RAD51D	17	AOTUS_VOCIFERANS	I	I
RAD51D	17	ATELES_BELZEBUTH	I	I
RAD51D	17	ATELES_CHAMEK	I	I
RAD51D	17	ATELES_GEOFFROYI	I	I
RAD51D	17	ATELES_MARGINATUS	I	I
RAD51D	17	ATELES_PANISCUS	I	I
RAD51D	17	CACAJAO_AYRESI	I	I
RAD51D	17	CACAJAO_CALVUS	I	I
RAD51D	17	CACAJAO_HOSOMI	I	I
RAD51D	17	CACAJAO_MELANOCEPHALUS	I	I
RAD51D	17	CALLIMICO_GOELDII	I	I
RAD51D	17	CALLITHRIX_JACCHUS	I	I
RAD51D	17	CALLITHRIX_PENICILLATA	I	I
RAD51D	17	CALLITHRIX_PYGMAEA	I	I
RAD51D	17	CARLITO_SYRICHTA	I	I
RAD51D	17	CEBUS_ALBIFRONS	I	I
RAD51D	17	CEBUS_CAPUCINUS_IMITATOR	I	I
RAD51D	17	CEPHALOPACHUS_BANCANUS	I	I
RAD51D	17	CERCOCEBUS_ATYS	I	I
RAD51D	17	CERCOPITHECUS_ALBOGULARIS	I	I
RAD51D	17	CERCOPITHECUS_MONA	I	I
RAD51D	17	CERCOPITHECUS_NEGLECTUS	I	I
RAD51D	17	CHEIROGALEUS_MEDIUS	I	I
RAD51D	17	CHERACEBUS_LUCIFER	I	I
RAD51D	17	CHERACEBUS_LUGENS	I	I
RAD51D	17	CHERACEBUS_REGULUS	I	I
RAD51D	17	CHERACEBUS_TORQUATUS	PI	PI
RAD51D	17	CHIROPOTES_ISRAELITA	I	I
RAD51D	17	CHIROPOTES_SAGULATUS	I	I
RAD51D	17	CHLOROCEBUS_AETHIOPS	I	I
RAD51D	17	CHLOROCEBUS_SABAEUS	I	I
RAD51D	17	COLOBUS_ANGOLENSIS_PALLIATUS	I	I
RAD51D	17	COLOBUS_GUEREZA	I	I
RAD51D	17	DAUBENTONIA_MADAGASCARIENSIS	I	I
RAD51D	17	ERYTHROCEBUS_PATAS	I	I
RAD51D	17	EULEMUR_FLAVIFRONS	I	I
RAD51D	17	EULEMUR_FULVUS	UL	UL
RAD51D	17	EULEMUR_FULVUS_COLLARIS	PI	PI
RAD51D	17	EULEMUR_MACACO	I	I
RAD51D	17	EULEMUR_MONGOZ	I	I
RAD51D	17	GALAGO_MOHOLI	UL	UL
RAD51D	17	GALAGO_SENEGALENSIS	I	I
RAD51D	17	GORILLA_BERINGEI	I	I
RAD51D	17	GORILLA_GORILLA	I	I
RAD51D	17	GORILLA_GORILLA_GORILLA	I	I
RAD51D	17	HOOLOCK_LEUCONEDYS	I	I
RAD51D	17	HYLOBATES_AGILIS	I	I
RAD51D	17	HYLOBATES_MOLOCH	I	I
RAD51D	17	HYLOBATES_PILEATUS	I	I
RAD51D	17	INDRI_INDRI	PI	PI
RAD51D	17	LAGOTHRIX_LAGOTRICHA	I	I
RAD51D	17	LEMUR_CATTA	I	I
RAD51D	17	LEONTOPITHECUS_CHRYSOMELAS	I	I
RAD51D	17	LEONTOPITHECUS_ROSALIA	I	I
RAD51D	17	LOPHOCEBUS_ATERRIMUS	I	I
RAD51D	17	LORIS_TARDIGRADUS	I	I
RAD51D	17	MACACA_ARCTOIDES	I	I
RAD51D	17	MACACA_ASSAMENSIS	I	I
RAD51D	17	MACACA_CYCLOPIS	I	I
RAD51D	17	MACACA_FASCICULARIS	UL	I;UL
RAD51D	17	MACACA_FUSCATA	I	I
RAD51D	17	MACACA_LEONINA	I	I
RAD51D	17	MACACA_MULATTA	I	I
RAD51D	17	MACACA_NEMESTRINA	I	I
RAD51D	17	MACACA_NIGRA	I	I
RAD51D	17	MACACA_SILENUS	I	I
RAD51D	17	MACACA_THIBETANA_THIBETANA	I	I
RAD51D	17	MANDRILLUS_LEUCOPHAEUS	I	I
RAD51D	17	MANDRILLUS_SPHINX	I	I
RAD51D	17	MICROCEBUS_GRISEORUFUS	PI	PI
RAD51D	17	MICROCEBUS_MITTERMEIERI	PM	PM
RAD51D	17	MICROCEBUS_MURINUS	I	I
RAD51D	17	MICROCEBUS_RAVELOBENSIS	I	I
RAD51D	17	MICROCEBUS_SP._3_GT-2019	PM	PM
RAD51D	17	MICROCEBUS_TAVARATRA	I	I
RAD51D	17	MIRZA_COQUERELI	L	L
RAD51D	17	MIRZA_ZAZA	PI	PI
RAD51D	17	NASALIS_LARVATUS	I	I
RAD51D	17	NOMASCUS_LEUCOGENYS	I	I
RAD51D	17	NYCTICEBUS_BENGALENSIS	I	I
RAD51D	17	NYCTICEBUS_COUCANG	PI	I;PI
RAD51D	17	OTOLEMUR_CRASSICAUDATUS	I	I
RAD51D	17	OTOLEMUR_GARNETTII	I	I
RAD51D	17	PAN_PANISCUS	I	I
RAD51D	17	PAN_TROGLODYTES	I	I
RAD51D	17	PAPIO_ANUBIS	I	I
RAD51D	17	PAPIO_HAMADRYAS	I	I
RAD51D	17	PAPIO_PAPIO	I	I
RAD51D	17	PILIOCOLOBUS_TEPHROSCELES	I	I
RAD51D	17	PITHECIA_MITTERMEIERI	I	I
RAD51D	17	PITHECIA_PITHECIA	I	I
RAD51D	17	PITHECIA_VANZOLINII	I	I
RAD51D	17	PLECTUROCEBUS_BERNHARDI	PI	PI
RAD51D	17	PLECTUROCEBUS_BRUNNEUS	I	I
RAD51D	17	PLECTUROCEBUS_CALIGATUS	I	I
RAD51D	17	PLECTUROCEBUS_CINERASCENS	I	I
RAD51D	17	PLECTUROCEBUS_CUPREUS	I	I
RAD51D	17	PLECTUROCEBUS_DONACOPHILUS	I	I
RAD51D	17	PLECTUROCEBUS_DUBIUS	UL	UL
RAD51D	17	PLECTUROCEBUS_GROVESI	I	I
RAD51D	17	PLECTUROCEBUS_HOFFMANNSI	I	I
RAD51D	17	PLECTUROCEBUS_MILTONI	I	I
RAD51D	17	PLECTUROCEBUS_MOLOCH	I	I
RAD51D	17	PONGO_ABELII	I	I
RAD51D	17	PONGO_PYGMAEUS	I	I
RAD51D	17	PROLEMUR_SIMUS	I	I
RAD51D	17	PROPITHECUS_COQUERELI	I	I
RAD51D	17	PYGATHRIX_NEMAEUS	PI	PI
RAD51D	17	PYGATHRIX_NIGRIPES	I	I
RAD51D	17	RHINOPITHECUS_BIETI	I	I
RAD51D	17	RHINOPITHECUS_ROXELLANA	I	I
RAD51D	17	RHINOPITHECUS_STRYKERI	I	I
RAD51D	17	SAGUINUS_IMPERATOR	I	I
RAD51D	17	SAGUINUS_MIDAS	I	I
RAD51D	17	SAGUINUS_OEDIPUS	I	I
RAD51D	17	SAIMIRI_BOLIVIENSIS	I	I
RAD51D	17	SAIMIRI_BOLIVIENSIS_BOLIVIENSIS	I	I
RAD51D	17	SAIMIRI_SCIUREUS	PI	PI
RAD51D	17	SAPAJUS_APELLA	I	I
RAD51D	17	SEMNOPITHECUS_ENTELLUS	I	I
RAD51D	17	SYMPHALANGUS_SYNDACTYLUS	I	I
RAD51D	17	THEROPITHECUS_GELADA	I	I
RAD51D	17	TRACHYPITHECUS_FRANCOISI	I	I
RAD51D	17	TRACHYPITHECUS_GERMAINI	I	I
RAD51D	17	TRACHYPITHECUS_PHAYREI_CREPUSCULA	I	I
RAD51D	17	VARECIA_VARIEGATA	I	I
RAD52	12	ALLENOPITHECUS_NIGROVIRIDIS	PI	PI
RAD52	12	ALLOCHROCEBUS_LHOESTI	I	I
RAD52	12	ALOUATTA_PALLIATA	PI	PI
RAD52	12	AOTUS_NANCYMAAE	I	I
RAD52	12	AOTUS_VOCIFERANS	I	I
RAD52	12	ATELES_BELZEBUTH	M	M
RAD52	12	ATELES_CHAMEK	UL	UL
RAD52	12	ATELES_GEOFFROYI	I	I
RAD52	12	ATELES_MARGINATUS	UL	UL
RAD52	12	ATELES_PANISCUS	M	I;M
RAD52	12	CACAJAO_AYRESI	I	I
RAD52	12	CACAJAO_CALVUS	I	I
RAD52	12	CACAJAO_HOSOMI	I	I
RAD52	12	CACAJAO_MELANOCEPHALUS	I	I
RAD52	12	CALLIMICO_GOELDII	I	I
RAD52	12	CALLITHRIX_JACCHUS	I	I
RAD52	12	CALLITHRIX_PENICILLATA	I	I
RAD52	12	CALLITHRIX_PYGMAEA	I	I
RAD52	12	CARLITO_SYRICHTA	PI	PI
RAD52	12	CEBUS_ALBIFRONS	I	I
RAD52	12	CEBUS_CAPUCINUS_IMITATOR	I	I
RAD52	12	CEPHALOPACHUS_BANCANUS	I	I
RAD52	12	CERCOCEBUS_ATYS	I	I
RAD52	12	CERCOPITHECUS_ALBOGULARIS	I	I
RAD52	12	CERCOPITHECUS_MONA	I	I
RAD52	12	CERCOPITHECUS_NEGLECTUS	PI	PI
RAD52	12	CHEIROGALEUS_MEDIUS	UL	UL
RAD52	12	CHERACEBUS_LUCIFER	M	M
RAD52	12	CHERACEBUS_LUGENS	PI	PI
RAD52	12	CHERACEBUS_REGULUS	UL	UL
RAD52	12	CHERACEBUS_TORQUATUS	PI	PI
RAD52	12	CHIROPOTES_ISRAELITA	I	I
RAD52	12	CHIROPOTES_SAGULATUS	I	I
RAD52	12	CHLOROCEBUS_AETHIOPS	I	I
RAD52	12	CHLOROCEBUS_SABAEUS	I	I
RAD52	12	COLOBUS_ANGOLENSIS_PALLIATUS	I	I
RAD52	12	COLOBUS_GUEREZA	I	I
RAD52	12	DAUBENTONIA_MADAGASCARIENSIS	I	I
RAD52	12	ERYTHROCEBUS_PATAS	I	I
RAD52	12	EULEMUR_FLAVIFRONS	I	I
RAD52	12	EULEMUR_FULVUS	PI	PI
RAD52	12	EULEMUR_FULVUS_COLLARIS	I	I
RAD52	12	EULEMUR_MACACO	I	I
RAD52	12	EULEMUR_MONGOZ	I	I
RAD52	12	GALAGO_MOHOLI	I	I
RAD52	12	GALAGO_SENEGALENSIS	I	I
RAD52	12	GORILLA_BERINGEI	I	I
RAD52	12	GORILLA_GORILLA	I	I
RAD52	12	GORILLA_GORILLA_GORILLA	I	I
RAD52	12	HOOLOCK_LEUCONEDYS	I	I
RAD52	12	HYLOBATES_AGILIS	I	I
RAD52	12	HYLOBATES_MOLOCH	I	I
RAD52	12	HYLOBATES_PILEATUS	I	I
RAD52	12	INDRI_INDRI	UL	UL
RAD52	12	LAGOTHRIX_LAGOTRICHA	PI	PI
RAD52	12	LEMUR_CATTA	I	I
RAD52	12	LEONTOPITHECUS_CHRYSOMELAS	I	I
RAD52	12	LEONTOPITHECUS_ROSALIA	I	I
RAD52	12	LOPHOCEBUS_ATERRIMUS	I	I
RAD52	12	LORIS_TARDIGRADUS	UL	UL
RAD52	12	MACACA_ARCTOIDES	I	I
RAD52	12	MACACA_ASSAMENSIS	I	I
RAD52	12	MACACA_CYCLOPIS	I	I
RAD52	12	MACACA_FASCICULARIS	I	I
RAD52	12	MACACA_FUSCATA	I	I
RAD52	12	MACACA_LEONINA	I	I
RAD52	12	MACACA_MULATTA	I	I
RAD52	12	MACACA_NEMESTRINA	I	I
RAD52	12	MACACA_NIGRA	I	I
RAD52	12	MACACA_SILENUS	I	I
RAD52	12	MACACA_THIBETANA_THIBETANA	I	I
RAD52	12	MANDRILLUS_LEUCOPHAEUS	I	I
RAD52	12	MANDRILLUS_SPHINX	I	I
RAD52	12	MICROCEBUS_GRISEORUFUS	UL	UL
RAD52	12	MICROCEBUS_MITTERMEIERI	I	I
RAD52	12	MICROCEBUS_MURINUS	UL	UL
RAD52	12	MICROCEBUS_RAVELOBENSIS	UL	UL
RAD52	12	MICROCEBUS_SP._3_GT-2019	I	I
RAD52	12	MICROCEBUS_TAVARATRA	I	I
RAD52	12	MIRZA_COQUERELI	I	I
RAD52	12	MIRZA_ZAZA	I	I
RAD52	12	NASALIS_LARVATUS	I	I
RAD52	12	NOMASCUS_LEUCOGENYS	I	I
RAD52	12	NYCTICEBUS_BENGALENSIS	UL	UL
RAD52	12	NYCTICEBUS_COUCANG	UL	UL
RAD52	12	OTOLEMUR_CRASSICAUDATUS	PI	PI
RAD52	12	OTOLEMUR_GARNETTII	I	I
RAD52	12	PAN_PANISCUS	I	I
RAD52	12	PAN_TROGLODYTES	I	I
RAD52	12	PAPIO_ANUBIS	I	I
RAD52	12	PAPIO_HAMADRYAS	I	I
RAD52	12	PAPIO_PAPIO	I	I
RAD52	12	PILIOCOLOBUS_TEPHROSCELES	I	I
RAD52	12	PITHECIA_MITTERMEIERI	I	I
RAD52	12	PITHECIA_PITHECIA	I	I
RAD52	12	PITHECIA_VANZOLINII	I	I
RAD52	12	PLECTUROCEBUS_BERNHARDI	PI	PI
RAD52	12	PLECTUROCEBUS_BRUNNEUS	PI	PI
RAD52	12	PLECTUROCEBUS_CINERASCENS	PI	PI
RAD52	12	PLECTUROCEBUS_CUPREUS	I	I
RAD52	12	PLECTUROCEBUS_DONACOPHILUS	PI	PI
RAD52	12	PLECTUROCEBUS_DUBIUS	I	I
RAD52	12	PLECTUROCEBUS_GROVESI	UL	UL
RAD52	12	PLECTUROCEBUS_HOFFMANNSI	UL	UL
RAD52	12	PLECTUROCEBUS_MILTONI	I	I
RAD52	12	PLECTUROCEBUS_MOLOCH	UL	UL
RAD52	12	PONGO_ABELII	I	I
RAD52	12	PONGO_PYGMAEUS	I	I
RAD52	12	PROLEMUR_SIMUS	I	I
RAD52	12	PROPITHECUS_COQUERELI	I	I
RAD52	12	PYGATHRIX_NEMAEUS	I	I
RAD52	12	PYGATHRIX_NIGRIPES	UL	UL
RAD52	12	RHINOPITHECUS_BIETI	I	I
RAD52	12	RHINOPITHECUS_ROXELLANA	I	I
RAD52	12	RHINOPITHECUS_STRYKERI	I	I
RAD52	12	SAGUINUS_IMPERATOR	I	I
RAD52	12	SAGUINUS_MIDAS	I	I
RAD52	12	SAGUINUS_OEDIPUS	I	I
RAD52	12	SAIMIRI_BOLIVIENSIS	I	I
RAD52	12	SAIMIRI_BOLIVIENSIS_BOLIVIENSIS	I	I
RAD52	12	SAIMIRI_SCIUREUS	I	I
RAD52	12	SAPAJUS_APELLA	I	I
RAD52	12	SEMNOPITHECUS_ENTELLUS	I	I
RAD52	12	SYMPHALANGUS_SYNDACTYLUS	I	I
RAD52	12	THEROPITHECUS_GELADA	I	I
RAD52	12	TRACHYPITHECUS_FRANCOISI	I	I
RAD52	12	TRACHYPITHECUS_GERMAINI	I	I
RAD52	12	TRACHYPITHECUS_PHAYREI_CREPUSCULA	I	I
RAD52	12	VARECIA_VARIEGATA	I	I
RAD54B	8	ALLENOPITHECUS_NIGROVIRIDIS	I	I
RAD54B	8	ALLOCHROCEBUS_LHOESTI	I	I
RAD54B	8	ALOUATTA_PALLIATA	I	I
RAD54B	8	AOTUS_NANCYMAAE	UL	UL
RAD54B	8	AOTUS_VOCIFERANS	I	I
RAD54B	8	ATELES_BELZEBUTH	I	I
RAD54B	8	ATELES_CHAMEK	I	I
RAD54B	8	ATELES_GEOFFROYI	I	I
RAD54B	8	ATELES_MARGINATUS	PI	PI
RAD54B	8	ATELES_PANISCUS	UL	I;UL
RAD54B	8	CACAJAO_AYRESI	I	I
RAD54B	8	CACAJAO_CALVUS	I	I
RAD54B	8	CACAJAO_HOSOMI	I	I
RAD54B	8	CALLIMICO_GOELDII	I	I
RAD54B	8	CALLITHRIX_JACCHUS	I	I
RAD54B	8	CALLITHRIX_PENICILLATA	I	I
RAD54B	8	CALLITHRIX_PYGMAEA	PI	PI
RAD54B	8	CARLITO_SYRICHTA	I	I
RAD54B	8	CEBUS_ALBIFRONS	PI	I;PI
RAD54B	8	CEBUS_CAPUCINUS_IMITATOR	I	I
RAD54B	8	CEPHALOPACHUS_BANCANUS	I	I
RAD54B	8	CERCOCEBUS_ATYS	I	I
RAD54B	8	CERCOPITHECUS_ALBOGULARIS	I	I
RAD54B	8	CERCOPITHECUS_MONA	I	I
RAD54B	8	CERCOPITHECUS_NEGLECTUS	PI	PI
RAD54B	8	CHEIROGALEUS_MEDIUS	I	I
RAD54B	8	CHERACEBUS_LUGENS	I	I
RAD54B	8	CHERACEBUS_REGULUS	I	I
RAD54B	8	CHERACEBUS_TORQUATUS	I	I
RAD54B	8	CHIROPOTES_ISRAELITA	I	I
RAD54B	8	CHIROPOTES_SAGULATUS	I	I
RAD54B	8	CHLOROCEBUS_AETHIOPS	I	I
RAD54B	8	CHLOROCEBUS_SABAEUS	I	I
RAD54B	8	COLOBUS_ANGOLENSIS_PALLIATUS	I	I
RAD54B	8	COLOBUS_GUEREZA	I	I
RAD54B	8	DAUBENTONIA_MADAGASCARIENSIS	I	I
RAD54B	8	ERYTHROCEBUS_PATAS	I	I
RAD54B	8	EULEMUR_FLAVIFRONS	I	I
RAD54B	8	EULEMUR_FULVUS	PI	PI
RAD54B	8	EULEMUR_FULVUS_COLLARIS	I	I
RAD54B	8	EULEMUR_MACACO	I	I
RAD54B	8	EULEMUR_MONGOZ	M	M
RAD54B	8	GALAGO_MOHOLI	UL	UL
RAD54B	8	GALAGO_SENEGALENSIS	I	I
RAD54B	8	GORILLA_BERINGEI	I	I
RAD54B	8	GORILLA_GORILLA	I	I
RAD54B	8	GORILLA_GORILLA_GORILLA	I	I
RAD54B	8	HOOLOCK_LEUCONEDYS	I	I
RAD54B	8	HYLOBATES_AGILIS	I	I
RAD54B	8	HYLOBATES_MOLOCH	I	I
RAD54B	8	HYLOBATES_PILEATUS	I	I
RAD54B	8	INDRI_INDRI	PM	PM
RAD54B	8	LAGOTHRIX_LAGOTRICHA	I	I
RAD54B	8	LEMUR_CATTA	I	I
RAD54B	8	LEONTOPITHECUS_CHRYSOMELAS	I	I
RAD54B	8	LEONTOPITHECUS_ROSALIA	PI	PI
RAD54B	8	LOPHOCEBUS_ATERRIMUS	I	I
RAD54B	8	LORIS_TARDIGRADUS	I	I
RAD54B	8	MACACA_ARCTOIDES	I	I
RAD54B	8	MACACA_ASSAMENSIS	I	I
RAD54B	8	MACACA_CYCLOPIS	I	I
RAD54B	8	MACACA_FASCICULARIS	I	I
RAD54B	8	MACACA_FUSCATA	I	I
RAD54B	8	MACACA_LEONINA	I	I
RAD54B	8	MACACA_MULATTA	I	I
RAD54B	8	MACACA_NEMESTRINA	I	I
RAD54B	8	MACACA_NIGRA	I	I
RAD54B	8	MACACA_SILENUS	I	I
RAD54B	8	MACACA_THIBETANA_THIBETANA	I	I
RAD54B	8	MANDRILLUS_LEUCOPHAEUS	I	I
RAD54B	8	MANDRILLUS_SPHINX	PI	I;PI
RAD54B	8	MICROCEBUS_MITTERMEIERI	PI	PI
RAD54B	8	MICROCEBUS_MURINUS	I	I
RAD54B	8	MICROCEBUS_SP._3_GT-2019	PI	PI
RAD54B	8	MICROCEBUS_TAVARATRA	PI	PI
RAD54B	8	MIRZA_COQUERELI	I	I
RAD54B	8	MIRZA_ZAZA	I	I
RAD54B	8	NASALIS_LARVATUS	I	I
RAD54B	8	NOMASCUS_LEUCOGENYS	I	I
RAD54B	8	NYCTICEBUS_BENGALENSIS	I	I
RAD54B	8	NYCTICEBUS_COUCANG	I	I
RAD54B	8	OTOLEMUR_CRASSICAUDATUS	PI	PI
RAD54B	8	OTOLEMUR_GARNETTII	I	I
RAD54B	8	PAN_PANISCUS	I	I
RAD54B	8	PAN_TROGLODYTES	I	I
RAD54B	8	PAPIO_ANUBIS	I	I
RAD54B	8	PAPIO_HAMADRYAS	I	I
RAD54B	8	PAPIO_PAPIO	I	I
RAD54B	8	PILIOCOLOBUS_TEPHROSCELES	I	I
RAD54B	8	PITHECIA_MITTERMEIERI	I	I
RAD54B	8	PITHECIA_PITHECIA	I	I
RAD54B	8	PITHECIA_VANZOLINII	I	I
RAD54B	8	PLECTUROCEBUS_BERNHARDI	I	I
RAD54B	8	PLECTUROCEBUS_BRUNNEUS	I	I
RAD54B	8	PLECTUROCEBUS_CALIGATUS	I	I
RAD54B	8	PLECTUROCEBUS_CINERASCENS	I	I
RAD54B	8	PLECTUROCEBUS_CUPREUS	I	I
RAD54B	8	PLECTUROCEBUS_DONACOPHILUS	PI	PI
RAD54B	8	PLECTUROCEBUS_DUBIUS	I	I
RAD54B	8	PLECTUROCEBUS_GROVESI	I	I
RAD54B	8	PLECTUROCEBUS_HOFFMANNSI	I	I
RAD54B	8	PLECTUROCEBUS_MILTONI	I	I
RAD54B	8	PLECTUROCEBUS_MOLOCH	I	I
RAD54B	8	PONGO_ABELII	I	I
RAD54B	8	PONGO_PYGMAEUS	I	I
RAD54B	8	PROLEMUR_SIMUS	I	I
RAD54B	8	PROPITHECUS_COQUERELI	I	I
RAD54B	8	PYGATHRIX_NEMAEUS	I	I
RAD54B	8	PYGATHRIX_NIGRIPES	I	I
RAD54B	8	RHINOPITHECUS_BIETI	I	I
RAD54B	8	RHINOPITHECUS_ROXELLANA	I	I
RAD54B	8	RHINOPITHECUS_STRYKERI	PG	PG
RAD54B	8	SAGUINUS_IMPERATOR	I	I
RAD54B	8	SAGUINUS_MIDAS	I	I
RAD54B	8	SAGUINUS_OEDIPUS	I	I
RAD54B	8	SAIMIRI_BOLIVIENSIS	I	I
RAD54B	8	SAIMIRI_BOLIVIENSIS_BOLIVIENSIS	I	I
RAD54B	8	SAPAJUS_APELLA	I	I
RAD54B	8	SEMNOPITHECUS_ENTELLUS	I	I
RAD54B	8	SYMPHALANGUS_SYNDACTYLUS	I	I
RAD54B	8	THEROPITHECUS_GELADA	I	I
RAD54B	8	TRACHYPITHECUS_FRANCOISI	I	I
RAD54B	8	TRACHYPITHECUS_GERMAINI	I	I
RAD54B	8	TRACHYPITHECUS_PHAYREI_CREPUSCULA	I	I
RAD54B	8	VARECIA_VARIEGATA	PI	PI
RAD54L	1	ALLENOPITHECUS_NIGROVIRIDIS	I	I
RAD54L	1	ALLOCHROCEBUS_LHOESTI	I	I
RAD54L	1	ALOUATTA_PALLIATA	I	I
RAD54L	1	AOTUS_NANCYMAAE	I	I
RAD54L	1	AOTUS_VOCIFERANS	I	I
RAD54L	1	ATELES_BELZEBUTH	I	I
RAD54L	1	ATELES_CHAMEK	I	I
RAD54L	1	ATELES_GEOFFROYI	I	I
RAD54L	1	ATELES_MARGINATUS	I	I
RAD54L	1	ATELES_PANISCUS	I	I
RAD54L	1	CACAJAO_AYRESI	I	I
RAD54L	1	CACAJAO_CALVUS	I	I
RAD54L	1	CACAJAO_HOSOMI	I	I
RAD54L	1	CACAJAO_MELANOCEPHALUS	I	I
RAD54L	1	CALLIMICO_GOELDII	I	I
RAD54L	1	CALLITHRIX_JACCHUS	I	I
RAD54L	1	CALLITHRIX_PENICILLATA	I	I
RAD54L	1	CALLITHRIX_PYGMAEA	I	I
RAD54L	1	CARLITO_SYRICHTA	I	I
RAD54L	1	CEBUS_ALBIFRONS	PI	I;PI
RAD54L	1	CEBUS_CAPUCINUS_IMITATOR	I	I
RAD54L	1	CEPHALOPACHUS_BANCANUS	I	I
RAD54L	1	CERCOCEBUS_ATYS	I	I
RAD54L	1	CERCOPITHECUS_ALBOGULARIS	I	I
RAD54L	1	CERCOPITHECUS_MONA	I	I
RAD54L	1	CERCOPITHECUS_NEGLECTUS	I	I
RAD54L	1	CHEIROGALEUS_MEDIUS	I	I
RAD54L	1	CHERACEBUS_LUCIFER	I	I
RAD54L	1	CHERACEBUS_LUGENS	I	I
RAD54L	1	CHERACEBUS_REGULUS	I	I
RAD54L	1	CHERACEBUS_TORQUATUS	PI	PI
RAD54L	1	CHIROPOTES_ISRAELITA	PI	PI
RAD54L	1	CHLOROCEBUS_AETHIOPS	I	I
RAD54L	1	CHLOROCEBUS_SABAEUS	I	I
RAD54L	1	COLOBUS_ANGOLENSIS_PALLIATUS	I	I
RAD54L	1	COLOBUS_GUEREZA	I	I
RAD54L	1	DAUBENTONIA_MADAGASCARIENSIS	I	I
RAD54L	1	ERYTHROCEBUS_PATAS	PI	I;PI
RAD54L	1	EULEMUR_FLAVIFRONS	I	I
RAD54L	1	EULEMUR_FULVUS	I	I
RAD54L	1	EULEMUR_FULVUS_COLLARIS	I	I
RAD54L	1	EULEMUR_MACACO	I	I
RAD54L	1	EULEMUR_MONGOZ	I	I
RAD54L	1	GALAGO_MOHOLI	I	I
RAD54L	1	GALAGO_SENEGALENSIS	I	I
RAD54L	1	GORILLA_BERINGEI	I	I
RAD54L	1	GORILLA_GORILLA	I	I
RAD54L	1	GORILLA_GORILLA_GORILLA	I	I
RAD54L	1	HOOLOCK_LEUCONEDYS	I	I
RAD54L	1	HYLOBATES_AGILIS	I	I
RAD54L	1	HYLOBATES_MOLOCH	I	I
RAD54L	1	HYLOBATES_PILEATUS	I	I
RAD54L	1	INDRI_INDRI	I	I
RAD54L	1	LAGOTHRIX_LAGOTRICHA	I	I
RAD54L	1	LEMUR_CATTA	I	I
RAD54L	1	LEONTOPITHECUS_CHRYSOMELAS	PI	PI
RAD54L	1	LEONTOPITHECUS_ROSALIA	I	I
RAD54L	1	LOPHOCEBUS_ATERRIMUS	I	I
RAD54L	1	LORIS_TARDIGRADUS	I	I
RAD54L	1	MACACA_ARCTOIDES	I	I
RAD54L	1	MACACA_ASSAMENSIS	I	I
RAD54L	1	MACACA_CYCLOPIS	I	I
RAD54L	1	MACACA_FASCICULARIS	I	I
RAD54L	1	MACACA_FUSCATA	I	I
RAD54L	1	MACACA_LEONINA	I	I
RAD54L	1	MACACA_MULATTA	I	I
RAD54L	1	MACACA_NEMESTRINA	I	I
RAD54L	1	MACACA_NIGRA	UL	UL
RAD54L	1	MACACA_SILENUS	I	I
RAD54L	1	MACACA_THIBETANA_THIBETANA	I	I
RAD54L	1	MANDRILLUS_LEUCOPHAEUS	I	I
RAD54L	1	MANDRILLUS_SPHINX	I	I
RAD54L	1	MICROCEBUS_GRISEORUFUS	PI	PI
RAD54L	1	MICROCEBUS_MURINUS	I	I
RAD54L	1	MICROCEBUS_SP._3_GT-2019	I	I
RAD54L	1	MICROCEBUS_TAVARATRA	I	I
RAD54L	1	MIRZA_COQUERELI	PI	PI
RAD54L	1	MIRZA_ZAZA	I	I
RAD54L	1	NASALIS_LARVATUS	L	L
RAD54L	1	NOMASCUS_LEUCOGENYS	I	I
RAD54L	1	NYCTICEBUS_BENGALENSIS	I	I
RAD54L	1	NYCTICEBUS_COUCANG	PI	I;PI
RAD54L	1	OTOLEMUR_CRASSICAUDATUS	I	I
RAD54L	1	OTOLEMUR_GARNETTII	PI	PI
RAD54L	1	PAN_PANISCUS	I	I
RAD54L	1	PAN_TROGLODYTES	I	I
RAD54L	1	PAPIO_ANUBIS	I	I
RAD54L	1	PAPIO_HAMADRYAS	I	I
RAD54L	1	PAPIO_PAPIO	PI	PI
RAD54L	1	PILIOCOLOBUS_TEPHROSCELES	I	I
RAD54L	1	PITHECIA_MITTERMEIERI	I	I
RAD54L	1	PITHECIA_PITHECIA	I	I
RAD54L	1	PLECTUROCEBUS_BERNHARDI	I	I
RAD54L	1	PLECTUROCEBUS_BRUNNEUS	I	I
RAD54L	1	PLECTUROCEBUS_CALIGATUS	I	I
RAD54L	1	PLECTUROCEBUS_CINERASCENS	PI	PI
RAD54L	1	PLECTUROCEBUS_CUPREUS	I	I
RAD54L	1	PLECTUROCEBUS_DONACOPHILUS	I	I
RAD54L	1	PLECTUROCEBUS_DUBIUS	I	I
RAD54L	1	PLECTUROCEBUS_GROVESI	I	I
RAD54L	1	PLECTUROCEBUS_HOFFMANNSI	I	I
RAD54L	1	PLECTUROCEBUS_MILTONI	I	I
RAD54L	1	PLECTUROCEBUS_MOLOCH	I	I
RAD54L	1	PONGO_ABELII	I	I
RAD54L	1	PONGO_PYGMAEUS	I	I
RAD54L	1	PROLEMUR_SIMUS	I	I
RAD54L	1	PROPITHECUS_COQUERELI	I	I
RAD54L	1	PYGATHRIX_NEMAEUS	PI	PI
RAD54L	1	PYGATHRIX_NIGRIPES	I	I
RAD54L	1	RHINOPITHECUS_BIETI	I	I
RAD54L	1	RHINOPITHECUS_ROXELLANA	I	I
RAD54L	1	RHINOPITHECUS_STRYKERI	I	I
RAD54L	1	SAGUINUS_IMPERATOR	I	I
RAD54L	1	SAGUINUS_MIDAS	I	I
RAD54L	1	SAGUINUS_OEDIPUS	I	I
RAD54L	1	SAIMIRI_BOLIVIENSIS	PI	PI
RAD54L	1	SAIMIRI_BOLIVIENSIS_BOLIVIENSIS	I	I
RAD54L	1	SAPAJUS_APELLA	I	I
RAD54L	1	SEMNOPITHECUS_ENTELLUS	PI	PI
RAD54L	1	SYMPHALANGUS_SYNDACTYLUS	I	I
RAD54L	1	THEROPITHECUS_GELADA	I	I
RAD54L	1	TRACHYPITHECUS_FRANCOISI	I	I
RAD54L	1	TRACHYPITHECUS_GERMAINI	I	I
RAD54L	1	TRACHYPITHECUS_PHAYREI_CREPUSCULA	I	I
RAD54L	1	VARECIA_VARIEGATA	PI	PI
RAD9A	11	ALLENOPITHECUS_NIGROVIRIDIS	I	I
RAD9A	11	ALLOCHROCEBUS_LHOESTI	I	I
RAD9A	11	ALOUATTA_PALLIATA	I	I
RAD9A	11	AOTUS_NANCYMAAE	I	I
RAD9A	11	AOTUS_VOCIFERANS	I	I
RAD9A	11	ATELES_BELZEBUTH	I	I
RAD9A	11	ATELES_CHAMEK	I	I
RAD9A	11	ATELES_GEOFFROYI	I	I
RAD9A	11	ATELES_MARGINATUS	I	I
RAD9A	11	ATELES_PANISCUS	I	I
RAD9A	11	CACAJAO_AYRESI	I	I
RAD9A	11	CACAJAO_CALVUS	I	I
RAD9A	11	CACAJAO_HOSOMI	I	I
RAD9A	11	CACAJAO_MELANOCEPHALUS	I	I
RAD9A	11	CALLIMICO_GOELDII	I	I
RAD9A	11	CALLITHRIX_JACCHUS	I	I
RAD9A	11	CALLITHRIX_PENICILLATA	PI	PI
RAD9A	11	CALLITHRIX_PYGMAEA	I	I
RAD9A	11	CARLITO_SYRICHTA	I	I
RAD9A	11	CEBUS_ALBIFRONS	I	I
RAD9A	11	CEBUS_CAPUCINUS_IMITATOR	I	I
RAD9A	11	CEPHALOPACHUS_BANCANUS	I	I
RAD9A	11	CERCOCEBUS_ATYS	I	I
RAD9A	11	CERCOPITHECUS_ALBOGULARIS	I	I
RAD9A	11	CERCOPITHECUS_MONA	I	I
RAD9A	11	CERCOPITHECUS_NEGLECTUS	I	I
RAD9A	11	CHEIROGALEUS_MEDIUS	I	I
RAD9A	11	CHERACEBUS_LUCIFER	I	I
RAD9A	11	CHERACEBUS_LUGENS	I	I
RAD9A	11	CHERACEBUS_REGULUS	I	I
RAD9A	11	CHERACEBUS_TORQUATUS	I	I
RAD9A	11	CHIROPOTES_ISRAELITA	I	I
RAD9A	11	CHIROPOTES_SAGULATUS	I	I
RAD9A	11	CHLOROCEBUS_AETHIOPS	I	I
RAD9A	11	CHLOROCEBUS_SABAEUS	I	I
RAD9A	11	COLOBUS_ANGOLENSIS_PALLIATUS	I	I
RAD9A	11	COLOBUS_GUEREZA	I	I
RAD9A	11	DAUBENTONIA_MADAGASCARIENSIS	I	I
RAD9A	11	ERYTHROCEBUS_PATAS	I	I
RAD9A	11	EULEMUR_FLAVIFRONS	I	I
RAD9A	11	EULEMUR_FULVUS	I	I
RAD9A	11	EULEMUR_FULVUS_COLLARIS	I	I
RAD9A	11	EULEMUR_MACACO	I	I
RAD9A	11	EULEMUR_MONGOZ	I	I
RAD9A	11	GALAGO_MOHOLI	UL	UL
RAD9A	11	GALAGO_SENEGALENSIS	I	I
RAD9A	11	GORILLA_BERINGEI	I	I
RAD9A	11	GORILLA_GORILLA	I	I
RAD9A	11	GORILLA_GORILLA_GORILLA	L	L
RAD9A	11	HOOLOCK_LEUCONEDYS	I	I
RAD9A	11	HYLOBATES_AGILIS	I	I
RAD9A	11	HYLOBATES_MOLOCH	I	I
RAD9A	11	HYLOBATES_PILEATUS	I	I
RAD9A	11	INDRI_INDRI	I	I
RAD9A	11	LAGOTHRIX_LAGOTRICHA	I	I
RAD9A	11	LEMUR_CATTA	I	I
RAD9A	11	LEONTOPITHECUS_CHRYSOMELAS	I	I
RAD9A	11	LEONTOPITHECUS_ROSALIA	I	I
RAD9A	11	LOPHOCEBUS_ATERRIMUS	I	I
RAD9A	11	LORIS_TARDIGRADUS	I	I
RAD9A	11	MACACA_ARCTOIDES	I	I
RAD9A	11	MACACA_ASSAMENSIS	I	I
RAD9A	11	MACACA_CYCLOPIS	I	I
RAD9A	11	MACACA_FASCICULARIS	I	I
RAD9A	11	MACACA_FUSCATA	I	I
RAD9A	11	MACACA_LEONINA	I	I
RAD9A	11	MACACA_MULATTA	I	I
RAD9A	11	MACACA_NEMESTRINA	I	I
RAD9A	11	MACACA_NIGRA	I	I
RAD9A	11	MACACA_SILENUS	I	I
RAD9A	11	MACACA_THIBETANA_THIBETANA	I	I
RAD9A	11	MANDRILLUS_LEUCOPHAEUS	I	I
RAD9A	11	MANDRILLUS_SPHINX	I	I
RAD9A	11	MICROCEBUS_GRISEORUFUS	I	I
RAD9A	11	MICROCEBUS_MITTERMEIERI	I	I
RAD9A	11	MICROCEBUS_MURINUS	I	I
RAD9A	11	MICROCEBUS_RAVELOBENSIS	I	I
RAD9A	11	MICROCEBUS_SP._3_GT-2019	I	I
RAD9A	11	MICROCEBUS_TAVARATRA	I	I
RAD9A	11	MIRZA_COQUERELI	I	I
RAD9A	11	MIRZA_ZAZA	I	I
RAD9A	11	NASALIS_LARVATUS	PI	PI
RAD9A	11	NOMASCUS_LEUCOGENYS	I	I
RAD9A	11	NYCTICEBUS_BENGALENSIS	I	I
RAD9A	11	NYCTICEBUS_COUCANG	I	I
RAD9A	11	OTOLEMUR_CRASSICAUDATUS	PI	PI
RAD9A	11	OTOLEMUR_GARNETTII	I	I
RAD9A	11	PAN_PANISCUS	I	I
RAD9A	11	PAN_TROGLODYTES	I	I
RAD9A	11	PAPIO_ANUBIS	I	I
RAD9A	11	PAPIO_HAMADRYAS	I	I
RAD9A	11	PAPIO_PAPIO	I	I
RAD9A	11	PILIOCOLOBUS_TEPHROSCELES	I	I
RAD9A	11	PITHECIA_MITTERMEIERI	I	I
RAD9A	11	PITHECIA_PITHECIA	UL	I;UL
RAD9A	11	PITHECIA_VANZOLINII	I	I
RAD9A	11	PLECTUROCEBUS_BERNHARDI	I	I
RAD9A	11	PLECTUROCEBUS_BRUNNEUS	I	I
RAD9A	11	PLECTUROCEBUS_CALIGATUS	I	I
RAD9A	11	PLECTUROCEBUS_CINERASCENS	I	I
RAD9A	11	PLECTUROCEBUS_CUPREUS	I	I
RAD9A	11	PLECTUROCEBUS_DONACOPHILUS	I	I
RAD9A	11	PLECTUROCEBUS_DUBIUS	I	I
RAD9A	11	PLECTUROCEBUS_GROVESI	I	I
RAD9A	11	PLECTUROCEBUS_HOFFMANNSI	I	I
RAD9A	11	PLECTUROCEBUS_MILTONI	I	I
RAD9A	11	PLECTUROCEBUS_MOLOCH	I	I
RAD9A	11	PONGO_ABELII	I	I
RAD9A	11	PONGO_PYGMAEUS	I	I
RAD9A	11	PROLEMUR_SIMUS	I	I
RAD9A	11	PROPITHECUS_COQUERELI	I	I
RAD9A	11	PYGATHRIX_NEMAEUS	I	I
RAD9A	11	PYGATHRIX_NIGRIPES	I	I
RAD9A	11	RHINOPITHECUS_BIETI	I	I
RAD9A	11	RHINOPITHECUS_ROXELLANA	I	I
RAD9A	11	RHINOPITHECUS_STRYKERI	UL	UL
RAD9A	11	SAGUINUS_IMPERATOR	I	I
RAD9A	11	SAGUINUS_MIDAS	I	I
RAD9A	11	SAGUINUS_OEDIPUS	I	I
RAD9A	11	SAIMIRI_BOLIVIENSIS	I	I
RAD9A	11	SAIMIRI_BOLIVIENSIS_BOLIVIENSIS	I	I
RAD9A	11	SAIMIRI_SCIUREUS	PI	PI
RAD9A	11	SAPAJUS_APELLA	UL	I;UL
RAD9A	11	SEMNOPITHECUS_ENTELLUS	I	I
RAD9A	11	SYMPHALANGUS_SYNDACTYLUS	I	I
RAD9A	11	THEROPITHECUS_GELADA	I	I
RAD9A	11	TRACHYPITHECUS_FRANCOISI	I	I
RAD9A	11	TRACHYPITHECUS_GERMAINI	I	I
RAD9A	11	TRACHYPITHECUS_PHAYREI_CREPUSCULA	UL	UL
RAD9A	11	VARECIA_VARIEGATA	I	I
RAD9B	12	ALLENOPITHECUS_NIGROVIRIDIS	I	I
RAD9B	12	ALLOCHROCEBUS_LHOESTI	I	I
RAD9B	12	ALOUATTA_PALLIATA	PI	PI
RAD9B	12	AOTUS_NANCYMAAE	I	I
RAD9B	12	AOTUS_VOCIFERANS	I	I
RAD9B	12	ATELES_BELZEBUTH	I	I
RAD9B	12	ATELES_CHAMEK	PI	PI
RAD9B	12	ATELES_GEOFFROYI	I	I
RAD9B	12	ATELES_MARGINATUS	I	I
RAD9B	12	ATELES_PANISCUS	UL	I;UL
RAD9B	12	CACAJAO_AYRESI	PI	PI
RAD9B	12	CACAJAO_CALVUS	PI	PI
RAD9B	12	CACAJAO_HOSOMI	I	I
RAD9B	12	CACAJAO_MELANOCEPHALUS	PI	PI
RAD9B	12	CALLIMICO_GOELDII	I	I
RAD9B	12	CALLITHRIX_JACCHUS	I	I
RAD9B	12	CALLITHRIX_PENICILLATA	I	I
RAD9B	12	CALLITHRIX_PYGMAEA	I	I
RAD9B	12	CARLITO_SYRICHTA	UL	UL
RAD9B	12	CEBUS_ALBIFRONS	UL	I;UL
RAD9B	12	CEBUS_CAPUCINUS_IMITATOR	I	I
RAD9B	12	CEPHALOPACHUS_BANCANUS	I	I
RAD9B	12	CERCOCEBUS_ATYS	I	I
RAD9B	12	CERCOPITHECUS_ALBOGULARIS	I	I
RAD9B	12	CERCOPITHECUS_MONA	I	I
RAD9B	12	CERCOPITHECUS_NEGLECTUS	PI	PI
RAD9B	12	CHEIROGALEUS_MEDIUS	I	I
RAD9B	12	CHERACEBUS_LUCIFER	M	M
RAD9B	12	CHERACEBUS_LUGENS	PI	PI
RAD9B	12	CHERACEBUS_REGULUS	PI	PI
RAD9B	12	CHERACEBUS_TORQUATUS	I	I
RAD9B	12	CHIROPOTES_ISRAELITA	I	I
RAD9B	12	CHIROPOTES_SAGULATUS	I	I
RAD9B	12	CHLOROCEBUS_AETHIOPS	I	I
RAD9B	12	CHLOROCEBUS_SABAEUS	I	I
RAD9B	12	COLOBUS_ANGOLENSIS_PALLIATUS	I	I
RAD9B	12	COLOBUS_GUEREZA	I	I
RAD9B	12	DAUBENTONIA_MADAGASCARIENSIS	I	I
RAD9B	12	ERYTHROCEBUS_PATAS	PI	I;PI
RAD9B	12	EULEMUR_FLAVIFRONS	I	I
RAD9B	12	EULEMUR_FULVUS	PI	PI
RAD9B	12	EULEMUR_FULVUS_COLLARIS	UL	UL
RAD9B	12	EULEMUR_MACACO	I	I
RAD9B	12	EULEMUR_MONGOZ	UL	UL
RAD9B	12	GALAGO_MOHOLI	I	I
RAD9B	12	GALAGO_SENEGALENSIS	I	I
RAD9B	12	GORILLA_BERINGEI	I	I
RAD9B	12	GORILLA_GORILLA	I	I
RAD9B	12	GORILLA_GORILLA_GORILLA	I	I
RAD9B	12	HOOLOCK_LEUCONEDYS	I	I
RAD9B	12	HYLOBATES_AGILIS	I	I
RAD9B	12	HYLOBATES_MOLOCH	I	I
RAD9B	12	HYLOBATES_PILEATUS	I	I
RAD9B	12	INDRI_INDRI	I	I
RAD9B	12	LAGOTHRIX_LAGOTRICHA	PI	PI
RAD9B	12	LEMUR_CATTA	I	I
RAD9B	12	LEONTOPITHECUS_CHRYSOMELAS	I	I
RAD9B	12	LEONTOPITHECUS_ROSALIA	I	I
RAD9B	12	LOPHOCEBUS_ATERRIMUS	I	I
RAD9B	12	LORIS_TARDIGRADUS	I	I
RAD9B	12	MACACA_ARCTOIDES	I	I
RAD9B	12	MACACA_ASSAMENSIS	UL	I;UL
RAD9B	12	MACACA_CYCLOPIS	I	I
RAD9B	12	MACACA_FASCICULARIS	I	I
RAD9B	12	MACACA_FUSCATA	I	I
RAD9B	12	MACACA_LEONINA	I	I
RAD9B	12	MACACA_MULATTA	I	I
RAD9B	12	MACACA_NEMESTRINA	I	I
RAD9B	12	MACACA_NIGRA	I	I
RAD9B	12	MACACA_SILENUS	I	I
RAD9B	12	MACACA_THIBETANA_THIBETANA	I	I
RAD9B	12	MANDRILLUS_LEUCOPHAEUS	I	I
RAD9B	12	MANDRILLUS_SPHINX	I	I
RAD9B	12	MICROCEBUS_GRISEORUFUS	I	I
RAD9B	12	MICROCEBUS_MITTERMEIERI	I	I
RAD9B	12	MICROCEBUS_MURINUS	I	I
RAD9B	12	MICROCEBUS_RAVELOBENSIS	PI	PI
RAD9B	12	MICROCEBUS_SP._3_GT-2019	PI	PI
RAD9B	12	MICROCEBUS_TAVARATRA	PI	PI
RAD9B	12	MIRZA_COQUERELI	PI	PI
RAD9B	12	MIRZA_ZAZA	PI	PI
RAD9B	12	NASALIS_LARVATUS	PI	PI
RAD9B	12	NOMASCUS_LEUCOGENYS	I	I
RAD9B	12	NYCTICEBUS_BENGALENSIS	I	I
RAD9B	12	NYCTICEBUS_COUCANG	PI	I;PI
RAD9B	12	OTOLEMUR_CRASSICAUDATUS	I	I
RAD9B	12	OTOLEMUR_GARNETTII	I	I
RAD9B	12	PAN_PANISCUS	I	I
RAD9B	12	PAN_TROGLODYTES	I	I
RAD9B	12	PAPIO_ANUBIS	I	I
RAD9B	12	PAPIO_HAMADRYAS	I	I
RAD9B	12	PAPIO_PAPIO	I	I
RAD9B	12	PILIOCOLOBUS_TEPHROSCELES	I	I
RAD9B	12	PITHECIA_MITTERMEIERI	PI	PI
RAD9B	12	PITHECIA_PITHECIA	I	I
RAD9B	12	PITHECIA_VANZOLINII	I	I
RAD9B	12	PLECTUROCEBUS_BERNHARDI	PI	PI
RAD9B	12	PLECTUROCEBUS_BRUNNEUS	I	I
RAD9B	12	PLECTUROCEBUS_CALIGATUS	I	I
RAD9B	12	PLECTUROCEBUS_CINERASCENS	PI	PI
RAD9B	12	PLECTUROCEBUS_CUPREUS	I	I
RAD9B	12	PLECTUROCEBUS_DONACOPHILUS	PI	PI
RAD9B	12	PLECTUROCEBUS_DUBIUS	PI	PI
RAD9B	12	PLECTUROCEBUS_GROVESI	UL	UL
RAD9B	12	PLECTUROCEBUS_HOFFMANNSI	PI	PI
RAD9B	12	PLECTUROCEBUS_MILTONI	I	I
RAD9B	12	PLECTUROCEBUS_MOLOCH	PI	PI
RAD9B	12	PONGO_ABELII	I	I
RAD9B	12	PONGO_PYGMAEUS	I	I
RAD9B	12	PROLEMUR_SIMUS	I	I
RAD9B	12	PROPITHECUS_COQUERELI	I	I
RAD9B	12	PYGATHRIX_NEMAEUS	PI	PI
RAD9B	12	PYGATHRIX_NIGRIPES	I	I
RAD9B	12	RHINOPITHECUS_BIETI	I	I
RAD9B	12	RHINOPITHECUS_ROXELLANA	I	I
RAD9B	12	RHINOPITHECUS_STRYKERI	I	I
RAD9B	12	SAGUINUS_IMPERATOR	PI	PI
RAD9B	12	SAGUINUS_MIDAS	I	I
RAD9B	12	SAGUINUS_OEDIPUS	I	I
RAD9B	12	SAIMIRI_BOLIVIENSIS	I	I
RAD9B	12	SAIMIRI_BOLIVIENSIS_BOLIVIENSIS	PI	I;PI
RAD9B	12	SAIMIRI_SCIUREUS	I	I
RAD9B	12	SAPAJUS_APELLA	I	I
RAD9B	12	SEMNOPITHECUS_ENTELLUS	PI	PI
RAD9B	12	SYMPHALANGUS_SYNDACTYLUS	I	I
RAD9B	12	THEROPITHECUS_GELADA	I	I
RAD9B	12	TRACHYPITHECUS_FRANCOISI	I	I
RAD9B	12	TRACHYPITHECUS_GERMAINI	I	I
RAD9B	12	TRACHYPITHECUS_PHAYREI_CREPUSCULA	I	I
RAD9B	12	VARECIA_VARIEGATA	PI	PI
RBBP8	18	ALLENOPITHECUS_NIGROVIRIDIS	I	I
RBBP8	18	ALLOCHROCEBUS_LHOESTI	I	I
RBBP8	18	ALOUATTA_PALLIATA	I	I
RBBP8	18	AOTUS_NANCYMAAE	I	I
RBBP8	18	AOTUS_VOCIFERANS	I	I
RBBP8	18	ATELES_BELZEBUTH	I	I
RBBP8	18	ATELES_CHAMEK	I	I
RBBP8	18	ATELES_GEOFFROYI	I	I
RBBP8	18	ATELES_MARGINATUS	PI	PI
RBBP8	18	ATELES_PANISCUS	I	I
RBBP8	18	CACAJAO_AYRESI	I	I
RBBP8	18	CACAJAO_CALVUS	I	I
RBBP8	18	CACAJAO_HOSOMI	I	I
RBBP8	18	CACAJAO_MELANOCEPHALUS	PI	PI
RBBP8	18	CALLIMICO_GOELDII	UL	UL
RBBP8	18	CALLITHRIX_JACCHUS	I	I
RBBP8	18	CALLITHRIX_PENICILLATA	I	I
RBBP8	18	CALLITHRIX_PYGMAEA	I	I
RBBP8	18	CARLITO_SYRICHTA	I	I
RBBP8	18	CEBUS_ALBIFRONS	I	I
RBBP8	18	CEBUS_CAPUCINUS_IMITATOR	I	I
RBBP8	18	CEPHALOPACHUS_BANCANUS	I	I
RBBP8	18	CERCOCEBUS_ATYS	I	I
RBBP8	18	CERCOPITHECUS_ALBOGULARIS	UL	UL
RBBP8	18	CERCOPITHECUS_MONA	I	I
RBBP8	18	CERCOPITHECUS_NEGLECTUS	PI	PI
RBBP8	18	CHEIROGALEUS_MEDIUS	I	I
RBBP8	18	CHERACEBUS_REGULUS	I	I
RBBP8	18	CHIROPOTES_ISRAELITA	PI	PI
RBBP8	18	CHLOROCEBUS_AETHIOPS	PG	PG
RBBP8	18	CHLOROCEBUS_SABAEUS	I	I
RBBP8	18	COLOBUS_ANGOLENSIS_PALLIATUS	I	I
RBBP8	18	COLOBUS_GUEREZA	I	I
RBBP8	18	DAUBENTONIA_MADAGASCARIENSIS	I	I
RBBP8	18	ERYTHROCEBUS_PATAS	UL	I;UL
RBBP8	18	EULEMUR_FLAVIFRONS	I	I
RBBP8	18	EULEMUR_FULVUS	I	I
RBBP8	18	EULEMUR_FULVUS_COLLARIS	I	I
RBBP8	18	EULEMUR_MACACO	I	I
RBBP8	18	EULEMUR_MONGOZ	PI	PI
RBBP8	18	GALAGO_MOHOLI	UL	UL
RBBP8	18	GALAGO_SENEGALENSIS	I	I
RBBP8	18	GORILLA_BERINGEI	I	I
RBBP8	18	GORILLA_GORILLA	I	I
RBBP8	18	GORILLA_GORILLA_GORILLA	I	I
RBBP8	18	HOOLOCK_LEUCONEDYS	I	I
RBBP8	18	HYLOBATES_AGILIS	I	I
RBBP8	18	HYLOBATES_MOLOCH	I	I
RBBP8	18	HYLOBATES_PILEATUS	I	I
RBBP8	18	INDRI_INDRI	I	I
RBBP8	18	LAGOTHRIX_LAGOTRICHA	I	I
RBBP8	18	LEMUR_CATTA	I	I
RBBP8	18	LEONTOPITHECUS_CHRYSOMELAS	UL	UL
RBBP8	18	LEONTOPITHECUS_ROSALIA	UL	UL
RBBP8	18	LOPHOCEBUS_ATERRIMUS	I	I
RBBP8	18	LORIS_TARDIGRADUS	I	I
RBBP8	18	MACACA_ARCTOIDES	I	I
RBBP8	18	MACACA_ASSAMENSIS	I	I
RBBP8	18	MACACA_CYCLOPIS	I	I
RBBP8	18	MACACA_FASCICULARIS	I	I
RBBP8	18	MACACA_FUSCATA	I	I
RBBP8	18	MACACA_LEONINA	I	I
RBBP8	18	MACACA_MULATTA	I	I
RBBP8	18	MACACA_NEMESTRINA	UL	UL
RBBP8	18	MACACA_NIGRA	I	I
RBBP8	18	MACACA_SILENUS	I	I
RBBP8	18	MACACA_THIBETANA_THIBETANA	I	I
RBBP8	18	MANDRILLUS_LEUCOPHAEUS	PI	I;PI
RBBP8	18	MANDRILLUS_SPHINX	UL	I;UL
RBBP8	18	MICROCEBUS_GRISEORUFUS	PI	PI
RBBP8	18	MICROCEBUS_MITTERMEIERI	I	I
RBBP8	18	MICROCEBUS_MURINUS	I	I
RBBP8	18	MICROCEBUS_RAVELOBENSIS	I	I
RBBP8	18	MICROCEBUS_SP._3_GT-2019	PI	PI
RBBP8	18	MICROCEBUS_TAVARATRA	UL	UL
RBBP8	18	MIRZA_COQUERELI	I	I
RBBP8	18	MIRZA_ZAZA	I	I
RBBP8	18	NASALIS_LARVATUS	PI	PI
RBBP8	18	NOMASCUS_LEUCOGENYS	I	I
RBBP8	18	NYCTICEBUS_BENGALENSIS	UL	I;UL
RBBP8	18	NYCTICEBUS_COUCANG	PI	I;PI
RBBP8	18	OTOLEMUR_CRASSICAUDATUS	I	I
RBBP8	18	OTOLEMUR_GARNETTII	I	I
RBBP8	18	PAN_PANISCUS	I	I
RBBP8	18	PAN_TROGLODYTES	I	I
RBBP8	18	PAPIO_ANUBIS	I	I
RBBP8	18	PAPIO_HAMADRYAS	I	I
RBBP8	18	PAPIO_PAPIO	I	I
RBBP8	18	PILIOCOLOBUS_TEPHROSCELES	I	I
RBBP8	18	PITHECIA_MITTERMEIERI	PI	PI
RBBP8	18	PITHECIA_PITHECIA	I	I
RBBP8	18	PITHECIA_VANZOLINII	PI	PI
RBBP8	18	PLECTUROCEBUS_BRUNNEUS	PI	PI
RBBP8	18	PLECTUROCEBUS_CALIGATUS	PI	PI
RBBP8	18	PLECTUROCEBUS_CUPREUS	I	I
RBBP8	18	PLECTUROCEBUS_DONACOPHILUS	I	I
RBBP8	18	PLECTUROCEBUS_DUBIUS	PI	PI
RBBP8	18	PLECTUROCEBUS_GROVESI	PI	PI
RBBP8	18	PLECTUROCEBUS_MILTONI	I	I
RBBP8	18	PLECTUROCEBUS_MOLOCH	I	I
RBBP8	18	PONGO_ABELII	I	I
RBBP8	18	PONGO_PYGMAEUS	I	I
RBBP8	18	PROLEMUR_SIMUS	I	I
RBBP8	18	PROPITHECUS_COQUERELI	I	I
RBBP8	18	PYGATHRIX_NEMAEUS	I	I
RBBP8	18	PYGATHRIX_NIGRIPES	I	I
RBBP8	18	RHINOPITHECUS_BIETI	UL	I;UL
RBBP8	18	RHINOPITHECUS_ROXELLANA	I	I
RBBP8	18	RHINOPITHECUS_STRYKERI	I	I
RBBP8	18	SAGUINUS_IMPERATOR	I	I
RBBP8	18	SAGUINUS_MIDAS	I	I
RBBP8	18	SAGUINUS_OEDIPUS	I	I
RBBP8	18	SAIMIRI_BOLIVIENSIS	I	I
RBBP8	18	SAIMIRI_BOLIVIENSIS_BOLIVIENSIS	PI	I;PI
RBBP8	18	SAIMIRI_SCIUREUS	UL	UL
RBBP8	18	SAPAJUS_APELLA	I	I
RBBP8	18	SEMNOPITHECUS_ENTELLUS	PI	PI
RBBP8	18	SYMPHALANGUS_SYNDACTYLUS	I	I
RBBP8	18	THEROPITHECUS_GELADA	I	I
RBBP8	18	TRACHYPITHECUS_FRANCOISI	I	I
RBBP8	18	TRACHYPITHECUS_GERMAINI	I	I
RBBP8	18	TRACHYPITHECUS_PHAYREI_CREPUSCULA	UL	UL
RBBP8	18	VARECIA_VARIEGATA	I	I
REC114	15	ALLENOPITHECUS_NIGROVIRIDIS	I	I
REC114	15	ALLOCHROCEBUS_LHOESTI	I	I
REC114	15	ALOUATTA_PALLIATA	UL	UL
REC114	15	AOTUS_NANCYMAAE	I	I
REC114	15	AOTUS_VOCIFERANS	I	I
REC114	15	ATELES_BELZEBUTH	UL	UL
REC114	15	ATELES_CHAMEK	UL	UL
REC114	15	ATELES_GEOFFROYI	UL	UL
REC114	15	ATELES_MARGINATUS	UL	UL
REC114	15	ATELES_PANISCUS	UL	UL
REC114	15	CACAJAO_AYRESI	I	I
REC114	15	CACAJAO_CALVUS	I	I
REC114	15	CACAJAO_HOSOMI	I	I
REC114	15	CACAJAO_MELANOCEPHALUS	I	I
REC114	15	CALLIMICO_GOELDII	I	I
REC114	15	CALLITHRIX_JACCHUS	I	I
REC114	15	CALLITHRIX_PENICILLATA	I	I
REC114	15	CALLITHRIX_PYGMAEA	I	I
REC114	15	CARLITO_SYRICHTA	I	I
REC114	15	CEBUS_ALBIFRONS	I	I
REC114	15	CEBUS_CAPUCINUS_IMITATOR	I	I
REC114	15	CEPHALOPACHUS_BANCANUS	I	I
REC114	15	CERCOCEBUS_ATYS	I	I
REC114	15	CERCOPITHECUS_ALBOGULARIS	I	I
REC114	15	CERCOPITHECUS_MONA	I	I
REC114	15	CERCOPITHECUS_NEGLECTUS	I	I
REC114	15	CHEIROGALEUS_MEDIUS	I	I
REC114	15	CHERACEBUS_LUCIFER	I	I
REC114	15	CHERACEBUS_LUGENS	I	I
REC114	15	CHERACEBUS_REGULUS	I	I
REC114	15	CHERACEBUS_TORQUATUS	I	I
REC114	15	CHIROPOTES_ISRAELITA	PI	PI
REC114	15	CHIROPOTES_SAGULATUS	I	I
REC114	15	CHLOROCEBUS_AETHIOPS	I	I
REC114	15	CHLOROCEBUS_SABAEUS	I	I
REC114	15	COLOBUS_ANGOLENSIS_PALLIATUS	I	I
REC114	15	COLOBUS_GUEREZA	I	I
REC114	15	DAUBENTONIA_MADAGASCARIENSIS	I	I
REC114	15	ERYTHROCEBUS_PATAS	PI	I;PI
REC114	15	EULEMUR_FLAVIFRONS	I	I
REC114	15	EULEMUR_FULVUS	I	I
REC114	15	EULEMUR_FULVUS_COLLARIS	PI	PI
REC114	15	EULEMUR_MACACO	I	I
REC114	15	EULEMUR_MONGOZ	I	I
REC114	15	GALAGO_MOHOLI	PI	PI
REC114	15	GALAGO_SENEGALENSIS	I	I
REC114	15	GORILLA_BERINGEI	I	I
REC114	15	GORILLA_GORILLA	I	I
REC114	15	GORILLA_GORILLA_GORILLA	I	I
REC114	15	HOOLOCK_LEUCONEDYS	I	I
REC114	15	HYLOBATES_AGILIS	I	I
REC114	15	HYLOBATES_MOLOCH	I	I
REC114	15	HYLOBATES_PILEATUS	I	I
REC114	15	INDRI_INDRI	I	I
REC114	15	LAGOTHRIX_LAGOTRICHA	UL	UL
REC114	15	LEMUR_CATTA	PI	I;PI
REC114	15	LEONTOPITHECUS_CHRYSOMELAS	I	I
REC114	15	LEONTOPITHECUS_ROSALIA	PI	PI
REC114	15	LOPHOCEBUS_ATERRIMUS	I	I
REC114	15	LORIS_TARDIGRADUS	I	I
REC114	15	MACACA_ARCTOIDES	I	I
REC114	15	MACACA_ASSAMENSIS	I	I
REC114	15	MACACA_CYCLOPIS	I	I
REC114	15	MACACA_FASCICULARIS	I	I
REC114	15	MACACA_FUSCATA	I	I
REC114	15	MACACA_LEONINA	I	I
REC114	15	MACACA_MULATTA	I	I
REC114	15	MACACA_NEMESTRINA	I	I
REC114	15	MACACA_NIGRA	I	I
REC114	15	MACACA_SILENUS	I	I
REC114	15	MACACA_THIBETANA_THIBETANA	I	I
REC114	15	MANDRILLUS_LEUCOPHAEUS	I	I
REC114	15	MANDRILLUS_SPHINX	I	I
REC114	15	MICROCEBUS_GRISEORUFUS	I	I
REC114	15	MICROCEBUS_MITTERMEIERI	PM	PM
REC114	15	MICROCEBUS_MURINUS	I	I
REC114	15	MICROCEBUS_RAVELOBENSIS	I	I
REC114	15	MICROCEBUS_SP._3_GT-2019	PI	PI
REC114	15	MICROCEBUS_TAVARATRA	PI	PI
REC114	15	MIRZA_COQUERELI	I	I
REC114	15	MIRZA_ZAZA	I	I
REC114	15	NASALIS_LARVATUS	I	I
REC114	15	NOMASCUS_LEUCOGENYS	I	I
REC114	15	NYCTICEBUS_BENGALENSIS	I	I
REC114	15	NYCTICEBUS_COUCANG	I	I
REC114	15	OTOLEMUR_CRASSICAUDATUS	I	I
REC114	15	OTOLEMUR_GARNETTII	I	I
REC114	15	PAN_PANISCUS	I	I
REC114	15	PAN_TROGLODYTES	I	I
REC114	15	PAPIO_ANUBIS	I	I
REC114	15	PAPIO_HAMADRYAS	I	I
REC114	15	PAPIO_PAPIO	I	I
REC114	15	PILIOCOLOBUS_TEPHROSCELES	I	I
REC114	15	PITHECIA_MITTERMEIERI	I	I
REC114	15	PITHECIA_PITHECIA	I	I
REC114	15	PITHECIA_VANZOLINII	I	I
REC114	15	PLECTUROCEBUS_BERNHARDI	I	I
REC114	15	PLECTUROCEBUS_BRUNNEUS	I	I
REC114	15	PLECTUROCEBUS_CALIGATUS	I	I
REC114	15	PLECTUROCEBUS_CINERASCENS	I	I
REC114	15	PLECTUROCEBUS_CUPREUS	I	I
REC114	15	PLECTUROCEBUS_DONACOPHILUS	I	I
REC114	15	PLECTUROCEBUS_DUBIUS	I	I
REC114	15	PLECTUROCEBUS_GROVESI	I	I
REC114	15	PLECTUROCEBUS_HOFFMANNSI	I	I
REC114	15	PLECTUROCEBUS_MILTONI	I	I
REC114	15	PLECTUROCEBUS_MOLOCH	I	I
REC114	15	PONGO_ABELII	I	I
REC114	15	PONGO_PYGMAEUS	I	I
REC114	15	PROLEMUR_SIMUS	I	I
REC114	15	PROPITHECUS_COQUERELI	I	I
REC114	15	PYGATHRIX_NEMAEUS	I	I
REC114	15	PYGATHRIX_NIGRIPES	I	I
REC114	15	RHINOPITHECUS_BIETI	UL	I;UL
REC114	15	RHINOPITHECUS_ROXELLANA	I	I
REC114	15	RHINOPITHECUS_STRYKERI	I	I
REC114	15	SAGUINUS_IMPERATOR	I	I
REC114	15	SAGUINUS_MIDAS	I	I
REC114	15	SAGUINUS_OEDIPUS	I	I
REC114	15	SAIMIRI_BOLIVIENSIS	UL	UL
REC114	15	SAIMIRI_BOLIVIENSIS_BOLIVIENSIS	UL	UL
REC114	15	SAIMIRI_SCIUREUS	UL	UL
REC114	15	SAPAJUS_APELLA	PI	I;PI
REC114	15	SEMNOPITHECUS_ENTELLUS	I	I
REC114	15	SYMPHALANGUS_SYNDACTYLUS	I	I
REC114	15	THEROPITHECUS_GELADA	I	I
REC114	15	TRACHYPITHECUS_FRANCOISI	I	I
REC114	15	TRACHYPITHECUS_GERMAINI	I	I
REC114	15	TRACHYPITHECUS_PHAYREI_CREPUSCULA	I	I
REC114	15	VARECIA_VARIEGATA	PI	PI
REC8	14	ALLENOPITHECUS_NIGROVIRIDIS	I	I
REC8	14	ALLOCHROCEBUS_LHOESTI	I	I
REC8	14	ALOUATTA_PALLIATA	I	I
REC8	14	AOTUS_NANCYMAAE	I	I
REC8	14	AOTUS_VOCIFERANS	I	I
REC8	14	ATELES_BELZEBUTH	I	I
REC8	14	ATELES_CHAMEK	I	I
REC8	14	ATELES_GEOFFROYI	I	I
REC8	14	ATELES_MARGINATUS	I	I
REC8	14	ATELES_PANISCUS	I	I
REC8	14	CACAJAO_AYRESI	I	I
REC8	14	CACAJAO_CALVUS	I	I
REC8	14	CACAJAO_HOSOMI	I	I
REC8	14	CACAJAO_MELANOCEPHALUS	I	I
REC8	14	CALLIMICO_GOELDII	I	I
REC8	14	CALLITHRIX_JACCHUS	I	I
REC8	14	CALLITHRIX_PENICILLATA	I	I
REC8	14	CALLITHRIX_PYGMAEA	I	I
REC8	14	CARLITO_SYRICHTA	I	I
REC8	14	CEBUS_ALBIFRONS	I	I
REC8	14	CEBUS_CAPUCINUS_IMITATOR	I	I
REC8	14	CEPHALOPACHUS_BANCANUS	I	I
REC8	14	CERCOCEBUS_ATYS	I	I
REC8	14	CERCOPITHECUS_ALBOGULARIS	I	I
REC8	14	CERCOPITHECUS_MONA	I	I
REC8	14	CERCOPITHECUS_NEGLECTUS	I	I
REC8	14	CHEIROGALEUS_MEDIUS	I	I
REC8	14	CHERACEBUS_LUCIFER	I	I
REC8	14	CHERACEBUS_LUGENS	I	I
REC8	14	CHERACEBUS_REGULUS	I	I
REC8	14	CHERACEBUS_TORQUATUS	I	I
REC8	14	CHIROPOTES_ISRAELITA	I	I
REC8	14	CHIROPOTES_SAGULATUS	I	I
REC8	14	CHLOROCEBUS_AETHIOPS	I	I
REC8	14	CHLOROCEBUS_SABAEUS	I	I
REC8	14	COLOBUS_ANGOLENSIS_PALLIATUS	I	I
REC8	14	COLOBUS_GUEREZA	I	I
REC8	14	DAUBENTONIA_MADAGASCARIENSIS	I	I
REC8	14	ERYTHROCEBUS_PATAS	I	I
REC8	14	EULEMUR_FLAVIFRONS	I	I
REC8	14	EULEMUR_FULVUS	I	I
REC8	14	EULEMUR_FULVUS_COLLARIS	I	I
REC8	14	EULEMUR_MACACO	I	I
REC8	14	EULEMUR_MONGOZ	I	I
REC8	14	GALAGO_MOHOLI	I	I
REC8	14	GORILLA_BERINGEI	I	I
REC8	14	GORILLA_GORILLA	I	I
REC8	14	GORILLA_GORILLA_GORILLA	I	I
REC8	14	HOOLOCK_LEUCONEDYS	UL	I;UL
REC8	14	HYLOBATES_AGILIS	PI	PI
REC8	14	HYLOBATES_MOLOCH	I	I
REC8	14	HYLOBATES_PILEATUS	I	I
REC8	14	INDRI_INDRI	I	I
REC8	14	LAGOTHRIX_LAGOTRICHA	I	I
REC8	14	LEMUR_CATTA	I	I
REC8	14	LEONTOPITHECUS_CHRYSOMELAS	I	I
REC8	14	LEONTOPITHECUS_ROSALIA	I	I
REC8	14	LOPHOCEBUS_ATERRIMUS	UL	UL
REC8	14	LORIS_TARDIGRADUS	I	I
REC8	14	MACACA_ARCTOIDES	I	I
REC8	14	MACACA_ASSAMENSIS	I	I
REC8	14	MACACA_CYCLOPIS	I	I
REC8	14	MACACA_FASCICULARIS	I	I
REC8	14	MACACA_FUSCATA	I	I
REC8	14	MACACA_LEONINA	I	I
REC8	14	MACACA_MULATTA	I	I
REC8	14	MACACA_NEMESTRINA	I	I
REC8	14	MACACA_NIGRA	UL	UL
REC8	14	MACACA_SILENUS	I	I
REC8	14	MACACA_THIBETANA_THIBETANA	I	I
REC8	14	MANDRILLUS_LEUCOPHAEUS	I	I
REC8	14	MANDRILLUS_SPHINX	I	I
REC8	14	MICROCEBUS_GRISEORUFUS	I	I
REC8	14	MICROCEBUS_MITTERMEIERI	I	I
REC8	14	MICROCEBUS_MURINUS	I	I
REC8	14	MICROCEBUS_RAVELOBENSIS	I	I
REC8	14	MICROCEBUS_SP._3_GT-2019	I	I
REC8	14	MICROCEBUS_TAVARATRA	I	I
REC8	14	MIRZA_COQUERELI	PI	PI
REC8	14	MIRZA_ZAZA	I	I
REC8	14	NASALIS_LARVATUS	I	I
REC8	14	NOMASCUS_LEUCOGENYS	I	I
REC8	14	NYCTICEBUS_BENGALENSIS	I	I
REC8	14	NYCTICEBUS_COUCANG	I	I
REC8	14	OTOLEMUR_CRASSICAUDATUS	I	I
REC8	14	OTOLEMUR_GARNETTII	I	I
REC8	14	PAN_PANISCUS	I	I
REC8	14	PAN_TROGLODYTES	I	I
REC8	14	PAPIO_ANUBIS	I	I
REC8	14	PAPIO_HAMADRYAS	I	I
REC8	14	PAPIO_PAPIO	I	I
REC8	14	PILIOCOLOBUS_TEPHROSCELES	I	I
REC8	14	PITHECIA_MITTERMEIERI	I	I
REC8	14	PITHECIA_PITHECIA	UL	I;UL
REC8	14	PITHECIA_VANZOLINII	I	I
REC8	14	PLECTUROCEBUS_BERNHARDI	I	I
REC8	14	PLECTUROCEBUS_BRUNNEUS	I	I
REC8	14	PLECTUROCEBUS_CALIGATUS	I	I
REC8	14	PLECTUROCEBUS_CINERASCENS	I	I
REC8	14	PLECTUROCEBUS_CUPREUS	I	I
REC8	14	PLECTUROCEBUS_DONACOPHILUS	I	I
REC8	14	PLECTUROCEBUS_DUBIUS	I	I
REC8	14	PLECTUROCEBUS_GROVESI	I	I
REC8	14	PLECTUROCEBUS_HOFFMANNSI	I	I
REC8	14	PLECTUROCEBUS_MILTONI	I	I
REC8	14	PONGO_ABELII	I	I
REC8	14	PONGO_PYGMAEUS	I	I
REC8	14	PROLEMUR_SIMUS	I	I
REC8	14	PROPITHECUS_COQUERELI	I	I
REC8	14	PYGATHRIX_NEMAEUS	I	I
REC8	14	PYGATHRIX_NIGRIPES	I	I
REC8	14	RHINOPITHECUS_BIETI	I	I
REC8	14	RHINOPITHECUS_ROXELLANA	I	I
REC8	14	RHINOPITHECUS_STRYKERI	I	I
REC8	14	SAGUINUS_IMPERATOR	I	I
REC8	14	SAGUINUS_MIDAS	I	I
REC8	14	SAGUINUS_OEDIPUS	I	I
REC8	14	SAIMIRI_BOLIVIENSIS	I	I
REC8	14	SAIMIRI_BOLIVIENSIS_BOLIVIENSIS	I	I
REC8	14	SAPAJUS_APELLA	I	I
REC8	14	SEMNOPITHECUS_ENTELLUS	PI	PI
REC8	14	SYMPHALANGUS_SYNDACTYLUS	I	I
REC8	14	THEROPITHECUS_GELADA	I	I
REC8	14	TRACHYPITHECUS_FRANCOISI	I	I
REC8	14	TRACHYPITHECUS_GERMAINI	I	I
REC8	14	TRACHYPITHECUS_PHAYREI_CREPUSCULA	I	I
REC8	14	VARECIA_VARIEGATA	I	I
RNF212	4	ALLENOPITHECUS_NIGROVIRIDIS	PI	PI
RNF212	4	ALLOCHROCEBUS_LHOESTI	I	I
RNF212	4	ALOUATTA_PALLIATA	UL	UL
RNF212	4	AOTUS_NANCYMAAE	UL	UL
RNF212	4	AOTUS_VOCIFERANS	UL	UL
RNF212	4	ATELES_BELZEBUTH	UL	UL
RNF212	4	ATELES_CHAMEK	UL	UL
RNF212	4	ATELES_GEOFFROYI	UL	UL
RNF212	4	ATELES_MARGINATUS	UL	UL
RNF212	4	ATELES_PANISCUS	UL	UL
RNF212	4	CACAJAO_AYRESI	I	I
RNF212	4	CACAJAO_CALVUS	I	I
RNF212	4	CACAJAO_HOSOMI	PI	PI
RNF212	4	CACAJAO_MELANOCEPHALUS	I	I
RNF212	4	CALLIMICO_GOELDII	PI	PI
RNF212	4	CALLITHRIX_JACCHUS	UL	UL
RNF212	4	CALLITHRIX_PENICILLATA	UL	UL
RNF212	4	CALLITHRIX_PYGMAEA	UL	UL
RNF212	4	CARLITO_SYRICHTA	UL	UL
RNF212	4	CEBUS_ALBIFRONS	PI	I;PI
RNF212	4	CEBUS_CAPUCINUS_IMITATOR	I	I
RNF212	4	CEPHALOPACHUS_BANCANUS	UL	UL
RNF212	4	CERCOCEBUS_ATYS	UL	UL
RNF212	4	CERCOPITHECUS_ALBOGULARIS	I	I
RNF212	4	CERCOPITHECUS_MONA	I	I
RNF212	4	CERCOPITHECUS_NEGLECTUS	PI	PI
RNF212	4	CHEIROGALEUS_MEDIUS	UL	UL
RNF212	4	CHERACEBUS_LUCIFER	UL	UL
RNF212	4	CHERACEBUS_LUGENS	UL	UL
RNF212	4	CHERACEBUS_REGULUS	UL	UL
RNF212	4	CHERACEBUS_TORQUATUS	UL	UL
RNF212	4	CHIROPOTES_ISRAELITA	I	I
RNF212	4	CHIROPOTES_SAGULATUS	PI	PI
RNF212	4	CHLOROCEBUS_AETHIOPS	I	I
RNF212	4	CHLOROCEBUS_SABAEUS	I	I
RNF212	4	COLOBUS_ANGOLENSIS_PALLIATUS	PI	PI
RNF212	4	COLOBUS_GUEREZA	I	I
RNF212	4	DAUBENTONIA_MADAGASCARIENSIS	I	I
RNF212	4	ERYTHROCEBUS_PATAS	PI	I;PI
RNF212	4	EULEMUR_FLAVIFRONS	UL	UL
RNF212	4	EULEMUR_FULVUS	UL	UL
RNF212	4	EULEMUR_FULVUS_COLLARIS	I	I
RNF212	4	EULEMUR_MACACO	UL	UL
RNF212	4	EULEMUR_MONGOZ	UL	UL
RNF212	4	GALAGO_MOHOLI	I	I
RNF212	4	GALAGO_SENEGALENSIS	PI	PI
RNF212	4	GORILLA_BERINGEI	I	I
RNF212	4	GORILLA_GORILLA	I	I
RNF212	4	GORILLA_GORILLA_GORILLA	I	I
RNF212	4	HOOLOCK_LEUCONEDYS	I	I
RNF212	4	HYLOBATES_AGILIS	I	I
RNF212	4	HYLOBATES_MOLOCH	UL	UL
RNF212	4	HYLOBATES_PILEATUS	UL	UL
RNF212	4	INDRI_INDRI	UL	UL
RNF212	4	LAGOTHRIX_LAGOTRICHA	UL	UL
RNF212	4	LEMUR_CATTA	UL	I;UL
RNF212	4	LEONTOPITHECUS_CHRYSOMELAS	I	I
RNF212	4	LEONTOPITHECUS_ROSALIA	UL	UL
RNF212	4	LOPHOCEBUS_ATERRIMUS	I	I
RNF212	4	LORIS_TARDIGRADUS	I	I
RNF212	4	MACACA_ARCTOIDES	PI	PI
RNF212	4	MACACA_ASSAMENSIS	I	I
RNF212	4	MACACA_CYCLOPIS	I	I
RNF212	4	MACACA_FASCICULARIS	I	I
RNF212	4	MACACA_FUSCATA	I	I
RNF212	4	MACACA_LEONINA	I	I
RNF212	4	MACACA_MULATTA	I	I
RNF212	4	MACACA_NEMESTRINA	I	I
RNF212	4	MACACA_NIGRA	I	I
RNF212	4	MACACA_SILENUS	I	I
RNF212	4	MACACA_THIBETANA_THIBETANA	I	I
RNF212	4	MANDRILLUS_LEUCOPHAEUS	PI	PI
RNF212	4	MANDRILLUS_SPHINX	I	I
RNF212	4	MICROCEBUS_GRISEORUFUS	UL	UL
RNF212	4	MICROCEBUS_MITTERMEIERI	L	L
RNF212	4	MICROCEBUS_MURINUS	UL	UL
RNF212	4	MICROCEBUS_RAVELOBENSIS	UL	UL
RNF212	4	MICROCEBUS_SP._3_GT-2019	UL	UL
RNF212	4	MICROCEBUS_TAVARATRA	UL	UL
RNF212	4	MIRZA_COQUERELI	PI	PI
RNF212	4	MIRZA_ZAZA	UL	UL
RNF212	4	NASALIS_LARVATUS	PI	PI
RNF212	4	NOMASCUS_LEUCOGENYS	I	I
RNF212	4	NYCTICEBUS_BENGALENSIS	L	L
RNF212	4	NYCTICEBUS_COUCANG	I	I
RNF212	4	OTOLEMUR_CRASSICAUDATUS	I	I
RNF212	4	OTOLEMUR_GARNETTII	I	I
RNF212	4	PAN_PANISCUS	I	I
RNF212	4	PAN_TROGLODYTES	I	I
RNF212	4	PAPIO_ANUBIS	I	I
RNF212	4	PAPIO_HAMADRYAS	I	I
RNF212	4	PAPIO_PAPIO	L	L
RNF212	4	PILIOCOLOBUS_TEPHROSCELES	I	I
RNF212	4	PITHECIA_MITTERMEIERI	UL	UL
RNF212	4	PITHECIA_PITHECIA	UL	UL
RNF212	4	PITHECIA_VANZOLINII	UL	UL
RNF212	4	PLECTUROCEBUS_BERNHARDI	UL	UL
RNF212	4	PLECTUROCEBUS_BRUNNEUS	UL	UL
RNF212	4	PLECTUROCEBUS_CALIGATUS	PI	PI
RNF212	4	PLECTUROCEBUS_CINERASCENS	UL	UL
RNF212	4	PLECTUROCEBUS_CUPREUS	UL	UL
RNF212	4	PLECTUROCEBUS_DONACOPHILUS	UL	UL
RNF212	4	PLECTUROCEBUS_DUBIUS	UL	UL
RNF212	4	PLECTUROCEBUS_GROVESI	UL	UL
RNF212	4	PLECTUROCEBUS_HOFFMANNSI	UL	UL
RNF212	4	PLECTUROCEBUS_MILTONI	UL	UL
RNF212	4	PLECTUROCEBUS_MOLOCH	UL	UL
RNF212	4	PONGO_ABELII	I	I
RNF212	4	PONGO_PYGMAEUS	UL	I;UL
RNF212	4	PROLEMUR_SIMUS	UL	UL
RNF212	4	PROPITHECUS_COQUERELI	UL	UL
RNF212	4	PYGATHRIX_NEMAEUS	PI	PI
RNF212	4	PYGATHRIX_NIGRIPES	I	I
RNF212	4	RHINOPITHECUS_BIETI	PI	I;PI
RNF212	4	RHINOPITHECUS_ROXELLANA	I	I
RNF212	4	RHINOPITHECUS_STRYKERI	I	I
RNF212	4	SAGUINUS_IMPERATOR	UL	UL
RNF212	4	SAGUINUS_MIDAS	UL	UL
RNF212	4	SAGUINUS_OEDIPUS	I	I
RNF212	4	SAIMIRI_BOLIVIENSIS	UL	UL
RNF212	4	SAIMIRI_BOLIVIENSIS_BOLIVIENSIS	UL	UL
RNF212	4	SAIMIRI_SCIUREUS	I	I
RNF212	4	SAPAJUS_APELLA	UL	I;UL
RNF212	4	SEMNOPITHECUS_ENTELLUS	PI	PI
RNF212	4	SYMPHALANGUS_SYNDACTYLUS	I	I
RNF212	4	THEROPITHECUS_GELADA	I	I
RNF212	4	TRACHYPITHECUS_FRANCOISI	I	I
RNF212	4	TRACHYPITHECUS_GERMAINI	I	I
RNF212	4	TRACHYPITHECUS_PHAYREI_CREPUSCULA	I	I
RNF212	4	VARECIA_VARIEGATA	PI	PI
RNF212B	14	ALLENOPITHECUS_NIGROVIRIDIS	I	I
RNF212B	14	ALLOCHROCEBUS_LHOESTI	I	I
RNF212B	14	ALOUATTA_PALLIATA	I	I
RNF212B	14	AOTUS_NANCYMAAE	I	I
RNF212B	14	AOTUS_VOCIFERANS	I	I
RNF212B	14	ATELES_BELZEBUTH	PI	PI
RNF212B	14	ATELES_CHAMEK	I	I
RNF212B	14	ATELES_GEOFFROYI	I	I
RNF212B	14	ATELES_MARGINATUS	I	I
RNF212B	14	ATELES_PANISCUS	PI	I;PI
RNF212B	14	CACAJAO_AYRESI	I	I
RNF212B	14	CACAJAO_CALVUS	I	I
RNF212B	14	CACAJAO_HOSOMI	I	I
RNF212B	14	CACAJAO_MELANOCEPHALUS	I	I
RNF212B	14	CALLIMICO_GOELDII	I	I
RNF212B	14	CALLITHRIX_JACCHUS	I	I
RNF212B	14	CALLITHRIX_PENICILLATA	I	I
RNF212B	14	CALLITHRIX_PYGMAEA	I	I
RNF212B	14	CARLITO_SYRICHTA	I	I
RNF212B	14	CEBUS_ALBIFRONS	I	I
RNF212B	14	CEBUS_CAPUCINUS_IMITATOR	PI	PI
RNF212B	14	CEPHALOPACHUS_BANCANUS	I	I
RNF212B	14	CERCOCEBUS_ATYS	I	I
RNF212B	14	CERCOPITHECUS_ALBOGULARIS	I	I
RNF212B	14	CERCOPITHECUS_MONA	I	I
RNF212B	14	CERCOPITHECUS_NEGLECTUS	L	L
RNF212B	14	CHEIROGALEUS_MEDIUS	I	I
RNF212B	14	CHERACEBUS_LUCIFER	I	I
RNF212B	14	CHERACEBUS_LUGENS	I	I
RNF212B	14	CHERACEBUS_REGULUS	I	I
RNF212B	14	CHIROPOTES_ISRAELITA	I	I
RNF212B	14	CHIROPOTES_SAGULATUS	I	I
RNF212B	14	CHLOROCEBUS_AETHIOPS	I	I
RNF212B	14	CHLOROCEBUS_SABAEUS	I	I
RNF212B	14	COLOBUS_ANGOLENSIS_PALLIATUS	I	I
RNF212B	14	COLOBUS_GUEREZA	I	I
RNF212B	14	DAUBENTONIA_MADAGASCARIENSIS	I	I
RNF212B	14	ERYTHROCEBUS_PATAS	PI	I;PI
RNF212B	14	EULEMUR_FLAVIFRONS	I	I
RNF212B	14	EULEMUR_FULVUS	PI	PI
RNF212B	14	EULEMUR_FULVUS_COLLARIS	I	I
RNF212B	14	EULEMUR_MACACO	I	I
RNF212B	14	EULEMUR_MONGOZ	I	I
RNF212B	14	GALAGO_MOHOLI	I	I
RNF212B	14	GORILLA_BERINGEI	PI	PI
RNF212B	14	GORILLA_GORILLA	I	I
RNF212B	14	GORILLA_GORILLA_GORILLA	I	I
RNF212B	14	HOOLOCK_LEUCONEDYS	UL	I;UL
RNF212B	14	HYLOBATES_AGILIS	I	I
RNF212B	14	HYLOBATES_MOLOCH	I	I
RNF212B	14	HYLOBATES_PILEATUS	I	I
RNF212B	14	INDRI_INDRI	I	I
RNF212B	14	LAGOTHRIX_LAGOTRICHA	I	I
RNF212B	14	LEMUR_CATTA	I	I
RNF212B	14	LEONTOPITHECUS_CHRYSOMELAS	I	I
RNF212B	14	LEONTOPITHECUS_ROSALIA	I	I
RNF212B	14	LOPHOCEBUS_ATERRIMUS	I	I
RNF212B	14	LORIS_TARDIGRADUS	UL	UL
RNF212B	14	MACACA_ARCTOIDES	I	I
RNF212B	14	MACACA_ASSAMENSIS	I	I
RNF212B	14	MACACA_CYCLOPIS	I	I
RNF212B	14	MACACA_FASCICULARIS	I	I
RNF212B	14	MACACA_FUSCATA	I	I
RNF212B	14	MACACA_LEONINA	I	I
RNF212B	14	MACACA_MULATTA	I	I
RNF212B	14	MACACA_NEMESTRINA	I	I
RNF212B	14	MACACA_NIGRA	I	I
RNF212B	14	MACACA_SILENUS	I	I
RNF212B	14	MACACA_THIBETANA_THIBETANA	I	I
RNF212B	14	MANDRILLUS_LEUCOPHAEUS	UL	I;UL
RNF212B	14	MANDRILLUS_SPHINX	I	I
RNF212B	14	MICROCEBUS_GRISEORUFUS	PI	PI
RNF212B	14	MICROCEBUS_MITTERMEIERI	PI	PI
RNF212B	14	MICROCEBUS_MURINUS	I	I
RNF212B	14	MICROCEBUS_RAVELOBENSIS	PI	PI
RNF212B	14	MICROCEBUS_SP._3_GT-2019	PI	PI
RNF212B	14	MICROCEBUS_TAVARATRA	PI	PI
RNF212B	14	MIRZA_COQUERELI	PI	PI
RNF212B	14	MIRZA_ZAZA	PI	PI
RNF212B	14	NASALIS_LARVATUS	I	I
RNF212B	14	NOMASCUS_LEUCOGENYS	I	I
RNF212B	14	NYCTICEBUS_BENGALENSIS	UL	UL
RNF212B	14	NYCTICEBUS_COUCANG	UL	UL
RNF212B	14	OTOLEMUR_CRASSICAUDATUS	UL	UL
RNF212B	14	OTOLEMUR_GARNETTII	PI	PI
RNF212B	14	PAN_PANISCUS	I	I
RNF212B	14	PAN_TROGLODYTES	I	I
RNF212B	14	PAPIO_ANUBIS	I	I
RNF212B	14	PAPIO_HAMADRYAS	I	I
RNF212B	14	PAPIO_PAPIO	M	M
RNF212B	14	PILIOCOLOBUS_TEPHROSCELES	I	I
RNF212B	14	PITHECIA_MITTERMEIERI	I	I
RNF212B	14	PITHECIA_PITHECIA	I	I
RNF212B	14	PITHECIA_VANZOLINII	PI	PI
RNF212B	14	PLECTUROCEBUS_BERNHARDI	I	I
RNF212B	14	PLECTUROCEBUS_BRUNNEUS	I	I
RNF212B	14	PLECTUROCEBUS_CALIGATUS	I	I
RNF212B	14	PLECTUROCEBUS_CINERASCENS	I	I
RNF212B	14	PLECTUROCEBUS_CUPREUS	I	I
RNF212B	14	PLECTUROCEBUS_DONACOPHILUS	UL	UL
RNF212B	14	PLECTUROCEBUS_GROVESI	I	I
RNF212B	14	PLECTUROCEBUS_HOFFMANNSI	I	I
RNF212B	14	PLECTUROCEBUS_MILTONI	I	I
RNF212B	14	PLECTUROCEBUS_MOLOCH	I	I
RNF212B	14	PONGO_ABELII	I	I
RNF212B	14	PONGO_PYGMAEUS	I	I
RNF212B	14	PROLEMUR_SIMUS	PI	PI
RNF212B	14	PROPITHECUS_COQUERELI	I	I
RNF212B	14	PYGATHRIX_NEMAEUS	I	I
RNF212B	14	PYGATHRIX_NIGRIPES	I	I
RNF212B	14	RHINOPITHECUS_BIETI	I	I
RNF212B	14	RHINOPITHECUS_ROXELLANA	I	I
RNF212B	14	RHINOPITHECUS_STRYKERI	I	I
RNF212B	14	SAGUINUS_IMPERATOR	I	I
RNF212B	14	SAGUINUS_MIDAS	I	I
RNF212B	14	SAGUINUS_OEDIPUS	I	I
RNF212B	14	SAIMIRI_BOLIVIENSIS	I	I
RNF212B	14	SAIMIRI_BOLIVIENSIS_BOLIVIENSIS	I	I
RNF212B	14	SAIMIRI_SCIUREUS	I	I
RNF212B	14	SAPAJUS_APELLA	I	I
RNF212B	14	SEMNOPITHECUS_ENTELLUS	I	I
RNF212B	14	SYMPHALANGUS_SYNDACTYLUS	I	I
RNF212B	14	THEROPITHECUS_GELADA	I	I
RNF212B	14	TRACHYPITHECUS_FRANCOISI	I	I
RNF212B	14	TRACHYPITHECUS_GERMAINI	I	I
RNF212B	14	TRACHYPITHECUS_PHAYREI_CREPUSCULA	I	I
RNF212B	14	VARECIA_VARIEGATA	PI	PI
RPA1	17	ALLENOPITHECUS_NIGROVIRIDIS	I	I
RPA1	17	ALLOCHROCEBUS_LHOESTI	I	I
RPA1	17	ALOUATTA_PALLIATA	I	I
RPA1	17	AOTUS_NANCYMAAE	I	I
RPA1	17	AOTUS_VOCIFERANS	I	I
RPA1	17	ATELES_BELZEBUTH	I	I
RPA1	17	ATELES_CHAMEK	I	I
RPA1	17	ATELES_GEOFFROYI	I	I
RPA1	17	ATELES_MARGINATUS	I	I
RPA1	17	ATELES_PANISCUS	I	I
RPA1	17	CACAJAO_AYRESI	I	I
RPA1	17	CACAJAO_CALVUS	I	I
RPA1	17	CACAJAO_HOSOMI	I	I
RPA1	17	CACAJAO_MELANOCEPHALUS	I	I
RPA1	17	CALLIMICO_GOELDII	PI	PI
RPA1	17	CALLITHRIX_JACCHUS	I	I
RPA1	17	CALLITHRIX_PENICILLATA	I	I
RPA1	17	CALLITHRIX_PYGMAEA	PI	PI
RPA1	17	CARLITO_SYRICHTA	I	I
RPA1	17	CEBUS_ALBIFRONS	PI	I;PI
RPA1	17	CEBUS_CAPUCINUS_IMITATOR	PI	PI
RPA1	17	CEPHALOPACHUS_BANCANUS	I	I
RPA1	17	CERCOCEBUS_ATYS	PI	PI
RPA1	17	CERCOPITHECUS_ALBOGULARIS	I	I
RPA1	17	CERCOPITHECUS_MONA	I	I
RPA1	17	CERCOPITHECUS_NEGLECTUS	PI	PI
RPA1	17	CHEIROGALEUS_MEDIUS	I	I
RPA1	17	CHERACEBUS_LUCIFER	I	I
RPA1	17	CHERACEBUS_LUGENS	I	I
RPA1	17	CHERACEBUS_TORQUATUS	I	I
RPA1	17	CHIROPOTES_ISRAELITA	I	I
RPA1	17	CHIROPOTES_SAGULATUS	I	I
RPA1	17	CHLOROCEBUS_AETHIOPS	I	I
RPA1	17	CHLOROCEBUS_SABAEUS	PI	PI
RPA1	17	COLOBUS_ANGOLENSIS_PALLIATUS	PI	PI
RPA1	17	COLOBUS_GUEREZA	I	I
RPA1	17	DAUBENTONIA_MADAGASCARIENSIS	I	I
RPA1	17	ERYTHROCEBUS_PATAS	PM	I;PM
RPA1	17	EULEMUR_FLAVIFRONS	I	I
RPA1	17	EULEMUR_FULVUS	PM	PM
RPA1	17	EULEMUR_FULVUS_COLLARIS	I	I
RPA1	17	EULEMUR_MACACO	I	I
RPA1	17	EULEMUR_MONGOZ	I	I
RPA1	17	GALAGO_MOHOLI	UL	UL
RPA1	17	GORILLA_BERINGEI	I	I
RPA1	17	GORILLA_GORILLA	I	I
RPA1	17	GORILLA_GORILLA_GORILLA	I	I
RPA1	17	HOOLOCK_LEUCONEDYS	I	I
RPA1	17	HYLOBATES_AGILIS	I	I
RPA1	17	HYLOBATES_MOLOCH	I	I
RPA1	17	HYLOBATES_PILEATUS	I	I
RPA1	17	INDRI_INDRI	I	I
RPA1	17	LAGOTHRIX_LAGOTRICHA	I	I
RPA1	17	LEMUR_CATTA	PI	I;PI
RPA1	17	LEONTOPITHECUS_CHRYSOMELAS	I	I
RPA1	17	LEONTOPITHECUS_ROSALIA	I	I
RPA1	17	LOPHOCEBUS_ATERRIMUS	UL	UL
RPA1	17	LORIS_TARDIGRADUS	I	I
RPA1	17	MACACA_ARCTOIDES	PI	PI
RPA1	17	MACACA_ASSAMENSIS	I	I
RPA1	17	MACACA_CYCLOPIS	I	I
RPA1	17	MACACA_FASCICULARIS	UL	I;UL
RPA1	17	MACACA_FUSCATA	I	I
RPA1	17	MACACA_LEONINA	I	I
RPA1	17	MACACA_MULATTA	I	I
RPA1	17	MACACA_NEMESTRINA	PI	PI
RPA1	17	MACACA_NIGRA	I	I
RPA1	17	MACACA_SILENUS	I	I
RPA1	17	MACACA_THIBETANA_THIBETANA	I	I
RPA1	17	MANDRILLUS_LEUCOPHAEUS	PI	PI
RPA1	17	MANDRILLUS_SPHINX	I	I
RPA1	17	MICROCEBUS_GRISEORUFUS	PI	PI
RPA1	17	MICROCEBUS_MITTERMEIERI	I	I
RPA1	17	MICROCEBUS_MURINUS	I	I
RPA1	17	MICROCEBUS_RAVELOBENSIS	I	I
RPA1	17	MICROCEBUS_SP._3_GT-2019	I	I
RPA1	17	MICROCEBUS_TAVARATRA	PI	PI
RPA1	17	MIRZA_COQUERELI	I	I
RPA1	17	MIRZA_ZAZA	PM	PM
RPA1	17	NASALIS_LARVATUS	L	L
RPA1	17	NOMASCUS_LEUCOGENYS	I	I
RPA1	17	NYCTICEBUS_BENGALENSIS	I	I
RPA1	17	NYCTICEBUS_COUCANG	I	I
RPA1	17	OTOLEMUR_CRASSICAUDATUS	PI	PI
RPA1	17	OTOLEMUR_GARNETTII	I	I
RPA1	17	PAN_PANISCUS	I	I
RPA1	17	PAN_TROGLODYTES	I	I
RPA1	17	PAPIO_ANUBIS	I	I
RPA1	17	PAPIO_HAMADRYAS	I	I
RPA1	17	PAPIO_PAPIO	PI	PI
RPA1	17	PILIOCOLOBUS_TEPHROSCELES	I	I
RPA1	17	PITHECIA_PITHECIA	PM	I;PM
RPA1	17	PLECTUROCEBUS_BERNHARDI	I	I
RPA1	17	PLECTUROCEBUS_BRUNNEUS	PI	PI
RPA1	17	PLECTUROCEBUS_CALIGATUS	PI	PI
RPA1	17	PLECTUROCEBUS_CINERASCENS	I	I
RPA1	17	PLECTUROCEBUS_CUPREUS	I	I
RPA1	17	PLECTUROCEBUS_DONACOPHILUS	PM	PM
RPA1	17	PLECTUROCEBUS_GROVESI	I	I
RPA1	17	PLECTUROCEBUS_MILTONI	I	I
RPA1	17	PLECTUROCEBUS_MOLOCH	I	I
RPA1	17	PONGO_ABELII	I	I
RPA1	17	PONGO_PYGMAEUS	I	I
RPA1	17	PROLEMUR_SIMUS	I	I
RPA1	17	PROPITHECUS_COQUERELI	I	I
RPA1	17	PYGATHRIX_NEMAEUS	I	I
RPA1	17	PYGATHRIX_NIGRIPES	UL	UL
RPA1	17	RHINOPITHECUS_BIETI	I	I
RPA1	17	RHINOPITHECUS_ROXELLANA	I	I
RPA1	17	RHINOPITHECUS_STRYKERI	I	I
RPA1	17	SAGUINUS_IMPERATOR	I	I
RPA1	17	SAGUINUS_MIDAS	I	I
RPA1	17	SAGUINUS_OEDIPUS	I	I
RPA1	17	SAIMIRI_BOLIVIENSIS	L	L
RPA1	17	SAIMIRI_BOLIVIENSIS_BOLIVIENSIS	I	I
RPA1	17	SAIMIRI_SCIUREUS	I	I
RPA1	17	SAPAJUS_APELLA	I	I
RPA1	17	SEMNOPITHECUS_ENTELLUS	PI	PI
RPA1	17	SYMPHALANGUS_SYNDACTYLUS	I	I
RPA1	17	THEROPITHECUS_GELADA	I	I
RPA1	17	TRACHYPITHECUS_FRANCOISI	I	I
RPA1	17	TRACHYPITHECUS_GERMAINI	I	I
RPA1	17	TRACHYPITHECUS_PHAYREI_CREPUSCULA	UL	UL
RPA1	17	VARECIA_VARIEGATA	I	I
RPA2	1	ALLENOPITHECUS_NIGROVIRIDIS	I	I
RPA2	1	ALLOCHROCEBUS_LHOESTI	I	I
RPA2	1	ALOUATTA_PALLIATA	PI	PI
RPA2	1	AOTUS_NANCYMAAE	UL	UL
RPA2	1	AOTUS_VOCIFERANS	I	I
RPA2	1	ATELES_BELZEBUTH	I	I
RPA2	1	ATELES_CHAMEK	I	I
RPA2	1	ATELES_GEOFFROYI	I	I
RPA2	1	ATELES_PANISCUS	PI	I;PI
RPA2	1	CACAJAO_AYRESI	I	I
RPA2	1	CACAJAO_CALVUS	I	I
RPA2	1	CACAJAO_HOSOMI	I	I
RPA2	1	CACAJAO_MELANOCEPHALUS	PI	PI
RPA2	1	CALLIMICO_GOELDII	PI	PI
RPA2	1	CALLITHRIX_JACCHUS	I	I
RPA2	1	CALLITHRIX_PENICILLATA	PI	PI
RPA2	1	CALLITHRIX_PYGMAEA	I	I
RPA2	1	CARLITO_SYRICHTA	I	I
RPA2	1	CEBUS_ALBIFRONS	PI	I;PI
RPA2	1	CEBUS_CAPUCINUS_IMITATOR	PI	PI
RPA2	1	CEPHALOPACHUS_BANCANUS	I	I
RPA2	1	CERCOCEBUS_ATYS	I	I
RPA2	1	CERCOPITHECUS_ALBOGULARIS	I	I
RPA2	1	CERCOPITHECUS_MONA	I	I
RPA2	1	CERCOPITHECUS_NEGLECTUS	I	I
RPA2	1	CHEIROGALEUS_MEDIUS	I	I
RPA2	1	CHERACEBUS_LUCIFER	I	I
RPA2	1	CHERACEBUS_LUGENS	I	I
RPA2	1	CHERACEBUS_REGULUS	PI	PI
RPA2	1	CHIROPOTES_ISRAELITA	I	I
RPA2	1	CHIROPOTES_SAGULATUS	I	I
RPA2	1	CHLOROCEBUS_AETHIOPS	I	I
RPA2	1	CHLOROCEBUS_SABAEUS	I	I
RPA2	1	COLOBUS_ANGOLENSIS_PALLIATUS	I	I
RPA2	1	COLOBUS_GUEREZA	I	I
RPA2	1	DAUBENTONIA_MADAGASCARIENSIS	I	I
RPA2	1	ERYTHROCEBUS_PATAS	PI	I;PI
RPA2	1	EULEMUR_FLAVIFRONS	I	I
RPA2	1	EULEMUR_FULVUS	L	L
RPA2	1	EULEMUR_FULVUS_COLLARIS	I	I
RPA2	1	EULEMUR_MACACO	I	I
RPA2	1	EULEMUR_MONGOZ	I	I
RPA2	1	GALAGO_MOHOLI	I	I
RPA2	1	GALAGO_SENEGALENSIS	PI	PI
RPA2	1	GORILLA_BERINGEI	I	I
RPA2	1	GORILLA_GORILLA	I	I
RPA2	1	GORILLA_GORILLA_GORILLA	I	I
RPA2	1	HOOLOCK_LEUCONEDYS	I	I
RPA2	1	HYLOBATES_AGILIS	I	I
RPA2	1	HYLOBATES_MOLOCH	I	I
RPA2	1	HYLOBATES_PILEATUS	I	I
RPA2	1	INDRI_INDRI	PI	PI
RPA2	1	LAGOTHRIX_LAGOTRICHA	I	I
RPA2	1	LEMUR_CATTA	I	I
RPA2	1	LEONTOPITHECUS_CHRYSOMELAS	I	I
RPA2	1	LEONTOPITHECUS_ROSALIA	I	I
RPA2	1	LOPHOCEBUS_ATERRIMUS	I	I
RPA2	1	LORIS_TARDIGRADUS	I	I
RPA2	1	MACACA_ARCTOIDES	I	I
RPA2	1	MACACA_ASSAMENSIS	I	I
RPA2	1	MACACA_CYCLOPIS	I	I
RPA2	1	MACACA_FASCICULARIS	I	I
RPA2	1	MACACA_FUSCATA	I	I
RPA2	1	MACACA_LEONINA	I	I
RPA2	1	MACACA_MULATTA	I	I
RPA2	1	MACACA_NEMESTRINA	I	I
RPA2	1	MACACA_NIGRA	I	I
RPA2	1	MACACA_SILENUS	I	I
RPA2	1	MACACA_THIBETANA_THIBETANA	I	I
RPA2	1	MANDRILLUS_LEUCOPHAEUS	I	I
RPA2	1	MANDRILLUS_SPHINX	I	I
RPA2	1	MICROCEBUS_GRISEORUFUS	PI	PI
RPA2	1	MICROCEBUS_MITTERMEIERI	PI	PI
RPA2	1	MICROCEBUS_MURINUS	L	L
RPA2	1	MICROCEBUS_RAVELOBENSIS	UL	UL
RPA2	1	MICROCEBUS_SP._3_GT-2019	PI	PI
RPA2	1	MICROCEBUS_TAVARATRA	UL	UL
RPA2	1	MIRZA_COQUERELI	I	I
RPA2	1	MIRZA_ZAZA	I	I
RPA2	1	NASALIS_LARVATUS	PI	PI
RPA2	1	NOMASCUS_LEUCOGENYS	I	I
RPA2	1	NYCTICEBUS_BENGALENSIS	UL	I;UL
RPA2	1	NYCTICEBUS_COUCANG	I	I
RPA2	1	OTOLEMUR_CRASSICAUDATUS	I	I
RPA2	1	OTOLEMUR_GARNETTII	I	I
RPA2	1	PAN_PANISCUS	I	I
RPA2	1	PAN_TROGLODYTES	I	I
RPA2	1	PAPIO_ANUBIS	I	I
RPA2	1	PAPIO_HAMADRYAS	I	I
RPA2	1	PAPIO_PAPIO	I	I
RPA2	1	PILIOCOLOBUS_TEPHROSCELES	I	I
RPA2	1	PITHECIA_MITTERMEIERI	I	I
RPA2	1	PITHECIA_PITHECIA	I	I
RPA2	1	PITHECIA_VANZOLINII	I	I
RPA2	1	PLECTUROCEBUS_BERNHARDI	I	I
RPA2	1	PLECTUROCEBUS_BRUNNEUS	I	I
RPA2	1	PLECTUROCEBUS_CALIGATUS	I	I
RPA2	1	PLECTUROCEBUS_CINERASCENS	PI	PI
RPA2	1	PLECTUROCEBUS_CUPREUS	I	I
RPA2	1	PLECTUROCEBUS_DONACOPHILUS	I	I
RPA2	1	PLECTUROCEBUS_DUBIUS	I	I
RPA2	1	PLECTUROCEBUS_GROVESI	I	I
RPA2	1	PLECTUROCEBUS_HOFFMANNSI	I	I
RPA2	1	PLECTUROCEBUS_MILTONI	I	I
RPA2	1	PLECTUROCEBUS_MOLOCH	PI	PI
RPA2	1	PONGO_ABELII	I	I
RPA2	1	PONGO_PYGMAEUS	I	I
RPA2	1	PROLEMUR_SIMUS	I	I
RPA2	1	PROPITHECUS_COQUERELI	I	I
RPA2	1	PYGATHRIX_NEMAEUS	I	I
RPA2	1	PYGATHRIX_NIGRIPES	I	I
RPA2	1	RHINOPITHECUS_BIETI	I	I
RPA2	1	RHINOPITHECUS_ROXELLANA	I	I
RPA2	1	RHINOPITHECUS_STRYKERI	I	I
RPA2	1	SAGUINUS_IMPERATOR	PI	PI
RPA2	1	SAGUINUS_MIDAS	I	I
RPA2	1	SAGUINUS_OEDIPUS	I	I
RPA2	1	SAIMIRI_BOLIVIENSIS	PI	PI
RPA2	1	SAIMIRI_BOLIVIENSIS_BOLIVIENSIS	PI	I;PI
RPA2	1	SAIMIRI_SCIUREUS	PM	PM
RPA2	1	SAPAJUS_APELLA	PI	I;PI
RPA2	1	SEMNOPITHECUS_ENTELLUS	I	I
RPA2	1	SYMPHALANGUS_SYNDACTYLUS	I	I
RPA2	1	THEROPITHECUS_GELADA	I	I
RPA2	1	TRACHYPITHECUS_FRANCOISI	I	I
RPA2	1	TRACHYPITHECUS_GERMAINI	I	I
RPA2	1	TRACHYPITHECUS_PHAYREI_CREPUSCULA	I	I
RPA2	1	VARECIA_VARIEGATA	I	I
RPA3	7	ALLENOPITHECUS_NIGROVIRIDIS	I	I
RPA3	7	ALLOCHROCEBUS_LHOESTI	I	I
RPA3	7	ALOUATTA_PALLIATA	I	I
RPA3	7	AOTUS_NANCYMAAE	I	I
RPA3	7	AOTUS_VOCIFERANS	I	I
RPA3	7	ATELES_BELZEBUTH	I	I
RPA3	7	ATELES_CHAMEK	I	I
RPA3	7	ATELES_GEOFFROYI	I	I
RPA3	7	ATELES_MARGINATUS	I	I
RPA3	7	ATELES_PANISCUS	I	I
RPA3	7	CACAJAO_AYRESI	I	I
RPA3	7	CACAJAO_CALVUS	I	I
RPA3	7	CACAJAO_HOSOMI	I	I
RPA3	7	CALLIMICO_GOELDII	I	I
RPA3	7	CALLITHRIX_JACCHUS	I	I
RPA3	7	CALLITHRIX_PENICILLATA	I	I
RPA3	7	CALLITHRIX_PYGMAEA	I	I
RPA3	7	CARLITO_SYRICHTA	I	I
RPA3	7	CEBUS_ALBIFRONS	I	I
RPA3	7	CEBUS_CAPUCINUS_IMITATOR	I	I
RPA3	7	CEPHALOPACHUS_BANCANUS	I	I
RPA3	7	CERCOCEBUS_ATYS	I	I
RPA3	7	CERCOPITHECUS_ALBOGULARIS	I	I
RPA3	7	CERCOPITHECUS_MONA	I	I
RPA3	7	CERCOPITHECUS_NEGLECTUS	I	I
RPA3	7	CHEIROGALEUS_MEDIUS	I	I
RPA3	7	CHERACEBUS_LUCIFER	I	I
RPA3	7	CHERACEBUS_LUGENS	I	I
RPA3	7	CHERACEBUS_REGULUS	I	I
RPA3	7	CHERACEBUS_TORQUATUS	I	I
RPA3	7	CHIROPOTES_ISRAELITA	I	I
RPA3	7	CHIROPOTES_SAGULATUS	I	I
RPA3	7	CHLOROCEBUS_AETHIOPS	I	I
RPA3	7	CHLOROCEBUS_SABAEUS	I	I
RPA3	7	COLOBUS_ANGOLENSIS_PALLIATUS	I	I
RPA3	7	COLOBUS_GUEREZA	I	I
RPA3	7	DAUBENTONIA_MADAGASCARIENSIS	I	I
RPA3	7	ERYTHROCEBUS_PATAS	I	I
RPA3	7	EULEMUR_FLAVIFRONS	I	I
RPA3	7	EULEMUR_FULVUS	I	I
RPA3	7	EULEMUR_FULVUS_COLLARIS	I	I
RPA3	7	EULEMUR_MACACO	I	I
RPA3	7	EULEMUR_MONGOZ	I	I
RPA3	7	GALAGO_MOHOLI	I	I
RPA3	7	GALAGO_SENEGALENSIS	I	I
RPA3	7	GORILLA_BERINGEI	I	I
RPA3	7	GORILLA_GORILLA	I	I
RPA3	7	GORILLA_GORILLA_GORILLA	I	I
RPA3	7	HOOLOCK_LEUCONEDYS	I	I
RPA3	7	HYLOBATES_AGILIS	I	I
RPA3	7	HYLOBATES_MOLOCH	I	I
RPA3	7	HYLOBATES_PILEATUS	I	I
RPA3	7	INDRI_INDRI	I	I
RPA3	7	LAGOTHRIX_LAGOTRICHA	I	I
RPA3	7	LEMUR_CATTA	I	I
RPA3	7	LEONTOPITHECUS_CHRYSOMELAS	I	I
RPA3	7	LEONTOPITHECUS_ROSALIA	I	I
RPA3	7	LOPHOCEBUS_ATERRIMUS	I	I
RPA3	7	LORIS_TARDIGRADUS	I	I
RPA3	7	MACACA_ARCTOIDES	I	I
RPA3	7	MACACA_ASSAMENSIS	I	I
RPA3	7	MACACA_CYCLOPIS	I	I
RPA3	7	MACACA_FASCICULARIS	I	I
RPA3	7	MACACA_FUSCATA	I	I
RPA3	7	MACACA_LEONINA	I	I
RPA3	7	MACACA_MULATTA	I	I
RPA3	7	MACACA_NEMESTRINA	I	I
RPA3	7	MACACA_NIGRA	I	I
RPA3	7	MACACA_SILENUS	I	I
RPA3	7	MACACA_THIBETANA_THIBETANA	I	I
RPA3	7	MANDRILLUS_LEUCOPHAEUS	I	I
RPA3	7	MANDRILLUS_SPHINX	I	I
RPA3	7	MICROCEBUS_GRISEORUFUS	PI	PI
RPA3	7	MICROCEBUS_MITTERMEIERI	I	I
RPA3	7	MICROCEBUS_MURINUS	I	I
RPA3	7	MICROCEBUS_RAVELOBENSIS	I	I
RPA3	7	MICROCEBUS_SP._3_GT-2019	I	I
RPA3	7	MICROCEBUS_TAVARATRA	I	I
RPA3	7	MIRZA_COQUERELI	I	I
RPA3	7	MIRZA_ZAZA	I	I
RPA3	7	NASALIS_LARVATUS	L	L
RPA3	7	NOMASCUS_LEUCOGENYS	I	I
RPA3	7	NYCTICEBUS_BENGALENSIS	I	I
RPA3	7	NYCTICEBUS_COUCANG	PI	I;PI
RPA3	7	OTOLEMUR_CRASSICAUDATUS	I	I
RPA3	7	OTOLEMUR_GARNETTII	I	I
RPA3	7	PAN_PANISCUS	I	I
RPA3	7	PAN_TROGLODYTES	I	I
RPA3	7	PAPIO_ANUBIS	I	I
RPA3	7	PAPIO_HAMADRYAS	I	I
RPA3	7	PAPIO_PAPIO	I	I
RPA3	7	PILIOCOLOBUS_TEPHROSCELES	I	I
RPA3	7	PITHECIA_MITTERMEIERI	I	I
RPA3	7	PITHECIA_PITHECIA	I	I
RPA3	7	PITHECIA_VANZOLINII	I	I
RPA3	7	PLECTUROCEBUS_BERNHARDI	I	I
RPA3	7	PLECTUROCEBUS_BRUNNEUS	I	I
RPA3	7	PLECTUROCEBUS_CALIGATUS	I	I
RPA3	7	PLECTUROCEBUS_CINERASCENS	I	I
RPA3	7	PLECTUROCEBUS_CUPREUS	I	I
RPA3	7	PLECTUROCEBUS_DONACOPHILUS	I	I
RPA3	7	PLECTUROCEBUS_GROVESI	I	I
RPA3	7	PLECTUROCEBUS_HOFFMANNSI	I	I
RPA3	7	PLECTUROCEBUS_MILTONI	I	I
RPA3	7	PLECTUROCEBUS_MOLOCH	I	I
RPA3	7	PONGO_ABELII	I	I
RPA3	7	PONGO_PYGMAEUS	I	I
RPA3	7	PROLEMUR_SIMUS	I	I
RPA3	7	PROPITHECUS_COQUERELI	PI	PI
RPA3	7	PYGATHRIX_NEMAEUS	I	I
RPA3	7	PYGATHRIX_NIGRIPES	I	I
RPA3	7	RHINOPITHECUS_BIETI	I	I
RPA3	7	RHINOPITHECUS_ROXELLANA	I	I
RPA3	7	RHINOPITHECUS_STRYKERI	I	I
RPA3	7	SAGUINUS_IMPERATOR	I	I
RPA3	7	SAGUINUS_MIDAS	I	I
RPA3	7	SAGUINUS_OEDIPUS	I	I
RPA3	7	SAIMIRI_BOLIVIENSIS	I	I
RPA3	7	SAIMIRI_BOLIVIENSIS_BOLIVIENSIS	I	I
RPA3	7	SAIMIRI_SCIUREUS	I	I
RPA3	7	SAPAJUS_APELLA	I	I
RPA3	7	SEMNOPITHECUS_ENTELLUS	I	I
RPA3	7	SYMPHALANGUS_SYNDACTYLUS	I	I
RPA3	7	THEROPITHECUS_GELADA	I	I
RPA3	7	TRACHYPITHECUS_FRANCOISI	I	I
RPA3	7	TRACHYPITHECUS_GERMAINI	I	I
RPA3	7	TRACHYPITHECUS_PHAYREI_CREPUSCULA	I	I
RPA3	7	VARECIA_VARIEGATA	I	I
SHOC1	9	ALLENOPITHECUS_NIGROVIRIDIS	I	I
SHOC1	9	ALLOCHROCEBUS_LHOESTI	I	I
SHOC1	9	ALOUATTA_PALLIATA	I	I
SHOC1	9	AOTUS_NANCYMAAE	UL	UL
SHOC1	9	AOTUS_VOCIFERANS	I	I
SHOC1	9	ATELES_BELZEBUTH	PI	PI
SHOC1	9	ATELES_CHAMEK	I	I
SHOC1	9	ATELES_GEOFFROYI	I	I
SHOC1	9	ATELES_MARGINATUS	PI	PI
SHOC1	9	ATELES_PANISCUS	I	I
SHOC1	9	CACAJAO_AYRESI	I	I
SHOC1	9	CACAJAO_CALVUS	I	I
SHOC1	9	CACAJAO_HOSOMI	I	I
SHOC1	9	CACAJAO_MELANOCEPHALUS	I	I
SHOC1	9	CALLIMICO_GOELDII	PI	PI
SHOC1	9	CALLITHRIX_JACCHUS	I	I
SHOC1	9	CALLITHRIX_PENICILLATA	I	I
SHOC1	9	CALLITHRIX_PYGMAEA	I	I
SHOC1	9	CARLITO_SYRICHTA	I	I
SHOC1	9	CEBUS_ALBIFRONS	I	I
SHOC1	9	CEBUS_CAPUCINUS_IMITATOR	I	I
SHOC1	9	CEPHALOPACHUS_BANCANUS	I	I
SHOC1	9	CERCOCEBUS_ATYS	I	I
SHOC1	9	CERCOPITHECUS_ALBOGULARIS	I	I
SHOC1	9	CERCOPITHECUS_MONA	I	I
SHOC1	9	CERCOPITHECUS_NEGLECTUS	I	I
SHOC1	9	CHEIROGALEUS_MEDIUS	I	I
SHOC1	9	CHERACEBUS_LUCIFER	I	I
SHOC1	9	CHERACEBUS_TORQUATUS	I	I
SHOC1	9	CHIROPOTES_ISRAELITA	I	I
SHOC1	9	CHIROPOTES_SAGULATUS	I	I
SHOC1	9	CHLOROCEBUS_AETHIOPS	I	I
SHOC1	9	CHLOROCEBUS_SABAEUS	I	I
SHOC1	9	COLOBUS_ANGOLENSIS_PALLIATUS	I	I
SHOC1	9	COLOBUS_GUEREZA	I	I
SHOC1	9	DAUBENTONIA_MADAGASCARIENSIS	I	I
SHOC1	9	ERYTHROCEBUS_PATAS	I	I
SHOC1	9	EULEMUR_FLAVIFRONS	I	I
SHOC1	9	EULEMUR_FULVUS	PI	PI
SHOC1	9	EULEMUR_FULVUS_COLLARIS	UL	UL
SHOC1	9	EULEMUR_MACACO	I	I
SHOC1	9	EULEMUR_MONGOZ	PI	PI
SHOC1	9	GALAGO_MOHOLI	I	I
SHOC1	9	GALAGO_SENEGALENSIS	UL	UL
SHOC1	9	GORILLA_BERINGEI	I	I
SHOC1	9	GORILLA_GORILLA	I	I
SHOC1	9	GORILLA_GORILLA_GORILLA	I	I
SHOC1	9	HOOLOCK_LEUCONEDYS	UL	I;UL
SHOC1	9	HYLOBATES_AGILIS	I	I
SHOC1	9	HYLOBATES_MOLOCH	I	I
SHOC1	9	HYLOBATES_PILEATUS	I	I
SHOC1	9	INDRI_INDRI	I	I
SHOC1	9	LAGOTHRIX_LAGOTRICHA	I	I
SHOC1	9	LEMUR_CATTA	I	I
SHOC1	9	LEONTOPITHECUS_CHRYSOMELAS	I	I
SHOC1	9	LEONTOPITHECUS_ROSALIA	I	I
SHOC1	9	LOPHOCEBUS_ATERRIMUS	UL	UL
SHOC1	9	LORIS_TARDIGRADUS	UL	UL
SHOC1	9	MACACA_ARCTOIDES	I	I
SHOC1	9	MACACA_ASSAMENSIS	I	I
SHOC1	9	MACACA_CYCLOPIS	I	I
SHOC1	9	MACACA_FASCICULARIS	I	I
SHOC1	9	MACACA_FUSCATA	I	I
SHOC1	9	MACACA_LEONINA	I	I
SHOC1	9	MACACA_MULATTA	I	I
SHOC1	9	MACACA_NEMESTRINA	I	I
SHOC1	9	MACACA_NIGRA	I	I
SHOC1	9	MACACA_SILENUS	I	I
SHOC1	9	MACACA_THIBETANA_THIBETANA	I	I
SHOC1	9	MANDRILLUS_LEUCOPHAEUS	PI	I;PI
SHOC1	9	MANDRILLUS_SPHINX	I	I
SHOC1	9	MICROCEBUS_GRISEORUFUS	PI	PI
SHOC1	9	MICROCEBUS_MITTERMEIERI	I	I
SHOC1	9	MICROCEBUS_MURINUS	I	I
SHOC1	9	MICROCEBUS_RAVELOBENSIS	I	I
SHOC1	9	MICROCEBUS_SP._3_GT-2019	I	I
SHOC1	9	MICROCEBUS_TAVARATRA	I	I
SHOC1	9	MIRZA_COQUERELI	I	I
SHOC1	9	MIRZA_ZAZA	I	I
SHOC1	9	NASALIS_LARVATUS	I	I
SHOC1	9	NOMASCUS_LEUCOGENYS	I	I
SHOC1	9	NYCTICEBUS_BENGALENSIS	UL	I;UL
SHOC1	9	NYCTICEBUS_COUCANG	PI	I;PI
SHOC1	9	OTOLEMUR_CRASSICAUDATUS	PI	PI
SHOC1	9	OTOLEMUR_GARNETTII	PI	PI
SHOC1	9	PAN_PANISCUS	I	I
SHOC1	9	PAN_TROGLODYTES	I	I
SHOC1	9	PAPIO_ANUBIS	I	I
SHOC1	9	PAPIO_HAMADRYAS	I	I
SHOC1	9	PAPIO_PAPIO	I	I
SHOC1	9	PILIOCOLOBUS_TEPHROSCELES	I	I
SHOC1	9	PITHECIA_MITTERMEIERI	I	I
SHOC1	9	PITHECIA_PITHECIA	I	I
SHOC1	9	PITHECIA_VANZOLINII	I	I
SHOC1	9	PLECTUROCEBUS_BERNHARDI	I	I
SHOC1	9	PLECTUROCEBUS_BRUNNEUS	I	I
SHOC1	9	PLECTUROCEBUS_CALIGATUS	I	I
SHOC1	9	PLECTUROCEBUS_CINERASCENS	I	I
SHOC1	9	PLECTUROCEBUS_CUPREUS	I	I
SHOC1	9	PLECTUROCEBUS_DONACOPHILUS	I	I
SHOC1	9	PLECTUROCEBUS_DUBIUS	I	I
SHOC1	9	PLECTUROCEBUS_GROVESI	I	I
SHOC1	9	PLECTUROCEBUS_MILTONI	I	I
SHOC1	9	PLECTUROCEBUS_MOLOCH	I	I
SHOC1	9	PONGO_ABELII	I	I
SHOC1	9	PONGO_PYGMAEUS	I	I
SHOC1	9	PROLEMUR_SIMUS	I	I
SHOC1	9	PROPITHECUS_COQUERELI	PI	PI
SHOC1	9	PYGATHRIX_NEMAEUS	PI	PI
SHOC1	9	PYGATHRIX_NIGRIPES	I	I
SHOC1	9	RHINOPITHECUS_BIETI	I	I
SHOC1	9	RHINOPITHECUS_ROXELLANA	I	I
SHOC1	9	RHINOPITHECUS_STRYKERI	I	I
SHOC1	9	SAGUINUS_IMPERATOR	I	I
SHOC1	9	SAGUINUS_MIDAS	I	I
SHOC1	9	SAGUINUS_OEDIPUS	I	I
SHOC1	9	SAIMIRI_BOLIVIENSIS	I	I
SHOC1	9	SAIMIRI_BOLIVIENSIS_BOLIVIENSIS	I	I
SHOC1	9	SAIMIRI_SCIUREUS	PI	PI
SHOC1	9	SAPAJUS_APELLA	I	I
SHOC1	9	SEMNOPITHECUS_ENTELLUS	I	I
SHOC1	9	SYMPHALANGUS_SYNDACTYLUS	I	I
SHOC1	9	THEROPITHECUS_GELADA	I	I
SHOC1	9	TRACHYPITHECUS_FRANCOISI	I	I
SHOC1	9	TRACHYPITHECUS_GERMAINI	I	I
SHOC1	9	TRACHYPITHECUS_PHAYREI_CREPUSCULA	I	I
SHOC1	9	VARECIA_VARIEGATA	PI	PI
SLX1A	16	ALLENOPITHECUS_NIGROVIRIDIS	I	I
SLX1A	16	ALLOCHROCEBUS_LHOESTI	I	I
SLX1A	16	ALOUATTA_PALLIATA	I	I
SLX1A	16	AOTUS_NANCYMAAE	I	I
SLX1A	16	AOTUS_VOCIFERANS	I	I
SLX1A	16	ATELES_BELZEBUTH	I	I
SLX1A	16	ATELES_CHAMEK	I	I
SLX1A	16	ATELES_GEOFFROYI	I	I
SLX1A	16	ATELES_MARGINATUS	I	I
SLX1A	16	ATELES_PANISCUS	I	I
SLX1A	16	CACAJAO_AYRESI	I	I
SLX1A	16	CACAJAO_CALVUS	I	I
SLX1A	16	CACAJAO_HOSOMI	I	I
SLX1A	16	CACAJAO_MELANOCEPHALUS	I	I
SLX1A	16	CALLIMICO_GOELDII	I	I
SLX1A	16	CALLITHRIX_JACCHUS	I	I
SLX1A	16	CALLITHRIX_PENICILLATA	PI	PI
SLX1A	16	CALLITHRIX_PYGMAEA	I	I
SLX1A	16	CARLITO_SYRICHTA	I	I
SLX1A	16	CEBUS_ALBIFRONS	I	I
SLX1A	16	CEBUS_CAPUCINUS_IMITATOR	I	I
SLX1A	16	CEPHALOPACHUS_BANCANUS	I	I
SLX1A	16	CERCOCEBUS_ATYS	I	I
SLX1A	16	CERCOPITHECUS_ALBOGULARIS	I	I
SLX1A	16	CERCOPITHECUS_MONA	I	I
SLX1A	16	CERCOPITHECUS_NEGLECTUS	PI	PI
SLX1A	16	CHEIROGALEUS_MEDIUS	PI	PI
SLX1A	16	CHERACEBUS_LUCIFER	I	I
SLX1A	16	CHERACEBUS_LUGENS	I	I
SLX1A	16	CHERACEBUS_REGULUS	I	I
SLX1A	16	CHERACEBUS_TORQUATUS	I	I
SLX1A	16	CHIROPOTES_ISRAELITA	I	I
SLX1A	16	CHIROPOTES_SAGULATUS	I	I
SLX1A	16	CHLOROCEBUS_AETHIOPS	I	I
SLX1A	16	CHLOROCEBUS_SABAEUS	I	I
SLX1A	16	COLOBUS_ANGOLENSIS_PALLIATUS	UL	UL
SLX1A	16	COLOBUS_GUEREZA	I	I
SLX1A	16	DAUBENTONIA_MADAGASCARIENSIS	I	I
SLX1A	16	ERYTHROCEBUS_PATAS	UL	I;UL
SLX1A	16	EULEMUR_FLAVIFRONS	I	I
SLX1A	16	EULEMUR_FULVUS	I	I
SLX1A	16	EULEMUR_FULVUS_COLLARIS	I	I
SLX1A	16	EULEMUR_MACACO	I	I
SLX1A	16	EULEMUR_MONGOZ	I	I
SLX1A	16	GALAGO_MOHOLI	I	I
SLX1A	16	GALAGO_SENEGALENSIS	I	I
SLX1A	16	GORILLA_BERINGEI	PI	PI
SLX1A	16	GORILLA_GORILLA	I	I
SLX1A	16	GORILLA_GORILLA_GORILLA	I	I
SLX1A	16	HOOLOCK_LEUCONEDYS	L	I;L
SLX1A	16	HYLOBATES_AGILIS	I	I
SLX1A	16	HYLOBATES_MOLOCH	I	I
SLX1A	16	HYLOBATES_PILEATUS	I	I
SLX1A	16	INDRI_INDRI	I	I
SLX1A	16	LEMUR_CATTA	I	I
SLX1A	16	LEONTOPITHECUS_CHRYSOMELAS	I	I
SLX1A	16	LEONTOPITHECUS_ROSALIA	I	I
SLX1A	16	LOPHOCEBUS_ATERRIMUS	UL	UL
SLX1A	16	LORIS_TARDIGRADUS	I	I
SLX1A	16	MACACA_ARCTOIDES	I	I
SLX1A	16	MACACA_ASSAMENSIS	I	I
SLX1A	16	MACACA_CYCLOPIS	I	I
SLX1A	16	MACACA_FASCICULARIS	I	I
SLX1A	16	MACACA_FUSCATA	I	I
SLX1A	16	MACACA_LEONINA	I	I
SLX1A	16	MACACA_MULATTA	I	I
SLX1A	16	MACACA_NEMESTRINA	I	I
SLX1A	16	MACACA_NIGRA	I	I
SLX1A	16	MACACA_SILENUS	I	I
SLX1A	16	MACACA_THIBETANA_THIBETANA	I	I
SLX1A	16	MANDRILLUS_LEUCOPHAEUS	I	I
SLX1A	16	MANDRILLUS_SPHINX	UL	UL
SLX1A	16	MICROCEBUS_GRISEORUFUS	I	I
SLX1A	16	MICROCEBUS_MITTERMEIERI	I	I
SLX1A	16	MICROCEBUS_MURINUS	I	I
SLX1A	16	MICROCEBUS_RAVELOBENSIS	I	I
SLX1A	16	MICROCEBUS_SP._3_GT-2019	I	I
SLX1A	16	MICROCEBUS_TAVARATRA	I	I
SLX1A	16	MIRZA_COQUERELI	I	I
SLX1A	16	MIRZA_ZAZA	I	I
SLX1A	16	NASALIS_LARVATUS	UL	UL
SLX1A	16	NOMASCUS_LEUCOGENYS	I	I
SLX1A	16	NYCTICEBUS_BENGALENSIS	I	I
SLX1A	16	NYCTICEBUS_COUCANG	I	I
SLX1A	16	OTOLEMUR_CRASSICAUDATUS	I	I
SLX1A	16	OTOLEMUR_GARNETTII	I	I
SLX1A	16	PAN_PANISCUS	I	I
SLX1A	16	PAN_TROGLODYTES	I	I
SLX1A	16	PAPIO_ANUBIS	I	I
SLX1A	16	PAPIO_HAMADRYAS	I	I
SLX1A	16	PAPIO_PAPIO	I	I
SLX1A	16	PILIOCOLOBUS_TEPHROSCELES	I	I
SLX1A	16	PITHECIA_MITTERMEIERI	I	I
SLX1A	16	PITHECIA_PITHECIA	UL	I;UL
SLX1A	16	PITHECIA_VANZOLINII	I	I
SLX1A	16	PLECTUROCEBUS_BERNHARDI	PI	PI
SLX1A	16	PLECTUROCEBUS_BRUNNEUS	I	I
SLX1A	16	PLECTUROCEBUS_CALIGATUS	PI	PI
SLX1A	16	PLECTUROCEBUS_CINERASCENS	I	I
SLX1A	16	PLECTUROCEBUS_CUPREUS	I	I
SLX1A	16	PLECTUROCEBUS_DONACOPHILUS	I	I
SLX1A	16	PLECTUROCEBUS_DUBIUS	I	I
SLX1A	16	PLECTUROCEBUS_GROVESI	I	I
SLX1A	16	PLECTUROCEBUS_HOFFMANNSI	I	I
SLX1A	16	PLECTUROCEBUS_MILTONI	I	I
SLX1A	16	PLECTUROCEBUS_MOLOCH	I	I
SLX1A	16	PONGO_ABELII	I	I
SLX1A	16	PONGO_PYGMAEUS	I	I
SLX1A	16	PROLEMUR_SIMUS	I	I
SLX1A	16	PROPITHECUS_COQUERELI	I	I
SLX1A	16	PYGATHRIX_NEMAEUS	I	I
SLX1A	16	PYGATHRIX_NIGRIPES	I	I
SLX1A	16	RHINOPITHECUS_BIETI	I	I
SLX1A	16	RHINOPITHECUS_ROXELLANA	I	I
SLX1A	16	RHINOPITHECUS_STRYKERI	I	I
SLX1A	16	SAGUINUS_IMPERATOR	I	I
SLX1A	16	SAGUINUS_MIDAS	I	I
SLX1A	16	SAGUINUS_OEDIPUS	I	I
SLX1A	16	SAIMIRI_BOLIVIENSIS	I	I
SLX1A	16	SAIMIRI_BOLIVIENSIS_BOLIVIENSIS	I	I
SLX1A	16	SAPAJUS_APELLA	I	I
SLX1A	16	SEMNOPITHECUS_ENTELLUS	I	I
SLX1A	16	SYMPHALANGUS_SYNDACTYLUS	I	I
SLX1A	16	THEROPITHECUS_GELADA	I	I
SLX1A	16	TRACHYPITHECUS_FRANCOISI	I	I
SLX1A	16	TRACHYPITHECUS_GERMAINI	I	I
SLX1A	16	TRACHYPITHECUS_PHAYREI_CREPUSCULA	L	L
SLX1A	16	VARECIA_VARIEGATA	I	I
SLX4	16	ALLENOPITHECUS_NIGROVIRIDIS	I	I
SLX4	16	ALLOCHROCEBUS_LHOESTI	I	I
SLX4	16	ALOUATTA_PALLIATA	I	I
SLX4	16	AOTUS_NANCYMAAE	PI	PI
SLX4	16	AOTUS_VOCIFERANS	I	I
SLX4	16	ATELES_BELZEBUTH	I	I
SLX4	16	ATELES_GEOFFROYI	PI	PI
SLX4	16	ATELES_MARGINATUS	PI	PI
SLX4	16	ATELES_PANISCUS	I	I
SLX4	16	CACAJAO_AYRESI	I	I
SLX4	16	CACAJAO_CALVUS	I	I
SLX4	16	CACAJAO_HOSOMI	I	I
SLX4	16	CALLIMICO_GOELDII	PI	PI
SLX4	16	CALLITHRIX_JACCHUS	I	I
SLX4	16	CALLITHRIX_PENICILLATA	PI	PI
SLX4	16	CALLITHRIX_PYGMAEA	I	I
SLX4	16	CARLITO_SYRICHTA	I	I
SLX4	16	CEBUS_ALBIFRONS	I	I
SLX4	16	CEBUS_CAPUCINUS_IMITATOR	I	I
SLX4	16	CEPHALOPACHUS_BANCANUS	L	L
SLX4	16	CERCOCEBUS_ATYS	I	I
SLX4	16	CERCOPITHECUS_ALBOGULARIS	UL	UL
SLX4	16	CERCOPITHECUS_MONA	I	I
SLX4	16	CERCOPITHECUS_NEGLECTUS	PI	PI
SLX4	16	CHEIROGALEUS_MEDIUS	PI	PI
SLX4	16	CHERACEBUS_LUCIFER	I	I
SLX4	16	CHERACEBUS_LUGENS	I	I
SLX4	16	CHERACEBUS_REGULUS	I	I
SLX4	16	CHERACEBUS_TORQUATUS	I	I
SLX4	16	CHIROPOTES_ISRAELITA	I	I
SLX4	16	CHIROPOTES_SAGULATUS	I	I
SLX4	16	CHLOROCEBUS_AETHIOPS	I	I
SLX4	16	CHLOROCEBUS_SABAEUS	UL	UL
SLX4	16	COLOBUS_ANGOLENSIS_PALLIATUS	I	I
SLX4	16	COLOBUS_GUEREZA	UL	UL
SLX4	16	DAUBENTONIA_MADAGASCARIENSIS	I	I
SLX4	16	ERYTHROCEBUS_PATAS	UL	PI;UL
SLX4	16	EULEMUR_FLAVIFRONS	PI	PI
SLX4	16	EULEMUR_FULVUS	I	I
SLX4	16	EULEMUR_FULVUS_COLLARIS	I	I
SLX4	16	EULEMUR_MACACO	UL	UL
SLX4	16	EULEMUR_MONGOZ	I	I
SLX4	16	GALAGO_MOHOLI	I	I
SLX4	16	GALAGO_SENEGALENSIS	UL	UL
SLX4	16	GORILLA_BERINGEI	I	I
SLX4	16	GORILLA_GORILLA	I	I
SLX4	16	GORILLA_GORILLA_GORILLA	I	I
SLX4	16	HOOLOCK_LEUCONEDYS	UL	I;UL
SLX4	16	HYLOBATES_AGILIS	I	I
SLX4	16	HYLOBATES_MOLOCH	I	I
SLX4	16	HYLOBATES_PILEATUS	I	I
SLX4	16	INDRI_INDRI	I	I
SLX4	16	LAGOTHRIX_LAGOTRICHA	I	I
SLX4	16	LEMUR_CATTA	UL	I;UL
SLX4	16	LEONTOPITHECUS_CHRYSOMELAS	I	I
SLX4	16	LEONTOPITHECUS_ROSALIA	I	I
SLX4	16	LOPHOCEBUS_ATERRIMUS	UL	UL
SLX4	16	LORIS_TARDIGRADUS	I	I
SLX4	16	MACACA_ARCTOIDES	I	I
SLX4	16	MACACA_ASSAMENSIS	L	I;L
SLX4	16	MACACA_CYCLOPIS	I	I
SLX4	16	MACACA_FASCICULARIS	L	I;L
SLX4	16	MACACA_FUSCATA	I	I
SLX4	16	MACACA_LEONINA	I	I
SLX4	16	MACACA_MULATTA	I	I
SLX4	16	MACACA_NEMESTRINA	I	I
SLX4	16	MACACA_NIGRA	UL	UL
SLX4	16	MACACA_SILENUS	I	I
SLX4	16	MACACA_THIBETANA_THIBETANA	I	I
SLX4	16	MANDRILLUS_LEUCOPHAEUS	PI	I;PI
SLX4	16	MANDRILLUS_SPHINX	L	L;UL
SLX4	16	MICROCEBUS_GRISEORUFUS	UL	UL
SLX4	16	MICROCEBUS_MITTERMEIERI	UL	UL
SLX4	16	MICROCEBUS_MURINUS	I	I
SLX4	16	MICROCEBUS_RAVELOBENSIS	UL	UL
SLX4	16	MICROCEBUS_SP._3_GT-2019	I	I
SLX4	16	MICROCEBUS_TAVARATRA	I	I
SLX4	16	MIRZA_COQUERELI	I	I
SLX4	16	MIRZA_ZAZA	UL	UL
SLX4	16	NASALIS_LARVATUS	PI	PI
SLX4	16	NOMASCUS_LEUCOGENYS	I	I
SLX4	16	NYCTICEBUS_BENGALENSIS	UL	I;UL
SLX4	16	NYCTICEBUS_COUCANG	UL	I;UL
SLX4	16	OTOLEMUR_CRASSICAUDATUS	I	I
SLX4	16	OTOLEMUR_GARNETTII	I	I
SLX4	16	PAN_PANISCUS	I	I
SLX4	16	PAN_TROGLODYTES	I	I
SLX4	16	PAPIO_ANUBIS	I	I
SLX4	16	PAPIO_HAMADRYAS	UL	I;UL
SLX4	16	PAPIO_PAPIO	I	I
SLX4	16	PILIOCOLOBUS_TEPHROSCELES	I	I
SLX4	16	PITHECIA_MITTERMEIERI	I	I
SLX4	16	PITHECIA_PITHECIA	L	I;L;PM
SLX4	16	PITHECIA_VANZOLINII	I	I
SLX4	16	PLECTUROCEBUS_BERNHARDI	I	I
SLX4	16	PLECTUROCEBUS_BRUNNEUS	I	I
SLX4	16	PLECTUROCEBUS_CALIGATUS	I	I
SLX4	16	PLECTUROCEBUS_CINERASCENS	I	I
SLX4	16	PLECTUROCEBUS_CUPREUS	I	I
SLX4	16	PLECTUROCEBUS_DONACOPHILUS	I	I
SLX4	16	PLECTUROCEBUS_DUBIUS	I	I
SLX4	16	PLECTUROCEBUS_GROVESI	I	I
SLX4	16	PLECTUROCEBUS_HOFFMANNSI	I	I
SLX4	16	PLECTUROCEBUS_MILTONI	I	I
SLX4	16	PLECTUROCEBUS_MOLOCH	I	I
SLX4	16	PONGO_ABELII	I	I
SLX4	16	PONGO_PYGMAEUS	I	I
SLX4	16	PROLEMUR_SIMUS	PI	PI
SLX4	16	PROPITHECUS_COQUERELI	I	I
SLX4	16	PYGATHRIX_NEMAEUS	I	I
SLX4	16	PYGATHRIX_NIGRIPES	M	M
SLX4	16	RHINOPITHECUS_BIETI	UL	I;UL
SLX4	16	RHINOPITHECUS_ROXELLANA	I	I
SLX4	16	RHINOPITHECUS_STRYKERI	L	L
SLX4	16	SAGUINUS_IMPERATOR	I	I
SLX4	16	SAGUINUS_MIDAS	I	I
SLX4	16	SAGUINUS_OEDIPUS	I	I
SLX4	16	SAIMIRI_BOLIVIENSIS	I	I
SLX4	16	SAIMIRI_BOLIVIENSIS_BOLIVIENSIS	UL	I;UL
SLX4	16	SAIMIRI_SCIUREUS	PI	PI
SLX4	16	SAPAJUS_APELLA	I	I
SLX4	16	SEMNOPITHECUS_ENTELLUS	I	I
SLX4	16	SYMPHALANGUS_SYNDACTYLUS	I	I
SLX4	16	THEROPITHECUS_GELADA	I	I
SLX4	16	TRACHYPITHECUS_FRANCOISI	I	I
SLX4	16	TRACHYPITHECUS_GERMAINI	I	I
SLX4	16	TRACHYPITHECUS_PHAYREI_CREPUSCULA	L	L
SLX4	16	VARECIA_VARIEGATA	UL	UL
SMC1B	22	ALLENOPITHECUS_NIGROVIRIDIS	I	I
SMC1B	22	ALLOCHROCEBUS_LHOESTI	I	I
SMC1B	22	ALOUATTA_PALLIATA	PM	PM
SMC1B	22	AOTUS_NANCYMAAE	I	I
SMC1B	22	AOTUS_VOCIFERANS	I	I
SMC1B	22	ATELES_BELZEBUTH	UL	UL
SMC1B	22	ATELES_GEOFFROYI	PI	PI
SMC1B	22	ATELES_PANISCUS	I	I
SMC1B	22	CACAJAO_AYRESI	PI	PI
SMC1B	22	CACAJAO_CALVUS	PI	PI
SMC1B	22	CACAJAO_HOSOMI	I	I
SMC1B	22	CACAJAO_MELANOCEPHALUS	I	I
SMC1B	22	CALLIMICO_GOELDII	UL	UL
SMC1B	22	CALLITHRIX_JACCHUS	I	I
SMC1B	22	CALLITHRIX_PENICILLATA	I	I
SMC1B	22	CALLITHRIX_PYGMAEA	PI	PI
SMC1B	22	CARLITO_SYRICHTA	I	I
SMC1B	22	CEBUS_ALBIFRONS	I	I
SMC1B	22	CEBUS_CAPUCINUS_IMITATOR	I	I
SMC1B	22	CEPHALOPACHUS_BANCANUS	I	I
SMC1B	22	CERCOCEBUS_ATYS	I	I
SMC1B	22	CERCOPITHECUS_ALBOGULARIS	I	I
SMC1B	22	CERCOPITHECUS_MONA	I	I
SMC1B	22	CERCOPITHECUS_NEGLECTUS	PI	PI
SMC1B	22	CHEIROGALEUS_MEDIUS	PI	PI
SMC1B	22	CHERACEBUS_LUCIFER	I	I
SMC1B	22	CHERACEBUS_LUGENS	UL	UL
SMC1B	22	CHERACEBUS_REGULUS	UL	UL
SMC1B	22	CHERACEBUS_TORQUATUS	UL	UL
SMC1B	22	CHIROPOTES_ISRAELITA	UL	UL
SMC1B	22	CHIROPOTES_SAGULATUS	PI	PI
SMC1B	22	CHLOROCEBUS_AETHIOPS	I	I
SMC1B	22	CHLOROCEBUS_SABAEUS	PI	PI
SMC1B	22	COLOBUS_ANGOLENSIS_PALLIATUS	UL	UL
SMC1B	22	COLOBUS_GUEREZA	I	I
SMC1B	22	DAUBENTONIA_MADAGASCARIENSIS	I	I
SMC1B	22	ERYTHROCEBUS_PATAS	I	I
SMC1B	22	EULEMUR_FLAVIFRONS	I	I
SMC1B	22	EULEMUR_FULVUS	PI	PI
SMC1B	22	EULEMUR_FULVUS_COLLARIS	PI	PI
SMC1B	22	EULEMUR_MACACO	I	I
SMC1B	22	EULEMUR_MONGOZ	PI	PI
SMC1B	22	GALAGO_MOHOLI	UL	UL
SMC1B	22	GORILLA_GORILLA	I	I
SMC1B	22	GORILLA_GORILLA_GORILLA	I	I
SMC1B	22	HOOLOCK_LEUCONEDYS	UL	I;UL
SMC1B	22	HYLOBATES_AGILIS	PI	PI
SMC1B	22	HYLOBATES_MOLOCH	PI	PI
SMC1B	22	HYLOBATES_PILEATUS	I	I
SMC1B	22	INDRI_INDRI	PI	PI
SMC1B	22	LEMUR_CATTA	I	I
SMC1B	22	LEONTOPITHECUS_CHRYSOMELAS	PI	PI
SMC1B	22	LEONTOPITHECUS_ROSALIA	PI	PI
SMC1B	22	LOPHOCEBUS_ATERRIMUS	I	I
SMC1B	22	LORIS_TARDIGRADUS	I	I
SMC1B	22	MACACA_ARCTOIDES	I	I
SMC1B	22	MACACA_ASSAMENSIS	I	I
SMC1B	22	MACACA_CYCLOPIS	I	I
SMC1B	22	MACACA_FASCICULARIS	UL	I;UL
SMC1B	22	MACACA_FUSCATA	I	I
SMC1B	22	MACACA_LEONINA	I	I
SMC1B	22	MACACA_MULATTA	I	I
SMC1B	22	MACACA_NEMESTRINA	UL	UL
SMC1B	22	MACACA_NIGRA	UL	UL
SMC1B	22	MACACA_SILENUS	I	I
SMC1B	22	MACACA_THIBETANA_THIBETANA	I	I
SMC1B	22	MANDRILLUS_LEUCOPHAEUS	UL	I;UL
SMC1B	22	MANDRILLUS_SPHINX	I	I
SMC1B	22	MICROCEBUS_GRISEORUFUS	PI	PI
SMC1B	22	MICROCEBUS_MURINUS	I	I
SMC1B	22	MICROCEBUS_SP._3_GT-2019	PI	PI
SMC1B	22	MICROCEBUS_TAVARATRA	PI	PI
SMC1B	22	MIRZA_COQUERELI	PI	PI
SMC1B	22	MIRZA_ZAZA	PM	PM
SMC1B	22	NASALIS_LARVATUS	PI	PI
SMC1B	22	NOMASCUS_LEUCOGENYS	I	I
SMC1B	22	NYCTICEBUS_BENGALENSIS	I	I
SMC1B	22	NYCTICEBUS_COUCANG	I	I
SMC1B	22	OTOLEMUR_CRASSICAUDATUS	I	I
SMC1B	22	OTOLEMUR_GARNETTII	PI	PI
SMC1B	22	PAN_PANISCUS	I	I
SMC1B	22	PAN_TROGLODYTES	I	I
SMC1B	22	PAPIO_ANUBIS	I	I
SMC1B	22	PAPIO_HAMADRYAS	I	I
SMC1B	22	PAPIO_PAPIO	PI	PI
SMC1B	22	PILIOCOLOBUS_TEPHROSCELES	I	I
SMC1B	22	PITHECIA_MITTERMEIERI	PI	PI
SMC1B	22	PITHECIA_PITHECIA	PI	I;PI
SMC1B	22	PITHECIA_VANZOLINII	UL	UL
SMC1B	22	PLECTUROCEBUS_BRUNNEUS	UL	UL
SMC1B	22	PLECTUROCEBUS_CALIGATUS	PI	PI
SMC1B	22	PLECTUROCEBUS_CINERASCENS	UL	UL
SMC1B	22	PLECTUROCEBUS_CUPREUS	I	I
SMC1B	22	PLECTUROCEBUS_DONACOPHILUS	PI	PI
SMC1B	22	PLECTUROCEBUS_DUBIUS	PI	PI
SMC1B	22	PLECTUROCEBUS_GROVESI	PI	PI
SMC1B	22	PLECTUROCEBUS_MILTONI	I	I
SMC1B	22	PLECTUROCEBUS_MOLOCH	PI	PI
SMC1B	22	PONGO_ABELII	I	I
SMC1B	22	PONGO_PYGMAEUS	I	I
SMC1B	22	PROLEMUR_SIMUS	I	I
SMC1B	22	PROPITHECUS_COQUERELI	I	I
SMC1B	22	PYGATHRIX_NEMAEUS	I	I
SMC1B	22	PYGATHRIX_NIGRIPES	I	I
SMC1B	22	RHINOPITHECUS_BIETI	UL	I;UL
SMC1B	22	RHINOPITHECUS_ROXELLANA	I	I
SMC1B	22	RHINOPITHECUS_STRYKERI	I	I
SMC1B	22	SAGUINUS_IMPERATOR	I	I
SMC1B	22	SAGUINUS_MIDAS	I	I
SMC1B	22	SAGUINUS_OEDIPUS	I	I
SMC1B	22	SAIMIRI_BOLIVIENSIS	PI	PI
SMC1B	22	SAIMIRI_BOLIVIENSIS_BOLIVIENSIS	I	I
SMC1B	22	SAPAJUS_APELLA	I	I
SMC1B	22	SEMNOPITHECUS_ENTELLUS	PI	PI
SMC1B	22	SYMPHALANGUS_SYNDACTYLUS	I	I
SMC1B	22	THEROPITHECUS_GELADA	I	I
SMC1B	22	TRACHYPITHECUS_FRANCOISI	I	I
SMC1B	22	TRACHYPITHECUS_GERMAINI	I	I
SMC1B	22	TRACHYPITHECUS_PHAYREI_CREPUSCULA	I	I
SMC1B	22	VARECIA_VARIEGATA	I	I
SPATA22	17	ALLENOPITHECUS_NIGROVIRIDIS	I	I
SPATA22	17	ALLOCHROCEBUS_LHOESTI	I	I
SPATA22	17	ALOUATTA_PALLIATA	I	I
SPATA22	17	AOTUS_NANCYMAAE	I	I
SPATA22	17	AOTUS_VOCIFERANS	I	I
SPATA22	17	ATELES_BELZEBUTH	I	I
SPATA22	17	ATELES_CHAMEK	I	I
SPATA22	17	ATELES_GEOFFROYI	PI	PI
SPATA22	17	ATELES_MARGINATUS	I	I
SPATA22	17	ATELES_PANISCUS	I	I
SPATA22	17	CACAJAO_AYRESI	I	I
SPATA22	17	CACAJAO_CALVUS	I	I
SPATA22	17	CACAJAO_HOSOMI	I	I
SPATA22	17	CACAJAO_MELANOCEPHALUS	I	I
SPATA22	17	CALLIMICO_GOELDII	I	I
SPATA22	17	CALLITHRIX_JACCHUS	I	I
SPATA22	17	CALLITHRIX_PENICILLATA	PI	PI
SPATA22	17	CALLITHRIX_PYGMAEA	I	I
SPATA22	17	CARLITO_SYRICHTA	I	I
SPATA22	17	CEBUS_ALBIFRONS	I	I
SPATA22	17	CEBUS_CAPUCINUS_IMITATOR	I	I
SPATA22	17	CEPHALOPACHUS_BANCANUS	I	I
SPATA22	17	CERCOCEBUS_ATYS	I	I
SPATA22	17	CERCOPITHECUS_ALBOGULARIS	I	I
SPATA22	17	CERCOPITHECUS_MONA	M	M
SPATA22	17	CERCOPITHECUS_NEGLECTUS	I	I
SPATA22	17	CHEIROGALEUS_MEDIUS	I	I
SPATA22	17	CHERACEBUS_LUCIFER	I	I
SPATA22	17	CHERACEBUS_LUGENS	I	I
SPATA22	17	CHERACEBUS_REGULUS	I	I
SPATA22	17	CHERACEBUS_TORQUATUS	I	I
SPATA22	17	CHIROPOTES_ISRAELITA	M	M
SPATA22	17	CHIROPOTES_SAGULATUS	I	I
SPATA22	17	CHLOROCEBUS_AETHIOPS	I	I
SPATA22	17	CHLOROCEBUS_SABAEUS	I	I
SPATA22	17	COLOBUS_ANGOLENSIS_PALLIATUS	I	I
SPATA22	17	COLOBUS_GUEREZA	I	I
SPATA22	17	DAUBENTONIA_MADAGASCARIENSIS	I	I
SPATA22	17	ERYTHROCEBUS_PATAS	I	I
SPATA22	17	EULEMUR_FLAVIFRONS	M	M;PM
SPATA22	17	EULEMUR_FULVUS	I	I
SPATA22	17	EULEMUR_FULVUS_COLLARIS	I	I
SPATA22	17	EULEMUR_MACACO	I	I
SPATA22	17	EULEMUR_MONGOZ	I	I
SPATA22	17	GALAGO_MOHOLI	I	I
SPATA22	17	GALAGO_SENEGALENSIS	I	I
SPATA22	17	GORILLA_BERINGEI	I	I
SPATA22	17	GORILLA_GORILLA	I	I
SPATA22	17	GORILLA_GORILLA_GORILLA	I	I
SPATA22	17	HOOLOCK_LEUCONEDYS	I	I
SPATA22	17	HYLOBATES_AGILIS	I	I
SPATA22	17	HYLOBATES_MOLOCH	I	I
SPATA22	17	HYLOBATES_PILEATUS	M	M
SPATA22	17	INDRI_INDRI	I	I
SPATA22	17	LAGOTHRIX_LAGOTRICHA	I	I
SPATA22	17	LEMUR_CATTA	I	I
SPATA22	17	LEONTOPITHECUS_CHRYSOMELAS	PI	PI
SPATA22	17	LEONTOPITHECUS_ROSALIA	I	I
SPATA22	17	LOPHOCEBUS_ATERRIMUS	I	I
SPATA22	17	LORIS_TARDIGRADUS	I	I
SPATA22	17	MACACA_ARCTOIDES	I	I
SPATA22	17	MACACA_ASSAMENSIS	I	I
SPATA22	17	MACACA_CYCLOPIS	I	I
SPATA22	17	MACACA_FASCICULARIS	I	I
SPATA22	17	MACACA_FUSCATA	I	I
SPATA22	17	MACACA_LEONINA	I	I
SPATA22	17	MACACA_MULATTA	I	I
SPATA22	17	MACACA_NEMESTRINA	I	I
SPATA22	17	MACACA_NIGRA	I	I
SPATA22	17	MACACA_SILENUS	I	I
SPATA22	17	MACACA_THIBETANA_THIBETANA	I	I
SPATA22	17	MANDRILLUS_LEUCOPHAEUS	I	I
SPATA22	17	MANDRILLUS_SPHINX	I	I
SPATA22	17	MICROCEBUS_GRISEORUFUS	I	I
SPATA22	17	MICROCEBUS_MITTERMEIERI	I	I
SPATA22	17	MICROCEBUS_MURINUS	I	I
SPATA22	17	MICROCEBUS_RAVELOBENSIS	I	I
SPATA22	17	MICROCEBUS_SP._3_GT-2019	I	I
SPATA22	17	MICROCEBUS_TAVARATRA	I	I
SPATA22	17	MIRZA_COQUERELI	I	I
SPATA22	17	MIRZA_ZAZA	I	I
SPATA22	17	NASALIS_LARVATUS	I	I
SPATA22	17	NOMASCUS_LEUCOGENYS	I	I
SPATA22	17	NYCTICEBUS_BENGALENSIS	I	I
SPATA22	17	NYCTICEBUS_COUCANG	I	I
SPATA22	17	OTOLEMUR_CRASSICAUDATUS	L	L
SPATA22	17	OTOLEMUR_GARNETTII	I	I
SPATA22	17	PAN_PANISCUS	I	I
SPATA22	17	PAN_TROGLODYTES	I	I
SPATA22	17	PAPIO_ANUBIS	I	I
SPATA22	17	PAPIO_HAMADRYAS	I	I
SPATA22	17	PAPIO_PAPIO	I	I
SPATA22	17	PILIOCOLOBUS_TEPHROSCELES	I	I
SPATA22	17	PITHECIA_MITTERMEIERI	I	I
SPATA22	17	PITHECIA_PITHECIA	I	I
SPATA22	17	PITHECIA_VANZOLINII	I	I
SPATA22	17	PLECTUROCEBUS_BERNHARDI	I	I
SPATA22	17	PLECTUROCEBUS_BRUNNEUS	I	I
SPATA22	17	PLECTUROCEBUS_CALIGATUS	I	I
SPATA22	17	PLECTUROCEBUS_CINERASCENS	I	I
SPATA22	17	PLECTUROCEBUS_CUPREUS	I	I
SPATA22	17	PLECTUROCEBUS_DONACOPHILUS	I	I
SPATA22	17	PLECTUROCEBUS_DUBIUS	I	I
SPATA22	17	PLECTUROCEBUS_GROVESI	I	I
SPATA22	17	PLECTUROCEBUS_HOFFMANNSI	I	I
SPATA22	17	PLECTUROCEBUS_MILTONI	I	I
SPATA22	17	PLECTUROCEBUS_MOLOCH	I	I
SPATA22	17	PONGO_ABELII	I	I
SPATA22	17	PONGO_PYGMAEUS	I	I
SPATA22	17	PROLEMUR_SIMUS	I	I
SPATA22	17	PROPITHECUS_COQUERELI	I	I
SPATA22	17	PYGATHRIX_NEMAEUS	I	I
SPATA22	17	PYGATHRIX_NIGRIPES	I	I
SPATA22	17	RHINOPITHECUS_BIETI	I	I
SPATA22	17	RHINOPITHECUS_ROXELLANA	I	I
SPATA22	17	RHINOPITHECUS_STRYKERI	I	I
SPATA22	17	SAGUINUS_IMPERATOR	I	I
SPATA22	17	SAGUINUS_MIDAS	L	L
SPATA22	17	SAGUINUS_OEDIPUS	I	I
SPATA22	17	SAIMIRI_BOLIVIENSIS	I	I
SPATA22	17	SAIMIRI_BOLIVIENSIS_BOLIVIENSIS	I	I
SPATA22	17	SAIMIRI_SCIUREUS	I	I
SPATA22	17	SAPAJUS_APELLA	I	I
SPATA22	17	SEMNOPITHECUS_ENTELLUS	I	I
SPATA22	17	SYMPHALANGUS_SYNDACTYLUS	I	I
SPATA22	17	THEROPITHECUS_GELADA	I	I
SPATA22	17	TRACHYPITHECUS_FRANCOISI	I	I
SPATA22	17	TRACHYPITHECUS_GERMAINI	I	I
SPATA22	17	TRACHYPITHECUS_PHAYREI_CREPUSCULA	I	I
SPATA22	17	VARECIA_VARIEGATA	I	I
SPIDR	8	ALLENOPITHECUS_NIGROVIRIDIS	PI	PI
SPIDR	8	ALLOCHROCEBUS_LHOESTI	I	I
SPIDR	8	ALOUATTA_PALLIATA	PI	PI
SPIDR	8	AOTUS_NANCYMAAE	I	I
SPIDR	8	AOTUS_VOCIFERANS	I	I
SPIDR	8	ATELES_BELZEBUTH	PI	PI
SPIDR	8	ATELES_CHAMEK	PI	PI
SPIDR	8	ATELES_GEOFFROYI	I	I
SPIDR	8	ATELES_MARGINATUS	PI	PI
SPIDR	8	ATELES_PANISCUS	PI	I;PI
SPIDR	8	CACAJAO_AYRESI	I	I
SPIDR	8	CACAJAO_HOSOMI	I	I
SPIDR	8	CALLIMICO_GOELDII	I	I
SPIDR	8	CALLITHRIX_JACCHUS	I	I
SPIDR	8	CALLITHRIX_PENICILLATA	PI	PI
SPIDR	8	CALLITHRIX_PYGMAEA	PI	PI
SPIDR	8	CARLITO_SYRICHTA	UL	UL
SPIDR	8	CEBUS_ALBIFRONS	PI	I;PI
SPIDR	8	CEBUS_CAPUCINUS_IMITATOR	I	I
SPIDR	8	CEPHALOPACHUS_BANCANUS	I	I
SPIDR	8	CERCOCEBUS_ATYS	I	I
SPIDR	8	CERCOPITHECUS_ALBOGULARIS	I	I
SPIDR	8	CERCOPITHECUS_MONA	I	I
SPIDR	8	CERCOPITHECUS_NEGLECTUS	PI	PI
SPIDR	8	CHEIROGALEUS_MEDIUS	I	I
SPIDR	8	CHERACEBUS_LUCIFER	I	I
SPIDR	8	CHERACEBUS_TORQUATUS	PI	PI
SPIDR	8	CHIROPOTES_ISRAELITA	I	I
SPIDR	8	CHIROPOTES_SAGULATUS	I	I
SPIDR	8	CHLOROCEBUS_AETHIOPS	I	I
SPIDR	8	CHLOROCEBUS_SABAEUS	PI	PI
SPIDR	8	COLOBUS_ANGOLENSIS_PALLIATUS	I	I
SPIDR	8	COLOBUS_GUEREZA	I	I
SPIDR	8	DAUBENTONIA_MADAGASCARIENSIS	I	I
SPIDR	8	ERYTHROCEBUS_PATAS	I	I
SPIDR	8	EULEMUR_FLAVIFRONS	PI	PI
SPIDR	8	EULEMUR_FULVUS	PI	PI
SPIDR	8	EULEMUR_FULVUS_COLLARIS	PI	PI
SPIDR	8	EULEMUR_MACACO	PI	PI
SPIDR	8	EULEMUR_MONGOZ	I	I
SPIDR	8	GALAGO_MOHOLI	UL	UL
SPIDR	8	GALAGO_SENEGALENSIS	UL	UL
SPIDR	8	GORILLA_BERINGEI	PI	PI
SPIDR	8	GORILLA_GORILLA	I	I
SPIDR	8	GORILLA_GORILLA_GORILLA	I	I
SPIDR	8	HOOLOCK_LEUCONEDYS	UL	I;UL
SPIDR	8	HYLOBATES_AGILIS	PI	PI
SPIDR	8	HYLOBATES_MOLOCH	I	I
SPIDR	8	HYLOBATES_PILEATUS	I	I
SPIDR	8	INDRI_INDRI	PI	PI
SPIDR	8	LEMUR_CATTA	I	I
SPIDR	8	LEONTOPITHECUS_CHRYSOMELAS	PI	PI
SPIDR	8	LEONTOPITHECUS_ROSALIA	PI	PI
SPIDR	8	LOPHOCEBUS_ATERRIMUS	I	I
SPIDR	8	LORIS_TARDIGRADUS	L	L
SPIDR	8	MACACA_ARCTOIDES	I	I
SPIDR	8	MACACA_ASSAMENSIS	UL	I;UL
SPIDR	8	MACACA_CYCLOPIS	I	I
SPIDR	8	MACACA_FASCICULARIS	I	I
SPIDR	8	MACACA_FUSCATA	PI	PI
SPIDR	8	MACACA_LEONINA	I	I
SPIDR	8	MACACA_MULATTA	I	I
SPIDR	8	MACACA_NEMESTRINA	I	I
SPIDR	8	MACACA_NIGRA	UL	UL
SPIDR	8	MACACA_SILENUS	I	I
SPIDR	8	MACACA_THIBETANA_THIBETANA	I	I
SPIDR	8	MANDRILLUS_LEUCOPHAEUS	I	I
SPIDR	8	MANDRILLUS_SPHINX	I	I
SPIDR	8	MICROCEBUS_MITTERMEIERI	I	I
SPIDR	8	MICROCEBUS_MURINUS	I	I
SPIDR	8	MICROCEBUS_RAVELOBENSIS	PI	PI
SPIDR	8	MICROCEBUS_SP._3_GT-2019	PI	PI
SPIDR	8	MICROCEBUS_TAVARATRA	PI	PI
SPIDR	8	MIRZA_COQUERELI	PI	PI
SPIDR	8	MIRZA_ZAZA	UL	UL
SPIDR	8	NASALIS_LARVATUS	I	I
SPIDR	8	NOMASCUS_LEUCOGENYS	I	I
SPIDR	8	NYCTICEBUS_BENGALENSIS	L	L
SPIDR	8	NYCTICEBUS_COUCANG	L	L;UL
SPIDR	8	OTOLEMUR_CRASSICAUDATUS	UL	UL
SPIDR	8	OTOLEMUR_GARNETTII	UL	UL
SPIDR	8	PAN_PANISCUS	I	I
SPIDR	8	PAN_TROGLODYTES	I	I
SPIDR	8	PAPIO_ANUBIS	I	I
SPIDR	8	PAPIO_HAMADRYAS	I	I
SPIDR	8	PAPIO_PAPIO	PI	PI
SPIDR	8	PILIOCOLOBUS_TEPHROSCELES	I	I
SPIDR	8	PITHECIA_PITHECIA	I	I
SPIDR	8	PITHECIA_VANZOLINII	PI	PI
SPIDR	8	PLECTUROCEBUS_BERNHARDI	PI	PI
SPIDR	8	PLECTUROCEBUS_BRUNNEUS	PI	PI
SPIDR	8	PLECTUROCEBUS_CALIGATUS	UL	UL
SPIDR	8	PLECTUROCEBUS_CINERASCENS	PI	PI
SPIDR	8	PLECTUROCEBUS_CUPREUS	I	I
SPIDR	8	PLECTUROCEBUS_DONACOPHILUS	I	I
SPIDR	8	PLECTUROCEBUS_DUBIUS	PI	PI
SPIDR	8	PLECTUROCEBUS_GROVESI	PI	PI
SPIDR	8	PLECTUROCEBUS_HOFFMANNSI	PI	PI
SPIDR	8	PLECTUROCEBUS_MILTONI	PI	PI
SPIDR	8	PLECTUROCEBUS_MOLOCH	PI	PI
SPIDR	8	PONGO_ABELII	I	I
SPIDR	8	PONGO_PYGMAEUS	I	I
SPIDR	8	PROLEMUR_SIMUS	PI	PI
SPIDR	8	PROPITHECUS_COQUERELI	I	I
SPIDR	8	PYGATHRIX_NEMAEUS	I	I
SPIDR	8	PYGATHRIX_NIGRIPES	I	I
SPIDR	8	RHINOPITHECUS_BIETI	I	I
SPIDR	8	RHINOPITHECUS_ROXELLANA	I	I
SPIDR	8	RHINOPITHECUS_STRYKERI	I	I
SPIDR	8	SAGUINUS_IMPERATOR	PI	PI
SPIDR	8	SAGUINUS_MIDAS	I	I
SPIDR	8	SAGUINUS_OEDIPUS	I	I
SPIDR	8	SAIMIRI_BOLIVIENSIS	I	I
SPIDR	8	SAIMIRI_BOLIVIENSIS_BOLIVIENSIS	I	I
SPIDR	8	SAPAJUS_APELLA	I	I
SPIDR	8	SEMNOPITHECUS_ENTELLUS	PI	PI
SPIDR	8	SYMPHALANGUS_SYNDACTYLUS	I	I
SPIDR	8	THEROPITHECUS_GELADA	I	I
SPIDR	8	TRACHYPITHECUS_FRANCOISI	I	I
SPIDR	8	TRACHYPITHECUS_GERMAINI	I	I
SPIDR	8	TRACHYPITHECUS_PHAYREI_CREPUSCULA	I	I
SPIDR	8	VARECIA_VARIEGATA	I	I
SPO11	20	ALLENOPITHECUS_NIGROVIRIDIS	I	I
SPO11	20	ALLOCHROCEBUS_LHOESTI	I	I
SPO11	20	ALOUATTA_PALLIATA	I	I
SPO11	20	AOTUS_NANCYMAAE	I	I
SPO11	20	AOTUS_VOCIFERANS	I	I
SPO11	20	ATELES_BELZEBUTH	I	I
SPO11	20	ATELES_CHAMEK	I	I
SPO11	20	ATELES_GEOFFROYI	I	I
SPO11	20	ATELES_MARGINATUS	I	I
SPO11	20	ATELES_PANISCUS	I	I
SPO11	20	CACAJAO_AYRESI	I	I
SPO11	20	CACAJAO_CALVUS	I	I
SPO11	20	CACAJAO_HOSOMI	I	I
SPO11	20	CACAJAO_MELANOCEPHALUS	I	I
SPO11	20	CALLIMICO_GOELDII	I	I
SPO11	20	CALLITHRIX_JACCHUS	I	I
SPO11	20	CALLITHRIX_PENICILLATA	I	I
SPO11	20	CALLITHRIX_PYGMAEA	I	I
SPO11	20	CARLITO_SYRICHTA	I	I
SPO11	20	CEBUS_ALBIFRONS	I	I
SPO11	20	CEBUS_CAPUCINUS_IMITATOR	I	I
SPO11	20	CEPHALOPACHUS_BANCANUS	I	I
SPO11	20	CERCOCEBUS_ATYS	I	I
SPO11	20	CERCOPITHECUS_ALBOGULARIS	I	I
SPO11	20	CERCOPITHECUS_MONA	I	I
SPO11	20	CERCOPITHECUS_NEGLECTUS	I	I
SPO11	20	CHEIROGALEUS_MEDIUS	I	I
SPO11	20	CHERACEBUS_LUCIFER	I	I
SPO11	20	CHERACEBUS_LUGENS	I	I
SPO11	20	CHERACEBUS_REGULUS	I	I
SPO11	20	CHERACEBUS_TORQUATUS	I	I
SPO11	20	CHIROPOTES_ISRAELITA	I	I
SPO11	20	CHIROPOTES_SAGULATUS	I	I
SPO11	20	CHLOROCEBUS_AETHIOPS	I	I
SPO11	20	CHLOROCEBUS_SABAEUS	I	I
SPO11	20	COLOBUS_ANGOLENSIS_PALLIATUS	I	I
SPO11	20	COLOBUS_GUEREZA	I	I
SPO11	20	DAUBENTONIA_MADAGASCARIENSIS	I	I
SPO11	20	ERYTHROCEBUS_PATAS	I	I
SPO11	20	EULEMUR_FLAVIFRONS	I	I
SPO11	20	EULEMUR_FULVUS	I	I
SPO11	20	EULEMUR_FULVUS_COLLARIS	I	I
SPO11	20	EULEMUR_MACACO	I	I
SPO11	20	EULEMUR_MONGOZ	I	I
SPO11	20	GALAGO_MOHOLI	I	I
SPO11	20	GALAGO_SENEGALENSIS	I	I
SPO11	20	GORILLA_BERINGEI	I	I
SPO11	20	GORILLA_GORILLA	I	I
SPO11	20	GORILLA_GORILLA_GORILLA	I	I
SPO11	20	HOOLOCK_LEUCONEDYS	I	I
SPO11	20	HYLOBATES_AGILIS	I	I
SPO11	20	HYLOBATES_MOLOCH	I	I
SPO11	20	HYLOBATES_PILEATUS	I	I
SPO11	20	INDRI_INDRI	I	I
SPO11	20	LAGOTHRIX_LAGOTRICHA	I	I
SPO11	20	LEMUR_CATTA	I	I
SPO11	20	LEONTOPITHECUS_CHRYSOMELAS	PI	PI
SPO11	20	LEONTOPITHECUS_ROSALIA	I	I
SPO11	20	LOPHOCEBUS_ATERRIMUS	I	I
SPO11	20	LORIS_TARDIGRADUS	I	I
SPO11	20	MACACA_ARCTOIDES	I	I
SPO11	20	MACACA_ASSAMENSIS	I	I
SPO11	20	MACACA_CYCLOPIS	I	I
SPO11	20	MACACA_FASCICULARIS	I	I
SPO11	20	MACACA_FUSCATA	I	I
SPO11	20	MACACA_LEONINA	I	I
SPO11	20	MACACA_MULATTA	I	I
SPO11	20	MACACA_NEMESTRINA	UL	UL
SPO11	20	MACACA_NIGRA	I	I
SPO11	20	MACACA_SILENUS	I	I
SPO11	20	MACACA_THIBETANA_THIBETANA	I	I
SPO11	20	MANDRILLUS_LEUCOPHAEUS	I	I
SPO11	20	MANDRILLUS_SPHINX	I	I
SPO11	20	MICROCEBUS_GRISEORUFUS	UL	UL
SPO11	20	MICROCEBUS_MITTERMEIERI	I	I
SPO11	20	MICROCEBUS_MURINUS	I	I
SPO11	20	MICROCEBUS_RAVELOBENSIS	PI	PI
SPO11	20	MICROCEBUS_SP._3_GT-2019	I	I
SPO11	20	MICROCEBUS_TAVARATRA	I	I
SPO11	20	MIRZA_COQUERELI	I	I
SPO11	20	MIRZA_ZAZA	PI	PI
SPO11	20	NASALIS_LARVATUS	PI	PI
SPO11	20	NOMASCUS_LEUCOGENYS	I	I
SPO11	20	NYCTICEBUS_BENGALENSIS	I	I
SPO11	20	NYCTICEBUS_COUCANG	I	I
SPO11	20	OTOLEMUR_CRASSICAUDATUS	I	I
SPO11	20	OTOLEMUR_GARNETTII	I	I
SPO11	20	PAN_PANISCUS	I	I
SPO11	20	PAN_TROGLODYTES	I	I
SPO11	20	PAPIO_ANUBIS	I	I
SPO11	20	PAPIO_HAMADRYAS	I	I
SPO11	20	PAPIO_PAPIO	I	I
SPO11	20	PILIOCOLOBUS_TEPHROSCELES	I	I
SPO11	20	PITHECIA_MITTERMEIERI	I	I
SPO11	20	PITHECIA_PITHECIA	I	I
SPO11	20	PITHECIA_VANZOLINII	I	I
SPO11	20	PLECTUROCEBUS_BERNHARDI	I	I
SPO11	20	PLECTUROCEBUS_BRUNNEUS	I	I
SPO11	20	PLECTUROCEBUS_CALIGATUS	I	I
SPO11	20	PLECTUROCEBUS_CINERASCENS	PM	PM
SPO11	20	PLECTUROCEBUS_CUPREUS	I	I
SPO11	20	PLECTUROCEBUS_DONACOPHILUS	I	I
SPO11	20	PLECTUROCEBUS_DUBIUS	I	I
SPO11	20	PLECTUROCEBUS_GROVESI	I	I
SPO11	20	PLECTUROCEBUS_HOFFMANNSI	I	I
SPO11	20	PLECTUROCEBUS_MILTONI	I	I
SPO11	20	PLECTUROCEBUS_MOLOCH	PM	PM
SPO11	20	PONGO_ABELII	I	I
SPO11	20	PONGO_PYGMAEUS	I	I
SPO11	20	PROLEMUR_SIMUS	I	I
SPO11	20	PROPITHECUS_COQUERELI	PI	PI
SPO11	20	PYGATHRIX_NEMAEUS	I	I
SPO11	20	PYGATHRIX_NIGRIPES	I	I
SPO11	20	RHINOPITHECUS_BIETI	I	I
SPO11	20	RHINOPITHECUS_ROXELLANA	I	I
SPO11	20	RHINOPITHECUS_STRYKERI	I	I
SPO11	20	SAGUINUS_IMPERATOR	I	I
SPO11	20	SAGUINUS_MIDAS	I	I
SPO11	20	SAGUINUS_OEDIPUS	I	I
SPO11	20	SAIMIRI_BOLIVIENSIS	I	I
SPO11	20	SAIMIRI_BOLIVIENSIS_BOLIVIENSIS	I	I
SPO11	20	SAIMIRI_SCIUREUS	I	I
SPO11	20	SAPAJUS_APELLA	I	I
SPO11	20	SEMNOPITHECUS_ENTELLUS	I	I
SPO11	20	SYMPHALANGUS_SYNDACTYLUS	I	I
SPO11	20	THEROPITHECUS_GELADA	I	I
SPO11	20	TRACHYPITHECUS_FRANCOISI	I	I
SPO11	20	TRACHYPITHECUS_GERMAINI	I	I
SPO11	20	TRACHYPITHECUS_PHAYREI_CREPUSCULA	I	I
SPO11	20	VARECIA_VARIEGATA	I	I
STAG3	7	ALLENOPITHECUS_NIGROVIRIDIS	PI	PI
STAG3	7	ALLOCHROCEBUS_LHOESTI	I	I
STAG3	7	ALOUATTA_PALLIATA	I	I
STAG3	7	AOTUS_NANCYMAAE	I	I
STAG3	7	AOTUS_VOCIFERANS	I	I
STAG3	7	ATELES_CHAMEK	I	I
STAG3	7	ATELES_GEOFFROYI	I	I
STAG3	7	ATELES_MARGINATUS	I	I
STAG3	7	ATELES_PANISCUS	I	I
STAG3	7	CACAJAO_AYRESI	I	I
STAG3	7	CACAJAO_HOSOMI	I	I
STAG3	7	CACAJAO_MELANOCEPHALUS	I	I
STAG3	7	CALLIMICO_GOELDII	PI	PI
STAG3	7	CALLITHRIX_JACCHUS	I	I
STAG3	7	CALLITHRIX_PENICILLATA	I	I
STAG3	7	CALLITHRIX_PYGMAEA	I	I
STAG3	7	CARLITO_SYRICHTA	I	I
STAG3	7	CEBUS_ALBIFRONS	I	I
STAG3	7	CEBUS_CAPUCINUS_IMITATOR	I	I
STAG3	7	CEPHALOPACHUS_BANCANUS	I	I
STAG3	7	CERCOCEBUS_ATYS	I	I
STAG3	7	CERCOPITHECUS_ALBOGULARIS	I	I
STAG3	7	CERCOPITHECUS_MONA	I	I
STAG3	7	CERCOPITHECUS_NEGLECTUS	I	I
STAG3	7	CHEIROGALEUS_MEDIUS	I	I
STAG3	7	CHERACEBUS_LUCIFER	I	I
STAG3	7	CHERACEBUS_LUGENS	I	I
STAG3	7	CHERACEBUS_REGULUS	PM	PM
STAG3	7	CHERACEBUS_TORQUATUS	I	I
STAG3	7	CHIROPOTES_ISRAELITA	I	I
STAG3	7	CHLOROCEBUS_AETHIOPS	UL	UL
STAG3	7	CHLOROCEBUS_SABAEUS	I	I
STAG3	7	COLOBUS_ANGOLENSIS_PALLIATUS	I	I
STAG3	7	COLOBUS_GUEREZA	I	I
STAG3	7	DAUBENTONIA_MADAGASCARIENSIS	I	I
STAG3	7	ERYTHROCEBUS_PATAS	I	I
STAG3	7	EULEMUR_FLAVIFRONS	I	I
STAG3	7	EULEMUR_FULVUS	I	I
STAG3	7	EULEMUR_FULVUS_COLLARIS	I	I
STAG3	7	EULEMUR_MACACO	I	I
STAG3	7	EULEMUR_MONGOZ	PI	PI
STAG3	7	GALAGO_MOHOLI	UL	UL
STAG3	7	GALAGO_SENEGALENSIS	I	I
STAG3	7	GORILLA_BERINGEI	PI	PI
STAG3	7	GORILLA_GORILLA	I	I
STAG3	7	GORILLA_GORILLA_GORILLA	I	I
STAG3	7	HOOLOCK_LEUCONEDYS	UL	I;UL
STAG3	7	HYLOBATES_AGILIS	I	I
STAG3	7	HYLOBATES_MOLOCH	I	I
STAG3	7	HYLOBATES_PILEATUS	I	I
STAG3	7	INDRI_INDRI	I	I
STAG3	7	LAGOTHRIX_LAGOTRICHA	UL	UL
STAG3	7	LEMUR_CATTA	I	I
STAG3	7	LEONTOPITHECUS_CHRYSOMELAS	I	I
STAG3	7	LEONTOPITHECUS_ROSALIA	I	I
STAG3	7	LOPHOCEBUS_ATERRIMUS	I	I
STAG3	7	LORIS_TARDIGRADUS	I	I
STAG3	7	MACACA_ARCTOIDES	I	I
STAG3	7	MACACA_ASSAMENSIS	I	I
STAG3	7	MACACA_CYCLOPIS	I	I
STAG3	7	MACACA_FASCICULARIS	I	I
STAG3	7	MACACA_FUSCATA	I	I
STAG3	7	MACACA_LEONINA	I	I
STAG3	7	MACACA_MULATTA	I	I
STAG3	7	MACACA_NEMESTRINA	I	I
STAG3	7	MACACA_NIGRA	I	I
STAG3	7	MACACA_SILENUS	I	I
STAG3	7	MACACA_THIBETANA_THIBETANA	I	I
STAG3	7	MANDRILLUS_LEUCOPHAEUS	PI	I;PI
STAG3	7	MANDRILLUS_SPHINX	I	I
STAG3	7	MICROCEBUS_MITTERMEIERI	I	I
STAG3	7	MICROCEBUS_MURINUS	I	I
STAG3	7	MICROCEBUS_RAVELOBENSIS	PM	PM
STAG3	7	MICROCEBUS_SP._3_GT-2019	PI	PI
STAG3	7	MICROCEBUS_TAVARATRA	PI	PI
STAG3	7	MIRZA_COQUERELI	PI	PI
STAG3	7	MIRZA_ZAZA	PI	PI
STAG3	7	NASALIS_LARVATUS	PI	PI
STAG3	7	NOMASCUS_LEUCOGENYS	I	I
STAG3	7	NYCTICEBUS_BENGALENSIS	I	I
STAG3	7	NYCTICEBUS_COUCANG	I	I
STAG3	7	OTOLEMUR_CRASSICAUDATUS	I	I
STAG3	7	OTOLEMUR_GARNETTII	I	I
STAG3	7	PAN_PANISCUS	I	I
STAG3	7	PAN_TROGLODYTES	I	I
STAG3	7	PAPIO_ANUBIS	I	I
STAG3	7	PAPIO_HAMADRYAS	I	I
STAG3	7	PAPIO_PAPIO	PI	PI
STAG3	7	PILIOCOLOBUS_TEPHROSCELES	I	I
STAG3	7	PITHECIA_MITTERMEIERI	I	I
STAG3	7	PITHECIA_PITHECIA	I	I
STAG3	7	PITHECIA_VANZOLINII	I	I
STAG3	7	PLECTUROCEBUS_BERNHARDI	UL	UL
STAG3	7	PLECTUROCEBUS_BRUNNEUS	PM	PM
STAG3	7	PLECTUROCEBUS_CALIGATUS	PI	PI
STAG3	7	PLECTUROCEBUS_CINERASCENS	PM	PM
STAG3	7	PLECTUROCEBUS_CUPREUS	I	I
STAG3	7	PLECTUROCEBUS_DONACOPHILUS	I	I
STAG3	7	PLECTUROCEBUS_GROVESI	UL	UL
STAG3	7	PLECTUROCEBUS_HOFFMANNSI	PM	PM
STAG3	7	PLECTUROCEBUS_MILTONI	PI	PI
STAG3	7	PLECTUROCEBUS_MOLOCH	I	I
STAG3	7	PONGO_ABELII	I	I
STAG3	7	PONGO_PYGMAEUS	PI	I;PI
STAG3	7	PROLEMUR_SIMUS	I	I
STAG3	7	PROPITHECUS_COQUERELI	I	I
STAG3	7	PYGATHRIX_NEMAEUS	I	I
STAG3	7	PYGATHRIX_NIGRIPES	I	I
STAG3	7	RHINOPITHECUS_BIETI	I	I
STAG3	7	RHINOPITHECUS_ROXELLANA	I	I
STAG3	7	RHINOPITHECUS_STRYKERI	UL	UL
STAG3	7	SAGUINUS_IMPERATOR	I	I
STAG3	7	SAGUINUS_MIDAS	L	L
STAG3	7	SAGUINUS_OEDIPUS	I	I
STAG3	7	SAIMIRI_BOLIVIENSIS	I	I
STAG3	7	SAIMIRI_BOLIVIENSIS_BOLIVIENSIS	I	I
STAG3	7	SAPAJUS_APELLA	UL	I;UL
STAG3	7	SEMNOPITHECUS_ENTELLUS	I	I
STAG3	7	SYMPHALANGUS_SYNDACTYLUS	I	I
STAG3	7	THEROPITHECUS_GELADA	I	I
STAG3	7	TRACHYPITHECUS_FRANCOISI	I	I
STAG3	7	TRACHYPITHECUS_GERMAINI	I	I
STAG3	7	TRACHYPITHECUS_PHAYREI_CREPUSCULA	I	I
STAG3	7	VARECIA_VARIEGATA	I	I
SWSAP1	19	ALLENOPITHECUS_NIGROVIRIDIS	M	M
SWSAP1	19	ALLOCHROCEBUS_LHOESTI	I	I
SWSAP1	19	ALOUATTA_PALLIATA	I	I
SWSAP1	19	AOTUS_NANCYMAAE	I	I
SWSAP1	19	AOTUS_VOCIFERANS	I	I
SWSAP1	19	ATELES_BELZEBUTH	I	I
SWSAP1	19	ATELES_CHAMEK	I	I
SWSAP1	19	ATELES_GEOFFROYI	I	I
SWSAP1	19	ATELES_MARGINATUS	I	I
SWSAP1	19	ATELES_PANISCUS	I	I
SWSAP1	19	CACAJAO_AYRESI	I	I
SWSAP1	19	CACAJAO_CALVUS	I	I
SWSAP1	19	CACAJAO_HOSOMI	I	I
SWSAP1	19	CACAJAO_MELANOCEPHALUS	I	I
SWSAP1	19	CALLIMICO_GOELDII	I	I
SWSAP1	19	CALLITHRIX_JACCHUS	I	I
SWSAP1	19	CALLITHRIX_PENICILLATA	I	I
SWSAP1	19	CALLITHRIX_PYGMAEA	I	I
SWSAP1	19	CARLITO_SYRICHTA	I	I
SWSAP1	19	CEBUS_ALBIFRONS	I	I
SWSAP1	19	CEBUS_CAPUCINUS_IMITATOR	I	I
SWSAP1	19	CEPHALOPACHUS_BANCANUS	I	I
SWSAP1	19	CERCOCEBUS_ATYS	I	I
SWSAP1	19	CERCOPITHECUS_ALBOGULARIS	I	I
SWSAP1	19	CERCOPITHECUS_MONA	I	I
SWSAP1	19	CERCOPITHECUS_NEGLECTUS	I	I
SWSAP1	19	CHEIROGALEUS_MEDIUS	I	I
SWSAP1	19	CHERACEBUS_LUCIFER	I	I
SWSAP1	19	CHERACEBUS_LUGENS	I	I
SWSAP1	19	CHERACEBUS_REGULUS	I	I
SWSAP1	19	CHERACEBUS_TORQUATUS	I	I
SWSAP1	19	CHIROPOTES_ISRAELITA	I	I
SWSAP1	19	CHIROPOTES_SAGULATUS	I	I
SWSAP1	19	CHLOROCEBUS_AETHIOPS	I	I
SWSAP1	19	CHLOROCEBUS_SABAEUS	I	I
SWSAP1	19	COLOBUS_ANGOLENSIS_PALLIATUS	I	I
SWSAP1	19	COLOBUS_GUEREZA	I	I
SWSAP1	19	DAUBENTONIA_MADAGASCARIENSIS	I	I
SWSAP1	19	ERYTHROCEBUS_PATAS	I	I
SWSAP1	19	EULEMUR_FLAVIFRONS	I	I
SWSAP1	19	EULEMUR_FULVUS	I	I
SWSAP1	19	EULEMUR_FULVUS_COLLARIS	I	I
SWSAP1	19	EULEMUR_MACACO	I	I
SWSAP1	19	EULEMUR_MONGOZ	I	I
SWSAP1	19	GALAGO_MOHOLI	I	I
SWSAP1	19	GALAGO_SENEGALENSIS	I	I
SWSAP1	19	GORILLA_BERINGEI	I	I
SWSAP1	19	GORILLA_GORILLA	I	I
SWSAP1	19	GORILLA_GORILLA_GORILLA	I	I
SWSAP1	19	HOOLOCK_LEUCONEDYS	UL	I;UL
SWSAP1	19	HYLOBATES_AGILIS	I	I
SWSAP1	19	HYLOBATES_MOLOCH	I	I
SWSAP1	19	HYLOBATES_PILEATUS	I	I
SWSAP1	19	INDRI_INDRI	I	I
SWSAP1	19	LAGOTHRIX_LAGOTRICHA	I	I
SWSAP1	19	LEMUR_CATTA	I	I
SWSAP1	19	LEONTOPITHECUS_CHRYSOMELAS	I	I
SWSAP1	19	LEONTOPITHECUS_ROSALIA	I	I
SWSAP1	19	LOPHOCEBUS_ATERRIMUS	I	I
SWSAP1	19	LORIS_TARDIGRADUS	I	I
SWSAP1	19	MACACA_ARCTOIDES	I	I
SWSAP1	19	MACACA_ASSAMENSIS	I	I
SWSAP1	19	MACACA_CYCLOPIS	I	I
SWSAP1	19	MACACA_FASCICULARIS	I	I
SWSAP1	19	MACACA_FUSCATA	L	L
SWSAP1	19	MACACA_LEONINA	I	I
SWSAP1	19	MACACA_MULATTA	I	I
SWSAP1	19	MACACA_NEMESTRINA	I	I
SWSAP1	19	MACACA_NIGRA	I	I
SWSAP1	19	MACACA_SILENUS	I	I
SWSAP1	19	MACACA_THIBETANA_THIBETANA	I	I
SWSAP1	19	MANDRILLUS_LEUCOPHAEUS	M	I;M
SWSAP1	19	MANDRILLUS_SPHINX	I	I
SWSAP1	19	MICROCEBUS_GRISEORUFUS	I	I
SWSAP1	19	MICROCEBUS_MITTERMEIERI	I	I
SWSAP1	19	MICROCEBUS_MURINUS	I	I
SWSAP1	19	MICROCEBUS_RAVELOBENSIS	I	I
SWSAP1	19	MICROCEBUS_SP._3_GT-2019	I	I
SWSAP1	19	MICROCEBUS_TAVARATRA	I	I
SWSAP1	19	MIRZA_COQUERELI	I	I
SWSAP1	19	MIRZA_ZAZA	I	I
SWSAP1	19	NASALIS_LARVATUS	PI	PI
SWSAP1	19	NOMASCUS_LEUCOGENYS	I	I
SWSAP1	19	NYCTICEBUS_BENGALENSIS	I	I
SWSAP1	19	NYCTICEBUS_COUCANG	I	I
SWSAP1	19	OTOLEMUR_CRASSICAUDATUS	I	I
SWSAP1	19	OTOLEMUR_GARNETTII	I	I
SWSAP1	19	PAN_PANISCUS	I	I
SWSAP1	19	PAN_TROGLODYTES	I	I
SWSAP1	19	PAPIO_ANUBIS	I	I
SWSAP1	19	PAPIO_HAMADRYAS	I	I
SWSAP1	19	PAPIO_PAPIO	I	I
SWSAP1	19	PILIOCOLOBUS_TEPHROSCELES	I	I
SWSAP1	19	PITHECIA_MITTERMEIERI	I	I
SWSAP1	19	PITHECIA_PITHECIA	I	I
SWSAP1	19	PITHECIA_VANZOLINII	I	I
SWSAP1	19	PLECTUROCEBUS_BERNHARDI	I	I
SWSAP1	19	PLECTUROCEBUS_BRUNNEUS	I	I
SWSAP1	19	PLECTUROCEBUS_CALIGATUS	I	I
SWSAP1	19	PLECTUROCEBUS_CINERASCENS	I	I
SWSAP1	19	PLECTUROCEBUS_CUPREUS	I	I
SWSAP1	19	PLECTUROCEBUS_DONACOPHILUS	I	I
SWSAP1	19	PLECTUROCEBUS_DUBIUS	I	I
SWSAP1	19	PLECTUROCEBUS_GROVESI	I	I
SWSAP1	19	PLECTUROCEBUS_HOFFMANNSI	I	I
SWSAP1	19	PLECTUROCEBUS_MILTONI	I	I
SWSAP1	19	PLECTUROCEBUS_MOLOCH	I	I
SWSAP1	19	PONGO_ABELII	I	I
SWSAP1	19	PONGO_PYGMAEUS	UL	I;UL
SWSAP1	19	PROLEMUR_SIMUS	I	I
SWSAP1	19	PROPITHECUS_COQUERELI	I	I
SWSAP1	19	PYGATHRIX_NEMAEUS	I	I
SWSAP1	19	PYGATHRIX_NIGRIPES	I	I
SWSAP1	19	RHINOPITHECUS_BIETI	I	I
SWSAP1	19	RHINOPITHECUS_ROXELLANA	I	I
SWSAP1	19	RHINOPITHECUS_STRYKERI	I	I
SWSAP1	19	SAGUINUS_IMPERATOR	I	I
SWSAP1	19	SAGUINUS_MIDAS	I	I
SWSAP1	19	SAGUINUS_OEDIPUS	I	I
SWSAP1	19	SAIMIRI_BOLIVIENSIS	I	I
SWSAP1	19	SAIMIRI_BOLIVIENSIS_BOLIVIENSIS	I	I
SWSAP1	19	SAIMIRI_SCIUREUS	I	I
SWSAP1	19	SAPAJUS_APELLA	I	I
SWSAP1	19	SEMNOPITHECUS_ENTELLUS	I	I
SWSAP1	19	SYMPHALANGUS_SYNDACTYLUS	I	I
SWSAP1	19	THEROPITHECUS_GELADA	I	I
SWSAP1	19	TRACHYPITHECUS_FRANCOISI	I	I
SWSAP1	19	TRACHYPITHECUS_GERMAINI	I	I
SWSAP1	19	TRACHYPITHECUS_PHAYREI_CREPUSCULA	M	M
SWSAP1	19	VARECIA_VARIEGATA	I	I
SYCE2	19	ALLENOPITHECUS_NIGROVIRIDIS	I	I
SYCE2	19	ALLOCHROCEBUS_LHOESTI	I	I
SYCE2	19	ALOUATTA_PALLIATA	PI	PI
SYCE2	19	AOTUS_NANCYMAAE	I	I
SYCE2	19	AOTUS_VOCIFERANS	I	I
SYCE2	19	ATELES_BELZEBUTH	PI	PI
SYCE2	19	ATELES_CHAMEK	PI	PI
SYCE2	19	ATELES_GEOFFROYI	PI	PI
SYCE2	19	ATELES_MARGINATUS	PI	PI
SYCE2	19	ATELES_PANISCUS	PI	I;PI
SYCE2	19	CACAJAO_AYRESI	I	I
SYCE2	19	CACAJAO_CALVUS	PI	PI
SYCE2	19	CACAJAO_HOSOMI	I	I
SYCE2	19	CACAJAO_MELANOCEPHALUS	I	I
SYCE2	19	CALLIMICO_GOELDII	I	I
SYCE2	19	CALLITHRIX_JACCHUS	I	I
SYCE2	19	CALLITHRIX_PENICILLATA	I	I
SYCE2	19	CALLITHRIX_PYGMAEA	I	I
SYCE2	19	CARLITO_SYRICHTA	I	I
SYCE2	19	CEBUS_ALBIFRONS	PI	I;PI
SYCE2	19	CEBUS_CAPUCINUS_IMITATOR	PI	PI
SYCE2	19	CEPHALOPACHUS_BANCANUS	I	I
SYCE2	19	CERCOCEBUS_ATYS	I	I
SYCE2	19	CERCOPITHECUS_ALBOGULARIS	I	I
SYCE2	19	CERCOPITHECUS_MONA	I	I
SYCE2	19	CERCOPITHECUS_NEGLECTUS	PI	PI
SYCE2	19	CHEIROGALEUS_MEDIUS	I	I
SYCE2	19	CHERACEBUS_LUCIFER	PI	PI
SYCE2	19	CHERACEBUS_LUGENS	I	I
SYCE2	19	CHERACEBUS_REGULUS	I	I
SYCE2	19	CHERACEBUS_TORQUATUS	I	I
SYCE2	19	CHIROPOTES_ISRAELITA	I	I
SYCE2	19	CHIROPOTES_SAGULATUS	PI	PI
SYCE2	19	CHLOROCEBUS_AETHIOPS	I	I
SYCE2	19	CHLOROCEBUS_SABAEUS	UL	UL
SYCE2	19	COLOBUS_ANGOLENSIS_PALLIATUS	I	I
SYCE2	19	COLOBUS_GUEREZA	I	I
SYCE2	19	DAUBENTONIA_MADAGASCARIENSIS	I	I
SYCE2	19	ERYTHROCEBUS_PATAS	PI	I;PI
SYCE2	19	EULEMUR_FLAVIFRONS	I	I
SYCE2	19	EULEMUR_FULVUS	I	I
SYCE2	19	EULEMUR_FULVUS_COLLARIS	PI	PI
SYCE2	19	EULEMUR_MACACO	I	I
SYCE2	19	EULEMUR_MONGOZ	I	I
SYCE2	19	GALAGO_MOHOLI	I	I
SYCE2	19	GALAGO_SENEGALENSIS	UL	UL
SYCE2	19	GORILLA_BERINGEI	PI	PI
SYCE2	19	GORILLA_GORILLA	I	I
SYCE2	19	GORILLA_GORILLA_GORILLA	I	I
SYCE2	19	HOOLOCK_LEUCONEDYS	I	I
SYCE2	19	HYLOBATES_AGILIS	PI	PI
SYCE2	19	HYLOBATES_MOLOCH	I	I
SYCE2	19	HYLOBATES_PILEATUS	I	I
SYCE2	19	INDRI_INDRI	I	I
SYCE2	19	LAGOTHRIX_LAGOTRICHA	I	I
SYCE2	19	LEMUR_CATTA	I	I
SYCE2	19	LEONTOPITHECUS_CHRYSOMELAS	I	I
SYCE2	19	LEONTOPITHECUS_ROSALIA	I	I
SYCE2	19	LOPHOCEBUS_ATERRIMUS	I	I
SYCE2	19	LORIS_TARDIGRADUS	UL	UL
SYCE2	19	MACACA_ARCTOIDES	I	I
SYCE2	19	MACACA_ASSAMENSIS	I	I
SYCE2	19	MACACA_CYCLOPIS	I	I
SYCE2	19	MACACA_FASCICULARIS	I	I
SYCE2	19	MACACA_FUSCATA	I	I
SYCE2	19	MACACA_LEONINA	I	I
SYCE2	19	MACACA_MULATTA	I	I
SYCE2	19	MACACA_NEMESTRINA	I	I
SYCE2	19	MACACA_NIGRA	I	I
SYCE2	19	MACACA_SILENUS	I	I
SYCE2	19	MACACA_THIBETANA_THIBETANA	I	I
SYCE2	19	MANDRILLUS_LEUCOPHAEUS	I	I
SYCE2	19	MANDRILLUS_SPHINX	I	I
SYCE2	19	MICROCEBUS_GRISEORUFUS	UL	UL
SYCE2	19	MICROCEBUS_MITTERMEIERI	PM	PM
SYCE2	19	MICROCEBUS_MURINUS	UL	UL
SYCE2	19	MICROCEBUS_RAVELOBENSIS	I	I
SYCE2	19	MICROCEBUS_SP._3_GT-2019	I	I
SYCE2	19	MICROCEBUS_TAVARATRA	I	I
SYCE2	19	MIRZA_COQUERELI	I	I
SYCE2	19	MIRZA_ZAZA	I	I
SYCE2	19	NASALIS_LARVATUS	L	L
SYCE2	19	NOMASCUS_LEUCOGENYS	I	I
SYCE2	19	NYCTICEBUS_BENGALENSIS	UL	UL
SYCE2	19	NYCTICEBUS_COUCANG	UL	UL
SYCE2	19	OTOLEMUR_CRASSICAUDATUS	UL	UL
SYCE2	19	OTOLEMUR_GARNETTII	L	L
SYCE2	19	PAN_PANISCUS	I	I
SYCE2	19	PAN_TROGLODYTES	I	I
SYCE2	19	PAPIO_ANUBIS	I	I
SYCE2	19	PAPIO_HAMADRYAS	I	I
SYCE2	19	PAPIO_PAPIO	PI	PI
SYCE2	19	PILIOCOLOBUS_TEPHROSCELES	I	I
SYCE2	19	PITHECIA_MITTERMEIERI	PI	PI
SYCE2	19	PITHECIA_PITHECIA	PI	I;PI
SYCE2	19	PITHECIA_VANZOLINII	PI	PI
SYCE2	19	PLECTUROCEBUS_BERNHARDI	I	I
SYCE2	19	PLECTUROCEBUS_BRUNNEUS	I	I
SYCE2	19	PLECTUROCEBUS_CALIGATUS	PI	PI
SYCE2	19	PLECTUROCEBUS_CINERASCENS	I	I
SYCE2	19	PLECTUROCEBUS_CUPREUS	I	I
SYCE2	19	PLECTUROCEBUS_DONACOPHILUS	I	I
SYCE2	19	PLECTUROCEBUS_GROVESI	I	I
SYCE2	19	PLECTUROCEBUS_HOFFMANNSI	PI	PI
SYCE2	19	PLECTUROCEBUS_MILTONI	I	I
SYCE2	19	PLECTUROCEBUS_MOLOCH	PI	PI
SYCE2	19	PONGO_ABELII	I	I
SYCE2	19	PONGO_PYGMAEUS	I	I
SYCE2	19	PROLEMUR_SIMUS	I	I
SYCE2	19	PROPITHECUS_COQUERELI	I	I
SYCE2	19	PYGATHRIX_NEMAEUS	I	I
SYCE2	19	PYGATHRIX_NIGRIPES	I	I
SYCE2	19	RHINOPITHECUS_BIETI	UL	I;UL
SYCE2	19	RHINOPITHECUS_ROXELLANA	I	I
SYCE2	19	RHINOPITHECUS_STRYKERI	I	I
SYCE2	19	SAGUINUS_IMPERATOR	I	I
SYCE2	19	SAGUINUS_MIDAS	I	I
SYCE2	19	SAGUINUS_OEDIPUS	I	I
SYCE2	19	SAIMIRI_BOLIVIENSIS	PI	PI
SYCE2	19	SAIMIRI_BOLIVIENSIS_BOLIVIENSIS	I	I
SYCE2	19	SAIMIRI_SCIUREUS	I	I
SYCE2	19	SAPAJUS_APELLA	I	I
SYCE2	19	SEMNOPITHECUS_ENTELLUS	L	L
SYCE2	19	SYMPHALANGUS_SYNDACTYLUS	I	I
SYCE2	19	THEROPITHECUS_GELADA	I	I
SYCE2	19	TRACHYPITHECUS_FRANCOISI	I	I
SYCE2	19	TRACHYPITHECUS_GERMAINI	I	I
SYCE2	19	TRACHYPITHECUS_PHAYREI_CREPUSCULA	I	I
SYCE2	19	VARECIA_VARIEGATA	I	I
SYCE3	22	ALLENOPITHECUS_NIGROVIRIDIS	I	I
SYCE3	22	ALLOCHROCEBUS_LHOESTI	I	I
SYCE3	22	ALOUATTA_PALLIATA	I	I
SYCE3	22	AOTUS_NANCYMAAE	I	I
SYCE3	22	AOTUS_VOCIFERANS	I	I
SYCE3	22	ATELES_BELZEBUTH	I	I
SYCE3	22	ATELES_CHAMEK	I	I
SYCE3	22	ATELES_GEOFFROYI	I	I
SYCE3	22	ATELES_MARGINATUS	I	I
SYCE3	22	ATELES_PANISCUS	I	I
SYCE3	22	CACAJAO_AYRESI	I	I
SYCE3	22	CACAJAO_CALVUS	I	I
SYCE3	22	CACAJAO_HOSOMI	I	I
SYCE3	22	CACAJAO_MELANOCEPHALUS	I	I
SYCE3	22	CALLIMICO_GOELDII	L	L
SYCE3	22	CALLITHRIX_JACCHUS	I	I
SYCE3	22	CALLITHRIX_PENICILLATA	PI	PI
SYCE3	22	CALLITHRIX_PYGMAEA	I	I
SYCE3	22	CARLITO_SYRICHTA	I	I
SYCE3	22	CEBUS_ALBIFRONS	I	I
SYCE3	22	CEBUS_CAPUCINUS_IMITATOR	I	I
SYCE3	22	CEPHALOPACHUS_BANCANUS	I	I
SYCE3	22	CERCOCEBUS_ATYS	I	I
SYCE3	22	CERCOPITHECUS_ALBOGULARIS	I	I
SYCE3	22	CERCOPITHECUS_MONA	I	I
SYCE3	22	CERCOPITHECUS_NEGLECTUS	I	I
SYCE3	22	CHEIROGALEUS_MEDIUS	I	I
SYCE3	22	CHERACEBUS_LUCIFER	I	I
SYCE3	22	CHERACEBUS_LUGENS	I	I
SYCE3	22	CHERACEBUS_REGULUS	I	I
SYCE3	22	CHERACEBUS_TORQUATUS	I	I
SYCE3	22	CHIROPOTES_ISRAELITA	I	I
SYCE3	22	CHIROPOTES_SAGULATUS	I	I
SYCE3	22	CHLOROCEBUS_AETHIOPS	I	I
SYCE3	22	CHLOROCEBUS_SABAEUS	I	I
SYCE3	22	COLOBUS_ANGOLENSIS_PALLIATUS	I	I
SYCE3	22	COLOBUS_GUEREZA	I	I
SYCE3	22	DAUBENTONIA_MADAGASCARIENSIS	I	I
SYCE3	22	ERYTHROCEBUS_PATAS	I	I
SYCE3	22	EULEMUR_FLAVIFRONS	I	I
SYCE3	22	EULEMUR_FULVUS	I	I
SYCE3	22	EULEMUR_FULVUS_COLLARIS	PI	PI
SYCE3	22	EULEMUR_MACACO	I	I
SYCE3	22	EULEMUR_MONGOZ	I	I
SYCE3	22	GALAGO_MOHOLI	I	I
SYCE3	22	GALAGO_SENEGALENSIS	I	I
SYCE3	22	GORILLA_BERINGEI	I	I
SYCE3	22	GORILLA_GORILLA	I	I
SYCE3	22	GORILLA_GORILLA_GORILLA	I	I
SYCE3	22	HOOLOCK_LEUCONEDYS	I	I
SYCE3	22	HYLOBATES_AGILIS	I	I
SYCE3	22	HYLOBATES_MOLOCH	I	I
SYCE3	22	HYLOBATES_PILEATUS	I	I
SYCE3	22	INDRI_INDRI	I	I
SYCE3	22	LAGOTHRIX_LAGOTRICHA	I	I
SYCE3	22	LEMUR_CATTA	I	I
SYCE3	22	LEONTOPITHECUS_CHRYSOMELAS	I	I
SYCE3	22	LEONTOPITHECUS_ROSALIA	I	I
SYCE3	22	LOPHOCEBUS_ATERRIMUS	I	I
SYCE3	22	LORIS_TARDIGRADUS	I	I
SYCE3	22	MACACA_ARCTOIDES	I	I
SYCE3	22	MACACA_ASSAMENSIS	I	I
SYCE3	22	MACACA_CYCLOPIS	I	I
SYCE3	22	MACACA_FASCICULARIS	I	I
SYCE3	22	MACACA_FUSCATA	I	I
SYCE3	22	MACACA_LEONINA	I	I
SYCE3	22	MACACA_MULATTA	I	I
SYCE3	22	MACACA_NEMESTRINA	I	I
SYCE3	22	MACACA_NIGRA	I	I
SYCE3	22	MACACA_SILENUS	I	I
SYCE3	22	MACACA_THIBETANA_THIBETANA	I	I
SYCE3	22	MANDRILLUS_LEUCOPHAEUS	I	I
SYCE3	22	MANDRILLUS_SPHINX	I	I
SYCE3	22	MICROCEBUS_GRISEORUFUS	PI	PI
SYCE3	22	MICROCEBUS_MITTERMEIERI	I	I
SYCE3	22	MICROCEBUS_MURINUS	I	I
SYCE3	22	MICROCEBUS_RAVELOBENSIS	I	I
SYCE3	22	MICROCEBUS_SP._3_GT-2019	I	I
SYCE3	22	MICROCEBUS_TAVARATRA	I	I
SYCE3	22	MIRZA_COQUERELI	I	I
SYCE3	22	MIRZA_ZAZA	I	I
SYCE3	22	NASALIS_LARVATUS	PI	PI
SYCE3	22	NOMASCUS_LEUCOGENYS	I	I
SYCE3	22	NYCTICEBUS_BENGALENSIS	I	I
SYCE3	22	NYCTICEBUS_COUCANG	PI	I;PI
SYCE3	22	OTOLEMUR_CRASSICAUDATUS	I	I
SYCE3	22	OTOLEMUR_GARNETTII	I	I
SYCE3	22	PAN_PANISCUS	I	I
SYCE3	22	PAN_TROGLODYTES	I	I
SYCE3	22	PAPIO_ANUBIS	I	I
SYCE3	22	PAPIO_HAMADRYAS	I	I
SYCE3	22	PAPIO_PAPIO	PI	PI
SYCE3	22	PILIOCOLOBUS_TEPHROSCELES	I	I
SYCE3	22	PITHECIA_MITTERMEIERI	I	I
SYCE3	22	PITHECIA_PITHECIA	I	I
SYCE3	22	PITHECIA_VANZOLINII	PI	PI
SYCE3	22	PLECTUROCEBUS_BERNHARDI	I	I
SYCE3	22	PLECTUROCEBUS_BRUNNEUS	I	I
SYCE3	22	PLECTUROCEBUS_CALIGATUS	I	I
SYCE3	22	PLECTUROCEBUS_CINERASCENS	I	I
SYCE3	22	PLECTUROCEBUS_CUPREUS	I	I
SYCE3	22	PLECTUROCEBUS_DONACOPHILUS	I	I
SYCE3	22	PLECTUROCEBUS_DUBIUS	I	I
SYCE3	22	PLECTUROCEBUS_GROVESI	I	I
SYCE3	22	PLECTUROCEBUS_HOFFMANNSI	I	I
SYCE3	22	PLECTUROCEBUS_MILTONI	I	I
SYCE3	22	PLECTUROCEBUS_MOLOCH	I	I
SYCE3	22	PONGO_ABELII	I	I
SYCE3	22	PONGO_PYGMAEUS	I	I
SYCE3	22	PROLEMUR_SIMUS	I	I
SYCE3	22	PROPITHECUS_COQUERELI	I	I
SYCE3	22	PYGATHRIX_NEMAEUS	I	I
SYCE3	22	PYGATHRIX_NIGRIPES	I	I
SYCE3	22	RHINOPITHECUS_BIETI	I	I
SYCE3	22	RHINOPITHECUS_ROXELLANA	I	I
SYCE3	22	RHINOPITHECUS_STRYKERI	I	I
SYCE3	22	SAGUINUS_IMPERATOR	I	I
SYCE3	22	SAGUINUS_MIDAS	I	I
SYCE3	22	SAGUINUS_OEDIPUS	I	I
SYCE3	22	SAIMIRI_BOLIVIENSIS	I	I
SYCE3	22	SAIMIRI_BOLIVIENSIS_BOLIVIENSIS	I	I
SYCE3	22	SAIMIRI_SCIUREUS	I	I
SYCE3	22	SAPAJUS_APELLA	I	I
SYCE3	22	SEMNOPITHECUS_ENTELLUS	PI	PI
SYCE3	22	SYMPHALANGUS_SYNDACTYLUS	I	I
SYCE3	22	THEROPITHECUS_GELADA	I	I
SYCE3	22	TRACHYPITHECUS_FRANCOISI	I	I
SYCE3	22	TRACHYPITHECUS_GERMAINI	I	I
SYCE3	22	TRACHYPITHECUS_PHAYREI_CREPUSCULA	I	I
SYCE3	22	VARECIA_VARIEGATA	I	I
SYCP1	1	ALLENOPITHECUS_NIGROVIRIDIS	UL	UL
SYCP1	1	ALLOCHROCEBUS_LHOESTI	I	I
SYCP1	1	ALOUATTA_PALLIATA	PI	PI
SYCP1	1	AOTUS_NANCYMAAE	UL	UL
SYCP1	1	AOTUS_VOCIFERANS	I	I
SYCP1	1	ATELES_CHAMEK	I	I
SYCP1	1	ATELES_GEOFFROYI	I	I
SYCP1	1	ATELES_MARGINATUS	I	I
SYCP1	1	ATELES_PANISCUS	I	I
SYCP1	1	CACAJAO_AYRESI	I	I
SYCP1	1	CACAJAO_CALVUS	I	I
SYCP1	1	CACAJAO_HOSOMI	I	I
SYCP1	1	CACAJAO_MELANOCEPHALUS	I	I
SYCP1	1	CALLIMICO_GOELDII	I	I
SYCP1	1	CALLITHRIX_JACCHUS	I	I
SYCP1	1	CALLITHRIX_PENICILLATA	I	I
SYCP1	1	CALLITHRIX_PYGMAEA	I	I
SYCP1	1	CARLITO_SYRICHTA	I	I
SYCP1	1	CEBUS_ALBIFRONS	PI	I;PI
SYCP1	1	CEBUS_CAPUCINUS_IMITATOR	I	I
SYCP1	1	CEPHALOPACHUS_BANCANUS	UL	UL
SYCP1	1	CERCOCEBUS_ATYS	I	I
SYCP1	1	CERCOPITHECUS_ALBOGULARIS	I	I
SYCP1	1	CERCOPITHECUS_MONA	I	I
SYCP1	1	CERCOPITHECUS_NEGLECTUS	PI	PI
SYCP1	1	CHEIROGALEUS_MEDIUS	I	I
SYCP1	1	CHERACEBUS_LUCIFER	I	I
SYCP1	1	CHERACEBUS_LUGENS	I	I
SYCP1	1	CHERACEBUS_REGULUS	PM	PM
SYCP1	1	CHERACEBUS_TORQUATUS	I	I
SYCP1	1	CHIROPOTES_ISRAELITA	PI	PI
SYCP1	1	CHLOROCEBUS_AETHIOPS	I	I
SYCP1	1	CHLOROCEBUS_SABAEUS	I	I
SYCP1	1	COLOBUS_ANGOLENSIS_PALLIATUS	I	I
SYCP1	1	COLOBUS_GUEREZA	I	I
SYCP1	1	DAUBENTONIA_MADAGASCARIENSIS	I	I
SYCP1	1	ERYTHROCEBUS_PATAS	PI	I;PI
SYCP1	1	EULEMUR_FLAVIFRONS	I	I
SYCP1	1	EULEMUR_FULVUS	PI	PI
SYCP1	1	EULEMUR_FULVUS_COLLARIS	PI	PI
SYCP1	1	EULEMUR_MACACO	I	I
SYCP1	1	EULEMUR_MONGOZ	PI	PI
SYCP1	1	GALAGO_MOHOLI	I	I
SYCP1	1	GALAGO_SENEGALENSIS	PI	PI
SYCP1	1	GORILLA_GORILLA	I	I
SYCP1	1	GORILLA_GORILLA_GORILLA	I	I
SYCP1	1	HOOLOCK_LEUCONEDYS	I	I
SYCP1	1	HYLOBATES_AGILIS	PI	PI
SYCP1	1	HYLOBATES_MOLOCH	I	I
SYCP1	1	HYLOBATES_PILEATUS	I	I
SYCP1	1	INDRI_INDRI	I	I
SYCP1	1	LAGOTHRIX_LAGOTRICHA	PI	PI
SYCP1	1	LEMUR_CATTA	I	I
SYCP1	1	LEONTOPITHECUS_CHRYSOMELAS	PI	PI
SYCP1	1	LEONTOPITHECUS_ROSALIA	PI	PI
SYCP1	1	LOPHOCEBUS_ATERRIMUS	I	I
SYCP1	1	LORIS_TARDIGRADUS	I	I
SYCP1	1	MACACA_ARCTOIDES	I	I
SYCP1	1	MACACA_ASSAMENSIS	I	I
SYCP1	1	MACACA_CYCLOPIS	I	I
SYCP1	1	MACACA_FASCICULARIS	I	I
SYCP1	1	MACACA_FUSCATA	I	I
SYCP1	1	MACACA_LEONINA	I	I
SYCP1	1	MACACA_MULATTA	I	I
SYCP1	1	MACACA_NEMESTRINA	I	I
SYCP1	1	MACACA_NIGRA	UL	UL
SYCP1	1	MACACA_SILENUS	I	I
SYCP1	1	MACACA_THIBETANA_THIBETANA	I	I
SYCP1	1	MANDRILLUS_LEUCOPHAEUS	I	I
SYCP1	1	MANDRILLUS_SPHINX	PI	I;PI
SYCP1	1	MICROCEBUS_GRISEORUFUS	UL	UL
SYCP1	1	MICROCEBUS_MURINUS	I	I
SYCP1	1	MICROCEBUS_SP._3_GT-2019	I	I
SYCP1	1	MICROCEBUS_TAVARATRA	PI	PI
SYCP1	1	MIRZA_COQUERELI	I	I
SYCP1	1	MIRZA_ZAZA	I	I
SYCP1	1	NASALIS_LARVATUS	I	I
SYCP1	1	NOMASCUS_LEUCOGENYS	I	I
SYCP1	1	NYCTICEBUS_BENGALENSIS	I	I
SYCP1	1	NYCTICEBUS_COUCANG	PI	I;PI
SYCP1	1	OTOLEMUR_CRASSICAUDATUS	I	I
SYCP1	1	OTOLEMUR_GARNETTII	I	I
SYCP1	1	PAN_PANISCUS	I	I
SYCP1	1	PAN_TROGLODYTES	I	I
SYCP1	1	PAPIO_ANUBIS	I	I
SYCP1	1	PAPIO_HAMADRYAS	I	I
SYCP1	1	PAPIO_PAPIO	I	I
SYCP1	1	PILIOCOLOBUS_TEPHROSCELES	I	I
SYCP1	1	PITHECIA_MITTERMEIERI	I	I
SYCP1	1	PITHECIA_PITHECIA	PI	I;PI
SYCP1	1	PLECTUROCEBUS_BERNHARDI	I	I
SYCP1	1	PLECTUROCEBUS_BRUNNEUS	I	I
SYCP1	1	PLECTUROCEBUS_CINERASCENS	I	I
SYCP1	1	PLECTUROCEBUS_CUPREUS	I	I
SYCP1	1	PLECTUROCEBUS_DONACOPHILUS	I	I
SYCP1	1	PLECTUROCEBUS_GROVESI	I	I
SYCP1	1	PLECTUROCEBUS_HOFFMANNSI	I	I
SYCP1	1	PLECTUROCEBUS_MILTONI	I	I
SYCP1	1	PONGO_ABELII	I	I
SYCP1	1	PONGO_PYGMAEUS	I	I
SYCP1	1	PROLEMUR_SIMUS	I	I
SYCP1	1	PROPITHECUS_COQUERELI	PI	PI
SYCP1	1	PYGATHRIX_NEMAEUS	I	I
SYCP1	1	PYGATHRIX_NIGRIPES	I	I
SYCP1	1	RHINOPITHECUS_BIETI	UL	I;UL
SYCP1	1	RHINOPITHECUS_ROXELLANA	I	I
SYCP1	1	RHINOPITHECUS_STRYKERI	I	I
SYCP1	1	SAGUINUS_IMPERATOR	I	I
SYCP1	1	SAGUINUS_MIDAS	I	I
SYCP1	1	SAGUINUS_OEDIPUS	I	I
SYCP1	1	SAIMIRI_BOLIVIENSIS	I	I
SYCP1	1	SAIMIRI_BOLIVIENSIS_BOLIVIENSIS	I	I
SYCP1	1	SAPAJUS_APELLA	I	I
SYCP1	1	SEMNOPITHECUS_ENTELLUS	PI	PI
SYCP1	1	SYMPHALANGUS_SYNDACTYLUS	L	I;L
SYCP1	1	THEROPITHECUS_GELADA	I	I
SYCP1	1	TRACHYPITHECUS_FRANCOISI	I	I
SYCP1	1	TRACHYPITHECUS_GERMAINI	I	I
SYCP1	1	TRACHYPITHECUS_PHAYREI_CREPUSCULA	I	I
SYCP1	1	VARECIA_VARIEGATA	I	I
SYCP2	20	ALLENOPITHECUS_NIGROVIRIDIS	PI	PI
SYCP2	20	ALLOCHROCEBUS_LHOESTI	I	I
SYCP2	20	ALOUATTA_PALLIATA	I	I
SYCP2	20	AOTUS_NANCYMAAE	UL	UL
SYCP2	20	AOTUS_VOCIFERANS	I	I
SYCP2	20	ATELES_BELZEBUTH	I	I
SYCP2	20	ATELES_CHAMEK	I	I
SYCP2	20	ATELES_GEOFFROYI	PI	PI
SYCP2	20	ATELES_MARGINATUS	I	I
SYCP2	20	ATELES_PANISCUS	I	I
SYCP2	20	CALLIMICO_GOELDII	I	I
SYCP2	20	CALLITHRIX_JACCHUS	UL	I;UL
SYCP2	20	CALLITHRIX_PENICILLATA	I	I
SYCP2	20	CALLITHRIX_PYGMAEA	I	I
SYCP2	20	CARLITO_SYRICHTA	PI	PI
SYCP2	20	CEBUS_ALBIFRONS	UL	PI;UL
SYCP2	20	CEBUS_CAPUCINUS_IMITATOR	PI	PI
SYCP2	20	CEPHALOPACHUS_BANCANUS	I	I
SYCP2	20	CERCOCEBUS_ATYS	I	I
SYCP2	20	CERCOPITHECUS_ALBOGULARIS	I	I
SYCP2	20	CERCOPITHECUS_MONA	I	I
SYCP2	20	CERCOPITHECUS_NEGLECTUS	PI	PI
SYCP2	20	CHEIROGALEUS_MEDIUS	I	I
SYCP2	20	CHERACEBUS_LUCIFER	I	I
SYCP2	20	CHERACEBUS_LUGENS	I	I
SYCP2	20	CHERACEBUS_REGULUS	I	I
SYCP2	20	CHERACEBUS_TORQUATUS	I	I
SYCP2	20	CHIROPOTES_SAGULATUS	I	I
SYCP2	20	CHLOROCEBUS_AETHIOPS	I	I
SYCP2	20	CHLOROCEBUS_SABAEUS	I	I
SYCP2	20	COLOBUS_ANGOLENSIS_PALLIATUS	I	I
SYCP2	20	COLOBUS_GUEREZA	I	I
SYCP2	20	DAUBENTONIA_MADAGASCARIENSIS	I	I
SYCP2	20	ERYTHROCEBUS_PATAS	I	I
SYCP2	20	EULEMUR_FLAVIFRONS	I	I
SYCP2	20	EULEMUR_FULVUS	I	I
SYCP2	20	EULEMUR_FULVUS_COLLARIS	I	I
SYCP2	20	EULEMUR_MACACO	I	I
SYCP2	20	EULEMUR_MONGOZ	I	I
SYCP2	20	GALAGO_MOHOLI	UL	UL
SYCP2	20	GALAGO_SENEGALENSIS	I	I
SYCP2	20	GORILLA_GORILLA	I	I
SYCP2	20	GORILLA_GORILLA_GORILLA	I	I
SYCP2	20	HOOLOCK_LEUCONEDYS	I	I
SYCP2	20	HYLOBATES_AGILIS	I	I
SYCP2	20	HYLOBATES_MOLOCH	I	I
SYCP2	20	HYLOBATES_PILEATUS	I	I
SYCP2	20	INDRI_INDRI	I	I
SYCP2	20	LAGOTHRIX_LAGOTRICHA	I	I
SYCP2	20	LEMUR_CATTA	I	I
SYCP2	20	LEONTOPITHECUS_CHRYSOMELAS	PI	PI
SYCP2	20	LEONTOPITHECUS_ROSALIA	PI	PI
SYCP2	20	LOPHOCEBUS_ATERRIMUS	I	I
SYCP2	20	LORIS_TARDIGRADUS	I	I
SYCP2	20	MACACA_ARCTOIDES	I	I
SYCP2	20	MACACA_ASSAMENSIS	I	I
SYCP2	20	MACACA_CYCLOPIS	PI	PI
SYCP2	20	MACACA_FASCICULARIS	UL	I;UL
SYCP2	20	MACACA_FUSCATA	I	I
SYCP2	20	MACACA_LEONINA	I	I
SYCP2	20	MACACA_MULATTA	I	I
SYCP2	20	MACACA_NEMESTRINA	I	I
SYCP2	20	MACACA_NIGRA	UL	UL
SYCP2	20	MACACA_SILENUS	I	I
SYCP2	20	MACACA_THIBETANA_THIBETANA	I	I
SYCP2	20	MANDRILLUS_LEUCOPHAEUS	I	I
SYCP2	20	MANDRILLUS_SPHINX	I	I
SYCP2	20	MICROCEBUS_MITTERMEIERI	UL	UL
SYCP2	20	MICROCEBUS_MURINUS	I	I
SYCP2	20	MICROCEBUS_SP._3_GT-2019	PI	PI
SYCP2	20	MICROCEBUS_TAVARATRA	I	I
SYCP2	20	MIRZA_COQUERELI	I	I
SYCP2	20	MIRZA_ZAZA	I	I
SYCP2	20	NASALIS_LARVATUS	PI	PI
SYCP2	20	NOMASCUS_LEUCOGENYS	I	I
SYCP2	20	NYCTICEBUS_BENGALENSIS	I	I
SYCP2	20	NYCTICEBUS_COUCANG	PI	I;PI
SYCP2	20	OTOLEMUR_CRASSICAUDATUS	I	I
SYCP2	20	OTOLEMUR_GARNETTII	I	I
SYCP2	20	PAN_PANISCUS	I	I
SYCP2	20	PAN_TROGLODYTES	I	I
SYCP2	20	PAPIO_ANUBIS	I	I
SYCP2	20	PAPIO_HAMADRYAS	I	I
SYCP2	20	PAPIO_PAPIO	PI	PI
SYCP2	20	PILIOCOLOBUS_TEPHROSCELES	I	I
SYCP2	20	PITHECIA_PITHECIA	I	I
SYCP2	20	PITHECIA_VANZOLINII	I	I
SYCP2	20	PLECTUROCEBUS_CINERASCENS	I	I
SYCP2	20	PLECTUROCEBUS_CUPREUS	I	I
SYCP2	20	PLECTUROCEBUS_DONACOPHILUS	I	I
SYCP2	20	PLECTUROCEBUS_GROVESI	I	I
SYCP2	20	PLECTUROCEBUS_MILTONI	I	I
SYCP2	20	PLECTUROCEBUS_MOLOCH	I	I
SYCP2	20	PONGO_ABELII	I	I
SYCP2	20	PONGO_PYGMAEUS	I	I
SYCP2	20	PROLEMUR_SIMUS	I	I
SYCP2	20	PROPITHECUS_COQUERELI	UL	UL
SYCP2	20	PYGATHRIX_NEMAEUS	I	I
SYCP2	20	PYGATHRIX_NIGRIPES	I	I
SYCP2	20	RHINOPITHECUS_BIETI	UL	I;UL
SYCP2	20	RHINOPITHECUS_ROXELLANA	I	I
SYCP2	20	RHINOPITHECUS_STRYKERI	I	I
SYCP2	20	SAGUINUS_IMPERATOR	I	I
SYCP2	20	SAGUINUS_MIDAS	I	I
SYCP2	20	SAGUINUS_OEDIPUS	I	I
SYCP2	20	SAIMIRI_BOLIVIENSIS	I	I
SYCP2	20	SAIMIRI_BOLIVIENSIS_BOLIVIENSIS	PI	I;PI
SYCP2	20	SAPAJUS_APELLA	I	I
SYCP2	20	SEMNOPITHECUS_ENTELLUS	PI	PI
SYCP2	20	SYMPHALANGUS_SYNDACTYLUS	I	I
SYCP2	20	THEROPITHECUS_GELADA	I	I
SYCP2	20	TRACHYPITHECUS_FRANCOISI	I	I
SYCP2	20	TRACHYPITHECUS_GERMAINI	I	I
SYCP2	20	TRACHYPITHECUS_PHAYREI_CREPUSCULA	I	I
SYCP2	20	VARECIA_VARIEGATA	PI	PI
TEX11	X	ALLENOPITHECUS_NIGROVIRIDIS	PI	PI
TEX11	X	ALLOCHROCEBUS_LHOESTI	I	I
TEX11	X	ALOUATTA_PALLIATA	I	I
TEX11	X	AOTUS_NANCYMAAE	I	I
TEX11	X	AOTUS_VOCIFERANS	I	I
TEX11	X	ATELES_BELZEBUTH	UL	UL
TEX11	X	ATELES_CHAMEK	UL	UL
TEX11	X	ATELES_GEOFFROYI	I	I
TEX11	X	ATELES_PANISCUS	PI	I;PI
TEX11	X	CACAJAO_AYRESI	I	I
TEX11	X	CACAJAO_HOSOMI	I	I
TEX11	X	CALLIMICO_GOELDII	I	I
TEX11	X	CALLITHRIX_JACCHUS	I	I
TEX11	X	CALLITHRIX_PENICILLATA	I	I
TEX11	X	CALLITHRIX_PYGMAEA	PI	PI
TEX11	X	CARLITO_SYRICHTA	I	I
TEX11	X	CEBUS_ALBIFRONS	PM	PM;UL
TEX11	X	CEBUS_CAPUCINUS_IMITATOR	I	I
TEX11	X	CEPHALOPACHUS_BANCANUS	PI	PI
TEX11	X	CERCOCEBUS_ATYS	I	I
TEX11	X	CERCOPITHECUS_ALBOGULARIS	I	I
TEX11	X	CERCOPITHECUS_MONA	I	I
TEX11	X	CERCOPITHECUS_NEGLECTUS	PM	PM
TEX11	X	CHEIROGALEUS_MEDIUS	I	I
TEX11	X	CHERACEBUS_LUCIFER	I	I
TEX11	X	CHERACEBUS_TORQUATUS	I	I
TEX11	X	CHLOROCEBUS_AETHIOPS	PI	PI
TEX11	X	CHLOROCEBUS_SABAEUS	I	I
TEX11	X	COLOBUS_ANGOLENSIS_PALLIATUS	I	I
TEX11	X	COLOBUS_GUEREZA	UL	UL
TEX11	X	DAUBENTONIA_MADAGASCARIENSIS	I	I
TEX11	X	ERYTHROCEBUS_PATAS	PI	I;PI
TEX11	X	EULEMUR_FLAVIFRONS	I	I
TEX11	X	EULEMUR_FULVUS	PI	PI
TEX11	X	EULEMUR_FULVUS_COLLARIS	PI	PI
TEX11	X	EULEMUR_MACACO	I	I
TEX11	X	EULEMUR_MONGOZ	I	I
TEX11	X	GALAGO_MOHOLI	PM	PM
TEX11	X	GALAGO_SENEGALENSIS	PM	PM
TEX11	X	GORILLA_GORILLA	I	I
TEX11	X	GORILLA_GORILLA_GORILLA	I	I
TEX11	X	HOOLOCK_LEUCONEDYS	I	I
TEX11	X	HYLOBATES_AGILIS	PI	PI
TEX11	X	HYLOBATES_MOLOCH	PI	PI
TEX11	X	HYLOBATES_PILEATUS	I	I
TEX11	X	INDRI_INDRI	PI	PI
TEX11	X	LEMUR_CATTA	PI	I;PI
TEX11	X	LEONTOPITHECUS_CHRYSOMELAS	PI	PI
TEX11	X	LEONTOPITHECUS_ROSALIA	PI	PI
TEX11	X	LOPHOCEBUS_ATERRIMUS	I	I
TEX11	X	LORIS_TARDIGRADUS	PI	PI
TEX11	X	MACACA_ARCTOIDES	I	I
TEX11	X	MACACA_ASSAMENSIS	I	I
TEX11	X	MACACA_CYCLOPIS	I	I
TEX11	X	MACACA_FASCICULARIS	I	I
TEX11	X	MACACA_FUSCATA	I	I
TEX11	X	MACACA_LEONINA	I	I
TEX11	X	MACACA_MULATTA	I	I
TEX11	X	MACACA_NEMESTRINA	I	I
TEX11	X	MACACA_NIGRA	I	I
TEX11	X	MACACA_SILENUS	PI	PI
TEX11	X	MACACA_THIBETANA_THIBETANA	I	I
TEX11	X	MANDRILLUS_LEUCOPHAEUS	PI	I;PI
TEX11	X	MANDRILLUS_SPHINX	I	I
TEX11	X	MICROCEBUS_GRISEORUFUS	PI	PI
TEX11	X	MICROCEBUS_MURINUS	I	I
TEX11	X	MICROCEBUS_SP._3_GT-2019	PI	PI
TEX11	X	MICROCEBUS_TAVARATRA	PI	PI
TEX11	X	MIRZA_COQUERELI	PI	PI
TEX11	X	MIRZA_ZAZA	PI	PI
TEX11	X	NASALIS_LARVATUS	PI	PI
TEX11	X	NOMASCUS_LEUCOGENYS	I	I
TEX11	X	NYCTICEBUS_BENGALENSIS	UL	I;UL
TEX11	X	NYCTICEBUS_COUCANG	PM	I;PM
TEX11	X	OTOLEMUR_CRASSICAUDATUS	UL	UL
TEX11	X	OTOLEMUR_GARNETTII	UL	UL
TEX11	X	PAN_PANISCUS	I	I
TEX11	X	PAN_TROGLODYTES	I	I
TEX11	X	PAPIO_ANUBIS	UL	UL
TEX11	X	PAPIO_HAMADRYAS	I	I
TEX11	X	PAPIO_PAPIO	M	M
TEX11	X	PILIOCOLOBUS_TEPHROSCELES	PI	PI
TEX11	X	PITHECIA_MITTERMEIERI	PI	PI
TEX11	X	PITHECIA_PITHECIA	I	I
TEX11	X	PLECTUROCEBUS_BERNHARDI	I	I
TEX11	X	PLECTUROCEBUS_CINERASCENS	I	I
TEX11	X	PLECTUROCEBUS_CUPREUS	I	I
TEX11	X	PLECTUROCEBUS_DONACOPHILUS	PI	PI
TEX11	X	PLECTUROCEBUS_GROVESI	I	I
TEX11	X	PLECTUROCEBUS_MILTONI	I	I
TEX11	X	PLECTUROCEBUS_MOLOCH	I	I
TEX11	X	PONGO_ABELII	I	I
TEX11	X	PONGO_PYGMAEUS	I	I
TEX11	X	PROLEMUR_SIMUS	I	I
TEX11	X	PROPITHECUS_COQUERELI	UL	UL
TEX11	X	PYGATHRIX_NEMAEUS	I	I
TEX11	X	PYGATHRIX_NIGRIPES	UL	UL
TEX11	X	RHINOPITHECUS_BIETI	UL	I;UL
TEX11	X	RHINOPITHECUS_ROXELLANA	I	I
TEX11	X	RHINOPITHECUS_STRYKERI	I	I
TEX11	X	SAGUINUS_IMPERATOR	I	I
TEX11	X	SAGUINUS_MIDAS	I	I
TEX11	X	SAGUINUS_OEDIPUS	I	I
TEX11	X	SAIMIRI_BOLIVIENSIS	UL	UL
TEX11	X	SAIMIRI_BOLIVIENSIS_BOLIVIENSIS	UL	I;UL
TEX11	X	SAPAJUS_APELLA	UL	PI;UL
TEX11	X	SEMNOPITHECUS_ENTELLUS	PM	PM
TEX11	X	SYMPHALANGUS_SYNDACTYLUS	I	I
TEX11	X	THEROPITHECUS_GELADA	I	I
TEX11	X	TRACHYPITHECUS_FRANCOISI	UL	UL
TEX11	X	TRACHYPITHECUS_GERMAINI	I	I
TEX11	X	TRACHYPITHECUS_PHAYREI_CREPUSCULA	I	I
TEX11	X	VARECIA_VARIEGATA	I	I
TEX12	11	ALLENOPITHECUS_NIGROVIRIDIS	I	I
TEX12	11	ALLOCHROCEBUS_LHOESTI	I	I
TEX12	11	ALOUATTA_PALLIATA	I	I
TEX12	11	AOTUS_NANCYMAAE	I	I
TEX12	11	AOTUS_VOCIFERANS	I	I
TEX12	11	ATELES_BELZEBUTH	I	I
TEX12	11	ATELES_CHAMEK	I	I
TEX12	11	ATELES_GEOFFROYI	I	I
TEX12	11	ATELES_MARGINATUS	I	I
TEX12	11	ATELES_PANISCUS	I	I
TEX12	11	CACAJAO_AYRESI	I	I
TEX12	11	CACAJAO_CALVUS	I	I
TEX12	11	CACAJAO_HOSOMI	I	I
TEX12	11	CACAJAO_MELANOCEPHALUS	I	I
TEX12	11	CALLIMICO_GOELDII	I	I
TEX12	11	CALLITHRIX_JACCHUS	I	I
TEX12	11	CALLITHRIX_PENICILLATA	I	I
TEX12	11	CALLITHRIX_PYGMAEA	I	I
TEX12	11	CARLITO_SYRICHTA	I	I
TEX12	11	CEBUS_ALBIFRONS	I	I
TEX12	11	CEBUS_CAPUCINUS_IMITATOR	I	I
TEX12	11	CEPHALOPACHUS_BANCANUS	I	I
TEX12	11	CERCOCEBUS_ATYS	I	I
TEX12	11	CERCOPITHECUS_ALBOGULARIS	I	I
TEX12	11	CERCOPITHECUS_MONA	I	I
TEX12	11	CERCOPITHECUS_NEGLECTUS	I	I
TEX12	11	CHEIROGALEUS_MEDIUS	I	I
TEX12	11	CHERACEBUS_LUCIFER	I	I
TEX12	11	CHERACEBUS_LUGENS	I	I
TEX12	11	CHERACEBUS_REGULUS	I	I
TEX12	11	CHERACEBUS_TORQUATUS	I	I
TEX12	11	CHIROPOTES_SAGULATUS	I	I
TEX12	11	CHLOROCEBUS_AETHIOPS	I	I
TEX12	11	CHLOROCEBUS_SABAEUS	I	I
TEX12	11	COLOBUS_ANGOLENSIS_PALLIATUS	I	I
TEX12	11	COLOBUS_GUEREZA	I	I
TEX12	11	DAUBENTONIA_MADAGASCARIENSIS	I	I
TEX12	11	ERYTHROCEBUS_PATAS	PI	I;PI
TEX12	11	EULEMUR_FLAVIFRONS	I	I
TEX12	11	EULEMUR_FULVUS	I	I
TEX12	11	EULEMUR_FULVUS_COLLARIS	I	I
TEX12	11	EULEMUR_MACACO	I	I
TEX12	11	EULEMUR_MONGOZ	I	I
TEX12	11	GALAGO_MOHOLI	I	I
TEX12	11	GALAGO_SENEGALENSIS	I	I
TEX12	11	GORILLA_BERINGEI	I	I
TEX12	11	GORILLA_GORILLA	I	I
TEX12	11	GORILLA_GORILLA_GORILLA	I	I
TEX12	11	HOOLOCK_LEUCONEDYS	I	I
TEX12	11	HYLOBATES_AGILIS	I	I
TEX12	11	HYLOBATES_MOLOCH	I	I
TEX12	11	HYLOBATES_PILEATUS	I	I
TEX12	11	INDRI_INDRI	I	I
TEX12	11	LAGOTHRIX_LAGOTRICHA	I	I
TEX12	11	LEMUR_CATTA	I	I
TEX12	11	LEONTOPITHECUS_CHRYSOMELAS	I	I
TEX12	11	LEONTOPITHECUS_ROSALIA	I	I
TEX12	11	LOPHOCEBUS_ATERRIMUS	I	I
TEX12	11	LORIS_TARDIGRADUS	I	I
TEX12	11	MACACA_ARCTOIDES	I	I
TEX12	11	MACACA_ASSAMENSIS	I	I
TEX12	11	MACACA_CYCLOPIS	I	I
TEX12	11	MACACA_FASCICULARIS	I	I
TEX12	11	MACACA_FUSCATA	I	I
TEX12	11	MACACA_LEONINA	I	I
TEX12	11	MACACA_MULATTA	I	I
TEX12	11	MACACA_NEMESTRINA	I	I
TEX12	11	MACACA_NIGRA	I	I
TEX12	11	MACACA_SILENUS	I	I
TEX12	11	MACACA_THIBETANA_THIBETANA	I	I
TEX12	11	MANDRILLUS_LEUCOPHAEUS	I	I
TEX12	11	MANDRILLUS_SPHINX	I	I
TEX12	11	MICROCEBUS_GRISEORUFUS	I	I
TEX12	11	MICROCEBUS_MITTERMEIERI	I	I
TEX12	11	MICROCEBUS_MURINUS	I	I
TEX12	11	MICROCEBUS_RAVELOBENSIS	PI	PI
TEX12	11	MICROCEBUS_SP._3_GT-2019	I	I
TEX12	11	MICROCEBUS_TAVARATRA	I	I
TEX12	11	MIRZA_COQUERELI	I	I
TEX12	11	MIRZA_ZAZA	I	I
TEX12	11	NASALIS_LARVATUS	I	I
TEX12	11	NOMASCUS_LEUCOGENYS	I	I
TEX12	11	NYCTICEBUS_BENGALENSIS	I	I
TEX12	11	NYCTICEBUS_COUCANG	I	I
TEX12	11	OTOLEMUR_CRASSICAUDATUS	I	I
TEX12	11	OTOLEMUR_GARNETTII	I	I
TEX12	11	PAN_PANISCUS	I	I
TEX12	11	PAN_TROGLODYTES	I	I
TEX12	11	PAPIO_ANUBIS	I	I
TEX12	11	PAPIO_HAMADRYAS	I	I
TEX12	11	PAPIO_PAPIO	I	I
TEX12	11	PILIOCOLOBUS_TEPHROSCELES	I	I
TEX12	11	PITHECIA_MITTERMEIERI	I	I
TEX12	11	PITHECIA_PITHECIA	I	I
TEX12	11	PLECTUROCEBUS_BERNHARDI	I	I
TEX12	11	PLECTUROCEBUS_BRUNNEUS	I	I
TEX12	11	PLECTUROCEBUS_CALIGATUS	I	I
TEX12	11	PLECTUROCEBUS_CINERASCENS	I	I
TEX12	11	PLECTUROCEBUS_CUPREUS	I	I
TEX12	11	PLECTUROCEBUS_DONACOPHILUS	I	I
TEX12	11	PLECTUROCEBUS_DUBIUS	I	I
TEX12	11	PLECTUROCEBUS_GROVESI	I	I
TEX12	11	PLECTUROCEBUS_HOFFMANNSI	I	I
TEX12	11	PLECTUROCEBUS_MILTONI	I	I
TEX12	11	PLECTUROCEBUS_MOLOCH	I	I
TEX12	11	PONGO_ABELII	I	I
TEX12	11	PONGO_PYGMAEUS	I	I
TEX12	11	PROLEMUR_SIMUS	I	I
TEX12	11	PROPITHECUS_COQUERELI	I	I
TEX12	11	PYGATHRIX_NEMAEUS	I	I
TEX12	11	PYGATHRIX_NIGRIPES	I	I
TEX12	11	RHINOPITHECUS_BIETI	I	I
TEX12	11	RHINOPITHECUS_ROXELLANA	I	I
TEX12	11	RHINOPITHECUS_STRYKERI	I	I
TEX12	11	SAGUINUS_IMPERATOR	I	I
TEX12	11	SAGUINUS_MIDAS	I	I
TEX12	11	SAGUINUS_OEDIPUS	I	I
TEX12	11	SAIMIRI_BOLIVIENSIS	I	I
TEX12	11	SAIMIRI_BOLIVIENSIS_BOLIVIENSIS	I	I
TEX12	11	SAIMIRI_SCIUREUS	I	I
TEX12	11	SAPAJUS_APELLA	I	I
TEX12	11	SEMNOPITHECUS_ENTELLUS	I	I
TEX12	11	SYMPHALANGUS_SYNDACTYLUS	I	I
TEX12	11	THEROPITHECUS_GELADA	I	I
TEX12	11	TRACHYPITHECUS_FRANCOISI	M	M
TEX12	11	TRACHYPITHECUS_GERMAINI	I	I
TEX12	11	TRACHYPITHECUS_PHAYREI_CREPUSCULA	I	I
TEX12	11	VARECIA_VARIEGATA	I	I
TRIP13	5	ALLENOPITHECUS_NIGROVIRIDIS	I	I
TRIP13	5	ALLOCHROCEBUS_LHOESTI	I	I
TRIP13	5	ALOUATTA_PALLIATA	PM	PM
TRIP13	5	AOTUS_NANCYMAAE	UL	UL
TRIP13	5	AOTUS_VOCIFERANS	I	I
TRIP13	5	ATELES_BELZEBUTH	I	I
TRIP13	5	ATELES_CHAMEK	PI	PI
TRIP13	5	ATELES_GEOFFROYI	I	I
TRIP13	5	ATELES_MARGINATUS	PM	PM
TRIP13	5	ATELES_PANISCUS	PI	I;PI
TRIP13	5	CACAJAO_AYRESI	I	I
TRIP13	5	CACAJAO_CALVUS	I	I
TRIP13	5	CACAJAO_HOSOMI	PI	PI
TRIP13	5	CACAJAO_MELANOCEPHALUS	I	I
TRIP13	5	CALLIMICO_GOELDII	PI	PI
TRIP13	5	CALLITHRIX_JACCHUS	I	I
TRIP13	5	CALLITHRIX_PENICILLATA	I	I
TRIP13	5	CALLITHRIX_PYGMAEA	I	I
TRIP13	5	CARLITO_SYRICHTA	I	I
TRIP13	5	CEBUS_ALBIFRONS	PI	I;PI
TRIP13	5	CEBUS_CAPUCINUS_IMITATOR	I	I
TRIP13	5	CEPHALOPACHUS_BANCANUS	PM	PM
TRIP13	5	CERCOCEBUS_ATYS	I	I
TRIP13	5	CERCOPITHECUS_ALBOGULARIS	I	I
TRIP13	5	CERCOPITHECUS_MONA	I	I
TRIP13	5	CERCOPITHECUS_NEGLECTUS	I	I
TRIP13	5	CHEIROGALEUS_MEDIUS	I	I
TRIP13	5	CHERACEBUS_LUCIFER	I	I
TRIP13	5	CHERACEBUS_LUGENS	UL	UL
TRIP13	5	CHERACEBUS_REGULUS	I	I
TRIP13	5	CHERACEBUS_TORQUATUS	I	I
TRIP13	5	CHIROPOTES_ISRAELITA	I	I
TRIP13	5	CHIROPOTES_SAGULATUS	PI	PI
TRIP13	5	CHLOROCEBUS_AETHIOPS	I	I
TRIP13	5	CHLOROCEBUS_SABAEUS	I	I
TRIP13	5	COLOBUS_ANGOLENSIS_PALLIATUS	I	I
TRIP13	5	COLOBUS_GUEREZA	I	I
TRIP13	5	DAUBENTONIA_MADAGASCARIENSIS	I	I
TRIP13	5	ERYTHROCEBUS_PATAS	UL	PI;UL
TRIP13	5	EULEMUR_FLAVIFRONS	I	I
TRIP13	5	EULEMUR_FULVUS	UL	UL
TRIP13	5	EULEMUR_FULVUS_COLLARIS	I	I
TRIP13	5	EULEMUR_MACACO	I	I
TRIP13	5	EULEMUR_MONGOZ	L	L
TRIP13	5	GALAGO_MOHOLI	I	I
TRIP13	5	GALAGO_SENEGALENSIS	PI	PI
TRIP13	5	GORILLA_GORILLA	I	I
TRIP13	5	GORILLA_GORILLA_GORILLA	I	I
TRIP13	5	HOOLOCK_LEUCONEDYS	I	I
TRIP13	5	HYLOBATES_AGILIS	I	I
TRIP13	5	HYLOBATES_MOLOCH	I	I
TRIP13	5	HYLOBATES_PILEATUS	I	I
TRIP13	5	INDRI_INDRI	PM	PM
TRIP13	5	LEMUR_CATTA	UL	I;UL
TRIP13	5	LEONTOPITHECUS_CHRYSOMELAS	I	I
TRIP13	5	LEONTOPITHECUS_ROSALIA	PI	PI
TRIP13	5	LOPHOCEBUS_ATERRIMUS	I	I
TRIP13	5	LORIS_TARDIGRADUS	I	I
TRIP13	5	MACACA_ARCTOIDES	I	I
TRIP13	5	MACACA_ASSAMENSIS	I	I
TRIP13	5	MACACA_CYCLOPIS	I	I
TRIP13	5	MACACA_FASCICULARIS	I	I
TRIP13	5	MACACA_FUSCATA	I	I
TRIP13	5	MACACA_LEONINA	I	I
TRIP13	5	MACACA_MULATTA	I	I
TRIP13	5	MACACA_NEMESTRINA	I	I
TRIP13	5	MACACA_NIGRA	I	I
TRIP13	5	MACACA_SILENUS	I	I
TRIP13	5	MACACA_THIBETANA_THIBETANA	I	I
TRIP13	5	MANDRILLUS_LEUCOPHAEUS	I	I
TRIP13	5	MANDRILLUS_SPHINX	I	I
TRIP13	5	MICROCEBUS_GRISEORUFUS	I	I
TRIP13	5	MICROCEBUS_MITTERMEIERI	I	I
TRIP13	5	MICROCEBUS_MURINUS	I	I
TRIP13	5	MICROCEBUS_RAVELOBENSIS	I	I
TRIP13	5	MICROCEBUS_SP._3_GT-2019	I	I
TRIP13	5	MICROCEBUS_TAVARATRA	PI	PI
TRIP13	5	MIRZA_COQUERELI	I	I
TRIP13	5	MIRZA_ZAZA	I	I
TRIP13	5	NASALIS_LARVATUS	PI	PI
TRIP13	5	NOMASCUS_LEUCOGENYS	I	I
TRIP13	5	NYCTICEBUS_BENGALENSIS	I	I
TRIP13	5	NYCTICEBUS_COUCANG	I	I
TRIP13	5	OTOLEMUR_CRASSICAUDATUS	I	I
TRIP13	5	OTOLEMUR_GARNETTII	I	I
TRIP13	5	PAN_PANISCUS	I	I
TRIP13	5	PAN_TROGLODYTES	I	I
TRIP13	5	PAPIO_ANUBIS	I	I
TRIP13	5	PAPIO_HAMADRYAS	I	I
TRIP13	5	PAPIO_PAPIO	I	I
TRIP13	5	PILIOCOLOBUS_TEPHROSCELES	I	I
TRIP13	5	PITHECIA_MITTERMEIERI	I	I
TRIP13	5	PITHECIA_PITHECIA	PI	I;PI
TRIP13	5	PITHECIA_VANZOLINII	I	I
TRIP13	5	PLECTUROCEBUS_BERNHARDI	I	I
TRIP13	5	PLECTUROCEBUS_BRUNNEUS	I	I
TRIP13	5	PLECTUROCEBUS_CALIGATUS	I	I
TRIP13	5	PLECTUROCEBUS_CINERASCENS	I	I
TRIP13	5	PLECTUROCEBUS_CUPREUS	I	I
TRIP13	5	PLECTUROCEBUS_DONACOPHILUS	I	I
TRIP13	5	PLECTUROCEBUS_DUBIUS	I	I
TRIP13	5	PLECTUROCEBUS_GROVESI	I	I
TRIP13	5	PLECTUROCEBUS_HOFFMANNSI	I	I
TRIP13	5	PLECTUROCEBUS_MILTONI	PI	PI
TRIP13	5	PLECTUROCEBUS_MOLOCH	I	I
TRIP13	5	PONGO_ABELII	I	I
TRIP13	5	PONGO_PYGMAEUS	I	I
TRIP13	5	PROLEMUR_SIMUS	I	I
TRIP13	5	PROPITHECUS_COQUERELI	I	I
TRIP13	5	PYGATHRIX_NEMAEUS	I	I
TRIP13	5	PYGATHRIX_NIGRIPES	I	I
TRIP13	5	RHINOPITHECUS_BIETI	I	I
TRIP13	5	RHINOPITHECUS_ROXELLANA	I	I
TRIP13	5	RHINOPITHECUS_STRYKERI	I	I
TRIP13	5	SAGUINUS_IMPERATOR	PI	PI
TRIP13	5	SAGUINUS_MIDAS	I	I
TRIP13	5	SAGUINUS_OEDIPUS	I	I
TRIP13	5	SAIMIRI_BOLIVIENSIS	UL	UL
TRIP13	5	SAIMIRI_BOLIVIENSIS_BOLIVIENSIS	I	I
TRIP13	5	SAIMIRI_SCIUREUS	PI	PI
TRIP13	5	SAPAJUS_APELLA	I	I
TRIP13	5	SEMNOPITHECUS_ENTELLUS	PI	PI
TRIP13	5	SYMPHALANGUS_SYNDACTYLUS	I	I
TRIP13	5	THEROPITHECUS_GELADA	I	I
TRIP13	5	TRACHYPITHECUS_FRANCOISI	I	I
TRIP13	5	TRACHYPITHECUS_GERMAINI	I	I
TRIP13	5	TRACHYPITHECUS_PHAYREI_CREPUSCULA	I	I
TRIP13	5	VARECIA_VARIEGATA	I	I
XRCC2	7	ALLENOPITHECUS_NIGROVIRIDIS	I	I
XRCC2	7	ALLOCHROCEBUS_LHOESTI	I	I
XRCC2	7	ALOUATTA_PALLIATA	I	I
XRCC2	7	AOTUS_NANCYMAAE	I	I
XRCC2	7	AOTUS_VOCIFERANS	I	I
XRCC2	7	ATELES_BELZEBUTH	I	I
XRCC2	7	ATELES_CHAMEK	I	I
XRCC2	7	ATELES_GEOFFROYI	I	I
XRCC2	7	ATELES_MARGINATUS	I	I
XRCC2	7	ATELES_PANISCUS	I	I
XRCC2	7	CACAJAO_AYRESI	I	I
XRCC2	7	CACAJAO_CALVUS	I	I
XRCC2	7	CACAJAO_HOSOMI	I	I
XRCC2	7	CACAJAO_MELANOCEPHALUS	I	I
XRCC2	7	CALLIMICO_GOELDII	I	I
XRCC2	7	CALLITHRIX_JACCHUS	I	I
XRCC2	7	CALLITHRIX_PENICILLATA	I	I
XRCC2	7	CALLITHRIX_PYGMAEA	I	I
XRCC2	7	CARLITO_SYRICHTA	I	I
XRCC2	7	CEBUS_ALBIFRONS	I	I
XRCC2	7	CEBUS_CAPUCINUS_IMITATOR	I	I
XRCC2	7	CEPHALOPACHUS_BANCANUS	I	I
XRCC2	7	CERCOCEBUS_ATYS	I	I
XRCC2	7	CERCOPITHECUS_ALBOGULARIS	I	I
XRCC2	7	CERCOPITHECUS_MONA	I	I
XRCC2	7	CERCOPITHECUS_NEGLECTUS	I	I
XRCC2	7	CHEIROGALEUS_MEDIUS	I	I
XRCC2	7	CHERACEBUS_LUCIFER	I	I
XRCC2	7	CHERACEBUS_LUGENS	I	I
XRCC2	7	CHERACEBUS_REGULUS	I	I
XRCC2	7	CHERACEBUS_TORQUATUS	I	I
XRCC2	7	CHIROPOTES_ISRAELITA	I	I
XRCC2	7	CHIROPOTES_SAGULATUS	I	I
XRCC2	7	CHLOROCEBUS_AETHIOPS	I	I
XRCC2	7	CHLOROCEBUS_SABAEUS	I	I
XRCC2	7	COLOBUS_ANGOLENSIS_PALLIATUS	I	I
XRCC2	7	COLOBUS_GUEREZA	I	I
XRCC2	7	DAUBENTONIA_MADAGASCARIENSIS	I	I
XRCC2	7	ERYTHROCEBUS_PATAS	I	I
XRCC2	7	EULEMUR_FLAVIFRONS	I	I
XRCC2	7	EULEMUR_FULVUS	PI	PI
XRCC2	7	EULEMUR_FULVUS_COLLARIS	I	I
XRCC2	7	EULEMUR_MACACO	I	I
XRCC2	7	EULEMUR_MONGOZ	I	I
XRCC2	7	GALAGO_MOHOLI	I	I
XRCC2	7	GALAGO_SENEGALENSIS	PM	PM
XRCC2	7	GORILLA_BERINGEI	I	I
XRCC2	7	GORILLA_GORILLA	I	I
XRCC2	7	GORILLA_GORILLA_GORILLA	I	I
XRCC2	7	HOOLOCK_LEUCONEDYS	I	I
XRCC2	7	HYLOBATES_AGILIS	M	M
XRCC2	7	HYLOBATES_MOLOCH	I	I
XRCC2	7	HYLOBATES_PILEATUS	I	I
XRCC2	7	INDRI_INDRI	I	I
XRCC2	7	LAGOTHRIX_LAGOTRICHA	I	I
XRCC2	7	LEMUR_CATTA	I	I
XRCC2	7	LEONTOPITHECUS_CHRYSOMELAS	I	I
XRCC2	7	LEONTOPITHECUS_ROSALIA	I	I
XRCC2	7	LOPHOCEBUS_ATERRIMUS	I	I
XRCC2	7	LORIS_TARDIGRADUS	I	I
XRCC2	7	MACACA_ARCTOIDES	I	I
XRCC2	7	MACACA_ASSAMENSIS	I	I
XRCC2	7	MACACA_CYCLOPIS	I	I
XRCC2	7	MACACA_FASCICULARIS	I	I
XRCC2	7	MACACA_FUSCATA	I	I
XRCC2	7	MACACA_LEONINA	I	I
XRCC2	7	MACACA_MULATTA	I	I
XRCC2	7	MACACA_NEMESTRINA	I	I
XRCC2	7	MACACA_NIGRA	I	I
XRCC2	7	MACACA_SILENUS	I	I
XRCC2	7	MACACA_THIBETANA_THIBETANA	I	I
XRCC2	7	MANDRILLUS_LEUCOPHAEUS	I	I
XRCC2	7	MANDRILLUS_SPHINX	I	I
XRCC2	7	MICROCEBUS_MITTERMEIERI	PI	PI
XRCC2	7	MICROCEBUS_MURINUS	I	I
XRCC2	7	MICROCEBUS_RAVELOBENSIS	PI	PI
XRCC2	7	MICROCEBUS_SP._3_GT-2019	PI	PI
XRCC2	7	MICROCEBUS_TAVARATRA	PM	PM
XRCC2	7	MIRZA_COQUERELI	UL	UL
XRCC2	7	MIRZA_ZAZA	I	I
XRCC2	7	NASALIS_LARVATUS	UL	UL
XRCC2	7	NOMASCUS_LEUCOGENYS	I	I
XRCC2	7	NYCTICEBUS_BENGALENSIS	I	I
XRCC2	7	NYCTICEBUS_COUCANG	I	I
XRCC2	7	OTOLEMUR_CRASSICAUDATUS	I	I
XRCC2	7	OTOLEMUR_GARNETTII	I	I
XRCC2	7	PAN_PANISCUS	I	I
XRCC2	7	PAN_TROGLODYTES	I	I
XRCC2	7	PAPIO_ANUBIS	I	I
XRCC2	7	PAPIO_HAMADRYAS	I	I
XRCC2	7	PAPIO_PAPIO	I	I
XRCC2	7	PILIOCOLOBUS_TEPHROSCELES	I	I
XRCC2	7	PITHECIA_MITTERMEIERI	I	I
XRCC2	7	PITHECIA_PITHECIA	PI	I;PI
XRCC2	7	PITHECIA_VANZOLINII	I	I
XRCC2	7	PLECTUROCEBUS_BERNHARDI	I	I
XRCC2	7	PLECTUROCEBUS_BRUNNEUS	PI	PI
XRCC2	7	PLECTUROCEBUS_CALIGATUS	I	I
XRCC2	7	PLECTUROCEBUS_CINERASCENS	PI	PI
XRCC2	7	PLECTUROCEBUS_CUPREUS	I	I
XRCC2	7	PLECTUROCEBUS_DONACOPHILUS	I	I
XRCC2	7	PLECTUROCEBUS_GROVESI	I	I
XRCC2	7	PLECTUROCEBUS_HOFFMANNSI	PI	PI
XRCC2	7	PLECTUROCEBUS_MILTONI	I	I
XRCC2	7	PLECTUROCEBUS_MOLOCH	I	I
XRCC2	7	PONGO_ABELII	I	I
XRCC2	7	PONGO_PYGMAEUS	I	I
XRCC2	7	PROLEMUR_SIMUS	I	I
XRCC2	7	PROPITHECUS_COQUERELI	I	I
XRCC2	7	PYGATHRIX_NEMAEUS	I	I
XRCC2	7	PYGATHRIX_NIGRIPES	UL	UL
XRCC2	7	RHINOPITHECUS_BIETI	I	I
XRCC2	7	RHINOPITHECUS_ROXELLANA	I	I
XRCC2	7	RHINOPITHECUS_STRYKERI	I	I
XRCC2	7	SAGUINUS_IMPERATOR	I	I
XRCC2	7	SAGUINUS_MIDAS	I	I
XRCC2	7	SAGUINUS_OEDIPUS	I	I
XRCC2	7	SAIMIRI_BOLIVIENSIS	I	I
XRCC2	7	SAIMIRI_BOLIVIENSIS_BOLIVIENSIS	I	I
XRCC2	7	SAIMIRI_SCIUREUS	I	I
XRCC2	7	SAPAJUS_APELLA	I	I
XRCC2	7	SEMNOPITHECUS_ENTELLUS	PI	PI
XRCC2	7	SYMPHALANGUS_SYNDACTYLUS	I	I
XRCC2	7	THEROPITHECUS_GELADA	I	I
XRCC2	7	TRACHYPITHECUS_FRANCOISI	I	I
XRCC2	7	TRACHYPITHECUS_GERMAINI	I	I
XRCC2	7	TRACHYPITHECUS_PHAYREI_CREPUSCULA	I	I
XRCC2	7	VARECIA_VARIEGATA	I	I
ZCWPW1	7	ALLENOPITHECUS_NIGROVIRIDIS	I	I
ZCWPW1	7	ALLOCHROCEBUS_LHOESTI	I	I
ZCWPW1	7	ALOUATTA_PALLIATA	I	I
ZCWPW1	7	AOTUS_NANCYMAAE	I	I
ZCWPW1	7	AOTUS_VOCIFERANS	I	I
ZCWPW1	7	ATELES_BELZEBUTH	I	I
ZCWPW1	7	ATELES_CHAMEK	I	I
ZCWPW1	7	ATELES_GEOFFROYI	I	I
ZCWPW1	7	ATELES_MARGINATUS	I	I
ZCWPW1	7	ATELES_PANISCUS	I	I
ZCWPW1	7	CACAJAO_AYRESI	I	I
ZCWPW1	7	CACAJAO_CALVUS	I	I
ZCWPW1	7	CACAJAO_HOSOMI	I	I
ZCWPW1	7	CACAJAO_MELANOCEPHALUS	I	I
ZCWPW1	7	CALLIMICO_GOELDII	I	I
ZCWPW1	7	CALLITHRIX_JACCHUS	I	I
ZCWPW1	7	CALLITHRIX_PENICILLATA	I	I
ZCWPW1	7	CALLITHRIX_PYGMAEA	I	I
ZCWPW1	7	CARLITO_SYRICHTA	I	I
ZCWPW1	7	CEBUS_ALBIFRONS	I	I
ZCWPW1	7	CEBUS_CAPUCINUS_IMITATOR	I	I
ZCWPW1	7	CEPHALOPACHUS_BANCANUS	I	I
ZCWPW1	7	CERCOCEBUS_ATYS	UL	UL
ZCWPW1	7	CERCOPITHECUS_ALBOGULARIS	I	I
ZCWPW1	7	CERCOPITHECUS_MONA	I	I
ZCWPW1	7	CERCOPITHECUS_NEGLECTUS	I	I
ZCWPW1	7	CHEIROGALEUS_MEDIUS	PI	PI
ZCWPW1	7	CHERACEBUS_LUCIFER	I	I
ZCWPW1	7	CHERACEBUS_LUGENS	I	I
ZCWPW1	7	CHERACEBUS_REGULUS	I	I
ZCWPW1	7	CHERACEBUS_TORQUATUS	I	I
ZCWPW1	7	CHIROPOTES_ISRAELITA	I	I
ZCWPW1	7	CHIROPOTES_SAGULATUS	I	I
ZCWPW1	7	CHLOROCEBUS_AETHIOPS	I	I
ZCWPW1	7	CHLOROCEBUS_SABAEUS	PI	PI
ZCWPW1	7	COLOBUS_ANGOLENSIS_PALLIATUS	I	I
ZCWPW1	7	COLOBUS_GUEREZA	I	I
ZCWPW1	7	DAUBENTONIA_MADAGASCARIENSIS	I	I
ZCWPW1	7	ERYTHROCEBUS_PATAS	PI	I;PI
ZCWPW1	7	EULEMUR_FLAVIFRONS	I	I
ZCWPW1	7	EULEMUR_FULVUS	I	I
ZCWPW1	7	EULEMUR_FULVUS_COLLARIS	I	I
ZCWPW1	7	EULEMUR_MACACO	I	I
ZCWPW1	7	EULEMUR_MONGOZ	PI	PI
ZCWPW1	7	GALAGO_MOHOLI	I	I
ZCWPW1	7	GALAGO_SENEGALENSIS	I	I
ZCWPW1	7	GORILLA_BERINGEI	I	I
ZCWPW1	7	GORILLA_GORILLA	I	I
ZCWPW1	7	GORILLA_GORILLA_GORILLA	I	I
ZCWPW1	7	HOOLOCK_LEUCONEDYS	I	I
ZCWPW1	7	HYLOBATES_AGILIS	I	I
ZCWPW1	7	HYLOBATES_MOLOCH	I	I
ZCWPW1	7	HYLOBATES_PILEATUS	I	I
ZCWPW1	7	INDRI_INDRI	PI	PI
ZCWPW1	7	LAGOTHRIX_LAGOTRICHA	I	I
ZCWPW1	7	LEMUR_CATTA	PI	I;PI
ZCWPW1	7	LEONTOPITHECUS_CHRYSOMELAS	I	I
ZCWPW1	7	LEONTOPITHECUS_ROSALIA	I	I
ZCWPW1	7	LOPHOCEBUS_ATERRIMUS	I	I
ZCWPW1	7	LORIS_TARDIGRADUS	I	I
ZCWPW1	7	MACACA_ARCTOIDES	I	I
ZCWPW1	7	MACACA_ASSAMENSIS	I	I
ZCWPW1	7	MACACA_CYCLOPIS	I	I
ZCWPW1	7	MACACA_FASCICULARIS	I	I
ZCWPW1	7	MACACA_FUSCATA	I	I
ZCWPW1	7	MACACA_LEONINA	I	I
ZCWPW1	7	MACACA_MULATTA	I	I
ZCWPW1	7	MACACA_NEMESTRINA	UL	UL
ZCWPW1	7	MACACA_NIGRA	I	I
ZCWPW1	7	MACACA_SILENUS	I	I
ZCWPW1	7	MACACA_THIBETANA_THIBETANA	I	I
ZCWPW1	7	MANDRILLUS_LEUCOPHAEUS	PI	I;PI
ZCWPW1	7	MANDRILLUS_SPHINX	I	I
ZCWPW1	7	MICROCEBUS_GRISEORUFUS	PI	PI
ZCWPW1	7	MICROCEBUS_MITTERMEIERI	I	I
ZCWPW1	7	MICROCEBUS_MURINUS	I	I
ZCWPW1	7	MICROCEBUS_RAVELOBENSIS	I	I
ZCWPW1	7	MICROCEBUS_SP._3_GT-2019	I	I
ZCWPW1	7	MICROCEBUS_TAVARATRA	I	I
ZCWPW1	7	MIRZA_COQUERELI	I	I
ZCWPW1	7	MIRZA_ZAZA	I	I
ZCWPW1	7	NASALIS_LARVATUS	UL	UL
ZCWPW1	7	NOMASCUS_LEUCOGENYS	I	I
ZCWPW1	7	NYCTICEBUS_BENGALENSIS	I	I
ZCWPW1	7	NYCTICEBUS_COUCANG	I	I
ZCWPW1	7	OTOLEMUR_CRASSICAUDATUS	I	I
ZCWPW1	7	OTOLEMUR_GARNETTII	I	I
ZCWPW1	7	PAN_PANISCUS	I	I
ZCWPW1	7	PAN_TROGLODYTES	I	I
ZCWPW1	7	PAPIO_ANUBIS	I	I
ZCWPW1	7	PAPIO_HAMADRYAS	I	I
ZCWPW1	7	PAPIO_PAPIO	PI	PI
ZCWPW1	7	PILIOCOLOBUS_TEPHROSCELES	I	I
ZCWPW1	7	PITHECIA_MITTERMEIERI	PI	PI
ZCWPW1	7	PITHECIA_PITHECIA	I	I
ZCWPW1	7	PITHECIA_VANZOLINII	I	I
ZCWPW1	7	PLECTUROCEBUS_BERNHARDI	I	I
ZCWPW1	7	PLECTUROCEBUS_BRUNNEUS	I	I
ZCWPW1	7	PLECTUROCEBUS_CALIGATUS	I	I
ZCWPW1	7	PLECTUROCEBUS_CINERASCENS	I	I
ZCWPW1	7	PLECTUROCEBUS_CUPREUS	I	I
ZCWPW1	7	PLECTUROCEBUS_DONACOPHILUS	I	I
ZCWPW1	7	PLECTUROCEBUS_DUBIUS	I	I
ZCWPW1	7	PLECTUROCEBUS_GROVESI	I	I
ZCWPW1	7	PLECTUROCEBUS_HOFFMANNSI	I	I
ZCWPW1	7	PLECTUROCEBUS_MILTONI	I	I
ZCWPW1	7	PLECTUROCEBUS_MOLOCH	I	I
ZCWPW1	7	PONGO_ABELII	I	I
ZCWPW1	7	PONGO_PYGMAEUS	I	I
ZCWPW1	7	PROLEMUR_SIMUS	I	I
ZCWPW1	7	PROPITHECUS_COQUERELI	I	I
ZCWPW1	7	PYGATHRIX_NEMAEUS	PI	PI
ZCWPW1	7	PYGATHRIX_NIGRIPES	I	I
ZCWPW1	7	RHINOPITHECUS_BIETI	I	I
ZCWPW1	7	RHINOPITHECUS_ROXELLANA	I	I
ZCWPW1	7	RHINOPITHECUS_STRYKERI	I	I
ZCWPW1	7	SAGUINUS_IMPERATOR	I	I
ZCWPW1	7	SAGUINUS_MIDAS	L	L
ZCWPW1	7	SAGUINUS_OEDIPUS	I	I
ZCWPW1	7	SAIMIRI_BOLIVIENSIS	PI	PI
ZCWPW1	7	SAIMIRI_BOLIVIENSIS_BOLIVIENSIS	I	I
ZCWPW1	7	SAIMIRI_SCIUREUS	PI	PI
ZCWPW1	7	SAPAJUS_APELLA	I	I
ZCWPW1	7	SEMNOPITHECUS_ENTELLUS	I	I
ZCWPW1	7	SYMPHALANGUS_SYNDACTYLUS	I	I
ZCWPW1	7	THEROPITHECUS_GELADA	I	I
ZCWPW1	7	TRACHYPITHECUS_FRANCOISI	I	I
ZCWPW1	7	TRACHYPITHECUS_GERMAINI	I	I
ZCWPW1	7	TRACHYPITHECUS_PHAYREI_CREPUSCULA	UL	UL
ZCWPW1	7	VARECIA_VARIEGATA	PI	PI
ZCWPW2	3	ALLENOPITHECUS_NIGROVIRIDIS	I	I
ZCWPW2	3	ALLOCHROCEBUS_LHOESTI	I	I
ZCWPW2	3	ALOUATTA_PALLIATA	I	I
ZCWPW2	3	AOTUS_NANCYMAAE	I	I
ZCWPW2	3	AOTUS_VOCIFERANS	I	I
ZCWPW2	3	ATELES_BELZEBUTH	I	I
ZCWPW2	3	ATELES_CHAMEK	I	I
ZCWPW2	3	ATELES_GEOFFROYI	I	I
ZCWPW2	3	ATELES_MARGINATUS	I	I
ZCWPW2	3	ATELES_PANISCUS	I	I
ZCWPW2	3	CACAJAO_AYRESI	I	I
ZCWPW2	3	CACAJAO_CALVUS	I	I
ZCWPW2	3	CACAJAO_HOSOMI	I	I
ZCWPW2	3	CACAJAO_MELANOCEPHALUS	I	I
ZCWPW2	3	CALLIMICO_GOELDII	I	I
ZCWPW2	3	CALLITHRIX_JACCHUS	I	I
ZCWPW2	3	CALLITHRIX_PENICILLATA	I	I
ZCWPW2	3	CALLITHRIX_PYGMAEA	I	I
ZCWPW2	3	CARLITO_SYRICHTA	I	I
ZCWPW2	3	CEBUS_ALBIFRONS	PI	I;PI
ZCWPW2	3	CEBUS_CAPUCINUS_IMITATOR	I	I
ZCWPW2	3	CEPHALOPACHUS_BANCANUS	I	I
ZCWPW2	3	CERCOCEBUS_ATYS	I	I
ZCWPW2	3	CERCOPITHECUS_ALBOGULARIS	I	I
ZCWPW2	3	CERCOPITHECUS_MONA	I	I
ZCWPW2	3	CERCOPITHECUS_NEGLECTUS	PI	PI
ZCWPW2	3	CHEIROGALEUS_MEDIUS	I	I
ZCWPW2	3	CHERACEBUS_LUCIFER	I	I
ZCWPW2	3	CHERACEBUS_LUGENS	I	I
ZCWPW2	3	CHERACEBUS_REGULUS	PI	PI
ZCWPW2	3	CHERACEBUS_TORQUATUS	I	I
ZCWPW2	3	CHIROPOTES_ISRAELITA	I	I
ZCWPW2	3	CHIROPOTES_SAGULATUS	I	I
ZCWPW2	3	CHLOROCEBUS_AETHIOPS	I	I
ZCWPW2	3	CHLOROCEBUS_SABAEUS	UL	UL
ZCWPW2	3	COLOBUS_ANGOLENSIS_PALLIATUS	I	I
ZCWPW2	3	COLOBUS_GUEREZA	I	I
ZCWPW2	3	DAUBENTONIA_MADAGASCARIENSIS	I	I
ZCWPW2	3	ERYTHROCEBUS_PATAS	PI	I;PI
ZCWPW2	3	EULEMUR_FLAVIFRONS	I	I
ZCWPW2	3	EULEMUR_FULVUS	I	I
ZCWPW2	3	EULEMUR_FULVUS_COLLARIS	I	I
ZCWPW2	3	EULEMUR_MACACO	I	I
ZCWPW2	3	EULEMUR_MONGOZ	I	I
ZCWPW2	3	GALAGO_MOHOLI	I	I
ZCWPW2	3	GALAGO_SENEGALENSIS	PI	PI
ZCWPW2	3	GORILLA_BERINGEI	PI	PI
ZCWPW2	3	GORILLA_GORILLA	I	I
ZCWPW2	3	GORILLA_GORILLA_GORILLA	I	I
ZCWPW2	3	HOOLOCK_LEUCONEDYS	I	I
ZCWPW2	3	HYLOBATES_AGILIS	UL	UL
ZCWPW2	3	HYLOBATES_MOLOCH	I	I
ZCWPW2	3	HYLOBATES_PILEATUS	I	I
ZCWPW2	3	INDRI_INDRI	PI	PI
ZCWPW2	3	LAGOTHRIX_LAGOTRICHA	I	I
ZCWPW2	3	LEMUR_CATTA	I	I
ZCWPW2	3	LEONTOPITHECUS_CHRYSOMELAS	PI	PI
ZCWPW2	3	LEONTOPITHECUS_ROSALIA	I	I
ZCWPW2	3	LOPHOCEBUS_ATERRIMUS	I	I
ZCWPW2	3	LORIS_TARDIGRADUS	I	I
ZCWPW2	3	MACACA_ARCTOIDES	I	I
ZCWPW2	3	MACACA_ASSAMENSIS	I	I
ZCWPW2	3	MACACA_CYCLOPIS	I	I
ZCWPW2	3	MACACA_FASCICULARIS	I	I
ZCWPW2	3	MACACA_FUSCATA	I	I
ZCWPW2	3	MACACA_LEONINA	I	I
ZCWPW2	3	MACACA_MULATTA	I	I
ZCWPW2	3	MACACA_NEMESTRINA	I	I
ZCWPW2	3	MACACA_NIGRA	I	I
ZCWPW2	3	MACACA_SILENUS	I	I
ZCWPW2	3	MACACA_THIBETANA_THIBETANA	I	I
ZCWPW2	3	MANDRILLUS_LEUCOPHAEUS	I	I
ZCWPW2	3	MANDRILLUS_SPHINX	I	I
ZCWPW2	3	MICROCEBUS_GRISEORUFUS	I	I
ZCWPW2	3	MICROCEBUS_MITTERMEIERI	I	I
ZCWPW2	3	MICROCEBUS_MURINUS	I	I
ZCWPW2	3	MICROCEBUS_RAVELOBENSIS	PI	PI
ZCWPW2	3	MICROCEBUS_SP._3_GT-2019	I	I
ZCWPW2	3	MICROCEBUS_TAVARATRA	PI	PI
ZCWPW2	3	MIRZA_COQUERELI	I	I
ZCWPW2	3	MIRZA_ZAZA	I	I
ZCWPW2	3	NASALIS_LARVATUS	I	I
ZCWPW2	3	NOMASCUS_LEUCOGENYS	I	I
ZCWPW2	3	NYCTICEBUS_BENGALENSIS	I	I
ZCWPW2	3	NYCTICEBUS_COUCANG	PI	I;PI
ZCWPW2	3	OTOLEMUR_CRASSICAUDATUS	I	I
ZCWPW2	3	OTOLEMUR_GARNETTII	PI	PI
ZCWPW2	3	PAN_PANISCUS	I	I
ZCWPW2	3	PAN_TROGLODYTES	I	I
ZCWPW2	3	PAPIO_ANUBIS	UL	UL
ZCWPW2	3	PAPIO_HAMADRYAS	I	I
ZCWPW2	3	PAPIO_PAPIO	I	I
ZCWPW2	3	PILIOCOLOBUS_TEPHROSCELES	I	I
ZCWPW2	3	PITHECIA_MITTERMEIERI	I	I
ZCWPW2	3	PITHECIA_PITHECIA	PI	I;PI
ZCWPW2	3	PLECTUROCEBUS_BERNHARDI	I	I
ZCWPW2	3	PLECTUROCEBUS_BRUNNEUS	I	I
ZCWPW2	3	PLECTUROCEBUS_CALIGATUS	I	I
ZCWPW2	3	PLECTUROCEBUS_CINERASCENS	I	I
ZCWPW2	3	PLECTUROCEBUS_CUPREUS	I	I
ZCWPW2	3	PLECTUROCEBUS_DONACOPHILUS	I	I
ZCWPW2	3	PLECTUROCEBUS_GROVESI	I	I
ZCWPW2	3	PLECTUROCEBUS_HOFFMANNSI	I	I
ZCWPW2	3	PLECTUROCEBUS_MILTONI	I	I
ZCWPW2	3	PLECTUROCEBUS_MOLOCH	I	I
ZCWPW2	3	PONGO_ABELII	UL	I;UL
ZCWPW2	3	PONGO_PYGMAEUS	I	I
ZCWPW2	3	PROLEMUR_SIMUS	I	I
ZCWPW2	3	PROPITHECUS_COQUERELI	I	I
ZCWPW2	3	PYGATHRIX_NEMAEUS	I	I
ZCWPW2	3	PYGATHRIX_NIGRIPES	I	I
ZCWPW2	3	RHINOPITHECUS_BIETI	L	I;L
ZCWPW2	3	RHINOPITHECUS_ROXELLANA	UL	UL
ZCWPW2	3	RHINOPITHECUS_STRYKERI	I	I
ZCWPW2	3	SAGUINUS_IMPERATOR	I	I
ZCWPW2	3	SAGUINUS_MIDAS	I	I
ZCWPW2	3	SAGUINUS_OEDIPUS	I	I
ZCWPW2	3	SAIMIRI_BOLIVIENSIS	I	I
ZCWPW2	3	SAIMIRI_BOLIVIENSIS_BOLIVIENSIS	I	I
ZCWPW2	3	SAIMIRI_SCIUREUS	I	I
ZCWPW2	3	SAPAJUS_APELLA	I	I
ZCWPW2	3	SEMNOPITHECUS_ENTELLUS	PI	PI
ZCWPW2	3	SYMPHALANGUS_SYNDACTYLUS	I	I
ZCWPW2	3	THEROPITHECUS_GELADA	I	I
ZCWPW2	3	TRACHYPITHECUS_FRANCOISI	I	I
ZCWPW2	3	TRACHYPITHECUS_GERMAINI	I	I
ZCWPW2	3	TRACHYPITHECUS_PHAYREI_CREPUSCULA	I	I
ZCWPW2	3	VARECIA_VARIEGATA	I	I
