gene	chrom	gene_id	svtype	consequence	af	n_hom_alt	AFR_LoF	AMR_LoF	EAS_LoF	EUR_LoF	Human_anyLoF	Human_commonLoF	Human_homozygousLoF	SAS_LoF
A2M	12	ENSG00000175899	DEL	canonical_CDS_exon_deletion	0.000517	0	1	0	0	0	1	0	0	0
A2ML1	12	ENSG00000166535	DEL	canonical_CDS_exon_deletion	0.003619	0	1	0	0	0	1	0	0	1
AAAS	12	ENSG00000094914	DEL	canonical_CDS_exon_deletion	0.270424	101	1	1	1	1	1	1	1	1
AAK1	2	ENSG00000115977	DEL	CDS_deletion_17%_of_canonical	0.000517	0	0	0	0	1	1	0	0	0
AARS1	16	ENSG00000090861	COMPLEX	complex_over_CDS	0.004654	4	0	0	0	0	0	0	0	0
AARSD1	17	ENSG00000266967	DEL	CDS_deletion_11%_of_canonical	0.000517	0	0	0	1	0	1	0	0	0
ABAT	16	ENSG00000183044	DEL	canonical_CDS_exon_deletion	0.016546	1	1	1	0	1	1	1	1	0
ABCA1	9	ENSG00000165029	DEL	canonical_CDS_exon_deletion	0.000517	0	0	0	0	1	1	0	0	0
ABCA12	2	ENSG00000144452	DEL	canonical_CDS_exon_deletion	0.004654	0	1	0	0	1	1	0	0	0
ABCA13	7	ENSG00000179869	DEL	canonical_CDS_exon_deletion	0.006722	1	1	0	1	0	1	0	1	1
ABCA2	9	ENSG00000107331	DEL	canonical_CDS_exon_deletion	0.456567	259	1	1	1	1	1	1	1	1
ABCA3	16	ENSG00000167972	DEL	canonical_CDS_exon_deletion	0.008273	2	1	0	0	1	1	0	1	0
ABCA5	17	ENSG00000154265	DEL	canonical_CDS_exon_deletion	0.232161	58	1	1	1	1	1	1	1	1
ABCA6	17	ENSG00000154262	DEL	CDS_deletion_26%_of_canonical	0.000517	0	0	1	0	0	1	0	0	0
ABCA8	17	ENSG00000141338	DEL	canonical_CDS_exon_deletion	0.000517	0	0	0	0	0	1	0	0	1
ABCA9	17	ENSG00000154258	DEL	canonical_CDS_exon_deletion	0.000517	0	0	1	0	0	1	0	0	0
ABCB1	7	ENSG00000085563	DEL	canonical_CDS_exon_deletion	0.001034	0	0	0	1	0	1	0	0	0
ABCB11	2	ENSG00000073734	DEL	CDS_deletion_11%_of_canonical	0.000517	0	0	0	1	0	1	0	0	0
ABCB4	7	ENSG00000005471	COMPLEX	complex_deletion_in_CDS	0.002585	0	0	0	0	1	1	0	0	1
ABCB8	7	ENSG00000197150	DEL	canonical_CDS_exon_deletion	0.605481	383	1	1	1	1	1	1	1	1
ABCC2	10	ENSG00000023839	DEL	CDS_deletion_17%_of_canonical	0.189245	53	1	1	1	1	1	1	1	1
ABCC3	17	ENSG00000108846	DEL	canonical_CDS_exon_deletion	0.001034	0	1	0	0	0	1	0	0	0
ABCC5	3	ENSG00000114770	DEL	canonical_CDS_exon_deletion	0.000517	0	0	0	1	0	1	0	0	1
ABCC6	16	ENSG00000091262	DEL	canonical_CDS_exon_deletion	0.509824	268	1	1	1	1	1	1	1	1
ABCC8	11	ENSG00000006071	DEL	canonical_CDS_exon_deletion	0.000517	0	0	0	0	1	1	0	0	0
ABCD3	1	ENSG00000117528	INS	insertion_in_CDS_exon	0.002585	0	0	0	0	0	0	0	0	0
ABCE1	4	ENSG00000164163	DEL	CDS_deletion_10%_of_canonical	0.000517	0	0	0	0	1	1	0	0	0
ABCF2	7	ENSG00000033050	COMPLEX	complex_deletion_in_CDS	0.037228	3	1	1	1	1	1	1	1	1
ABCF2-H2BK1	7	ENSG00000285292	COMPLEX	complex_deletion_in_CDS	0.037228	3	1	1	1	1	1	1	1	1
ABCF3	3	ENSG00000161204	COMPLEX	complex_deletion_in_CDS	0.483454	232	1	1	1	1	1	1	1	1
ABCG8	2	ENSG00000143921	DEL	CDS_deletion_14%_of_canonical	0.001551	1	1	0	0	0	1	0	1	1
ABHD12B	14	ENSG00000131969	DEL	CDS_deletion_21%_of_canonical	0.001551	0	0	0	1	1	1	0	0	0
ABHD15	17	ENSG00000168792	INS	insertion_in_CDS_exon	0.001551	0	0	0	0	0	0	0	0	0
ABHD16A	6	ENSG00000204427	DEL	CDS_deletion_13%_of_canonical	0.002068	1	1	0	1	0	1	0	1	0
ABHD17C	15	ENSG00000136379	DEL	CDS_deletion_18%_of_canonical	0.632368	398	1	1	1	1	1	1	1	1
ABHD4	14	ENSG00000100439	COMPLEX	complex_deletion_in_CDS	0.000517	0	0	0	0	0	1	0	0	0
ABI3BP	3	ENSG00000154175	DEL	canonical_CDS_exon_deletion	0.001034	1	0	0	0	0	1	0	1	0
ABL1	9	ENSG00000097007	DEL	canonical_CDS_exon_deletion	0.005171	3	1	0	1	1	1	0	1	0
ABLIM1	10	ENSG00000099204	DEL	canonical_CDS_exon_deletion	0.011375	2	1	1	0	0	1	1	1	0
ABLIM3	5	ENSG00000173210	DEL	canonical_CDS_exon_deletion	0.000517	0	0	0	1	0	1	0	0	0
ABR	17	ENSG00000159842	DEL	canonical_CDS_exon_deletion	0.411582	200	1	1	1	1	1	1	1	1
ABT1	6	ENSG00000146109	DEL	CDS_deletion_58%_of_canonical	0.009307	0	1	1	1	1	1	0	0	1
ABTB2	11	ENSG00000166016	DEL	CDS_deletion_17%_of_canonical	0.003102	0	0	0	0	0	1	0	0	1
ACAD10	12	ENSG00000111271	COMPLEX	complex_deletion_in_CDS	0.001551	0	0	0	0	0	1	0	0	1
ACAD9	3	ENSG00000177646	DEL	canonical_CDS_exon_deletion	0.000517	0	0	0	1	0	1	0	0	1
ACAP1	17	ENSG00000072818	DEL	canonical_CDS_exon_deletion	0.090486	13	1	1	1	1	1	1	1	1
ACAP2	3	ENSG00000114331	DEL	canonical_CDS_exon_deletion	0.116339	21	1	1	1	1	1	1	1	1
ACAT1	11	ENSG00000075239	DEL	canonical_CDS_exon_deletion	0.000517	0	0	1	0	0	1	0	0	0
ACAT2	6	ENSG00000120437	DEL	CDS_deletion_41%_of_canonical	0.002585	1	0	1	0	0	1	0	1	1
ACBD6	1	ENSG00000230124	DEL	canonical_CDS_exon_deletion	0.000517	0	1	0	0	0	1	0	0	0
ACE	17	ENSG00000159640	DEL	canonical_CDS_exon_deletion	0.000517	0	0	0	0	0	1	0	0	1
ACLY	17	ENSG00000131473	DEL	canonical_CDS_exon_deletion	0.000517	0	1	0	0	0	1	0	0	0
ACO2	22	ENSG00000100412	DEL	CDS_deletion_23%_of_canonical	0.249741	69	1	1	1	1	1	1	1	1
ACOT1	14	ENSG00000184227	COMPLEX	complex_deletion_in_CDS	0.000517	0	0	0	0	0	1	0	0	1
ACOT13	6	ENSG00000112304	INS	insertion_in_CDS_exon	0.000517	0	0	0	0	0	0	0	0	0
ACOX3	4	ENSG00000087008	DEL	canonical_CDS_exon_deletion	0.000517	0	1	0	0	0	1	0	0	0
ACP6	1	ENSG00000162836	DEL	CDS_deletion_19%_of_canonical	0.001034	0	1	0	0	0	1	0	0	0
ACSBG2	19	ENSG00000130377	INS	insertion_in_CDS_exon	0.002068	1	0	0	0	0	0	0	0	0
ACSL6	5	ENSG00000164398	DEL	canonical_CDS_exon_deletion	0.277663	88	1	1	1	1	1	1	1	1
ACSM2A	16	ENSG00000183747	COMPLEX	complex_over_CDS	0.003102	0	0	0	0	0	0	0	0	0
ACSM2B	16	ENSG00000066813	COMPLEX	complex_over_CDS	0.089452	3	0	0	0	0	0	0	0	0
ACSM3	16	ENSG00000005187	DEL	canonical_CDS_exon_deletion	0.072389	11	1	1	1	1	1	1	1	1
ACSM4	12	ENSG00000215009	DEL	CDS_deletion_12%_of_canonical	0.000517	0	0	0	0	0	1	0	0	1
ACTN1	14	ENSG00000072110	DEL	canonical_CDS_exon_deletion	0.000517	0	0	1	0	0	1	0	0	0
ACTN3	11	ENSG00000248746	DEL	CDS_deletion_42%_of_canonical	0.001551	1	0	0	1	0	1	0	1	0
ACTN4	19	ENSG00000130402	DEL	canonical_CDS_exon_deletion	0.619959	384	1	1	1	1	1	1	1	1
ACTR1A	10	ENSG00000138107	DEL	canonical_CDS_exon_deletion	0.002068	0	1	0	0	0	1	0	0	0
ACTR1B	2	ENSG00000115073	DEL	CDS_deletion_35%_of_canonical	0.044467	9	1	1	1	1	1	1	1	1
ACTR3	2	ENSG00000115091	COMPLEX	complex_over_CDS	0.001034	0	0	0	0	0	0	0	0	0
ACTR6	12	ENSG00000075089	DEL	CDS_deletion_16%_of_canonical	0.001034	0	0	1	1	0	1	0	0	0
ACYP1	14	ENSG00000119640	DEL	CDS_deletion_28%_of_canonical	0.000517	0	0	0	0	0	1	0	0	1
ADA	20	ENSG00000196839	DEL	canonical_CDS_exon_deletion	0.004136	1	1	1	0	0	1	0	1	0
ADAD1	4	ENSG00000164113	COMPLEX	complex_deletion_in_CDS	0.215098	49	1	1	1	1	1	1	1	1
ADAD2	16	ENSG00000140955	DEL	CDS_deletion_32%_of_canonical	0.000517	0	1	0	0	0	1	0	0	0
ADAM11	17	ENSG00000073670	DEL	canonical_CDS_exon_deletion	0.000517	0	0	0	1	0	1	0	0	0
ADAM12	10	ENSG00000148848	DEL	canonical_CDS_exon_deletion	0.069287	9	1	1	1	1	1	1	1	1
ADAM17	2	ENSG00000151694	DEL	canonical_CDS_exon_deletion	0.000517	0	0	0	0	0	1	0	0	1
ADAM18	8	ENSG00000168619	DEL	canonical_CDS_exon_deletion	0.001034	0	0	0	1	0	1	0	0	0
ADAM19	5	ENSG00000135074	DEL	canonical_CDS_exon_deletion	0.003102	1	1	1	0	1	1	0	1	0
ADAM22	7	ENSG00000008277	DEL	canonical_CDS_exon_deletion	0.000517	0	0	0	1	0	1	0	0	0
ADAM23	2	ENSG00000114948	DEL	canonical_CDS_exon_deletion	0.001034	0	1	1	0	1	1	0	0	0
ADAM32	8	ENSG00000197140	DEL	canonical_CDS_exon_deletion	0.002068	0	1	0	0	0	1	0	0	0
ADAMTS10	19	ENSG00000142303	COMPLEX	complex_deletion_in_CDS	0.011893	0	1	1	1	0	1	1	0	1
ADAMTS12	5	ENSG00000151388	DEL	canonical_CDS_exon_deletion	0.280765	91	1	1	1	1	1	1	1	1
ADAMTS14	10	ENSG00000138316	INS	insertion_in_CDS_exon	0.000517	0	0	0	0	0	0	0	0	0
ADAMTS16	5	ENSG00000145536	DEL	CDS_deletion_11%_of_canonical	0.001034	0	0	0	0	1	1	0	0	0
ADAMTS18	16	ENSG00000140873	DEL	canonical_CDS_exon_deletion	0.000517	0	0	0	1	0	1	0	0	0
ADAMTS19	5	ENSG00000145808	DEL	CDS_deletion_21%_of_canonical	0.000517	0	0	0	1	0	1	0	0	0
ADAMTS2	5	ENSG00000087116	DEL	canonical_CDS_exon_deletion	0.001034	0	0	1	0	0	1	0	0	0
ADAMTS20	12	ENSG00000173157	DEL	canonical_CDS_exon_deletion	0.000517	0	1	0	0	0	1	0	0	0
ADAMTS3	4	ENSG00000156140	DEL	CDS_deletion_16%_of_canonical	0.001551	1	1	0	0	1	1	0	1	1
ADAMTS6	5	ENSG00000049192	DEL	canonical_CDS_exon_deletion	0.089452	9	1	1	1	1	1	1	1	1
ADAMTS7	15	ENSG00000136378	DEL	canonical_CDS_exon_deletion	0.000517	0	0	0	0	0	1	0	0	0
ADAMTSL1	9	ENSG00000178031	INS	insertion_in_CDS_exon	0.0212	0	0	0	0	0	0	0	0	0
ADAMTSL5	19	ENSG00000185761	COMPLEX	complex_deletion_in_CDS	0.001034	1	0	0	0	0	1	0	1	0
ADARB2	10	ENSG00000185736	INS	insertion_in_CDS_exon	0.20062	48	0	0	0	0	0	0	0	0
ADCY1	7	ENSG00000164742	INS	insertion_in_CDS_exon	0.068252	9	0	0	0	0	0	0	0	0
ADCY5	3	ENSG00000173175	COMPLEX	complex_deletion_in_CDS	0.716132	526	1	1	1	1	1	1	1	1
ADCY6	12	ENSG00000174233	DEL	canonical_CDS_exon_deletion	0.000517	0	0	0	0	0	1	0	0	1
ADCY9	16	ENSG00000162104	COMPLEX	complex_deletion_in_CDS	0.006205	0	1	1	1	1	1	0	0	1
ADGRA1	10	ENSG00000197177	DEL	canonical_CDS_exon_deletion	0.049121	45	1	1	1	1	1	1	1	1
ADGRB1	8	ENSG00000181790	DEL	canonical_CDS_exon_deletion	0.001551	0	0	0	0	1	1	0	0	1
ADGRD1	12	ENSG00000111452	DEL	canonical_CDS_exon_deletion	0.381593	255	1	1	1	1	1	1	1	1
ADGRE3	19	ENSG00000131355	COMPLEX	complex_deletion_in_CDS	0.001551	0	1	0	0	0	1	0	0	0
ADGRE5	19	ENSG00000123146	DEL	canonical_CDS_exon_deletion	0.000517	0	0	1	0	0	1	0	0	0
ADGRF1	6	ENSG00000153292	INS	insertion_in_CDS_exon	0.000517	0	0	0	0	0	0	0	0	0
ADGRF5	6	ENSG00000069122	INS	insertion_in_CDS_exon	0.000517	0	0	0	0	0	0	0	0	0
ADGRG1	16	ENSG00000205336	DEL	canonical_CDS_exon_deletion	0.001034	0	1	0	1	0	1	0	0	0
ADGRL1	19	ENSG00000072071	DEL	canonical_CDS_exon_deletion	0.001551	0	1	0	0	0	1	0	0	0
ADGRL2	1	ENSG00000117114	INS	insertion_in_CDS_exon	0.044467	42	0	0	0	0	0	0	0	0
ADGRV1	5	ENSG00000164199	DEL	canonical_CDS_exon_deletion	0.023785	0	1	0	1	1	1	1	0	1
ADH1A	4	ENSG00000187758	DEL	whole_gene_CDS_deletion	0.000517	0	0	0	1	0	1	0	0	0
ADH1B	4	ENSG00000196616	DEL	CDS_deletion_26%_of_canonical	0.000517	0	0	0	1	0	1	0	0	0
ADH1C	4	ENSG00000248144	DEL	CDS_deletion_19%_of_canonical	0.000517	0	0	0	0	0	1	0	0	1
ADH7	4	ENSG00000196344	INS	insertion_in_CDS_exon	0.010858	1	0	0	0	0	0	0	0	0
ADORA2A	22	ENSG00000128271	DEL	whole_gene_CDS_deletion	0.734747	545	1	1	1	1	1	1	1	1
ADORA2B	17	ENSG00000170425	COMPLEX	complex_over_CDS	0.004654	0	0	0	0	0	0	0	0	0
ADPRHL1	13	ENSG00000153531	DEL	canonical_CDS_exon_deletion	0.699069	472	1	1	1	1	1	1	1	1
ADRA2A	10	ENSG00000150594	INS	insertion_in_CDS_exon	0.002585	0	0	0	0	0	0	0	0	0
ADSS2	1	ENSG00000035687	DEL	canonical_CDS_exon_deletion	0.000517	0	0	0	0	0	1	0	0	1
AEBP2	12	ENSG00000139154	DEL	CDS_deletion_12%_of_canonical	0.001034	1	1	0	0	0	1	0	1	0
AFAP1L2	10	ENSG00000169129	DEL	canonical_CDS_exon_deletion	0.002068	1	1	0	0	1	1	0	1	0
AFF3	2	ENSG00000144218	COMPLEX	complex_deletion_in_CDS	0.001034	1	0	1	0	0	1	0	1	0
AFG1L	6	ENSG00000135537	DEL	canonical_CDS_exon_deletion	0.023785	4	1	1	1	0	1	1	1	1
AFG3L2	18	ENSG00000141385	INS	insertion_in_CDS_exon	0.001034	0	0	0	0	0	0	0	0	0
AFP	4	ENSG00000081051	DEL	CDS_deletion_54%_of_canonical	0.004136	2	1	1	0	0	1	0	1	0
AGAP3	7	ENSG00000133612	DEL	canonical_CDS_exon_deletion	0.011893	0	1	0	1	0	1	1	0	1
AGAP5	10	ENSG00000172650	DEL	CDS_deletion_72%_of_canonical	0.000517	0	0	0	0	0	1	0	0	1
AGBL1	15	ENSG00000273540	DEL	canonical_CDS_exon_deletion	0.013444	8	1	1	0	1	1	1	1	1
AGBL2	11	ENSG00000165923	COMPLEX	complex_over_CDS	0.001551	0	0	0	0	0	0	0	0	0
AGBL5	2	ENSG00000084693	DEL	canonical_CDS_exon_deletion	0.000517	0	0	0	0	0	1	0	0	0
AGFG1	2	ENSG00000173744	DEL	canonical_CDS_exon_deletion	0.001034	1	0	1	0	0	1	0	1	0
AGK	7	ENSG00000006530	COMPLEX	complex_deletion_in_CDS	0.002068	0	1	0	1	1	1	0	0	0
AGMO	7	ENSG00000187546	DEL	canonical_CDS_exon_deletion	0.000517	0	0	0	0	0	1	0	0	1
AGPAT3	21	ENSG00000160216	DEL	canonical_CDS_exon_deletion	0.004654	0	1	1	0	1	1	0	0	0
AGRN	1	ENSG00000188157	DEL	canonical_CDS_exon_deletion	0.005688	1	1	0	0	0	1	0	1	0
AHCTF1	1	ENSG00000153207	DEL	canonical_CDS_exon_deletion	0.259049	84	1	1	1	1	1	1	1	1
AHCYL2	7	ENSG00000158467	DEL	canonical_CDS_exon_deletion	0.001034	0	0	0	0	0	1	0	0	1
AHDC1	1	ENSG00000126705	INS	insertion_in_CDS_exon	0.000517	0	0	0	0	0	0	0	0	0
AHI1	6	ENSG00000135541	DEL	canonical_CDS_exon_deletion	0.158221	57	1	1	1	1	1	1	1	1
AHNAK	11	ENSG00000124942	DEL	canonical_CDS_exon_deletion	0.002068	1	1	1	0	0	1	0	1	0
AHSA1	14	ENSG00000100591	DEL	whole_gene_CDS_deletion	0.001034	1	1	0	0	0	1	0	1	0
AIDA	1	ENSG00000186063	DEL	CDS_deletion_12%_of_canonical	0.000517	0	0	0	0	0	1	0	0	1
AIG1	6	ENSG00000146416	COMPLEX	complex_over_CDS	0.050155	5	0	0	0	0	0	0	0	0
AIRE	21	ENSG00000160224	DEL	canonical_CDS_exon_deletion	0.097208	17	1	1	1	1	1	1	1	1
AJUBA	14	ENSG00000129474	DEL	canonical_CDS_exon_deletion	0.000517	0	0	0	0	1	1	0	0	0
AK3	9	ENSG00000147853	COMPLEX	complex_deletion_in_CDS	0.198552	73	1	1	1	1	1	1	1	1
AK7	14	ENSG00000140057	DEL	canonical_CDS_exon_deletion	0.017063	1	1	1	0	1	1	1	1	1
AK9	6	ENSG00000155085	COMPLEX	complex_deletion_in_CDS	0.001551	0	1	0	0	0	1	0	0	1
AKAP12	6	ENSG00000131016	DEL	canonical_CDS_exon_deletion	0.001034	0	1	0	0	0	1	0	0	0
AKAP17A	X	ENSG00000197976	DEL	whole_gene_CDS_deletion	0.001034	1	0	0	0	1	1	0	1	0
AKAP6	14	ENSG00000151320	COMPLEX	complex_deletion_in_CDS	0.000517	0	0	0	0	1	1	0	0	0
AKAP9	7	ENSG00000127914	DEL	canonical_CDS_exon_deletion	0.006722	0	1	1	0	1	1	0	0	0
AKNA	9	ENSG00000106948	DEL	canonical_CDS_exon_deletion	0.001551	0	0	0	0	1	1	0	0	0
AKR1B15	7	ENSG00000227471	COMPLEX	complex_over_CDS	0.001034	0	0	0	0	0	0	0	0	0
AKR1D1	7	ENSG00000122787	DEL	CDS_deletion_13%_of_canonical	0.001551	1	1	0	0	0	1	0	1	0
ALCAM	3	ENSG00000170017	COMPLEX	complex_deletion_in_CDS	0.223888	99	1	1	1	1	1	1	1	1
ALDH16A1	19	ENSG00000161618	DEL	canonical_CDS_exon_deletion	0.005171	3	1	1	0	0	1	0	1	1
ALDH18A1	10	ENSG00000059573	DEL	CDS_deletion_62%_of_canonical	0.000517	0	0	0	0	1	1	0	0	0
ALDH1B1	9	ENSG00000137124	DEL	CDS_deletion_17%_of_canonical	0.001551	0	0	0	1	0	1	0	0	0
ALDH1L1	3	ENSG00000144908	DEL	canonical_CDS_exon_deletion	0.000517	0	0	0	0	0	1	0	0	1
ALDH2	12	ENSG00000111275	DEL	CDS_deletion_14%_of_canonical	0.001551	1	1	0	0	0	1	0	1	0
ALDH3B2	11	ENSG00000132746	DEL	canonical_CDS_exon_deletion	0.104964	43	1	1	1	1	1	1	1	1
ALDH4A1	1	ENSG00000159423	COMPLEX	complex_deletion_in_CDS	0.31334	159	1	1	1	1	1	1	1	1
ALDH5A1	6	ENSG00000112294	DEL	canonical_CDS_exon_deletion	0.000517	0	0	1	0	0	1	0	0	0
ALDH7A1	5	ENSG00000164904	DEL	canonical_CDS_exon_deletion	0.001034	0	1	0	0	0	1	0	0	0
ALDOA	16	ENSG00000149925	DEL	CDS_deletion_17%_of_canonical	0.001551	1	1	0	0	0	1	0	1	0
ALG2	9	ENSG00000119523	DEL	CDS_deletion_94%_of_canonical	0.002068	1	1	0	0	0	1	0	1	0
ALG8	11	ENSG00000159063	COMPLEX	complex_over_CDS	0.02999	5	0	0	0	0	0	0	0	0
ALS2	2	ENSG00000003393	COMPLEX	complex_deletion_in_CDS	0.000517	0	0	1	0	0	1	0	0	0
ALS2CL	3	ENSG00000178038	DEL	CDS_deletion_25%_of_canonical	0.004654	0	0	0	0	1	1	0	0	1
ALYREF	17	ENSG00000183684	INS	insertion_in_CDS_exon	0.212513	59	0	0	0	0	0	0	0	0
AMBP	9	ENSG00000106927	DEL	CDS_deletion_53%_of_canonical	0.001034	1	0	0	0	1	1	0	1	0
AMBRA1	11	ENSG00000110497	DEL	canonical_CDS_exon_deletion	0.018614	2	0	1	0	1	1	1	1	1
AMDHD2	16	ENSG00000162066	COMPLEX	complex_deletion_in_CDS	0.001551	1	1	1	1	0	1	0	1	0
AMMECR1L	2	ENSG00000144233	DEL	CDS_deletion_11%_of_canonical	0.000517	0	1	0	0	0	1	0	0	0
AMPH	7	ENSG00000078053	DEL	CDS_deletion_34%_of_canonical	0.007239	1	1	1	0	1	1	0	1	1
AMT	3	ENSG00000145020	DEL	CDS_deletion_39%_of_canonical	0.000517	0	0	0	0	0	1	0	0	1
AMZ1	7	ENSG00000174945	DEL	canonical_CDS_exon_deletion	0.001551	0	0	0	1	0	1	0	0	1
AMZ2	17	ENSG00000196704	COMPLEX	complex_over_CDS	0.000517	0	0	0	0	0	0	0	0	0
ANAPC4	4	ENSG00000053900	DEL	canonical_CDS_exon_deletion	0.000517	0	0	0	0	0	1	0	0	1
ANGPTL1	1	ENSG00000116194	DEL	CDS_deletion_13%_of_canonical	0.001551	1	0	1	0	1	1	0	1	0
ANHX	12	ENSG00000227059	DEL	CDS_deletion_47%_of_canonical	0.002585	1	0	0	0	0	1	0	1	1
ANK1	8	ENSG00000029534	INS	insertion_in_CDS_exon	0.864529	725	0	0	0	0	0	0	0	0
ANK3	10	ENSG00000151150	DEL	canonical_CDS_exon_deletion	0.081696	11	1	1	1	1	1	1	1	1
ANKAR	2	ENSG00000151687	DEL	canonical_CDS_exon_deletion	0.002068	0	0	1	0	1	1	0	0	0
ANKEF1	20	ENSG00000132623	DEL	canonical_CDS_exon_deletion	0.000517	0	1	0	0	0	1	0	0	0
ANKHD1	5	ENSG00000131503	DEL	canonical_CDS_exon_deletion	0.00879	0	1	1	0	1	1	0	0	1
ANKHD1-EIF4EBP3	5	ENSG00000254996	DEL	canonical_CDS_exon_deletion	0.00879	0	1	1	0	1	1	0	0	1
ANKLE1	19	ENSG00000160117	COMPLEX	complex_deletion_in_CDS	0.134436	33	1	1	1	1	1	1	1	1
ANKLE2	12	ENSG00000176915	COMPLEX	complex_deletion_in_CDS	0.050672	6	1	1	1	1	1	1	1	1
ANKRD11	16	ENSG00000167522	DEL	canonical_CDS_exon_deletion	0.088935	18	1	1	1	1	1	1	1	1
ANKRD12	18	ENSG00000101745	DEL	canonical_CDS_exon_deletion	0.012927	2	1	1	0	1	1	1	1	1
ANKRD13B	17	ENSG00000198720	INS	insertion_in_CDS_exon	0.000517	0	0	0	0	0	0	0	0	0
ANKRD17	4	ENSG00000132466	DEL	canonical_CDS_exon_deletion	0.069287	9	1	1	1	1	1	1	1	1
ANKRD18A	9	ENSG00000180071	DEL	CDS_deletion_24%_of_canonical	0.016029	10	1	1	1	1	1	1	1	1
ANKRD24	19	ENSG00000089847	INS	insertion_in_CDS_exon	0.000517	0	0	0	0	0	0	0	0	0
ANKRD27	19	ENSG00000105186	DEL	CDS_deletion_17%_of_canonical	0.000517	0	0	0	0	0	1	0	0	0
ANKRD28	3	ENSG00000206560	INS	insertion_in_CDS_exon	0.002585	0	0	0	0	0	0	0	0	0
ANKRD30A	10	ENSG00000148513	COMPLEX	complex_deletion_in_CDS	0.255946	107	1	1	1	1	1	1	1	1
ANKRD30B	18	ENSG00000180777	COMPLEX	complex_deletion_in_CDS	0.301965	101	1	1	1	1	1	1	1	1
ANKRD30BL	2	ENSG00000163046	DEL	CDS_deletion_22%_of_canonical	0.000517	0	0	1	0	0	1	0	0	0
ANKRD31	5	ENSG00000145700	INS	insertion_in_CDS_exon	0.006205	1	0	0	0	0	0	0	0	0
ANKRD36	2	ENSG00000135976	DEL	canonical_CDS_exon_deletion	0.000517	0	0	0	0	0	1	0	0	1
ANKRD36B	2	ENSG00000196912	COMPLEX	complex_deletion_in_CDS	0.003619	0	0	0	1	0	1	0	0	0
ANKRD37	4	ENSG00000186352	COMPLEX	complex_deletion_in_CDS	0.000517	0	1	0	0	0	1	0	0	0
ANKRD42	11	ENSG00000137494	COMPLEX	complex_deletion_in_CDS	0.000517	0	0	0	1	0	1	0	0	0
ANKRD44	2	ENSG00000065413	DEL	canonical_CDS_exon_deletion	0.001034	0	0	0	0	0	1	0	0	1
ANKRD50	4	ENSG00000151458	COMPLEX	complex_deletion_in_CDS	0.039814	18	1	1	1	1	1	1	1	1
ANKRD52	12	ENSG00000139645	INS	insertion_in_CDS_exon	0.001551	0	0	0	0	0	0	0	0	0
ANKRD54	22	ENSG00000100124	DEL	canonical_CDS_exon_deletion	0.000517	0	0	0	0	0	1	0	0	0
ANKRD55	5	ENSG00000164512	DEL	canonical_CDS_exon_deletion	0.001034	0	0	0	1	0	1	0	0	1
ANKRD6	6	ENSG00000135299	DEL	canonical_CDS_exon_deletion	0.014995	0	1	1	0	0	1	1	0	1
ANKRD62	18	ENSG00000181626	COMPLEX	complex_deletion_in_CDS	0.245605	71	1	1	1	1	1	1	1	1
ANKS1A	6	ENSG00000064999	INS	insertion_in_CDS_exon	0.002068	0	0	0	0	0	0	0	0	0
ANKS1B	12	ENSG00000185046	DEL	canonical_CDS_exon_deletion	0.001034	0	0	0	1	0	1	0	0	0
ANO3	11	ENSG00000134343	DEL	canonical_CDS_exon_deletion	0.092554	12	1	1	1	1	1	1	1	1
ANO4	12	ENSG00000151572	DEL	canonical_CDS_exon_deletion	0.11789	56	1	1	1	1	1	1	1	1
ANO7	2	ENSG00000146205	COMPLEX	complex_deletion_in_CDS	0.001034	0	0	1	0	0	1	0	0	0
ANP32B	9	ENSG00000136938	COMPLEX	complex_deletion_in_CDS	0.024819	2	1	1	0	1	1	1	1	0
ANPEP	15	ENSG00000166825	DEL	canonical_CDS_exon_deletion	0.005688	0	1	1	0	1	1	0	0	1
ANTXR2	4	ENSG00000163297	DEL	canonical_CDS_exon_deletion	0.001034	1	0	0	1	0	1	0	1	0
ANXA11	10	ENSG00000122359	DEL	canonical_CDS_exon_deletion	0.010858	0	1	0	0	0	1	1	0	1
ANXA13	8	ENSG00000104537	INS	insertion_in_CDS_exon	0.005688	0	0	0	0	0	0	0	0	0
ANXA5	4	ENSG00000164111	COMPLEX	complex_deletion_in_CDS	0.002068	1	1	0	0	0	1	0	1	1
AOC3	17	ENSG00000131471	DEL	canonical_CDS_exon_deletion	0.001034	0	0	0	1	0	1	0	0	1
AOPEP	9	ENSG00000148120	DEL	canonical_CDS_exon_deletion	0.001034	0	0	0	1	1	1	0	0	0
AP1B1	22	ENSG00000100280	INS	insertion_in_CDS_exon	0.019131	0	0	0	0	0	0	0	0	0
AP1M1	19	ENSG00000072958	DEL	canonical_CDS_exon_deletion	0.134953	45	1	1	1	1	1	1	1	1
AP3B2	15	ENSG00000103723	DEL	canonical_CDS_exon_deletion	0.315408	157	1	1	1	1	1	1	1	1
AP3D1	19	ENSG00000065000	DEL	canonical_CDS_exon_deletion	0.190279	53	1	1	1	1	1	1	1	1
AP3S1	5	ENSG00000177879	DEL	CDS_deletion_12%_of_canonical	0.002585	0	0	0	1	0	1	0	0	0
AP3S2	15	ENSG00000157823	DEL	CDS_deletion_12%_of_canonical	0.09514	13	1	1	1	1	1	1	1	1
AP4E1	15	ENSG00000081014	DEL	canonical_CDS_exon_deletion	0.000517	0	1	0	0	0	1	0	0	0
APBA3	19	ENSG00000011132	INS	insertion_in_CDS_exon	0.006205	0	0	0	0	0	0	0	0	0
APC	5	ENSG00000134982	DEL	canonical_CDS_exon_deletion	0.000517	0	0	0	0	0	1	0	0	1
APC2	19	ENSG00000115266	DEL	canonical_CDS_exon_deletion	0.130817	73	1	1	1	1	1	1	1	1
APCDD1L	20	ENSG00000198768	DEL	CDS_deletion_51%_of_canonical	0.000517	0	0	0	0	0	1	0	0	1
APH1B	15	ENSG00000138613	DEL	CDS_deletion_22%_of_canonical	0.003619	0	1	1	1	1	1	0	0	0
API5	11	ENSG00000166181	DEL	canonical_CDS_exon_deletion	0.000517	0	1	0	1	0	1	0	0	1
APLP2	11	ENSG00000084234	DEL	canonical_CDS_exon_deletion	0.003619	0	0	0	1	1	1	0	0	1
APMAP	20	ENSG00000101474	COMPLEX	complex_deletion_in_CDS	0.003102	3	1	0	1	1	1	0	1	1
APOBEC3C	22	ENSG00000244509	DEL	CDS_deletion_28%_of_canonical	0.000517	0	0	1	0	0	1	0	0	0
APOBEC3D	22	ENSG00000243811	DEL	CDS_deletion_82%_of_canonical	0.000517	0	0	0	0	0	1	0	0	0
APOBEC3G	22	ENSG00000239713	INS	insertion_in_CDS_exon	0.038263	3	0	0	0	0	0	0	0	0
APOBR	16	ENSG00000184730	DEL	canonical_CDS_exon_deletion	0.000517	0	0	0	0	0	1	0	0	1
APOD	3	ENSG00000189058	DEL	CDS_deletion_22%_of_canonical	0.001034	0	1	0	0	0	1	0	0	0
APOL1	22	ENSG00000100342	COMPLEX	complex_deletion_in_CDS	0.001034	0	1	0	1	0	1	0	0	0
APPBP2	17	ENSG00000062725	DEL	canonical_CDS_exon_deletion	0.001034	0	1	0	0	0	1	0	0	1
APRT	16	ENSG00000198931	INS	insertion_in_CDS_exon	0.030507	0	0	0	0	0	0	0	0	0
AQP1	7	ENSG00000240583	INS	insertion_in_CDS_exon	0.014478	0	0	0	0	0	0	0	0	0
AQP12B	2	ENSG00000185176	DEL	CDS_deletion_21%_of_canonical	0.000517	0	0	0	0	0	1	0	0	1
AQP3	9	ENSG00000165272	DEL	canonical_CDS_exon_deletion	0.196484	153	1	1	1	1	1	1	1	1
AQP6	12	ENSG00000086159	INS	insertion_in_CDS_exon	0.001034	0	0	0	0	0	0	0	0	0
ARAP3	5	ENSG00000120318	DEL	CDS_deletion_15%_of_canonical	0.005171	1	1	0	0	0	1	0	1	1
ARCN1	11	ENSG00000095139	DEL	CDS_deletion_12%_of_canonical	0.000517	0	1	0	0	0	1	0	0	0
ARF1	1	ENSG00000143761	DEL	CDS_deletion_71%_of_canonical	0.000517	0	0	0	0	1	1	0	0	0
ARFGEF1	8	ENSG00000066777	COMPLEX	complex_deletion_in_CDS	0.103413	12	1	1	1	1	1	1	1	1
ARFGEF2	20	ENSG00000124198	DEL	canonical_CDS_exon_deletion	0.000517	0	1	0	0	0	1	0	0	0
ARG2	14	ENSG00000081181	INS	insertion_in_CDS_exon	0.000517	0	0	0	0	0	0	0	0	0
ARHGAP17	16	ENSG00000140750	DEL	CDS_deletion_18%_of_canonical	0.001034	0	1	1	0	1	1	0	0	0
ARHGAP23	17	ENSG00000275832	DEL	canonical_CDS_exon_deletion	0.000517	0	0	0	1	0	1	0	0	0
ARHGAP24	4	ENSG00000138639	INS	insertion_in_CDS_exon	0.000517	0	0	0	0	0	0	0	0	0
ARHGAP26	5	ENSG00000145819	DEL	canonical_CDS_exon_deletion	0.003102	1	1	0	1	0	1	0	1	0
ARHGAP27	17	ENSG00000159314	DEL	CDS_deletion_25%_of_canonical	0.001034	1	0	0	0	0	1	0	1	0
ARHGAP28	18	ENSG00000088756	DEL	canonical_CDS_exon_deletion	0.001034	0	1	1	0	0	1	0	0	0
ARHGAP29	1	ENSG00000137962	DEL	canonical_CDS_exon_deletion	0.000517	0	1	0	0	0	1	0	0	0
ARHGAP31	3	ENSG00000031081	COMPLEX	complex_deletion_in_CDS	0.001551	1	0	0	0	0	1	0	1	1
ARHGAP32	11	ENSG00000134909	DEL	canonical_CDS_exon_deletion	0.001034	0	1	0	0	1	1	0	0	0
ARHGAP39	8	ENSG00000147799	INS	insertion_in_CDS_exon	0.785419	612	0	0	0	0	0	0	0	0
ARHGAP40	20	ENSG00000124143	DEL	canonical_CDS_exon_deletion	0.001551	0	1	0	0	0	1	0	0	0
ARHGAP42	11	ENSG00000165895	DEL	canonical_CDS_exon_deletion	0.003102	0	1	0	0	0	1	0	0	0
ARHGAP45	19	ENSG00000180448	DEL	canonical_CDS_exon_deletion	0.003102	0	1	0	1	0	1	0	0	1
ARHGAP8	22	ENSG00000241484	DEL	canonical_CDS_exon_deletion	0.557394	344	1	1	1	1	1	1	1	1
ARHGAP9	12	ENSG00000123329	DEL	canonical_CDS_exon_deletion	0.017063	9	1	0	1	1	1	1	1	1
ARHGEF10	8	ENSG00000104728	DEL	canonical_CDS_exon_deletion	0.661841	427	1	1	1	1	1	1	1	1
ARHGEF18	19	ENSG00000104880	DEL	canonical_CDS_exon_deletion	0.097208	14	1	1	1	1	1	1	1	1
ARHGEF26	3	ENSG00000114790	DEL	canonical_CDS_exon_deletion	0.391934	149	1	1	1	1	1	1	1	1
ARHGEF28	5	ENSG00000214944	DEL	canonical_CDS_exon_deletion	0.001034	0	1	0	0	0	1	0	0	0
ARHGEF3	3	ENSG00000163947	DEL	canonical_CDS_exon_deletion	0.000517	0	1	0	0	1	1	0	0	0
ARHGEF40	14	ENSG00000165801	INS	insertion_in_CDS_exon	0.000517	0	0	0	0	0	0	0	0	0
ARHGEF5	7	ENSG00000050327	DEL	canonical_CDS_exon_deletion	0.002585	0	1	0	1	0	1	0	0	0
ARID1A	1	ENSG00000117713	DEL	canonical_CDS_exon_deletion	0.000517	0	0	0	0	0	1	0	0	1
ARID2	12	ENSG00000189079	INS	insertion_in_CDS_exon	0.000517	0	0	0	0	0	0	0	0	0
ARIH1	15	ENSG00000166233	DEL	canonical_CDS_exon_deletion	0.33971	167	1	1	1	1	1	1	1	1
ARL14EPL	5	ENSG00000268223	DEL	CDS_deletion_48%_of_canonical	0.000517	0	0	0	0	1	1	0	0	0
ARL17B	17	ENSG00000228696	DEL	CDS_deletion_19%_of_canonical	0.001551	0	0	1	1	1	1	0	0	0
ARL6	3	ENSG00000113966	DEL	CDS_deletion_22%_of_canonical	0.001551	0	0	0	1	0	1	0	0	0
ARMC1	8	ENSG00000104442	DEL	CDS_deletion_14%_of_canonical	0.093588	24	1	1	0	1	1	1	1	1
ARMC2	6	ENSG00000118690	DEL	canonical_CDS_exon_deletion	0.000517	0	0	1	0	0	1	0	0	0
ARMC9	2	ENSG00000135931	DEL	canonical_CDS_exon_deletion	0.001034	0	0	1	0	1	1	0	0	0
ARNT2	15	ENSG00000172379	DEL	canonical_CDS_exon_deletion	0.000517	0	0	0	0	1	1	0	0	0
ARPC1B	7	ENSG00000130429	INS	insertion_in_CDS_exon	0.002068	0	0	0	0	0	0	0	0	0
ARPC4-TTLL3	3	ENSG00000250151	DEL	canonical_CDS_exon_deletion	0.005688	0	1	1	1	0	1	0	0	0
ARSG	17	ENSG00000141337	DEL	CDS_deletion_12%_of_canonical	0.000517	0	0	1	0	0	1	0	0	0
ARSI	5	ENSG00000183876	INS	insertion_in_CDS_exon	0.000517	0	0	0	0	0	0	0	0	0
ART3	4	ENSG00000156219	DEL	canonical_CDS_exon_deletion	0.000517	0	0	0	0	1	1	0	0	0
ARVCF	22	ENSG00000099889	INS	insertion_in_CDS_exon	0.000517	0	0	0	0	0	0	0	0	0
AS3MT	10	ENSG00000214435	COMPLEX	complex_over_CDS	0.000517	0	0	0	0	0	0	0	0	0
ASAP1	8	ENSG00000153317	DEL	canonical_CDS_exon_deletion	0.000517	0	0	0	0	0	1	0	0	1
ASAP3	1	ENSG00000088280	DEL	canonical_CDS_exon_deletion	0.000517	0	0	0	0	0	1	0	0	1
ASB10	7	ENSG00000146926	DEL	canonical_CDS_exon_deletion	0.000517	0	1	0	0	0	1	0	0	0
ASB16	17	ENSG00000161664	DEL	CDS_deletion_22%_of_canonical	0.01758	2	1	1	1	1	1	1	1	1
ASB2	14	ENSG00000100628	DEL	canonical_CDS_exon_deletion	0.011893	1	0	1	0	1	1	1	1	1
ASGR1	17	ENSG00000141505	DEL	canonical_CDS_exon_deletion	0.000517	0	0	0	0	0	1	0	0	1
ASIC2	17	ENSG00000108684	COMPLEX	complex_deletion_in_CDS	0.000517	0	0	0	0	0	1	0	0	1
ASL	7	ENSG00000126522	DEL	canonical_CDS_exon_deletion	0.000517	0	0	0	0	0	1	0	0	1
ASMT	X	ENSG00000196433	DEL	canonical_CDS_exon_deletion	0.463806	218	1	1	1	1	1	1	1	1
ASPDH	19	ENSG00000204653	COMPLEX	complex_over_CDS	0.009307	9	0	0	0	0	0	0	0	0
ASPHD1	16	ENSG00000174939	COMPLEX	complex_deletion_in_CDS	0.005171	2	1	1	1	1	1	0	1	1
ASPM	1	ENSG00000066279	INS	insertion_in_CDS_exon	0.000517	0	0	0	0	0	0	0	0	0
ASRGL1	11	ENSG00000162174	DEL	canonical_CDS_exon_deletion	0.001034	0	1	0	0	0	1	0	0	0
ASTN1	1	ENSG00000152092	DEL	canonical_CDS_exon_deletion	0.613237	361	1	1	1	1	1	1	1	1
ASTN2	9	ENSG00000148219	DEL	canonical_CDS_exon_deletion	0.009824	0	0	1	0	1	1	0	0	1
ASXL3	18	ENSG00000141431	DEL	CDS_deletion_15%_of_canonical	0.000517	0	0	1	0	0	1	0	0	0
ATAD3A	1	ENSG00000197785	DEL	canonical_CDS_exon_deletion	0.002585	2	1	0	0	0	1	0	1	0
ATAD3B	1	ENSG00000160072	INS	insertion_in_CDS_exon	0.001034	0	0	0	0	0	0	0	0	0
ATCAY	19	ENSG00000167654	DEL	canonical_CDS_exon_deletion	0.003102	1	0	0	0	1	1	0	1	1
ATE1	10	ENSG00000107669	DEL	CDS_deletion_27%_of_canonical	0.040331	12	1	1	0	1	1	1	1	1
ATF4	22	ENSG00000128272	COMPLEX	complex_deletion_in_CDS	0.000517	0	0	1	0	0	1	0	0	0
ATF6	1	ENSG00000118217	COMPLEX	complex_over_CDS	0.001551	0	0	0	0	0	0	0	0	0
ATF7IP	12	ENSG00000171681	DEL	canonical_CDS_exon_deletion	0.002068	0	1	0	0	1	1	0	0	1
ATG2B	14	ENSG00000066739	DEL	canonical_CDS_exon_deletion	0.006722	1	1	1	0	0	1	0	1	0
ATG7	3	ENSG00000197548	DEL	canonical_CDS_exon_deletion	0.031541	5	1	1	0	1	1	1	1	1
ATG9B	7	ENSG00000181652	DEL	canonical_CDS_exon_deletion	0.000517	0	0	0	1	0	1	0	0	0
ATIC	2	ENSG00000138363	DEL	CDS_deletion_15%_of_canonical	0.430196	254	1	1	1	1	1	1	1	1
ATN1	12	ENSG00000111676	COMPLEX	complex_over_CDS	0.028438	3	0	0	0	0	0	0	0	0
ATP10B	5	ENSG00000118322	DEL	CDS_deletion_14%_of_canonical	0.000517	0	0	0	1	1	1	0	0	0
ATP10D	4	ENSG00000145246	DEL	canonical_CDS_exon_deletion	0.000517	0	0	1	0	0	1	0	0	0
ATP11A	13	ENSG00000068650	DEL	canonical_CDS_exon_deletion	0.462254	217	1	1	1	1	1	1	1	1
ATP11B	3	ENSG00000058063	COMPLEX	complex_deletion_in_CDS	0.824199	694	1	1	1	1	1	1	1	1
ATP13A1	19	ENSG00000105726	DEL	canonical_CDS_exon_deletion	0.003102	0	1	0	0	1	1	0	0	1
ATP13A4	3	ENSG00000127249	INS	insertion_in_CDS_exon	0.006722	0	0	0	0	0	0	0	0	0
ATP1A4	1	ENSG00000132681	DEL	canonical_CDS_exon_deletion	0.005171	0	1	1	0	1	1	0	0	1
ATP1B3	3	ENSG00000069849	DEL	CDS_deletion_22%_of_canonical	0.001034	1	0	0	1	0	1	0	1	0
ATP2A1	16	ENSG00000196296	COMPLEX	complex_over_CDS	0.218201	146	0	0	0	0	0	0	0	0
ATP2B2	3	ENSG00000157087	DEL	canonical_CDS_exon_deletion	0.009824	0	1	1	1	1	1	0	1	1
ATP2C2	16	ENSG00000064270	DEL	canonical_CDS_exon_deletion	0.285419	98	1	1	1	1	1	1	1	1
ATP4A	19	ENSG00000105675	DEL	canonical_CDS_exon_deletion	0.005171	0	0	0	0	0	1	0	0	1
ATP5F1C	10	ENSG00000165629	DEL	CDS_deletion_46%_of_canonical	0.000517	0	0	0	0	1	1	0	0	0
ATP5PO	21	ENSG00000241837	DEL	CDS_deletion_14%_of_canonical	0.000517	0	0	0	1	0	1	0	0	0
ATP6V0A2	12	ENSG00000185344	DEL	canonical_CDS_exon_deletion	0.258014	74	1	1	1	1	1	1	1	1
ATP6V0C	16	ENSG00000185883	COMPLEX	complex_deletion_in_CDS	0.001551	1	1	1	1	0	1	0	1	0
ATP6V1A	3	ENSG00000114573	DEL	CDS_deletion_16%_of_canonical	0.004136	0	0	1	1	1	1	0	0	0
ATP6V1B2	8	ENSG00000147416	COMPLEX	complex_deletion_in_CDS	0.000517	0	0	0	1	0	1	0	0	0
ATP6V1E1	22	ENSG00000131100	DEL	canonical_CDS_exon_deletion	0.000517	0	0	0	0	0	1	0	0	0
ATP6V1G1	9	ENSG00000136888	INS	insertion_in_CDS_exon	0.010858	1	0	0	0	0	0	0	0	0
ATP8A1	4	ENSG00000124406	DEL	canonical_CDS_exon_deletion	0.002068	0	0	1	1	0	1	0	0	1
ATP8B3	19	ENSG00000130270	DEL	canonical_CDS_exon_deletion	0.000517	0	0	0	0	0	1	0	0	1
ATP9B	18	ENSG00000166377	DEL	canonical_CDS_exon_deletion	0.000517	0	0	0	0	0	1	0	0	1
ATPAF1	1	ENSG00000123472	COMPLEX	complex_over_CDS	0.154085	66	0	0	0	0	0	0	0	0
ATPAF2	17	ENSG00000171953	DEL	canonical_CDS_exon_deletion	0.001034	0	1	0	0	0	1	0	0	0
ATR	3	ENSG00000175054	INS	insertion_in_CDS_exon	0.000517	0	0	0	0	0	0	0	0	0
ATRN	20	ENSG00000088812	DEL	canonical_CDS_exon_deletion	0.000517	0	1	0	0	0	1	0	0	0
ATXN2	12	ENSG00000204842	DEL	canonical_CDS_exon_deletion	0.001551	1	0	1	0	1	1	0	1	0
ATXN2L	16	ENSG00000168488	COMPLEX	complex_deletion_in_CDS	0.469493	257	1	1	1	1	1	1	1	1
AVL9	7	ENSG00000105778	DEL	CDS_deletion_12%_of_canonical	0.000517	0	0	0	0	1	1	0	0	0
AVP	20	ENSG00000101200	COMPLEX	complex_deletion_in_CDS	0.015512	12	1	0	1	1	1	1	1	1
AVPI1	10	ENSG00000119986	DEL	CDS_deletion_42%_of_canonical	0.001034	0	0	0	1	0	1	0	0	1
AXIN2	17	ENSG00000168646	DEL	canonical_CDS_exon_deletion	0.002068	0	0	0	0	0	1	0	0	1
AXL	19	ENSG00000167601	DEL	CDS_deletion_13%_of_canonical	0.002068	0	1	0	0	0	1	0	0	0
AZGP1	7	ENSG00000160862	DEL	CDS_deletion_62%_of_canonical	0.000517	0	0	0	0	1	1	0	0	0
AZU1	19	ENSG00000172232	DEL	canonical_CDS_exon_deletion	0.008273	0	0	1	1	1	1	0	0	1
B3GLCT	13	ENSG00000187676	DEL	canonical_CDS_exon_deletion	0.001551	0	0	1	0	0	1	0	0	0
B3GNT4	12	ENSG00000176383	INS	insertion_in_CDS_exon	0.004136	0	0	0	0	0	0	0	0	0
B4GALNT4	11	ENSG00000182272	INS	insertion_in_CDS_exon	0.014478	0	0	0	0	0	0	0	0	0
B4GALT2	1	ENSG00000117411	DEL	CDS_deletion_38%_of_canonical	0.000517	0	1	0	0	0	1	0	0	0
B4GALT4	3	ENSG00000121578	DEL	CDS_deletion_35%_of_canonical	0.003102	2	1	1	0	0	1	0	1	0
BABAM1	19	ENSG00000105393	DEL	CDS_deletion_19%_of_canonical	0.001034	0	0	0	1	0	1	0	0	0
BAD	11	ENSG00000002330	DEL	CDS_deletion_25%_of_canonical	0.001551	1	1	0	0	0	1	0	1	1
BAG1	9	ENSG00000107262	DEL	canonical_CDS_exon_deletion	0.001034	0	0	1	0	1	1	0	0	0
BAIAP3	16	ENSG00000007516	DEL	canonical_CDS_exon_deletion	0.007239	0	1	0	0	0	1	0	0	0
BANP	16	ENSG00000172530	DEL	canonical_CDS_exon_deletion	0.001034	0	1	1	0	0	1	0	0	0
BATF3	1	ENSG00000123685	DEL	CDS_deletion_49%_of_canonical	0.001551	0	0	0	0	0	1	0	0	1
BAZ1A	14	ENSG00000198604	DEL	canonical_CDS_exon_deletion	0.002585	0	1	0	0	0	1	0	0	0
BAZ1B	7	ENSG00000009954	DEL	canonical_CDS_exon_deletion	0.005171	1	1	1	1	1	1	0	1	1
BAZ2B	2	ENSG00000123636	DEL	CDS_deletion_11%_of_canonical	0.037746	11	1	1	1	1	1	1	1	1
BBC3	19	ENSG00000105327	COMPLEX	complex_deletion_in_CDS	0.002068	0	1	0	0	0	1	0	0	0
BBS12	4	ENSG00000181004	COMPLEX	complex_deletion_in_CDS	0.00879	0	1	0	0	0	1	0	0	0
BCAM	19	ENSG00000187244	DEL	canonical_CDS_exon_deletion	0.036711	6	1	1	1	1	1	1	1	0
BCAN	1	ENSG00000132692	DEL	canonical_CDS_exon_deletion	0.001034	0	0	0	1	0	1	0	0	0
BCAS2	1	ENSG00000116752	DEL	canonical_CDS_exon_deletion	0.000517	0	0	0	0	0	1	0	0	1
BCAS3	17	ENSG00000141376	DEL	canonical_CDS_exon_deletion	0.001034	0	1	1	0	0	1	0	0	0
BCL2A1	15	ENSG00000140379	DEL	CDS_deletion_80%_of_canonical	0.004654	1	1	1	1	0	1	0	1	0
BCL3	19	ENSG00000069399	DEL	CDS_deletion_12%_of_canonical	0.004654	0	1	1	0	1	1	0	1	1
BCL9	1	ENSG00000116128	DEL	CDS_deletion_29%_of_canonical	0.001551	0	1	1	0	0	1	0	0	0
BCO1	16	ENSG00000135697	DEL	CDS_deletion_16%_of_canonical	0.001034	0	0	0	0	1	1	0	0	1
BDNF	11	ENSG00000176697	DEL	canonical_CDS_exon_deletion	0.442089	204	1	1	1	1	1	1	1	1
BEAN1	16	ENSG00000166546	COMPLEX	complex_over_CDS	0.792658	709	0	0	0	0	0	0	0	0
BFSP2	3	ENSG00000170819	DEL	canonical_CDS_exon_deletion	0.010341	0	0	1	0	0	1	1	0	0
BICC1	10	ENSG00000122870	DEL	CDS_deletion_66%_of_canonical	0.001034	1	0	0	1	0	1	0	1	0
BICD1	12	ENSG00000151746	DEL	canonical_CDS_exon_deletion	0.000517	0	0	0	1	0	1	0	0	0
BICRA	19	ENSG00000063169	DEL	CDS_deletion_19%_of_canonical	0.000517	0	1	0	0	0	1	0	0	0
BIK	22	ENSG00000100290	INS	insertion_in_CDS_exon	0.000517	0	0	0	0	0	0	0	0	0
BIN2	12	ENSG00000110934	DEL	canonical_CDS_exon_deletion	0.001034	1	0	0	1	0	1	0	1	0
BIN3	8	ENSG00000147439	DEL	CDS_deletion_19%_of_canonical	0.001034	0	0	1	0	1	1	0	0	0
BIRC6	2	ENSG00000115760	INS	insertion_in_CDS_exon	0.000517	0	0	0	0	0	0	0	0	0
BIVM-ERCC5	13	ENSG00000270181	COMPLEX	complex_deletion_in_CDS	0.012927	0	1	0	1	0	1	1	0	0
BLK	8	ENSG00000136573	DEL	CDS_deletion_49%_of_canonical	0.002585	1	1	1	0	0	1	0	1	1
BLM	15	ENSG00000197299	DEL	canonical_CDS_exon_deletion	0.002068	0	1	1	0	1	1	0	0	0
BLMH	17	ENSG00000108578	DEL	CDS_deletion_17%_of_canonical	0.000517	0	0	0	0	0	1	0	0	0
BLNK	10	ENSG00000095585	DEL	canonical_CDS_exon_deletion	0.018614	1	1	1	0	0	1	1	1	0
BLTP1	4	ENSG00000138688	COMPLEX	complex_deletion_in_CDS	0.001551	1	1	0	1	0	1	0	1	0
BLTP2	17	ENSG00000007202	DEL	CDS_deletion_38%_of_canonical	0.004136	3	1	0	0	1	1	0	1	1
BLTP3A	6	ENSG00000065060	COMPLEX	complex_deletion_in_CDS	0.001034	1	1	0	0	0	1	0	1	0
BLTP3B	12	ENSG00000111647	COMPLEX	complex_over_CDS	0.001034	0	0	0	0	0	0	0	0	0
BLVRA	7	ENSG00000106605	COMPLEX	complex_deletion_in_CDS	0.000517	0	1	0	0	0	1	0	0	0
BMAL2	12	ENSG00000029153	DEL	CDS_deletion_13%_of_canonical	0.050672	8	1	1	1	1	1	1	1	1
BMERB1	16	ENSG00000166780	COMPLEX	complex_deletion_in_CDS	0.000517	0	0	0	1	0	1	0	0	0
BMI1	10	ENSG00000168283	INS	insertion_in_CDS_exon	0.000517	0	0	0	0	0	0	0	0	0
BMP1	8	ENSG00000168487	DEL	canonical_CDS_exon_deletion	0.001034	0	0	0	1	0	1	0	0	0
BMP2K	4	ENSG00000138756	DEL	canonical_CDS_exon_deletion	0.001034	1	0	0	1	0	1	0	1	0
BMP5	6	ENSG00000112175	DEL	CDS_deletion_14%_of_canonical	0.019648	6	1	1	1	1	1	1	1	1
BMP7	20	ENSG00000101144	DEL	CDS_deletion_19%_of_canonical	0.005688	0	1	0	0	0	1	0	0	0
BMPR1A	10	ENSG00000107779	DEL	CDS_deletion_27%_of_canonical	0.000517	0	1	0	0	0	1	0	0	0
BNC1	15	ENSG00000169594	DEL	canonical_CDS_exon_deletion	0.232678	64	1	1	1	1	1	1	1	1
BOC	3	ENSG00000144857	COMPLEX	complex_deletion_in_CDS	0.003619	1	1	0	0	0	1	0	1	1
BOD1	5	ENSG00000145919	DEL	CDS_deletion_35%_of_canonical	0.014995	2	0	0	1	0	1	1	1	1
BOD1L1	4	ENSG00000038219	COMPLEX	complex_deletion_in_CDS	0.002585	0	0	1	0	1	1	0	0	0
BOLA1	1	ENSG00000178096	DEL	whole_gene_CDS_deletion	0.001034	1	0	0	1	0	1	0	1	0
BOLA2-SMG1P6	16	ENSG00000261740	DEL	CDS_deletion_39%_of_canonical	0.001034	0	0	0	0	1	1	0	0	1
BOP1	8	ENSG00000261236	COMPLEX	complex_deletion_in_CDS	0.009307	4	1	1	1	0	1	0	1	1
BORA	13	ENSG00000136122	COMPLEX	complex_deletion_in_CDS	0.000517	0	0	1	0	0	1	0	0	0
BORCS6	17	ENSG00000196544	DEL	CDS_deletion_21%_of_canonical	0.000517	0	0	0	1	0	1	0	0	0
BPI	20	ENSG00000101425	DEL	canonical_CDS_exon_deletion	0.000517	0	1	0	0	0	1	0	0	0
BPIFA2	20	ENSG00000131050	COMPLEX	complex_deletion_in_CDS	0.003102	1	1	0	0	1	1	0	1	0
BPIFB2	20	ENSG00000078898	DEL	canonical_CDS_exon_deletion	0.000517	0	1	0	0	0	1	0	0	0
BPIFC	22	ENSG00000184459	INS	insertion_in_CDS_exon	0.007239	0	0	0	0	0	0	0	0	0
BPTF	17	ENSG00000171634	DEL	CDS_deletion_28%_of_canonical	0.000517	0	0	0	1	0	1	0	0	0
BRAT1	7	ENSG00000106009	DEL	CDS_deletion_19%_of_canonical	0.002585	0	0	0	1	0	1	0	0	1
BRCA2	13	ENSG00000139618	COMPLEX	complex_deletion_in_CDS	0.000517	0	0	0	1	0	1	0	0	0
BRD1	22	ENSG00000100425	COMPLEX	complex_deletion_in_CDS	0.006722	2	1	1	0	1	1	0	1	0
BRD2	6	ENSG00000204256	COMPLEX	complex_deletion_in_CDS	0.244571	72	1	1	1	1	1	1	1	1
BRD9	5	ENSG00000028310	COMPLEX	complex_deletion_in_CDS	0.17787	142	1	1	1	1	1	1	1	1
BRDT	1	ENSG00000137948	COMPLEX	complex_deletion_in_CDS	0.010858	4	1	1	0	0	1	1	1	1
BRIP1	17	ENSG00000136492	INS	insertion_in_CDS_exon	0.111169	45	0	0	0	0	0	0	0	0
BRMS1L	14	ENSG00000100916	DEL	canonical_CDS_exon_deletion	0.004654	1	0	0	0	0	1	0	1	1
BSCL2	11	ENSG00000168000	COMPLEX	complex_deletion_in_CDS	0.004136	3	1	1	1	0	1	0	1	1
BTAF1	10	ENSG00000095564	DEL	canonical_CDS_exon_deletion	0.003102	0	1	0	0	0	1	0	0	0
BTBD18	11	ENSG00000233436	INS	insertion_in_CDS_exon	0.001034	0	0	0	0	0	0	0	0	0
BTBD2	19	ENSG00000133243	DEL	canonical_CDS_exon_deletion	0.001034	0	0	0	1	0	1	0	0	0
BTBD3	20	ENSG00000132640	COMPLEX	complex_over_CDS	0.004136	4	0	0	0	0	0	0	0	0
BTBD8	1	ENSG00000189195	DEL	canonical_CDS_exon_deletion	0.002068	0	1	0	1	0	1	0	0	0
BTBD9	6	ENSG00000183826	COMPLEX	complex_deletion_in_CDS	0.008273	2	1	1	0	0	1	0	1	1
BTG4	11	ENSG00000137707	DEL	canonical_CDS_exon_deletion	0.002068	0	1	1	1	0	1	0	0	0
BTRC	10	ENSG00000166167	COMPLEX	complex_deletion_in_CDS	0.763702	563	1	1	1	1	1	1	1	1
C12ORF54	12	ENSG00000177627	COMPLEX	complex_deletion_in_CDS	0.042916	6	1	1	1	1	1	1	1	1
C15ORF39	15	ENSG00000167173	COMPLEX	complex_deletion_in_CDS	0.000517	0	0	0	1	0	1	0	0	0
C16ORF86	16	ENSG00000159761	DEL	CDS_deletion_88%_of_canonical	0.001034	0	0	0	0	1	1	0	0	0
C17ORF100	17	ENSG00000256806	COMPLEX	complex_over_CDS	0.018097	0	0	0	0	0	0	0	0	0
C17ORF99	17	ENSG00000187997	DEL	CDS_deletion_69%_of_canonical	0.007756	1	1	1	1	1	1	0	1	1
C18ORF54	18	ENSG00000166845	DEL	canonical_CDS_exon_deletion	0.002585	0	1	0	0	0	1	0	0	0
C19ORF25	19	ENSG00000119559	DEL	CDS_deletion_100%_of_canonical	0.001034	0	0	1	1	0	1	0	0	0
C19ORF73	19	ENSG00000221916	DEL	CDS_deletion_39%_of_canonical	0.002068	0	0	1	1	0	1	0	0	0
C1ORF105	1	ENSG00000180999	DEL	CDS_deletion_26%_of_canonical	0.000517	0	0	0	0	1	1	0	0	0
C1ORF112	1	ENSG00000000460	DEL	canonical_CDS_exon_deletion	0.001551	0	0	1	0	1	1	0	0	1
C1ORF116	1	ENSG00000182795	DEL	CDS_deletion_14%_of_canonical	0.000517	0	0	0	0	0	1	0	0	0
C1ORF159	1	ENSG00000131591	DEL	canonical_CDS_exon_deletion	0.004136	0	1	0	1	0	1	0	0	1
C1ORF226	1	ENSG00000239887	COMPLEX	complex_over_CDS	0.951396	879	0	0	0	0	0	0	0	0
C1QTNF1	17	ENSG00000173918	DEL	canonical_CDS_exon_deletion	0.000517	0	0	0	1	0	1	0	0	0
C1QTNF9	13	ENSG00000240654	DEL	CDS_deletion_17%_of_canonical	0.000517	0	0	0	0	1	1	0	0	0
C1R	12	ENSG00000159403	DEL	canonical_CDS_exon_deletion	0.002068	0	1	1	0	1	1	0	1	0
C1RL	12	ENSG00000139178	DEL	canonical_CDS_exon_deletion	0.773526	659	1	1	1	1	1	1	1	1
C1S	12	ENSG00000182326	DEL	canonical_CDS_exon_deletion	0.000517	0	0	0	1	0	1	0	0	0
C22ORF23	22	ENSG00000128346	DEL	CDS_deletion_20%_of_canonical	0.87849	743	1	1	1	1	1	1	1	1
C2CD2	21	ENSG00000157617	DEL	CDS_deletion_14%_of_canonical	0.623061	375	1	1	1	1	1	1	1	1
C2CD2L	11	ENSG00000172375	INS	insertion_in_CDS_exon	0.000517	0	0	0	0	0	0	0	0	0
C2CD3	11	ENSG00000168014	COMPLEX	complex_deletion_in_CDS	0.002068	0	1	1	1	0	1	0	0	1
C2CD4B	15	ENSG00000205502	INS	insertion_in_CDS_exon	0.000517	0	0	0	0	0	0	0	0	0
C2CD4C	19	ENSG00000183186	COMPLEX	complex_deletion_in_CDS	0.811789	665	1	1	1	1	1	1	1	1
C2CD6	2	ENSG00000155754	DEL	canonical_CDS_exon_deletion	0.003619	0	0	1	1	0	1	0	0	1
C2ORF16	2	ENSG00000221843	DEL	canonical_CDS_exon_deletion	0.373837	150	1	1	1	1	1	1	1	1
C2ORF42	2	ENSG00000115998	DEL	canonical_CDS_exon_deletion	0.001551	0	0	1	1	0	1	0	0	1
C2ORF92	2	ENSG00000228486	DEL	CDS_deletion_35%_of_canonical	0.001034	0	0	0	1	0	1	0	0	0
C3	19	ENSG00000125730	DEL	canonical_CDS_exon_deletion	0.001034	0	0	0	1	1	1	0	0	0
C3AR1	12	ENSG00000171860	INS	insertion_in_CDS_exon	0.013444	0	0	0	0	0	0	0	0	0
C3ORF33	3	ENSG00000174928	DEL	CDS_deletion_17%_of_canonical	0.002585	0	1	0	0	0	1	0	0	0
C3ORF52	3	ENSG00000114529	DEL	CDS_deletion_20%_of_canonical	0.000517	0	0	1	0	0	1	0	0	0
C4BPB	1	ENSG00000123843	DEL	CDS_deletion_47%_of_canonical	0.001551	1	1	0	0	0	1	0	1	0
C4ORF3	4	ENSG00000164096	DEL	CDS_deletion_100%_of_canonical	0.000517	0	0	0	0	1	1	0	0	0
C4ORF50	4	ENSG00000181215	DEL	CDS_deletion_12%_of_canonical	0.772492	635	1	1	1	1	1	1	1	1
C4ORF54	4	ENSG00000248713	DEL	canonical_CDS_exon_deletion	0.001034	0	0	1	0	0	1	0	0	0
C5ORF34	5	ENSG00000172244	DEL	CDS_deletion_22%_of_canonical	0.006205	1	1	1	0	0	1	0	1	1
C5ORF47	5	ENSG00000185056	DEL	canonical_CDS_exon_deletion	0.001034	0	0	0	1	0	1	0	0	0
C6ORF132	6	ENSG00000188112	COMPLEX	complex_over_CDS	0.046536	4	0	0	0	0	0	0	0	0
C6ORF136	6	ENSG00000204564	DEL	CDS_deletion_14%_of_canonical	0.75181	576	1	1	1	1	1	1	1	1
C6ORF15	6	ENSG00000204542	INS	insertion_in_CDS_exon	0.110134	10	0	0	0	0	0	0	0	0
C6ORF89	6	ENSG00000198663	DEL	CDS_deletion_18%_of_canonical	0.000517	0	0	0	1	0	1	0	0	0
C7ORF31	7	ENSG00000153790	INS	insertion_in_CDS_exon	0.000517	0	0	0	0	0	0	0	0	0
C8ORF34	8	ENSG00000165084	DEL	canonical_CDS_exon_deletion	0.000517	0	0	1	0	0	1	0	0	0
C8ORF76	8	ENSG00000189376	COMPLEX	complex_over_CDS	0.613237	400	0	0	0	0	0	0	0	0
C8ORF82	8	ENSG00000213563	DEL	CDS_deletion_21%_of_canonical	0.000517	0	0	0	1	0	1	0	0	0
C9	5	ENSG00000113600	DEL	CDS_deletion_32%_of_canonical	0.001034	1	0	0	0	1	1	0	1	0
C9ORF152	9	ENSG00000188959	COMPLEX	complex_deletion_in_CDS	0.003102	0	1	0	0	1	1	0	0	0
C9ORF24	9	ENSG00000164972	DEL	CDS_deletion_17%_of_canonical	0.001551	1	1	0	0	0	1	0	1	0
CA10	17	ENSG00000154975	COMPLEX	complex_over_CDS	0.018614	0	0	0	0	0	0	0	0	0
CA11	19	ENSG00000063180	DEL	CDS_deletion_52%_of_canonical	0.007239	0	0	1	0	1	1	0	0	1
CA4	17	ENSG00000167434	DEL	canonical_CDS_exon_deletion	0.098242	26	1	1	1	1	1	1	1	1
CAB39	2	ENSG00000135932	DEL	CDS_deletion_39%_of_canonical	0.001034	1	1	0	0	0	1	0	1	0
CAB39L	13	ENSG00000102547	INS	insertion_in_CDS_exon	0.000517	0	0	0	0	0	0	0	0	0
CABIN1	22	ENSG00000099991	DEL	canonical_CDS_exon_deletion	0.394002	155	1	1	1	1	1	1	1	1
CABLES1	18	ENSG00000134508	DEL	CDS_deletion_33%_of_canonical	0.007239	0	1	1	0	0	1	0	0	0
CACNA1A	19	ENSG00000141837	COMPLEX	complex_deletion_in_CDS	0.002068	2	0	0	1	0	1	0	1	0
CACNA1C	12	ENSG00000151067	DEL	canonical_CDS_exon_deletion	0.002068	0	1	0	1	0	1	0	0	0
CACNA1E	1	ENSG00000198216	INS	insertion_in_CDS_exon	0.000517	0	0	0	0	0	0	0	0	0
CACNA1H	16	ENSG00000196557	DEL	canonical_CDS_exon_deletion	0.494829	244	1	1	1	1	1	1	1	1
CACNA2D1	7	ENSG00000153956	DEL	canonical_CDS_exon_deletion	0.003102	0	0	0	0	0	1	0	0	1
CACNA2D3	3	ENSG00000157445	DEL	canonical_CDS_exon_deletion	0.000517	0	1	0	0	0	1	0	0	0
CACNA2D4	12	ENSG00000151062	DEL	canonical_CDS_exon_deletion	0.025853	3	1	1	0	0	1	1	1	1
CACNB2	10	ENSG00000165995	DEL	canonical_CDS_exon_deletion	0.89607	788	1	1	1	1	1	1	1	1
CACNG5	17	ENSG00000075429	DEL	CDS_deletion_66%_of_canonical	0.000517	0	0	0	1	0	1	0	0	0
CACNG6	19	ENSG00000130433	INS	insertion_in_CDS_exon	0.699069	496	0	0	0	0	0	0	0	0
CACNG7	19	ENSG00000105605	COMPLEX	complex_over_CDS	0.000517	0	0	0	0	0	0	0	0	0
CAD	2	ENSG00000084774	DEL	CDS_deletion_15%_of_canonical	0.000517	0	1	0	0	0	1	0	0	0
CADM2	3	ENSG00000175161	DEL	canonical_CDS_exon_deletion	0.526887	295	1	1	1	1	1	1	1	1
CADM3	1	ENSG00000162706	DEL	canonical_CDS_exon_deletion	0.000517	0	1	0	0	0	1	0	0	0
CADPS	3	ENSG00000163618	DEL	canonical_CDS_exon_deletion	0.001551	1	1	0	0	0	1	0	1	0
CADPS2	7	ENSG00000081803	DEL	canonical_CDS_exon_deletion	0.002585	2	1	0	0	1	1	0	1	1
CALCOCO2	17	ENSG00000136436	INS	insertion_in_CDS_exon	0.001034	1	0	0	0	0	0	0	0	0
CALHM6	6	ENSG00000188820	DEL	canonical_CDS_exon_deletion	0.000517	0	0	0	0	0	1	0	0	0
CALR	19	ENSG00000179218	COMPLEX	complex_deletion_in_CDS	0.000517	0	0	0	1	0	1	0	0	0
CAMK2G	10	ENSG00000148660	DEL	CDS_deletion_29%_of_canonical	0.000517	0	0	1	0	0	1	0	0	0
CAMTA1	1	ENSG00000171735	COMPLEX	complex_deletion_in_CDS	0.00879	1	1	1	0	0	1	0	1	0
CANX	5	ENSG00000127022	DEL	CDS_deletion_12%_of_canonical	0.000517	0	0	1	0	0	1	0	0	0
CAP1	1	ENSG00000131236	DEL	canonical_CDS_exon_deletion	0.002585	1	1	1	0	0	1	0	1	0
CAPN1	11	ENSG00000014216	DEL	canonical_CDS_exon_deletion	0.008273	0	1	1	0	1	1	0	0	1
CAPN12	19	ENSG00000182472	DEL	CDS_deletion_21%_of_canonical	0.347983	126	1	1	1	1	1	1	1	1
CAPN15	16	ENSG00000103326	INS	insertion_in_CDS_exon	0.632368	427	0	0	0	0	0	0	0	0
CAPN9	1	ENSG00000135773	DEL	CDS_deletion_19%_of_canonical	0.001034	0	0	0	1	0	1	0	0	0
CAPZA2	7	ENSG00000198898	DEL	canonical_CDS_exon_deletion	0.122544	62	1	1	1	1	1	1	1	1
CARD11	7	ENSG00000198286	DEL	CDS_deletion_12%_of_canonical	0.000517	0	0	0	0	1	1	0	0	0
CARD14	17	ENSG00000141527	COMPLEX	complex_deletion_in_CDS	0.001034	0	1	0	1	0	1	0	0	0
CARD9	9	ENSG00000187796	COMPLEX	complex_deletion_in_CDS	0.001034	0	1	1	0	0	1	0	0	0
CARF	2	ENSG00000138380	COMPLEX	complex_deletion_in_CDS	0.004654	0	1	0	0	0	1	0	0	0
CARMIL1	6	ENSG00000079691	DEL	canonical_CDS_exon_deletion	0.002068	0	0	0	0	0	1	0	0	1
CARMIL3	14	ENSG00000186648	DEL	canonical_CDS_exon_deletion	0.000517	0	0	0	0	1	1	0	0	0
CARS1	11	ENSG00000110619	DEL	canonical_CDS_exon_deletion	0.000517	0	0	0	1	0	1	0	0	0
CASKIN1	16	ENSG00000167971	COMPLEX	complex_deletion_in_CDS	0.203723	60	1	1	1	1	1	1	1	1
CASKIN2	17	ENSG00000177303	INS	insertion_in_CDS_exon	0.010341	1	0	0	0	0	0	0	0	0
CASP3	4	ENSG00000164305	DEL	canonical_CDS_exon_deletion	0.001551	0	1	0	0	0	1	0	0	0
CASP8	2	ENSG00000064012	DEL	CDS_deletion_17%_of_canonical	0.000517	0	0	0	0	0	1	0	0	1
CASQ1	1	ENSG00000143318	DEL	canonical_CDS_exon_deletion	0.000517	0	0	1	0	0	1	0	0	1
CASS4	20	ENSG00000087589	DEL	canonical_CDS_exon_deletion	0.697518	493	1	1	1	1	1	1	1	1
CATSPER1	11	ENSG00000175294	COMPLEX	complex_deletion_in_CDS	0.000517	0	1	0	0	0	1	0	0	0
CATSPER3	5	ENSG00000152705	DEL	CDS_deletion_14%_of_canonical	0.000517	0	1	0	0	0	1	0	0	0
CATSPERD	19	ENSG00000174898	DEL	canonical_CDS_exon_deletion	0.263185	88	1	1	1	1	1	1	1	1
CATSPERE	1	ENSG00000179397	DEL	canonical_CDS_exon_deletion	0.08273	10	1	1	1	1	1	1	1	1
CATSPERG	19	ENSG00000099338	DEL	canonical_CDS_exon_deletion	0.005171	1	1	0	1	0	1	0	1	1
CAVIN1	17	ENSG00000177469	DEL	canonical_CDS_exon_deletion	0.005171	0	0	0	0	0	1	0	0	1
CBFA2T2	20	ENSG00000078699	INS	insertion_in_CDS_exon	0.007239	1	0	0	0	0	0	0	0	0
CBL	11	ENSG00000110395	DEL	canonical_CDS_exon_deletion	0.112203	13	1	1	1	1	1	1	1	1
CBLB	3	ENSG00000114423	DEL	canonical_CDS_exon_deletion	0.000517	0	0	0	1	0	1	0	0	0
CBLL1	7	ENSG00000105879	COMPLEX	complex_deletion_in_CDS	0.000517	0	1	0	0	0	1	0	0	0
CC2D2A	4	ENSG00000048342	COMPLEX	complex_deletion_in_CDS	0.004654	0	1	1	0	0	1	0	0	0
CC2D2B	10	ENSG00000188649	DEL	canonical_CDS_exon_deletion	0.102378	18	1	1	1	1	1	1	1	1
CCAR2	8	ENSG00000158941	DEL	CDS_deletion_21%_of_canonical	0.003102	1	1	1	0	1	1	0	1	0
CCBE1	18	ENSG00000183287	COMPLEX	complex_deletion_in_CDS	0.312823	165	1	1	1	1	1	1	1	1
CCDC105	19	ENSG00000160994	DEL	CDS_deletion_45%_of_canonical	0.001034	1	1	0	0	0	1	0	1	0
CCDC12	3	ENSG00000160799	DEL	CDS_deletion_14%_of_canonical	0.001551	1	0	0	1	0	1	0	1	0
CCDC138	2	ENSG00000163006	DEL	canonical_CDS_exon_deletion	0.004654	2	1	0	1	0	1	0	1	1
CCDC14	3	ENSG00000175455	DEL	canonical_CDS_exon_deletion	0.000517	0	0	0	1	0	1	0	0	0
CCDC144A	17	ENSG00000170160	COMPLEX	complex_deletion_in_CDS	0.798862	627	1	1	1	1	1	1	1	1
CCDC146	7	ENSG00000135205	DEL	CDS_deletion_15%_of_canonical	0.001034	1	0	0	0	0	1	0	1	1
CCDC154	16	ENSG00000197599	DEL	canonical_CDS_exon_deletion	0.000517	0	0	0	0	0	1	0	0	1
CCDC157	22	ENSG00000187860	INS	insertion_in_CDS_exon	0.039297	4	0	0	0	0	0	0	0	0
CCDC158	4	ENSG00000163749	DEL	canonical_CDS_exon_deletion	0.546019	289	1	1	1	1	1	1	1	1
CCDC163	1	ENSG00000280670	DEL	CDS_deletion_13%_of_canonical	0.000517	0	0	0	0	1	1	0	0	0
CCDC166	8	ENSG00000255181	DEL	canonical_CDS_exon_deletion	0.004654	0	1	1	0	1	1	0	0	1
CCDC168	13	ENSG00000175820	DEL	canonical_CDS_exon_deletion	0.000517	0	1	0	0	0	1	0	0	0
CCDC170	6	ENSG00000120262	DEL	canonical_CDS_exon_deletion	0.402792	166	1	1	1	1	1	1	1	1
CCDC171	9	ENSG00000164989	DEL	canonical_CDS_exon_deletion	0.001551	0	0	0	1	0	1	0	0	0
CCDC175	14	ENSG00000151838	COMPLEX	complex_deletion_in_CDS	0.000517	0	0	0	0	0	1	0	0	1
CCDC178	18	ENSG00000166960	COMPLEX	complex_deletion_in_CDS	0.001034	1	1	0	0	0	1	0	1	0
CCDC18	1	ENSG00000122483	DEL	canonical_CDS_exon_deletion	0.001034	0	1	0	0	0	1	0	0	0
CCDC180	9	ENSG00000197816	COMPLEX	complex_deletion_in_CDS	0.000517	0	1	0	0	0	1	0	0	0
CCDC185	1	ENSG00000178395	INS	insertion_in_CDS_exon	0.018097	2	0	0	0	0	0	0	0	0
CCDC187	9	ENSG00000260220	DEL	canonical_CDS_exon_deletion	0.001034	1	0	1	0	0	1	0	1	1
CCDC195	2	ENSG00000283428	COMPLEX	complex_deletion_in_CDS	0.007239	1	1	1	0	0	1	0	1	0
CCDC200	17	ENSG00000236383	DEL	CDS_deletion_21%_of_canonical	0.000517	0	0	0	1	0	1	0	0	0
CCDC30	1	ENSG00000186409	DEL	canonical_CDS_exon_deletion	0.000517	0	0	0	0	0	1	0	0	1
CCDC38	12	ENSG00000165972	DEL	canonical_CDS_exon_deletion	0.000517	0	0	0	0	0	1	0	0	1
CCDC42	17	ENSG00000161973	DEL	canonical_CDS_exon_deletion	0.006205	0	1	0	0	0	1	0	0	0
CCDC43	17	ENSG00000180329	INS	insertion_in_CDS_exon	0.000517	0	0	0	0	0	0	0	0	0
CCDC60	12	ENSG00000183273	DEL	canonical_CDS_exon_deletion	0.016546	5	1	1	0	1	1	1	1	1
CCDC61	19	ENSG00000104983	DEL	CDS_deletion_69%_of_canonical	0.240434	159	1	1	1	1	1	1	1	1
CCDC65	12	ENSG00000139537	DEL	canonical_CDS_exon_deletion	0.002585	0	0	0	1	0	1	0	0	0
CCDC66	3	ENSG00000180376	DEL	CDS_deletion_45%_of_canonical	0.096691	54	1	1	1	1	1	1	1	1
CCDC68	18	ENSG00000166510	COMPLEX	complex_deletion_in_CDS	0.018614	2	1	1	1	1	1	1	1	1
CCDC7	10	ENSG00000216937	COMPLEX	complex_deletion_in_CDS	0.052223	7	1	1	0	0	1	1	1	1
CCDC73	11	ENSG00000186714	DEL	canonical_CDS_exon_deletion	0.000517	0	0	0	0	0	1	0	0	0
CCDC74B	2	ENSG00000152076	DEL	CDS_deletion_34%_of_canonical	0.002068	0	1	1	0	0	1	0	0	1
CCDC77	12	ENSG00000120647	INS	insertion_in_CDS_exon	0.604447	364	0	0	0	0	0	0	0	0
CCDC88B	11	ENSG00000168071	DEL	canonical_CDS_exon_deletion	0.002068	0	0	1	0	1	1	0	0	1
CCDC92B	17	ENSG00000277200	COMPLEX	complex_deletion_in_CDS	0.001034	1	1	0	1	0	1	0	1	0
CCDC93	2	ENSG00000125633	DEL	canonical_CDS_exon_deletion	0.569286	330	1	1	1	1	1	1	1	1
CCL16	17	ENSG00000275152	DEL	whole_gene_CDS_deletion	0.006722	1	1	0	0	0	1	0	1	0
CCM2L	20	ENSG00000101331	COMPLEX	complex_deletion_in_CDS	0.010341	0	1	1	1	1	1	1	0	1
CCN1	1	ENSG00000142871	DEL	CDS_deletion_39%_of_canonical	0.001034	0	0	0	0	1	1	0	0	0
CCN2	6	ENSG00000118523	DEL	CDS_deletion_25%_of_canonical	0.0212	0	0	1	0	1	1	1	0	1
CCNE1	19	ENSG00000105173	DEL	CDS_deletion_29%_of_canonical	0.005181	2	1	0	0	0	1	0	1	1
CCNF	16	ENSG00000162063	DEL	canonical_CDS_exon_deletion	0.000517	0	0	0	1	0	1	0	0	0
CCNI2	5	ENSG00000205089	COMPLEX	complex_over_CDS	0.000517	0	0	0	0	0	0	0	0	0
CCR3	3	ENSG00000183625	DEL	whole_gene_CDS_deletion	0.001551	1	1	0	0	0	1	0	1	0
CCR7	17	ENSG00000126353	INS	insertion_in_CDS_exon	0.038263	4	0	0	0	0	0	0	0	0
CCSER1	4	ENSG00000184305	COMPLEX	complex_deletion_in_CDS	0.002585	2	1	0	0	0	1	0	1	0
CCSER2	10	ENSG00000107771	DEL	canonical_CDS_exon_deletion	0.015512	0	1	1	0	0	1	1	0	0
CCT4	2	ENSG00000115484	DEL	canonical_CDS_exon_deletion	0.002585	0	0	0	1	0	1	0	0	0
CCT6A	7	ENSG00000146731	DEL	canonical_CDS_exon_deletion	0.001034	0	0	0	0	0	1	0	0	1
CCT7	2	ENSG00000135624	COMPLEX	complex_deletion_in_CDS	0.000517	0	0	0	0	0	1	0	0	1
CCZ1	7	ENSG00000122674	DEL	canonical_CDS_exon_deletion	0.005688	1	1	1	0	1	1	0	1	1
CD163	12	ENSG00000177575	INS	insertion_in_CDS_exon	0.072906	7	0	0	0	0	0	0	0	0
CD163L1	12	ENSG00000177675	INS	insertion_in_CDS_exon	0.001551	0	0	0	0	0	0	0	0	0
CD19	16	ENSG00000177455	DEL	canonical_CDS_exon_deletion	0.019648	0	1	1	1	1	1	1	0	1
CD1C	1	ENSG00000158481	DEL	CDS_deletion_85%_of_canonical	0.0212	2	1	1	0	0	1	1	1	0
CD1D	1	ENSG00000158473	DEL	CDS_deletion_49%_of_canonical	0.025336	2	1	1	0	1	1	1	1	1
CD2	1	ENSG00000116824	DEL	CDS_deletion_30%_of_canonical	0.007756	3	0	0	0	0	1	0	1	1
CD300E	17	ENSG00000186407	DEL	CDS_deletion_15%_of_canonical	0.11789	13	1	1	1	1	1	1	1	1
CD300H	17	ENSG00000284690	DEL	CDS_deletion_20%_of_canonical	0.000517	0	0	0	0	0	1	0	0	1
CD36	7	ENSG00000135218	COMPLEX	complex_over_CDS	0.000517	0	0	0	0	0	0	0	0	0
CD38	4	ENSG00000004468	DEL	CDS_deletion_15%_of_canonical	0.017063	1	1	1	0	0	1	1	1	0
CD44	11	ENSG00000026508	DEL	canonical_CDS_exon_deletion	0.000517	0	0	0	0	0	1	0	0	1
CD52	1	ENSG00000169442	DEL	CDS_deletion_70%_of_canonical	0.000517	0	1	0	0	0	1	0	0	0
CD80	3	ENSG00000121594	COMPLEX	complex_deletion_in_CDS	0.00879	0	1	1	0	0	1	0	1	0
CD93	20	ENSG00000125810	DEL	CDS_deletion_95%_of_canonical	0.001034	0	0	0	0	0	1	0	0	0
CD96	3	ENSG00000153283	DEL	CDS_deletion_11%_of_canonical	0.01758	1	1	1	1	0	1	1	1	0
CDAN1	15	ENSG00000140326	DEL	canonical_CDS_exon_deletion	0.000517	0	0	1	0	0	1	0	0	0
CDC14C	7	ENSG00000218305	DEL	whole_gene_CDS_deletion	0.000517	0	1	0	0	0	1	0	0	0
CDC23	5	ENSG00000094880	DEL	CDS_deletion_16%_of_canonical	0.72182	512	1	1	1	1	1	1	1	1
CDC25A	3	ENSG00000164045	DEL	CDS_deletion_12%_of_canonical	0.002585	1	1	1	1	0	1	0	1	0
CDC27	17	ENSG00000004897	DEL	CDS_deletion_19%_of_canonical	0.003619	0	0	1	0	1	1	0	0	1
CDC42BPA	1	ENSG00000143776	DEL	canonical_CDS_exon_deletion	0.000517	0	0	0	0	0	1	0	0	1
CDC5L	6	ENSG00000096401	DEL	canonical_CDS_exon_deletion	0.004136	1	1	1	0	0	1	0	1	0
CDC7	1	ENSG00000097046	DEL	canonical_CDS_exon_deletion	0.469493	289	1	1	1	1	1	1	1	1
CDCA2	8	ENSG00000184661	DEL	CDS_deletion_11%_of_canonical	0.001034	0	1	0	0	0	1	0	0	0
CDH10	5	ENSG00000040731	DEL	canonical_CDS_exon_deletion	0.010341	0	1	1	0	0	1	1	0	1
CDH17	8	ENSG00000079112	COMPLEX	complex_deletion_in_CDS	0.187694	31	1	1	1	1	1	1	1	1
CDH23	10	ENSG00000107736	DEL	canonical_CDS_exon_deletion	0.000517	0	0	1	0	0	1	0	0	0
CDH3	16	ENSG00000062038	DEL	canonical_CDS_exon_deletion	0.000517	0	0	0	1	0	1	0	0	0
CDH4	20	ENSG00000179242	DEL	canonical_CDS_exon_deletion	0.000517	0	1	0	0	0	1	0	0	0
CDH7	18	ENSG00000081138	DEL	canonical_CDS_exon_deletion	0.010858	2	1	1	1	0	1	1	1	0
CDH9	5	ENSG00000113100	DEL	CDS_deletion_26%_of_canonical	0.397622	192	1	1	1	1	1	1	1	1
CDHR1	10	ENSG00000148600	COMPLEX	complex_deletion_in_CDS	0.000517	0	0	0	1	0	1	0	0	0
CDHR2	5	ENSG00000074276	COMPLEX	complex_deletion_in_CDS	0.06515	4	1	1	1	1	1	1	1	1
CDHR3	7	ENSG00000128536	INS	insertion_in_CDS_exon	0.001034	0	0	0	0	0	0	0	0	0
CDK12	17	ENSG00000167258	COMPLEX	complex_deletion_in_CDS	0.07394	12	1	1	1	1	1	1	1	1
CDK13	7	ENSG00000065883	DEL	canonical_CDS_exon_deletion	0.055843	5	1	1	0	1	1	1	1	1
CDK14	7	ENSG00000058091	DEL	CDS_deletion_11%_of_canonical	0.001034	1	1	0	0	0	1	0	1	0
CDK15	2	ENSG00000138395	DEL	CDS_deletion_19%_of_canonical	0.000517	0	0	0	0	0	1	0	0	1
CDK17	12	ENSG00000059758	DEL	CDS_deletion_11%_of_canonical	0.000517	0	0	0	0	0	1	0	0	1
CDK19	6	ENSG00000155111	DEL	canonical_CDS_exon_deletion	0.000517	0	0	1	0	0	1	0	0	0
CDK2AP1	12	ENSG00000111328	DEL	CDS_deletion_16%_of_canonical	0.001551	0	0	1	1	0	1	0	0	0
CDK3	17	ENSG00000250506	DEL	CDS_deletion_22%_of_canonical	0.01758	0	1	1	0	0	1	1	0	0
CDK5RAP1	20	ENSG00000101391	DEL	canonical_CDS_exon_deletion	0.004654	4	1	0	1	0	1	0	1	1
CDK5RAP2	9	ENSG00000136861	DEL	canonical_CDS_exon_deletion	0.001034	1	0	0	1	0	1	0	1	0
CDKL4	2	ENSG00000205111	DEL	canonical_CDS_exon_deletion	0.001551	0	1	0	0	1	1	0	0	0
CDKN2AIPNL	5	ENSG00000237190	DEL	CDS_deletion_69%_of_canonical	0.000517	0	1	0	0	0	1	0	0	0
CDSN	6	ENSG00000204539	DEL	canonical_CDS_exon_deletion	0.027921	7	1	1	1	1	1	1	1	1
CDX1	5	ENSG00000113722	DEL	CDS_deletion_56%_of_canonical	0.001034	0	1	0	0	0	1	0	0	0
CDYL2	16	ENSG00000166446	DEL	CDS_deletion_14%_of_canonical	0.001034	1	0	0	1	0	1	0	1	1
CEACAM18	19	ENSG00000213822	DEL	CDS_deletion_17%_of_canonical	0.005171	1	1	1	0	0	1	0	1	0
CELA3A	1	ENSG00000142789	DEL	CDS_deletion_45%_of_canonical	0.008273	3	1	1	0	0	1	0	1	1
CELF3	1	ENSG00000159409	DEL	whole_gene_CDS_deletion	0.018097	6	0	1	1	0	1	1	1	1
CELF4	18	ENSG00000101489	INS	insertion_in_CDS_exon	0.000517	0	0	0	0	0	0	0	0	0
CELF5	19	ENSG00000161082	DEL	CDS_deletion_20%_of_canonical	0.000517	0	0	0	0	1	1	0	0	0
CELSR1	22	ENSG00000075275	DEL	canonical_CDS_exon_deletion	0.012409	10	1	1	1	1	1	1	1	1
CELSR3	3	ENSG00000008300	DEL	canonical_CDS_exon_deletion	0.001551	0	0	0	1	0	1	0	0	0
CENATAC	11	ENSG00000186166	DEL	canonical_CDS_exon_deletion	0.104447	12	1	1	1	1	1	1	1	1
CENPE	4	ENSG00000138778	DEL	canonical_CDS_exon_deletion	0.012409	1	1	0	0	0	1	1	1	0
CENPJ	13	ENSG00000151849	INS	insertion_in_CDS_exon	0.001034	0	0	0	0	0	0	0	0	0
CENPN	16	ENSG00000166451	DEL	canonical_CDS_exon_deletion	0.000517	0	0	0	0	0	1	0	0	1
CENPU	4	ENSG00000151725	COMPLEX	complex_deletion_in_CDS	0.00879	5	1	1	0	0	1	0	1	1
CEP104	1	ENSG00000116198	INS	insertion_in_CDS_exon	0.092554	14	0	0	0	0	0	0	0	0
CEP112	17	ENSG00000154240	COMPLEX	complex_deletion_in_CDS	0.001034	0	0	0	1	0	1	0	0	0
CEP131	17	ENSG00000141577	COMPLEX	complex_deletion_in_CDS	0.002068	0	1	0	0	1	1	0	0	0
CEP135	4	ENSG00000174799	DEL	canonical_CDS_exon_deletion	0.020683	7	1	1	1	0	1	1	1	0
CEP152	15	ENSG00000103995	INS	insertion_in_CDS_exon	0.004136	0	0	0	0	0	0	0	0	0
CEP162	6	ENSG00000135315	COMPLEX	complex_deletion_in_CDS	0.693382	481	1	1	1	1	1	1	1	1
CEP164	11	ENSG00000110274	COMPLEX	complex_deletion_in_CDS	0.001034	1	0	1	1	1	1	0	1	0
CEP170	1	ENSG00000143702	INS	insertion_in_CDS_exon	0.001034	0	0	0	0	0	0	0	0	0
CEP192	18	ENSG00000101639	COMPLEX	complex_deletion_in_CDS	0.093071	4	1	1	1	1	1	1	1	1
CEP250	20	ENSG00000126001	DEL	canonical_CDS_exon_deletion	0.067735	16	1	1	0	0	1	1	1	1
CEP57L1	6	ENSG00000183137	DEL	CDS_deletion_33%_of_canonical	0.000517	0	0	0	0	0	1	0	0	1
CEP63	3	ENSG00000182923	DEL	CDS_deletion_11%_of_canonical	0.001551	1	1	1	0	0	1	0	1	0
CEP68	2	ENSG00000011523	COMPLEX	complex_deletion_in_CDS	0.002585	0	1	0	0	0	1	0	0	0
CEP70	3	ENSG00000114107	DEL	CDS_deletion_15%_of_canonical	0.000517	0	0	1	0	0	1	0	0	0
CEP72	5	ENSG00000112877	DEL	canonical_CDS_exon_deletion	0.10031	18	1	1	1	1	1	1	1	1
CEP95	17	ENSG00000258890	DEL	canonical_CDS_exon_deletion	0.000517	0	0	1	0	0	1	0	0	0
CEP97	3	ENSG00000182504	DEL	CDS_deletion_72%_of_canonical	0.002068	2	0	0	0	0	1	0	1	1
CERK	22	ENSG00000100422	DEL	canonical_CDS_exon_deletion	0.000517	0	0	0	0	0	1	0	0	1
CERS5	12	ENSG00000139624	DEL	CDS_deletion_19%_of_canonical	0.003102	0	1	1	1	1	1	0	0	1
CERS6	2	ENSG00000172292	DEL	CDS_deletion_12%_of_canonical	0.001034	1	0	1	0	0	1	0	1	0
CES1	16	ENSG00000198848	DEL	canonical_CDS_exon_deletion	0.001034	0	1	0	0	0	1	0	0	0
CETN3	5	ENSG00000153140	INS	insertion_in_CDS_exon	0.004136	0	0	0	0	0	0	0	0	0
CFAP206	6	ENSG00000272514	COMPLEX	complex_deletion_in_CDS	0.001551	1	1	1	0	0	1	0	1	0
CFAP20DC	3	ENSG00000163689	DEL	canonical_CDS_exon_deletion	0.000517	0	0	0	0	0	1	0	0	0
CFAP251	12	ENSG00000158023	DEL	canonical_CDS_exon_deletion	0.000517	0	1	0	0	0	1	0	0	0
CFAP276	1	ENSG00000179902	DEL	CDS_deletion_84%_of_canonical	0.000517	0	0	0	0	1	1	0	0	0
CFAP43	10	ENSG00000197748	COMPLEX	complex_deletion_in_CDS	0.001034	0	1	0	0	0	1	0	0	0
CFAP44	3	ENSG00000206530	DEL	canonical_CDS_exon_deletion	0.002585	0	0	1	1	1	1	0	0	1
CFAP46	10	ENSG00000171811	DEL	canonical_CDS_exon_deletion	0.791408	618	1	1	1	1	1	1	1	1
CFAP54	12	ENSG00000188596	COMPLEX	complex_deletion_in_CDS	0.001551	0	0	1	1	0	1	0	0	0
CFAP58	10	ENSG00000120051	DEL	CDS_deletion_12%_of_canonical	0.002585	1	0	0	0	0	1	0	1	1
CFAP61	20	ENSG00000089101	DEL	canonical_CDS_exon_deletion	0.003619	1	1	1	1	0	1	0	1	0
CFAP65	2	ENSG00000181378	DEL	CDS_deletion_22%_of_canonical	0.002068	0	0	0	0	0	1	0	0	1
CFAP74	1	ENSG00000142609	DEL	canonical_CDS_exon_deletion	0.150465	27	1	1	1	1	1	1	1	1
CFC1B	2	ENSG00000152093	COMPLEX	complex_deletion_in_CDS	0.861944	729	1	1	1	1	1	1	1	1
CFH	1	ENSG00000000971	DEL	canonical_CDS_exon_deletion	0.000517	0	0	0	0	0	1	0	0	1
CFI	4	ENSG00000205403	DEL	canonical_CDS_exon_deletion	0.013961	0	0	0	0	0	1	1	0	1
CFL2	14	ENSG00000165410	COMPLEX	complex_deletion_in_CDS	0.000517	0	0	1	0	0	1	0	0	0
CFTR	7	ENSG00000001626	DEL	CDS_deletion_13%_of_canonical	0.034126	3	1	1	1	1	1	1	1	1
CHADL	22	ENSG00000100399	DEL	canonical_CDS_exon_deletion	0.002068	0	0	1	1	0	1	0	0	0
CHAT	10	ENSG00000070748	COMPLEX	complex_over_CDS	0.0212	1	0	0	0	0	0	0	0	0
CHD1	5	ENSG00000153922	DEL	canonical_CDS_exon_deletion	0.001551	0	1	0	0	0	1	0	0	0
CHD2	15	ENSG00000173575	DEL	canonical_CDS_exon_deletion	0.001034	1	0	0	0	0	1	0	1	1
CHD4	12	ENSG00000111642	DEL	canonical_CDS_exon_deletion	0.000517	0	0	0	1	0	1	0	0	0
CHD8	14	ENSG00000100888	DEL	CDS_deletion_34%_of_canonical	0.002068	2	1	0	0	1	1	0	1	0
CHD9	16	ENSG00000177200	COMPLEX	complex_over_CDS	0.059462	17	0	0	0	0	0	0	0	0
CHFR	12	ENSG00000072609	DEL	canonical_CDS_exon_deletion	0.000517	0	1	0	0	0	1	0	0	0
CHI3L1	1	ENSG00000133048	DEL	CDS_deletion_29%_of_canonical	0.05636	13	1	1	1	1	1	1	1	1
CHIT1	1	ENSG00000133063	DEL	canonical_CDS_exon_deletion	0.000517	0	0	1	0	0	1	0	0	0
CHMP2A	19	ENSG00000130724	DEL	canonical_CDS_exon_deletion	0.759566	568	1	1	1	1	1	1	1	1
CHMP4A	14	ENSG00000254505	INS	insertion_in_CDS_exon	0.000517	0	0	0	0	0	0	0	0	0
CHMP5	9	ENSG00000086065	DEL	CDS_deletion_14%_of_canonical	0.1091	28	1	1	1	1	1	1	1	1
CHMP6	17	ENSG00000176108	INS	insertion_in_CDS_exon	0.221303	55	0	0	0	0	0	0	0	0
CHRFAM7A	15	ENSG00000166664	DEL	canonical_CDS_exon_deletion	0.001034	0	1	1	0	0	1	0	0	0
CHRM5	15	ENSG00000184984	INS	insertion_in_CDS_exon	0.000517	0	0	0	0	0	0	0	0	0
CHRNA10	11	ENSG00000129749	COMPLEX	complex_deletion_in_CDS	0.001551	1	0	0	1	0	1	0	1	1
CHRNA9	4	ENSG00000174343	DEL	CDS_deletion_38%_of_canonical	0.000517	0	0	0	0	0	1	0	0	1
CHST12	7	ENSG00000136213	DEL	CDS_deletion_40%_of_canonical	0.001034	0	1	0	0	0	1	0	0	1
CHST9	18	ENSG00000154080	DEL	canonical_CDS_exon_deletion	0.000517	0	0	0	1	0	1	0	0	0
CIAO2A	15	ENSG00000166797	COMPLEX	complex_over_CDS	0.000517	0	0	0	0	0	0	0	0	0
CIDEC	3	ENSG00000187288	DEL	CDS_deletion_29%_of_canonical	0.000517	0	0	0	1	0	1	0	0	0
CIITA	16	ENSG00000179583	DEL	canonical_CDS_exon_deletion	0.018097	0	1	1	1	1	1	1	0	1
CILK1	6	ENSG00000112144	DEL	canonical_CDS_exon_deletion	0.000517	0	0	0	1	0	1	0	0	0
CKAP4	12	ENSG00000136026	DEL	canonical_CDS_exon_deletion	0.024819	2	1	1	0	0	1	1	1	1
CKAP5	11	ENSG00000175216	DEL	canonical_CDS_exon_deletion	0.000517	0	0	0	0	1	1	0	0	0
CLCA1	1	ENSG00000016490	DEL	CDS_deletion_16%_of_canonical	0.001551	0	0	0	1	0	1	0	0	1
CLCN3	4	ENSG00000109572	COMPLEX	complex_deletion_in_CDS	0.031024	3	1	1	1	1	1	1	1	1
CLDN10	13	ENSG00000134873	DEL	CDS_deletion_36%_of_canonical	0.001034	1	0	0	0	0	1	0	1	1
CLDND1	3	ENSG00000080822	DEL	CDS_deletion_62%_of_canonical	0.000517	0	0	0	0	0	1	0	0	1
CLDND2	19	ENSG00000160318	DEL	whole_gene_CDS_deletion	0.000517	0	0	1	0	0	1	0	0	0
CLEC11A	19	ENSG00000105472	DEL	whole_gene_CDS_deletion	0.001551	0	1	1	0	0	1	0	0	1
CLEC12A	12	ENSG00000172322	DEL	CDS_deletion_19%_of_canonical	0.00879	1	0	0	0	0	1	0	1	1
CLEC18A	16	ENSG00000157322	DEL	CDS_deletion_12%_of_canonical	0.02637	4	1	1	1	1	1	1	1	1
CLEC1A	12	ENSG00000150048	DEL	CDS_deletion_21%_of_canonical	0.000517	0	0	0	0	1	1	0	0	0
CLEC2D	12	ENSG00000069493	DEL	CDS_deletion_38%_of_canonical	0.002068	1	1	0	0	0	1	0	1	0
CLEC4A	12	ENSG00000111729	DEL	CDS_deletion_16%_of_canonical	0.001551	1	0	0	1	0	1	0	1	0
CLEC4C	12	ENSG00000198178	DEL	canonical_CDS_exon_deletion	0.003619	1	1	0	0	0	1	0	1	0
CLEC4M	19	ENSG00000104938	DEL	canonical_CDS_exon_deletion	0.300414	92	1	1	1	1	1	1	1	1
CLHC1	2	ENSG00000162994	DEL	CDS_deletion_22%_of_canonical	0.003619	2	1	0	0	0	1	0	1	0
CLIC6	21	ENSG00000159212	DEL	canonical_CDS_exon_deletion	0.000517	0	0	0	0	1	1	0	0	0
CLIP1	12	ENSG00000130779	DEL	canonical_CDS_exon_deletion	0.006205	0	1	0	0	0	1	0	0	0
CLIP3	19	ENSG00000105270	DEL	canonical_CDS_exon_deletion	0.088935	5	1	1	1	1	1	1	1	1
CLK4	5	ENSG00000113240	DEL	CDS_deletion_15%_of_canonical	0.000517	0	0	1	0	0	1	0	0	0
CLN3	16	ENSG00000188603	INS	insertion_in_CDS_exon	0.004136	0	0	0	0	0	0	0	0	0
CLN8	8	ENSG00000182372	DEL	CDS_deletion_63%_of_canonical	0.005171	0	1	0	0	0	1	0	0	0
CLOCK	4	ENSG00000134852	DEL	canonical_CDS_exon_deletion	0.000517	0	0	0	0	0	1	0	0	1
CLPTM1L	5	ENSG00000049656	DEL	canonical_CDS_exon_deletion	0.356625	174	1	1	1	1	1	1	1	1
CLPX	15	ENSG00000166855	DEL	CDS_deletion_11%_of_canonical	0.001551	1	1	1	0	0	1	0	1	0
CLSTN1	1	ENSG00000171603	DEL	CDS_deletion_24%_of_canonical	0.022751	1	1	0	1	1	1	1	1	1
CLTCL1	22	ENSG00000070371	INS	insertion_in_CDS_exon	0.000517	0	0	0	0	0	0	0	0	0
CLUAP1	16	ENSG00000103351	DEL	canonical_CDS_exon_deletion	0.061531	12	1	1	1	0	1	1	1	1
CLUH	17	ENSG00000132361	DEL	canonical_CDS_exon_deletion	0.001034	0	1	0	0	0	1	0	0	0
CLVS1	8	ENSG00000177182	DEL	CDS_deletion_16%_of_canonical	0.002585	0	0	1	1	1	1	0	0	1
CLYBL	13	ENSG00000125246	COMPLEX	complex_deletion_in_CDS	0.004654	1	0	1	1	0	1	0	1	1
CMBL	5	ENSG00000164237	DEL	canonical_CDS_exon_deletion	0.129266	21	1	1	1	1	1	1	1	1
CMPK2	2	ENSG00000134326	DEL	CDS_deletion_74%_of_canonical	0.001034	0	0	0	0	0	1	0	0	1
CNBD1	8	ENSG00000176571	DEL	canonical_CDS_exon_deletion	0.051706	8	1	1	1	1	1	1	1	0
CNDP2	18	ENSG00000133313	DEL	canonical_CDS_exon_deletion	0.066701	7	1	1	1	1	1	1	1	1
CNGA1	4	ENSG00000198515	INS	insertion_in_CDS_exon	0.12668	25	0	0	0	0	0	0	0	0
CNIH4	1	ENSG00000143771	DEL	canonical_CDS_exon_deletion	0.000517	0	0	1	0	0	1	0	0	0
CNKSR1	1	ENSG00000142675	COMPLEX	complex_deletion_in_CDS	0.492761	257	1	1	1	1	1	1	1	1
CNKSR3	6	ENSG00000153721	COMPLEX	complex_deletion_in_CDS	0.000517	0	0	0	0	1	1	0	0	0
CNN1	19	ENSG00000130176	COMPLEX	complex_over_CDS	0.043433	4	0	0	0	0	0	0	0	0
CNOT1	16	ENSG00000125107	DEL	canonical_CDS_exon_deletion	0.000517	0	0	0	0	1	1	0	0	0
CNOT10	3	ENSG00000182973	INS	insertion_in_CDS_exon	0.228542	50	0	0	0	0	0	0	0	0
CNOT9	2	ENSG00000144580	COMPLEX	complex_deletion_in_CDS	0.001551	0	1	0	0	0	1	0	0	0
CNP	17	ENSG00000173786	DEL	whole_gene_CDS_deletion	0.028956	4	1	1	1	1	1	1	1	1
CNTLN	9	ENSG00000044459	DEL	canonical_CDS_exon_deletion	0.025853	5	1	1	1	1	1	1	1	0
CNTN1	12	ENSG00000018236	DEL	canonical_CDS_exon_deletion	0.001034	1	1	0	0	0	1	0	1	0
CNTN5	11	ENSG00000149972	COMPLEX	complex_deletion_in_CDS	0.002068	2	0	0	0	1	1	0	1	0
CNTN6	3	ENSG00000134115	DEL	canonical_CDS_exon_deletion	0.001034	1	0	0	1	0	1	0	1	0
CNTNAP2	7	ENSG00000174469	DEL	canonical_CDS_exon_deletion	0.001034	0	0	1	0	0	1	0	0	1
CNTNAP3	9	ENSG00000106714	INS	insertion_in_CDS_exon	0.000517	0	0	0	0	0	0	0	0	0
CNTNAP4	16	ENSG00000152910	DEL	canonical_CDS_exon_deletion	0.000517	0	0	0	1	0	1	0	0	0
CNTNAP5	2	ENSG00000155052	DEL	canonical_CDS_exon_deletion	0.00879	0	1	0	0	0	1	0	0	0
CNTRL	9	ENSG00000119397	INS	insertion_in_CDS_exon	0.000517	0	0	0	0	0	0	0	0	0
COG1	17	ENSG00000166685	INS	insertion_in_CDS_exon	0.002585	0	0	0	0	0	0	0	0	0
COIL	17	ENSG00000121058	DEL	CDS_deletion_14%_of_canonical	0.027404	9	1	1	1	1	1	1	1	1
COL11A1	1	ENSG00000060718	COMPLEX	complex_deletion_in_CDS	0.000517	0	1	0	0	0	1	0	0	1
COL12A1	6	ENSG00000111799	DEL	canonical_CDS_exon_deletion	0.138573	28	1	1	1	1	1	1	1	1
COL14A1	8	ENSG00000187955	DEL	canonical_CDS_exon_deletion	0.002585	0	0	1	0	1	1	0	0	0
COL15A1	9	ENSG00000204291	DEL	CDS_deletion_17%_of_canonical	0.000517	0	0	0	0	1	1	0	0	0
COL16A1	1	ENSG00000084636	COMPLEX	complex_deletion_in_CDS	0.676319	455	1	1	1	1	1	1	1	1
COL17A1	10	ENSG00000065618	COMPLEX	complex_deletion_in_CDS	0.002068	1	1	1	1	0	1	0	1	0
COL19A1	6	ENSG00000082293	COMPLEX	complex_deletion_in_CDS	0.011375	1	1	1	1	1	1	1	1	1
COL22A1	8	ENSG00000169436	DEL	canonical_CDS_exon_deletion	0.000517	0	0	0	0	0	1	0	0	1
COL23A1	5	ENSG00000050767	DEL	canonical_CDS_exon_deletion	0.001034	0	1	0	0	0	1	0	0	1
COL24A1	1	ENSG00000171502	DEL	canonical_CDS_exon_deletion	0.028438	2	1	1	1	1	1	1	1	1
COL26A1	7	ENSG00000160963	DEL	canonical_CDS_exon_deletion	0.643744	428	1	1	1	1	1	1	1	1
COL28A1	7	ENSG00000215018	DEL	CDS_deletion_17%_of_canonical	0.005171	0	1	0	1	0	1	0	0	0
COL2A1	12	ENSG00000139219	DEL	CDS_deletion_34%_of_canonical	0.001034	1	0	0	0	1	1	0	1	0
COL4A1	13	ENSG00000187498	COMPLEX	complex_deletion_in_CDS	0.014478	0	1	1	0	1	1	1	0	1
COL4A3	2	ENSG00000169031	DEL	canonical_CDS_exon_deletion	0.000517	0	0	0	1	0	1	0	0	0
COL4A4	2	ENSG00000081052	INS	insertion_in_CDS_exon	0.050155	5	0	0	0	0	0	0	0	0
COL6A3	2	ENSG00000163359	DEL	canonical_CDS_exon_deletion	0.009824	1	0	1	1	1	1	0	1	1
COL7A1	3	ENSG00000114270	DEL	canonical_CDS_exon_deletion	0.174767	36	1	1	1	1	1	1	1	1
COL9A1	6	ENSG00000112280	DEL	canonical_CDS_exon_deletion	0.001034	0	0	1	0	0	1	0	0	0
COL9A3	20	ENSG00000092758	DEL	canonical_CDS_exon_deletion	0.000517	0	1	0	0	0	1	0	0	0
COMMD3-BMI1	10	ENSG00000269897	INS	insertion_in_CDS_exon	0.000517	0	0	0	0	0	0	0	0	0
COMMD4	15	ENSG00000140365	INS	insertion_in_CDS_exon	0.000517	0	0	0	0	0	0	0	0	0
COMMD8	4	ENSG00000169019	DEL	CDS_deletion_10%_of_canonical	0.649431	420	1	1	1	1	1	1	1	1
COPB2	3	ENSG00000184432	DEL	canonical_CDS_exon_deletion	0.000517	0	0	0	0	0	1	0	0	1
COPG1	3	ENSG00000181789	COMPLEX	complex_deletion_in_CDS	0.004136	0	1	1	1	1	1	0	0	1
COPS3	17	ENSG00000141030	COMPLEX	complex_deletion_in_CDS	0.015512	2	1	1	0	0	1	1	1	0
COPS5	8	ENSG00000121022	DEL	CDS_deletion_15%_of_canonical	0.006205	2	0	0	1	0	1	0	1	1
COPS6	7	ENSG00000168090	DEL	canonical_CDS_exon_deletion	0.017063	0	1	0	0	1	1	1	0	0
COPS9	2	ENSG00000172428	COMPLEX	complex_deletion_in_CDS	0.017063	0	1	1	1	1	1	1	0	1
COQ8A	1	ENSG00000163050	DEL	canonical_CDS_exon_deletion	0.004654	0	1	0	0	1	1	0	0	1
COQ9	16	ENSG00000088682	DEL	canonical_CDS_exon_deletion	0.000517	0	0	0	1	0	1	0	0	1
CORIN	4	ENSG00000145244	DEL	canonical_CDS_exon_deletion	0.000517	0	0	0	0	1	1	0	0	1
CORO1B	11	ENSG00000172725	INS	insertion_in_CDS_exon	0.000517	0	0	0	0	0	0	0	0	0
COX11	17	ENSG00000166260	DEL	CDS_deletion_56%_of_canonical	0.048087	5	1	1	1	1	1	1	1	1
COX17	3	ENSG00000138495	DEL	whole_gene_CDS_deletion	0.000517	0	0	1	0	0	1	0	0	0
COX4I1	16	ENSG00000131143	COMPLEX	complex_deletion_in_CDS	0.000517	0	0	0	1	0	1	0	0	0
COX4I2	20	ENSG00000131055	DEL	CDS_deletion_32%_of_canonical	0.024403	5	1	1	1	1	1	1	1	1
COX6B2	19	ENSG00000160471	DEL	whole_gene_CDS_deletion	0.003102	0	1	0	0	0	1	0	0	0
COX7A2	6	ENSG00000112695	INS	insertion_in_CDS_exon	0.000517	0	0	0	0	0	0	0	0	0
CP	3	ENSG00000047457	INS	insertion_in_CDS_exon	0.117373	13	0	0	0	0	0	0	0	0
CPAMD8	19	ENSG00000160111	COMPLEX	complex_deletion_in_CDS	0.001034	0	1	0	0	0	1	0	0	1
CPB2	13	ENSG00000080618	DEL	canonical_CDS_exon_deletion	0.007239	2	0	1	1	1	1	0	1	1
CPEB4	5	ENSG00000113742	DEL	canonical_CDS_exon_deletion	0.000517	0	0	0	0	0	1	0	0	1
CPED1	7	ENSG00000106034	DEL	canonical_CDS_exon_deletion	0.27818	123	1	1	1	1	1	1	1	1
CPHXL	16	ENSG00000283755	COMPLEX	complex_deletion_in_CDS	0.000517	0	0	0	1	0	1	0	0	0
CPHXL2	16	ENSG00000284484	DEL	CDS_deletion_83%_of_canonical	0.001034	1	1	0	0	0	1	0	1	0
CPLANE1	5	ENSG00000197603	COMPLEX	complex_over_CDS	0.001034	0	0	0	0	0	0	0	0	0
CPNE5	6	ENSG00000124772	DEL	canonical_CDS_exon_deletion	0.005171	0	0	0	1	0	1	0	0	0
CPNE8	12	ENSG00000139117	INS	insertion_in_CDS_exon	0.003619	0	0	0	0	0	0	0	0	0
CPQ	8	ENSG00000104324	DEL	CDS_deletion_15%_of_canonical	0.001034	0	0	0	1	1	1	0	0	1
CPS1	2	ENSG00000021826	DEL	canonical_CDS_exon_deletion	0.001551	0	1	1	0	0	1	0	0	0
CPSF1	8	ENSG00000071894	INS	insertion_in_CDS_exon	0.000517	0	0	0	0	0	0	0	0	0
CPT1A	11	ENSG00000110090	COMPLEX	complex_deletion_in_CDS	0.005171	0	0	0	1	0	1	0	0	1
CPT1B	22	ENSG00000205560	DEL	canonical_CDS_exon_deletion	0.000517	0	1	0	0	0	1	0	0	0
CPT1C	19	ENSG00000169169	DEL	canonical_CDS_exon_deletion	0.005171	2	1	1	0	1	1	0	1	1
CPZ	4	ENSG00000109625	COMPLEX	complex_deletion_in_CDS	0.970527	915	1	1	1	1	1	1	1	1
CR1L	1	ENSG00000197721	DEL	canonical_CDS_exon_deletion	0.001034	0	1	0	0	0	1	0	0	0
CRAMP1	16	ENSG00000007545	DEL	canonical_CDS_exon_deletion	0.400207	194	1	1	1	1	1	1	1	1
CRAT	9	ENSG00000095321	DEL	whole_gene_CDS_deletion	0.000517	0	1	0	0	0	1	0	0	0
CREB3L1	11	ENSG00000157613	DEL	canonical_CDS_exon_deletion	0.000517	0	0	0	0	0	1	0	0	0
CREB3L2	7	ENSG00000182158	DEL	canonical_CDS_exon_deletion	0.001034	0	0	1	0	1	1	0	0	0
CREB5	7	ENSG00000146592	DEL	CDS_deletion_11%_of_canonical	0.000517	0	0	1	0	0	1	0	0	0
CREBBP	16	ENSG00000005339	DEL	canonical_CDS_exon_deletion	0.006722	0	1	0	0	0	1	0	0	1
CREBRF	5	ENSG00000164463	DEL	canonical_CDS_exon_deletion	0.114788	17	1	1	1	1	1	1	1	1
CRIM1	2	ENSG00000150938	DEL	canonical_CDS_exon_deletion	0.84333	696	1	1	1	1	1	1	1	1
CRISP3	6	ENSG00000096006	DEL	canonical_CDS_exon_deletion	0.069803	4	1	1	1	1	1	1	1	1
CRK	17	ENSG00000167193	DEL	CDS_deletion_22%_of_canonical	0.001034	0	1	0	0	0	1	0	0	0
CRLF1	19	ENSG00000006016	COMPLEX	complex_deletion_in_CDS	0.004654	0	1	1	1	0	1	0	0	1
CRLF3	17	ENSG00000176390	COMPLEX	complex_deletion_in_CDS	0.008273	0	1	0	0	1	1	0	0	1
CRMP1	4	ENSG00000072832	DEL	canonical_CDS_exon_deletion	0.011893	1	1	1	1	1	1	1	1	1
CROCC2	2	ENSG00000226321	DEL	canonical_CDS_exon_deletion	0.108066	21	1	1	1	1	1	1	1	1
CRTC3	15	ENSG00000140577	DEL	CDS_deletion_12%_of_canonical	0.00207	1	1	0	1	0	1	0	1	1
CRYAA	21	ENSG00000160202	DEL	CDS_deletion_40%_of_canonical	0.000517	0	0	0	1	0	1	0	0	0
CRYBG2	1	ENSG00000176092	DEL	canonical_CDS_exon_deletion	0.000517	0	1	0	0	0	1	0	0	0
CRYGC	2	ENSG00000163254	INS	insertion_in_CDS_exon	0.001034	0	0	0	0	0	0	0	0	0
CRYZL1	21	ENSG00000205758	DEL	CDS_deletion_11%_of_canonical	0.000517	0	0	0	0	0	1	0	0	1
CSAD	12	ENSG00000139631	DEL	canonical_CDS_exon_deletion	0.001034	0	0	0	1	0	1	0	0	0
CSF1	1	ENSG00000184371	COMPLEX	complex_over_CDS	0.000517	0	0	0	0	0	0	0	0	0
CSF1R	5	ENSG00000182578	INS	insertion_in_CDS_exon	0.099793	14	0	0	0	0	0	0	0	0
CSF2RA	X	ENSG00000198223	DEL	canonical_CDS_exon_deletion	0.012927	2	1	1	1	1	1	1	1	1
CSF2RB	22	ENSG00000100368	COMPLEX	complex_deletion_in_CDS	0.001034	0	0	1	0	0	1	0	0	0
CSGALNACT2	10	ENSG00000169826	DEL	canonical_CDS_exon_deletion	0.000517	0	0	0	0	0	1	0	0	1
CSMD1	8	ENSG00000183117	COMPLEX	complex_deletion_in_CDS	0.004654	1	1	0	1	0	1	0	1	1
CSMD2	1	ENSG00000121904	DEL	canonical_CDS_exon_deletion	0.000517	0	0	0	0	1	1	0	0	1
CSMD3	8	ENSG00000164796	DEL	canonical_CDS_exon_deletion	0.000517	0	1	0	0	0	1	0	0	0
CSN2	4	ENSG00000135222	DEL	CDS_deletion_100%_of_canonical	0.001034	0	0	0	1	0	1	0	0	0
CSNK1A1	5	ENSG00000113712	INS	insertion_in_CDS_exon	0.004136	0	0	0	0	0	0	0	0	0
CSNK1A1L	13	ENSG00000180138	DEL	canonical_CDS_exon_deletion	0.838676	770	1	1	1	1	1	1	1	1
CSNK1D	17	ENSG00000141551	DEL	canonical_CDS_exon_deletion	0.160807	24	1	1	1	1	1	1	1	1
CSNK2A1	20	ENSG00000101266	DEL	canonical_CDS_exon_deletion	0.060496	7	1	1	1	1	1	1	1	1
CSNK2B	6	ENSG00000204435	COMPLEX	complex_deletion_in_CDS	0.008273	2	1	1	1	1	1	0	1	0
CSPP1	8	ENSG00000104218	DEL	canonical_CDS_exon_deletion	0.003102	0	0	1	0	0	1	0	0	0
CSRNP3	2	ENSG00000178662	DEL	CDS_deletion_30%_of_canonical	0.000517	0	0	0	0	0	1	0	0	1
CST1	20	ENSG00000170373	COMPLEX	complex_deletion_in_CDS	0.026887	4	1	1	0	0	1	1	1	0
CST2	20	ENSG00000170369	DEL	canonical_CDS_exon_deletion	0.14788	24	1	1	1	1	1	1	1	1
CSTF3	11	ENSG00000176102	DEL	canonical_CDS_exon_deletion	0.000517	0	0	1	0	0	1	0	0	0
CTAGE1	18	ENSG00000212710	DEL	canonical_CDS_exon_deletion	0.207859	90	1	1	1	1	1	1	1	1
CTC1	17	ENSG00000178971	DEL	canonical_CDS_exon_deletion	0.001034	0	1	0	1	0	1	0	1	0
CTDNEP1	17	ENSG00000175826	DEL	canonical_CDS_exon_deletion	0.002068	0	0	0	1	0	1	0	0	0
CTDSPL	3	ENSG00000144677	COMPLEX	complex_deletion_in_CDS	0.055326	9	1	1	1	1	1	1	1	1
CTH	1	ENSG00000116761	DEL	CDS_deletion_27%_of_canonical	0.000517	0	1	0	0	0	1	0	0	0
CTNNA3	10	ENSG00000183230	DEL	canonical_CDS_exon_deletion	0.000517	0	0	0	0	1	1	0	0	0
CTNNAL1	9	ENSG00000119326	COMPLEX	complex_over_CDS	0.001551	1	0	0	0	0	0	0	0	0
CTNNBL1	20	ENSG00000132792	COMPLEX	complex_deletion_in_CDS	0.000517	0	1	1	0	0	1	0	0	0
CTNND1	11	ENSG00000198561	DEL	canonical_CDS_exon_deletion	0.038263	4	1	1	1	1	1	1	1	0
CTNND2	5	ENSG00000169862	COMPLEX	complex_deletion_in_CDS	0.000517	0	0	0	0	0	1	0	0	1
CTRC	1	ENSG00000162438	DEL	CDS_deletion_24%_of_canonical	0.000517	0	1	0	0	0	1	0	0	0
CTSA	20	ENSG00000064601	DEL	canonical_CDS_exon_deletion	0.003619	0	1	0	0	0	1	0	0	0
CTSE	1	ENSG00000196188	DEL	CDS_deletion_14%_of_canonical	0.000517	0	1	0	0	0	1	0	0	0
CTSH	15	ENSG00000103811	DEL	canonical_CDS_exon_deletion	0.588935	362	1	1	1	1	1	1	1	1
CTSZ	20	ENSG00000101160	DEL	CDS_deletion_20%_of_canonical	0.000517	0	1	0	0	0	1	0	0	0
CTU1	19	ENSG00000142544	DEL	canonical_CDS_exon_deletion	0.000517	0	0	0	0	1	1	0	0	0
CUBN	10	ENSG00000107611	DEL	canonical_CDS_exon_deletion	0.003619	0	0	1	0	1	1	0	0	1
CUL1	7	ENSG00000055130	COMPLEX	complex_deletion_in_CDS	0.000517	0	0	0	0	1	1	0	0	0
CUL2	10	ENSG00000108094	DEL	canonical_CDS_exon_deletion	0.002068	0	1	0	0	0	1	0	0	0
CUL4A	13	ENSG00000139842	DEL	canonical_CDS_exon_deletion	0.000517	0	1	0	0	0	1	0	0	0
CUX1	7	ENSG00000257923	DEL	CDS_deletion_14%_of_canonical	0.371768	145	1	1	1	1	1	1	1	1
CWC15	11	ENSG00000150316	DEL	canonical_CDS_exon_deletion	0.002585	0	1	1	1	1	1	0	0	1
CWC22	2	ENSG00000163510	DEL	canonical_CDS_exon_deletion	0.003102	0	1	0	0	0	1	0	0	0
CXADR	21	ENSG00000154639	DEL	CDS_deletion_24%_of_canonical	0.000517	0	0	0	1	0	1	0	0	0
CXCL11	4	ENSG00000169248	COMPLEX	complex_deletion_in_CDS	0.066184	16	1	1	1	1	1	1	1	1
CXCL9	4	ENSG00000138755	DEL	CDS_deletion_17%_of_canonical	0.000517	0	1	0	0	0	1	0	0	0
CYBC1	17	ENSG00000178927	DEL	CDS_deletion_47%_of_canonical	0.002068	2	0	1	0	1	1	0	1	0
CYFIP1	15	ENSG00000273749	DEL	CDS_deletion_19%_of_canonical	0.009307	3	0	1	0	1	1	0	1	0
CYP11A1	15	ENSG00000140459	DEL	CDS_deletion_17%_of_canonical	0.000517	0	0	1	0	0	1	0	0	0
CYP20A1	2	ENSG00000119004	DEL	canonical_CDS_exon_deletion	0.006205	1	1	1	1	0	1	0	1	0
CYP2A13	19	ENSG00000197838	COMPLEX	complex_over_CDS	0.002068	0	0	0	0	0	0	0	0	0
CYP2A6	19	ENSG00000255974	INS	insertion_in_CDS_exon	0.001034	0	0	0	0	0	0	0	0	0
CYP2A7	19	ENSG00000198077	DEL	CDS_deletion_32%_of_canonical	0.001034	1	0	0	0	0	1	0	1	1
CYP2E1	10	ENSG00000130649	DEL	canonical_CDS_exon_deletion	0.186335	156	1	1	1	1	1	1	1	1
CYP2F1	19	ENSG00000197446	COMPLEX	complex_deletion_in_CDS	0.001034	0	1	0	0	0	1	0	0	0
CYP2J2	1	ENSG00000134716	DEL	canonical_CDS_exon_deletion	0.002068	0	0	0	1	0	1	0	0	0
CYP39A1	6	ENSG00000146233	DEL	canonical_CDS_exon_deletion	0.001034	0	0	1	1	0	1	0	0	0
CYP3A4	7	ENSG00000160868	DEL	canonical_CDS_exon_deletion	0.001034	0	0	1	0	0	1	0	0	1
CYP46A1	14	ENSG00000036530	COMPLEX	complex_deletion_in_CDS	0.009307	0	1	1	1	1	1	0	0	1
CYP4F12	19	ENSG00000186204	DEL	CDS_deletion_49%_of_canonical	0.002585	1	1	0	0	0	1	0	1	1
CYP4F8	19	ENSG00000186526	COMPLEX	complex_over_CDS	0.009307	1	0	0	0	0	0	0	0	0
CYP4X1	1	ENSG00000186377	DEL	CDS_deletion_19%_of_canonical	0.010341	0	1	0	1	1	1	1	0	1
CYP51A1	7	ENSG00000001630	DEL	CDS_deletion_11%_of_canonical	0.002068	0	1	0	0	0	1	0	0	0
CYRIB	8	ENSG00000153310	COMPLEX	complex_deletion_in_CDS	0.170631	44	1	1	1	1	1	1	1	1
CYS1	2	ENSG00000205795	DEL	CDS_deletion_67%_of_canonical	0.000517	0	1	0	0	0	1	0	0	0
CYTH3	7	ENSG00000008256	COMPLEX	complex_over_CDS	0.001034	1	0	0	0	0	0	0	0	0
D2HGDH	2	ENSG00000180902	COMPLEX	complex_deletion_in_CDS	0.002068	0	0	1	0	1	1	0	0	0
DAAM1	14	ENSG00000100592	DEL	CDS_deletion_18%_of_canonical	0.002585	1	1	1	1	1	1	0	1	0
DACT2	6	ENSG00000164488	DEL	canonical_CDS_exon_deletion	0.010858	1	0	0	1	0	1	1	1	1
DAD1	14	ENSG00000129562	COMPLEX	complex_deletion_in_CDS	0.000517	0	0	0	0	0	1	0	0	0
DAGLB	7	ENSG00000164535	DEL	canonical_CDS_exon_deletion	0.001551	0	0	0	1	0	1	0	0	0
DAPK2	15	ENSG00000035664	DEL	CDS_deletion_16%_of_canonical	0.039814	11	1	1	0	1	1	1	1	1
DAPL1	2	ENSG00000163331	DEL	CDS_deletion_36%_of_canonical	0.000517	0	1	0	0	0	1	0	0	0
DAXX	6	ENSG00000204209	COMPLEX	complex_over_CDS	0.001034	0	0	0	0	0	0	0	0	0
DBNDD2	20	ENSG00000244274	COMPLEX	complex_deletion_in_CDS	0.000517	0	0	1	0	0	1	0	0	0
DBR1	3	ENSG00000138231	DEL	canonical_CDS_exon_deletion	0.078076	4	1	1	1	1	1	1	1	1
DCAF10	9	ENSG00000122741	INS	insertion_in_CDS_exon	0.001034	0	0	0	0	0	0	0	0	0
DCAF12	9	ENSG00000198876	COMPLEX	complex_deletion_in_CDS	0.000517	0	1	0	0	0	1	0	0	0
DCAF13	8	ENSG00000164934	INS	insertion_in_CDS_exon	0.002068	1	0	0	0	0	0	0	0	0
DCAF17	2	ENSG00000115827	INS	insertion_in_CDS_exon	0.000517	0	0	0	0	0	0	0	0	0
DCAF6	1	ENSG00000143164	DEL	CDS_deletion_19%_of_canonical	0.000517	0	0	0	0	0	1	0	0	1
DCAKD	17	ENSG00000172992	DEL	canonical_CDS_exon_deletion	0.02637	1	1	1	1	1	1	1	1	1
DCBLD2	3	ENSG00000057019	DEL	canonical_CDS_exon_deletion	0.001034	0	0	1	0	0	1	0	0	1
DCDC1	11	ENSG00000170959	DEL	canonical_CDS_exon_deletion	0.000517	0	0	0	1	0	1	0	0	0
DCDC2C	2	ENSG00000214866	DEL	canonical_CDS_exon_deletion	0.018614	0	1	1	1	1	1	1	0	0
DCHS2	4	ENSG00000197410	DEL	canonical_CDS_exon_deletion	0.001551	1	0	1	0	0	1	0	1	1
DCLRE1C	10	ENSG00000152457	DEL	CDS_deletion_11%_of_canonical	0.482937	240	1	1	1	1	1	1	1	1
DCT	13	ENSG00000080166	DEL	CDS_deletion_13%_of_canonical	0.001034	1	1	0	0	0	1	0	1	0
DCTN6	8	ENSG00000104671	DEL	CDS_deletion_11%_of_canonical	0.000517	0	1	0	0	0	1	0	0	0
DCUN1D1	3	ENSG00000043093	DEL	CDS_deletion_22%_of_canonical	0.000517	0	0	0	0	0	1	0	0	1
DCUN1D2	13	ENSG00000150401	DEL	CDS_deletion_11%_of_canonical	0.050155	46	1	1	1	1	1	1	1	1
DDIAS	11	ENSG00000165490	INS	insertion_in_CDS_exon	0.000517	0	0	0	0	0	0	0	0	0
DDR1	6	ENSG00000204580	DEL	CDS_deletion_10%_of_canonical	0.061013	12	1	1	1	1	1	1	1	1
DDX10	11	ENSG00000178105	DEL	CDS_deletion_18%_of_canonical	0.842296	693	1	1	1	1	1	1	1	1
DDX17	22	ENSG00000100201	INS	insertion_in_CDS_exon	0.001551	0	0	0	0	0	0	0	0	0
DDX19B	16	ENSG00000157349	COMPLEX	complex_over_CDS	0.004654	4	0	0	0	0	0	0	0	0
DDX21	10	ENSG00000165732	DEL	CDS_deletion_23%_of_canonical	0.001551	1	0	1	0	0	1	0	1	0
DDX23	12	ENSG00000174243	COMPLEX	complex_deletion_in_CDS	0.001034	1	0	0	0	0	1	0	1	1
DDX27	20	ENSG00000124228	COMPLEX	complex_deletion_in_CDS	0.012927	0	1	1	0	1	1	1	1	1
DDX47	12	ENSG00000213782	COMPLEX	complex_over_CDS	0.545502	308	0	0	0	0	0	0	0	0
DDX51	12	ENSG00000185163	DEL	canonical_CDS_exon_deletion	0.295243	111	1	1	1	1	1	1	1	1
DDX52	17	ENSG00000278053	DEL	CDS_deletion_20%_of_canonical	0.000517	0	0	0	0	0	1	0	0	1
DDX6	11	ENSG00000110367	DEL	canonical_CDS_exon_deletion	0.001034	0	0	0	1	0	1	0	0	0
DDX60	4	ENSG00000137628	COMPLEX	complex_deletion_in_CDS	0.000517	0	1	0	0	0	1	0	0	0
DDX60L	4	ENSG00000181381	DEL	canonical_CDS_exon_deletion	0.187694	40	1	1	1	1	1	1	1	1
DECR1	8	ENSG00000104325	DEL	canonical_CDS_exon_deletion	0.001034	0	1	0	0	0	1	0	0	0
DECR2	16	ENSG00000242612	DEL	CDS_deletion_14%_of_canonical	0.006722	1	0	0	1	0	1	0	1	0
DEFB121	20	ENSG00000204548	DEL	whole_gene_CDS_deletion	0.000517	0	0	0	1	0	1	0	0	0
DEFB4A	8	ENSG00000171711	DEL	CDS_deletion_70%_of_canonical	0.000517	0	1	0	0	0	1	0	0	0
DEK	6	ENSG00000124795	DEL	canonical_CDS_exon_deletion	0.000517	0	1	0	0	0	1	0	0	0
DELE1	5	ENSG00000081791	DEL	canonical_CDS_exon_deletion	0.969493	908	1	1	1	1	1	1	1	1
DENND11	7	ENSG00000257093	DEL	canonical_CDS_exon_deletion	0.266805	79	1	1	1	1	1	1	1	1
DENND1A	9	ENSG00000119522	DEL	canonical_CDS_exon_deletion	0.001551	1	1	0	0	0	1	0	1	0
DENND1B	1	ENSG00000213047	DEL	canonical_CDS_exon_deletion	0.252327	155	1	1	1	1	1	1	1	1
DENND1C	19	ENSG00000205744	COMPLEX	complex_deletion_in_CDS	0.0212	9	1	0	1	0	1	1	1	1
DENND4C	9	ENSG00000137145	DEL	canonical_CDS_exon_deletion	0.749741	563	1	1	1	1	1	1	1	1
DENND5B	12	ENSG00000170456	DEL	canonical_CDS_exon_deletion	0.010858	2	1	1	0	1	1	1	1	0
DENND6A	3	ENSG00000174839	DEL	CDS_deletion_12%_of_canonical	0.005171	0	0	0	0	1	1	0	0	1
DEPDC4	12	ENSG00000166153	INS	insertion_in_CDS_exon	0.050672	6	0	0	0	0	0	0	0	0
DEPDC5	22	ENSG00000100150	DEL	canonical_CDS_exon_deletion	0.160807	35	1	1	1	1	1	1	1	1
DEPTOR	8	ENSG00000155792	DEL	CDS_deletion_10%_of_canonical	0.046019	9	1	1	0	1	1	1	1	1
DERA	12	ENSG00000023697	COMPLEX	complex_deletion_in_CDS	0.002585	0	0	0	0	0	1	0	0	1
DERPC	16	ENSG00000286140	INS	insertion_in_CDS_exon	0.000517	0	0	0	0	0	0	0	0	0
DES	2	ENSG00000175084	DEL	CDS_deletion_40%_of_canonical	0.010858	5	1	1	0	1	1	1	1	1
DESI2	1	ENSG00000121644	DEL	canonical_CDS_exon_deletion	0.001034	0	1	0	0	1	1	0	0	0
DGKD	2	ENSG00000077044	DEL	CDS_deletion_12%_of_canonical	0.006205	0	1	0	0	0	1	0	0	0
DGKG	3	ENSG00000058866	DEL	canonical_CDS_exon_deletion	0.392451	169	1	1	1	1	1	1	1	1
DGKH	13	ENSG00000102780	DEL	CDS_deletion_90%_of_canonical	0.001034	1	0	0	0	0	1	0	1	1
DGKI	7	ENSG00000157680	DEL	canonical_CDS_exon_deletion	0.000517	0	0	0	0	1	1	0	0	0
DHRS13	17	ENSG00000167536	DEL	whole_gene_CDS_deletion	0.001551	0	1	1	0	0	1	0	0	0
DHRS4L2	14	ENSG00000187630	DEL	canonical_CDS_exon_deletion	0.000517	0	0	0	0	0	1	0	0	1
DHRSX	X	ENSG00000169084	DEL	canonical_CDS_exon_deletion	0.005171	0	0	0	1	0	1	0	0	1
DHX15	4	ENSG00000109606	INS	insertion_in_CDS_exon	0.007756	0	0	0	0	0	0	0	0	0
DHX16	6	ENSG00000204560	DEL	CDS_deletion_36%_of_canonical	0.000517	0	1	0	0	0	1	0	0	0
DHX29	5	ENSG00000067248	DEL	canonical_CDS_exon_deletion	0.000517	0	0	0	0	0	1	0	0	1
DHX30	3	ENSG00000132153	DEL	canonical_CDS_exon_deletion	0.002585	2	1	0	1	0	1	0	1	0
DHX33	17	ENSG00000005100	DEL	canonical_CDS_exon_deletion	0.402275	151	1	1	1	1	1	1	1	1
DHX35	20	ENSG00000101452	DEL	canonical_CDS_exon_deletion	0.002585	0	0	0	1	0	1	0	0	0
DHX36	3	ENSG00000174953	DEL	canonical_CDS_exon_deletion	0.053257	8	1	1	1	1	1	1	1	1
DHX40	17	ENSG00000108406	DEL	canonical_CDS_exon_deletion	0.002068	1	0	0	1	0	1	0	1	0
DHX58	17	ENSG00000108771	DEL	CDS_deletion_31%_of_canonical	0.090486	32	1	1	1	1	1	1	1	1
DHX8	17	ENSG00000067596	DEL	canonical_CDS_exon_deletion	0.001034	0	1	0	0	0	1	0	0	0
DHX9	1	ENSG00000135829	DEL	canonical_CDS_exon_deletion	0.013961	0	1	1	1	0	1	1	0	0
DIAPH3	13	ENSG00000139734	DEL	canonical_CDS_exon_deletion	0.001034	1	1	0	0	0	1	0	1	0
DIDO1	20	ENSG00000101191	DEL	canonical_CDS_exon_deletion	0.136505	15	1	1	1	1	1	1	1	1
DIO2	14	ENSG00000211448	DEL	CDS_deletion_27%_of_canonical	0.014478	12	1	1	0	1	1	1	1	1
DIP2B	12	ENSG00000066084	DEL	canonical_CDS_exon_deletion	0.012927	0	1	1	1	1	1	1	0	1
DIP2C	10	ENSG00000151240	DEL	canonical_CDS_exon_deletion	0.000517	0	0	1	0	0	1	0	0	0
DIS3L2	2	ENSG00000144535	DEL	canonical_CDS_exon_deletion	0.584798	420	1	1	1	1	1	1	1	1
DIXDC1	11	ENSG00000150764	COMPLEX	complex_deletion_in_CDS	0.001034	0	1	0	0	0	1	0	0	0
DLC1	8	ENSG00000164741	DEL	canonical_CDS_exon_deletion	0.001551	0	1	0	0	0	1	0	0	0
DLG2	11	ENSG00000150672	DEL	canonical_CDS_exon_deletion	0.005171	2	1	0	0	1	1	0	1	0
DLG4	17	ENSG00000132535	DEL	canonical_CDS_exon_deletion	0.001034	1	0	0	1	0	1	0	1	0
DLG5	10	ENSG00000151208	DEL	canonical_CDS_exon_deletion	0.000517	0	0	0	1	0	1	0	0	0
DLGAP1	18	ENSG00000170579	DEL	canonical_CDS_exon_deletion	0.027404	1	1	1	1	0	1	1	1	1
DLGAP2	8	ENSG00000198010	DEL	canonical_CDS_exon_deletion	0.110652	24	1	1	1	1	1	1	1	1
DLGAP4	20	ENSG00000080845	DEL	CDS_deletion_17%_of_canonical	0.000517	0	0	0	1	1	1	0	0	0
DLK2	6	ENSG00000171462	DEL	canonical_CDS_exon_deletion	0.000517	0	0	0	0	0	1	0	0	1
DLL1	6	ENSG00000198719	DEL	CDS_deletion_11%_of_canonical	0.125129	30	1	1	1	1	1	1	1	1
DMAC2	19	ENSG00000105341	DEL	canonical_CDS_exon_deletion	0.000517	0	1	0	0	0	1	0	0	0
DMAP1	1	ENSG00000178028	COMPLEX	complex_deletion_in_CDS	0.858325	718	1	1	1	1	1	1	1	1
DMBT1	10	ENSG00000187908	COMPLEX	complex_deletion_in_CDS	0.305584	104	1	1	1	1	1	1	1	1
DMRT2	9	ENSG00000173253	DEL	canonical_CDS_exon_deletion	0.003102	0	1	1	0	0	1	0	0	0
DMRTC2	19	ENSG00000142025	DEL	whole_gene_CDS_deletion	0.001551	1	1	0	0	0	1	0	1	0
DMXL1	5	ENSG00000172869	DEL	CDS_deletion_22%_of_canonical	0.000517	0	1	0	0	0	1	0	0	0
DMXL2	15	ENSG00000104093	DEL	canonical_CDS_exon_deletion	0.31334	179	1	1	1	1	1	1	1	1
DNA2	10	ENSG00000138346	DEL	canonical_CDS_exon_deletion	0.061013	4	1	1	1	1	1	1	1	1
DNAAF1	16	ENSG00000154099	DEL	CDS_deletion_24%_of_canonical	0.000517	0	1	0	0	0	1	0	0	0
DNAAF2	14	ENSG00000165506	INS	insertion_in_CDS_exon	0.000517	0	0	0	0	0	0	0	0	0
DNAAF4	15	ENSG00000256061	DEL	canonical_CDS_exon_deletion	0.358325	154	1	1	1	1	1	1	1	1
DNAAF5	7	ENSG00000164818	DEL	canonical_CDS_exon_deletion	0.202689	95	1	1	1	1	1	1	1	1
DNAAF9	20	ENSG00000088854	DEL	canonical_CDS_exon_deletion	0.000517	0	1	0	0	0	1	0	0	0
DNAH1	3	ENSG00000114841	DEL	canonical_CDS_exon_deletion	1.0	967	1	1	1	1	1	1	1	1
DNAH10	12	ENSG00000197653	DEL	canonical_CDS_exon_deletion	0.101861	14	1	1	1	1	1	1	1	1
DNAH11	7	ENSG00000105877	DEL	canonical_CDS_exon_deletion	0.001551	0	1	0	0	0	1	0	0	1
DNAH12	3	ENSG00000174844	DEL	canonical_CDS_exon_deletion	0.001034	1	0	0	1	0	1	0	1	1
DNAH14	1	ENSG00000185842	DEL	canonical_CDS_exon_deletion	0.002068	2	1	0	1	0	1	0	1	1
DNAH17	17	ENSG00000187775	DEL	canonical_CDS_exon_deletion	0.004136	0	1	1	0	1	1	0	0	1
DNAH2	17	ENSG00000183914	COMPLEX	complex_deletion_in_CDS	0.004136	1	1	1	0	0	1	0	1	0
DNAH3	16	ENSG00000158486	INS	insertion_in_CDS_exon	0.009824	0	0	0	0	0	0	0	0	0
DNAH6	2	ENSG00000115423	DEL	canonical_CDS_exon_deletion	0.000517	0	0	0	1	0	1	0	0	0
DNAH7	2	ENSG00000118997	DEL	canonical_CDS_exon_deletion	0.001034	0	1	0	0	0	1	0	0	0
DNAH8	6	ENSG00000124721	COMPLEX	complex_deletion_in_CDS	0.012409	2	1	1	0	1	1	1	1	1
DNAH9	17	ENSG00000007174	DEL	canonical_CDS_exon_deletion	0.001034	0	1	0	1	0	1	0	0	0
DNAI1	9	ENSG00000122735	DEL	canonical_CDS_exon_deletion	0.018097	0	1	1	1	0	1	1	0	0
DNAJA4	15	ENSG00000140403	DEL	canonical_CDS_exon_deletion	0.001551	0	1	0	0	0	1	0	0	0
DNAJB1	19	ENSG00000132002	COMPLEX	complex_deletion_in_CDS	0.002068	0	1	0	0	1	1	0	0	1
DNAJB12	10	ENSG00000148719	DEL	CDS_deletion_12%_of_canonical	0.002585	0	0	0	0	0	1	0	0	1
DNAJC1	10	ENSG00000136770	DEL	canonical_CDS_exon_deletion	0.002068	1	1	0	0	1	1	0	1	0
DNAJC13	3	ENSG00000138246	DEL	canonical_CDS_exon_deletion	0.000517	0	0	0	0	0	1	0	0	1
DNAJC16	1	ENSG00000116138	DEL	CDS_deletion_11%_of_canonical	0.028438	5	1	1	0	0	1	1	1	0
DNAJC18	5	ENSG00000170464	COMPLEX	complex_deletion_in_CDS	0.001551	0	1	0	0	0	1	0	0	0
DNAJC2	7	ENSG00000105821	DEL	canonical_CDS_exon_deletion	0.004136	0	1	0	0	0	1	0	1	0
DNAJC21	5	ENSG00000168724	DEL	CDS_deletion_11%_of_canonical	0.000517	0	0	0	0	0	1	0	0	1
DNAJC6	1	ENSG00000116675	DEL	canonical_CDS_exon_deletion	0.007756	0	1	1	1	1	1	0	0	1
DNAJC7	17	ENSG00000168259	DEL	canonical_CDS_exon_deletion	0.106515	17	1	1	1	1	1	1	1	1
DNAJC8	1	ENSG00000126698	INS	insertion_in_CDS_exon	0.334023	141	0	0	0	0	0	0	0	0
DNASE1	16	ENSG00000213918	COMPLEX	complex_deletion_in_CDS	0.000517	0	0	1	0	0	1	0	0	0
DNASE1L2	16	ENSG00000167968	DEL	canonical_CDS_exon_deletion	0.002068	0	1	1	1	0	1	0	0	0
DNASE1L3	3	ENSG00000163687	DEL	CDS_deletion_12%_of_canonical	0.000517	0	0	0	0	0	1	0	0	1
DNM2	19	ENSG00000079805	DEL	canonical_CDS_exon_deletion	0.000517	0	0	0	0	0	1	0	0	0
DNM3	1	ENSG00000197959	DEL	canonical_CDS_exon_deletion	0.001034	0	0	0	1	0	1	0	0	1
DNMT1	19	ENSG00000130816	DEL	canonical_CDS_exon_deletion	0.000517	0	1	0	0	0	1	0	0	0
DOC2B	17	ENSG00000272636	DEL	CDS_deletion_30%_of_canonical	0.708376	595	1	1	1	1	1	1	1	1
DOCK1	10	ENSG00000150760	DEL	canonical_CDS_exon_deletion	0.104447	13	1	1	1	1	1	1	1	1
DOCK3	3	ENSG00000088538	INS	insertion_in_CDS_exon	0.928645	836	0	0	0	0	0	0	0	0
DOCK4	7	ENSG00000128512	DEL	canonical_CDS_exon_deletion	0.000517	0	0	1	1	0	1	0	0	0
DOCK5	8	ENSG00000147459	COMPLEX	complex_deletion_in_CDS	0.705791	493	1	1	1	1	1	1	1	1
DOCK6	19	ENSG00000130158	DEL	CDS_deletion_11%_of_canonical	0.000517	0	1	0	0	0	1	0	0	0
DOCK8	9	ENSG00000107099	DEL	canonical_CDS_exon_deletion	0.308687	198	1	1	1	1	1	1	1	1
DOK4	16	ENSG00000125170	INS	insertion_in_CDS_exon	0.001034	0	0	0	0	0	0	0	0	0
DOK6	18	ENSG00000206052	DEL	CDS_deletion_12%_of_canonical	0.022751	6	0	1	1	1	1	1	1	1
DOLK	9	ENSG00000175283	INS	insertion_in_CDS_exon	1.0	967	0	0	0	0	0	0	0	0
DOLPP1	9	ENSG00000167130	DEL	whole_gene_CDS_deletion	0.000517	0	1	0	0	0	1	0	0	0
DOP1B	21	ENSG00000142197	INS	insertion_in_CDS_exon	0.000517	0	0	0	0	0	0	0	0	0
DPEP1	16	ENSG00000015413	COMPLEX	complex_deletion_in_CDS	0.005688	0	1	0	0	0	1	0	0	1
DPF1	19	ENSG00000011332	DEL	canonical_CDS_exon_deletion	0.001034	0	1	0	1	0	1	0	0	0
DPF3	14	ENSG00000205683	DEL	CDS_deletion_23%_of_canonical	0.000517	0	0	0	1	0	1	0	0	0
DPH1	17	ENSG00000108963	INS	insertion_in_CDS_exon	0.001034	0	0	0	0	0	0	0	0	0
DPM1	20	ENSG00000000419	DEL	CDS_deletion_12%_of_canonical	0.002068	1	1	1	0	1	1	0	1	0
DPP10	2	ENSG00000175497	DEL	canonical_CDS_exon_deletion	0.003619	2	1	1	1	0	1	0	1	1
DPP3	11	ENSG00000254986	DEL	canonical_CDS_exon_deletion	0.003102	0	0	0	1	0	1	0	0	0
DPP4	2	ENSG00000197635	DEL	canonical_CDS_exon_deletion	0.002068	0	0	1	0	1	1	0	0	0
DPP6	7	ENSG00000130226	DEL	canonical_CDS_exon_deletion	0.384695	143	1	1	1	1	1	1	1	1
DPP8	15	ENSG00000074603	DEL	canonical_CDS_exon_deletion	0.001034	0	0	0	1	1	1	0	0	0
DPP9	19	ENSG00000142002	DEL	canonical_CDS_exon_deletion	0.001034	0	0	1	0	1	1	0	0	0
DPPA2	3	ENSG00000163530	DEL	CDS_deletion_53%_of_canonical	0.000517	0	1	0	0	0	1	0	0	0
DPY19L1	7	ENSG00000173852	DEL	canonical_CDS_exon_deletion	0.042916	7	1	1	0	0	1	1	1	1
DPY19L2	12	ENSG00000177990	INS	insertion_in_CDS_exon	0.000517	0	0	0	0	0	0	0	0	0
DPY19L3	19	ENSG00000178904	DEL	canonical_CDS_exon_deletion	0.004654	0	0	0	0	0	1	0	0	1
DPYD	1	ENSG00000188641	DEL	canonical_CDS_exon_deletion	0.000517	0	0	0	0	1	1	0	0	0
DPYS	8	ENSG00000147647	DEL	canonical_CDS_exon_deletion	0.000517	0	0	0	0	0	1	0	0	1
DPYSL5	2	ENSG00000157851	INS	insertion_in_CDS_exon	0.018097	1	0	0	0	0	0	0	0	0
DROSHA	5	ENSG00000113360	DEL	canonical_CDS_exon_deletion	0.051189	6	1	1	0	1	1	1	1	1
DSCAM	21	ENSG00000171587	DEL	canonical_CDS_exon_deletion	0.299897	101	1	1	1	1	1	1	1	1
DSCAML1	11	ENSG00000177103	COMPLEX	complex_deletion_in_CDS	0.001034	1	0	1	0	0	1	0	1	0
DSEL	18	ENSG00000171451	INS	insertion_in_CDS_exon	0.000517	0	0	0	0	0	0	0	0	0
DSG1	18	ENSG00000134760	DEL	canonical_CDS_exon_deletion	0.000517	0	0	0	1	0	1	0	0	0
DSG4	18	ENSG00000175065	DEL	canonical_CDS_exon_deletion	0.014478	5	1	0	0	0	1	1	1	0
DST	6	ENSG00000151914	DEL	canonical_CDS_exon_deletion	0.002068	0	1	0	0	1	1	0	0	1
DTD2	14	ENSG00000129480	DEL	CDS_deletion_14%_of_canonical	0.000517	0	1	0	0	0	1	0	0	0
DTL	1	ENSG00000143476	DEL	CDS_deletion_10%_of_canonical	0.027921	12	1	1	1	1	1	1	1	1
DTNBP1	6	ENSG00000047579	DEL	canonical_CDS_exon_deletion	0.001551	0	1	0	0	0	1	0	0	0
DTWD2	5	ENSG00000169570	DEL	CDS_deletion_24%_of_canonical	0.000517	0	0	1	1	0	1	0	0	0
DTX2	7	ENSG00000091073	COMPLEX	complex_over_CDS	0.067218	10	0	0	0	0	0	0	0	0
DUS1L	17	ENSG00000169718	COMPLEX	complex_deletion_in_CDS	0.208893	58	1	1	1	1	1	1	1	1
DUSP13	10	ENSG00000079393	DEL	whole_gene_CDS_deletion	0.002068	0	1	0	0	1	1	0	0	0
DUSP29	10	ENSG00000188716	DEL	whole_gene_CDS_deletion	0.002068	0	1	0	0	1	1	0	0	0
DUSP5	10	ENSG00000138166	DEL	CDS_deletion_13%_of_canonical	0.001034	1	0	0	0	0	1	0	1	1
DUXA	19	ENSG00000258873	DEL	CDS_deletion_24%_of_canonical	0.000517	0	0	0	0	0	1	0	0	1
DVL1	1	ENSG00000107404	INS	insertion_in_CDS_exon	0.003102	0	0	0	0	0	0	0	0	0
DVL3	3	ENSG00000161202	INS	insertion_in_CDS_exon	0.381076	219	0	0	0	0	0	0	0	0
DYM	18	ENSG00000141627	DEL	canonical_CDS_exon_deletion	0.001551	0	0	1	0	1	1	0	0	0
DYNC2H1	11	ENSG00000187240	DEL	canonical_CDS_exon_deletion	0.000517	0	0	0	0	0	1	0	0	1
DYNC2I1	7	ENSG00000126870	COMPLEX	complex_deletion_in_CDS	0.399068	196	1	1	1	1	1	1	1	1
DYRK1A	21	ENSG00000157540	DEL	CDS_deletion_13%_of_canonical	0.006205	2	1	0	0	1	1	0	1	1
DYRK2	12	ENSG00000127334	COMPLEX	complex_over_CDS	0.000517	0	0	0	0	0	0	0	0	0
DYRK3	1	ENSG00000143479	DEL	canonical_CDS_exon_deletion	0.471044	209	1	1	1	1	1	1	1	1
DZIP3	3	ENSG00000198919	DEL	canonical_CDS_exon_deletion	0.001034	0	0	0	1	0	1	0	0	0
E2F2	1	ENSG00000007968	COMPLEX	complex_deletion_in_CDS	0.001034	0	1	0	1	1	1	0	0	0
E2F7	12	ENSG00000165891	COMPLEX	complex_over_CDS	0.001034	0	0	0	0	0	0	0	0	0
EAPP	14	ENSG00000129518	DEL	CDS_deletion_32%_of_canonical	0.000517	0	0	1	0	0	1	0	0	0
EARS2	16	ENSG00000103356	INS	insertion_in_CDS_exon	0.024302	0	0	0	0	0	0	0	0	0
EBF1	5	ENSG00000164330	DEL	canonical_CDS_exon_deletion	0.001034	0	1	0	0	0	1	0	0	0
EBF2	8	ENSG00000221818	DEL	canonical_CDS_exon_deletion	0.000517	0	1	0	0	0	1	0	0	0
ECE2	3	ENSG00000145194	DEL	CDS_deletion_34%_of_canonical	0.736298	554	1	1	1	1	1	1	1	1
ECI2	6	ENSG00000198721	DEL	CDS_deletion_10%_of_canonical	0.002068	0	1	0	0	0	1	0	0	0
ECSCR	5	ENSG00000249751	DEL	canonical_CDS_exon_deletion	0.000517	0	0	0	1	0	1	0	0	0
EDEM3	1	ENSG00000116406	DEL	canonical_CDS_exon_deletion	0.001551	0	0	1	0	0	1	0	0	1
EDRF1	10	ENSG00000107938	DEL	CDS_deletion_13%_of_canonical	0.000517	0	0	0	0	0	1	0	0	1
EED	11	ENSG00000074266	COMPLEX	complex_deletion_in_CDS	0.298345	78	1	1	1	1	1	1	1	1
EEF1AKMT4-ECE2	3	ENSG00000284917	DEL	CDS_deletion_26%_of_canonical	0.736298	554	1	1	1	1	1	1	1	1
EEF1D	8	ENSG00000104529	DEL	canonical_CDS_exon_deletion	0.001034	0	1	1	0	0	1	0	0	0
EEF1E1	6	ENSG00000124802	COMPLEX	complex_deletion_in_CDS	0.003102	0	0	0	1	0	1	0	0	0
EEF1E1-BLOC1S5	6	ENSG00000265818	COMPLEX	complex_deletion_in_CDS	0.003102	0	0	0	1	0	1	0	0	0
EEF2K	16	ENSG00000103319	DEL	CDS_deletion_11%_of_canonical	0.001034	0	1	0	0	0	1	0	0	1
EEF2KMT	16	ENSG00000118894	DEL	CDS_deletion_56%_of_canonical	0.006722	0	0	1	1	0	1	0	0	1
EEIG2	1	ENSG00000162636	DEL	canonical_CDS_exon_deletion	0.001034	0	1	0	0	0	1	0	0	1
EFCAB2	1	ENSG00000203666	COMPLEX	complex_over_CDS	0.280765	88	0	0	0	0	0	0	0	0
EFCAB5	17	ENSG00000176927	DEL	canonical_CDS_exon_deletion	0.001034	0	0	0	0	0	1	0	0	1
EFCAB8	20	ENSG00000215529	DEL	canonical_CDS_exon_deletion	0.066701	12	1	1	1	1	1	1	1	1
EFEMP1	2	ENSG00000115380	INS	insertion_in_CDS_exon	0.039297	0	0	0	0	0	0	0	0	0
EFEMP2	11	ENSG00000172638	INS	insertion_in_CDS_exon	0.007239	0	0	0	0	0	0	0	0	0
EFHB	3	ENSG00000163576	DEL	CDS_deletion_32%_of_canonical	0.001034	1	0	0	0	0	1	0	1	1
EFHC1	6	ENSG00000096093	COMPLEX	complex_over_CDS	0.001034	1	0	0	0	0	0	0	0	0
EFL1	15	ENSG00000140598	COMPLEX	complex_deletion_in_CDS	0.040331	2	1	1	1	1	1	1	1	1
EHMT1	9	ENSG00000181090	DEL	canonical_CDS_exon_deletion	0.001551	0	1	0	0	1	1	0	0	0
EHMT2	6	ENSG00000204371	DEL	CDS_deletion_76%_of_canonical	0.375388	200	1	1	1	1	1	1	1	1
EID1	15	ENSG00000255302	INS	insertion_in_CDS_exon	0.002068	0	0	0	0	0	0	0	0	0
EID2B	19	ENSG00000176401	DEL	whole_gene_CDS_deletion	0.001034	0	1	0	0	1	1	0	0	0
EIF2AK1	7	ENSG00000086232	DEL	canonical_CDS_exon_deletion	0.008273	1	1	1	1	1	1	0	1	1
EIF2AK3	2	ENSG00000172071	DEL	canonical_CDS_exon_deletion	0.000517	0	0	0	1	0	1	0	0	0
EIF2AK4	15	ENSG00000128829	COMPLEX	complex_deletion_in_CDS	0.006205	5	1	0	1	0	1	0	1	0
EIF3CL	16	ENSG00000205609	DEL	canonical_CDS_exon_deletion	0.001551	0	1	0	0	0	1	0	0	0
EIF3K	19	ENSG00000178982	DEL	CDS_deletion_19%_of_canonical	0.000517	0	1	0	0	0	1	0	0	0
EIF4E1B	5	ENSG00000175766	DEL	CDS_deletion_50%_of_canonical	0.001034	0	1	0	0	0	1	0	0	1
EIF4G3	1	ENSG00000075151	DEL	canonical_CDS_exon_deletion	0.000517	0	1	0	0	0	1	0	0	0
EIF4H	7	ENSG00000106682	DEL	canonical_CDS_exon_deletion	0.039297	27	1	1	1	1	1	1	1	1
EIPR1	2	ENSG00000032389	DEL	CDS_deletion_11%_of_canonical	0.180455	108	1	1	1	1	1	1	1	1
ELAVL3	19	ENSG00000196361	DEL	CDS_deletion_23%_of_canonical	0.001034	1	1	1	0	0	1	0	1	0
ELF1	13	ENSG00000120690	DEL	CDS_deletion_32%_of_canonical	0.000517	0	0	0	0	0	1	0	0	1
ELF2	4	ENSG00000109381	DEL	CDS_deletion_67%_of_canonical	0.000517	0	0	0	1	0	1	0	0	0
ELMO1	7	ENSG00000155849	COMPLEX	complex_over_CDS	0.001034	0	0	0	0	0	0	0	0	0
ELMO2	20	ENSG00000062598	DEL	canonical_CDS_exon_deletion	0.006722	2	1	0	0	0	1	0	1	0
ELMOD3	2	ENSG00000115459	INS	insertion_in_CDS_exon	0.000517	0	0	0	0	0	0	0	0	0
ELN	7	ENSG00000049540	COMPLEX	complex_deletion_in_CDS	0.787487	611	1	1	1	1	1	1	1	1
ELOVL3	10	ENSG00000119915	DEL	CDS_deletion_16%_of_canonical	0.000517	0	0	0	1	0	1	0	0	0
ELP1	9	ENSG00000070061	COMPLEX	complex_deletion_in_CDS	0.059979	9	1	1	1	1	1	1	1	1
ELP4	11	ENSG00000109911	DEL	CDS_deletion_18%_of_canonical	0.197001	53	1	1	1	1	1	1	1	1
ELSPBP1	19	ENSG00000169393	DEL	CDS_deletion_18%_of_canonical	0.699069	544	1	1	1	1	1	1	1	1
EMB	5	ENSG00000170571	DEL	canonical_CDS_exon_deletion	0.960186	899	1	1	1	1	1	1	1	1
EMC1	1	ENSG00000127463	DEL	CDS_deletion_31%_of_canonical	0.000517	0	1	0	0	0	1	0	0	0
EMC3	3	ENSG00000125037	DEL	CDS_deletion_10%_of_canonical	0.000517	0	1	0	0	0	1	0	0	1
EMC6	17	ENSG00000127774	DEL	canonical_CDS_exon_deletion	0.000517	0	0	0	0	0	1	0	0	1
EMC7	15	ENSG00000134153	DEL	CDS_deletion_17%_of_canonical	0.676836	464	1	1	1	1	1	1	1	1
EMC8	16	ENSG00000131148	COMPLEX	complex_deletion_in_CDS	0.000517	0	0	0	1	0	1	0	0	0
EML1	14	ENSG00000066629	DEL	canonical_CDS_exon_deletion	0.003102	0	1	1	0	0	1	0	0	1
EML2	19	ENSG00000125746	DEL	CDS_deletion_13%_of_canonical	0.013444	0	1	1	1	1	1	1	1	1
EMSY	11	ENSG00000158636	INS	insertion_in_CDS_exon	0.000517	0	0	0	0	0	0	0	0	0
EMX1	2	ENSG00000135638	DEL	CDS_deletion_21%_of_canonical	0.000517	0	0	0	0	1	1	0	0	0
EN2	7	ENSG00000164778	DEL	CDS_deletion_69%_of_canonical	0.001034	1	0	0	0	0	1	0	1	1
ENDOV	17	ENSG00000173818	DEL	canonical_CDS_exon_deletion	0.161841	78	1	1	1	1	1	1	1	1
ENKD1	16	ENSG00000124074	DEL	CDS_deletion_44%_of_canonical	0.001034	0	0	0	0	1	1	0	0	0
ENO3	17	ENSG00000108515	DEL	CDS_deletion_34%_of_canonical	0.000517	0	0	0	0	1	1	0	0	0
ENO4	10	ENSG00000188316	DEL	CDS_deletion_14%_of_canonical	0.000517	0	0	0	0	0	1	0	0	1
ENOX1	13	ENSG00000120658	DEL	canonical_CDS_exon_deletion	0.000517	0	0	1	0	0	1	0	0	0
ENPP1	6	ENSG00000197594	COMPLEX	complex_deletion_in_CDS	0.005688	0	1	1	1	0	1	0	0	1
ENPP2	8	ENSG00000136960	DEL	canonical_CDS_exon_deletion	0.001034	0	1	0	0	0	1	0	0	1
ENPP3	6	ENSG00000154269	COMPLEX	complex_over_CDS	0.142709	30	0	0	0	0	0	0	0	0
ENSG00000100101	22	ENSG00000100101	DEL	canonical_CDS_exon_deletion	0.086867	6	1	1	1	1	1	1	1	1
ENSG00000131152	16	ENSG00000131152	DEL	CDS_deletion_55%_of_canonical	0.000517	0	0	0	0	0	1	0	0	1
ENSG00000141979	19	ENSG00000141979	COMPLEX	complex_over_CDS	0.002068	0	0	0	0	0	0	0	0	0
ENSG00000142539	19	ENSG00000142539	DEL	CDS_deletion_25%_of_canonical	0.001034	0	1	1	1	0	1	0	0	0
ENSG00000188897	16	ENSG00000188897	DEL	canonical_CDS_exon_deletion	0.000517	0	0	0	0	1	1	0	0	0
ENSG00000203546	14	ENSG00000203546	DEL	CDS_deletion_35%_of_canonical	0.000517	0	1	0	0	0	1	0	0	0
ENSG00000204003	9	ENSG00000204003	COMPLEX	complex_over_CDS	0.002068	2	0	0	0	0	0	0	0	0
ENSG00000205236	7	ENSG00000205236	COMPLEX	complex_deletion_in_CDS	0.000517	0	1	0	0	0	1	0	0	0
ENSG00000213204	6	ENSG00000213204	COMPLEX	complex_deletion_in_CDS	0.001551	1	1	1	0	0	1	0	1	0
ENSG00000214265	15	ENSG00000214265	DEL	CDS_deletion_48%_of_canonical	0.001034	0	1	0	0	0	1	0	0	0
ENSG00000228144	12	ENSG00000228144	COMPLEX	complex_over_CDS	0.001551	0	0	0	0	0	0	0	0	0
ENSG00000249319	7	ENSG00000249319	DEL	canonical_CDS_exon_deletion	0.000517	0	0	0	0	0	1	0	0	1
ENSG00000250264	6	ENSG00000250264	COMPLEX	complex_over_CDS	0.016546	0	0	0	0	0	0	0	0	0
ENSG00000250424	7	ENSG00000250424	INS	insertion_in_CDS_exon	0.014478	0	0	0	0	0	0	0	0	0
ENSG00000251357	22	ENSG00000251357	DEL	CDS_deletion_10%_of_canonical	0.001034	0	0	1	0	1	1	0	0	0
ENSG00000251537	17	ENSG00000251537	DEL	CDS_deletion_10%_of_canonical	0.034126	6	1	1	1	0	1	1	1	1
ENSG00000254536	10	ENSG00000254536	DEL	canonical_CDS_exon_deletion	0.003102	0	1	1	0	0	1	0	0	1
ENSG00000254553	1	ENSG00000254553	DEL	CDS_deletion_12%_of_canonical	0.001034	1	0	1	0	0	1	0	1	0
ENSG00000254692	14	ENSG00000254692	INS	insertion_in_CDS_exon	0.000517	0	0	0	0	0	0	0	0	0
ENSG00000254706	1	ENSG00000254706	COMPLEX	complex_over_CDS	0.951396	879	0	0	0	0	0	0	0	0
ENSG00000255330	6	ENSG00000255330	COMPLEX	complex_over_CDS	0.006722	1	0	0	0	0	0	0	0	0
ENSG00000255432	11	ENSG00000255432	DEL	CDS_deletion_12%_of_canonical	0.000517	0	0	0	0	0	1	0	0	1
ENSG00000255639	12	ENSG00000255639	DEL	CDS_deletion_35%_of_canonical	0.001034	1	0	0	1	0	1	0	1	0
ENSG00000256825	12	ENSG00000256825	DEL	CDS_deletion_21%_of_canonical	0.932782	844	1	1	1	1	1	1	1	1
ENSG00000257767	12	ENSG00000257767	DEL	CDS_deletion_28%_of_canonical	0.001551	1	1	0	0	0	1	0	1	0
ENSG00000259784	16	ENSG00000259784	COMPLEX	complex_deletion_in_CDS	0.001551	1	1	1	1	0	1	0	1	0
ENSG00000259900	16	ENSG00000259900	INS	insertion_in_CDS_exon	0.000517	0	0	0	0	0	0	0	0	0
ENSG00000260234	3	ENSG00000260234	DEL	CDS_deletion_25%_of_canonical	0.000517	0	0	0	1	0	1	0	0	0
ENSG00000260272	16	ENSG00000260272	COMPLEX	complex_deletion_in_CDS	0.001551	1	1	1	1	0	1	0	1	0
ENSG00000260537	16	ENSG00000260537	COMPLEX	complex_over_CDS	0.004654	4	0	0	0	0	0	0	0	0
ENSG00000260914	16	ENSG00000260914	COMPLEX	complex_deletion_in_CDS	0.000517	0	0	0	0	0	1	0	0	1
ENSG00000261147	15	ENSG00000261147	DEL	CDS_deletion_39%_of_canonical	0.005171	2	1	1	0	1	1	0	1	0
ENSG00000261459	16	ENSG00000261459	DEL	whole_gene_CDS_deletion	0.940021	890	1	1	1	1	1	1	1	1
ENSG00000262304	17	ENSG00000262304	DEL	CDS_deletion_20%_of_canonical	0.000517	0	1	0	1	0	1	0	0	0
ENSG00000262633	17	ENSG00000262633	DEL	canonical_CDS_exon_deletion	0.000517	0	1	0	0	0	1	0	0	0
ENSG00000262660	17	ENSG00000262660	DEL	canonical_CDS_exon_deletion	0.046536	5	1	1	0	1	1	1	1	1
ENSG00000263020	6	ENSG00000263020	COMPLEX	complex_deletion_in_CDS	0.008273	2	1	1	1	1	1	0	1	0
ENSG00000264813	17	ENSG00000264813	DEL	canonical_CDS_exon_deletion	0.000517	0	0	0	0	0	1	0	0	1
ENSG00000266086	17	ENSG00000266086	COMPLEX	complex_deletion_in_CDS	0.454498	310	1	1	1	1	1	1	1	1
ENSG00000266202	17	ENSG00000266202	DEL	CDS_deletion_19%_of_canonical	0.003102	0	0	1	0	1	1	0	1	1
ENSG00000266302	17	ENSG00000266302	COMPLEX	complex_deletion_in_CDS	0.798862	627	1	1	1	1	1	1	1	1
ENSG00000266728	17	ENSG00000266728	DEL	whole_gene_CDS_deletion	0.040331	7	1	1	1	1	1	1	1	1
ENSG00000267001	19	ENSG00000267001	DEL	CDS_deletion_34%_of_canonical	1.0	967	1	1	1	1	1	1	1	1
ENSG00000267228	18	ENSG00000267228	DEL	CDS_deletion_100%_of_canonical	0.987073	946	1	1	1	1	1	1	1	1
ENSG00000267477	19	ENSG00000267477	DEL	CDS_deletion_16%_of_canonical	0.000517	0	1	0	0	0	1	0	0	0
ENSG00000267706	19	ENSG00000267706	DEL	canonical_CDS_exon_deletion	0.003102	0	1	0	0	0	1	0	0	0
ENSG00000268163	19	ENSG00000268163	DEL	CDS_deletion_32%_of_canonical	0.001551	0	1	0	0	0	1	0	0	0
ENSG00000268279	3	ENSG00000268279	DEL	CDS_deletion_30%_of_canonical	0.098759	12	1	1	1	1	1	1	1	1
ENSG00000268643	19	ENSG00000268643	COMPLEX	complex_deletion_in_CDS	0.000517	0	1	0	0	0	1	0	0	0
ENSG00000268750	19	ENSG00000268750	COMPLEX	complex_deletion_in_CDS	0.041365	2	1	1	1	1	1	1	1	1
ENSG00000268870	19	ENSG00000268870	DEL	canonical_CDS_exon_deletion	0.001551	1	1	0	0	0	1	0	1	0
ENSG00000269307	19	ENSG00000269307	DEL	CDS_deletion_56%_of_canonical	0.001034	0	0	0	1	0	1	0	0	0
ENSG00000269403	19	ENSG00000269403	DEL	CDS_deletion_89%_of_canonical	0.000517	0	0	1	0	0	1	0	0	0
ENSG00000269476	19	ENSG00000269476	COMPLEX	complex_deletion_in_CDS	0.178904	52	1	1	1	1	1	1	1	1
ENSG00000269533	19	ENSG00000269533	DEL	CDS_deletion_13%_of_canonical	0.001551	0	1	0	0	0	1	0	0	1
ENSG00000271741	1	ENSG00000271741	DEL	canonical_CDS_exon_deletion	0.000517	0	0	1	0	0	1	0	0	0
ENSG00000272772	5	ENSG00000272772	DEL	CDS_deletion_17%_of_canonical	0.001034	1	0	0	0	0	1	0	1	1
ENSG00000273167	13	ENSG00000273167	DEL	canonical_CDS_exon_deletion	0.000517	0	0	0	0	1	1	0	0	0
ENSG00000273171	17	ENSG00000273171	COMPLEX	complex_deletion_in_CDS	0.003102	0	1	1	0	0	1	0	0	0
ENSG00000275740	5	ENSG00000275740	COMPLEX	complex_deletion_in_CDS	0.001034	1	0	0	0	0	1	0	1	1
ENSG00000275778	12	ENSG00000275778	DEL	CDS_deletion_88%_of_canonical	0.000517	0	0	0	0	0	1	0	0	1
ENSG00000276418	8	ENSG00000276418	DEL	CDS_deletion_14%_of_canonical	0.001034	1	1	0	0	0	1	0	1	0
ENSG00000279686	5	ENSG00000279686	DEL	canonical_CDS_exon_deletion	0.000517	0	0	0	1	0	1	0	0	0
ENSG00000279983	5	ENSG00000279983	DEL	CDS_deletion_67%_of_canonical	0.084281	39	1	1	1	1	1	1	1	1
ENSG00000281938	5	ENSG00000281938	DEL	canonical_CDS_exon_deletion	0.277663	88	1	1	1	1	1	1	1	1
ENSG00000282034	16	ENSG00000282034	DEL	canonical_CDS_exon_deletion	0.001551	1	1	0	1	1	1	0	1	1
ENSG00000283189	3	ENSG00000283189	DEL	CDS_deletion_32%_of_canonical	0.000517	0	0	0	0	0	1	0	0	1
ENSG00000283782	5	ENSG00000283782	COMPLEX	complex_deletion_in_CDS	0.004654	0	1	1	1	0	1	0	0	0
ENSG00000284292	7	ENSG00000284292	INS	insertion_in_CDS_exon	0.002068	0	0	0	0	0	0	0	0	0
ENSG00000284554	22	ENSG00000284554	DEL	CDS_deletion_82%_of_canonical	0.000517	0	0	0	0	0	1	0	0	0
ENSG00000284762	5	ENSG00000284762	COMPLEX	complex_deletion_in_CDS	0.000517	0	0	0	0	1	1	0	0	0
ENSG00000284946	15	ENSG00000284946	DEL	canonical_CDS_exon_deletion	0.969462	922	1	1	1	1	1	1	1	1
ENSG00000285188	19	ENSG00000285188	DEL	canonical_CDS_exon_deletion	0.000517	0	0	1	0	0	1	0	0	0
ENSG00000285238	12	ENSG00000285238	DEL	canonical_CDS_exon_deletion	0.000517	0	0	0	1	0	1	0	0	0
ENSG00000285283	11	ENSG00000285283	DEL	CDS_deletion_44%_of_canonical	0.000517	0	1	0	0	0	1	0	0	0
ENSG00000285330	4	ENSG00000285330	DEL	canonical_CDS_exon_deletion	0.013961	0	0	0	0	0	1	1	0	1
ENSG00000285444	13	ENSG00000285444	DEL	CDS_deletion_65%_of_canonical	0.005688	3	1	1	0	0	1	0	1	0
ENSG00000285526	19	ENSG00000285526	DEL	CDS_deletion_88%_of_canonical	0.000517	0	0	0	1	0	1	0	0	0
ENSG00000285982	8	ENSG00000285982	DEL	CDS_deletion_14%_of_canonical	0.000517	0	0	0	0	1	1	0	0	0
ENSG00000286001	5	ENSG00000286001	DEL	canonical_CDS_exon_deletion	0.001034	0	1	1	0	0	1	0	0	0
ENSG00000286143	2	ENSG00000286143	COMPLEX	complex_deletion_in_CDS	0.336608	137	1	1	1	1	1	1	1	1
ENSG00000286264	11	ENSG00000286264	INS	insertion_in_CDS_exon	0.000517	0	0	0	0	0	0	0	0	0
ENSG00000287694	16	ENSG00000287694	DEL	canonical_CDS_exon_deletion	0.000517	0	0	0	1	0	1	0	0	0
ENSG00000287725	11	ENSG00000287725	COMPLEX	complex_deletion_in_CDS	0.374871	176	1	1	1	1	1	1	1	1
ENSG00000288520	6	ENSG00000288520	COMPLEX	complex_deletion_in_CDS	0.000517	0	0	0	0	1	1	0	0	0
ENSG00000288614	6	ENSG00000288614	DEL	whole_gene_CDS_deletion	0.000517	0	0	0	1	0	1	0	0	0
ENSG00000288623	12	ENSG00000288623	DEL	CDS_deletion_55%_of_canonical	0.000517	0	1	0	0	0	1	0	0	0
ENSG00000288626	1	ENSG00000288626	DEL	whole_gene_CDS_deletion	0.001551	0	1	1	0	0	1	0	0	0
ENSG00000288637	4	ENSG00000288637	DEL	canonical_CDS_exon_deletion	0.002585	0	1	1	0	0	1	0	0	0
ENSG00000288671	19	ENSG00000288671	COMPLEX	complex_over_CDS	0.18666	26	0	0	0	0	0	0	0	0
ENSG00000288678	1	ENSG00000288678	COMPLEX	complex_deletion_in_CDS	0.000517	0	0	0	0	0	1	0	0	0
ENSG00000288681	11	ENSG00000288681	COMPLEX	complex_deletion_in_CDS	0.425026	252	1	1	1	1	1	1	1	1
ENSG00000288684	9	ENSG00000288684	INS	insertion_in_CDS_exon	0.002585	0	0	0	0	0	0	0	0	0
ENSG00000288711	21	ENSG00000288711	DEL	canonical_CDS_exon_deletion	0.001034	1	0	0	1	0	1	0	1	0
ENSG00000289027	7	ENSG00000289027	DEL	canonical_CDS_exon_deletion	0.002068	0	1	0	0	0	1	0	0	0
ENSG00000289346	7	ENSG00000289346	COMPLEX	complex_over_CDS	0.046019	2	0	0	0	0	0	0	0	0
ENSG00000289491	16	ENSG00000289491	DEL	CDS_deletion_84%_of_canonical	0.940021	890	1	1	1	1	1	1	1	1
ENSG00000289685	2	ENSG00000289685	COMPLEX	complex_deletion_in_CDS	0.27818	89	1	1	1	1	1	1	1	1
ENSG00000289690	7	ENSG00000289690	DEL	CDS_deletion_92%_of_canonical	0.000517	0	0	0	1	0	1	0	0	0
ENSG00000289695	12	ENSG00000289695	COMPLEX	complex_deletion_in_CDS	0.007756	7	1	0	1	0	1	0	1	1
ENSG00000289697	1	ENSG00000289697	DEL	canonical_CDS_exon_deletion	0.000517	0	0	0	0	0	1	0	0	1
ENSG00000289700	1	ENSG00000289700	COMPLEX	complex_deletion_in_CDS	0.149948	25	1	1	1	1	1	1	1	1
ENSG00000289701	9	ENSG00000289701	COMPLEX	complex_deletion_in_CDS	0.001034	0	1	1	0	0	1	0	0	0
ENSG00000289809	3	ENSG00000289809	DEL	canonical_CDS_exon_deletion	0.001034	0	0	0	0	0	1	0	0	1
ENSG00000290147	6	ENSG00000290147	DEL	CDS_deletion_33%_of_canonical	0.000517	0	0	0	0	0	1	0	0	1
ENSG00000290230	8	ENSG00000290230	COMPLEX	complex_over_CDS	0.025336	8	0	0	0	0	0	0	0	0
ENSG00000291316	8	ENSG00000291316	DEL	CDS_deletion_38%_of_canonical	0.016029	4	1	1	1	0	1	1	1	1
ENTPD3	3	ENSG00000168032	DEL	CDS_deletion_24%_of_canonical	0.003102	2	1	1	0	0	1	0	1	1
ENTPD5	14	ENSG00000187097	DEL	CDS_deletion_32%_of_canonical	0.012927	3	1	1	0	1	1	1	1	0
EP300	22	ENSG00000100393	DEL	canonical_CDS_exon_deletion	0.001034	1	0	0	0	0	1	0	1	1
EP400	12	ENSG00000183495	INS	insertion_in_CDS_exon	0.001551	0	0	0	0	0	0	0	0	0
EPAS1	2	ENSG00000116016	COMPLEX	complex_deletion_in_CDS	0.006205	0	1	1	1	1	1	0	0	1
EPB41L1	20	ENSG00000088367	INS	insertion_in_CDS_exon	0.001034	0	0	0	0	0	0	0	0	0
EPB41L4B	9	ENSG00000095203	INS	insertion_in_CDS_exon	0.001034	0	0	0	0	0	0	0	0	0
EPC1	10	ENSG00000120616	DEL	CDS_deletion_21%_of_canonical	0.009824	7	1	1	0	1	1	0	1	1
EPG5	18	ENSG00000152223	DEL	canonical_CDS_exon_deletion	0.001034	0	1	0	0	0	1	0	0	0
EPHA1	7	ENSG00000146904	DEL	whole_gene_CDS_deletion	0.170114	84	1	1	1	1	1	1	1	1
EPHA3	3	ENSG00000044524	DEL	canonical_CDS_exon_deletion	0.022234	7	1	1	1	1	1	1	1	1
EPHA4	2	ENSG00000116106	DEL	canonical_CDS_exon_deletion	0.001551	0	1	0	1	0	1	0	0	0
EPHA5	4	ENSG00000145242	INS	insertion_in_CDS_exon	0.005171	0	0	0	0	0	0	0	0	0
EPN1	19	ENSG00000063245	DEL	CDS_deletion_10%_of_canonical	0.437952	192	1	1	1	1	1	1	1	1
EPO	7	ENSG00000130427	DEL	CDS_deletion_40%_of_canonical	0.000517	0	0	0	1	0	1	0	0	0
EPS15	1	ENSG00000085832	DEL	canonical_CDS_exon_deletion	0.001551	0	1	0	0	0	1	0	0	0
EPS15L1	19	ENSG00000127527	DEL	canonical_CDS_exon_deletion	0.005171	2	0	0	1	0	1	0	1	0
EPS8	12	ENSG00000151491	DEL	canonical_CDS_exon_deletion	0.001034	0	1	0	0	0	1	0	0	0
EPYC	12	ENSG00000083782	COMPLEX	complex_deletion_in_CDS	0.002585	1	1	1	1	0	1	0	1	0
ERBB2	17	ENSG00000141736	DEL	canonical_CDS_exon_deletion	0.006205	0	1	0	0	0	1	0	0	0
ERBB4	2	ENSG00000178568	DEL	canonical_CDS_exon_deletion	0.004654	2	1	0	1	1	1	0	1	0
ERBIN	5	ENSG00000112851	DEL	canonical_CDS_exon_deletion	0.320062	118	1	1	1	1	1	1	1	1
ERC2	3	ENSG00000187672	DEL	canonical_CDS_exon_deletion	0.585832	357	1	1	1	1	1	1	1	1
ERCC2	19	ENSG00000104884	DEL	CDS_deletion_23%_of_canonical	0.015512	3	1	1	0	0	1	1	1	0
ERCC5	13	ENSG00000134899	COMPLEX	complex_deletion_in_CDS	0.012927	0	1	0	1	0	1	1	0	0
ERCC6	10	ENSG00000225830	INS	insertion_in_CDS_exon	0.060496	7	0	0	0	0	0	0	0	0
ERCC6L2	9	ENSG00000182150	COMPLEX	complex_over_CDS	0.007756	1	0	0	0	0	0	0	0	0
ERCC8	5	ENSG00000049167	DEL	canonical_CDS_exon_deletion	0.000517	0	0	0	0	1	1	0	0	0
EREG	4	ENSG00000124882	DEL	canonical_CDS_exon_deletion	0.480869	252	1	1	1	1	1	1	1	1
ERI2	16	ENSG00000196678	INS	insertion_in_CDS_exon	0.003102	0	0	0	0	0	0	0	0	0
ERI3	1	ENSG00000117419	INS	insertion_in_CDS_exon	0.001551	0	0	0	0	0	0	0	0	0
ERP44	9	ENSG00000023318	COMPLEX	complex_deletion_in_CDS	0.003619	0	1	1	1	0	1	0	0	1
ERVK3-1	19	ENSG00000142396	DEL	CDS_deletion_62%_of_canonical	0.77818	602	1	1	1	1	1	1	1	1
ERVV-1	19	ENSG00000269526	INS	insertion_in_CDS_exon	0.001551	0	0	0	0	0	0	0	0	0
ESCO1	18	ENSG00000141446	DEL	canonical_CDS_exon_deletion	0.000517	0	1	0	0	0	1	0	0	0
ESF1	20	ENSG00000089048	DEL	canonical_CDS_exon_deletion	0.758015	555	1	1	1	1	1	1	1	1
ESPL1	12	ENSG00000135476	DEL	canonical_CDS_exon_deletion	0.001034	0	0	0	0	0	1	0	0	1
ESRP1	8	ENSG00000104413	DEL	canonical_CDS_exon_deletion	0.001034	1	0	0	0	0	1	0	1	1
ESYT3	3	ENSG00000158220	DEL	CDS_deletion_15%_of_canonical	0.001034	1	1	0	0	0	1	0	1	0
ETFB	19	ENSG00000105379	DEL	canonical_CDS_exon_deletion	0.000517	0	0	1	0	1	1	0	0	0
ETFBKMT	12	ENSG00000139160	DEL	CDS_deletion_13%_of_canonical	0.005688	0	0	0	1	0	1	0	0	0
ETNK2	1	ENSG00000143845	COMPLEX	complex_deletion_in_CDS	0.365047	177	1	1	1	1	1	1	1	1
ETNPPL	4	ENSG00000164089	DEL	canonical_CDS_exon_deletion	0.095657	23	1	1	0	1	1	1	1	1
ETV1	7	ENSG00000006468	DEL	canonical_CDS_exon_deletion	0.005688	1	1	1	0	0	1	0	1	0
ETV5	3	ENSG00000244405	INS	insertion_in_CDS_exon	0.11789	19	0	0	0	0	0	0	0	0
EVC	4	ENSG00000072840	DEL	canonical_CDS_exon_deletion	0.226474	52	1	1	1	1	1	1	1	1
EVC2	4	ENSG00000173040	DEL	canonical_CDS_exon_deletion	0.000517	0	0	0	1	0	1	0	0	0
EVI2B	17	ENSG00000185862	INS	insertion_in_CDS_exon	0.503619	261	0	0	0	0	0	0	0	0
EVI5	1	ENSG00000067208	INS	insertion_in_CDS_exon	0.000517	0	0	0	0	0	0	0	0	0
EVI5L	19	ENSG00000142459	COMPLEX	complex_over_CDS	0.003619	0	0	0	0	0	0	0	0	0
EVPLL	17	ENSG00000214860	COMPLEX	complex_over_CDS	0.005171	0	0	0	0	0	0	0	0	0
EWSR1	22	ENSG00000182944	INS	insertion_in_CDS_exon	0.005688	0	0	0	0	0	0	0	0	0
EXD3	9	ENSG00000187609	DEL	canonical_CDS_exon_deletion	0.004654	0	1	0	0	0	1	0	0	0
EXOC1	4	ENSG00000090989	DEL	CDS_deletion_12%_of_canonical	0.000517	0	1	0	0	0	1	0	0	0
EXOC1L	4	ENSG00000250821	COMPLEX	complex_deletion_in_CDS	0.001551	0	1	1	0	0	1	0	0	1
EXOC3	5	ENSG00000180104	DEL	canonical_CDS_exon_deletion	0.001551	0	0	1	1	0	1	0	0	0
EXOC7	17	ENSG00000182473	DEL	canonical_CDS_exon_deletion	0.003102	1	1	1	0	1	1	0	1	0
EXOSC10	1	ENSG00000171824	DEL	canonical_CDS_exon_deletion	0.279214	122	1	1	1	1	1	1	1	1
EXOSC2	9	ENSG00000130713	DEL	canonical_CDS_exon_deletion	0.000517	0	0	0	1	0	1	0	0	0
EXOSC4	8	ENSG00000178896	COMPLEX	complex_over_CDS	0.025336	8	0	0	0	0	0	0	0	0
EXOSC9	4	ENSG00000123737	DEL	CDS_deletion_10%_of_canonical	0.000517	0	0	0	1	0	1	0	0	0
EXTL1	1	ENSG00000158008	INS	insertion_in_CDS_exon	0.000517	0	0	0	0	0	0	0	0	0
EYA2	20	ENSG00000064655	DEL	CDS_deletion_21%_of_canonical	0.000517	0	0	1	0	0	1	0	0	0
EZH1	17	ENSG00000108799	DEL	CDS_deletion_14%_of_canonical	0.001034	1	1	0	0	0	1	0	1	1
F12	5	ENSG00000131187	DEL	canonical_CDS_exon_deletion	0.020165	1	1	1	1	1	1	1	1	1
F5	1	ENSG00000198734	DEL	canonical_CDS_exon_deletion	0.001034	0	1	0	0	1	1	0	0	0
FADS1	11	ENSG00000149485	COMPLEX	complex_over_CDS	0.019131	1	0	0	0	0	0	0	0	0
FAH	15	ENSG00000103876	DEL	CDS_deletion_30%_of_canonical	0.000517	0	0	0	1	0	1	0	0	1
FAHD1	16	ENSG00000180185	DEL	CDS_deletion_100%_of_canonical	0.000517	0	0	1	0	0	1	0	0	0
FAM110A	20	ENSG00000125898	INS	insertion_in_CDS_exon	0.018614	1	0	0	0	0	0	0	0	0
FAM117A	17	ENSG00000121104	COMPLEX	complex_deletion_in_CDS	0.000517	0	0	0	1	0	1	0	0	0
FAM118A	22	ENSG00000100376	DEL	canonical_CDS_exon_deletion	0.149431	31	1	1	1	1	1	1	1	1
FAM131B	7	ENSG00000159784	DEL	canonical_CDS_exon_deletion	0.285419	69	1	1	1	1	1	1	1	1
FAM13A	4	ENSG00000138640	INS	insertion_in_CDS_exon	0.394002	215	0	0	0	0	0	0	0	0
FAM149A	4	ENSG00000109794	DEL	canonical_CDS_exon_deletion	0.000517	0	0	0	0	0	1	0	0	1
FAM149B1	10	ENSG00000138286	DEL	canonical_CDS_exon_deletion	0.001034	0	0	0	0	0	1	0	0	1
FAM168B	2	ENSG00000152102	DEL	CDS_deletion_14%_of_canonical	0.006722	1	1	1	0	0	1	0	1	1
FAM169A	5	ENSG00000198780	DEL	canonical_CDS_exon_deletion	0.824716	661	1	1	1	1	1	1	1	1
FAM170A	5	ENSG00000164334	DEL	canonical_CDS_exon_deletion	0.004136	1	0	1	0	1	1	0	1	1
FAM184B	4	ENSG00000047662	COMPLEX	complex_deletion_in_CDS	0.004136	3	1	0	0	0	1	0	1	1
FAM185A	7	ENSG00000222011	DEL	CDS_deletion_11%_of_canonical	0.013444	1	1	1	0	1	1	1	1	1
FAM216A	12	ENSG00000204856	DEL	canonical_CDS_exon_deletion	0.83092	684	1	1	1	1	1	1	1	1
FAM221B	9	ENSG00000204930	DEL	canonical_CDS_exon_deletion	0.019131	2	1	1	1	1	1	1	1	1
FAM234A	16	ENSG00000167930	INS	insertion_in_CDS_exon	0.075491	1	0	0	0	0	0	0	0	0
FAM246A	22	ENSG00000286102	DEL	CDS_deletion_24%_of_canonical	0.007239	0	1	1	0	0	1	0	0	0
FAM3B	21	ENSG00000183844	DEL	canonical_CDS_exon_deletion	0.004136	0	1	0	1	0	1	0	0	0
FAM47E-STBD1	4	ENSG00000272414	DEL	canonical_CDS_exon_deletion	0.479317	209	1	1	1	1	1	1	1	1
FAM53C	5	ENSG00000120709	DEL	CDS_deletion_12%_of_canonical	0.001034	1	0	0	0	1	1	0	1	0
FAM83E	19	ENSG00000105523	DEL	CDS_deletion_26%_of_canonical	0.522234	284	1	1	1	1	1	1	1	1
FAM8A1	6	ENSG00000137414	DEL	CDS_deletion_23%_of_canonical	0.009824	1	1	0	0	0	1	0	1	0
FAM90A1	12	ENSG00000171847	DEL	canonical_CDS_exon_deletion	0.005171	0	1	1	0	0	1	0	0	1
FAM90A14	8	ENSG00000285814	DEL	CDS_deletion_77%_of_canonical	0.060496	7	1	1	1	1	1	1	1	1
FAM90A16	8	ENSG00000285620	INS	insertion_in_CDS_exon	0.001551	0	0	0	0	0	0	0	0	0
FAM90A18	8	ENSG00000285913	DEL	CDS_deletion_39%_of_canonical	0.00879	0	1	1	1	0	1	0	0	0
FAM90A22	8	ENSG00000285687	COMPLEX	complex_over_CDS	0.080662	10	0	0	0	0	0	0	0	0
FAM90A27P	19	ENSG00000189348	DEL	CDS_deletion_62%_of_canonical	0.000517	0	1	0	0	0	1	0	0	1
FAM91A1	8	ENSG00000176853	DEL	canonical_CDS_exon_deletion	0.001551	1	1	0	0	0	1	0	1	1
FAM98A	2	ENSG00000119812	COMPLEX	complex_deletion_in_CDS	0.093588	20	1	1	1	1	1	1	1	1
FANCD2	3	ENSG00000144554	DEL	canonical_CDS_exon_deletion	0.004654	4	1	0	1	1	1	0	1	1
FANCD2OS	3	ENSG00000163705	DEL	canonical_CDS_exon_deletion	0.000517	0	0	0	0	1	1	0	0	0
FANCI	15	ENSG00000140525	DEL	canonical_CDS_exon_deletion	0.005171	1	0	0	0	0	1	0	1	1
FANCL	2	ENSG00000115392	DEL	canonical_CDS_exon_deletion	0.300414	96	1	1	1	1	1	1	1	1
FANCM	14	ENSG00000187790	DEL	canonical_CDS_exon_deletion	0.273009	92	1	1	1	1	1	1	1	1
FAP	2	ENSG00000078098	DEL	canonical_CDS_exon_deletion	0.005688	0	1	0	1	1	1	0	0	1
FARP2	2	ENSG00000006607	DEL	canonical_CDS_exon_deletion	0.687694	485	1	1	1	1	1	1	1	1
FARS2	6	ENSG00000145982	COMPLEX	complex_deletion_in_CDS	0.002068	0	1	0	0	0	1	0	0	0
FARSB	2	ENSG00000116120	DEL	canonical_CDS_exon_deletion	0.000517	0	1	0	0	0	1	0	0	0
FASTK	7	ENSG00000164896	INS	insertion_in_CDS_exon	0.011893	0	0	0	0	0	0	0	0	0
FASTKD3	5	ENSG00000124279	DEL	canonical_CDS_exon_deletion	0.066701	10	1	1	1	1	1	1	1	1
FAT1	4	ENSG00000083857	DEL	canonical_CDS_exon_deletion	0.622027	377	1	1	1	1	1	1	1	1
FAT4	4	ENSG00000196159	INS	insertion_in_CDS_exon	0.000517	0	0	0	0	0	0	0	0	0
FAXC	6	ENSG00000146267	DEL	CDS_deletion_18%_of_canonical	0.037228	2	1	1	1	1	1	1	1	1
FBF1	17	ENSG00000188878	DEL	canonical_CDS_exon_deletion	0.001551	0	1	1	0	0	1	0	0	0
FBH1	10	ENSG00000134452	DEL	canonical_CDS_exon_deletion	0.144778	27	1	1	1	1	1	1	1	1
FBLN1	22	ENSG00000077942	DEL	canonical_CDS_exon_deletion	0.005688	1	1	1	0	0	1	0	1	0
FBLN5	14	ENSG00000140092	DEL	canonical_CDS_exon_deletion	0.001551	1	0	0	1	0	1	0	1	0
FBN1	15	ENSG00000166147	DEL	canonical_CDS_exon_deletion	0.061013	10	1	1	1	1	1	1	1	1
FBN2	5	ENSG00000138829	DEL	canonical_CDS_exon_deletion	0.601861	346	1	1	1	1	1	1	1	1
FBN3	19	ENSG00000142449	COMPLEX	complex_deletion_in_CDS	0.416236	179	1	1	1	1	1	1	1	1
FBRSL1	12	ENSG00000112787	DEL	canonical_CDS_exon_deletion	0.006722	2	1	0	0	0	1	0	1	1
FBXL5	4	ENSG00000118564	DEL	canonical_CDS_exon_deletion	0.000517	0	0	1	0	0	1	0	0	0
FBXL6	8	ENSG00000182325	DEL	canonical_CDS_exon_deletion	0.648914	413	1	1	1	1	1	1	1	1
FBXO10	9	ENSG00000147912	COMPLEX	complex_over_CDS	0.007756	0	0	0	0	0	0	0	0	0
FBXO15	18	ENSG00000141665	INS	insertion_in_CDS_exon	0.004136	0	0	0	0	0	0	0	0	0
FBXO21	12	ENSG00000135108	DEL	canonical_CDS_exon_deletion	0.165977	38	1	1	1	1	1	1	1	1
FBXO25	8	ENSG00000147364	INS	insertion_in_CDS_exon	0.01501	2	0	0	0	0	0	0	0	0
FBXO27	19	ENSG00000161243	COMPLEX	complex_deletion_in_CDS	0.17787	35	1	1	1	1	1	1	1	1
FBXO31	16	ENSG00000103264	DEL	CDS_deletion_41%_of_canonical	0.000517	0	0	0	0	0	1	0	0	1
FBXO38	5	ENSG00000145868	COMPLEX	complex_deletion_in_CDS	0.001034	0	0	0	1	0	1	0	0	0
FBXO42	1	ENSG00000037637	DEL	canonical_CDS_exon_deletion	0.013444	1	1	1	1	1	1	1	1	1
FBXO47	17	ENSG00000204952	COMPLEX	complex_over_CDS	0.297828	74	0	0	0	0	0	0	0	0
FBXW10	17	ENSG00000171931	COMPLEX	complex_deletion_in_CDS	0.000517	0	0	0	0	0	1	0	0	1
FBXW10B	17	ENSG00000241322	DEL	CDS_deletion_20%_of_canonical	0.034126	6	1	1	1	0	1	1	1	1
FBXW11	5	ENSG00000072803	DEL	canonical_CDS_exon_deletion	0.003619	0	1	0	1	0	1	0	0	1
FBXW2	9	ENSG00000119402	INS	insertion_in_CDS_exon	0.000517	0	0	0	0	0	0	0	0	0
FBXW9	19	ENSG00000132004	DEL	CDS_deletion_36%_of_canonical	0.006722	1	1	1	0	0	1	0	1	0
FCAMR	1	ENSG00000162897	DEL	canonical_CDS_exon_deletion	0.001034	0	0	1	0	1	1	0	0	0
FCER1A	1	ENSG00000179639	DEL	canonical_CDS_exon_deletion	0.001551	0	0	0	1	0	1	0	0	1
FCGBP	19	ENSG00000275395	COMPLEX	complex_deletion_in_CDS	0.002068	2	0	0	0	0	1	0	1	1
FCGR2B	1	ENSG00000072694	DEL	CDS_deletion_14%_of_canonical	0.001034	1	0	0	1	0	1	0	1	0
FCHSD1	5	ENSG00000197948	DEL	whole_gene_CDS_deletion	0.000517	0	0	0	0	0	1	0	0	1
FCHSD2	11	ENSG00000137478	DEL	CDS_deletion_17%_of_canonical	0.000517	0	0	0	0	1	1	0	0	0
FCRL3	1	ENSG00000160856	DEL	CDS_deletion_17%_of_canonical	0.001034	1	0	0	0	1	1	0	1	0
FCRL4	1	ENSG00000163518	COMPLEX	complex_deletion_in_CDS	0.014478	14	1	1	0	1	1	1	1	1
FCRL5	1	ENSG00000143297	DEL	canonical_CDS_exon_deletion	0.003619	0	0	0	0	0	1	0	0	1
FEM1A	19	ENSG00000141965	DEL	CDS_deletion_15%_of_canonical	0.001034	1	0	1	0	0	1	0	1	0
FER	5	ENSG00000151422	DEL	canonical_CDS_exon_deletion	0.058945	9	1	1	1	1	1	1	1	1
FERMT3	11	ENSG00000149781	COMPLEX	complex_deletion_in_CDS	0.007756	7	1	0	1	1	1	0	1	1
FES	15	ENSG00000182511	DEL	CDS_deletion_40%_of_canonical	0.000517	0	1	0	0	0	1	0	0	0
FEZ1	11	ENSG00000149557	COMPLEX	complex_deletion_in_CDS	0.004654	0	1	0	0	0	1	0	0	0
FFAR3	19	ENSG00000185897	DEL	whole_gene_CDS_deletion	0.001034	0	1	0	0	0	1	0	0	0
FGB	4	ENSG00000171564	DEL	canonical_CDS_exon_deletion	0.005171	0	1	0	0	0	1	0	0	0
FGD4	12	ENSG00000139132	COMPLEX	complex_deletion_in_CDS	0.000517	0	0	0	1	0	1	0	0	0
FGD5	3	ENSG00000154783	INS	insertion_in_CDS_exon	0.002068	0	0	0	0	0	0	0	0	0
FGD6	12	ENSG00000180263	DEL	canonical_CDS_exon_deletion	0.000517	0	0	0	0	0	1	0	0	1
FGF18	5	ENSG00000156427	DEL	CDS_deletion_13%_of_canonical	0.706825	485	1	1	1	1	1	1	1	1
FGF22	19	ENSG00000070388	DEL	CDS_deletion_17%_of_canonical	0.095657	31	1	1	1	1	1	1	1	1
FGF9	13	ENSG00000102678	DEL	CDS_deletion_25%_of_canonical	0.000517	0	0	0	0	1	1	0	0	0
FGFBP3	10	ENSG00000174721	COMPLEX	complex_over_CDS	0.000517	0	0	0	0	0	0	0	0	0
FGG	4	ENSG00000171557	DEL	CDS_deletion_54%_of_canonical	0.001034	0	0	0	0	0	1	0	0	1
FGGY	1	ENSG00000172456	DEL	canonical_CDS_exon_deletion	0.001034	1	0	0	0	1	1	0	1	0
FGR	1	ENSG00000000938	DEL	CDS_deletion_21%_of_canonical	0.001551	0	1	0	0	1	1	0	0	0
FHAD1	1	ENSG00000142621	DEL	canonical_CDS_exon_deletion	0.004136	3	1	1	1	0	1	0	1	0
FHDC1	4	ENSG00000137460	DEL	CDS_deletion_81%_of_canonical	0.001034	1	0	0	0	0	1	0	1	0
FHIT	3	ENSG00000189283	DEL	canonical_CDS_exon_deletion	0.000517	0	0	0	1	0	1	0	0	0
FHOD1	16	ENSG00000135723	COMPLEX	complex_over_CDS	0.000517	0	0	0	0	0	0	0	0	0
FHOD3	18	ENSG00000134775	INS	insertion_in_CDS_exon	0.004136	0	0	0	0	0	0	0	0	0
FILIP1	6	ENSG00000118407	COMPLEX	complex_over_CDS	0.000517	0	0	0	0	0	0	0	0	0
FILIP1L	3	ENSG00000168386	INS	insertion_in_CDS_exon	0.010858	1	0	0	0	0	0	0	0	0
FKBP5	6	ENSG00000096060	COMPLEX	complex_deletion_in_CDS	0.000517	0	0	0	0	1	1	0	0	0
FKBP7	2	ENSG00000079150	COMPLEX	complex_deletion_in_CDS	0.034126	4	1	1	1	1	1	1	1	1
FKBP8	19	ENSG00000105701	DEL	CDS_deletion_18%_of_canonical	0.000517	0	1	0	0	0	1	0	0	0
FKTN	9	ENSG00000106692	DEL	CDS_deletion_35%_of_canonical	0.000517	0	1	0	0	0	1	0	0	0
FLG	1	ENSG00000143631	COMPLEX	complex_deletion_in_CDS	0.000517	0	0	0	0	0	1	0	0	1
FLII	17	ENSG00000177731	INS	insertion_in_CDS_exon	0.245605	85	0	0	0	0	0	0	0	0
FLOT2	17	ENSG00000132589	DEL	canonical_CDS_exon_deletion	0.001551	0	1	1	0	0	1	0	0	0
FLT3	13	ENSG00000122025	DEL	canonical_CDS_exon_deletion	0.000517	0	0	0	1	0	1	0	0	0
FLT4	5	ENSG00000037280	INS	insertion_in_CDS_exon	0.000517	0	0	0	0	0	0	0	0	0
FLVCR2	14	ENSG00000119686	DEL	CDS_deletion_11%_of_canonical	0.000517	0	0	1	0	0	1	0	0	0
FMC1-LUC7L2	7	ENSG00000269955	DEL	canonical_CDS_exon_deletion	0.000517	0	1	0	0	0	1	0	0	0
FMN2	1	ENSG00000155816	DEL	canonical_CDS_exon_deletion	0.001034	0	1	0	0	1	1	0	0	0
FMNL1	17	ENSG00000184922	COMPLEX	complex_over_CDS	0.226474	52	0	0	0	0	0	0	0	0
FMOD	1	ENSG00000122176	DEL	canonical_CDS_exon_deletion	0.000517	0	0	0	0	0	1	0	0	1
FN1	2	ENSG00000115414	DEL	CDS_deletion_66%_of_canonical	0.000517	0	0	0	0	0	1	0	0	1
FN3K	17	ENSG00000167363	DEL	CDS_deletion_36%_of_canonical	0.001034	0	1	0	0	0	1	0	0	0
FN3KRP	17	ENSG00000141560	DEL	CDS_deletion_42%_of_canonical	0.000517	0	0	1	0	0	1	0	0	0
FNBP4	11	ENSG00000109920	DEL	CDS_deletion_26%_of_canonical	0.000517	0	0	0	0	0	1	0	0	1
FNDC3B	3	ENSG00000075420	DEL	canonical_CDS_exon_deletion	0.325233	143	1	1	1	1	1	1	1	1
FNDC7	1	ENSG00000143107	DEL	canonical_CDS_exon_deletion	0.001034	0	0	1	1	0	1	0	0	0
FOCAD	9	ENSG00000188352	DEL	canonical_CDS_exon_deletion	0.009307	0	1	1	1	1	1	0	1	1
FOLH1	11	ENSG00000086205	DEL	canonical_CDS_exon_deletion	0.014478	1	1	1	1	1	1	1	1	1
FOLR1	11	ENSG00000110195	DEL	CDS_deletion_12%_of_canonical	0.228025	67	1	1	1	1	1	1	1	1
FOS	14	ENSG00000170345	INS	insertion_in_CDS_exon	0.003102	0	0	0	0	0	0	0	0	0
FOXB2	9	ENSG00000204612	DEL	canonical_CDS_exon_deletion	0.026887	5	1	1	1	0	1	1	1	1
FOXD1	5	ENSG00000251493	DEL	canonical_CDS_exon_deletion	0.000517	0	0	0	0	0	1	0	0	1
FOXL2	3	ENSG00000183770	DEL	CDS_deletion_12%_of_canonical	0.003102	0	0	0	0	0	1	0	0	1
FOXL3	7	ENSG00000248767	COMPLEX	complex_over_CDS	0.001034	0	0	0	0	0	0	0	0	0
FOXN1	17	ENSG00000109101	DEL	canonical_CDS_exon_deletion	0.001551	0	1	0	0	0	1	0	0	1
FOXN3	14	ENSG00000053254	DEL	canonical_CDS_exon_deletion	0.016546	3	1	1	0	0	1	1	1	0
FOXP2	7	ENSG00000128573	DEL	CDS_deletion_24%_of_canonical	0.001034	1	0	0	0	0	1	0	1	1
FPGT	1	ENSG00000254685	COMPLEX	complex_deletion_in_CDS	0.002585	0	1	0	0	0	1	0	0	0
FPR1	19	ENSG00000171051	DEL	CDS_deletion_13%_of_canonical	0.002068	0	0	0	1	0	1	0	0	0
FRAT1	10	ENSG00000165879	DEL	whole_gene_CDS_deletion	0.000517	0	0	0	1	0	1	0	0	0
FREM1	9	ENSG00000164946	DEL	canonical_CDS_exon_deletion	0.001034	0	0	0	1	1	1	0	0	0
FREM2	13	ENSG00000150893	DEL	canonical_CDS_exon_deletion	0.002585	1	1	0	0	1	1	0	1	0
FRG1	4	ENSG00000109536	DEL	canonical_CDS_exon_deletion	0.454498	230	1	1	1	1	1	1	1	1
FRMD4B	3	ENSG00000114541	COMPLEX	complex_deletion_in_CDS	0.001551	0	0	0	0	0	1	0	0	1
FRMD8	11	ENSG00000126391	COMPLEX	complex_deletion_in_CDS	0.002585	0	0	1	1	1	1	0	0	0
FRMPD1	9	ENSG00000070601	INS	insertion_in_CDS_exon	0.391934	166	0	0	0	0	0	0	0	0
FRRS1L	9	ENSG00000260230	DEL	CDS_deletion_47%_of_canonical	0.018614	0	1	1	1	1	1	1	0	1
FSCB	14	ENSG00000189139	DEL	canonical_CDS_exon_deletion	0.001034	0	0	0	1	0	1	0	0	0
FSCN2	17	ENSG00000186765	DEL	canonical_CDS_exon_deletion	0.17425	52	1	1	1	1	1	1	1	1
FSD1	19	ENSG00000105255	DEL	CDS_deletion_24%_of_canonical	0.000517	0	0	0	0	1	1	0	0	1
FSD2	15	ENSG00000186628	DEL	canonical_CDS_exon_deletion	0.001551	1	1	0	0	0	1	0	1	0
FSIP2	2	ENSG00000188738	INS	insertion_in_CDS_exon	0.000517	0	0	0	0	0	0	0	0	0
FST	5	ENSG00000134363	COMPLEX	complex_over_CDS	0.131334	47	0	0	0	0	0	0	0	0
FSTL3	19	ENSG00000070404	DEL	canonical_CDS_exon_deletion	0.000517	0	0	0	0	0	1	0	0	1
FSTL4	5	ENSG00000053108	INS	insertion_in_CDS_exon	0.001551	0	0	0	0	0	0	0	0	0
FSTL5	4	ENSG00000168843	COMPLEX	complex_deletion_in_CDS	0.023785	6	1	1	1	1	1	1	1	1
FUCA1	1	ENSG00000179163	COMPLEX	complex_deletion_in_CDS	0.771975	601	1	1	1	1	1	1	1	1
FURIN	15	ENSG00000140564	DEL	CDS_deletion_25%_of_canonical	0.00879	0	1	1	0	1	1	0	0	0
FUT10	8	ENSG00000172728	DEL	canonical_CDS_exon_deletion	0.001034	0	1	0	0	0	1	0	0	0
FUT11	10	ENSG00000196968	DEL	CDS_deletion_22%_of_canonical	0.001034	1	0	0	0	0	1	0	1	0
FUT3	19	ENSG00000171124	INS	insertion_in_CDS_exon	0.087901	11	0	0	0	0	0	0	0	0
FXYD3	19	ENSG00000089356	DEL	CDS_deletion_85%_of_canonical	0.000517	0	0	0	1	0	1	0	0	0
FZD3	8	ENSG00000104290	DEL	canonical_CDS_exon_deletion	0.000517	0	0	0	1	0	1	0	0	0
FZD6	8	ENSG00000164930	COMPLEX	complex_over_CDS	0.002585	0	0	0	0	0	0	0	0	0
FZD8	10	ENSG00000177283	COMPLEX	complex_deletion_in_CDS	0.353154	109	1	1	1	1	1	1	1	1
G0S2	1	ENSG00000123689	DEL	whole_gene_CDS_deletion	0.009307	2	1	1	1	0	1	0	1	0
GAB1	4	ENSG00000109458	DEL	CDS_deletion_17%_of_canonical	0.000517	0	0	0	0	0	1	0	0	1
GABARAP	17	ENSG00000170296	DEL	CDS_deletion_26%_of_canonical	0.002068	0	0	0	1	0	1	0	0	0
GABBR1	6	ENSG00000204681	DEL	CDS_deletion_16%_of_canonical	0.000517	0	0	0	1	0	1	0	0	0
GABBR2	9	ENSG00000136928	DEL	canonical_CDS_exon_deletion	0.000517	0	0	0	1	0	1	0	0	0
GABRA6	5	ENSG00000145863	DEL	CDS_deletion_17%_of_canonical	0.2606	84	1	1	1	1	1	1	1	1
GABRB3	15	ENSG00000166206	DEL	CDS_deletion_20%_of_canonical	0.789038	619	1	1	1	1	1	1	1	1
GAK	4	ENSG00000178950	DEL	canonical_CDS_exon_deletion	0.413133	169	1	1	1	1	1	1	1	1
GALC	14	ENSG00000054983	DEL	canonical_CDS_exon_deletion	0.897104	838	1	1	1	1	1	1	1	1
GALNT11	7	ENSG00000178234	DEL	canonical_CDS_exon_deletion	0.000517	0	1	0	0	0	1	0	0	0
GALNT14	2	ENSG00000158089	DEL	canonical_CDS_exon_deletion	0.007756	0	1	1	1	0	1	0	0	0
GALNT15	3	ENSG00000131386	INS	insertion_in_CDS_exon	0.999483	966	0	0	0	0	0	0	0	0
GALNT16	14	ENSG00000100626	DEL	canonical_CDS_exon_deletion	0.003102	0	1	1	1	0	1	0	0	0
GALNT18	11	ENSG00000110328	DEL	canonical_CDS_exon_deletion	0.000517	0	1	0	0	0	1	0	0	0
GALNT3	2	ENSG00000115339	INS	insertion_in_CDS_exon	0.061013	4	0	0	0	0	0	0	0	0
GALNT5	2	ENSG00000136542	DEL	canonical_CDS_exon_deletion	0.000517	0	0	0	1	0	1	0	0	0
GALNT8	12	ENSG00000130035	DEL	CDS_deletion_31%_of_canonical	0.001034	1	0	0	1	0	1	0	1	0
GALR2	17	ENSG00000182687	DEL	canonical_CDS_exon_deletion	0.005171	0	0	0	0	1	1	0	0	1
GAN	16	ENSG00000261609	DEL	CDS_deletion_16%_of_canonical	0.000517	0	1	0	0	0	1	0	0	0
GANAB	11	ENSG00000089597	DEL	canonical_CDS_exon_deletion	0.000517	0	0	0	0	1	1	0	0	1
GAP43	3	ENSG00000172020	DEL	canonical_CDS_exon_deletion	0.001034	1	1	0	0	0	1	0	1	0
GAPVD1	9	ENSG00000165219	COMPLEX	complex_deletion_in_CDS	0.070838	12	1	1	1	1	1	1	1	1
GAREM2	2	ENSG00000157833	INS	insertion_in_CDS_exon	0.003102	0	0	0	0	0	0	0	0	0
GARIN2	14	ENSG00000172717	DEL	canonical_CDS_exon_deletion	0.001034	1	1	0	0	0	1	0	1	0
GARIN5B	19	ENSG00000180043	DEL	canonical_CDS_exon_deletion	0.003102	0	1	0	0	0	1	0	0	0
GARIN6	12	ENSG00000180219	DEL	CDS_deletion_15%_of_canonical	0.001034	0	0	0	1	0	1	0	0	0
GARNL3	9	ENSG00000136895	INS	insertion_in_CDS_exon	0.122027	20	0	0	0	0	0	0	0	0
GARS1	7	ENSG00000106105	DEL	canonical_CDS_exon_deletion	0.431231	202	1	1	1	1	1	1	1	1
GAS2L3	12	ENSG00000139354	INS	insertion_in_CDS_exon	0.000517	0	0	0	0	0	0	0	0	0
GAS7	17	ENSG00000007237	INS	insertion_in_CDS_exon	0.003102	0	0	0	0	0	0	0	0	0
GAS8	16	ENSG00000141013	DEL	whole_gene_CDS_deletion	0.016546	10	1	1	1	1	1	1	1	1
GASK1A	3	ENSG00000144649	DEL	canonical_CDS_exon_deletion	0.014995	2	1	1	1	1	1	1	1	1
GATA6	18	ENSG00000141448	INS	insertion_in_CDS_exon	0.236815	58	0	0	0	0	0	0	0	0
GATAD2A	19	ENSG00000167491	DEL	CDS_deletion_14%_of_canonical	0.000517	0	1	0	0	0	1	0	0	0
GBF1	10	ENSG00000107862	COMPLEX	complex_deletion_in_CDS	0.000517	0	1	0	0	0	1	0	0	0
GBP1	1	ENSG00000117228	DEL	CDS_deletion_41%_of_canonical	0.001034	0	0	0	0	0	1	0	0	1
GC	4	ENSG00000145321	DEL	CDS_deletion_16%_of_canonical	0.000517	0	0	0	0	0	1	0	0	0
GCAT	22	ENSG00000100116	DEL	CDS_deletion_30%_of_canonical	0.020683	3	1	1	0	1	1	1	1	1
GCFC2	2	ENSG00000005436	DEL	canonical_CDS_exon_deletion	0.006722	1	1	1	0	0	1	0	1	0
GCLC	6	ENSG00000001084	DEL	canonical_CDS_exon_deletion	0.148397	33	1	1	1	1	1	1	1	1
GCNT2	6	ENSG00000111846	DEL	canonical_CDS_exon_deletion	0.000517	0	1	0	0	0	1	0	0	0
GCOM1	15	ENSG00000137878	DEL	canonical_CDS_exon_deletion	0.002068	1	0	1	0	1	1	0	1	0
GCSAML	1	ENSG00000169224	DEL	whole_gene_CDS_deletion	0.00879	0	1	1	1	1	1	0	0	1
GDAP1	8	ENSG00000104381	DEL	CDS_deletion_18%_of_canonical	0.002585	0	0	0	0	1	1	0	0	1
GDI2	10	ENSG00000057608	DEL	canonical_CDS_exon_deletion	0.000517	0	1	0	0	0	1	0	0	0
GDPD5	11	ENSG00000158555	COMPLEX	complex_deletion_in_CDS	0.005171	0	0	1	1	0	1	0	0	1
GEMIN4	17	ENSG00000179409	DEL	canonical_CDS_exon_deletion	0.073423	10	1	1	1	1	1	1	1	1
GEMIN5	5	ENSG00000082516	DEL	canonical_CDS_exon_deletion	0.000517	0	1	0	0	0	1	0	0	0
GET4	7	ENSG00000239857	DEL	canonical_CDS_exon_deletion	0.000517	0	1	0	0	0	1	0	0	0
GFRAL	6	ENSG00000187871	DEL	canonical_CDS_exon_deletion	0.001034	0	0	1	0	0	1	0	0	0
GGN	19	ENSG00000179168	COMPLEX	complex_deletion_in_CDS	0.001551	0	1	0	0	1	1	0	0	1
GGNBP2	17	ENSG00000278311	COMPLEX	complex_over_CDS	0.000517	0	0	0	0	0	0	0	0	0
GGTLC2	22	ENSG00000100121	DEL	whole_gene_CDS_deletion	0.001551	1	0	1	1	1	1	0	1	0
GIGYF2	2	ENSG00000204120	DEL	canonical_CDS_exon_deletion	0.201655	80	1	1	1	1	1	1	1	1
GIMAP7	7	ENSG00000179144	COMPLEX	complex_deletion_in_CDS	0.004654	0	1	1	0	0	1	0	0	0
GINS1	20	ENSG00000101003	DEL	canonical_CDS_exon_deletion	0.001034	0	0	0	1	0	1	0	0	0
GIT1	17	ENSG00000108262	COMPLEX	complex_over_CDS	0.001034	0	0	0	0	0	0	0	0	0
GJA10	6	ENSG00000135355	INS	insertion_in_CDS_exon	0.025336	0	0	0	0	0	0	0	0	0
GJA3	13	ENSG00000121743	DEL	CDS_deletion_18%_of_canonical	0.000517	0	0	0	1	0	1	0	0	0
GLCCI1	7	ENSG00000106415	DEL	canonical_CDS_exon_deletion	0.001034	0	1	0	0	0	1	0	0	0
GLI4	8	ENSG00000250571	INS	insertion_in_CDS_exon	0.000517	0	0	0	0	0	0	0	0	0
GLIS2	16	ENSG00000126603	DEL	canonical_CDS_exon_deletion	0.000517	0	1	0	0	0	1	0	0	0
GLOD4	17	ENSG00000167699	DEL	CDS_deletion_10%_of_canonical	0.000517	0	0	1	0	0	1	0	0	0
GLP1R	6	ENSG00000112164	DEL	CDS_deletion_17%_of_canonical	0.000517	0	0	0	0	0	1	0	0	0
GLUD1	10	ENSG00000148672	COMPLEX	complex_deletion_in_CDS	0.004654	2	0	1	0	1	1	0	1	1
GLYR1	16	ENSG00000140632	DEL	canonical_CDS_exon_deletion	0.001034	0	1	0	0	1	1	0	0	1
GM2A	5	ENSG00000196743	INS	insertion_in_CDS_exon	0.000517	0	0	0	0	0	0	0	0	0
GMPS	3	ENSG00000163655	COMPLEX	complex_deletion_in_CDS	0.002585	0	1	0	0	0	1	0	0	1
GNAQ	9	ENSG00000156052	DEL	CDS_deletion_14%_of_canonical	0.016546	3	1	1	1	1	1	1	1	1
GNAT3	7	ENSG00000214415	COMPLEX	complex_deletion_in_CDS	0.007756	5	1	1	0	0	1	0	1	1
GNB1	1	ENSG00000078369	DEL	CDS_deletion_20%_of_canonical	0.002068	1	0	0	0	0	1	0	1	1
GNB5	15	ENSG00000069966	INS	insertion_in_CDS_exon	0.000517	0	0	0	0	0	0	0	0	0
GNPNAT1	14	ENSG00000100522	DEL	CDS_deletion_23%_of_canonical	0.003102	3	1	1	0	0	1	0	1	0
GNPTAB	12	ENSG00000111670	DEL	canonical_CDS_exon_deletion	0.000517	0	1	0	0	0	1	0	0	0
GNPTG	16	ENSG00000090581	DEL	canonical_CDS_exon_deletion	0.072389	4	1	1	1	1	1	1	1	1
GNS	12	ENSG00000135677	INS	insertion_in_CDS_exon	0.22544	55	0	0	0	0	0	0	0	0
GOLGA3	12	ENSG00000090615	DEL	canonical_CDS_exon_deletion	0.33971	113	1	1	1	1	1	1	1	1
GOLGA5	14	ENSG00000066455	DEL	CDS_deletion_49%_of_canonical	0.002585	2	1	0	0	0	1	0	1	0
GOLGA6L25	15	ENSG00000227717	COMPLEX	complex_deletion_in_CDS	0.002585	0	1	0	1	0	1	0	0	0
GOLGA8F	15	ENSG00000153684	DEL	whole_gene_CDS_deletion	0.012927	1	1	1	1	1	1	1	1	1
GOLGA8G	15	ENSG00000183629	INS	insertion_in_CDS_exon	0.002585	1	0	0	0	0	0	0	0	0
GOLGB1	3	ENSG00000173230	DEL	canonical_CDS_exon_deletion	0.958118	891	1	1	1	1	1	1	1	1
GORASP2	2	ENSG00000115806	DEL	CDS_deletion_56%_of_canonical	0.003102	0	0	0	0	0	1	0	0	1
GPAA1	8	ENSG00000197858	DEL	canonical_CDS_exon_deletion	0.048087	4	1	1	1	1	1	1	1	1
GPAT2	2	ENSG00000186281	COMPLEX	complex_deletion_in_CDS	0.270941	57	1	1	1	1	1	1	1	1
GPAT3	4	ENSG00000138678	DEL	canonical_CDS_exon_deletion	0.000517	0	1	0	0	0	1	0	0	0
GPATCH1	19	ENSG00000076650	DEL	CDS_deletion_14%_of_canonical	0.000517	0	0	0	1	0	1	0	0	0
GPATCH3	1	ENSG00000198746	DEL	CDS_deletion_29%_of_canonical	0.000517	0	0	0	0	0	1	0	0	1
GPD1L	3	ENSG00000152642	COMPLEX	complex_deletion_in_CDS	0.478283	236	1	1	1	1	1	1	1	1
GPN1	2	ENSG00000198522	DEL	canonical_CDS_exon_deletion	0.003619	0	0	1	1	1	1	0	0	1
GPN3	12	ENSG00000111231	COMPLEX	complex_deletion_in_CDS	0.001034	0	1	0	0	0	1	0	0	0
GPR141	7	ENSG00000187037	DEL	CDS_deletion_40%_of_canonical	0.001034	0	1	0	0	1	1	0	0	0
GPR149	3	ENSG00000174948	DEL	CDS_deletion_54%_of_canonical	0.228542	54	1	1	1	1	1	1	1	1
GPR153	1	ENSG00000158292	DEL	canonical_CDS_exon_deletion	0.006205	0	1	1	0	1	1	0	0	0
GPR15LG	10	ENSG00000188373	DEL	CDS_deletion_29%_of_canonical	0.001034	1	1	0	0	0	1	0	1	0
GPR176	15	ENSG00000166073	DEL	CDS_deletion_11%_of_canonical	0.005688	2	1	1	1	0	1	0	1	0
GPR183	13	ENSG00000169508	COMPLEX	complex_deletion_in_CDS	0.010858	1	1	1	1	0	1	1	1	1
GPR26	10	ENSG00000154478	DEL	CDS_deletion_66%_of_canonical	0.001551	1	0	0	1	0	1	0	1	1
GPRC5B	16	ENSG00000167191	DEL	CDS_deletion_85%_of_canonical	0.074974	18	1	1	1	1	1	1	1	1
GPS1	17	ENSG00000169727	INS	insertion_in_CDS_exon	0.41365	182	0	0	0	0	0	0	0	0
GPSM1	9	ENSG00000160360	DEL	CDS_deletion_12%_of_canonical	0.002068	1	0	0	1	0	1	0	1	0
GPX5	6	ENSG00000224586	DEL	CDS_deletion_18%_of_canonical	0.000517	0	0	0	0	0	1	0	0	0
GPX6	6	ENSG00000198704	DEL	CDS_deletion_19%_of_canonical	0.001034	0	0	0	0	1	1	0	0	1
GPX7	1	ENSG00000116157	DEL	CDS_deletion_25%_of_canonical	0.000517	0	0	0	1	0	1	0	0	0
GRAMD1B	11	ENSG00000023171	DEL	canonical_CDS_exon_deletion	0.000517	0	1	0	0	1	1	0	0	0
GRB14	2	ENSG00000115290	INS	insertion_in_CDS_exon	0.206825	48	0	0	0	0	0	0	0	0
GRHL1	2	ENSG00000134317	DEL	canonical_CDS_exon_deletion	0.004136	0	1	1	0	0	1	0	0	0
GRID1	10	ENSG00000182771	COMPLEX	complex_deletion_in_CDS	0.051706	6	1	1	1	1	1	1	1	1
GRIK1	21	ENSG00000171189	DEL	canonical_CDS_exon_deletion	0.001034	0	1	0	0	0	1	0	0	0
GRIK3	1	ENSG00000163873	DEL	canonical_CDS_exon_deletion	0.000517	0	0	1	0	0	1	0	0	0
GRIK5	19	ENSG00000105737	DEL	canonical_CDS_exon_deletion	0.001034	0	0	1	0	0	1	0	0	0
GRIN1	9	ENSG00000176884	COMPLEX	complex_over_CDS	0.000517	0	0	0	0	0	0	0	0	0
GRIN2A	16	ENSG00000183454	DEL	canonical_CDS_exon_deletion	0.003102	0	0	0	1	1	1	0	0	1
GRIN3B	19	ENSG00000116032	DEL	CDS_deletion_14%_of_canonical	0.000517	0	0	0	0	0	1	0	0	1
GRIP1	12	ENSG00000155974	DEL	canonical_CDS_exon_deletion	0.010858	1	1	0	0	0	1	1	1	0
GRK3	22	ENSG00000100077	DEL	canonical_CDS_exon_deletion	0.012927	2	1	1	0	0	1	1	1	1
GRM4	6	ENSG00000124493	DEL	canonical_CDS_exon_deletion	0.013444	3	1	0	0	1	1	1	1	1
GRM8	7	ENSG00000179603	DEL	canonical_CDS_exon_deletion	0.001551	1	1	0	0	0	1	0	1	0
GRPEL1	4	ENSG00000109519	DEL	canonical_CDS_exon_deletion	0.050672	9	1	1	1	1	1	1	1	1
GRTP1	13	ENSG00000139835	DEL	canonical_CDS_exon_deletion	0.349535	129	1	1	1	1	1	1	1	1
GSAP	7	ENSG00000186088	DEL	canonical_CDS_exon_deletion	0.1303	28	1	1	1	1	1	1	1	1
GSC	14	ENSG00000133937	INS	insertion_in_CDS_exon	0.000517	0	0	0	0	0	0	0	0	0
GSE1	16	ENSG00000131149	DEL	canonical_CDS_exon_deletion	0.006205	0	1	1	0	0	1	0	0	0
GSK3A	19	ENSG00000105723	COMPLEX	complex_deletion_in_CDS	0.000517	0	1	0	0	0	1	0	0	0
GSK3B	3	ENSG00000082701	DEL	canonical_CDS_exon_deletion	0.000517	0	1	0	0	0	1	0	0	0
GSN	9	ENSG00000148180	COMPLEX	complex_deletion_in_CDS	0.001551	0	1	0	1	1	1	0	0	0
GSPT1	16	ENSG00000103342	COMPLEX	complex_deletion_in_CDS	0.000517	0	1	0	0	0	1	0	0	0
GSTA2	6	ENSG00000244067	DEL	whole_gene_CDS_deletion	0.001551	0	0	0	0	0	1	0	0	1
GSTM1	1	ENSG00000134184	DEL	CDS_deletion_45%_of_canonical	0.007756	0	0	1	1	1	1	0	0	1
GSTM5	1	ENSG00000134201	DEL	CDS_deletion_69%_of_canonical	0.001551	0	0	1	0	1	1	0	0	0
GSTP1	11	ENSG00000084207	DEL	CDS_deletion_94%_of_canonical	0.001034	1	0	0	1	0	1	0	1	0
GTF2A1	14	ENSG00000165417	DEL	canonical_CDS_exon_deletion	0.001034	0	0	0	0	1	1	0	0	0
GTF2B	1	ENSG00000137947	DEL	CDS_deletion_59%_of_canonical	0.000517	0	0	0	0	0	1	0	0	1
GTF2E1	3	ENSG00000153767	COMPLEX	complex_deletion_in_CDS	0.003102	1	1	1	0	0	1	0	1	0
GTF2F2	13	ENSG00000188342	DEL	CDS_deletion_13%_of_canonical	0.000517	0	0	0	1	0	1	0	0	0
GTF2H1	11	ENSG00000110768	COMPLEX	complex_over_CDS	0.000517	0	0	0	0	0	0	0	0	0
GTF2H4	6	ENSG00000213780	COMPLEX	complex_deletion_in_CDS	0.377456	135	1	1	1	1	1	1	1	1
GTF2IRD2	7	ENSG00000196275	COMPLEX	complex_over_CDS	0.046019	2	0	0	0	0	0	0	0	0
GTF2IRD2B	7	ENSG00000174428	DEL	canonical_CDS_exon_deletion	0.001034	1	0	0	1	0	1	0	1	0
GTF3C1	16	ENSG00000077235	DEL	canonical_CDS_exon_deletion	0.013444	0	1	1	1	1	1	1	0	1
GTF3C2	2	ENSG00000115207	DEL	canonical_CDS_exon_deletion	0.663392	422	1	1	1	1	1	1	1	1
GTPBP4	10	ENSG00000107937	DEL	canonical_CDS_exon_deletion	0.67787	450	1	1	1	1	1	1	1	1
GTPBP6	X	ENSG00000178605	DEL	canonical_CDS_exon_deletion	0.293692	117	1	1	1	1	1	1	1	1
GUCA1A	6	ENSG00000048545	DEL	CDS_deletion_33%_of_canonical	0.000517	0	0	0	0	0	1	0	0	1
GUCY1B1	4	ENSG00000061918	COMPLEX	complex_deletion_in_CDS	0.007756	2	1	0	1	1	1	0	1	1
GUCY2C	12	ENSG00000070019	DEL	canonical_CDS_exon_deletion	0.104447	8	1	1	1	1	1	1	1	1
GUSB	7	ENSG00000169919	DEL	canonical_CDS_exon_deletion	0.003102	1	0	0	1	0	1	0	1	1
GYPE	4	ENSG00000197465	COMPLEX	complex_deletion_in_CDS	0.000517	0	0	1	0	0	1	0	0	0
GYS2	12	ENSG00000111713	DEL	canonical_CDS_exon_deletion	0.001034	1	1	0	0	0	1	0	1	0
GZF1	20	ENSG00000125812	DEL	canonical_CDS_exon_deletion	0.051189	2	1	1	1	1	1	1	1	1
H1-2	6	ENSG00000187837	DEL	CDS_deletion_51%_of_canonical	0.948294	868	1	1	1	1	1	1	1	1
H1-4	6	ENSG00000168298	DEL	CDS_deletion_47%_of_canonical	0.001034	0	0	1	1	0	1	0	0	0
H1-8	3	ENSG00000178804	DEL	CDS_deletion_63%_of_canonical	0.000517	0	1	0	0	0	1	0	0	0
H2AC8	6	ENSG00000277075	DEL	whole_gene_CDS_deletion	0.021717	4	1	1	0	1	1	1	1	0
H2BC5	6	ENSG00000158373	DEL	whole_gene_CDS_deletion	0.001034	0	0	1	1	0	1	0	0	0
H2BC8	6	ENSG00000273802	DEL	whole_gene_CDS_deletion	0.021717	4	1	1	0	1	1	1	1	0
H2BN1	17	ENSG00000290320	COMPLEX	complex_over_CDS	0.000517	0	0	0	0	0	0	0	0	0
H3-3B	17	ENSG00000132475	DEL	CDS_deletion_65%_of_canonical	0.001034	0	1	0	0	0	1	0	0	0
H3-4	1	ENSG00000168148	DEL	whole_gene_CDS_deletion	0.000517	0	0	0	1	0	1	0	0	0
H3C15	1	ENSG00000203852	INS	insertion_in_CDS_exon	0.600827	350	0	0	0	0	0	0	0	0
H4C7	6	ENSG00000275663	DEL	whole_gene_CDS_deletion	0.000517	0	1	0	0	0	1	0	0	0
H4C9	6	ENSG00000276180	INS	insertion_in_CDS_exon	0.172182	27	0	0	0	0	0	0	0	0
HADHA	2	ENSG00000084754	DEL	canonical_CDS_exon_deletion	0.016029	2	1	1	0	0	1	1	1	0
HAGH	16	ENSG00000063854	COMPLEX	complex_deletion_in_CDS	0.001034	0	0	0	0	0	1	0	0	1
HAND2	4	ENSG00000164107	DEL	CDS_deletion_85%_of_canonical	0.000517	0	0	0	1	0	1	0	0	0
HAO2	1	ENSG00000116882	DEL	canonical_CDS_exon_deletion	0.000517	0	1	0	0	0	1	0	0	0
HAPSTR1	16	ENSG00000182831	DEL	CDS_deletion_33%_of_canonical	0.001034	0	0	0	1	0	1	0	0	0
HARS1	5	ENSG00000170445	DEL	canonical_CDS_exon_deletion	0.000517	0	1	0	0	0	1	0	0	0
HASPIN	17	ENSG00000177602	DEL	CDS_deletion_15%_of_canonical	0.004136	0	1	0	0	1	1	0	0	0
HAVCR1	5	ENSG00000113249	DEL	canonical_CDS_exon_deletion	0.001551	0	1	0	0	0	1	0	0	0
HBA1	16	ENSG00000206172	DEL	CDS_deletion_48%_of_canonical	0.004654	0	0	1	1	1	1	0	1	1
HBA2	16	ENSG00000188536	COMPLEX	complex_deletion_in_CDS	0.005171	2	1	1	1	0	1	0	1	0
HBM	16	ENSG00000206177	DEL	CDS_deletion_87%_of_canonical	0.044467	13	1	1	1	1	1	1	1	1
HCAR2	12	ENSG00000182782	COMPLEX	complex_deletion_in_CDS	0.003619	1	1	1	0	1	1	0	1	1
HCFC1	X	ENSG00000172534	DEL	CDS_deletion_61%_of_canonical	0.000517	0	0	1	0	0	1	0	0	0
HCN1	5	ENSG00000164588	COMPLEX	complex_deletion_in_CDS	0.141158	33	1	1	1	1	1	1	1	1
HDAC3	5	ENSG00000171720	DEL	CDS_deletion_35%_of_canonical	0.001551	1	1	0	0	0	1	0	1	1
HDAC4	2	ENSG00000068024	DEL	canonical_CDS_exon_deletion	0.233195	56	1	1	1	1	1	1	1	1
HDAC5	17	ENSG00000108840	DEL	CDS_deletion_27%_of_canonical	0.001034	0	1	0	0	1	1	0	0	1
HDHD2	18	ENSG00000167220	DEL	CDS_deletion_28%_of_canonical	0.000517	0	0	0	1	0	1	0	0	0
HDHD5	22	ENSG00000069998	DEL	CDS_deletion_41%_of_canonical	0.005171	0	1	1	0	1	1	0	0	1
HEATR1	1	ENSG00000119285	COMPLEX	complex_deletion_in_CDS	0.014995	1	1	1	0	1	1	1	1	1
HEATR4	14	ENSG00000187105	COMPLEX	complex_deletion_in_CDS	0.000517	0	0	0	0	0	1	0	0	1
HEATR5A	14	ENSG00000129493	DEL	canonical_CDS_exon_deletion	0.004654	0	1	0	0	1	1	0	0	1
HEATR5B	2	ENSG00000008869	COMPLEX	complex_over_CDS	0.09514	31	0	0	0	0	0	0	0	0
HEATR6	17	ENSG00000068097	DEL	canonical_CDS_exon_deletion	0.010341	0	1	0	0	0	1	1	1	0
HECTD1	14	ENSG00000092148	COMPLEX	complex_deletion_in_CDS	0.001034	1	0	0	1	0	1	0	1	0
HECTD4	12	ENSG00000173064	COMPLEX	complex_over_CDS	0.000517	0	0	0	0	0	0	0	0	0
HECW1	7	ENSG00000002746	COMPLEX	complex_deletion_in_CDS	0.009307	4	1	0	0	0	1	0	1	0
HELLS	10	ENSG00000119969	INS	insertion_in_CDS_exon	0.003619	0	0	0	0	0	0	0	0	0
HELZ	17	ENSG00000198265	DEL	canonical_CDS_exon_deletion	0.187694	34	1	1	1	1	1	1	1	1
HEPACAM	11	ENSG00000165478	DEL	canonical_CDS_exon_deletion	0.079628	16	1	1	1	1	1	1	1	1
HEPHL1	11	ENSG00000181333	DEL	CDS_deletion_16%_of_canonical	0.034126	7	1	1	1	1	1	1	1	1
HERC1	15	ENSG00000103657	COMPLEX	complex_deletion_in_CDS	0.016029	1	1	1	1	1	1	1	1	1
HERC3	4	ENSG00000138641	DEL	CDS_deletion_27%_of_canonical	0.000517	0	0	0	1	0	1	0	0	0
HERC5	4	ENSG00000138646	DEL	canonical_CDS_exon_deletion	0.002068	1	1	1	0	1	1	0	1	0
HEXA	15	ENSG00000213614	DEL	canonical_CDS_exon_deletion	0.000517	0	0	0	0	0	1	0	0	1
HEXD	17	ENSG00000169660	DEL	CDS_deletion_33%_of_canonical	0.002068	2	0	1	0	1	1	0	1	0
HEXIM1	17	ENSG00000186834	DEL	CDS_deletion_95%_of_canonical	0.017063	1	1	1	0	0	1	1	1	0
HFM1	1	ENSG00000162669	INS	insertion_in_CDS_exon	0.615822	400	0	0	0	0	0	0	0	0
HGF	7	ENSG00000019991	INS	insertion_in_CDS_exon	0.233713	66	0	0	0	0	0	0	0	0
HGFAC	4	ENSG00000109758	DEL	CDS_deletion_59%_of_canonical	0.001034	0	1	1	0	0	1	0	0	1
HHIPL2	1	ENSG00000143512	INS	insertion_in_CDS_exon	0.003619	0	0	0	0	0	0	0	0	0
HIBCH	2	ENSG00000198130	COMPLEX	complex_deletion_in_CDS	0.000517	0	0	0	1	0	1	0	0	0
HID1	17	ENSG00000167861	COMPLEX	complex_deletion_in_CDS	0.003102	0	1	1	0	1	1	0	0	1
HIF1AN	10	ENSG00000166135	DEL	CDS_deletion_44%_of_canonical	0.001034	1	1	0	0	0	1	0	1	0
HIF3A	19	ENSG00000124440	DEL	canonical_CDS_exon_deletion	0.004136	4	1	1	0	0	1	0	1	1
HIKESHI	11	ENSG00000149196	DEL	CDS_deletion_25%_of_canonical	0.000517	0	0	0	0	1	1	0	0	0
HIP1	7	ENSG00000127946	DEL	canonical_CDS_exon_deletion	0.001034	0	1	1	0	0	1	0	0	0
HIP1R	12	ENSG00000130787	INS	insertion_in_CDS_exon	0.211996	45	0	0	0	0	0	0	0	0
HIPK1	1	ENSG00000163349	DEL	CDS_deletion_16%_of_canonical	0.000517	0	1	0	0	0	1	0	0	0
HIPK2	7	ENSG00000064393	DEL	canonical_CDS_exon_deletion	0.229576	63	1	1	1	1	1	1	1	1
HIPK3	11	ENSG00000110422	DEL	canonical_CDS_exon_deletion	0.005171	0	1	0	0	0	1	0	0	0
HIRA	22	ENSG00000100084	DEL	CDS_deletion_27%_of_canonical	0.004136	2	1	0	1	0	1	0	1	1
HIRIP3	16	ENSG00000149929	DEL	canonical_CDS_exon_deletion	0.018097	1	1	1	1	1	1	1	1	1
HIVEP1	6	ENSG00000095951	DEL	canonical_CDS_exon_deletion	0.000517	0	1	0	0	0	1	0	0	0
HK2	2	ENSG00000159399	DEL	CDS_deletion_10%_of_canonical	0.002068	0	1	0	0	0	1	0	0	0
HLA-F	6	ENSG00000204642	DEL	canonical_CDS_exon_deletion	0.02637	2	1	1	1	1	1	1	1	1
HLA-G	6	ENSG00000204632	COMPLEX	complex_deletion_in_CDS	0.009307	5	1	1	1	1	1	0	1	0
HMCN1	1	ENSG00000143341	DEL	canonical_CDS_exon_deletion	0.002585	1	1	0	1	0	1	0	1	1
HMCN2	9	ENSG00000148357	COMPLEX	complex_deletion_in_CDS	0.005171	0	1	1	0	0	1	0	0	0
HMG20A	15	ENSG00000140382	DEL	canonical_CDS_exon_deletion	0.000517	0	1	0	0	0	1	0	0	0
HMGA1	6	ENSG00000137309	DEL	CDS_deletion_11%_of_canonical	0.001551	0	1	0	0	0	1	0	0	0
HMGCR	5	ENSG00000113161	DEL	CDS_deletion_16%_of_canonical	0.001551	0	1	1	0	0	1	0	0	0
HMGN2	1	ENSG00000198830	DEL	CDS_deletion_82%_of_canonical	0.058428	14	1	1	1	1	1	1	1	1
HMGN4	6	ENSG00000182952	DEL	CDS_deletion_33%_of_canonical	0.125129	42	1	1	1	1	1	1	1	1
HMMR	5	ENSG00000072571	DEL	canonical_CDS_exon_deletion	0.000517	0	0	0	0	0	1	0	0	0
HNF4A	20	ENSG00000101076	COMPLEX	complex_deletion_in_CDS	0.001034	0	1	0	0	0	1	0	0	1
HNMT	2	ENSG00000150540	DEL	CDS_deletion_16%_of_canonical	0.001034	0	0	0	1	0	1	0	0	0
HNRNPA0	5	ENSG00000177733	INS	insertion_in_CDS_exon	0.317477	117	0	0	0	0	0	0	0	0
HNRNPC	14	ENSG00000092199	DEL	CDS_deletion_58%_of_canonical	0.005171	1	0	1	0	0	1	0	1	1
HNRNPCL2	1	ENSG00000275774	DEL	CDS_deletion_11%_of_canonical	0.052223	3	1	1	1	1	1	1	1	1
HNRNPDL	4	ENSG00000152795	DEL	CDS_deletion_19%_of_canonical	0.000517	0	0	0	0	0	1	0	0	1
HNRNPM	19	ENSG00000099783	DEL	canonical_CDS_exon_deletion	0.111169	38	1	1	1	1	1	1	1	1
HNRNPU	1	ENSG00000153187	COMPLEX	complex_over_CDS	0.400207	204	0	0	0	0	0	0	0	0
HNRNPUL1	19	ENSG00000105323	COMPLEX	complex_deletion_in_CDS	0.001551	0	1	1	1	0	1	0	0	0
HOOK2	19	ENSG00000095066	DEL	CDS_deletion_12%_of_canonical	0.09514	15	1	1	1	1	1	1	1	1
HOOK3	8	ENSG00000168172	DEL	canonical_CDS_exon_deletion	0.002585	0	1	1	0	0	1	0	0	0
HOXA11	7	ENSG00000005073	DEL	canonical_CDS_exon_deletion	0.000517	0	1	0	0	0	1	0	0	0
HOXB3	17	ENSG00000120093	DEL	CDS_deletion_23%_of_canonical	0.000517	0	1	0	0	0	1	0	0	0
HOXD1	2	ENSG00000128645	DEL	whole_gene_CDS_deletion	0.005171	0	1	1	1	0	1	0	0	1
HPF1	4	ENSG00000056050	DEL	canonical_CDS_exon_deletion	0.00879	0	1	1	1	0	1	0	1	1
HPGDS	4	ENSG00000163106	DEL	CDS_deletion_44%_of_canonical	0.004654	0	1	0	0	1	1	0	0	0
HPS3	3	ENSG00000163755	COMPLEX	complex_over_CDS	0.000517	0	0	0	0	0	0	0	0	0
HRAS	11	ENSG00000174775	DEL	CDS_deletion_12%_of_canonical	0.235264	71	1	1	1	1	1	1	1	1
HS3ST3B1	17	ENSG00000125430	INS	insertion_in_CDS_exon	0.008273	0	0	0	0	0	0	0	0	0
HS3ST5	6	ENSG00000249853	DEL	CDS_deletion_90%_of_canonical	0.000517	0	1	0	0	0	1	0	0	0
HSBP1L1	18	ENSG00000226742	DEL	CDS_deletion_43%_of_canonical	0.415719	189	1	1	1	1	1	1	1	1
HSD11B2	16	ENSG00000176387	COMPLEX	complex_deletion_in_CDS	0.000517	0	0	1	0	0	1	0	0	0
HSD17B12	11	ENSG00000149084	COMPLEX	complex_deletion_in_CDS	0.000517	0	1	0	0	0	1	0	0	0
HSF1	8	ENSG00000185122	INS	insertion_in_CDS_exon	0.194416	33	0	0	0	0	0	0	0	0
HSH2D	19	ENSG00000196684	DEL	canonical_CDS_exon_deletion	0.001034	0	1	0	0	0	1	0	0	1
HSPA12B	20	ENSG00000132622	DEL	CDS_deletion_13%_of_canonical	0.002585	0	0	1	0	1	1	0	0	0
HSPA1B	6	ENSG00000204388	DEL	canonical_CDS_exon_deletion	0.001034	0	0	0	1	0	1	0	0	0
HSPBP1	19	ENSG00000133265	DEL	CDS_deletion_17%_of_canonical	0.000517	0	0	0	0	1	1	0	0	0
HSPG2	1	ENSG00000142798	DEL	CDS_deletion_18%_of_canonical	0.138573	39	1	1	1	1	1	1	1	1
HSPH1	13	ENSG00000120694	INS	insertion_in_CDS_exon	0.000517	0	0	0	0	0	0	0	0	0
HTR3A	11	ENSG00000166736	DEL	CDS_deletion_12%_of_canonical	0.000517	0	0	0	0	0	1	0	0	0
HTR3E	3	ENSG00000186038	INS	insertion_in_CDS_exon	0.001551	0	0	0	0	0	0	0	0	0
HTT	4	ENSG00000197386	INS	insertion_in_CDS_exon	0.000517	0	0	0	0	0	0	0	0	0
HYAL3	3	ENSG00000186792	DEL	canonical_CDS_exon_deletion	0.000517	0	1	0	0	0	1	0	0	0
HYDIN	16	ENSG00000157423	DEL	canonical_CDS_exon_deletion	0.000517	0	0	0	0	0	1	0	0	1
HYOU1	11	ENSG00000149428	DEL	CDS_deletion_17%_of_canonical	0.013444	0	0	1	0	1	1	1	0	1
IARS2	1	ENSG00000067704	DEL	canonical_CDS_exon_deletion	0.002585	0	1	1	0	1	1	0	0	0
IBTK	6	ENSG00000005700	COMPLEX	complex_over_CDS	0.001034	0	0	0	0	0	0	0	0	0
ICA1L	2	ENSG00000163596	DEL	CDS_deletion_38%_of_canonical	0.000517	0	1	0	0	0	1	0	0	0
ICAM1	19	ENSG00000090339	COMPLEX	complex_deletion_in_CDS	0.002068	0	1	1	0	0	1	0	0	0
ICE2	15	ENSG00000128915	COMPLEX	complex_deletion_in_CDS	0.004136	0	1	0	0	0	1	0	0	0
IDI1	10	ENSG00000067064	DEL	CDS_deletion_18%_of_canonical	0.402275	191	1	1	1	1	1	1	1	1
IDUA	4	ENSG00000127415	DEL	CDS_deletion_63%_of_canonical	0.000517	0	0	0	0	0	1	0	0	1
IER3IP1	18	ENSG00000134049	DEL	whole_gene_CDS_deletion	0.987073	946	1	1	1	1	1	1	1	1
IFI44L	1	ENSG00000137959	DEL	CDS_deletion_45%_of_canonical	0.002068	1	0	1	1	0	1	0	1	1
IFITM2	11	ENSG00000185201	COMPLEX	complex_deletion_in_CDS	0.425026	252	1	1	1	1	1	1	1	1
IFNA10	9	ENSG00000186803	COMPLEX	complex_deletion_in_CDS	0.001034	0	1	0	1	0	1	0	0	0
IFNA16	9	ENSG00000147885	COMPLEX	complex_deletion_in_CDS	0.001034	0	1	0	1	0	1	0	0	0
IFNA5	9	ENSG00000147873	DEL	whole_gene_CDS_deletion	0.001034	1	1	0	0	0	1	0	1	0
IFNA7	9	ENSG00000214042	COMPLEX	complex_deletion_in_CDS	0.001034	0	1	0	1	0	1	0	0	0
IFT122	3	ENSG00000163913	DEL	canonical_CDS_exon_deletion	0.000517	0	0	0	1	0	1	0	0	0
IFT172	2	ENSG00000138002	DEL	canonical_CDS_exon_deletion	0.000517	0	1	0	0	0	1	0	0	1
IGDCC3	15	ENSG00000174498	INS	insertion_in_CDS_exon	0.000517	0	0	0	0	0	0	0	0	0
IGF1R	15	ENSG00000140443	DEL	canonical_CDS_exon_deletion	0.002585	0	1	0	0	1	1	0	0	1
IGF2BP2	3	ENSG00000073792	DEL	canonical_CDS_exon_deletion	0.233195	90	1	1	1	1	1	1	1	1
IGF2BP3	7	ENSG00000136231	DEL	canonical_CDS_exon_deletion	0.001034	0	1	0	1	0	1	0	0	0
IGF2R	6	ENSG00000197081	COMPLEX	complex_deletion_in_CDS	0.003102	0	1	0	0	0	1	0	0	0
IGFBP4	17	ENSG00000141753	DEL	CDS_deletion_17%_of_canonical	0.002068	0	0	1	0	0	1	0	0	1
IGFBPL1	9	ENSG00000137142	DEL	CDS_deletion_32%_of_canonical	0.001034	0	0	0	0	1	1	0	0	1
IGFL4	19	ENSG00000204869	DEL	whole_gene_CDS_deletion	0.119442	44	1	1	1	1	1	1	1	1
IGFN1	1	ENSG00000163395	DEL	CDS_deletion_11%_of_canonical	0.000517	0	0	0	0	0	1	0	0	1
IGHV4OR15-8	15	ENSG00000259261	DEL	whole_gene_CDS_deletion	0.311272	169	1	1	1	1	1	1	1	1
IGKV3OR2-268	2	ENSG00000233999	COMPLEX	complex_over_CDS	0.00879	0	0	0	0	0	0	0	0	0
IGLON5	19	ENSG00000142549	DEL	canonical_CDS_exon_deletion	0.424509	163	1	1	1	1	1	1	1	1
IGLV1-36	22	ENSG00000211655	DEL	CDS_deletion_13%_of_canonical	0.000517	0	1	0	0	0	1	0	0	0
IGLV1-50	22	ENSG00000211645	COMPLEX	complex_deletion_in_CDS	0.03516	2	1	1	1	1	1	1	1	1
IGLV1-51	22	ENSG00000211644	DEL	whole_gene_CDS_deletion	0.000517	0	0	0	0	1	1	0	0	0
IGLV2-33	22	ENSG00000211656	DEL	CDS_deletion_18%_of_canonical	0.004136	0	1	0	0	0	1	0	0	1
IGLV3-10	22	ENSG00000211669	DEL	CDS_deletion_87%_of_canonical	0.603413	375	1	1	1	1	1	1	1	1
IGLV3-16	22	ENSG00000211665	DEL	whole_gene_CDS_deletion	0.002068	1	0	0	0	1	1	0	1	0
IGLV3-9	22	ENSG00000211670	DEL	whole_gene_CDS_deletion	0.603413	375	1	1	1	1	1	1	1	1
IGLV6-57	22	ENSG00000211640	DEL	CDS_deletion_67%_of_canonical	0.000517	0	0	0	0	1	1	0	0	0
IGSF10	3	ENSG00000152580	DEL	CDS_deletion_20%_of_canonical	0.005688	0	1	1	0	0	1	0	0	0
IGSF11	3	ENSG00000144847	COMPLEX	complex_deletion_in_CDS	0.000517	0	0	0	1	0	1	0	0	0
IGSF22	11	ENSG00000179057	DEL	canonical_CDS_exon_deletion	0.005688	0	0	1	0	1	1	0	0	1
IGSF3	1	ENSG00000143061	INS	insertion_in_CDS_exon	0.001034	0	0	0	0	0	0	0	0	0
IGSF9B	11	ENSG00000080854	DEL	canonical_CDS_exon_deletion	0.003619	0	1	0	0	0	1	0	1	1
IHO1	3	ENSG00000173421	COMPLEX	complex_deletion_in_CDS	0.001551	1	0	1	0	1	1	0	1	0
IKBKE	1	ENSG00000263528	DEL	canonical_CDS_exon_deletion	0.001034	0	1	1	0	0	1	0	0	1
IKZF4	12	ENSG00000123411	DEL	CDS_deletion_11%_of_canonical	0.006722	4	1	1	0	0	1	0	1	0
IL12RB1	19	ENSG00000096996	COMPLEX	complex_deletion_in_CDS	0.014478	1	1	0	0	0	1	1	1	0
IL15	4	ENSG00000164136	DEL	CDS_deletion_22%_of_canonical	0.000517	0	0	1	0	0	1	0	0	0
IL16	15	ENSG00000172349	COMPLEX	complex_deletion_in_CDS	0.029473	3	1	1	0	1	1	1	1	0
IL1RL2	2	ENSG00000115598	DEL	canonical_CDS_exon_deletion	0.001034	0	1	0	0	0	1	0	0	0
IL1RN	2	ENSG00000136689	DEL	CDS_deletion_78%_of_canonical	0.000517	0	0	0	1	0	1	0	0	0
IL21	4	ENSG00000138684	DEL	CDS_deletion_42%_of_canonical	0.004136	0	1	0	0	0	1	0	0	0
IL22RA2	6	ENSG00000164485	COMPLEX	complex_deletion_in_CDS	0.005171	0	1	1	0	0	1	0	1	0
IL27	16	ENSG00000197272	DEL	CDS_deletion_37%_of_canonical	0.000517	0	0	0	0	0	1	0	0	1
IL27RA	19	ENSG00000104998	COMPLEX	complex_deletion_in_CDS	0.037228	25	1	1	1	1	1	1	1	1
IL31RA	5	ENSG00000164509	DEL	CDS_deletion_28%_of_canonical	0.000517	0	0	0	1	0	1	0	0	0
IL4I1	19	ENSG00000104951	DEL	CDS_deletion_15%_of_canonical	0.000517	0	1	0	0	0	1	0	0	0
IL5	5	ENSG00000113525	DEL	CDS_deletion_100%_of_canonical	0.000517	0	0	1	0	0	1	0	0	0
IL6ST	5	ENSG00000134352	COMPLEX	complex_deletion_in_CDS	0.000517	0	1	0	0	0	1	0	0	0
IL7	8	ENSG00000104432	DEL	canonical_CDS_exon_deletion	0.000517	0	1	0	0	0	1	0	0	0
ILF2	1	ENSG00000143621	DEL	CDS_deletion_15%_of_canonical	0.005171	0	1	1	0	0	1	0	0	0
ILK	11	ENSG00000166333	DEL	CDS_deletion_11%_of_canonical	0.071872	13	1	1	1	1	1	1	1	1
IMPA2	18	ENSG00000141401	COMPLEX	complex_deletion_in_CDS	0.053775	12	1	1	1	1	1	1	1	0
IMPACT	18	ENSG00000154059	DEL	CDS_deletion_13%_of_canonical	0.002068	0	1	1	0	0	1	0	0	0
INAFM1	19	ENSG00000257704	DEL	CDS_deletion_53%_of_canonical	0.898656	809	1	1	1	1	1	1	1	1
INAVA	1	ENSG00000163362	DEL	canonical_CDS_exon_deletion	0.01758	0	1	1	0	1	1	1	0	1
ING5	2	ENSG00000168395	DEL	CDS_deletion_28%_of_canonical	0.000517	0	1	0	0	0	1	0	0	0
INO80	15	ENSG00000128908	DEL	canonical_CDS_exon_deletion	0.004136	0	1	1	0	0	1	0	0	1
INO80B-WBP1	2	ENSG00000274049	DEL	canonical_CDS_exon_deletion	0.010341	2	1	1	0	0	1	1	1	1
INO80E	16	ENSG00000169592	DEL	CDS_deletion_11%_of_canonical	0.797311	677	1	1	1	1	1	1	1	1
INPP4B	4	ENSG00000109452	COMPLEX	complex_over_CDS	0.002068	0	0	0	0	0	0	0	0	0
INPP5B	1	ENSG00000204084	DEL	canonical_CDS_exon_deletion	0.000517	0	0	0	0	1	1	0	0	0
INPP5D	2	ENSG00000168918	DEL	canonical_CDS_exon_deletion	0.000517	0	0	0	0	0	1	0	0	1
INSC	11	ENSG00000188487	INS	insertion_in_CDS_exon	0.001034	0	0	0	0	0	0	0	0	0
INSL4	9	ENSG00000120211	COMPLEX	complex_deletion_in_CDS	0.000517	0	1	0	0	0	1	0	0	0
INSL6	9	ENSG00000120210	COMPLEX	complex_deletion_in_CDS	0.000517	0	1	0	0	0	1	0	0	0
INSR	19	ENSG00000171105	DEL	CDS_deletion_13%_of_canonical	0.001034	0	1	0	1	0	1	0	0	0
INTS1	7	ENSG00000164880	COMPLEX	complex_over_CDS	0.166494	48	0	0	0	0	0	0	0	0
INTS12	4	ENSG00000138785	COMPLEX	complex_over_CDS	0.001034	0	0	0	0	0	0	0	0	0
INTS13	12	ENSG00000064102	COMPLEX	complex_deletion_in_CDS	0.281799	130	1	1	1	1	1	1	1	1
INTS15	7	ENSG00000146576	INS	insertion_in_CDS_exon	0.001034	0	0	0	0	0	0	0	0	0
INTS4	11	ENSG00000149262	COMPLEX	complex_deletion_in_CDS	0.001034	0	0	1	0	0	1	0	0	1
INTS5	11	ENSG00000185085	DEL	CDS_deletion_97%_of_canonical	0.000517	0	0	0	0	0	1	0	0	1
INTS7	1	ENSG00000143493	DEL	canonical_CDS_exon_deletion	0.001034	0	0	0	0	0	1	0	0	1
INTS9	8	ENSG00000104299	DEL	canonical_CDS_exon_deletion	0.000517	0	0	0	0	0	1	0	0	1
INVS	9	ENSG00000119509	COMPLEX	complex_deletion_in_CDS	0.013961	1	1	1	1	1	1	1	1	1
IPMK	10	ENSG00000151151	COMPLEX	complex_over_CDS	0.008273	0	0	0	0	0	0	0	0	0
IPO13	1	ENSG00000117408	DEL	CDS_deletion_15%_of_canonical	0.001551	0	0	0	0	0	1	0	0	1
IPO4	14	ENSG00000196497	DEL	canonical_CDS_exon_deletion	0.459669	264	1	1	1	1	1	1	1	1
IPO7	11	ENSG00000205339	DEL	canonical_CDS_exon_deletion	0.007239	0	1	0	1	1	1	0	1	1
IPO8	12	ENSG00000133704	INS	insertion_in_CDS_exon	0.000517	0	0	0	0	0	0	0	0	0
IPO9	1	ENSG00000198700	COMPLEX	complex_deletion_in_CDS	0.000517	0	0	1	0	0	1	0	0	0
IPP	1	ENSG00000197429	DEL	canonical_CDS_exon_deletion	0.001551	0	1	0	0	0	1	0	0	0
IQANK1	8	ENSG00000203499	INS	insertion_in_CDS_exon	0.019648	1	0	0	0	0	0	0	0	0
IQCA1L	7	ENSG00000278685	DEL	CDS_deletion_26%_of_canonical	0.001034	0	0	0	1	0	1	0	0	0
IQCB1	3	ENSG00000173226	COMPLEX	complex_deletion_in_CDS	0.001034	0	0	0	0	1	1	0	0	1
IQCE	7	ENSG00000106012	DEL	CDS_deletion_24%_of_canonical	0.000517	0	0	1	0	0	1	0	0	0
IQCG	3	ENSG00000114473	COMPLEX	complex_over_CDS	0.000517	0	0	0	0	0	0	0	0	0
IQCH	15	ENSG00000103599	INS	insertion_in_CDS_exon	0.015512	5	0	0	0	0	0	0	0	0
IQCJ	3	ENSG00000214216	DEL	canonical_CDS_exon_deletion	0.000517	0	0	0	0	1	1	0	0	0
IQCJ-SCHIP1	3	ENSG00000283154	COMPLEX	complex_deletion_in_CDS	0.002585	2	0	0	0	1	1	0	1	1
IQCM	4	ENSG00000234828	DEL	CDS_deletion_18%_of_canonical	0.002068	1	1	0	1	0	1	0	1	0
IQCN	19	ENSG00000130518	INS	insertion_in_CDS_exon	0.828335	669	0	0	0	0	0	0	0	0
IQSEC1	3	ENSG00000144711	DEL	canonical_CDS_exon_deletion	0.000517	0	1	0	0	0	1	0	0	0
IQSEC3	12	ENSG00000120645	COMPLEX	complex_deletion_in_CDS	0.001034	0	0	1	0	0	1	0	0	0
IRAK1BP1	6	ENSG00000146243	DEL	CDS_deletion_51%_of_canonical	0.146846	26	1	1	1	1	1	1	1	1
IRAK2	3	ENSG00000134070	DEL	canonical_CDS_exon_deletion	0.174767	45	1	1	1	1	1	1	1	1
IRAK3	12	ENSG00000090376	DEL	CDS_deletion_15%_of_canonical	0.001034	1	0	0	1	0	1	0	1	0
IRAK4	12	ENSG00000198001	DEL	CDS_deletion_25%_of_canonical	0.002585	0	0	1	1	0	1	0	0	0
IRF2BPL	14	ENSG00000119669	DEL	canonical_CDS_exon_deletion	0.000517	0	0	0	0	1	1	0	0	0
IRF3	19	ENSG00000126456	DEL	CDS_deletion_45%_of_canonical	0.004136	0	1	0	0	0	1	0	0	0
IRF4	6	ENSG00000137265	DEL	canonical_CDS_exon_deletion	0.05274	0	1	1	1	1	1	1	0	1
IRF6	1	ENSG00000117595	COMPLEX	complex_deletion_in_CDS	0.149948	25	1	1	1	1	1	1	1	1
IRGQ	19	ENSG00000167378	DEL	canonical_CDS_exon_deletion	0.000517	0	0	1	0	0	1	0	0	0
ISCA1	9	ENSG00000135070	DEL	CDS_deletion_21%_of_canonical	0.013961	0	1	0	0	0	1	1	0	0
ISG20L2	1	ENSG00000143319	DEL	CDS_deletion_19%_of_canonical	0.000517	0	1	0	0	0	1	0	0	0
ISM2	14	ENSG00000100593	DEL	CDS_deletion_92%_of_canonical	0.001034	1	1	0	0	0	1	0	1	0
ITGA1	5	ENSG00000213949	DEL	canonical_CDS_exon_deletion	0.507239	278	1	1	1	1	1	1	1	1
ITGA11	15	ENSG00000137809	DEL	canonical_CDS_exon_deletion	0.002585	0	1	1	0	0	1	0	0	1
ITGA4	2	ENSG00000115232	DEL	canonical_CDS_exon_deletion	0.264219	113	1	1	1	1	1	1	1	1
ITGA6	2	ENSG00000091409	DEL	canonical_CDS_exon_deletion	0.000517	0	0	0	0	1	1	0	0	0
ITGA8	10	ENSG00000077943	DEL	canonical_CDS_exon_deletion	0.005688	1	1	0	0	1	1	0	1	1
ITGAE	17	ENSG00000083457	DEL	canonical_CDS_exon_deletion	0.389349	192	1	1	1	1	1	1	1	1
ITGAL	16	ENSG00000005844	DEL	CDS_deletion_29%_of_canonical	0.940021	890	1	1	1	1	1	1	1	1
ITGAM	16	ENSG00000169896	DEL	CDS_deletion_18%_of_canonical	0.002068	0	1	0	0	0	1	0	0	0
ITGAX	16	ENSG00000140678	DEL	CDS_deletion_33%_of_canonical	0.001034	0	0	0	0	1	1	0	0	0
ITGB1BP1	2	ENSG00000119185	DEL	CDS_deletion_12%_of_canonical	0.001034	1	1	0	0	0	1	0	1	0
ITGB6	2	ENSG00000115221	DEL	canonical_CDS_exon_deletion	0.001551	0	1	0	0	1	1	0	0	0
ITGB7	12	ENSG00000139626	INS	insertion_in_CDS_exon	0.001034	0	0	0	0	0	0	0	0	0
ITGB8	7	ENSG00000105855	COMPLEX	complex_deletion_in_CDS	0.001551	0	0	1	0	1	1	0	0	1
ITGBL1	13	ENSG00000198542	DEL	canonical_CDS_exon_deletion	0.000517	0	0	0	0	1	1	0	0	0
ITIH2	10	ENSG00000151655	DEL	canonical_CDS_exon_deletion	0.303516	101	1	1	1	1	1	1	1	1
ITK	5	ENSG00000113263	DEL	canonical_CDS_exon_deletion	0.051706	17	1	1	0	1	1	1	1	1
ITPK1	14	ENSG00000100605	COMPLEX	complex_deletion_in_CDS	0.000517	0	0	1	0	0	1	0	0	0
ITPR2	12	ENSG00000123104	DEL	canonical_CDS_exon_deletion	0.254395	92	1	1	1	1	1	1	1	1
ITPR3	6	ENSG00000096433	DEL	canonical_CDS_exon_deletion	0.001034	1	0	0	0	0	1	0	1	1
IVNS1ABP	1	ENSG00000116679	DEL	CDS_deletion_21%_of_canonical	0.014478	3	1	1	1	1	1	1	1	1
IZUMO4	19	ENSG00000099840	INS	insertion_in_CDS_exon	0.012927	0	0	0	0	0	0	0	0	0
JADE1	4	ENSG00000077684	DEL	canonical_CDS_exon_deletion	0.001034	1	1	0	0	1	1	0	1	0
JADE2	5	ENSG00000043143	DEL	CDS_deletion_22%_of_canonical	0.001551	1	1	0	0	1	1	0	1	0
JAK3	19	ENSG00000105639	INS	insertion_in_CDS_exon	0.467425	282	0	0	0	0	0	0	0	0
JAKMIP1	4	ENSG00000152969	COMPLEX	complex_deletion_in_CDS	0.993795	955	1	1	1	1	1	1	1	1
JAKMIP3	10	ENSG00000188385	DEL	CDS_deletion_24%_of_canonical	0.001551	1	0	0	0	0	1	0	1	1
JAM3	11	ENSG00000166086	COMPLEX	complex_deletion_in_CDS	0.013961	2	1	1	1	1	1	1	1	1
JAML	11	ENSG00000160593	DEL	canonical_CDS_exon_deletion	0.002068	0	1	1	0	0	1	0	0	0
JHY	11	ENSG00000109944	DEL	canonical_CDS_exon_deletion	0.019648	1	1	1	0	0	1	1	1	0
JKAMP	14	ENSG00000050130	COMPLEX	complex_deletion_in_CDS	0.001034	0	0	0	1	0	1	0	0	1
JMJD7-PLA2G4B	15	ENSG00000168970	DEL	canonical_CDS_exon_deletion	0.000517	0	1	0	0	0	1	0	0	0
JMJD8	16	ENSG00000161999	DEL	canonical_CDS_exon_deletion	0.055843	13	1	1	1	1	1	1	1	1
JOSD2	19	ENSG00000161677	COMPLEX	complex_over_CDS	0.009307	9	0	0	0	0	0	0	0	0
JPT1	17	ENSG00000189159	DEL	CDS_deletion_12%_of_canonical	0.000517	0	0	1	0	0	1	0	0	0
JSRP1	19	ENSG00000167476	DEL	canonical_CDS_exon_deletion	0.5212	276	1	1	1	1	1	1	1	1
KALRN	3	ENSG00000160145	DEL	canonical_CDS_exon_deletion	0.002585	2	1	0	0	1	1	0	1	1
KANK3	19	ENSG00000186994	DEL	CDS_deletion_68%_of_canonical	0.07394	14	1	1	1	1	1	1	1	1
KANK4	1	ENSG00000132854	COMPLEX	complex_over_CDS	0.001034	1	0	0	0	0	0	0	0	0
KASH5	19	ENSG00000161609	DEL	canonical_CDS_exon_deletion	0.000517	0	0	0	1	0	1	0	0	0
KATNAL1	13	ENSG00000102781	DEL	CDS_deletion_18%_of_canonical	0.000517	0	0	0	1	0	1	0	0	0
KATNAL2	18	ENSG00000167216	DEL	CDS_deletion_13%_of_canonical	0.000517	0	0	0	0	0	1	0	0	0
KATNIP	16	ENSG00000047578	DEL	canonical_CDS_exon_deletion	0.001034	0	1	1	0	0	1	0	1	0
KAZN	1	ENSG00000189337	DEL	canonical_CDS_exon_deletion	0.003619	0	1	1	0	0	1	0	0	0
KBTBD11-OT1	8	ENSG00000283239	DEL	CDS_deletion_85%_of_canonical	0.005171	0	1	0	0	0	1	0	0	0
KBTBD12	3	ENSG00000187715	DEL	CDS_deletion_23%_of_canonical	0.001034	0	0	0	1	0	1	0	0	0
KBTBD2	7	ENSG00000170852	DEL	canonical_CDS_exon_deletion	0.175284	61	1	1	1	1	1	1	1	1
KCNA7	19	ENSG00000104848	DEL	canonical_CDS_exon_deletion	0.170114	42	1	1	1	1	1	1	1	1
KCNAB1	3	ENSG00000169282	INS	insertion_in_CDS_exon	0.002585	2	0	0	0	0	0	0	0	0
KCNB2	8	ENSG00000182674	DEL	CDS_deletion_21%_of_canonical	0.002585	1	0	0	0	0	1	0	1	1
KCNC1	11	ENSG00000129159	DEL	canonical_CDS_exon_deletion	0.000517	0	0	0	1	0	1	0	0	0
KCND2	7	ENSG00000184408	DEL	CDS_deletion_10%_of_canonical	0.000517	0	1	0	0	0	1	0	0	0
KCNG3	2	ENSG00000171126	INS	insertion_in_CDS_exon	0.012927	1	0	0	0	0	0	0	0	0
KCNH7	2	ENSG00000184611	DEL	canonical_CDS_exon_deletion	0.000517	0	0	0	0	0	1	0	0	1
KCNH8	3	ENSG00000183960	DEL	canonical_CDS_exon_deletion	0.001551	1	1	0	0	0	1	0	1	0
KCNIP4	4	ENSG00000185774	COMPLEX	complex_deletion_in_CDS	0.001034	0	0	0	0	1	1	0	0	1
KCNJ12	17	ENSG00000184185	DEL	CDS_deletion_53%_of_canonical	0.034643	4	1	1	1	1	1	1	1	1
KCNJ8	12	ENSG00000121361	DEL	canonical_CDS_exon_deletion	0.315926	104	1	1	1	1	1	1	1	1
KCNK5	6	ENSG00000164626	DEL	CDS_deletion_30%_of_canonical	0.000517	0	1	0	0	0	1	0	0	0
KCNMA1	10	ENSG00000156113	DEL	CDS_deletion_10%_of_canonical	0.001034	1	0	0	0	1	1	0	1	0
KCNN3	1	ENSG00000143603	DEL	CDS_deletion_19%_of_canonical	0.006722	3	1	1	0	0	1	0	1	1
KCNQ2	20	ENSG00000075043	COMPLEX	complex_deletion_in_CDS	0.027921	2	1	1	1	1	1	1	1	1
KCNQ4	1	ENSG00000117013	DEL	canonical_CDS_exon_deletion	0.008273	4	0	0	1	0	1	0	1	1
KCNT2	1	ENSG00000162687	DEL	canonical_CDS_exon_deletion	0.000517	0	1	0	0	0	1	0	0	1
KCNU1	8	ENSG00000215262	COMPLEX	complex_deletion_in_CDS	0.001551	0	1	0	1	0	1	0	0	0
KCNV1	8	ENSG00000164794	DEL	canonical_CDS_exon_deletion	0.000517	0	0	0	0	0	1	0	0	1
KCP	7	ENSG00000135253	COMPLEX	complex_deletion_in_CDS	0.281282	113	1	1	1	1	1	1	1	1
KCTD12	13	ENSG00000178695	COMPLEX	complex_deletion_in_CDS	0.796794	735	1	1	1	1	1	1	1	1
KCTD13	16	ENSG00000174943	COMPLEX	complex_deletion_in_CDS	0.005171	2	1	1	1	1	1	0	1	1
KCTD5	16	ENSG00000167977	COMPLEX	complex_deletion_in_CDS	0.001551	0	1	0	0	0	1	0	0	1
KDELR3	22	ENSG00000100196	INS	insertion_in_CDS_exon	0.004136	0	0	0	0	0	0	0	0	0
KDM1A	1	ENSG00000004487	COMPLEX	complex_over_CDS	0.000517	0	0	0	0	0	0	0	0	0
KDM1B	6	ENSG00000165097	DEL	canonical_CDS_exon_deletion	0.888831	752	1	1	1	1	1	1	1	1
KDM2B	12	ENSG00000089094	COMPLEX	complex_deletion_in_CDS	0.001034	0	0	1	0	1	1	0	0	0
KDM3B	5	ENSG00000120733	DEL	canonical_CDS_exon_deletion	0.016546	6	0	1	0	1	1	1	1	1
KDM4B	19	ENSG00000127663	DEL	canonical_CDS_exon_deletion	0.011893	0	1	1	1	0	1	1	0	0
KDM4C	9	ENSG00000107077	DEL	canonical_CDS_exon_deletion	0.000517	0	0	0	0	1	1	0	0	0
KDM7A	7	ENSG00000006459	DEL	canonical_CDS_exon_deletion	0.001551	1	1	0	0	0	1	0	1	0
KHDRBS3	8	ENSG00000131773	DEL	canonical_CDS_exon_deletion	0.622027	385	1	1	1	1	1	1	1	1
KHSRP	19	ENSG00000088247	DEL	canonical_CDS_exon_deletion	0.371768	154	1	1	1	1	1	1	1	1
KIAA0232	4	ENSG00000170871	DEL	canonical_CDS_exon_deletion	0.000517	0	1	0	0	0	1	0	0	0
KIAA0319	6	ENSG00000137261	DEL	canonical_CDS_exon_deletion	0.20424	48	1	1	1	1	1	1	1	1
KIAA0513	16	ENSG00000135709	COMPLEX	complex_deletion_in_CDS	0.012927	1	1	0	0	0	1	1	1	0
KIAA0825	5	ENSG00000185261	DEL	canonical_CDS_exon_deletion	0.000517	0	1	0	0	0	1	0	0	0
KIAA1549	7	ENSG00000122778	INS	insertion_in_CDS_exon	0.807135	650	0	0	0	0	0	0	0	0
KIAA1549L	11	ENSG00000110427	INS	insertion_in_CDS_exon	0.000517	0	0	0	0	0	0	0	0	0
KIAA2026	9	ENSG00000183354	INS	insertion_in_CDS_exon	0.001034	0	0	0	0	0	0	0	0	0
KIF12	9	ENSG00000136883	DEL	CDS_deletion_13%_of_canonical	0.003102	0	0	0	1	0	1	0	0	0
KIF13B	8	ENSG00000197892	DEL	canonical_CDS_exon_deletion	0.002585	0	0	0	1	0	1	0	0	0
KIF14	1	ENSG00000118193	DEL	CDS_deletion_10%_of_canonical	0.000517	0	0	1	0	0	1	0	0	0
KIF15	3	ENSG00000163808	DEL	CDS_deletion_24%_of_canonical	0.000518	0	0	0	1	0	1	0	0	0
KIF16B	20	ENSG00000089177	DEL	canonical_CDS_exon_deletion	0.001034	0	0	0	0	0	1	0	0	1
KIF1A	2	ENSG00000130294	DEL	CDS_deletion_13%_of_canonical	0.004136	1	1	0	0	0	1	0	1	0
KIF1B	1	ENSG00000054523	COMPLEX	complex_deletion_in_CDS	0.609617	476	1	1	1	1	1	1	1	1
KIF20B	10	ENSG00000138182	DEL	canonical_CDS_exon_deletion	0.003619	0	1	1	1	0	1	0	0	1
KIF21B	1	ENSG00000116852	DEL	canonical_CDS_exon_deletion	0.000517	0	0	0	1	0	1	0	0	0
KIF23	15	ENSG00000137807	DEL	canonical_CDS_exon_deletion	0.001034	1	1	0	0	0	1	0	1	0
KIF26B	1	ENSG00000162849	DEL	canonical_CDS_exon_deletion	0.005688	0	1	1	0	1	1	0	1	0
KIF2C	1	ENSG00000142945	DEL	canonical_CDS_exon_deletion	0.001034	0	0	0	0	0	1	0	0	1
KIF4B	5	ENSG00000226650	INS	insertion_in_CDS_exon	0.013444	0	0	0	0	0	0	0	0	0
KIF5A	12	ENSG00000155980	INS	insertion_in_CDS_exon	0.000517	0	0	0	0	0	0	0	0	0
KIF5B	10	ENSG00000170759	DEL	CDS_deletion_19%_of_canonical	0.000517	0	1	0	0	0	1	0	0	0
KIF5C	2	ENSG00000168280	DEL	canonical_CDS_exon_deletion	0.004654	0	1	0	0	0	1	0	0	0
KIF7	15	ENSG00000166813	INS	insertion_in_CDS_exon	0.000517	0	0	0	0	0	0	0	0	0
KIF9	3	ENSG00000088727	DEL	CDS_deletion_17%_of_canonical	0.001034	0	1	0	0	0	1	0	0	0
KIR2DL1	19	ENSG00000125498	DEL	CDS_deletion_17%_of_canonical	0.001034	0	0	0	1	0	1	0	0	0
KIR2DL4	19	ENSG00000189013	DEL	canonical_CDS_exon_deletion	0.000517	0	1	0	0	0	1	0	0	0
KIR3DL3	19	ENSG00000242019	DEL	CDS_deletion_77%_of_canonical	0.486039	272	1	1	1	1	1	1	1	1
KLC3	19	ENSG00000104892	DEL	CDS_deletion_24%_of_canonical	0.015512	3	1	1	0	0	1	1	1	0
KLF1	19	ENSG00000105610	DEL	CDS_deletion_23%_of_canonical	0.001034	0	0	1	0	1	1	0	0	0
KLF12	13	ENSG00000118922	DEL	CDS_deletion_11%_of_canonical	0.001034	1	0	0	0	0	1	0	1	1
KLHDC10	7	ENSG00000128607	COMPLEX	complex_over_CDS	0.000517	0	0	0	0	0	0	0	0	0
KLHDC4	16	ENSG00000104731	COMPLEX	complex_deletion_in_CDS	0.16908	43	1	1	1	1	1	1	1	1
KLHDC7B	22	ENSG00000130487	DEL	canonical_CDS_exon_deletion	0.016546	0	1	1	0	1	1	1	0	0
KLHL1	13	ENSG00000150361	DEL	canonical_CDS_exon_deletion	0.002585	2	1	1	0	0	1	0	1	1
KLHL17	1	ENSG00000187961	DEL	canonical_CDS_exon_deletion	0.32213	140	1	1	1	1	1	1	1	1
KLHL18	3	ENSG00000114648	INS	insertion_in_CDS_exon	0.272492	72	0	0	0	0	0	0	0	0
KLHL3	5	ENSG00000146021	DEL	canonical_CDS_exon_deletion	0.000517	0	0	0	0	0	1	0	0	0
KLHL33	14	ENSG00000185271	INS	insertion_in_CDS_exon	0.527921	276	0	0	0	0	0	0	0	0
KLHL7	7	ENSG00000122550	DEL	CDS_deletion_22%_of_canonical	0.010858	9	1	1	1	0	1	1	1	1
KLHL9	9	ENSG00000198642	INS	insertion_in_CDS_exon	0.293175	87	0	0	0	0	0	0	0	0
KLK10	19	ENSG00000129451	DEL	canonical_CDS_exon_deletion	0.468976	252	1	1	1	1	1	1	1	1
KLK12	19	ENSG00000186474	DEL	canonical_CDS_exon_deletion	0.001034	0	1	0	0	0	1	0	0	0
KLK13	19	ENSG00000167759	DEL	CDS_deletion_22%_of_canonical	0.001551	1	1	1	0	0	1	0	1	0
KLRC1	12	ENSG00000134545	DEL	CDS_deletion_13%_of_canonical	0.002585	0	1	1	0	0	1	0	0	0
KLRF2	12	ENSG00000256797	COMPLEX	complex_deletion_in_CDS	0.539814	294	1	1	1	1	1	1	1	1
KMO	1	ENSG00000117009	DEL	CDS_deletion_41%_of_canonical	0.000517	0	1	0	0	0	1	0	0	0
KMT2C	7	ENSG00000055609	DEL	canonical_CDS_exon_deletion	0.148914	23	1	1	1	1	1	1	1	1
KMT2D	12	ENSG00000167548	DEL	canonical_CDS_exon_deletion	0.340745	124	1	1	1	1	1	1	1	1
KMT2E	7	ENSG00000005483	COMPLEX	complex_over_CDS	0.004654	0	0	0	0	0	0	0	0	0
KMT5C	19	ENSG00000133247	DEL	CDS_deletion_35%_of_canonical	0.003102	0	1	0	0	0	1	0	0	0
KNDC1	10	ENSG00000171798	DEL	canonical_CDS_exon_deletion	0.128749	27	1	1	1	1	1	1	1	1
KNL1	15	ENSG00000137812	DEL	canonical_CDS_exon_deletion	0.094623	33	1	1	1	1	1	1	1	1
KNTC1	12	ENSG00000184445	DEL	canonical_CDS_exon_deletion	0.000517	0	0	1	0	0	1	0	0	0
KREMEN2	16	ENSG00000131650	DEL	canonical_CDS_exon_deletion	0.812823	636	1	1	1	1	1	1	1	1
KRT10	17	ENSG00000186395	COMPLEX	complex_deletion_in_CDS	0.282316	72	1	1	1	1	1	1	1	1
KRT18	12	ENSG00000111057	DEL	CDS_deletion_18%_of_canonical	0.087384	27	1	1	1	1	1	1	1	1
KRT26	17	ENSG00000186393	DEL	CDS_deletion_11%_of_canonical	0.011893	1	0	1	0	1	1	1	1	1
KRT28	17	ENSG00000173908	DEL	CDS_deletion_50%_of_canonical	0.001034	1	1	0	1	0	1	0	1	0
KRT3	12	ENSG00000186442	INS	insertion_in_CDS_exon	0.006722	0	0	0	0	0	0	0	0	0
KRT31	17	ENSG00000094796	DEL	CDS_deletion_33%_of_canonical	0.000517	0	0	1	0	1	1	0	0	0
KRT4	12	ENSG00000170477	INS	insertion_in_CDS_exon	0.010858	2	0	0	0	0	0	0	0	0
KRT40	17	ENSG00000204889	COMPLEX	complex_deletion_in_CDS	0.003619	0	1	1	0	0	1	0	0	1
KRT74	12	ENSG00000170484	DEL	CDS_deletion_71%_of_canonical	0.001034	0	0	0	0	0	1	0	0	1
KRT77	12	ENSG00000189182	DEL	CDS_deletion_31%_of_canonical	0.000517	0	1	0	0	0	1	0	0	0
KRT8	12	ENSG00000170421	DEL	CDS_deletion_45%_of_canonical	0.000517	0	1	1	0	0	1	0	0	0
KRTAP10-2	21	ENSG00000205445	COMPLEX	complex_deletion_in_CDS	0.394519	162	1	1	1	1	1	1	1	1
KRTAP22-1	21	ENSG00000186924	DEL	whole_gene_CDS_deletion	0.001551	1	1	0	0	1	1	0	1	0
KRTAP3-1	17	ENSG00000212901	DEL	whole_gene_CDS_deletion	0.002068	0	1	1	0	1	1	0	0	0
KRTAP4-16	17	ENSG00000241241	DEL	CDS_deletion_21%_of_canonical	0.000517	0	1	0	0	0	1	0	0	0
KRTAP4-7	17	ENSG00000240871	INS	insertion_in_CDS_exon	0.009824	0	0	0	0	0	0	0	0	0
KRTAP4-8	17	ENSG00000204880	DEL	CDS_deletion_11%_of_canonical	0.000517	0	0	0	1	0	1	0	0	0
KRTAP5-1	11	ENSG00000205869	INS	insertion_in_CDS_exon	0.798862	633	0	0	0	0	0	0	0	0
KRTAP5-2	11	ENSG00000205867	DEL	canonical_CDS_exon_deletion	0.009307	1	1	1	0	0	1	0	1	0
KRTAP5-7	11	ENSG00000244411	DEL	CDS_deletion_17%_of_canonical	0.000517	0	0	0	0	0	1	0	0	1
KSR1	17	ENSG00000141068	DEL	canonical_CDS_exon_deletion	0.040331	7	1	1	1	1	1	1	1	1
KSR2	12	ENSG00000171435	COMPLEX	complex_over_CDS	0.000517	0	0	0	0	0	0	0	0	0
KY	3	ENSG00000174611	DEL	canonical_CDS_exon_deletion	0.000517	0	0	0	0	0	1	0	0	1
L3HYPDH	14	ENSG00000126790	COMPLEX	complex_deletion_in_CDS	0.001034	0	0	0	1	0	1	0	0	1
L3MBTL2	22	ENSG00000100395	COMPLEX	complex_deletion_in_CDS	0.395036	262	1	1	1	1	1	1	1	1
L3MBTL4	18	ENSG00000154655	DEL	canonical_CDS_exon_deletion	0.006205	1	1	0	0	0	1	0	1	0
LAIR2	19	ENSG00000167618	DEL	canonical_CDS_exon_deletion	0.000517	0	0	0	1	0	1	0	0	0
LALBA	12	ENSG00000167531	COMPLEX	complex_deletion_in_CDS	0.005171	0	1	1	0	1	1	0	0	1
LAMA1	18	ENSG00000101680	INS	insertion_in_CDS_exon	0.048087	5	0	0	0	0	0	0	0	0
LAMA2	6	ENSG00000196569	DEL	canonical_CDS_exon_deletion	0.003102	0	1	0	0	0	1	0	0	0
LAMA3	18	ENSG00000053747	DEL	canonical_CDS_exon_deletion	0.040331	3	1	1	1	1	1	1	1	1
LAMA4	6	ENSG00000112769	DEL	canonical_CDS_exon_deletion	0.000517	0	1	1	0	0	1	0	0	0
LAMA5	20	ENSG00000130702	DEL	CDS_deletion_37%_of_canonical	0.005688	2	0	0	1	1	1	0	1	1
LAMC3	9	ENSG00000050555	DEL	canonical_CDS_exon_deletion	0.000517	0	0	0	0	1	1	0	0	0
LAMP1	13	ENSG00000185896	DEL	CDS_deletion_17%_of_canonical	0.341262	203	1	1	1	1	1	1	1	1
LAMP5	20	ENSG00000125869	INS	insertion_in_CDS_exon	0.000517	0	0	0	0	0	0	0	0	0
LARP1	5	ENSG00000155506	DEL	CDS_deletion_12%_of_canonical	0.766288	596	1	1	1	1	1	1	1	1
LARP1B	4	ENSG00000138709	DEL	canonical_CDS_exon_deletion	0.001034	0	0	0	1	0	1	0	0	0
LARP4B	10	ENSG00000107929	DEL	canonical_CDS_exon_deletion	0.008273	0	1	0	0	0	1	0	0	1
LARP7	4	ENSG00000174720	DEL	CDS_deletion_65%_of_canonical	0.001034	0	0	0	1	0	1	0	0	1
LARS2	3	ENSG00000011376	DEL	canonical_CDS_exon_deletion	0.003102	0	0	1	1	1	1	0	0	0
LASP1	17	ENSG00000002834	INS	insertion_in_CDS_exon	0.023785	3	0	0	0	0	0	0	0	0
LASP1NB	17	ENSG00000263874	COMPLEX	complex_over_CDS	0.297828	74	0	0	0	0	0	0	0	0
LATS2	13	ENSG00000150457	INS	insertion_in_CDS_exon	0.000517	0	0	0	0	0	0	0	0	0
LAX1	1	ENSG00000122188	DEL	CDS_deletion_51%_of_canonical	0.000517	0	1	0	0	0	1	0	0	0
LBHD1	11	ENSG00000162194	DEL	CDS_deletion_13%_of_canonical	0.004136	0	1	0	0	0	1	0	0	0
LCA5	6	ENSG00000135338	COMPLEX	complex_deletion_in_CDS	0.207859	127	1	1	1	1	1	1	1	1
LCLAT1	2	ENSG00000172954	COMPLEX	complex_over_CDS	0.002585	0	0	0	0	0	0	0	0	0
LCN15	9	ENSG00000177984	COMPLEX	complex_over_CDS	0.002068	2	0	0	0	0	0	0	0	0
LCN6	9	ENSG00000267206	COMPLEX	complex_over_CDS	0.002068	2	0	0	0	0	0	0	0	0
LCN8	9	ENSG00000204001	COMPLEX	complex_over_CDS	0.002068	2	0	0	0	0	0	0	0	0
LCOR	10	ENSG00000196233	DEL	CDS_deletion_20%_of_canonical	0.000517	0	0	0	1	0	1	0	0	0
LCORL	4	ENSG00000178177	INS	insertion_in_CDS_exon	0.000517	0	0	0	0	0	0	0	0	0
LCP2	5	ENSG00000043462	COMPLEX	complex_deletion_in_CDS	0.001551	1	1	0	0	0	1	0	1	0
LDHAL6A	11	ENSG00000166800	COMPLEX	complex_deletion_in_CDS	0.002585	0	1	0	0	1	1	0	1	1
LDHAL6B	15	ENSG00000171989	COMPLEX	complex_deletion_in_CDS	0.003619	2	0	1	0	1	1	0	1	1
LDHC	11	ENSG00000166796	DEL	canonical_CDS_exon_deletion	0.000517	0	0	1	0	0	1	0	0	0
LDLRAD2	1	ENSG00000187942	DEL	whole_gene_CDS_deletion	0.138573	39	1	1	1	1	1	1	1	1
LDLRAD4	18	ENSG00000168675	DEL	canonical_CDS_exon_deletion	0.000517	0	0	1	0	0	1	0	0	0
LECT2	5	ENSG00000145826	DEL	CDS_deletion_36%_of_canonical	0.000517	0	1	0	0	0	1	0	0	0
LEMD2	6	ENSG00000161904	DEL	canonical_CDS_exon_deletion	0.60393	360	1	1	1	1	1	1	1	1
LEO1	15	ENSG00000166477	DEL	canonical_CDS_exon_deletion	0.000517	0	0	0	1	0	1	0	0	0
LEPR	1	ENSG00000116678	INS	insertion_in_CDS_exon	0.004136	0	0	0	0	0	0	0	0	0
LEPROT	1	ENSG00000213625	DEL	canonical_CDS_exon_deletion	0.003619	0	1	0	0	0	1	0	0	0
LETMD1	12	ENSG00000050426	DEL	CDS_deletion_25%_of_canonical	0.003102	2	0	1	1	0	1	0	1	0
LGALS1	22	ENSG00000100097	COMPLEX	complex_deletion_in_CDS	0.000517	0	0	0	1	0	1	0	0	0
LGALS12	11	ENSG00000133317	DEL	CDS_deletion_23%_of_canonical	0.000517	0	1	0	0	0	1	0	0	0
LGALS8	1	ENSG00000116977	DEL	CDS_deletion_30%_of_canonical	0.000517	0	0	0	1	0	1	0	0	0
LGALS9	17	ENSG00000168961	DEL	canonical_CDS_exon_deletion	0.005171	0	1	0	1	0	1	0	0	1
LGI4	19	ENSG00000153902	DEL	CDS_deletion_81%_of_canonical	0.000517	0	0	0	1	0	1	0	0	0
LGR4	11	ENSG00000205213	COMPLEX	complex_deletion_in_CDS	0.001034	0	1	0	1	1	1	0	1	1
LHFPL7	22	ENSG00000206069	DEL	CDS_deletion_57%_of_canonical	0.000517	0	1	0	0	0	1	0	0	0
LHX1	17	ENSG00000273706	DEL	canonical_CDS_exon_deletion	0.000517	0	0	0	1	0	1	0	0	0
LIAS	4	ENSG00000121897	DEL	CDS_deletion_27%_of_canonical	0.000517	0	0	0	0	1	1	0	0	0
LIG1	19	ENSG00000105486	DEL	canonical_CDS_exon_deletion	0.022751	14	1	1	1	1	1	1	1	1
LIMK1	7	ENSG00000106683	DEL	canonical_CDS_exon_deletion	0.000517	0	0	0	0	1	1	0	0	0
LIMK2	22	ENSG00000182541	DEL	canonical_CDS_exon_deletion	0.001551	1	0	1	0	0	1	0	1	0
LIN9	1	ENSG00000183814	DEL	CDS_deletion_14%_of_canonical	0.001034	0	0	0	0	1	1	0	0	1
LIPA	10	ENSG00000107798	DEL	CDS_deletion_21%_of_canonical	0.002068	0	0	1	0	1	1	0	0	0
LIPK	10	ENSG00000204021	DEL	canonical_CDS_exon_deletion	0.003102	0	1	0	0	0	1	0	0	0
LIX1	5	ENSG00000145721	COMPLEX	complex_deletion_in_CDS	0.855739	713	1	1	1	1	1	1	1	1
LMAN1	18	ENSG00000074695	DEL	CDS_deletion_20%_of_canonical	0.000517	0	0	0	0	1	1	0	0	0
LMAN1L	15	ENSG00000140506	INS	insertion_in_CDS_exon	0.012409	0	0	0	0	0	0	0	0	0
LMAN2	5	ENSG00000169223	COMPLEX	complex_deletion_in_CDS	0.003619	0	1	1	0	0	1	0	0	0
LMAN2L	2	ENSG00000114988	COMPLEX	complex_over_CDS	0.001034	0	0	0	0	0	0	0	0	0
LMBR1	7	ENSG00000105983	DEL	canonical_CDS_exon_deletion	0.972596	917	1	1	1	1	1	1	1	1
LMBRD2	5	ENSG00000164187	COMPLEX	complex_deletion_in_CDS	0.000517	0	0	0	0	0	1	0	0	1
LMCD1	3	ENSG00000071282	DEL	CDS_deletion_11%_of_canonical	0.000517	0	0	0	0	0	1	0	0	1
LMLN	3	ENSG00000185621	INS	insertion_in_CDS_exon	0.053257	6	0	0	0	0	0	0	0	0
LMNTD2	11	ENSG00000185522	DEL	CDS_deletion_19%_of_canonical	0.004654	2	1	1	1	0	1	0	1	1
LMTK2	7	ENSG00000164715	DEL	canonical_CDS_exon_deletion	0.002585	1	1	1	0	0	1	0	1	1
LMTK3	19	ENSG00000142235	DEL	CDS_deletion_14%_of_canonical	0.000517	0	0	0	0	1	1	0	0	0
LNPEP	5	ENSG00000113441	DEL	CDS_deletion_34%_of_canonical	0.001034	1	0	0	1	0	1	0	1	0
LNPK	2	ENSG00000144320	DEL	canonical_CDS_exon_deletion	0.542399	310	1	1	1	1	1	1	1	1
LOXL1	15	ENSG00000129038	DEL	CDS_deletion_23%_of_canonical	0.004136	0	1	0	0	0	1	0	0	0
LPA	6	ENSG00000198670	DEL	canonical_CDS_exon_deletion	0.000517	0	1	0	0	0	1	0	0	0
LPCAT1	5	ENSG00000153395	COMPLEX	complex_deletion_in_CDS	0.445191	303	1	1	1	1	1	1	1	1
LPP	3	ENSG00000145012	COMPLEX	complex_deletion_in_CDS	0.001034	1	0	1	0	0	1	0	1	1
LRAT	4	ENSG00000121207	DEL	CDS_deletion_30%_of_canonical	0.003102	0	1	1	0	1	1	0	0	1
LRBA	4	ENSG00000198589	DEL	canonical_CDS_exon_deletion	0.000517	0	0	0	0	1	1	0	0	0
LRCOL1	12	ENSG00000204583	DEL	CDS_deletion_52%_of_canonical	0.000517	0	0	0	1	0	1	0	0	0
LRFN1	19	ENSG00000128011	DEL	canonical_CDS_exon_deletion	0.000517	0	0	0	0	0	1	0	0	1
LRGUK	7	ENSG00000155530	COMPLEX	complex_over_CDS	0.001034	0	0	0	0	0	0	0	0	0
LRIF1	1	ENSG00000121931	DEL	CDS_deletion_21%_of_canonical	0.003619	0	0	0	1	0	1	0	0	0
LRIG1	3	ENSG00000144749	COMPLEX	complex_over_CDS	0.000517	0	0	0	0	0	0	0	0	0
LRIT1	10	ENSG00000148602	COMPLEX	complex_deletion_in_CDS	0.000517	0	0	0	1	0	1	0	0	0
LRIT2	10	ENSG00000204033	COMPLEX	complex_deletion_in_CDS	0.000517	0	0	0	1	0	1	0	0	0
LRIT3	4	ENSG00000183423	DEL	CDS_deletion_29%_of_canonical	0.001034	1	0	0	0	0	1	0	1	1
LRP1	12	ENSG00000123384	COMPLEX	complex_deletion_in_CDS	0.002068	0	1	0	1	0	1	0	0	1
LRP1B	2	ENSG00000168702	DEL	canonical_CDS_exon_deletion	0.000517	0	1	0	0	0	1	0	0	0
LRP2	2	ENSG00000081479	DEL	canonical_CDS_exon_deletion	0.007239	0	0	1	1	1	1	0	0	0
LRP5	11	ENSG00000162337	COMPLEX	complex_over_CDS	0.001034	0	0	0	0	0	0	0	0	0
LRPPRC	2	ENSG00000138095	DEL	canonical_CDS_exon_deletion	0.000517	0	1	0	0	0	1	0	0	0
LRRC1	6	ENSG00000137269	COMPLEX	complex_deletion_in_CDS	0.431231	222	1	1	1	1	1	1	1	1
LRRC14	8	ENSG00000160959	COMPLEX	complex_deletion_in_CDS	0.227508	124	1	1	1	1	1	1	1	1
LRRC14B	5	ENSG00000185028	DEL	canonical_CDS_exon_deletion	0.117373	13	1	1	1	1	1	1	1	1
LRRC20	10	ENSG00000172731	DEL	CDS_deletion_27%_of_canonical	0.001034	0	0	1	0	0	1	0	0	1
LRRC23	12	ENSG00000010626	COMPLEX	complex_over_CDS	0.000517	0	0	0	0	0	0	0	0	0
LRRC24	8	ENSG00000254402	DEL	canonical_CDS_exon_deletion	0.001034	0	0	0	1	0	1	0	0	1
LRRC3	21	ENSG00000160233	INS	insertion_in_CDS_exon	0.007239	0	0	0	0	0	0	0	0	0
LRRC37B	17	ENSG00000185158	INS	insertion_in_CDS_exon	0.000517	0	0	0	0	0	0	0	0	0
LRRC40	1	ENSG00000066557	DEL	canonical_CDS_exon_deletion	0.223888	57	1	1	1	1	1	1	1	1
LRRC45	17	ENSG00000169683	DEL	canonical_CDS_exon_deletion	0.273526	78	1	1	1	1	1	1	1	1
LRRC47	1	ENSG00000130764	INS	insertion_in_CDS_exon	0.069803	5	0	0	0	0	0	0	0	0
LRRC4B	19	ENSG00000131409	DEL	CDS_deletion_14%_of_canonical	0.005688	5	0	1	1	1	1	0	1	0
LRRC56	11	ENSG00000161328	DEL	canonical_CDS_exon_deletion	0.001034	0	0	1	0	0	1	0	0	1
LRRC69	8	ENSG00000214954	DEL	CDS_deletion_10%_of_canonical	0.001551	0	1	0	1	0	1	0	0	1
LRRC74B	22	ENSG00000187905	COMPLEX	complex_deletion_in_CDS	0.001034	1	1	0	0	0	1	0	1	0
LRRC8A	9	ENSG00000136802	DEL	CDS_deletion_14%_of_canonical	0.853154	703	1	1	1	1	1	1	1	1
LRRC9	14	ENSG00000131951	INS	insertion_in_CDS_exon	0.06515	25	0	0	0	0	0	0	0	0
LRRCC1	8	ENSG00000133739	DEL	canonical_CDS_exon_deletion	0.000517	0	1	0	0	0	1	0	0	0
LRRK2	12	ENSG00000188906	INS	insertion_in_CDS_exon	0.000517	0	0	0	0	0	0	0	0	0
LRRN3	7	ENSG00000173114	COMPLEX	complex_deletion_in_CDS	0.326784	91	1	1	1	1	1	1	1	1
LRRTM3	10	ENSG00000198739	DEL	CDS_deletion_12%_of_canonical	0.000517	0	0	0	0	0	1	0	0	1
LRWD1	7	ENSG00000161036	DEL	CDS_deletion_27%_of_canonical	0.000517	0	0	0	0	0	1	0	0	1
LSG1	3	ENSG00000041802	DEL	canonical_CDS_exon_deletion	0.000517	0	0	0	0	1	1	0	0	0
LSM14A	19	ENSG00000257103	DEL	CDS_deletion_26%_of_canonical	0.001034	0	0	0	0	1	1	0	0	0
LSM5	7	ENSG00000106355	DEL	CDS_deletion_17%_of_canonical	0.790589	639	1	1	1	1	1	1	1	1
LSM7	19	ENSG00000130332	DEL	canonical_CDS_exon_deletion	0.048087	11	1	1	1	1	1	1	1	1
LSR	19	ENSG00000105699	COMPLEX	complex_deletion_in_CDS	0.003619	0	1	1	1	1	1	0	0	0
LTBP2	14	ENSG00000119681	DEL	canonical_CDS_exon_deletion	0.002068	0	0	0	0	1	1	0	0	0
LTBP3	11	ENSG00000168056	DEL	canonical_CDS_exon_deletion	0.001551	1	1	0	0	0	1	0	1	0
LTBP4	19	ENSG00000090006	DEL	canonical_CDS_exon_deletion	0.000517	0	0	0	0	1	1	0	0	0
LTF	3	ENSG00000012223	COMPLEX	complex_over_CDS	0.005688	5	0	0	0	0	0	0	0	0
LTN1	21	ENSG00000198862	DEL	canonical_CDS_exon_deletion	0.000517	0	0	0	0	0	1	0	0	1
LTV1	6	ENSG00000135521	DEL	canonical_CDS_exon_deletion	0.001034	1	1	0	0	0	1	0	1	0
LUC7L	16	ENSG00000007392	DEL	canonical_CDS_exon_deletion	0.001551	1	1	1	0	0	1	0	1	0
LUC7L2	7	ENSG00000146963	DEL	canonical_CDS_exon_deletion	0.000517	0	1	0	0	0	1	0	0	0
LUZP2	11	ENSG00000187398	DEL	canonical_CDS_exon_deletion	0.345915	122	1	1	1	1	1	1	1	1
LVRN	5	ENSG00000172901	DEL	canonical_CDS_exon_deletion	0.000517	0	0	0	1	0	1	0	0	0
LY6G5B	6	ENSG00000240053	COMPLEX	complex_deletion_in_CDS	0.008273	2	1	1	1	1	1	0	1	0
LY6G5C	6	ENSG00000204428	COMPLEX	complex_deletion_in_CDS	0.008273	2	1	1	1	1	1	0	1	0
LY6G6F	6	ENSG00000204424	DEL	canonical_CDS_exon_deletion	0.20062	31	1	1	1	1	1	1	1	1
LY6G6F-LY6G6D	6	ENSG00000250641	DEL	canonical_CDS_exon_deletion	0.20062	31	1	1	1	1	1	1	1	1
LY6H	8	ENSG00000176956	DEL	whole_gene_CDS_deletion	0.000517	0	0	0	1	0	1	0	0	0
LYNX1-SLURP2	8	ENSG00000284505	INS	insertion_in_CDS_exon	0.339193	153	0	0	0	0	0	0	0	0
LYPLA1	8	ENSG00000120992	COMPLEX	complex_over_CDS	0.000517	0	0	0	0	0	0	0	0	0
LYRM1	16	ENSG00000102897	DEL	canonical_CDS_exon_deletion	0.008273	4	1	1	1	0	1	0	1	0
LYRM9	17	ENSG00000232859	DEL	CDS_deletion_46%_of_canonical	0.003102	0	0	1	0	1	1	0	1	1
LYSMD1	1	ENSG00000163155	COMPLEX	complex_deletion_in_CDS	0.000517	0	1	0	0	0	1	0	0	0
LYSMD3	5	ENSG00000176018	COMPLEX	complex_deletion_in_CDS	0.001034	0	1	0	0	0	1	0	0	0
LYST	1	ENSG00000143669	COMPLEX	complex_deletion_in_CDS	0.001034	0	1	1	1	0	1	0	0	1
LZTR1	22	ENSG00000099949	DEL	CDS_deletion_10%_of_canonical	0.001034	1	1	0	0	0	1	0	1	0
LZTS3	20	ENSG00000088899	INS	insertion_in_CDS_exon	0.000517	0	0	0	0	0	0	0	0	0
MACF1	1	ENSG00000127603	DEL	canonical_CDS_exon_deletion	0.000517	0	1	0	1	0	1	0	0	0
MACROD2	20	ENSG00000172264	DEL	canonical_CDS_exon_deletion	0.006722	0	1	1	1	1	1	0	1	1
MAD1L1	7	ENSG00000002822	DEL	canonical_CDS_exon_deletion	0.433816	242	1	1	1	1	1	1	1	1
MAD2L1BP	6	ENSG00000124688	DEL	CDS_deletion_44%_of_canonical	0.000517	0	0	1	0	0	1	0	0	0
MADCAM1	19	ENSG00000099866	DEL	CDS_deletion_12%_of_canonical	0.287487	81	1	1	1	1	1	1	1	1
MAEA	4	ENSG00000090316	INS	insertion_in_CDS_exon	0.682523	573	0	0	0	0	0	0	0	0
MAFG	17	ENSG00000197063	DEL	whole_gene_CDS_deletion	0.001034	1	0	0	1	0	1	0	1	0
MAGI2	7	ENSG00000187391	COMPLEX	complex_over_CDS	0.001551	0	0	0	0	0	0	0	0	0
MAK16	8	ENSG00000198042	DEL	canonical_CDS_exon_deletion	0.002585	1	1	1	0	0	1	0	1	0
MAL	2	ENSG00000172005	COMPLEX	complex_deletion_in_CDS	0.078157	16	1	1	1	1	1	1	1	1
MALT1	18	ENSG00000172175	DEL	CDS_deletion_16%_of_canonical	0.001034	1	0	0	1	0	1	0	1	0
MAML1	5	ENSG00000161021	COMPLEX	complex_deletion_in_CDS	0.22182	49	1	1	1	1	1	1	1	1
MAN1A1	6	ENSG00000111885	DEL	CDS_deletion_11%_of_canonical	0.001034	0	0	0	0	0	1	0	0	1
MAN2A1	5	ENSG00000112893	DEL	canonical_CDS_exon_deletion	0.484488	246	1	1	1	1	1	1	1	1
MAN2B1	19	ENSG00000104774	COMPLEX	complex_deletion_in_CDS	0.000517	0	0	0	1	0	1	0	0	0
MAN2B2	4	ENSG00000013288	COMPLEX	complex_deletion_in_CDS	0.018614	1	1	1	1	1	1	1	1	1
MAP1S	19	ENSG00000130479	INS	insertion_in_CDS_exon	0.815408	645	0	0	0	0	0	0	0	0
MAP2K2	19	ENSG00000126934	DEL	canonical_CDS_exon_deletion	0.001551	0	1	0	0	0	1	0	0	0
MAP3K1	5	ENSG00000095015	INS	insertion_in_CDS_exon	0.005171	0	0	0	0	0	0	0	0	0
MAP3K4	6	ENSG00000085511	DEL	canonical_CDS_exon_deletion	0.000517	0	0	0	0	1	1	0	0	0
MAP3K5	6	ENSG00000197442	COMPLEX	complex_over_CDS	0.009824	0	0	0	0	0	0	0	0	0
MAP3K6	1	ENSG00000142733	INS	insertion_in_CDS_exon	0.000517	0	0	0	0	0	0	0	0	0
MAP4	3	ENSG00000047849	DEL	canonical_CDS_exon_deletion	0.000517	0	0	1	0	0	1	0	0	0
MAP4K2	11	ENSG00000168067	INS	insertion_in_CDS_exon	0.001034	0	0	0	0	0	0	0	0	0
MAP4K3	2	ENSG00000011566	DEL	canonical_CDS_exon_deletion	0.000517	0	1	0	0	0	1	0	0	0
MAP4K4	2	ENSG00000071054	DEL	canonical_CDS_exon_deletion	0.000517	0	0	0	0	0	1	0	0	1
MAPK1	22	ENSG00000100030	COMPLEX	complex_deletion_in_CDS	0.006722	0	1	0	1	1	1	0	0	1
MAPK11	22	ENSG00000185386	DEL	canonical_CDS_exon_deletion	0.938469	854	1	1	1	1	1	1	1	1
MAPK6	15	ENSG00000069956	COMPLEX	complex_over_CDS	0.003102	3	0	0	0	0	0	0	0	0
MAPK7	17	ENSG00000166484	DEL	CDS_deletion_58%_of_canonical	0.000517	0	0	1	0	0	1	0	0	0
MAPK8	10	ENSG00000107643	DEL	CDS_deletion_15%_of_canonical	0.006205	1	1	1	0	0	1	0	1	0
MAPK8IP2	22	ENSG00000008735	COMPLEX	complex_deletion_in_CDS	0.001034	0	1	0	0	1	1	0	0	0
MAPK8IP3	16	ENSG00000138834	DEL	canonical_CDS_exon_deletion	0.022234	21	1	1	1	0	1	1	1	0
MARCHF1	4	ENSG00000145416	DEL	canonical_CDS_exon_deletion	0.279214	89	1	1	1	1	1	1	1	1
MARCHF10	17	ENSG00000173838	DEL	CDS_deletion_11%_of_canonical	0.001551	1	1	0	0	0	1	0	1	0
MARCHF7	2	ENSG00000136536	INS	insertion_in_CDS_exon	0.025853	0	0	0	0	0	0	0	0	0
MARCHF8	10	ENSG00000165406	INS	insertion_in_CDS_exon	0.000517	0	0	0	0	0	0	0	0	0
MARF1	16	ENSG00000166783	DEL	canonical_CDS_exon_deletion	0.75181	577	1	1	1	1	1	1	1	1
MARK4	19	ENSG00000007047	DEL	canonical_CDS_exon_deletion	0.000517	0	0	0	0	1	1	0	0	0
MASP1	3	ENSG00000127241	DEL	canonical_CDS_exon_deletion	0.011893	1	1	0	0	0	1	1	1	0
MAST1	19	ENSG00000105613	DEL	canonical_CDS_exon_deletion	0.001034	0	1	0	0	0	1	0	0	0
MAST3	19	ENSG00000099308	INS	insertion_in_CDS_exon	0.000517	0	0	0	0	0	0	0	0	0
MAST4	5	ENSG00000069020	DEL	canonical_CDS_exon_deletion	0.000517	0	0	1	0	0	1	0	0	0
MB21D2	3	ENSG00000180611	DEL	canonical_CDS_exon_deletion	0.000517	0	1	0	0	0	1	0	0	0
MBD3L2B	19	ENSG00000196589	COMPLEX	complex_deletion_in_CDS	0.031541	1	1	1	1	1	1	1	1	1
MBD5	2	ENSG00000204406	INS	insertion_in_CDS_exon	0.000517	0	0	0	0	0	0	0	0	0
MBD6	12	ENSG00000166987	COMPLEX	complex_deletion_in_CDS	0.048087	46	1	1	1	1	1	1	1	1
MBTPS1	16	ENSG00000140943	DEL	canonical_CDS_exon_deletion	0.000517	0	0	0	1	0	1	0	0	1
MCC	5	ENSG00000171444	DEL	canonical_CDS_exon_deletion	0.003102	1	1	0	1	0	1	0	1	0
MCEE	2	ENSG00000124370	COMPLEX	complex_deletion_in_CDS	0.051189	9	1	1	1	1	1	1	1	1
MCF2L	13	ENSG00000126217	COMPLEX	complex_deletion_in_CDS	0.314374	134	1	1	1	1	1	1	1	1
MCM10	10	ENSG00000065328	DEL	canonical_CDS_exon_deletion	0.001034	0	1	0	0	0	1	0	0	0
MCM5	22	ENSG00000100297	DEL	canonical_CDS_exon_deletion	0.000517	0	0	0	0	0	1	0	0	1
MCMBP	10	ENSG00000197771	DEL	canonical_CDS_exon_deletion	0.000517	0	0	1	0	0	1	0	0	0
MCPH1	8	ENSG00000147316	DEL	canonical_CDS_exon_deletion	0.001551	1	1	0	1	0	1	0	1	0
MDGA1	6	ENSG00000112139	DEL	canonical_CDS_exon_deletion	0.001551	0	1	0	0	0	1	0	0	0
MDGA2	14	ENSG00000139915	DEL	CDS_deletion_11%_of_canonical	0.000517	0	0	1	0	0	1	0	0	0
MDH1B	2	ENSG00000138400	INS	insertion_in_CDS_exon	0.000517	0	0	0	0	0	0	0	0	0
MDH2	7	ENSG00000146701	DEL	CDS_deletion_45%_of_canonical	0.001034	1	0	0	0	1	1	0	1	0
MDM4	1	ENSG00000198625	DEL	canonical_CDS_exon_deletion	0.013444	2	1	0	0	0	1	1	1	0
MDN1	6	ENSG00000112159	DEL	canonical_CDS_exon_deletion	0.000517	0	0	0	1	0	1	0	0	0
ME1	6	ENSG00000065833	DEL	canonical_CDS_exon_deletion	0.000517	0	0	0	0	0	1	0	0	1
MECOM	3	ENSG00000085276	DEL	canonical_CDS_exon_deletion	0.042916	8	1	1	1	0	1	1	1	1
MED10	5	ENSG00000133398	DEL	CDS_deletion_30%_of_canonical	0.000517	0	0	0	0	1	1	0	0	0
MED12L	3	ENSG00000144893	INS	insertion_in_CDS_exon	0.000517	0	0	0	0	0	0	0	0	0
MED15	22	ENSG00000099917	DEL	canonical_CDS_exon_deletion	0.000517	0	1	0	0	0	1	0	0	0
MED19	11	ENSG00000156603	DEL	CDS_deletion_12%_of_canonical	0.004136	0	1	1	1	0	1	0	0	1
MED24	17	ENSG00000008838	COMPLEX	complex_deletion_in_CDS	0.173216	75	1	1	1	1	1	1	1	1
MED27	9	ENSG00000160563	DEL	CDS_deletion_37%_of_canonical	0.001034	0	1	1	0	0	1	0	0	0
MEGF10	5	ENSG00000145794	DEL	CDS_deletion_16%_of_canonical	0.002585	1	1	1	0	0	1	0	1	1
MEGF6	1	ENSG00000162591	COMPLEX	complex_over_CDS	0.298862	155	0	0	0	0	0	0	0	0
MEI1	22	ENSG00000167077	DEL	canonical_CDS_exon_deletion	0.326267	148	1	1	1	1	1	1	1	1
MEI4	6	ENSG00000269964	DEL	CDS_deletion_22%_of_canonical	0.126163	62	1	1	1	1	1	1	1	1
MEIS3	19	ENSG00000105419	DEL	canonical_CDS_exon_deletion	0.003102	0	1	0	0	0	1	0	0	0
MELTF	3	ENSG00000163975	DEL	canonical_CDS_exon_deletion	0.001551	0	0	0	0	1	1	0	0	1
MEMO1	2	ENSG00000162959	DEL	CDS_deletion_12%_of_canonical	0.017063	1	1	1	0	1	1	1	1	0
MEPCE	7	ENSG00000146834	DEL	CDS_deletion_98%_of_canonical	0.000517	0	0	0	1	0	1	0	0	0
MESP2	15	ENSG00000188095	DEL	canonical_CDS_exon_deletion	0.421923	173	1	1	1	1	1	1	1	1
MET	7	ENSG00000105976	COMPLEX	complex_deletion_in_CDS	0.001034	0	1	1	1	1	1	0	0	0
METTL14	4	ENSG00000145388	DEL	CDS_deletion_17%_of_canonical	0.007756	1	1	1	1	0	1	0	1	0
METTL16	17	ENSG00000127804	COMPLEX	complex_deletion_in_CDS	0.028956	6	1	1	1	0	1	1	1	0
METTL26	16	ENSG00000130731	DEL	canonical_CDS_exon_deletion	0.581179	456	1	1	1	1	1	1	1	1
METTL2B	7	ENSG00000165055	DEL	CDS_deletion_54%_of_canonical	0.000517	0	0	0	0	1	1	0	0	0
METTL4	18	ENSG00000101574	DEL	CDS_deletion_31%_of_canonical	0.000517	0	0	0	0	1	1	0	0	0
METTL7A	12	ENSG00000185432	COMPLEX	complex_deletion_in_CDS	0.007756	7	1	0	1	0	1	0	1	1
MEX3B	15	ENSG00000183496	COMPLEX	complex_deletion_in_CDS	0.265253	119	1	1	1	1	1	1	1	1
MFAP3	5	ENSG00000037749	DEL	CDS_deletion_27%_of_canonical	0.001034	0	0	0	1	0	1	0	0	1
MFNG	22	ENSG00000100060	DEL	CDS_deletion_32%_of_canonical	0.000517	0	0	0	0	1	1	0	0	0
MFSD1	3	ENSG00000118855	DEL	canonical_CDS_exon_deletion	0.000517	0	1	0	0	0	1	0	0	0
MFSD11	17	ENSG00000092931	DEL	CDS_deletion_20%_of_canonical	0.037746	6	1	1	0	0	1	1	1	0
MFSD2A	1	ENSG00000168389	DEL	canonical_CDS_exon_deletion	0.007239	0	1	1	1	0	1	0	0	1
MFSD2B	2	ENSG00000205639	DEL	CDS_deletion_14%_of_canonical	0.000517	0	1	0	0	0	1	0	0	0
MFSD4B	6	ENSG00000173214	DEL	whole_gene_CDS_deletion	0.002585	1	1	1	0	0	1	0	1	0
MFSD6L	17	ENSG00000185156	INS	insertion_in_CDS_exon	0.000517	0	0	0	0	0	0	0	0	0
MGAM	7	ENSG00000257335	DEL	canonical_CDS_exon_deletion	0.000517	0	1	0	0	0	1	0	0	0
MGAM2	7	ENSG00000257743	DEL	CDS_deletion_10%_of_canonical	0.001034	1	0	0	0	0	1	0	1	1
MGAT4A	2	ENSG00000071073	DEL	canonical_CDS_exon_deletion	0.004136	3	1	0	0	0	1	0	1	0
MGAT4B	5	ENSG00000161013	DEL	canonical_CDS_exon_deletion	0.005688	1	1	0	0	0	1	0	1	0
MGAT4D	4	ENSG00000205301	DEL	canonical_CDS_exon_deletion	0.185109	56	1	1	1	1	1	1	1	1
MGAT5	2	ENSG00000152127	COMPLEX	complex_deletion_in_CDS	0.002585	1	1	0	1	0	1	0	1	0
MGRN1	16	ENSG00000102858	DEL	canonical_CDS_exon_deletion	0.00879	1	1	0	0	1	1	0	1	0
MIA2	14	ENSG00000150527	DEL	canonical_CDS_exon_deletion	0.00879	2	0	0	1	0	1	0	1	1
MICAL1	6	ENSG00000135596	DEL	canonical_CDS_exon_deletion	0.014478	2	1	1	1	1	1	1	1	0
MICAL2	11	ENSG00000133816	COMPLEX	complex_deletion_in_CDS	0.001034	1	0	0	0	0	1	0	1	1
MICAL3	22	ENSG00000243156	DEL	canonical_CDS_exon_deletion	0.053257	2	1	1	1	1	1	1	1	1
MICALL1	22	ENSG00000100139	INS	insertion_in_CDS_exon	0.044985	3	0	0	0	0	0	0	0	0
MICALL2	7	ENSG00000164877	DEL	canonical_CDS_exon_deletion	0.001551	0	0	1	1	0	1	0	0	0
MICU3	8	ENSG00000155970	DEL	canonical_CDS_exon_deletion	0.000517	0	0	0	1	0	1	0	0	0
MIDEAS	14	ENSG00000156030	DEL	canonical_CDS_exon_deletion	0.035677	4	1	1	0	0	1	1	1	0
MIDN	19	ENSG00000167470	DEL	canonical_CDS_exon_deletion	0.005171	4	1	1	1	1	1	0	1	1
MIER1	1	ENSG00000198160	DEL	CDS_deletion_19%_of_canonical	0.001034	0	0	0	1	0	1	0	0	1
MIER2	19	ENSG00000105556	COMPLEX	complex_deletion_in_CDS	0.754912	607	1	1	1	1	1	1	1	1
MIER3	5	ENSG00000155545	DEL	canonical_CDS_exon_deletion	0.002068	0	1	0	0	0	1	0	0	0
MIGA2	9	ENSG00000148343	DEL	CDS_deletion_83%_of_canonical	0.000517	0	1	0	0	0	1	0	0	0
MILR1	17	ENSG00000271605	DEL	canonical_CDS_exon_deletion	0.000517	0	0	0	1	0	1	0	0	0
MINAR1	15	ENSG00000169330	DEL	canonical_CDS_exon_deletion	0.361427	165	1	1	1	1	1	1	1	1
MIOS	7	ENSG00000164654	DEL	CDS_deletion_15%_of_canonical	0.007239	0	0	0	1	1	1	0	0	1
MIPEP	13	ENSG00000027001	DEL	canonical_CDS_exon_deletion	0.354705	132	1	1	1	1	1	1	1	1
MIS18BP1	14	ENSG00000129534	COMPLEX	complex_over_CDS	0.002068	1	0	0	0	0	0	0	0	0
MITF	3	ENSG00000187098	COMPLEX	complex_over_CDS	0.116856	36	0	0	0	0	0	0	0	0
MKNK2	19	ENSG00000099875	INS	insertion_in_CDS_exon	0.007756	1	0	0	0	0	0	0	0	0
MLC1	22	ENSG00000100427	COMPLEX	complex_deletion_in_CDS	0.000517	0	1	0	0	0	1	0	0	0
MLF2	12	ENSG00000089693	INS	insertion_in_CDS_exon	1.0	967	0	0	0	0	0	0	0	0
MLLT1	19	ENSG00000130382	DEL	canonical_CDS_exon_deletion	0.001551	0	0	1	1	0	1	0	0	0
MLLT6	17	ENSG00000275023	INS	insertion_in_CDS_exon	0.174767	50	0	0	0	0	0	0	0	0
MLN	6	ENSG00000096395	COMPLEX	complex_deletion_in_CDS	0.105998	20	1	1	1	1	1	1	1	1
MLYCD	16	ENSG00000103150	DEL	CDS_deletion_11%_of_canonical	0.000517	0	1	0	0	0	1	0	0	0
MMD2	7	ENSG00000136297	DEL	CDS_deletion_11%_of_canonical	0.777663	650	1	1	1	1	1	1	1	1
MME	3	ENSG00000196549	DEL	CDS_deletion_14%_of_canonical	0.001034	0	0	0	0	0	1	0	0	1
MMEL1	1	ENSG00000142606	DEL	canonical_CDS_exon_deletion	0.001034	0	1	1	0	0	1	0	0	0
MMP12	11	ENSG00000262406	DEL	canonical_CDS_exon_deletion	0.008273	0	1	1	0	0	1	0	0	0
MMP14	14	ENSG00000157227	INS	insertion_in_CDS_exon	0.000517	0	0	0	0	0	0	0	0	0
MMP21	10	ENSG00000154485	DEL	CDS_deletion_13%_of_canonical	0.002068	0	1	0	0	0	1	0	0	0
MMP24	20	ENSG00000125966	COMPLEX	complex_over_CDS	0.000517	0	0	0	0	0	0	0	0	0
MMP3	11	ENSG00000149968	DEL	CDS_deletion_12%_of_canonical	0.001034	0	0	0	0	1	1	0	0	1
MMS19	10	ENSG00000155229	DEL	canonical_CDS_exon_deletion	0.000517	0	1	0	0	0	1	0	0	0
MMS22L	6	ENSG00000146263	DEL	canonical_CDS_exon_deletion	0.000517	0	1	0	0	0	1	0	0	0
MNAT1	14	ENSG00000020426	COMPLEX	complex_deletion_in_CDS	0.001034	1	0	0	1	0	1	0	1	0
MND1	4	ENSG00000121211	DEL	CDS_deletion_11%_of_canonical	0.002585	0	1	1	0	0	1	0	0	0
MNT	17	ENSG00000070444	COMPLEX	complex_deletion_in_CDS	0.02637	9	1	1	1	0	1	1	1	1
MOB1B	4	ENSG00000173542	DEL	CDS_deletion_26%_of_canonical	0.006722	0	1	0	0	0	1	0	0	1
MOCS1	6	ENSG00000124615	DEL	CDS_deletion_17%_of_canonical	0.49121	242	1	1	1	1	1	1	1	1
MOCS2	5	ENSG00000164172	DEL	CDS_deletion_17%_of_canonical	0.032058	5	1	1	1	0	1	1	1	0
MON2	12	ENSG00000061987	INS	insertion_in_CDS_exon	0.002068	0	0	0	0	0	0	0	0	0
MORC1	3	ENSG00000114487	DEL	CDS_deletion_17%_of_canonical	0.000517	0	0	1	0	0	1	0	0	0
MORN3	12	ENSG00000139714	DEL	CDS_deletion_70%_of_canonical	0.001034	0	1	0	0	1	1	0	0	0
MOV10	1	ENSG00000155363	DEL	CDS_deletion_20%_of_canonical	0.003102	0	1	0	0	0	1	0	0	0
MOV10L1	22	ENSG00000073146	COMPLEX	complex_deletion_in_CDS	0.009317	7	1	1	1	1	1	0	1	1
MPG	16	ENSG00000103152	INS	insertion_in_CDS_exon	0.184592	58	0	0	0	0	0	0	0	0
MPHOSPH10	2	ENSG00000124383	COMPLEX	complex_deletion_in_CDS	0.051189	9	1	1	1	1	1	1	1	1
MPHOSPH8	13	ENSG00000196199	INS	insertion_in_CDS_exon	0.108583	18	0	0	0	0	0	0	0	0
MPL	1	ENSG00000117400	DEL	canonical_CDS_exon_deletion	0.000517	0	0	0	0	0	1	0	0	1
MPP2	17	ENSG00000108852	DEL	CDS_deletion_14%_of_canonical	0.000517	0	1	0	1	0	1	0	0	0
MR1	1	ENSG00000153029	DEL	canonical_CDS_exon_deletion	0.000517	0	0	0	0	0	1	0	0	1
MRC1	10	ENSG00000260314	DEL	canonical_CDS_exon_deletion	0.021717	5	1	1	1	0	1	1	1	0
MRGPRX2	11	ENSG00000183695	DEL	whole_gene_CDS_deletion	0.86091	734	1	1	1	1	1	1	1	1
MRGPRX4	11	ENSG00000179817	INS	insertion_in_CDS_exon	0.972596	917	0	0	0	0	0	0	0	0
MRI1	19	ENSG00000037757	DEL	CDS_deletion_95%_of_canonical	0.000517	0	1	0	0	0	1	0	0	0
MRM3	17	ENSG00000171861	DEL	canonical_CDS_exon_deletion	0.000517	0	0	1	0	0	1	0	0	0
MRNIP	5	ENSG00000161010	DEL	canonical_CDS_exon_deletion	0.000517	0	0	0	0	0	1	0	0	1
MROH1	8	ENSG00000179832	COMPLEX	complex_deletion_in_CDS	0.155636	145	1	1	1	1	1	1	1	1
MROH2B	5	ENSG00000171495	COMPLEX	complex_deletion_in_CDS	0.319028	118	1	1	1	1	1	1	1	1
MROH5	8	ENSG00000226807	DEL	canonical_CDS_exon_deletion	0.660807	463	1	1	1	1	1	1	1	1
MROH7	1	ENSG00000184313	DEL	canonical_CDS_exon_deletion	0.20062	34	1	1	1	1	1	1	1	1
MROH7-TTC4	1	ENSG00000271723	DEL	canonical_CDS_exon_deletion	0.20062	34	1	1	1	1	1	1	1	1
MRPL1	4	ENSG00000169288	DEL	canonical_CDS_exon_deletion	0.104447	21	1	1	1	1	1	1	1	1
MRPL13	8	ENSG00000172172	DEL	CDS_deletion_23%_of_canonical	0.020165	2	1	1	1	0	1	1	1	1
MRPL16	11	ENSG00000166902	DEL	CDS_deletion_93%_of_canonical	0.001034	0	0	0	1	0	1	0	0	0
MRPL22	5	ENSG00000082515	COMPLEX	complex_deletion_in_CDS	0.21303	48	1	1	1	1	1	1	1	1
MRPL3	3	ENSG00000114686	DEL	canonical_CDS_exon_deletion	0.001034	0	1	1	0	0	1	0	0	0
MRPL32	7	ENSG00000106591	DEL	CDS_deletion_45%_of_canonical	0.002068	0	1	0	0	0	1	0	0	0
MRPL4	19	ENSG00000105364	DEL	CDS_deletion_29%_of_canonical	0.000517	0	0	0	0	0	1	0	0	1
MRPL42	12	ENSG00000198015	INS	insertion_in_CDS_exon	0.000517	0	0	0	0	0	0	0	0	0
MRPL45	17	ENSG00000278845	DEL	CDS_deletion_44%_of_canonical	0.000517	0	0	0	0	1	1	0	0	0
MRPL53	2	ENSG00000204822	DEL	CDS_deletion_27%_of_canonical	0.005171	0	1	1	0	0	1	0	0	0
MRPL58	17	ENSG00000167862	COMPLEX	complex_deletion_in_CDS	0.001034	1	1	0	0	0	1	0	1	0
MRPS31	13	ENSG00000102738	DEL	CDS_deletion_12%_of_canonical	0.002068	0	0	0	1	0	1	0	0	0
MRPS35	12	ENSG00000061794	DEL	CDS_deletion_28%_of_canonical	0.001034	0	0	0	1	0	1	0	0	1
MRPS5	2	ENSG00000144029	DEL	canonical_CDS_exon_deletion	0.004136	0	1	1	1	1	1	0	1	1
MRPS9	2	ENSG00000135972	COMPLEX	complex_over_CDS	0.001034	0	0	0	0	0	0	0	0	0
MRTO4	1	ENSG00000053372	DEL	CDS_deletion_11%_of_canonical	0.219235	51	1	1	1	1	1	1	1	1
MSANTD3-TMEFF1	9	ENSG00000251349	DEL	canonical_CDS_exon_deletion	0.004654	2	0	1	0	1	1	0	1	0
MSANTD5	5	ENSG00000285891	INS	insertion_in_CDS_exon	0.001034	0	0	0	0	0	0	0	0	0
MSH2	2	ENSG00000095002	DEL	canonical_CDS_exon_deletion	0.001034	0	0	0	0	0	1	0	0	1
MSH3	5	ENSG00000113318	DEL	canonical_CDS_exon_deletion	0.010858	0	1	1	1	0	1	1	0	0
MSH5	6	ENSG00000204410	DEL	CDS_deletion_59%_of_canonical	0.016029	7	1	1	1	1	1	1	1	1
MSH5-SAPCD1	6	ENSG00000255152	DEL	CDS_deletion_58%_of_canonical	0.016029	7	1	1	1	1	1	1	1	1
MSI2	17	ENSG00000153944	DEL	canonical_CDS_exon_deletion	0.007239	1	1	0	0	0	1	0	1	1
MSLN	16	ENSG00000102854	COMPLEX	complex_deletion_in_CDS	0.003102	0	0	0	0	0	1	0	0	1
MSLNL	16	ENSG00000162006	DEL	canonical_CDS_exon_deletion	0.09514	16	1	1	1	1	1	1	1	1
MSRB3	12	ENSG00000174099	DEL	CDS_deletion_20%_of_canonical	0.001034	1	1	0	0	0	1	0	1	0
MSTO1	1	ENSG00000125459	DEL	canonical_CDS_exon_deletion	0.000517	0	0	0	1	0	1	0	0	0
MSX1	4	ENSG00000163132	DEL	CDS_deletion_48%_of_canonical	0.000517	0	0	0	1	0	1	0	0	0
MTARC1	1	ENSG00000186205	COMPLEX	complex_deletion_in_CDS	0.007756	0	1	1	1	0	1	0	0	1
MTARC2	1	ENSG00000117791	DEL	CDS_deletion_13%_of_canonical	0.000517	0	0	0	0	1	1	0	0	0
MTBP	8	ENSG00000172167	DEL	canonical_CDS_exon_deletion	0.000517	0	0	0	0	0	1	0	0	1
MTDH	8	ENSG00000147649	COMPLEX	complex_over_CDS	0.000517	0	0	0	0	0	0	0	0	0
MTG1	10	ENSG00000148824	DEL	canonical_CDS_exon_deletion	0.000517	0	0	0	1	0	1	0	0	0
MTHFD1	14	ENSG00000100714	DEL	canonical_CDS_exon_deletion	0.001551	1	0	0	0	0	1	0	1	1
MTHFD2L	4	ENSG00000163738	DEL	canonical_CDS_exon_deletion	0.001551	0	0	1	0	0	1	0	0	1
MTOR	1	ENSG00000198793	DEL	canonical_CDS_exon_deletion	0.002068	0	1	0	0	0	1	0	0	0
MTUS1	8	ENSG00000129422	DEL	canonical_CDS_exon_deletion	0.000517	0	1	0	0	0	1	0	0	0
MTUS2	13	ENSG00000132938	DEL	canonical_CDS_exon_deletion	0.16546	48	1	1	1	1	1	1	1	1
MUC16	19	ENSG00000181143	DEL	canonical_CDS_exon_deletion	0.023268	0	1	1	1	0	1	1	0	1
MUC17	7	ENSG00000169876	DEL	canonical_CDS_exon_deletion	0.001551	0	0	1	1	0	1	0	0	0
MUC19	12	ENSG00000205592	DEL	canonical_CDS_exon_deletion	0.970527	912	1	1	1	1	1	1	1	1
MUC4	3	ENSG00000145113	DEL	canonical_CDS_exon_deletion	0.066701	10	1	1	1	1	1	1	1	1
MUC5AC	11	ENSG00000215182	DEL	canonical_CDS_exon_deletion	0.405895	189	1	1	1	1	1	1	1	1
MUC5B	11	ENSG00000117983	DEL	canonical_CDS_exon_deletion	0.341779	183	1	1	1	1	1	1	1	1
MUC6	11	ENSG00000184956	COMPLEX	complex_deletion_in_CDS	0.003619	0	1	0	1	0	1	0	0	1
MUL1	1	ENSG00000090432	DEL	CDS_deletion_89%_of_canonical	0.000517	0	1	0	0	0	1	0	0	0
MVB12A	19	ENSG00000141971	DEL	CDS_deletion_43%_of_canonical	0.007756	0	1	1	0	0	1	0	0	0
MX2	21	ENSG00000183486	DEL	canonical_CDS_exon_deletion	0.003619	0	1	0	1	0	1	0	0	1
MXRA7	17	ENSG00000182534	DEL	canonical_CDS_exon_deletion	0.001551	0	0	1	1	0	1	0	0	0
MYADM	19	ENSG00000179820	DEL	CDS_deletion_58%_of_canonical	0.000517	0	0	0	1	0	1	0	0	0
MYBBP1A	17	ENSG00000132382	DEL	CDS_deletion_11%_of_canonical	0.002068	0	0	1	0	1	1	0	0	0
MYBPC1	12	ENSG00000196091	DEL	canonical_CDS_exon_deletion	0.085315	12	1	1	1	1	1	1	1	1
MYBPC2	19	ENSG00000086967	DEL	canonical_CDS_exon_deletion	0.001034	0	0	1	0	1	1	0	0	0
MYBPC3	11	ENSG00000134571	DEL	canonical_CDS_exon_deletion	0.002068	0	1	0	0	0	1	0	0	0
MYCBP2	13	ENSG00000005810	DEL	canonical_CDS_exon_deletion	0.001034	0	0	0	1	0	1	0	0	0
MYEF2	15	ENSG00000104177	DEL	canonical_CDS_exon_deletion	0.139607	30	1	1	1	1	1	1	1	1
MYEOV	11	ENSG00000172927	DEL	canonical_CDS_exon_deletion	0.006205	0	1	1	1	0	1	0	0	1
MYH1	17	ENSG00000109061	INS	insertion_in_CDS_exon	0.254912	88	0	0	0	0	0	0	0	0
MYH13	17	ENSG00000006788	DEL	canonical_CDS_exon_deletion	0.001034	0	0	1	0	0	1	0	0	0
MYH14	19	ENSG00000105357	DEL	canonical_CDS_exon_deletion	0.000517	0	0	0	0	0	1	0	0	1
MYH2	17	ENSG00000125414	DEL	canonical_CDS_exon_deletion	0.006722	2	1	1	1	1	1	0	1	1
MYH9	22	ENSG00000100345	DEL	canonical_CDS_exon_deletion	0.000517	0	0	1	0	0	1	0	0	0
MYL2	12	ENSG00000111245	COMPLEX	complex_deletion_in_CDS	0.000517	0	0	0	1	0	1	0	0	0
MYL7	7	ENSG00000106631	DEL	CDS_deletion_15%_of_canonical	0.000517	0	0	0	1	0	1	0	0	0
MYL9	20	ENSG00000101335	DEL	CDS_deletion_36%_of_canonical	0.000517	0	0	0	0	1	1	0	0	0
MYLK	3	ENSG00000065534	DEL	canonical_CDS_exon_deletion	0.000517	0	0	0	0	0	1	0	0	1
MYLK4	6	ENSG00000145949	DEL	CDS_deletion_69%_of_canonical	0.001034	1	0	0	1	0	1	0	1	0
MYO10	5	ENSG00000145555	DEL	canonical_CDS_exon_deletion	0.001035	1	1	0	0	0	1	0	1	0
MYO15A	17	ENSG00000091536	DEL	canonical_CDS_exon_deletion	0.292141	93	1	1	1	1	1	1	1	1
MYO15B	17	ENSG00000266714	DEL	canonical_CDS_exon_deletion	0.018614	1	1	1	1	1	1	1	1	1
MYO16	13	ENSG00000041515	DEL	canonical_CDS_exon_deletion	0.140641	129	1	1	1	1	1	1	1	1
MYO18A	17	ENSG00000196535	DEL	canonical_CDS_exon_deletion	0.233713	49	1	1	1	1	1	1	1	1
MYO1A	12	ENSG00000166866	DEL	CDS_deletion_19%_of_canonical	0.000517	0	1	0	0	0	1	0	0	0
MYO1C	17	ENSG00000197879	DEL	canonical_CDS_exon_deletion	0.003102	0	1	0	0	1	1	0	0	1
MYO1D	17	ENSG00000176658	COMPLEX	complex_deletion_in_CDS	0.357808	152	1	1	1	1	1	1	1	1
MYO1E	15	ENSG00000157483	COMPLEX	complex_deletion_in_CDS	0.003619	2	0	1	0	1	1	0	1	1
MYO1F	19	ENSG00000142347	DEL	CDS_deletion_11%_of_canonical	0.000517	0	1	0	0	0	1	0	0	0
MYO3B	2	ENSG00000071909	DEL	canonical_CDS_exon_deletion	0.000517	0	1	0	0	0	1	0	0	0
MYO5A	15	ENSG00000197535	DEL	canonical_CDS_exon_deletion	0.002585	0	1	0	0	1	1	0	1	1
MYO7B	2	ENSG00000169994	DEL	canonical_CDS_exon_deletion	0.000517	0	0	0	1	0	1	0	0	0
MYO9A	15	ENSG00000066933	DEL	CDS_deletion_32%_of_canonical	0.432265	194	1	1	1	1	1	1	1	1
MYO9B	19	ENSG00000099331	COMPLEX	complex_deletion_in_CDS	0.011375	2	1	1	0	0	1	1	1	0
MYOF	10	ENSG00000138119	DEL	canonical_CDS_exon_deletion	0.005688	0	0	1	0	1	1	0	0	1
MYOM1	18	ENSG00000101605	DEL	canonical_CDS_exon_deletion	0.000517	0	0	0	0	0	1	0	0	0
MYOM2	8	ENSG00000036448	DEL	canonical_CDS_exon_deletion	0.023785	5	1	1	1	1	1	1	1	1
MYOM3	1	ENSG00000142661	DEL	canonical_CDS_exon_deletion	0.000517	0	0	0	0	0	1	0	0	1
MYPN	10	ENSG00000138347	DEL	canonical_CDS_exon_deletion	0.001034	0	1	0	0	0	1	0	0	0
MYZAP	15	ENSG00000263155	DEL	CDS_deletion_12%_of_canonical	0.002068	1	0	1	0	1	1	0	1	0
MZF1	19	ENSG00000099326	DEL	CDS_deletion_17%_of_canonical	0.000517	0	1	0	0	0	1	0	0	0
NAA15	4	ENSG00000164134	DEL	canonical_CDS_exon_deletion	0.001034	0	0	0	1	1	1	0	0	0
NAA16	13	ENSG00000172766	INS	insertion_in_CDS_exon	0.092554	14	0	0	0	0	0	0	0	0
NAA35	9	ENSG00000135040	COMPLEX	complex_deletion_in_CDS	0.002068	0	1	0	0	0	1	0	0	0
NAALAD2	11	ENSG00000077616	DEL	canonical_CDS_exon_deletion	0.579628	364	1	1	1	1	1	1	1	1
NAALADL1	11	ENSG00000168060	DEL	CDS_deletion_37%_of_canonical	0.000517	0	1	0	0	0	1	0	0	0
NACAD	7	ENSG00000136274	INS	insertion_in_CDS_exon	0.127198	20	0	0	0	0	0	0	0	0
NANOS2	19	ENSG00000188425	COMPLEX	complex_deletion_in_CDS	0.026887	0	1	1	1	1	1	1	0	1
NAPA	19	ENSG00000105402	DEL	CDS_deletion_24%_of_canonical	0.000517	0	1	0	0	0	1	0	0	0
NAPB	20	ENSG00000125814	DEL	canonical_CDS_exon_deletion	0.000517	0	1	0	0	0	1	0	0	0
NAPRT	8	ENSG00000147813	COMPLEX	complex_deletion_in_CDS	0.008273	0	1	0	1	0	1	0	0	0
NARF	17	ENSG00000141562	DEL	canonical_CDS_exon_deletion	0.000517	0	0	0	0	1	1	0	0	0
NASP	1	ENSG00000132780	DEL	canonical_CDS_exon_deletion	0.017063	12	1	1	1	1	1	1	1	1
NAT10	11	ENSG00000135372	DEL	CDS_deletion_16%_of_canonical	0.00879	2	1	1	0	1	1	0	1	0
NAT16	7	ENSG00000167011	COMPLEX	complex_deletion_in_CDS	0.001551	1	0	0	1	0	1	0	1	1
NAT8	2	ENSG00000144035	DEL	whole_gene_CDS_deletion	0.05636	38	1	1	1	1	1	1	1	1
NAV2	11	ENSG00000166833	DEL	canonical_CDS_exon_deletion	0.003619	0	0	1	0	1	1	0	0	1
NAXD	13	ENSG00000213995	DEL	canonical_CDS_exon_deletion	0.000517	0	0	0	1	0	1	0	0	0
NBAS	2	ENSG00000151779	DEL	canonical_CDS_exon_deletion	0.000517	0	0	0	0	1	1	0	0	0
NBEA	13	ENSG00000172915	COMPLEX	complex_deletion_in_CDS	0.405895	233	1	1	1	1	1	1	1	1
NBL1	1	ENSG00000158747	DEL	CDS_deletion_48%_of_canonical	0.000517	0	0	0	1	0	1	0	0	0
NBN	8	ENSG00000104320	INS	insertion_in_CDS_exon	0.000517	0	0	0	0	0	0	0	0	0
NBPF11	1	ENSG00000263956	DEL	canonical_CDS_exon_deletion	0.019648	5	1	1	1	1	1	1	1	1
NBPF9	1	ENSG00000269713	DEL	canonical_CDS_exon_deletion	0.012927	0	1	0	0	0	1	1	0	0
NBR1	17	ENSG00000188554	DEL	canonical_CDS_exon_deletion	0.528438	313	1	1	1	1	1	1	1	1
NCAM2	21	ENSG00000154654	COMPLEX	complex_deletion_in_CDS	0.010858	0	1	1	1	1	1	1	0	1
NCAPD2	12	ENSG00000010292	DEL	canonical_CDS_exon_deletion	0.367632	157	1	1	1	1	1	1	1	1
NCAPD3	11	ENSG00000151503	DEL	CDS_deletion_12%_of_canonical	0.001034	1	0	0	1	0	1	0	1	0
NCAPG2	7	ENSG00000146918	DEL	CDS_deletion_22%_of_canonical	0.024819	9	1	1	1	1	1	1	1	1
NCBP1	9	ENSG00000136937	DEL	canonical_CDS_exon_deletion	0.000517	0	1	0	0	0	1	0	0	0
NCBP3	17	ENSG00000074356	DEL	canonical_CDS_exon_deletion	0.016029	0	1	1	0	0	1	1	0	0
NCCRP1	19	ENSG00000188505	DEL	CDS_deletion_41%_of_canonical	0.000517	0	1	0	0	0	1	0	0	0
NCDN	1	ENSG00000020129	INS	insertion_in_CDS_exon	0.001034	0	0	0	0	0	0	0	0	0
NCF1	7	ENSG00000158517	DEL	CDS_deletion_13%_of_canonical	0.001034	0	0	0	0	0	1	0	0	1
NCF4	22	ENSG00000100365	DEL	CDS_deletion_47%_of_canonical	0.000517	0	0	0	0	0	1	0	0	1
NCKAP5	2	ENSG00000176771	COMPLEX	complex_deletion_in_CDS	0.001034	0	0	1	1	1	1	0	0	0
NCL	2	ENSG00000115053	DEL	canonical_CDS_exon_deletion	0.097725	11	1	1	1	1	1	1	1	1
NCLN	19	ENSG00000125912	DEL	canonical_CDS_exon_deletion	0.065667	6	1	1	1	1	1	1	1	1
NCOA1	2	ENSG00000084676	DEL	canonical_CDS_exon_deletion	0.001034	1	1	0	0	0	1	0	1	0
NCOA5	20	ENSG00000124160	DEL	CDS_deletion_30%_of_canonical	0.000517	0	1	0	0	0	1	0	0	0
NCOA7	6	ENSG00000111912	DEL	canonical_CDS_exon_deletion	0.262668	69	1	1	1	1	1	1	1	1
NCOR1	17	ENSG00000141027	DEL	canonical_CDS_exon_deletion	0.000517	0	1	0	0	0	1	0	0	0
NCOR2	12	ENSG00000196498	DEL	canonical_CDS_exon_deletion	0.040331	20	1	1	0	1	1	1	1	1
NCS1	9	ENSG00000107130	COMPLEX	complex_over_CDS	0.001551	0	0	0	0	0	0	0	0	0
NDC80	18	ENSG00000080986	DEL	CDS_deletion_22%_of_canonical	0.001034	1	1	0	0	0	1	0	1	0
NDE1	16	ENSG00000072864	INS	insertion_in_CDS_exon	0.001034	0	0	0	0	0	0	0	0	0
NDST4	4	ENSG00000138653	DEL	canonical_CDS_exon_deletion	0.000517	0	0	0	0	0	1	0	0	1
NDUFA10	2	ENSG00000130414	DEL	canonical_CDS_exon_deletion	0.511387	275	1	1	1	1	1	1	1	1
NDUFA3	19	ENSG00000170906	DEL	CDS_deletion_35%_of_canonical	0.000517	0	1	0	0	0	1	0	0	0
NDUFV2	18	ENSG00000178127	DEL	CDS_deletion_10%_of_canonical	0.000517	0	0	0	0	1	1	0	0	0
NEB	2	ENSG00000183091	COMPLEX	complex_deletion_in_CDS	0.643226	412	1	1	1	1	1	1	1	1
NEBL	10	ENSG00000078114	COMPLEX	complex_deletion_in_CDS	0.004136	3	1	1	1	1	1	0	1	0
NECAB1	8	ENSG00000123119	DEL	CDS_deletion_10%_of_canonical	0.004654	0	1	0	0	0	1	0	0	0
NECTIN1	11	ENSG00000110400	DEL	canonical_CDS_exon_deletion	0.000517	0	0	0	0	0	1	0	0	0
NEDD4L	18	ENSG00000049759	DEL	canonical_CDS_exon_deletion	0.909514	800	1	1	1	1	1	1	1	1
NEK1	4	ENSG00000137601	DEL	canonical_CDS_exon_deletion	0.005171	1	1	1	1	1	1	0	1	0
NEK10	3	ENSG00000163491	INS	insertion_in_CDS_exon	0.256463	67	0	0	0	0	0	0	0	0
NEK3	13	ENSG00000136098	DEL	CDS_deletion_36%_of_canonical	0.000517	0	0	0	0	0	1	0	0	1
NEK4	3	ENSG00000114904	INS	insertion_in_CDS_exon	0.001034	0	0	0	0	0	0	0	0	0
NEK9	14	ENSG00000119638	COMPLEX	complex_deletion_in_CDS	0.000517	0	0	0	1	0	1	0	0	0
NELFCD	20	ENSG00000101158	INS	insertion_in_CDS_exon	0.010341	1	0	0	0	0	0	0	0	0
NELL1	11	ENSG00000165973	DEL	canonical_CDS_exon_deletion	0.184592	62	1	1	1	1	1	1	1	1
NEO1	15	ENSG00000067141	DEL	canonical_CDS_exon_deletion	0.761634	552	1	1	1	1	1	1	1	1
NETO1	18	ENSG00000166342	INS	insertion_in_CDS_exon	0.018097	2	0	0	0	0	0	0	0	0
NEU1	6	ENSG00000204386	DEL	whole_gene_CDS_deletion	0.375388	200	1	1	1	1	1	1	1	1
NFASC	1	ENSG00000163531	DEL	CDS_deletion_14%_of_canonical	0.000517	0	1	0	0	0	1	0	0	0
NFAT5	16	ENSG00000102908	DEL	canonical_CDS_exon_deletion	0.002585	0	0	1	0	1	1	0	1	1
NFE2L2	2	ENSG00000116044	INS	insertion_in_CDS_exon	0.000517	0	0	0	0	0	0	0	0	0
NFE2L3	7	ENSG00000050344	COMPLEX	complex_over_CDS	0.000517	0	0	0	0	0	0	0	0	0
NFIB	9	ENSG00000147862	DEL	canonical_CDS_exon_deletion	0.000517	0	0	0	0	0	1	0	0	0
NFKB1	4	ENSG00000109320	DEL	canonical_CDS_exon_deletion	0.001034	0	0	0	1	0	1	0	0	0
NFS1	20	ENSG00000244005	DEL	CDS_deletion_17%_of_canonical	0.002068	1	1	0	0	0	1	0	1	0
NFXL1	4	ENSG00000170448	DEL	canonical_CDS_exon_deletion	0.205791	85	1	1	1	1	1	1	1	1
NGB	14	ENSG00000165553	DEL	CDS_deletion_56%_of_canonical	0.001551	0	1	0	0	1	1	0	0	0
NGFR	17	ENSG00000064300	INS	insertion_in_CDS_exon	0.00879	1	0	0	0	0	0	0	0	0
NHSL1	6	ENSG00000135540	INS	insertion_in_CDS_exon	0.047053	9	0	0	0	0	0	0	0	0
NIBAN1	1	ENSG00000135842	INS	insertion_in_CDS_exon	0.081179	7	0	0	0	0	0	0	0	0
NIBAN2	9	ENSG00000136830	INS	insertion_in_CDS_exon	0.001551	0	0	0	0	0	0	0	0	0
NID2	14	ENSG00000087303	DEL	canonical_CDS_exon_deletion	0.011893	0	1	1	0	0	1	1	0	0
NIPAL1	4	ENSG00000163293	INS	insertion_in_CDS_exon	0.206308	42	0	0	0	0	0	0	0	0
NIPSNAP3A	9	ENSG00000136783	DEL	canonical_CDS_exon_deletion	0.000517	0	1	0	0	0	1	0	0	0
NISCH	3	ENSG00000010322	INS	insertion_in_CDS_exon	0.000517	0	0	0	0	0	0	0	0	0
NIT2	3	ENSG00000114021	INS	insertion_in_CDS_exon	0.001551	0	0	0	0	0	0	0	0	0
NKTR	3	ENSG00000114857	INS	insertion_in_CDS_exon	0.002585	0	0	0	0	0	0	0	0	0
NKX3-1	8	ENSG00000167034	DEL	whole_gene_CDS_deletion	0.000517	0	0	1	0	0	1	0	0	0
NLGN2	17	ENSG00000169992	DEL	canonical_CDS_exon_deletion	0.002068	1	0	0	0	1	1	0	1	1
NLN	5	ENSG00000123213	DEL	canonical_CDS_exon_deletion	0.001034	0	0	0	0	0	1	0	0	1
NLRC5	16	ENSG00000140853	COMPLEX	complex_over_CDS	0.821096	659	0	0	0	0	0	0	0	0
NLRP13	19	ENSG00000173572	DEL	canonical_CDS_exon_deletion	0.191313	64	1	1	1	1	1	1	1	1
NLRP3	1	ENSG00000162711	DEL	whole_gene_CDS_deletion	0.002068	1	0	1	0	1	1	0	1	1
NLRP5	19	ENSG00000171487	DEL	canonical_CDS_exon_deletion	0.000517	0	0	0	1	0	1	0	0	0
NLRP8	19	ENSG00000179709	DEL	CDS_deletion_56%_of_canonical	0.000517	0	0	0	0	0	1	0	0	1
NLRP9	19	ENSG00000185792	DEL	canonical_CDS_exon_deletion	0.000517	0	0	1	0	0	1	0	0	0
NME1-NME2	17	ENSG00000011052	DEL	CDS_deletion_13%_of_canonical	0.879007	747	1	1	1	1	1	1	1	1
NME2	17	ENSG00000243678	DEL	CDS_deletion_25%_of_canonical	0.879007	747	1	1	1	1	1	1	1	1
NMI	2	ENSG00000123609	DEL	CDS_deletion_10%_of_canonical	0.028956	2	1	0	0	0	1	1	1	0
NMT1	17	ENSG00000136448	INS	insertion_in_CDS_exon	0.000517	0	0	0	0	0	0	0	0	0
NMT2	10	ENSG00000152465	DEL	canonical_CDS_exon_deletion	0.001034	0	0	0	1	0	1	0	0	0
NMU	4	ENSG00000109255	INS	insertion_in_CDS_exon	0.002068	0	0	0	0	0	0	0	0	0
NOC2L	1	ENSG00000188976	DEL	canonical_CDS_exon_deletion	0.031024	12	1	1	1	1	1	1	1	1
NOC3L	10	ENSG00000173145	DEL	CDS_deletion_11%_of_canonical	0.000517	0	1	0	0	0	1	0	0	0
NOL12	22	ENSG00000273899	DEL	canonical_CDS_exon_deletion	0.086867	6	1	1	1	1	1	1	1	1
NOM1	7	ENSG00000146909	DEL	canonical_CDS_exon_deletion	0.001034	0	1	1	0	0	1	0	0	0
NOMO2	16	ENSG00000185164	DEL	canonical_CDS_exon_deletion	0.000517	0	1	0	0	0	1	0	0	0
NOP14	4	ENSG00000087269	DEL	canonical_CDS_exon_deletion	0.00879	0	1	1	0	0	1	0	0	0
NOS1AP	1	ENSG00000198929	COMPLEX	complex_deletion_in_CDS	0.001551	0	0	0	1	0	1	0	0	1
NOS2	17	ENSG00000007171	DEL	canonical_CDS_exon_deletion	0.000517	0	0	0	0	1	1	0	0	0
NOS3	7	ENSG00000164867	DEL	canonical_CDS_exon_deletion	0.024302	4	1	1	1	1	1	1	1	1
NOTCH4	6	ENSG00000204301	DEL	canonical_CDS_exon_deletion	0.007756	0	1	1	1	0	1	0	0	0
NOVA2	19	ENSG00000104967	COMPLEX	complex_deletion_in_CDS	0.154085	52	1	1	1	1	1	1	1	1
NOX4	11	ENSG00000086991	DEL	canonical_CDS_exon_deletion	0.001551	1	0	0	0	0	1	0	1	1
NOXA1	9	ENSG00000188747	DEL	canonical_CDS_exon_deletion	0.000517	0	1	0	0	0	1	0	0	0
NOXO1	16	ENSG00000196408	INS	insertion_in_CDS_exon	0.000517	0	0	0	0	0	0	0	0	0
NOXRED1	14	ENSG00000165555	DEL	CDS_deletion_84%_of_canonical	0.001034	1	1	0	0	0	1	0	1	0
NPAS3	14	ENSG00000151322	DEL	canonical_CDS_exon_deletion	0.000517	0	0	0	0	0	1	0	0	1
NPAT	11	ENSG00000149308	DEL	canonical_CDS_exon_deletion	0.000517	0	0	0	1	0	1	0	0	0
NPC1L1	7	ENSG00000015520	DEL	CDS_deletion_22%_of_canonical	0.001551	0	1	0	0	0	1	0	0	0
NPDC1	9	ENSG00000107281	DEL	CDS_deletion_11%_of_canonical	0.004654	1	1	1	0	0	1	0	1	1
NPEPL1	20	ENSG00000215440	INS	insertion_in_CDS_exon	0.000517	0	0	0	0	0	0	0	0	0
NPHP3	3	ENSG00000113971	COMPLEX	complex_over_CDS	0.763702	570	0	0	0	0	0	0	0	0
NPHP3-ACAD11	3	ENSG00000274810	COMPLEX	complex_over_CDS	0.763702	570	0	0	0	0	0	0	0	0
NPHP4	1	ENSG00000131697	DEL	CDS_deletion_16%_of_canonical	0.006205	4	0	1	1	1	1	0	1	1
NPIPA2	16	ENSG00000254852	DEL	canonical_CDS_exon_deletion	0.001034	0	0	0	1	0	1	0	0	0
NPIPA3	16	ENSG00000224712	INS	insertion_in_CDS_exon	0.424509	191	0	0	0	0	0	0	0	0
NPIPB11	16	ENSG00000254206	DEL	canonical_CDS_exon_deletion	0.021717	9	1	1	0	1	1	1	1	0
NPIPB13	16	ENSG00000198064	DEL	CDS_deletion_84%_of_canonical	0.002068	0	1	0	0	0	1	0	0	0
NPIPB15	16	ENSG00000196436	DEL	CDS_deletion_14%_of_canonical	0.031024	3	1	1	0	0	1	1	1	1
NPIPB2	16	ENSG00000234719	DEL	CDS_deletion_25%_of_canonical	0.001034	0	1	0	0	0	1	0	0	0
NPIPB9	16	ENSG00000196993	COMPLEX	complex_deletion_in_CDS	0.469493	257	1	1	1	1	1	1	1	1
NPM1	5	ENSG00000181163	COMPLEX	complex_over_CDS	0.000517	0	0	0	0	0	0	0	0	0
NPR2	9	ENSG00000159899	DEL	CDS_deletion_28%_of_canonical	0.000517	0	0	1	0	0	1	0	0	0
NPRL3	16	ENSG00000103148	DEL	CDS_deletion_17%_of_canonical	0.000517	0	0	0	1	0	1	0	0	0
NPSR1	7	ENSG00000187258	COMPLEX	complex_over_CDS	0.002068	0	0	0	0	0	0	0	0	0
NPY1R	4	ENSG00000164128	DEL	whole_gene_CDS_deletion	0.001034	1	0	1	0	0	1	0	1	0
NPY2R	4	ENSG00000185149	DEL	whole_gene_CDS_deletion	0.001034	1	0	0	0	1	1	0	1	0
NPY4R2	10	ENSG00000264717	DEL	canonical_CDS_exon_deletion	0.005688	0	0	1	0	1	1	0	0	1
NPY5R	4	ENSG00000164129	DEL	whole_gene_CDS_deletion	0.001034	1	0	1	0	0	1	0	1	0
NR1D1	17	ENSG00000126368	DEL	canonical_CDS_exon_deletion	0.001034	0	1	0	0	0	1	0	0	0
NR1H4	12	ENSG00000012504	DEL	canonical_CDS_exon_deletion	0.003619	0	0	1	0	0	1	0	0	1
NR2E1	6	ENSG00000112333	DEL	CDS_deletion_23%_of_canonical	0.303516	87	1	1	1	1	1	1	1	1
NR4A1	12	ENSG00000123358	DEL	canonical_CDS_exon_deletion	0.001034	0	1	0	0	0	1	0	0	0
NR4A2	2	ENSG00000153234	DEL	CDS_deletion_31%_of_canonical	0.001034	0	1	0	0	0	1	0	0	0
NR4A3	9	ENSG00000119508	DEL	CDS_deletion_11%_of_canonical	0.001034	0	1	0	0	0	1	0	0	0
NRBP1	2	ENSG00000115216	DEL	canonical_CDS_exon_deletion	0.001551	0	0	0	0	0	1	0	0	1
NRDE2	14	ENSG00000119720	DEL	canonical_CDS_exon_deletion	0.001034	0	1	0	0	0	1	0	0	0
NRG2	5	ENSG00000158458	COMPLEX	complex_deletion_in_CDS	0.002068	1	1	1	0	0	1	0	1	0
NRG3	10	ENSG00000185737	DEL	canonical_CDS_exon_deletion	0.002068	0	1	1	0	0	1	0	0	1
NRIP3	11	ENSG00000175352	DEL	CDS_deletion_22%_of_canonical	0.000517	0	0	0	0	0	1	0	0	0
NRP1	10	ENSG00000099250	COMPLEX	complex_over_CDS	0.000517	0	0	0	0	0	0	0	0	0
NRP2	2	ENSG00000118257	COMPLEX	complex_deletion_in_CDS	0.033609	32	1	1	1	1	1	1	1	1
NRSN2	20	ENSG00000125841	DEL	canonical_CDS_exon_deletion	0.32575	150	1	1	1	1	1	1	1	1
NRXN3	14	ENSG00000021645	DEL	canonical_CDS_exon_deletion	0.007239	0	1	0	1	0	1	0	0	1
NSD3	8	ENSG00000147548	DEL	CDS_deletion_14%_of_canonical	0.000517	0	0	0	1	0	1	0	0	0
NSFL1C	20	ENSG00000088833	DEL	canonical_CDS_exon_deletion	0.537229	303	1	1	1	1	1	1	1	1
NSMCE1	16	ENSG00000169189	DEL	canonical_CDS_exon_deletion	0.001551	0	1	0	0	0	1	0	0	0
NSMCE2	8	ENSG00000156831	COMPLEX	complex_deletion_in_CDS	0.051706	4	1	1	1	1	1	1	1	1
NSMF	9	ENSG00000165802	DEL	CDS_deletion_22%_of_canonical	0.000517	0	1	0	0	0	1	0	0	0
NSUN6	10	ENSG00000241058	DEL	canonical_CDS_exon_deletion	0.000517	0	0	1	0	0	1	0	0	0
NT5C2	10	ENSG00000076685	DEL	canonical_CDS_exon_deletion	0.008273	0	0	1	1	0	1	0	0	1
NTM	11	ENSG00000182667	DEL	canonical_CDS_exon_deletion	0.002068	0	1	0	0	0	1	0	0	0
NTN1	17	ENSG00000065320	DEL	canonical_CDS_exon_deletion	0.006722	1	1	0	0	0	1	0	1	0
NTPCR	1	ENSG00000135778	DEL	CDS_deletion_12%_of_canonical	0.001034	1	1	0	0	0	1	0	1	0
NTSR2	2	ENSG00000169006	INS	insertion_in_CDS_exon	0.004654	0	0	0	0	0	0	0	0	0
NUAK2	1	ENSG00000163545	DEL	CDS_deletion_12%_of_canonical	0.013444	1	1	1	1	1	1	1	1	1
NUB1	7	ENSG00000013374	DEL	CDS_deletion_43%_of_canonical	0.066184	42	1	1	1	1	1	1	1	1
NUCB2	11	ENSG00000070081	DEL	CDS_deletion_10%_of_canonical	0.001034	0	0	0	0	0	1	0	0	1
NUDT22	11	ENSG00000149761	COMPLEX	complex_deletion_in_CDS	0.702073	505	1	1	1	1	1	1	1	1
NUFIP1	13	ENSG00000083635	DEL	CDS_deletion_22%_of_canonical	0.000517	0	1	0	0	0	1	0	0	0
NUMBL	19	ENSG00000105245	COMPLEX	complex_deletion_in_CDS	0.202172	56	1	1	1	1	1	1	1	1
NUP107	12	ENSG00000111581	DEL	canonical_CDS_exon_deletion	0.001034	0	1	0	0	1	1	0	0	0
NUP155	5	ENSG00000113569	DEL	canonical_CDS_exon_deletion	0.000517	0	0	1	0	0	1	0	0	0
NUP160	11	ENSG00000030066	DEL	canonical_CDS_exon_deletion	0.006205	0	1	1	0	0	1	0	0	0
NUP188	9	ENSG00000095319	DEL	CDS_deletion_12%_of_canonical	0.000517	0	0	1	0	0	1	0	0	0
NUP210L	1	ENSG00000143552	DEL	canonical_CDS_exon_deletion	0.002068	0	0	1	0	1	1	0	0	0
NUP50	22	ENSG00000093000	DEL	canonical_CDS_exon_deletion	0.011893	1	1	1	0	1	1	1	1	1
NUP98	11	ENSG00000110713	COMPLEX	complex_deletion_in_CDS	0.279731	100	1	1	1	1	1	1	1	1
NUTM2B	10	ENSG00000188199	INS	insertion_in_CDS_exon	0.05636	11	0	0	0	0	0	0	0	0
NUTM2G	9	ENSG00000188152	INS	insertion_in_CDS_exon	0.000517	0	0	0	0	0	0	0	0	0
NWD1	19	ENSG00000188039	DEL	canonical_CDS_exon_deletion	0.003102	0	1	0	0	0	1	0	0	0
NWD2	4	ENSG00000174145	DEL	canonical_CDS_exon_deletion	0.006722	0	1	0	0	0	1	0	0	0
NXN	17	ENSG00000167693	DEL	CDS_deletion_23%_of_canonical	0.001035	0	1	0	0	0	1	0	1	1
NXPE1	11	ENSG00000095110	COMPLEX	complex_over_CDS	0.267322	104	0	0	0	0	0	0	0	0
NXPE3	3	ENSG00000144815	DEL	canonical_CDS_exon_deletion	0.002068	2	0	0	0	0	1	0	1	1
NXPE4	11	ENSG00000137634	COMPLEX	complex_over_CDS	0.002068	0	0	0	0	0	0	0	0	0
NYNRIN	14	ENSG00000205978	DEL	canonical_CDS_exon_deletion	0.001034	0	1	0	1	0	1	0	0	0
OAF	11	ENSG00000184232	DEL	CDS_deletion_22%_of_canonical	0.007756	0	1	1	1	0	1	0	0	0
OARD1	6	ENSG00000124596	DEL	CDS_deletion_13%_of_canonical	0.001034	0	0	1	0	0	1	0	0	1
OAT	10	ENSG00000065154	DEL	canonical_CDS_exon_deletion	0.019648	3	1	0	0	1	1	1	1	0
OBSCN	1	ENSG00000154358	DEL	canonical_CDS_exon_deletion	0.002068	1	1	0	0	0	1	0	1	0
OCA2	15	ENSG00000104044	DEL	canonical_CDS_exon_deletion	0.401241	161	1	1	1	1	1	1	1	1
ODAD2	10	ENSG00000169126	DEL	canonical_CDS_exon_deletion	0.001034	0	0	0	0	0	1	0	0	1
ODAD3	19	ENSG00000198003	DEL	CDS_deletion_11%_of_canonical	0.018097	4	1	0	0	0	1	1	1	0
ODAD4	17	ENSG00000204815	COMPLEX	complex_deletion_in_CDS	0.404343	183	1	1	1	1	1	1	1	1
ODF3B	22	ENSG00000177989	INS	insertion_in_CDS_exon	0.619959	380	0	0	0	0	0	0	0	0
OGFR	20	ENSG00000060491	DEL	canonical_CDS_exon_deletion	0.381593	152	1	1	1	1	1	1	1	1
OLFML2B	1	ENSG00000162745	INS	insertion_in_CDS_exon	0.001551	0	0	0	0	0	0	0	0	0
ONECUT3	19	ENSG00000205922	DEL	CDS_deletion_18%_of_canonical	0.000517	0	0	0	0	1	1	0	0	0
OOSP2	11	ENSG00000149507	DEL	whole_gene_CDS_deletion	0.000517	0	0	0	0	0	1	0	0	1
OPA3	19	ENSG00000125741	DEL	CDS_deletion_74%_of_canonical	0.008273	5	1	1	1	1	1	0	1	0
OPN5	6	ENSG00000124818	DEL	canonical_CDS_exon_deletion	0.003619	0	1	1	0	0	1	0	0	0
OPRM1	6	ENSG00000112038	DEL	canonical_CDS_exon_deletion	0.334023	110	1	1	1	1	1	1	1	1
OR13C7	9	ENSG00000243641	DEL	CDS_deletion_79%_of_canonical	0.185109	42	1	1	1	1	1	1	1	1
OR1A1	17	ENSG00000172146	DEL	CDS_deletion_19%_of_canonical	0.801448	692	1	1	1	1	1	1	1	1
OR1E2	17	ENSG00000127780	DEL	CDS_deletion_14%_of_canonical	0.659773	434	1	1	1	1	1	1	1	1
OR2A25	7	ENSG00000221933	DEL	whole_gene_CDS_deletion	0.001034	0	0	0	0	0	1	0	0	1
OR2A5	7	ENSG00000221836	DEL	whole_gene_CDS_deletion	0.004136	2	1	0	0	1	1	0	1	1
OR2AK2	1	ENSG00000187080	COMPLEX	complex_over_CDS	0.320579	103	0	0	0	0	0	0	0	0
OR2AP1	12	ENSG00000179615	DEL	CDS_deletion_30%_of_canonical	0.099793	21	1	1	1	1	1	1	1	1
OR2B11	1	ENSG00000177535	DEL	whole_gene_CDS_deletion	0.002068	1	0	1	0	1	1	0	1	1
OR2F1	7	ENSG00000213215	DEL	whole_gene_CDS_deletion	0.001034	1	0	0	0	1	1	0	1	0
OR2F2	7	ENSG00000221910	DEL	whole_gene_CDS_deletion	0.001034	1	0	0	0	1	1	0	1	0
OR2G2	1	ENSG00000177489	DEL	whole_gene_CDS_deletion	0.00879	0	1	1	1	1	1	0	0	1
OR2G3	1	ENSG00000177476	DEL	whole_gene_CDS_deletion	0.00879	0	1	1	1	1	1	0	0	1
OR2L2	1	ENSG00000203663	COMPLEX	complex_deletion_in_CDS	0.240951	146	1	1	1	1	1	1	1	1
OR2L3	1	ENSG00000198128	COMPLEX	complex_deletion_in_CDS	0.240951	146	1	1	1	1	1	1	1	1
OR2L5	1	ENSG00000197454	DEL	whole_gene_CDS_deletion	0.000517	0	1	0	0	0	1	0	0	0
OR2T12	1	ENSG00000177201	INS	insertion_in_CDS_exon	0.001034	1	0	0	0	0	0	0	0	0
OR2W1	6	ENSG00000204704	DEL	whole_gene_CDS_deletion	0.619959	411	1	1	1	1	1	1	1	1
OR4A5	11	ENSG00000221840	DEL	whole_gene_CDS_deletion	0.365047	208	1	1	1	1	1	1	1	1
OR4C11	11	ENSG00000172188	COMPLEX	complex_deletion_in_CDS	0.329369	175	1	1	1	1	1	1	1	1
OR4C15	11	ENSG00000181939	COMPLEX	complex_deletion_in_CDS	0.329369	175	1	1	1	1	1	1	1	1
OR4C16	11	ENSG00000279514	COMPLEX	complex_deletion_in_CDS	0.329369	175	1	1	1	1	1	1	1	1
OR4D6	11	ENSG00000166884	INS	insertion_in_CDS_exon	0.001034	0	0	0	0	0	0	0	0	0
OR4E1	14	ENSG00000276240	INS	insertion_in_CDS_exon	0.011893	0	0	0	0	0	0	0	0	0
OR4K2	14	ENSG00000165762	DEL	CDS_deletion_23%_of_canonical	0.131334	25	1	1	0	1	1	1	1	1
OR4S1	11	ENSG00000176555	INS	insertion_in_CDS_exon	0.000517	0	0	0	0	0	0	0	0	0
OR4X1	11	ENSG00000176567	DEL	CDS_deletion_75%_of_canonical	0.000517	0	0	0	0	0	1	0	0	1
OR4X2	11	ENSG00000172208	DEL	whole_gene_CDS_deletion	0.000517	0	0	0	1	0	1	0	0	0
OR51L1	11	ENSG00000176798	COMPLEX	complex_deletion_in_CDS	0.000517	0	0	0	0	0	1	0	0	1
OR52B6	11	ENSG00000187747	DEL	canonical_CDS_exon_deletion	0.595657	342	1	1	1	1	1	1	1	1
OR52E6	11	ENSG00000205409	DEL	whole_gene_CDS_deletion	0.277146	93	1	1	1	1	1	1	1	1
OR52I1	11	ENSG00000232268	DEL	whole_gene_CDS_deletion	0.002068	2	0	0	1	0	1	0	1	0
OR52I2	11	ENSG00000226288	DEL	whole_gene_CDS_deletion	0.002068	2	1	0	1	0	1	0	1	0
OR52N2	11	ENSG00000180988	DEL	CDS_deletion_15%_of_canonical	0.277146	93	1	1	1	1	1	1	1	1
OR5AP2	11	ENSG00000172464	DEL	whole_gene_CDS_deletion	0.001551	0	1	0	0	0	1	0	0	1
OR5AU1	14	ENSG00000169327	COMPLEX	complex_over_CDS	0.233195	64	0	0	0	0	0	0	0	0
OR5B3	11	ENSG00000172769	INS	insertion_in_CDS_exon	0.522751	281	0	0	0	0	0	0	0	0
OR5BS1P	12	ENSG00000198678	COMPLEX	complex_deletion_in_CDS	0.005171	0	1	1	0	1	1	0	0	1
OR5H1	3	ENSG00000231192	DEL	CDS_deletion_32%_of_canonical	0.005171	0	1	0	0	1	1	0	0	0
OR5H14	3	ENSG00000236032	COMPLEX	complex_over_CDS	0.701655	478	0	0	0	0	0	0	0	0
OR5K1	3	ENSG00000232382	DEL	whole_gene_CDS_deletion	0.000517	0	0	0	0	0	1	0	0	1
OR6B2	2	ENSG00000182083	DEL	canonical_CDS_exon_deletion	0.047053	1	1	1	1	1	1	1	1	1
OR6C68	12	ENSG00000205327	DEL	whole_gene_CDS_deletion	0.003619	2	1	0	0	0	1	0	1	0
OR6K3	1	ENSG00000203757	COMPLEX	complex_over_CDS	0.000517	0	0	0	0	0	0	0	0	0
OR8B2	11	ENSG00000284680	INS	insertion_in_CDS_exon	0.000517	0	0	0	0	0	0	0	0	0
OR8H2	11	ENSG00000181767	DEL	canonical_CDS_exon_deletion	0.000517	0	0	0	1	0	1	0	0	0
ORC3	6	ENSG00000135336	DEL	CDS_deletion_14%_of_canonical	0.003619	1	1	0	0	0	1	0	1	0
ORC5	7	ENSG00000164815	COMPLEX	complex_deletion_in_CDS	0.001034	1	1	0	0	0	1	0	1	0
OSBPL10	3	ENSG00000144645	COMPLEX	complex_deletion_in_CDS	0.000517	0	0	0	1	0	1	0	0	0
OSBPL8	12	ENSG00000091039	COMPLEX	complex_deletion_in_CDS	0.182523	43	1	1	1	1	1	1	1	1
OSCAR	19	ENSG00000170909	DEL	CDS_deletion_53%_of_canonical	0.007756	0	1	1	0	1	1	0	0	1
OSCP1	1	ENSG00000116885	DEL	canonical_CDS_exon_deletion	0.000517	0	0	1	0	0	1	0	0	0
OSGIN1	16	ENSG00000140961	DEL	CDS_deletion_66%_of_canonical	0.000517	0	1	0	0	0	1	0	0	0
OTOA	16	ENSG00000155719	COMPLEX	complex_deletion_in_CDS	0.013444	0	1	1	1	1	1	1	0	1
OTOF	2	ENSG00000115155	DEL	canonical_CDS_exon_deletion	0.000517	0	0	0	1	0	1	0	0	0
OTOG	11	ENSG00000188162	DEL	canonical_CDS_exon_deletion	0.000517	0	1	0	0	0	1	0	0	0
OTOGL	12	ENSG00000165899	INS	insertion_in_CDS_exon	0.001551	0	0	0	0	0	0	0	0	0
OTOP1	4	ENSG00000163982	DEL	canonical_CDS_exon_deletion	0.004136	0	0	0	0	0	1	0	0	1
OTUB2	14	ENSG00000089723	DEL	CDS_deletion_12%_of_canonical	0.00879	3	0	1	0	1	1	0	1	1
OTUD1	10	ENSG00000165312	DEL	canonical_CDS_exon_deletion	0.011893	3	1	1	0	0	1	1	1	0
OTUD3	1	ENSG00000169914	COMPLEX	complex_deletion_in_CDS	0.011375	0	1	1	0	0	1	1	0	0
OTUD4	4	ENSG00000164164	DEL	canonical_CDS_exon_deletion	0.002068	0	1	0	0	0	1	0	0	0
OTX2	14	ENSG00000165588	DEL	whole_gene_CDS_deletion	0.011893	1	1	1	0	0	1	1	1	0
OVCH1	12	ENSG00000187950	COMPLEX	complex_deletion_in_CDS	0.015512	0	1	1	1	1	1	1	0	1
OXCT1	5	ENSG00000083720	DEL	CDS_deletion_16%_of_canonical	0.003102	0	0	0	1	0	1	0	0	0
OXLD1	17	ENSG00000204237	DEL	CDS_deletion_86%_of_canonical	0.000517	0	0	0	0	0	1	0	0	0
OXT	20	ENSG00000101405	DEL	CDS_deletion_22%_of_canonical	0.248707	68	1	1	1	1	1	1	1	1
P2RY13	3	ENSG00000181631	DEL	canonical_CDS_exon_deletion	0.003102	1	1	0	1	0	1	0	1	0
P3H2	3	ENSG00000090530	DEL	canonical_CDS_exon_deletion	0.000517	0	0	0	1	0	1	0	0	0
P3H3	12	ENSG00000110811	INS	insertion_in_CDS_exon	0.045502	5	0	0	0	0	0	0	0	0
PAAF1	11	ENSG00000175575	DEL	CDS_deletion_18%_of_canonical	0.001034	0	0	0	1	0	1	0	0	0
PABPC1	8	ENSG00000070756	DEL	CDS_deletion_17%_of_canonical	0.013961	0	1	1	0	0	1	1	0	0
PABPC1L	20	ENSG00000101104	DEL	canonical_CDS_exon_deletion	0.02637	5	1	1	1	1	1	1	1	1
PACC1	1	ENSG00000065600	DEL	CDS_deletion_34%_of_canonical	0.007239	2	1	1	0	0	1	0	1	0
PACRG	6	ENSG00000112530	INS	insertion_in_CDS_exon	0.000517	0	0	0	0	0	0	0	0	0
PACSIN1	6	ENSG00000124507	DEL	CDS_deletion_83%_of_canonical	0.000517	0	0	1	0	0	1	0	0	0
PADI2	1	ENSG00000117115	DEL	canonical_CDS_exon_deletion	0.042399	3	1	1	1	0	1	1	1	1
PADI4	1	ENSG00000159339	DEL	canonical_CDS_exon_deletion	0.000517	0	0	0	1	0	1	0	0	0
PAFAH1B1	17	ENSG00000007168	DEL	canonical_CDS_exon_deletion	0.000517	0	0	0	1	0	1	0	0	0
PAFAH2	1	ENSG00000158006	DEL	CDS_deletion_28%_of_canonical	0.113237	18	1	1	1	1	1	1	1	1
PAK4	19	ENSG00000130669	DEL	CDS_deletion_31%_of_canonical	0.001034	1	0	1	0	0	1	0	1	0
PAK6	15	ENSG00000137843	INS	insertion_in_CDS_exon	0.001034	0	0	0	0	0	0	0	0	0
PALB2	16	ENSG00000083093	DEL	CDS_deletion_30%_of_canonical	0.000517	0	0	1	0	0	1	0	0	0
PALD1	10	ENSG00000107719	INS	insertion_in_CDS_exon	0.000517	0	0	0	0	0	0	0	0	0
PALM	19	ENSG00000099864	COMPLEX	complex_deletion_in_CDS	0.004654	0	1	1	1	1	1	0	1	1
PALM2AKAP2	9	ENSG00000157654	COMPLEX	complex_over_CDS	0.005171	0	0	0	0	0	0	0	0	0
PALMD	1	ENSG00000099260	DEL	canonical_CDS_exon_deletion	0.024819	2	1	1	0	0	1	1	1	0
PALS2	7	ENSG00000105926	COMPLEX	complex_deletion_in_CDS	0.000517	0	0	0	0	0	1	0	0	1
PAM	5	ENSG00000145730	DEL	canonical_CDS_exon_deletion	0.581696	316	1	1	1	1	1	1	1	1
PANK3	5	ENSG00000120137	DEL	canonical_CDS_exon_deletion	0.000517	0	0	1	0	0	1	0	0	0
PANK4	1	ENSG00000157881	COMPLEX	complex_over_CDS	0.001034	0	0	0	0	0	0	0	0	0
PANX3	11	ENSG00000154143	DEL	CDS_deletion_28%_of_canonical	0.000517	0	1	0	0	0	1	0	0	0
PAOX	10	ENSG00000148832	DEL	canonical_CDS_exon_deletion	0.003102	0	1	1	0	0	1	0	0	1
PAPOLG	2	ENSG00000115421	DEL	canonical_CDS_exon_deletion	0.000517	0	1	0	0	0	1	0	0	0
PAPPA	9	ENSG00000182752	DEL	CDS_deletion_13%_of_canonical	0.001551	1	1	0	0	0	1	0	1	0
PAPSS1	4	ENSG00000138801	DEL	CDS_deletion_12%_of_canonical	0.003102	2	1	0	0	0	1	0	1	0
PAQR3	4	ENSG00000163291	DEL	CDS_deletion_46%_of_canonical	0.000517	0	0	0	0	0	1	0	0	0
PARD3B	2	ENSG00000116117	DEL	canonical_CDS_exon_deletion	0.001551	0	1	0	0	0	1	0	0	0
PARD6G	18	ENSG00000178184	DEL	canonical_CDS_exon_deletion	0.070838	6	1	1	1	0	1	1	1	1
PARG	10	ENSG00000227345	DEL	canonical_CDS_exon_deletion	0.004136	1	1	0	0	0	1	0	1	0
PARN	16	ENSG00000140694	DEL	CDS_deletion_10%_of_canonical	0.003102	0	1	0	0	0	1	0	0	0
PARP12	7	ENSG00000059378	DEL	canonical_CDS_exon_deletion	0.000517	0	1	0	0	0	1	0	0	0
PARP14	3	ENSG00000173193	COMPLEX	complex_over_CDS	0.658738	548	0	0	0	0	0	0	0	0
PARP8	5	ENSG00000151883	DEL	canonical_CDS_exon_deletion	0.005171	0	1	1	1	1	1	0	0	1
PARP9	3	ENSG00000138496	COMPLEX	complex_deletion_in_CDS	0.004654	0	1	1	1	1	1	0	0	1
PARS2	1	ENSG00000162396	DEL	CDS_deletion_11%_of_canonical	0.036194	4	1	0	1	0	1	1	1	1
PARVB	22	ENSG00000188677	COMPLEX	complex_deletion_in_CDS	0.002068	1	1	0	1	1	1	0	1	0
PASK	2	ENSG00000115687	COMPLEX	complex_deletion_in_CDS	0.427611	230	1	1	1	1	1	1	1	1
PATJ	1	ENSG00000132849	DEL	CDS_deletion_13%_of_canonical	0.00879	4	1	1	0	1	1	0	1	0
PATZ1	22	ENSG00000100105	DEL	CDS_deletion_27%_of_canonical	0.003102	1	0	0	0	0	1	0	1	1
PAWR	12	ENSG00000177425	DEL	canonical_CDS_exon_deletion	0.472079	282	1	1	1	1	1	1	1	1
PAXBP1	21	ENSG00000159086	DEL	canonical_CDS_exon_deletion	0.000517	0	1	0	1	1	1	0	0	0
PAXIP1	7	ENSG00000157212	DEL	canonical_CDS_exon_deletion	0.004136	0	1	0	0	0	1	0	0	1
PBRM1	3	ENSG00000163939	DEL	canonical_CDS_exon_deletion	0.002585	0	0	1	0	1	1	0	0	0
PBX1	1	ENSG00000185630	DEL	CDS_deletion_15%_of_canonical	0.003619	0	1	1	0	0	1	0	0	0
PBX3	9	ENSG00000167081	DEL	canonical_CDS_exon_deletion	0.000517	0	0	0	0	0	1	0	0	1
PCBP2	12	ENSG00000197111	DEL	canonical_CDS_exon_deletion	0.000517	0	1	0	0	0	1	0	0	0
PCCA	13	ENSG00000175198	DEL	canonical_CDS_exon_deletion	0.001551	0	0	1	1	0	1	0	0	1
PCDH1	5	ENSG00000156453	DEL	CDS_deletion_23%_of_canonical	0.000517	0	1	0	0	0	1	0	0	0
PCDH15	10	ENSG00000150275	DEL	CDS_deletion_10%_of_canonical	0.028956	3	1	1	1	1	1	1	1	1
PCDH17	13	ENSG00000118946	COMPLEX	complex_deletion_in_CDS	0.001034	1	0	0	0	1	1	0	1	0
PCDH18	4	ENSG00000189184	INS	insertion_in_CDS_exon	0.153051	35	0	0	0	0	0	0	0	0
PCDH9	13	ENSG00000184226	INS	insertion_in_CDS_exon	0.001034	0	0	0	0	0	0	0	0	0
PCDHA5	5	ENSG00000204965	INS	insertion_in_CDS_exon	0.000517	0	0	0	0	0	0	0	0	0
PCDHA9	5	ENSG00000204961	DEL	CDS_deletion_13%_of_canonical	0.000517	0	1	0	0	0	1	0	0	0
PCDHB15	5	ENSG00000113248	DEL	whole_gene_CDS_deletion	0.084281	39	1	1	1	1	1	1	1	1
PCDHB5	5	ENSG00000113209	INS	insertion_in_CDS_exon	0.001034	0	0	0	0	0	0	0	0	0
PCDHB6	5	ENSG00000113211	COMPLEX	complex_deletion_in_CDS	0.000517	0	0	0	0	0	1	0	0	0
PCDHB7	5	ENSG00000113212	INS	insertion_in_CDS_exon	0.004654	0	0	0	0	0	0	0	0	0
PCDHB9	5	ENSG00000177839	INS	insertion_in_CDS_exon	0.000517	0	0	0	0	0	0	0	0	0
PCDHGA4	5	ENSG00000262576	COMPLEX	complex_over_CDS	0.000517	0	0	0	0	0	0	0	0	0
PCDHGA5	5	ENSG00000253485	COMPLEX	complex_deletion_in_CDS	0.005171	0	1	1	1	1	1	0	0	1
PCDHGA6	5	ENSG00000253731	COMPLEX	complex_deletion_in_CDS	0.068769	17	1	1	1	1	1	1	1	1
PCDHGA7	5	ENSG00000253537	COMPLEX	complex_deletion_in_CDS	0.068769	17	1	1	1	1	1	1	1	1
PCDHGB2	5	ENSG00000253910	COMPLEX	complex_deletion_in_CDS	0.005171	0	1	1	1	1	1	0	0	1
PCDHGB3	5	ENSG00000262209	COMPLEX	complex_deletion_in_CDS	0.068769	17	1	1	1	1	1	1	1	1
PCF11	11	ENSG00000165494	DEL	canonical_CDS_exon_deletion	0.000517	0	0	0	1	0	1	0	0	0
PCGF3	4	ENSG00000185619	DEL	CDS_deletion_12%_of_canonical	0.473113	235	1	1	1	1	1	1	1	1
PCID2	13	ENSG00000126226	DEL	canonical_CDS_exon_deletion	0.8909	783	1	1	1	1	1	1	1	1
PCLO	7	ENSG00000186472	DEL	canonical_CDS_exon_deletion	0.000517	0	0	1	0	0	1	0	0	0
PCNX2	1	ENSG00000135749	DEL	CDS_deletion_13%_of_canonical	0.001034	1	1	0	0	0	1	0	1	0
PCSK4	19	ENSG00000115257	DEL	CDS_deletion_31%_of_canonical	0.001034	0	0	1	1	0	1	0	1	0
PCSK7	11	ENSG00000160613	DEL	CDS_deletion_17%_of_canonical	0.001034	0	0	0	1	0	1	0	0	1
PCYOX1	2	ENSG00000116005	DEL	CDS_deletion_20%_of_canonical	0.002068	1	0	0	0	1	1	0	1	1
PCYT2	17	ENSG00000185813	DEL	canonical_CDS_exon_deletion	0.001034	1	0	0	1	0	1	0	1	0
PDCD11	10	ENSG00000148843	DEL	canonical_CDS_exon_deletion	0.000517	0	0	1	1	0	1	0	0	0
PDCD2	6	ENSG00000071994	COMPLEX	complex_over_CDS	0.0212	0	0	0	0	0	0	0	0	0
PDE12	3	ENSG00000174840	INS	insertion_in_CDS_exon	0.000517	0	0	0	0	0	0	0	0	0
PDE1B	12	ENSG00000123360	COMPLEX	complex_deletion_in_CDS	0.001034	1	0	0	0	1	1	0	1	0
PDE3B	11	ENSG00000152270	DEL	canonical_CDS_exon_deletion	0.000517	0	1	1	0	0	1	0	0	0
PDE4C	19	ENSG00000105650	DEL	canonical_CDS_exon_deletion	0.000517	0	0	1	0	0	1	0	0	0
PDE4DIP	1	ENSG00000178104	COMPLEX	complex_over_CDS	0.028497	4	0	0	0	0	0	0	0	0
PDE6B	4	ENSG00000133256	DEL	canonical_CDS_exon_deletion	0.230093	68	1	1	1	1	1	1	1	1
PDE7B	6	ENSG00000171408	DEL	canonical_CDS_exon_deletion	0.002068	2	0	0	1	1	1	0	1	1
PDE8A	15	ENSG00000073417	COMPLEX	complex_deletion_in_CDS	0.004136	1	1	1	0	0	1	0	1	0
PDE8B	5	ENSG00000113231	COMPLEX	complex_deletion_in_CDS	0.000517	0	0	0	0	1	1	0	0	0
PDIA3	15	ENSG00000167004	DEL	canonical_CDS_exon_deletion	0.070838	19	1	1	0	1	1	1	1	1
PDIA4	7	ENSG00000155660	INS	insertion_in_CDS_exon	0.098759	11	0	0	0	0	0	0	0	0
PDP1	8	ENSG00000164951	DEL	CDS_deletion_76%_of_canonical	0.000517	0	1	0	0	0	1	0	0	0
PDPK1	16	ENSG00000140992	COMPLEX	complex_over_CDS	0.000517	0	0	0	0	0	0	0	0	0
PDPR	16	ENSG00000090857	DEL	canonical_CDS_exon_deletion	0.262668	75	1	1	1	1	1	1	1	1
PDXK	21	ENSG00000160209	DEL	canonical_CDS_exon_deletion	0.012409	2	1	1	1	1	1	1	1	1
PDZD2	5	ENSG00000133401	DEL	canonical_CDS_exon_deletion	0.001551	1	0	1	1	0	1	0	1	1
PDZD8	10	ENSG00000165650	DEL	canonical_CDS_exon_deletion	0.001034	0	1	0	0	0	1	0	0	0
PDZD9	16	ENSG00000155714	INS	insertion_in_CDS_exon	0.007239	0	0	0	0	0	0	0	0	0
PELI1	2	ENSG00000197329	DEL	CDS_deletion_31%_of_canonical	0.005171	0	1	1	0	1	1	0	0	1
PELP1	17	ENSG00000141456	DEL	canonical_CDS_exon_deletion	0.004654	4	1	0	1	0	1	0	1	0
PEX14	1	ENSG00000142655	DEL	canonical_CDS_exon_deletion	0.003619	2	1	0	1	0	1	0	1	0
PEX5	12	ENSG00000139197	DEL	canonical_CDS_exon_deletion	0.297311	104	1	1	1	1	1	1	1	1
PFKFB4	3	ENSG00000114268	DEL	CDS_deletion_18%_of_canonical	0.094105	17	1	1	0	1	1	1	1	1
PFKP	10	ENSG00000067057	COMPLEX	complex_deletion_in_CDS	0.001551	0	1	0	0	0	1	0	0	0
PFN1	17	ENSG00000108518	DEL	CDS_deletion_77%_of_canonical	0.012927	2	1	0	0	0	1	1	1	0
PGBD1	6	ENSG00000137338	INS	insertion_in_CDS_exon	0.124095	16	0	0	0	0	0	0	0	0
PGD	1	ENSG00000142657	DEL	CDS_deletion_17%_of_canonical	0.001034	1	1	0	0	0	1	0	1	0
PGGHG	11	ENSG00000142102	INS	insertion_in_CDS_exon	0.645812	414	0	0	0	0	0	0	0	0
PGGT1B	5	ENSG00000164219	DEL	canonical_CDS_exon_deletion	0.006205	1	1	0	0	1	1	0	1	1
PGLYRP1	19	ENSG00000008438	DEL	whole_gene_CDS_deletion	0.119442	44	1	1	1	1	1	1	1	1
PGPEP1L	15	ENSG00000183571	DEL	CDS_deletion_12%_of_canonical	0.338159	166	1	1	1	1	1	1	1	1
PGR	11	ENSG00000082175	INS	insertion_in_CDS_exon	0.024302	2	0	0	0	0	0	0	0	0
PHACTR3	20	ENSG00000087495	DEL	canonical_CDS_exon_deletion	0.000517	0	0	0	0	0	1	0	0	1
PHACTR4	1	ENSG00000204138	DEL	CDS_deletion_37%_of_canonical	0.002068	1	1	0	1	1	1	0	1	0
PHC3	3	ENSG00000173889	COMPLEX	complex_deletion_in_CDS	0.002585	1	0	0	0	1	1	0	1	1
PHF10	6	ENSG00000130024	COMPLEX	complex_deletion_in_CDS	0.127198	55	1	1	1	1	1	1	1	1
PHF12	17	ENSG00000109118	DEL	CDS_deletion_18%_of_canonical	0.001551	0	1	1	0	0	1	0	0	0
PHF20	20	ENSG00000025293	DEL	canonical_CDS_exon_deletion	0.000517	0	1	0	0	0	1	0	0	0
PHF21A	11	ENSG00000135365	DEL	canonical_CDS_exon_deletion	0.005171	0	1	1	0	1	1	0	0	1
PHF21B	22	ENSG00000056487	DEL	CDS_deletion_23%_of_canonical	0.000517	0	0	1	0	0	1	0	0	0
PHF3	6	ENSG00000118482	DEL	canonical_CDS_exon_deletion	0.001034	1	0	0	0	1	1	0	1	0
PHIP	6	ENSG00000146247	DEL	canonical_CDS_exon_deletion	0.001034	0	0	0	0	0	1	0	0	1
PHLDB1	11	ENSG00000019144	DEL	canonical_CDS_exon_deletion	0.001034	0	0	1	0	0	1	0	0	1
PHLDB2	3	ENSG00000144824	DEL	canonical_CDS_exon_deletion	0.011893	1	1	1	0	0	1	1	1	0
PHLPP2	16	ENSG00000040199	INS	insertion_in_CDS_exon	0.143744	27	0	0	0	0	0	0	0	0
PHRF1	11	ENSG00000070047	DEL	canonical_CDS_exon_deletion	0.001551	0	1	1	0	0	1	0	0	0
PHTF2	7	ENSG00000006576	DEL	canonical_CDS_exon_deletion	0.196484	48	1	1	1	1	1	1	1	1
PHYKPL	5	ENSG00000175309	DEL	canonical_CDS_exon_deletion	0.002068	0	1	0	1	0	1	0	0	0
PI15	8	ENSG00000137558	DEL	CDS_deletion_48%_of_canonical	0.058428	22	1	1	1	1	1	1	1	0
PI16	6	ENSG00000164530	INS	insertion_in_CDS_exon	0.000517	0	0	0	0	0	0	0	0	0
PI3	20	ENSG00000124102	DEL	CDS_deletion_77%_of_canonical	0.000517	0	1	0	0	0	1	0	0	0
PI4KA	22	ENSG00000241973	INS	insertion_in_CDS_exon	0.000517	0	0	0	0	0	0	0	0	0
PI4KB	1	ENSG00000143393	DEL	canonical_CDS_exon_deletion	0.002068	0	0	1	0	0	1	0	0	0
PICALM	11	ENSG00000073921	DEL	canonical_CDS_exon_deletion	0.000517	0	0	0	0	0	1	0	0	1
PICK1	22	ENSG00000100151	DEL	canonical_CDS_exon_deletion	0.002585	1	1	1	1	0	1	0	1	0
PIDD1	11	ENSG00000177595	DEL	CDS_deletion_70%_of_canonical	0.002068	0	0	0	1	0	1	0	0	0
PIEZO1	16	ENSG00000103335	DEL	canonical_CDS_exon_deletion	0.002068	1	0	0	0	0	1	0	1	1
PIF1	15	ENSG00000140451	DEL	CDS_deletion_13%_of_canonical	0.000517	0	1	0	0	0	1	0	0	0
PIGG	4	ENSG00000174227	COMPLEX	complex_deletion_in_CDS	0.001551	0	0	1	0	1	1	0	0	0
PIGK	1	ENSG00000142892	DEL	CDS_deletion_12%_of_canonical	0.000517	0	1	0	0	0	1	0	0	0
PIGL	17	ENSG00000108474	DEL	canonical_CDS_exon_deletion	0.000517	0	1	0	0	0	1	0	0	0
PIGQ	16	ENSG00000007541	DEL	canonical_CDS_exon_deletion	0.427019	268	1	1	1	1	1	1	1	1
PIGY	4	ENSG00000255072	DEL	whole_gene_CDS_deletion	0.001034	0	0	1	0	1	1	0	0	0
PIK3C2A	11	ENSG00000011405	DEL	canonical_CDS_exon_deletion	0.014995	0	1	1	1	1	1	1	0	1
PIK3C2G	12	ENSG00000139144	COMPLEX	complex_over_CDS	0.001034	0	0	0	0	0	0	0	0	0
PIK3CB	3	ENSG00000051382	DEL	canonical_CDS_exon_deletion	0.001551	0	1	0	0	0	1	0	0	0
PIK3CD	1	ENSG00000171608	DEL	canonical_CDS_exon_deletion	0.002068	1	0	0	1	0	1	0	1	1
PIK3IP1	22	ENSG00000100100	INS	insertion_in_CDS_exon	0.000517	0	0	0	0	0	0	0	0	0
PIKFYVE	2	ENSG00000115020	DEL	canonical_CDS_exon_deletion	0.000517	0	0	0	0	1	1	0	0	0
PIP5K1A	1	ENSG00000143398	DEL	canonical_CDS_exon_deletion	0.015512	2	0	0	1	1	1	1	1	0
PIP5K1C	19	ENSG00000186111	COMPLEX	complex_deletion_in_CDS	0.004654	1	1	1	1	1	1	0	1	1
PISD	22	ENSG00000241878	COMPLEX	complex_over_CDS	0.000517	0	0	0	0	0	0	0	0	0
PITHD1	1	ENSG00000057757	DEL	CDS_deletion_31%_of_canonical	0.002585	0	1	0	0	1	1	0	0	0
PITPNM1	11	ENSG00000110697	COMPLEX	complex_over_CDS	0.083764	5	0	0	0	0	0	0	0	0
PITPNM2	12	ENSG00000090975	DEL	canonical_CDS_exon_deletion	0.001551	0	0	1	0	1	1	0	0	0
PITPNM3	17	ENSG00000091622	COMPLEX	complex_deletion_in_CDS	0.290072	118	1	1	1	1	1	1	1	1
PITRM1	10	ENSG00000107959	DEL	canonical_CDS_exon_deletion	0.000517	0	0	0	0	1	1	0	0	0
PIWIL3	22	ENSG00000184571	DEL	canonical_CDS_exon_deletion	0.003102	2	1	0	1	0	1	0	1	0
PKD1	16	ENSG00000008710	DEL	canonical_CDS_exon_deletion	0.04395	18	1	1	1	1	1	1	1	1
PKD1L1	7	ENSG00000158683	DEL	canonical_CDS_exon_deletion	0.000517	0	0	1	0	0	1	0	0	0
PKD1L2	16	ENSG00000166473	INS	insertion_in_CDS_exon	0.000517	0	0	0	0	0	0	0	0	0
PKDCC	2	ENSG00000162878	INS	insertion_in_CDS_exon	0.003102	0	0	0	0	0	0	0	0	0
PKHD1	6	ENSG00000170927	DEL	canonical_CDS_exon_deletion	0.033609	22	1	1	1	1	1	1	1	1
PKHD1L1	8	ENSG00000205038	DEL	canonical_CDS_exon_deletion	0.000517	0	0	1	1	0	1	0	0	1
PKIB	6	ENSG00000135549	DEL	CDS_deletion_15%_of_canonical	0.011375	1	1	1	0	0	1	1	1	0
PKN3	9	ENSG00000160447	COMPLEX	complex_deletion_in_CDS	0.004654	0	1	1	1	1	1	0	0	0
PKNOX1	21	ENSG00000160199	DEL	canonical_CDS_exon_deletion	0.002068	2	1	0	1	0	1	0	1	0
PKP2	12	ENSG00000057294	DEL	canonical_CDS_exon_deletion	0.001551	1	0	0	0	0	1	0	1	1
PKP4	2	ENSG00000144283	DEL	canonical_CDS_exon_deletion	0.004654	1	1	0	0	1	1	0	1	1
PLA2G15	16	ENSG00000103066	INS	insertion_in_CDS_exon	0.001551	0	0	0	0	0	0	0	0	0
PLA2G4A	1	ENSG00000116711	DEL	CDS_deletion_16%_of_canonical	0.008273	2	1	1	0	0	1	0	1	0
PLA2G4B	15	ENSG00000243708	DEL	canonical_CDS_exon_deletion	0.000517	0	1	0	0	0	1	0	0	0
PLA2G4C	19	ENSG00000105499	COMPLEX	complex_deletion_in_CDS	0.001034	0	0	0	1	0	1	0	1	1
PLA2G7	6	ENSG00000146070	DEL	CDS_deletion_12%_of_canonical	0.001034	0	1	0	1	0	1	0	0	0
PLA2R1	2	ENSG00000153246	DEL	canonical_CDS_exon_deletion	0.002068	0	0	0	0	0	1	0	0	1
PLAA	9	ENSG00000137055	DEL	CDS_deletion_11%_of_canonical	0.000517	0	0	0	0	1	1	0	0	0
PLAUR	19	ENSG00000011422	DEL	canonical_CDS_exon_deletion	0.940538	857	1	1	1	1	1	1	1	1
PLB1	2	ENSG00000163803	DEL	canonical_CDS_exon_deletion	0.012927	0	0	1	0	1	1	1	0	0
PLBD2	12	ENSG00000151176	DEL	canonical_CDS_exon_deletion	0.001551	0	1	0	0	0	1	0	0	1
PLCB2	15	ENSG00000137841	INS	insertion_in_CDS_exon	0.002068	1	0	0	0	0	0	0	0	0
PLCD3	17	ENSG00000161714	INS	insertion_in_CDS_exon	0.007756	0	0	0	0	0	0	0	0	0
PLCG2	16	ENSG00000197943	DEL	canonical_CDS_exon_deletion	0.001034	1	0	0	0	0	1	0	1	1
PLCH1	3	ENSG00000114805	DEL	canonical_CDS_exon_deletion	0.001034	1	1	0	0	0	1	0	1	0
PLCH2	1	ENSG00000149527	DEL	canonical_CDS_exon_deletion	0.071355	5	1	1	1	1	1	1	1	1
PLCL1	2	ENSG00000115896	COMPLEX	complex_over_CDS	0.000517	0	0	0	0	0	0	0	0	0
PLCXD1	X	ENSG00000182378	DEL	CDS_deletion_13%_of_canonical	0.724405	541	1	1	1	1	1	1	1	1
PLCZ1	12	ENSG00000139151	DEL	CDS_deletion_24%_of_canonical	0.000517	0	0	0	1	0	1	0	0	0
PLD2	17	ENSG00000129219	DEL	CDS_deletion_16%_of_canonical	0.002068	0	0	0	1	0	1	0	0	1
PLD5	1	ENSG00000180287	DEL	CDS_deletion_11%_of_canonical	0.001034	1	0	0	0	1	1	0	1	0
PLEC	8	ENSG00000178209	DEL	canonical_CDS_exon_deletion	0.510341	379	1	1	1	1	1	1	1	1
PLEKHA7	11	ENSG00000166689	DEL	canonical_CDS_exon_deletion	0.000517	0	0	0	0	0	1	0	0	1
PLEKHD1	14	ENSG00000175985	DEL	CDS_deletion_21%_of_canonical	0.02999	5	1	1	0	0	1	1	1	0
PLEKHG1	6	ENSG00000120278	COMPLEX	complex_deletion_in_CDS	0.000517	0	0	1	0	0	1	0	0	0
PLEKHG2	19	ENSG00000090924	DEL	canonical_CDS_exon_deletion	0.000517	0	0	1	0	0	1	0	0	0
PLEKHG4B	5	ENSG00000153404	COMPLEX	complex_deletion_in_CDS	0.248707	133	1	1	1	1	1	1	1	1
PLEKHG6	12	ENSG00000008323	DEL	canonical_CDS_exon_deletion	0.076008	13	1	1	1	1	1	1	1	1
PLEKHN1	1	ENSG00000187583	DEL	canonical_CDS_exon_deletion	0.002585	0	1	1	0	0	1	0	0	1
PLEKHO1	1	ENSG00000023902	DEL	canonical_CDS_exon_deletion	0.000517	0	0	0	0	0	1	0	0	1
PLG	6	ENSG00000122194	COMPLEX	complex_deletion_in_CDS	0.001034	0	0	1	0	0	1	0	0	1
PLIN3	19	ENSG00000105355	COMPLEX	complex_deletion_in_CDS	0.000517	0	0	0	0	1	1	0	0	0
PLK3	1	ENSG00000173846	INS	insertion_in_CDS_exon	0.000517	0	0	0	0	0	0	0	0	0
PLOD1	1	ENSG00000083444	INS	insertion_in_CDS_exon	0.002068	0	0	0	0	0	0	0	0	0
PLPP4	10	ENSG00000203805	COMPLEX	complex_deletion_in_CDS	0.022234	2	1	1	1	1	1	1	1	1
PLPPR3	19	ENSG00000129951	DEL	CDS_deletion_32%_of_canonical	0.004136	2	1	0	1	0	1	0	1	1
PLS1	3	ENSG00000120756	DEL	CDS_deletion_10%_of_canonical	0.000517	0	1	0	0	0	1	0	0	0
PLXDC1	17	ENSG00000161381	DEL	CDS_deletion_30%_of_canonical	0.002068	0	1	0	1	0	1	0	0	0
PLXDC2	10	ENSG00000120594	INS	insertion_in_CDS_exon	0.010341	0	0	0	0	0	0	0	0	0
PLXNB2	22	ENSG00000196576	DEL	canonical_CDS_exon_deletion	0.321096	112	1	1	1	1	1	1	1	1
PMEPA1	20	ENSG00000124225	DEL	CDS_deletion_13%_of_canonical	0.001034	1	0	0	0	0	1	0	1	1
PML	15	ENSG00000140464	DEL	canonical_CDS_exon_deletion	0.000517	0	0	0	0	0	1	0	0	1
PMPCA	9	ENSG00000165688	DEL	canonical_CDS_exon_deletion	0.001034	0	1	0	0	0	1	0	0	0
PMS1	2	ENSG00000064933	DEL	canonical_CDS_exon_deletion	0.003102	2	1	0	1	0	1	0	1	0
PNLDC1	6	ENSG00000146453	DEL	canonical_CDS_exon_deletion	0.350052	126	1	1	1	1	1	1	1	1
PNMA2	8	ENSG00000240694	COMPLEX	complex_deletion_in_CDS	0.000517	0	0	1	0	0	1	0	0	0
PNMA8A	19	ENSG00000182013	DEL	canonical_CDS_exon_deletion	0.000517	0	0	0	0	0	1	0	0	1
PNMA8B	19	ENSG00000204851	COMPLEX	complex_over_CDS	0.000517	0	0	0	0	0	0	0	0	0
PNMT	17	ENSG00000141744	DEL	CDS_deletion_10%_of_canonical	0.212513	45	1	1	1	1	1	1	1	1
PNN	14	ENSG00000100941	DEL	CDS_deletion_23%_of_canonical	0.000517	0	0	0	0	0	1	0	0	1
PNPLA5	22	ENSG00000100341	COMPLEX	complex_deletion_in_CDS	0.000517	0	0	0	0	0	1	0	0	0
PNPLA6	19	ENSG00000032444	INS	insertion_in_CDS_exon	0.000517	0	0	0	0	0	0	0	0	0
PNPLA7	9	ENSG00000130653	INS	insertion_in_CDS_exon	0.083764	5	0	0	0	0	0	0	0	0
POGLUT3	11	ENSG00000178202	DEL	canonical_CDS_exon_deletion	0.000517	0	1	0	0	0	1	0	0	0
POGZ	1	ENSG00000143442	DEL	canonical_CDS_exon_deletion	0.111686	62	1	1	1	1	1	1	1	1
POLB	8	ENSG00000070501	DEL	CDS_deletion_28%_of_canonical	0.001034	0	0	0	0	0	1	0	0	1
POLD1	19	ENSG00000062822	INS	insertion_in_CDS_exon	0.001551	0	0	0	0	0	0	0	0	0
POLDIP3	22	ENSG00000100227	DEL	canonical_CDS_exon_deletion	0.60031	352	1	1	1	1	1	1	1	1
POLE	12	ENSG00000177084	DEL	canonical_CDS_exon_deletion	0.210962	143	1	1	1	1	1	1	1	1
POLE3	9	ENSG00000148229	DEL	canonical_CDS_exon_deletion	0.001034	0	1	0	0	0	1	0	0	0
POLR1B	2	ENSG00000125630	DEL	canonical_CDS_exon_deletion	0.006722	0	1	1	1	0	1	0	0	1
POLR2A	17	ENSG00000181222	DEL	canonical_CDS_exon_deletion	0.000517	0	0	0	0	1	1	0	0	0
POLR2K	8	ENSG00000147669	DEL	whole_gene_CDS_deletion	0.000517	0	0	1	0	0	1	0	0	0
POLR3E	16	ENSG00000058600	COMPLEX	complex_over_CDS	1.0	967	0	0	0	0	0	0	0	0
POLRMT	19	ENSG00000099821	COMPLEX	complex_deletion_in_CDS	0.648397	486	1	1	1	1	1	1	1	1
POM121	7	ENSG00000196313	DEL	canonical_CDS_exon_deletion	0.000517	0	0	0	1	0	1	0	0	0
POM121L2	6	ENSG00000158553	COMPLEX	complex_deletion_in_CDS	0.686143	473	1	1	1	1	1	1	1	1
POMGNT1	1	ENSG00000085998	DEL	canonical_CDS_exon_deletion	0.00879	0	1	1	1	1	1	0	0	1
POMT1	9	ENSG00000130714	DEL	canonical_CDS_exon_deletion	0.018614	2	1	1	0	0	1	1	1	1
POR	7	ENSG00000127948	DEL	CDS_deletion_12%_of_canonical	0.001551	0	0	0	1	0	1	0	0	0
POT1	7	ENSG00000128513	DEL	CDS_deletion_15%_of_canonical	0.000517	0	0	0	0	1	1	0	0	0
POTEA	8	ENSG00000188877	DEL	canonical_CDS_exon_deletion	0.047053	3	1	1	1	1	1	1	1	1
POTEB	15	ENSG00000233917	DEL	CDS_deletion_24%_of_canonical	0.006722	0	1	1	0	1	1	0	0	1
POTEB2	15	ENSG00000230031	COMPLEX	complex_deletion_in_CDS	0.016546	0	1	1	1	1	1	1	0	1
POTEB3	15	ENSG00000278522	DEL	canonical_CDS_exon_deletion	0.193899	73	1	1	1	1	1	1	1	1
POTEC	18	ENSG00000183206	DEL	CDS_deletion_33%_of_canonical	0.008273	1	1	0	0	0	1	0	1	0
POTED	21	ENSG00000166351	DEL	CDS_deletion_30%_of_canonical	0.004136	0	1	1	0	0	1	0	0	0
POTEE	2	ENSG00000188219	DEL	canonical_CDS_exon_deletion	0.009307	1	0	0	1	0	1	0	1	1
POTEF	2	ENSG00000196604	DEL	canonical_CDS_exon_deletion	0.027404	22	1	1	0	0	1	1	1	1
POTEI	2	ENSG00000196834	DEL	CDS_deletion_54%_of_canonical	0.016546	6	1	1	1	1	1	1	1	1
POTEJ	2	ENSG00000222038	DEL	canonical_CDS_exon_deletion	0.405895	142	1	1	1	1	1	1	1	1
POTEM	14	ENSG00000222036	DEL	canonical_CDS_exon_deletion	0.000517	0	1	0	0	0	1	0	0	0
POU2AF3	11	ENSG00000214290	DEL	CDS_deletion_13%_of_canonical	0.001034	0	0	0	1	0	1	0	0	0
POU3F1	1	ENSG00000185668	DEL	CDS_deletion_90%_of_canonical	0.005688	0	1	1	0	0	1	0	0	1
POU4F1	13	ENSG00000152192	COMPLEX	complex_deletion_in_CDS	0.004136	0	1	0	0	0	1	0	0	0
POU5F2	5	ENSG00000248483	DEL	whole_gene_CDS_deletion	0.007756	0	1	0	1	0	1	0	0	1
PP2D1	3	ENSG00000183977	DEL	CDS_deletion_14%_of_canonical	0.153051	24	1	1	1	1	1	1	1	1
PPA2	4	ENSG00000138777	DEL	CDS_deletion_43%_of_canonical	0.001034	1	0	0	0	0	1	0	1	1
PPAN	19	ENSG00000130810	DEL	CDS_deletion_27%_of_canonical	0.000517	0	1	0	0	0	1	0	0	0
PPAN-P2RY11	19	ENSG00000243207	DEL	CDS_deletion_16%_of_canonical	0.000517	0	1	0	0	0	1	0	0	0
PPFIA3	19	ENSG00000177380	DEL	canonical_CDS_exon_deletion	0.175801	42	1	1	1	1	1	1	1	1
PPFIA4	1	ENSG00000143847	DEL	CDS_deletion_32%_of_canonical	0.000517	0	0	0	1	0	1	0	0	0
PPFIBP1	12	ENSG00000110841	DEL	canonical_CDS_exon_deletion	0.000517	0	0	1	0	0	1	0	0	0
PPFIBP2	11	ENSG00000166387	DEL	canonical_CDS_exon_deletion	0.02637	0	1	1	0	1	1	1	0	1
PPID	4	ENSG00000171497	DEL	canonical_CDS_exon_deletion	0.001034	0	0	0	0	0	1	0	0	1
PPIE	1	ENSG00000084072	COMPLEX	complex_over_CDS	0.002068	0	0	0	0	0	0	0	0	0
PPIL1	6	ENSG00000137168	COMPLEX	complex_over_CDS	0.001551	0	0	0	0	0	0	0	0	0
PPIL2	22	ENSG00000100023	DEL	canonical_CDS_exon_deletion	0.006205	0	1	1	1	1	1	0	0	0
PPM1L	3	ENSG00000163590	COMPLEX	complex_deletion_in_CDS	0.000517	0	0	0	1	0	1	0	0	0
PPP1R12B	1	ENSG00000077157	DEL	canonical_CDS_exon_deletion	0.001034	0	0	0	0	0	1	0	0	1
PPP1R12C	19	ENSG00000125503	DEL	CDS_deletion_11%_of_canonical	0.000517	0	1	0	0	0	1	0	0	0
PPP1R16A	8	ENSG00000160972	DEL	CDS_deletion_24%_of_canonical	0.006722	1	1	0	0	0	1	0	1	0
PPP1R1A	12	ENSG00000135447	DEL	CDS_deletion_30%_of_canonical	0.001551	0	0	0	0	0	1	0	0	1
PPP1R2	3	ENSG00000184203	DEL	CDS_deletion_19%_of_canonical	0.006722	1	1	1	0	1	1	0	1	0
PPP1R32	11	ENSG00000162148	COMPLEX	complex_deletion_in_CDS	0.001034	0	0	0	1	0	1	0	0	0
PPP1R3B	8	ENSG00000173281	COMPLEX	complex_over_CDS	0.017063	1	0	0	0	0	0	0	0	0
PPP1R3E	14	ENSG00000235194	INS	insertion_in_CDS_exon	0.002068	0	0	0	0	0	0	0	0	0
PPP1R8	1	ENSG00000117751	DEL	canonical_CDS_exon_deletion	0.021717	1	1	0	0	0	1	1	1	0
PPP1R9B	17	ENSG00000108819	DEL	canonical_CDS_exon_deletion	0.001034	0	0	0	0	0	1	0	0	1
PPP2CA	5	ENSG00000113575	DEL	CDS_deletion_11%_of_canonical	0.001034	1	0	0	0	0	1	0	1	1
PPP2R1A	19	ENSG00000105568	DEL	canonical_CDS_exon_deletion	0.001551	1	1	0	0	0	1	0	1	0
PPP2R2A	8	ENSG00000221914	INS	insertion_in_CDS_exon	0.054292	16	0	0	0	0	0	0	0	0
PPP2R2D	10	ENSG00000175470	INS	insertion_in_CDS_exon	0.219752	55	0	0	0	0	0	0	0	0
PPP2R3A	3	ENSG00000073711	DEL	canonical_CDS_exon_deletion	0.003102	1	1	0	0	0	1	0	1	0
PPP2R3B	X	ENSG00000167393	DEL	CDS_deletion_14%_of_canonical	0.489627	283	1	1	1	1	1	1	1	1
PPP3CA	4	ENSG00000138814	COMPLEX	complex_over_CDS	0.000517	0	0	0	0	0	0	0	0	0
PPP4R1	18	ENSG00000154845	DEL	canonical_CDS_exon_deletion	0.000517	0	0	0	0	0	1	0	0	1
PPP4R3A	14	ENSG00000100796	COMPLEX	complex_deletion_in_CDS	0.000517	0	1	0	0	0	1	0	0	0
PPP6C	9	ENSG00000119414	COMPLEX	complex_deletion_in_CDS	0.04757	7	1	1	1	1	1	1	1	1
PPP6R1	19	ENSG00000105063	DEL	CDS_deletion_25%_of_canonical	0.001034	0	1	0	0	0	1	0	0	0
PPP6R2	22	ENSG00000100239	DEL	canonical_CDS_exon_deletion	0.000517	0	1	0	0	0	1	0	0	0
PPRC1	10	ENSG00000148840	DEL	canonical_CDS_exon_deletion	0.000517	0	0	0	0	1	1	0	0	0
PRADC1	2	ENSG00000135617	COMPLEX	complex_deletion_in_CDS	0.000517	0	0	0	0	0	1	0	0	1
PRAG1	8	ENSG00000275342	COMPLEX	complex_deletion_in_CDS	0.027921	25	1	1	1	1	1	1	1	1
PRAMEF1	1	ENSG00000116721	DEL	CDS_deletion_75%_of_canonical	0.004136	2	1	0	0	0	1	0	1	0
PRAMEF11	1	ENSG00000239810	DEL	CDS_deletion_11%_of_canonical	0.104964	14	1	1	1	1	1	1	1	1
PRAMEF12	1	ENSG00000116726	INS	insertion_in_CDS_exon	0.000517	0	0	0	0	0	0	0	0	0
PRAMEF14	1	ENSG00000204481	DEL	CDS_deletion_39%_of_canonical	0.000517	0	0	0	0	0	1	0	0	1
PRAMEF2	1	ENSG00000120952	INS	insertion_in_CDS_exon	0.000517	0	0	0	0	0	0	0	0	0
PRAMEF8	1	ENSG00000182330	DEL	CDS_deletion_39%_of_canonical	0.019131	5	1	1	0	0	1	1	1	0
PRB4	12	ENSG00000230657	INS	insertion_in_CDS_exon	0.000517	0	0	0	0	0	0	0	0	0
PRC1	15	ENSG00000198901	COMPLEX	complex_over_CDS	0.000517	0	0	0	0	0	0	0	0	0
PRDM16	1	ENSG00000142611	DEL	canonical_CDS_exon_deletion	1.0	967	1	1	1	1	1	1	1	1
PRDM6	5	ENSG00000061455	DEL	canonical_CDS_exon_deletion	0.000517	0	1	0	0	0	1	0	0	0
PRDM7	16	ENSG00000126856	DEL	whole_gene_CDS_deletion	0.016546	10	1	1	1	1	1	1	1	1
PRDM8	4	ENSG00000152784	DEL	CDS_deletion_88%_of_canonical	0.008273	3	1	1	0	1	1	0	1	0
PRDX1	1	ENSG00000117450	DEL	CDS_deletion_25%_of_canonical	0.000517	0	0	0	1	0	1	0	0	0
PREX2	8	ENSG00000046889	COMPLEX	complex_deletion_in_CDS	0.01758	0	1	1	0	0	1	1	0	0
PRH1	12	ENSG00000231887	DEL	CDS_deletion_82%_of_canonical	0.000517	0	0	0	0	0	1	0	0	1
PRH2	12	ENSG00000134551	COMPLEX	complex_deletion_in_CDS	0.032575	3	1	1	0	1	1	1	1	1
PRIM1	12	ENSG00000198056	COMPLEX	complex_deletion_in_CDS	0.006205	0	1	1	1	1	1	0	0	1
PRIM2	6	ENSG00000146143	DEL	CDS_deletion_15%_of_canonical	0.2394	145	1	1	1	1	1	1	1	1
PRKAA2	1	ENSG00000162409	INS	insertion_in_CDS_exon	0.000517	0	0	0	0	0	0	0	0	0
PRKAG3	2	ENSG00000115592	DEL	canonical_CDS_exon_deletion	0.001034	0	0	0	1	0	1	0	0	0
PRKAR1A	17	ENSG00000108946	DEL	CDS_deletion_44%_of_canonical	0.000517	0	0	0	0	0	1	0	0	1
PRKAR1B	7	ENSG00000188191	DEL	canonical_CDS_exon_deletion	0.310238	172	1	1	1	1	1	1	1	1
PRKCSH	19	ENSG00000130175	DEL	CDS_deletion_63%_of_canonical	0.001034	1	0	1	0	0	1	0	1	0
PRKCZ	1	ENSG00000067606	COMPLEX	complex_deletion_in_CDS	0.01758	3	1	1	1	1	1	1	1	1
PRKD1	14	ENSG00000184304	INS	insertion_in_CDS_exon	0.000517	0	0	0	0	0	0	0	0	0
PRKD3	2	ENSG00000115825	DEL	canonical_CDS_exon_deletion	0.014995	0	1	1	1	1	1	1	0	1
PRKG1	10	ENSG00000185532	COMPLEX	complex_deletion_in_CDS	0.008273	3	0	1	1	1	1	0	1	1
PRLHR	10	ENSG00000119973	DEL	canonical_CDS_exon_deletion	0.001551	0	0	1	0	0	1	0	0	0
PRMT9	4	ENSG00000164169	COMPLEX	complex_deletion_in_CDS	0.001551	1	1	0	1	0	1	0	1	0
PROM1	4	ENSG00000007062	DEL	canonical_CDS_exon_deletion	0.74302	543	1	1	1	1	1	1	1	1
PROSER3	19	ENSG00000167595	COMPLEX	complex_over_CDS	0.000517	0	0	0	0	0	0	0	0	0
PRPF19	11	ENSG00000110107	DEL	canonical_CDS_exon_deletion	0.005688	0	1	1	1	0	1	0	0	1
PRPF38B	1	ENSG00000134186	COMPLEX	complex_over_CDS	0.262151	91	0	0	0	0	0	0	0	0
PRPF4	9	ENSG00000136875	DEL	CDS_deletion_25%_of_canonical	0.019131	1	1	1	0	1	1	1	1	1
PRPF8	17	ENSG00000174231	DEL	canonical_CDS_exon_deletion	0.002068	0	0	1	0	0	1	0	0	1
PRR12	19	ENSG00000126464	DEL	CDS_deletion_57%_of_canonical	0.001551	0	0	1	1	0	1	0	0	1
PRR22	19	ENSG00000212123	DEL	CDS_deletion_21%_of_canonical	0.004136	0	1	0	1	1	1	0	0	1
PRR33	11	ENSG00000283787	DEL	canonical_CDS_exon_deletion	0.462254	258	1	1	1	1	1	1	1	1
PRR36	19	ENSG00000183248	DEL	canonical_CDS_exon_deletion	0.60031	362	1	1	1	1	1	1	1	1
PRR4	12	ENSG00000111215	DEL	whole_gene_CDS_deletion	0.000517	0	0	0	1	0	1	0	0	0
PRR5-ARHGAP8	22	ENSG00000248405	DEL	canonical_CDS_exon_deletion	0.557394	344	1	1	1	1	1	1	1	1
PRRC1	5	ENSG00000164244	DEL	CDS_deletion_46%_of_canonical	0.000517	0	1	0	0	0	1	0	0	0
PRRC2C	1	ENSG00000117523	INS	insertion_in_CDS_exon	0.002585	0	0	0	0	0	0	0	0	0
PRRG2	19	ENSG00000126460	COMPLEX	complex_deletion_in_CDS	0.001551	0	0	1	1	0	1	0	0	1
PRRT4	7	ENSG00000224940	DEL	CDS_deletion_67%_of_canonical	0.000517	0	0	0	0	0	1	0	0	1
PRSS12	4	ENSG00000164099	DEL	canonical_CDS_exon_deletion	0.398139	148	1	1	1	1	1	1	1	1
PRSS22	16	ENSG00000005001	COMPLEX	complex_deletion_in_CDS	0.107549	14	1	1	1	1	1	1	1	1
PRSS27	16	ENSG00000172382	DEL	CDS_deletion_42%_of_canonical	0.000517	0	0	0	0	0	1	0	0	0
PRSS37	7	ENSG00000165076	DEL	CDS_deletion_18%_of_canonical	0.000517	0	1	0	0	0	1	0	0	0
PRSS48	4	ENSG00000189099	COMPLEX	complex_deletion_in_CDS	0.002585	0	0	1	0	1	1	0	0	0
PRTFDC1	10	ENSG00000099256	DEL	canonical_CDS_exon_deletion	0.000517	0	0	0	1	0	1	0	0	0
PRTG	15	ENSG00000166450	DEL	canonical_CDS_exon_deletion	0.005688	0	1	1	0	0	1	0	0	1
PRTN3	19	ENSG00000196415	COMPLEX	complex_deletion_in_CDS	0.099793	2	1	1	1	1	1	1	1	1
PRUNE2	9	ENSG00000106772	DEL	canonical_CDS_exon_deletion	0.005171	3	1	0	0	0	1	0	1	0
PSCA	8	ENSG00000167653	DEL	CDS_deletion_61%_of_canonical	0.679938	477	1	1	1	1	1	1	1	1
PSG3	19	ENSG00000221826	DEL	canonical_CDS_exon_deletion	0.001551	0	1	0	1	1	1	0	0	0
PSG5	19	ENSG00000204941	DEL	CDS_deletion_24%_of_canonical	0.001034	1	0	0	1	0	1	0	1	0
PSG7	19	ENSG00000221878	DEL	CDS_deletion_22%_of_canonical	0.363495	189	1	1	1	1	1	1	1	1
PSMA7	20	ENSG00000101182	DEL	canonical_CDS_exon_deletion	0.071872	11	1	1	1	1	1	1	1	1
PSMB1	6	ENSG00000008018	DEL	CDS_deletion_15%_of_canonical	0.012927	9	1	1	1	1	1	1	1	1
PSMC2	7	ENSG00000161057	DEL	CDS_deletion_20%_of_canonical	0.002068	0	0	0	0	0	1	0	0	1
PSMC3IP	17	ENSG00000131470	INS	insertion_in_CDS_exon	0.003102	0	0	0	0	0	0	0	0	0
PSMD13	11	ENSG00000185627	COMPLEX	complex_deletion_in_CDS	0.339193	156	1	1	1	1	1	1	1	1
PSMD3	17	ENSG00000108344	DEL	CDS_deletion_24%_of_canonical	0.001034	0	0	0	1	0	1	0	0	0
PSMD4	1	ENSG00000159352	INS	insertion_in_CDS_exon	0.002068	0	0	0	0	0	0	0	0	0
PSME4	2	ENSG00000068878	DEL	canonical_CDS_exon_deletion	0.001034	0	0	0	0	1	1	0	0	0
PSMF1	20	ENSG00000125818	DEL	CDS_deletion_16%_of_canonical	0.000517	0	1	0	0	0	1	0	0	0
PSMG2	18	ENSG00000128789	INS	insertion_in_CDS_exon	0.006722	0	0	0	0	0	0	0	0	0
PSMG3	7	ENSG00000157778	DEL	CDS_deletion_41%_of_canonical	0.003619	0	1	1	0	1	1	0	0	1
PSPC1	13	ENSG00000121390	DEL	canonical_CDS_exon_deletion	0.006205	1	1	1	0	0	1	0	1	0
PSTK	10	ENSG00000179988	DEL	canonical_CDS_exon_deletion	0.002068	0	1	0	0	0	1	0	0	0
PTBP1	19	ENSG00000011304	DEL	canonical_CDS_exon_deletion	0.008273	1	1	0	0	1	1	0	1	1
PTDSS2	11	ENSG00000174915	DEL	canonical_CDS_exon_deletion	0.000517	0	0	0	0	1	1	0	0	0
PTGES3L-AARSD1	17	ENSG00000108825	DEL	canonical_CDS_exon_deletion	0.000517	0	0	0	1	0	1	0	0	0
PTGFR	1	ENSG00000122420	DEL	CDS_deletion_74%_of_canonical	0.000517	0	1	1	0	0	1	0	0	0
PTGR1	9	ENSG00000106853	DEL	CDS_deletion_11%_of_canonical	0.000517	0	0	0	0	0	1	0	0	0
PTH2	19	ENSG00000142538	DEL	CDS_deletion_57%_of_canonical	0.000517	0	0	1	0	0	1	0	0	0
PTK2B	8	ENSG00000120899	DEL	canonical_CDS_exon_deletion	0.005688	0	1	1	1	0	1	0	0	1
PTK7	6	ENSG00000112655	INS	insertion_in_CDS_exon	0.000517	0	0	0	0	0	0	0	0	0
PTOV1	19	ENSG00000104960	DEL	CDS_deletion_17%_of_canonical	0.004654	4	1	1	0	1	1	0	1	1
PTPA	9	ENSG00000119383	DEL	CDS_deletion_12%_of_canonical	0.001551	0	1	0	1	0	1	0	0	0
PTPDC1	9	ENSG00000158079	DEL	CDS_deletion_25%_of_canonical	0.436401	209	1	1	1	1	1	1	1	1
PTPN2	18	ENSG00000175354	COMPLEX	complex_deletion_in_CDS	0.003619	3	1	1	1	0	1	0	1	0
PTPN20	10	ENSG00000204179	INS	insertion_in_CDS_exon	0.001551	0	0	0	0	0	0	0	0	0
PTPN3	9	ENSG00000070159	DEL	canonical_CDS_exon_deletion	0.000517	0	0	1	0	0	1	0	0	0
PTPN5	11	ENSG00000110786	DEL	CDS_deletion_37%_of_canonical	0.000517	0	0	0	0	0	1	0	0	0
PTPN7	1	ENSG00000143851	INS	insertion_in_CDS_exon	0.000517	0	0	0	0	0	0	0	0	0
PTPN9	15	ENSG00000169410	DEL	canonical_CDS_exon_deletion	0.079628	14	1	1	1	1	1	1	1	1
PTPRD	9	ENSG00000153707	DEL	canonical_CDS_exon_deletion	0.000517	0	0	0	1	0	1	0	0	0
PTPRF	1	ENSG00000142949	INS	insertion_in_CDS_exon	0.000517	0	0	0	0	0	0	0	0	0
PTPRG	3	ENSG00000144724	DEL	canonical_CDS_exon_deletion	0.000517	0	1	1	0	0	1	0	0	0
PTPRK	6	ENSG00000152894	INS	insertion_in_CDS_exon	0.028956	3	0	0	0	0	0	0	0	0
PTPRQ	12	ENSG00000139304	DEL	CDS_deletion_21%_of_canonical	0.001034	1	0	1	1	0	1	0	1	0
PTPRT	20	ENSG00000196090	COMPLEX	complex_deletion_in_CDS	0.005171	0	1	0	1	1	1	0	0	1
PTPRZ1	7	ENSG00000106278	DEL	canonical_CDS_exon_deletion	0.001551	0	0	0	0	1	1	0	0	0
PTRH2	17	ENSG00000141378	DEL	whole_gene_CDS_deletion	0.001551	0	0	0	0	0	1	0	0	1
PTTG1	5	ENSG00000164611	DEL	CDS_deletion_16%_of_canonical	0.001551	1	1	0	0	0	1	0	1	1
PTTG1IP2	7	ENSG00000251154	COMPLEX	complex_deletion_in_CDS	0.004136	1	1	0	0	1	1	0	1	1
PUF60	8	ENSG00000179950	DEL	canonical_CDS_exon_deletion	0.076525	13	1	1	1	1	1	1	1	1
PUM1	1	ENSG00000134644	DEL	canonical_CDS_exon_deletion	0.000517	0	1	0	0	0	1	0	0	0
PUM2	2	ENSG00000055917	COMPLEX	complex_over_CDS	0.000517	0	0	0	0	0	0	0	0	0
PURG	8	ENSG00000172733	DEL	canonical_CDS_exon_deletion	0.004654	0	1	1	0	0	1	0	0	1
PWP2	21	ENSG00000241945	DEL	canonical_CDS_exon_deletion	0.379007	172	1	1	1	1	1	1	1	1
PWWP3A	19	ENSG00000160953	DEL	canonical_CDS_exon_deletion	0.004654	0	1	1	1	0	1	0	0	1
PXDN	2	ENSG00000130508	DEL	canonical_CDS_exon_deletion	0.697001	474	1	1	1	1	1	1	1	1
PXDNL	8	ENSG00000147485	DEL	canonical_CDS_exon_deletion	0.001034	0	1	1	0	0	1	0	0	0
PXK	3	ENSG00000168297	COMPLEX	complex_deletion_in_CDS	0.005688	0	0	1	1	1	1	0	0	1
PXMP4	20	ENSG00000101417	DEL	canonical_CDS_exon_deletion	0.002068	0	1	0	1	0	1	0	0	1
PXT1	6	ENSG00000179165	INS	insertion_in_CDS_exon	0.000517	0	0	0	0	0	0	0	0	0
PYGL	14	ENSG00000100504	DEL	CDS_deletion_66%_of_canonical	0.001551	0	0	0	1	1	1	0	0	0
PYURF	4	ENSG00000145337	DEL	whole_gene_CDS_deletion	0.001034	0	0	1	0	1	1	0	0	0
PZP	12	ENSG00000126838	INS	insertion_in_CDS_exon	0.167011	154	0	0	0	0	0	0	0	0
QPRT	16	ENSG00000103485	COMPLEX	complex_deletion_in_CDS	0.001034	1	0	1	0	0	1	0	1	0
QRICH2	17	ENSG00000129646	INS	insertion_in_CDS_exon	0.001034	0	0	0	0	0	0	0	0	0
R3HCC1	8	ENSG00000104679	DEL	canonical_CDS_exon_deletion	0.010341	0	1	0	1	0	1	1	0	0
R3HCC1L	10	ENSG00000166024	DEL	canonical_CDS_exon_deletion	0.001034	0	1	0	0	0	1	0	0	0
R3HDM1	2	ENSG00000048991	DEL	canonical_CDS_exon_deletion	0.000517	0	0	0	0	0	1	0	0	1
RAB10	2	ENSG00000084733	DEL	CDS_deletion_32%_of_canonical	0.002585	0	0	0	0	0	1	0	0	1
RAB11FIP3	16	ENSG00000090565	DEL	canonical_CDS_exon_deletion	0.608066	452	1	1	1	1	1	1	1	1
RAB15	14	ENSG00000139998	INS	insertion_in_CDS_exon	0.000517	0	0	0	0	0	0	0	0	0
RAB21	12	ENSG00000080371	DEL	canonical_CDS_exon_deletion	0.347983	120	1	1	1	1	1	1	1	1
RAB2A	8	ENSG00000104388	DEL	canonical_CDS_exon_deletion	0.005171	0	1	0	1	0	1	0	0	0
RAB38	11	ENSG00000123892	DEL	CDS_deletion_44%_of_canonical	0.003102	1	0	0	0	0	1	0	1	1
RAB3GAP2	1	ENSG00000118873	COMPLEX	complex_deletion_in_CDS	0.008273	0	0	1	1	0	1	0	0	1
RAB40B	17	ENSG00000141542	DEL	CDS_deletion_17%_of_canonical	0.000517	0	1	0	0	0	1	0	0	0
RAB5A	3	ENSG00000144566	INS	insertion_in_CDS_exon	0.003102	0	0	0	0	0	0	0	0	0
RAB5IF	20	ENSG00000101084	DEL	CDS_deletion_10%_of_canonical	0.000517	0	1	0	0	0	1	0	0	0
RAB6B	3	ENSG00000154917	DEL	CDS_deletion_59%_of_canonical	0.000517	0	1	0	0	0	1	0	0	0
RAB8A	19	ENSG00000167461	DEL	CDS_deletion_25%_of_canonical	0.005171	2	1	1	0	0	1	0	1	0
RABEP2	16	ENSG00000177548	DEL	canonical_CDS_exon_deletion	0.441055	214	1	1	1	1	1	1	1	1
RABGAP1L	1	ENSG00000152061	DEL	canonical_CDS_exon_deletion	0.001034	0	0	1	0	1	1	0	0	0
RABL2A	2	ENSG00000144134	DEL	CDS_deletion_12%_of_canonical	0.001551	0	0	1	1	1	1	0	0	0
RABL2B	22	ENSG00000079974	COMPLEX	complex_deletion_in_CDS	0.001034	0	1	0	1	0	1	0	0	0
RACGAP1	12	ENSG00000161800	DEL	CDS_deletion_20%_of_canonical	0.000517	0	0	0	1	1	1	0	0	0
RAD17	5	ENSG00000152942	DEL	CDS_deletion_16%_of_canonical	0.001034	0	0	0	0	0	1	0	0	1
RAD50	5	ENSG00000113522	COMPLEX	complex_deletion_in_CDS	0.004654	0	1	1	1	0	1	0	0	0
RAD51B	14	ENSG00000182185	DEL	CDS_deletion_11%_of_canonical	0.001034	0	1	0	0	0	1	0	0	0
RAD54L2	3	ENSG00000164080	DEL	canonical_CDS_exon_deletion	0.035677	1	1	1	0	1	1	1	1	1
RADIL	7	ENSG00000157927	DEL	canonical_CDS_exon_deletion	0.000517	0	0	1	0	0	1	0	0	0
RAF1	3	ENSG00000132155	DEL	CDS_deletion_11%_of_canonical	0.001034	1	0	0	1	0	1	0	1	0
RAI14	5	ENSG00000039560	DEL	canonical_CDS_exon_deletion	0.000517	0	0	1	0	0	1	0	0	0
RALB	2	ENSG00000144118	DEL	CDS_deletion_18%_of_canonical	0.032058	13	1	1	1	0	1	1	1	1
RALGAPA1	14	ENSG00000174373	DEL	canonical_CDS_exon_deletion	0.000517	0	0	0	0	0	1	0	0	1
RALGAPB	20	ENSG00000170471	COMPLEX	complex_over_CDS	0.000517	0	0	0	0	0	0	0	0	0
RALGPS2	1	ENSG00000116191	COMPLEX	complex_over_CDS	0.000517	0	0	0	0	0	0	0	0	0
RANBP17	5	ENSG00000204764	DEL	canonical_CDS_exon_deletion	0.449328	260	1	1	1	1	1	1	1	1
RAP1GAP	1	ENSG00000076864	DEL	CDS_deletion_14%_of_canonical	0.004654	2	1	0	0	0	1	0	1	1
RAP1GDS1	4	ENSG00000138698	DEL	canonical_CDS_exon_deletion	0.001034	0	0	1	0	0	1	0	0	1
RAPGEF2	4	ENSG00000109756	DEL	canonical_CDS_exon_deletion	0.0212	1	1	1	1	0	1	1	1	1
RAPGEF4	2	ENSG00000091428	DEL	canonical_CDS_exon_deletion	0.000517	0	0	0	0	1	1	0	0	0
RAPGEF5	7	ENSG00000136237	DEL	canonical_CDS_exon_deletion	0.001551	0	0	0	1	0	1	0	0	0
RAPGEF6	5	ENSG00000158987	DEL	canonical_CDS_exon_deletion	0.001551	1	0	0	1	0	1	0	1	0
RARRES2	7	ENSG00000106538	DEL	CDS_deletion_43%_of_canonical	0.001551	0	0	0	0	1	1	0	0	0
RASA2	3	ENSG00000155903	DEL	canonical_CDS_exon_deletion	0.000517	0	0	0	0	0	1	0	0	1
RASAL3	19	ENSG00000105122	INS	insertion_in_CDS_exon	0.004136	0	0	0	0	0	0	0	0	0
RASGEF1A	10	ENSG00000198915	COMPLEX	complex_deletion_in_CDS	0.582213	343	1	1	1	1	1	1	1	1
RASGRF1	15	ENSG00000058335	COMPLEX	complex_over_CDS	0.000517	0	0	0	0	0	0	0	0	0
RASGRF2	5	ENSG00000113319	DEL	canonical_CDS_exon_deletion	0.007239	0	1	0	0	0	1	0	0	1
RASGRP3	2	ENSG00000152689	DEL	CDS_deletion_11%_of_canonical	0.001034	1	0	0	1	1	1	0	1	0
RASL10B	17	ENSG00000270885	DEL	CDS_deletion_65%_of_canonical	0.001551	0	1	1	0	1	1	0	0	0
RASSF1	3	ENSG00000068028	DEL	CDS_deletion_18%_of_canonical	0.029473	2	1	1	1	1	1	1	1	1
RASSF2	20	ENSG00000101265	DEL	CDS_deletion_18%_of_canonical	0.000517	0	0	0	1	0	1	0	0	0
RASSF3	12	ENSG00000153179	COMPLEX	complex_deletion_in_CDS	0.002585	2	1	0	0	0	1	0	1	1
RASSF4	10	ENSG00000107551	DEL	canonical_CDS_exon_deletion	0.013961	0	0	0	1	0	1	1	0	1
RASSF5	1	ENSG00000266094	DEL	canonical_CDS_exon_deletion	0.000517	0	1	0	0	0	1	0	0	0
RAX2	19	ENSG00000173976	DEL	canonical_CDS_exon_deletion	0.001034	0	0	0	0	1	1	0	0	0
RBCK1	20	ENSG00000125826	DEL	canonical_CDS_exon_deletion	0.000517	0	0	0	1	0	1	0	0	0
RBFA	18	ENSG00000101546	COMPLEX	complex_deletion_in_CDS	0.169597	60	1	1	1	1	1	1	1	1
RBFOX3	17	ENSG00000167281	DEL	CDS_deletion_14%_of_canonical	0.000517	0	0	0	0	0	1	0	0	1
RBL1	20	ENSG00000080839	DEL	canonical_CDS_exon_deletion	0.000517	0	0	0	0	0	1	0	0	1
RBM14	11	ENSG00000239306	INS	insertion_in_CDS_exon	0.001034	0	0	0	0	0	0	0	0	0
RBM26	13	ENSG00000139746	DEL	canonical_CDS_exon_deletion	0.124612	113	1	1	1	1	1	1	1	1
RBM27	5	ENSG00000091009	COMPLEX	complex_deletion_in_CDS	0.001034	1	0	0	0	0	1	0	1	1
RBM28	7	ENSG00000106344	DEL	whole_gene_CDS_deletion	0.000517	0	0	0	0	0	1	0	0	1
RBM33	7	ENSG00000184863	DEL	CDS_deletion_18%_of_canonical	0.009307	0	1	0	0	0	1	0	0	0
RBM43	2	ENSG00000184898	DEL	CDS_deletion_20%_of_canonical	0.002068	0	1	0	0	0	1	0	0	0
RBM46	4	ENSG00000151962	COMPLEX	complex_deletion_in_CDS	0.000517	0	0	1	0	0	1	0	0	0
RBM4B	11	ENSG00000173914	DEL	canonical_CDS_exon_deletion	0.000517	0	0	0	0	0	1	0	0	1
RBM5	3	ENSG00000003756	DEL	canonical_CDS_exon_deletion	0.657187	431	1	1	1	1	1	1	1	1
RBM6	3	ENSG00000004534	DEL	canonical_CDS_exon_deletion	0.000517	0	0	0	0	0	1	0	0	1
RBP1	3	ENSG00000114115	COMPLEX	complex_deletion_in_CDS	0.007239	0	1	1	0	0	1	0	0	0
RBPJ	4	ENSG00000168214	DEL	CDS_deletion_49%_of_canonical	0.004136	1	1	0	0	0	1	0	1	0
RBX1	22	ENSG00000100387	DEL	CDS_deletion_48%_of_canonical	0.001034	0	1	0	0	0	1	0	0	0
RC3H1	1	ENSG00000135870	DEL	canonical_CDS_exon_deletion	0.000517	0	1	0	0	0	1	0	0	0
RCC1	1	ENSG00000180198	DEL	CDS_deletion_10%_of_canonical	0.002585	0	1	0	0	0	1	0	0	0
RCC1L	7	ENSG00000274523	DEL	CDS_deletion_12%_of_canonical	0.000517	0	1	0	0	0	1	0	0	0
RCCD1	15	ENSG00000166965	COMPLEX	complex_deletion_in_CDS	0.001034	1	0	0	0	1	1	0	1	0
RCN1	11	ENSG00000049449	DEL	CDS_deletion_37%_of_canonical	0.000517	0	1	0	0	0	1	0	0	0
RD3	1	ENSG00000198570	DEL	CDS_deletion_51%_of_canonical	0.000517	0	0	0	1	0	1	0	0	0
RDH16	12	ENSG00000139547	COMPLEX	complex_deletion_in_CDS	0.000517	0	1	0	0	0	1	0	0	1
RDH8	19	ENSG00000080511	DEL	canonical_CDS_exon_deletion	0.000517	0	0	0	0	0	1	0	0	1
REELD1	4	ENSG00000250673	COMPLEX	complex_deletion_in_CDS	0.000517	0	1	0	0	0	1	0	0	0
REEP5	5	ENSG00000129625	COMPLEX	complex_deletion_in_CDS	0.004654	0	1	0	1	0	1	0	0	1
REEP6	19	ENSG00000115255	COMPLEX	complex_deletion_in_CDS	0.001034	1	0	0	0	0	1	0	1	0
RELCH	18	ENSG00000134444	DEL	canonical_CDS_exon_deletion	0.003102	0	1	0	0	0	1	0	0	1
RELL1	4	ENSG00000181826	DEL	canonical_CDS_exon_deletion	0.000517	0	0	1	0	0	1	0	0	0
RELL2	5	ENSG00000164620	DEL	whole_gene_CDS_deletion	0.000517	0	0	0	0	0	1	0	0	1
RELN	7	ENSG00000189056	DEL	canonical_CDS_exon_deletion	0.031024	2	1	1	1	1	1	1	1	1
REM1	20	ENSG00000088320	COMPLEX	complex_deletion_in_CDS	1.0	967	1	1	1	1	1	1	1	1
RER1	1	ENSG00000157916	INS	insertion_in_CDS_exon	0.000517	0	0	0	0	0	0	0	0	0
RERGL	12	ENSG00000111404	DEL	CDS_deletion_24%_of_canonical	0.000517	0	0	0	1	0	1	0	0	0
RETREG1	5	ENSG00000154153	COMPLEX	complex_deletion_in_CDS	0.679938	446	1	1	1	1	1	1	1	1
RETSAT	2	ENSG00000042445	DEL	canonical_CDS_exon_deletion	0.000517	0	0	0	0	1	1	0	0	0
REV3L	6	ENSG00000009413	DEL	canonical_CDS_exon_deletion	0.089969	8	1	1	1	1	1	1	1	1
REX1BD	19	ENSG00000006015	DEL	CDS_deletion_13%_of_canonical	0.004136	0	0	1	0	1	1	0	0	1
REXO5	16	ENSG00000005189	DEL	CDS_deletion_16%_of_canonical	0.000517	0	1	0	0	0	1	0	0	0
RFC3	13	ENSG00000133119	DEL	CDS_deletion_13%_of_canonical	0.000517	0	0	0	0	1	1	0	0	0
RFFL	17	ENSG00000092871	DEL	CDS_deletion_38%_of_canonical	0.000517	0	1	0	0	0	1	0	0	0
RFPL2	22	ENSG00000128253	DEL	canonical_CDS_exon_deletion	0.000517	0	1	0	0	0	1	0	0	0
RFPL4A	19	ENSG00000223638	DEL	CDS_deletion_87%_of_canonical	0.003102	0	1	0	0	0	1	0	0	0
RFPL4AL1	19	ENSG00000229292	DEL	canonical_CDS_exon_deletion	0.619442	388	1	1	1	1	1	1	1	1
RFWD3	16	ENSG00000168411	DEL	CDS_deletion_18%_of_canonical	0.001551	0	1	0	0	0	1	0	0	0
RFX3	9	ENSG00000080298	COMPLEX	complex_deletion_in_CDS	0.001034	0	0	0	0	0	1	0	0	1
RFX4	12	ENSG00000111783	COMPLEX	complex_deletion_in_CDS	0.002068	0	1	0	1	0	1	0	0	1
RFX8	2	ENSG00000196460	COMPLEX	complex_over_CDS	0.007756	0	0	0	0	0	0	0	0	0
RGL3	19	ENSG00000205517	DEL	CDS_deletion_26%_of_canonical	0.000517	0	0	0	1	0	1	0	0	0
RGPD2	2	ENSG00000185304	INS	insertion_in_CDS_exon	0.003102	1	0	0	0	0	0	0	0	0
RGPD4	2	ENSG00000196862	DEL	canonical_CDS_exon_deletion	0.070321	11	1	1	1	1	1	1	1	1
RGPD8	2	ENSG00000169629	DEL	canonical_CDS_exon_deletion	0.001551	0	1	1	0	0	1	0	0	0
RGR	10	ENSG00000148604	COMPLEX	complex_deletion_in_CDS	0.000517	0	0	0	1	0	1	0	0	0
RGS22	8	ENSG00000132554	DEL	canonical_CDS_exon_deletion	0.006722	0	1	0	1	0	1	0	0	0
RGS3	9	ENSG00000138835	DEL	canonical_CDS_exon_deletion	0.002068	0	0	1	1	0	1	0	0	1
RGS7	1	ENSG00000182901	DEL	canonical_CDS_exon_deletion	0.001551	1	0	0	0	1	1	0	1	1
RHNO1	12	ENSG00000171792	DEL	whole_gene_CDS_deletion	0.006722	1	1	1	0	0	1	0	1	0
RHOD	11	ENSG00000173156	DEL	CDS_deletion_48%_of_canonical	0.001034	0	0	0	0	0	1	0	0	1
RHOF	12	ENSG00000139725	INS	insertion_in_CDS_exon	0.168046	32	0	0	0	0	0	0	0	0
RHPN2	19	ENSG00000131941	DEL	CDS_deletion_13%_of_canonical	0.002068	1	0	0	1	0	1	0	1	1
RIC1	9	ENSG00000107036	DEL	canonical_CDS_exon_deletion	0.016029	0	1	1	1	0	1	1	0	1
RIC8B	12	ENSG00000111785	DEL	canonical_CDS_exon_deletion	0.076008	8	1	1	1	1	1	1	1	1
RICTOR	5	ENSG00000164327	DEL	canonical_CDS_exon_deletion	0.004654	0	1	1	0	1	1	0	0	0
RIGI	9	ENSG00000107201	INS	insertion_in_CDS_exon	0.002585	0	0	0	0	0	0	0	0	0
RIIAD1	1	ENSG00000178796	COMPLEX	complex_deletion_in_CDS	0.644261	399	1	1	1	1	1	1	1	1
RIMBP2	12	ENSG00000060709	DEL	canonical_CDS_exon_deletion	0.193382	51	1	1	1	1	1	1	1	1
RIMKLB	12	ENSG00000166532	DEL	CDS_deletion_40%_of_canonical	0.02637	4	1	1	1	1	1	1	1	1
RIMS1	6	ENSG00000079841	DEL	canonical_CDS_exon_deletion	0.000517	0	0	0	0	0	1	0	0	1
RIMS2	8	ENSG00000176406	COMPLEX	complex_deletion_in_CDS	0.003102	0	1	0	0	1	1	0	0	0
RIN2	20	ENSG00000132669	INS	insertion_in_CDS_exon	0.007756	0	0	0	0	0	0	0	0	0
RINT1	7	ENSG00000135249	INS	insertion_in_CDS_exon	0.554809	321	0	0	0	0	0	0	0	0
RIOK3	18	ENSG00000101782	DEL	CDS_deletion_13%_of_canonical	0.001551	1	0	0	0	1	1	0	1	0
RIOX1	14	ENSG00000170468	DEL	CDS_deletion_29%_of_canonical	0.001551	0	0	0	1	1	1	0	0	0
RIPK1	6	ENSG00000137275	INS	insertion_in_CDS_exon	0.000517	0	0	0	0	0	0	0	0	0
RIPK2	8	ENSG00000104312	DEL	CDS_deletion_31%_of_canonical	0.001551	1	1	0	0	0	1	0	1	0
RIPK4	21	ENSG00000183421	DEL	canonical_CDS_exon_deletion	0.183557	47	1	1	1	1	1	1	1	1
RIPOR3	20	ENSG00000042062	DEL	CDS_deletion_13%_of_canonical	0.000517	0	0	0	0	1	1	0	0	0
RLN1	9	ENSG00000107018	DEL	whole_gene_CDS_deletion	0.692865	541	1	1	1	1	1	1	1	1
RLN3	19	ENSG00000171136	DEL	CDS_deletion_45%_of_canonical	0.001034	0	0	0	1	0	1	0	0	0
RMND1	6	ENSG00000155906	INS	insertion_in_CDS_exon	0.005688	0	0	0	0	0	0	0	0	0
RNASE10	14	ENSG00000182545	DEL	whole_gene_CDS_deletion	0.000517	0	0	0	1	0	1	0	0	0
RNASE11	14	ENSG00000173464	DEL	canonical_CDS_exon_deletion	0.001034	0	0	1	0	0	1	0	0	0
RND3	2	ENSG00000115963	COMPLEX	complex_deletion_in_CDS	0.028956	0	1	1	1	1	1	1	0	1
RNF10	12	ENSG00000022840	DEL	canonical_CDS_exon_deletion	0.000517	0	1	0	0	0	1	0	0	0
RNF126	19	ENSG00000070423	DEL	canonical_CDS_exon_deletion	0.002068	0	1	0	1	0	1	0	0	1
RNF148	7	ENSG00000235631	INS	insertion_in_CDS_exon	0.001034	0	0	0	0	0	0	0	0	0
RNF151	16	ENSG00000179580	DEL	CDS_deletion_23%_of_canonical	0.000517	0	1	0	0	0	1	0	0	0
RNF180	5	ENSG00000164197	COMPLEX	complex_deletion_in_CDS	0.637539	427	1	1	1	1	1	1	1	1
RNF2	1	ENSG00000121481	DEL	CDS_deletion_54%_of_canonical	0.000517	0	0	0	0	1	1	0	0	0
RNF20	9	ENSG00000155827	COMPLEX	complex_over_CDS	0.210881	111	0	0	0	0	0	0	0	0
RNF212	4	ENSG00000178222	COMPLEX	complex_deletion_in_CDS	0.005688	0	1	1	1	0	1	0	0	0
RNF213	17	ENSG00000173821	DEL	canonical_CDS_exon_deletion	0.523268	270	1	1	1	1	1	1	1	1
RNF24	20	ENSG00000101236	COMPLEX	complex_deletion_in_CDS	0.009824	0	1	1	1	1	1	0	1	1
RNF25	2	ENSG00000163481	DEL	canonical_CDS_exon_deletion	0.007239	2	1	0	0	1	1	0	1	1
RNF40	16	ENSG00000103549	COMPLEX	complex_deletion_in_CDS	0.000517	0	0	0	1	0	1	0	0	0
RNFT2	12	ENSG00000135119	DEL	CDS_deletion_24%_of_canonical	0.000517	0	0	0	0	1	1	0	0	0
RNGTT	6	ENSG00000111880	DEL	CDS_deletion_10%_of_canonical	0.001034	0	0	1	0	1	1	0	0	1
RNLS	10	ENSG00000184719	COMPLEX	complex_deletion_in_CDS	0.001551	0	0	1	0	1	1	0	0	1
RO60	1	ENSG00000116747	DEL	CDS_deletion_36%_of_canonical	0.001034	0	1	0	0	0	1	0	0	1
ROBO1	3	ENSG00000169855	INS	insertion_in_CDS_exon	0.000517	0	0	0	0	0	0	0	0	0
ROBO2	3	ENSG00000185008	COMPLEX	complex_deletion_in_CDS	0.002068	0	1	1	1	0	1	0	0	1
ROBO3	11	ENSG00000154134	INS	insertion_in_CDS_exon	0.000517	0	0	0	0	0	0	0	0	0
ROCK1	18	ENSG00000067900	COMPLEX	complex_deletion_in_CDS	0.735264	646	1	1	1	1	1	1	1	1
ROGDI	16	ENSG00000067836	INS	insertion_in_CDS_exon	0.000517	0	0	0	0	0	0	0	0	0
ROS1	6	ENSG00000047936	DEL	canonical_CDS_exon_deletion	0.003102	1	1	0	0	0	1	0	1	0
RP1	8	ENSG00000104237	DEL	CDS_deletion_38%_of_canonical	0.000517	0	0	0	1	0	1	0	0	0
RPA1	17	ENSG00000132383	DEL	canonical_CDS_exon_deletion	0.001551	0	0	1	0	1	1	0	0	0
RPAP3	12	ENSG00000005175	INS	insertion_in_CDS_exon	0.000517	0	0	0	0	0	0	0	0	0
RPGRIP1L	16	ENSG00000103494	COMPLEX	complex_deletion_in_CDS	0.003102	0	1	1	0	0	1	0	0	0
RPH3AL	17	ENSG00000181031	COMPLEX	complex_deletion_in_CDS	0.196891	146	1	1	1	1	1	1	1	1
RPL11	1	ENSG00000142676	DEL	CDS_deletion_21%_of_canonical	0.018097	17	1	1	1	1	1	1	1	1
RPL27	17	ENSG00000131469	INS	insertion_in_CDS_exon	0.000517	0	0	0	0	0	0	0	0	0
RPL5	1	ENSG00000122406	DEL	CDS_deletion_15%_of_canonical	0.000517	0	0	0	1	0	1	0	0	0
RPN1	3	ENSG00000163902	DEL	CDS_deletion_30%_of_canonical	0.000517	0	1	0	0	0	1	0	0	0
RPS11	19	ENSG00000142534	DEL	canonical_CDS_exon_deletion	0.000517	0	0	0	0	1	1	0	0	0
RPS19	19	ENSG00000105372	DEL	CDS_deletion_18%_of_canonical	0.000517	0	0	0	0	1	1	0	0	0
RPS26	12	ENSG00000197728	COMPLEX	complex_deletion_in_CDS	0.190279	182	1	1	1	1	1	1	1	1
RPS27L	15	ENSG00000185088	DEL	CDS_deletion_18%_of_canonical	0.000517	0	1	0	0	0	1	0	0	0
RPS5	19	ENSG00000083845	DEL	CDS_deletion_26%_of_canonical	0.000517	0	1	0	0	0	1	0	0	0
RPS6KA5	14	ENSG00000100784	DEL	canonical_CDS_exon_deletion	0.601344	377	1	1	1	1	1	1	1	1
RPSA2	19	ENSG00000288920	DEL	canonical_CDS_exon_deletion	0.124095	24	1	1	1	1	1	1	1	1
RPTOR	17	ENSG00000141564	DEL	canonical_CDS_exon_deletion	0.080662	30	1	1	1	0	1	1	1	1
RRAD	16	ENSG00000166592	DEL	canonical_CDS_exon_deletion	0.002585	2	0	0	0	1	1	0	1	1
RRAGC	1	ENSG00000116954	DEL	CDS_deletion_12%_of_canonical	0.003102	1	1	0	0	0	1	0	1	0
RRAS	19	ENSG00000126458	DEL	CDS_deletion_23%_of_canonical	0.000517	0	0	0	0	0	1	0	0	1
RRH	4	ENSG00000180245	DEL	CDS_deletion_61%_of_canonical	0.001034	1	0	0	0	0	1	0	1	1
RRP1	21	ENSG00000160214	COMPLEX	complex_deletion_in_CDS	0.250259	140	1	1	1	1	1	1	1	1
RRP36	6	ENSG00000124541	DEL	CDS_deletion_14%_of_canonical	0.002068	0	1	0	0	0	1	0	0	0
RSBN1L	7	ENSG00000187257	COMPLEX	complex_deletion_in_CDS	0.000517	0	0	0	1	0	1	0	0	0
RSF1	11	ENSG00000048649	DEL	canonical_CDS_exon_deletion	0.003102	1	0	1	1	0	1	0	1	1
RSPH10B	7	ENSG00000155026	COMPLEX	complex_deletion_in_CDS	0.005171	2	0	1	0	1	1	0	1	0
RSPH10B2	7	ENSG00000169402	DEL	canonical_CDS_exon_deletion	0.002068	2	0	0	1	0	1	0	1	1
RSPH14	22	ENSG00000100218	DEL	CDS_deletion_22%_of_canonical	0.028438	7	1	1	0	0	1	1	1	1
RSPO2	8	ENSG00000147655	DEL	CDS_deletion_16%_of_canonical	0.002585	0	0	0	1	1	1	0	0	0
RSRP1	1	ENSG00000117616	DEL	CDS_deletion_60%_of_canonical	0.001034	0	1	0	0	0	1	0	0	0
RTEL1	20	ENSG00000258366	DEL	canonical_CDS_exon_deletion	0.000517	0	1	0	0	1	1	0	0	0
RTEL1-TNFRSF6B	20	ENSG00000026036	DEL	canonical_CDS_exon_deletion	0.000517	0	1	0	0	1	1	0	0	0
RTF2	20	ENSG00000022277	DEL	canonical_CDS_exon_deletion	0.000517	0	1	0	0	0	1	0	0	0
RTN3	11	ENSG00000133318	DEL	canonical_CDS_exon_deletion	0.000517	0	0	0	0	0	1	0	0	1
RTN4	2	ENSG00000115310	INS	insertion_in_CDS_exon	0.000517	0	0	0	0	0	0	0	0	0
RTP4	3	ENSG00000136514	INS	insertion_in_CDS_exon	0.321613	124	0	0	0	0	0	0	0	0
RTTN	18	ENSG00000176225	DEL	canonical_CDS_exon_deletion	0.000517	0	0	0	0	0	1	0	0	1
RUBCN	3	ENSG00000145016	DEL	CDS_deletion_18%_of_canonical	0.000517	0	1	0	0	0	1	0	0	1
RUFY1	5	ENSG00000176783	DEL	CDS_deletion_24%_of_canonical	0.000517	0	0	0	1	0	1	0	0	0
RUFY2	10	ENSG00000204130	DEL	canonical_CDS_exon_deletion	0.000517	0	1	0	0	0	1	0	0	0
RUFY3	4	ENSG00000018189	DEL	CDS_deletion_11%_of_canonical	0.001034	1	0	0	0	0	1	0	1	1
RUSC2	9	ENSG00000198853	DEL	canonical_CDS_exon_deletion	0.000517	0	1	0	0	0	1	0	0	0
RUSF1	16	ENSG00000140688	COMPLEX	complex_deletion_in_CDS	0.012927	2	1	1	1	1	1	1	1	1
RUVBL1	3	ENSG00000175792	DEL	CDS_deletion_11%_of_canonical	0.000517	0	1	0	0	0	1	0	0	0
RUVBL2	19	ENSG00000183207	COMPLEX	complex_over_CDS	0.035677	3	0	0	0	0	0	0	0	0
RWDD1	6	ENSG00000111832	DEL	CDS_deletion_19%_of_canonical	0.014995	5	1	0	0	0	1	1	1	0
RXFP1	4	ENSG00000171509	DEL	canonical_CDS_exon_deletion	0.01758	4	1	1	0	1	1	1	1	1
RXFP2	13	ENSG00000133105	COMPLEX	complex_deletion_in_CDS	0.01758	3	1	1	1	1	1	1	1	1
RXFP4	1	ENSG00000173080	DEL	CDS_deletion_86%_of_canonical	0.000517	0	0	0	0	0	1	0	0	0
RYBP	3	ENSG00000163602	DEL	CDS_deletion_48%_of_canonical	0.001034	0	0	0	1	1	1	0	0	1
RYR1	19	ENSG00000196218	DEL	canonical_CDS_exon_deletion	0.003102	0	1	0	0	0	1	0	0	0
RYR2	1	ENSG00000198626	DEL	canonical_CDS_exon_deletion	0.004136	0	1	1	1	0	1	0	1	1
RYR3	15	ENSG00000198838	DEL	canonical_CDS_exon_deletion	0.005171	1	0	1	1	0	1	0	1	1
S1PR1	1	ENSG00000170989	DEL	whole_gene_CDS_deletion	0.001034	1	0	0	1	0	1	0	1	0
SAAL1	11	ENSG00000166788	DEL	canonical_CDS_exon_deletion	0.000517	0	1	0	0	0	1	0	0	0
SAFB	19	ENSG00000160633	DEL	canonical_CDS_exon_deletion	0.002585	0	0	1	0	1	1	0	0	1
SAFB2	19	ENSG00000130254	DEL	canonical_CDS_exon_deletion	0.002585	0	0	1	0	1	1	0	0	1
SALL4	20	ENSG00000101115	INS	insertion_in_CDS_exon	0.000517	0	0	0	0	0	0	0	0	0
SAMD11	1	ENSG00000187634	DEL	CDS_deletion_33%_of_canonical	0.031024	12	1	1	1	1	1	1	1	1
SAMD3	6	ENSG00000164483	COMPLEX	complex_deletion_in_CDS	0.014478	1	1	1	0	0	1	1	1	0
SAMHD1	20	ENSG00000101347	COMPLEX	complex_over_CDS	0.998966	966	0	0	0	0	0	0	0	0
SAP18	13	ENSG00000150459	COMPLEX	complex_deletion_in_CDS	0.237332	62	1	1	1	1	1	1	1	1
SAP30BP	17	ENSG00000161526	DEL	canonical_CDS_exon_deletion	0.020165	17	0	1	1	1	1	1	1	1
SAP30L	5	ENSG00000164576	COMPLEX	complex_deletion_in_CDS	0.002068	0	1	1	0	1	1	0	0	0
SAPCD1	6	ENSG00000228727	DEL	CDS_deletion_68%_of_canonical	0.016029	7	1	1	1	1	1	1	1	1
SART1	11	ENSG00000175467	DEL	CDS_deletion_16%_of_canonical	0.000517	0	0	0	1	0	1	0	0	0
SAXO1	9	ENSG00000155875	DEL	canonical_CDS_exon_deletion	0.001034	0	0	0	1	0	1	0	0	0
SAYSD1	6	ENSG00000112167	DEL	CDS_deletion_21%_of_canonical	0.391417	195	1	1	1	1	1	1	1	1
SBF1	22	ENSG00000100241	INS	insertion_in_CDS_exon	0.001551	1	0	0	0	0	0	0	0	0
SBF2	11	ENSG00000133812	DEL	canonical_CDS_exon_deletion	0.078594	21	1	1	1	1	1	1	1	1
SBNO1	12	ENSG00000139697	DEL	canonical_CDS_exon_deletion	0.001551	0	0	0	1	0	1	0	0	0
SBNO2	19	ENSG00000064932	DEL	canonical_CDS_exon_deletion	0.009307	2	1	0	1	1	1	0	1	1
SCAF1	19	ENSG00000126461	DEL	canonical_CDS_exon_deletion	0.000517	0	1	0	0	0	1	0	0	0
SCAF4	21	ENSG00000156304	DEL	canonical_CDS_exon_deletion	0.340228	120	1	1	1	1	1	1	1	1
SCAF8	6	ENSG00000213079	COMPLEX	complex_deletion_in_CDS	0.001034	0	1	0	0	0	1	0	0	1
SCAMP4	19	ENSG00000227500	DEL	CDS_deletion_16%_of_canonical	0.162358	26	1	1	1	1	1	1	1	1
SCAPER	15	ENSG00000140386	DEL	canonical_CDS_exon_deletion	0.000517	0	0	0	0	1	1	0	0	0
SCARF1	17	ENSG00000074660	DEL	canonical_CDS_exon_deletion	0.000517	0	0	1	0	0	1	0	0	0
SCART1	10	ENSG00000214279	COMPLEX	complex_deletion_in_CDS	0.054292	14	1	1	1	1	1	1	1	1
SCEL	13	ENSG00000136155	DEL	canonical_CDS_exon_deletion	0.000517	0	0	0	0	1	1	0	0	0
SCG3	15	ENSG00000104112	COMPLEX	complex_deletion_in_CDS	0.1303	21	1	1	1	1	1	1	1	1
SCHIP1	3	ENSG00000151967	COMPLEX	complex_deletion_in_CDS	0.002585	2	1	0	0	1	1	0	1	1
SCIMP	17	ENSG00000161929	COMPLEX	complex_deletion_in_CDS	0.000517	0	1	0	0	0	1	0	0	0
SCIN	7	ENSG00000006747	DEL	canonical_CDS_exon_deletion	0.000517	0	1	0	0	0	1	0	0	0
SCN10A	3	ENSG00000185313	DEL	canonical_CDS_exon_deletion	0.002068	0	0	0	0	0	1	0	0	1
SCN11A	3	ENSG00000168356	COMPLEX	complex_deletion_in_CDS	0.000517	0	0	0	1	0	1	0	0	0
SCN1A	2	ENSG00000144285	DEL	canonical_CDS_exon_deletion	0.000517	0	1	0	0	0	1	0	0	0
SCN1B	19	ENSG00000105711	DEL	CDS_deletion_31%_of_canonical	0.000517	0	0	0	1	0	1	0	0	0
SCN2A	2	ENSG00000136531	DEL	canonical_CDS_exon_deletion	0.003619	0	1	1	0	1	1	0	0	1
SCN3A	2	ENSG00000153253	COMPLEX	complex_deletion_in_CDS	0.001551	1	1	0	1	0	1	0	1	0
SCN5A	3	ENSG00000183873	DEL	canonical_CDS_exon_deletion	0.009307	2	0	1	1	0	1	0	1	0
SCNM1	1	ENSG00000163156	COMPLEX	complex_deletion_in_CDS	0.000517	0	1	0	0	0	1	0	0	0
SCRIB	8	ENSG00000180900	DEL	CDS_deletion_24%_of_canonical	0.000517	0	1	0	0	0	1	0	0	0
SCRN2	17	ENSG00000141295	DEL	CDS_deletion_12%_of_canonical	0.003102	1	1	0	1	0	1	0	1	0
SCUBE1	22	ENSG00000159307	DEL	canonical_CDS_exon_deletion	0.001034	1	0	0	0	0	1	0	1	1
SCX	8	ENSG00000260428	COMPLEX	complex_deletion_in_CDS	0.009307	4	1	1	1	0	1	0	1	1
SCYGR1	2	ENSG00000284629	DEL	whole_gene_CDS_deletion	0.001034	1	0	1	0	0	1	0	1	0
SCYL3	1	ENSG00000000457	INS	insertion_in_CDS_exon	0.058428	7	0	0	0	0	0	0	0	0
SDAD1	4	ENSG00000198301	COMPLEX	complex_deletion_in_CDS	0.004136	0	0	0	1	1	1	0	0	0
SDC2	8	ENSG00000169439	DEL	canonical_CDS_exon_deletion	0.006205	1	1	1	1	0	1	0	1	1
SDE2	1	ENSG00000143751	DEL	CDS_deletion_82%_of_canonical	0.000517	0	1	0	0	0	1	0	0	0
SDHA	5	ENSG00000073578	DEL	canonical_CDS_exon_deletion	0.001034	0	1	1	0	0	1	0	0	0
SDHAF4	6	ENSG00000154079	DEL	CDS_deletion_47%_of_canonical	0.007756	0	0	0	1	0	1	0	0	0
SDK1	7	ENSG00000146555	COMPLEX	complex_over_CDS	0.002585	0	0	0	0	0	0	0	0	0
SDK2	17	ENSG00000069188	COMPLEX	complex_deletion_in_CDS	0.002068	0	0	1	0	1	1	0	0	0
SDR16C5	8	ENSG00000170786	COMPLEX	complex_over_CDS	0.001551	0	0	0	0	0	0	0	0	0
SDR42E1	16	ENSG00000184860	DEL	whole_gene_CDS_deletion	0.001034	1	0	0	0	0	1	0	1	1
SEBOX	17	ENSG00000274529	COMPLEX	complex_deletion_in_CDS	0.003102	0	1	1	0	0	1	0	0	0
SEC14L1	17	ENSG00000129657	DEL	canonical_CDS_exon_deletion	0.089452	11	1	1	1	1	1	1	1	1
SEC14L5	16	ENSG00000103184	DEL	CDS_deletion_15%_of_canonical	0.001551	1	1	1	0	0	1	0	1	1
SEC16A	9	ENSG00000148396	DEL	canonical_CDS_exon_deletion	0.000517	0	0	0	0	0	1	0	0	1
SEC22A	3	ENSG00000121542	INS	insertion_in_CDS_exon	0.459152	242	0	0	0	0	0	0	0	0
SEC23B	20	ENSG00000101310	DEL	CDS_deletion_10%_of_canonical	0.000517	0	0	0	0	1	1	0	0	0
SEC24C	10	ENSG00000176986	DEL	CDS_deletion_63%_of_canonical	0.001034	1	0	0	0	0	1	0	1	0
SEC24D	4	ENSG00000150961	COMPLEX	complex_over_CDS	0.002068	2	0	0	0	0	0	0	0	0
SEC31B	10	ENSG00000075826	DEL	canonical_CDS_exon_deletion	0.164426	25	1	1	1	1	1	1	1	1
SEC61A2	10	ENSG00000065665	DEL	canonical_CDS_exon_deletion	0.034643	10	1	1	1	0	1	1	1	1
SEC62	3	ENSG00000008952	INS	insertion_in_CDS_exon	0.007239	0	0	0	0	0	0	0	0	0
SECISBP2	9	ENSG00000187742	DEL	CDS_deletion_44%_of_canonical	0.001034	1	0	0	0	0	1	0	1	1
SECISBP2L	15	ENSG00000138593	DEL	canonical_CDS_exon_deletion	0.003619	0	1	1	0	0	1	0	0	0
SELENOV	19	ENSG00000186838	INS	insertion_in_CDS_exon	0.001034	0	0	0	0	0	0	0	0	0
SEMA3D	7	ENSG00000153993	INS	insertion_in_CDS_exon	0.129783	17	0	0	0	0	0	0	0	0
SEMA4D	9	ENSG00000187764	DEL	CDS_deletion_44%_of_canonical	0.001034	1	0	0	0	0	1	0	1	1
SEMA4G	10	ENSG00000095539	COMPLEX	complex_deletion_in_CDS	0.767839	579	1	1	1	1	1	1	1	1
SEMA6A	5	ENSG00000092421	DEL	canonical_CDS_exon_deletion	0.002585	0	0	0	0	0	1	0	0	1
SEMA6B	19	ENSG00000167680	COMPLEX	complex_deletion_in_CDS	0.04395	21	1	1	1	1	1	1	1	1
SENP3	17	ENSG00000161956	DEL	CDS_deletion_15%_of_canonical	0.007239	2	1	1	0	1	1	0	1	1
SENP3-EIF4A1	17	ENSG00000277957	DEL	CDS_deletion_16%_of_canonical	0.007239	2	1	1	0	1	1	0	1	1
SEPHS1	10	ENSG00000086475	INS	insertion_in_CDS_exon	0.000517	0	0	0	0	0	0	0	0	0
SEPTIN11	4	ENSG00000138758	DEL	canonical_CDS_exon_deletion	0.001551	0	1	0	0	0	1	0	0	0
SEPTIN12	16	ENSG00000140623	DEL	CDS_deletion_35%_of_canonical	0.002585	1	0	0	1	1	1	0	1	1
SEPTIN3	22	ENSG00000100167	DEL	canonical_CDS_exon_deletion	0.000517	0	1	0	0	0	1	0	0	0
SEPTIN8	5	ENSG00000164402	COMPLEX	complex_over_CDS	0.000517	0	0	0	0	0	0	0	0	0
SERBP1	1	ENSG00000142864	DEL	CDS_deletion_15%_of_canonical	0.690796	482	1	1	1	1	1	1	1	1
SERF2	15	ENSG00000140264	COMPLEX	complex_over_CDS	0.000517	0	0	0	0	0	0	0	0	0
SERINC4	15	ENSG00000184716	COMPLEX	complex_over_CDS	0.000517	0	0	0	0	0	0	0	0	0
SERINC5	5	ENSG00000164300	DEL	CDS_deletion_24%_of_canonical	0.005171	0	0	0	1	0	1	0	0	0
SERPINA12	14	ENSG00000165953	DEL	canonical_CDS_exon_deletion	0.000517	0	0	0	1	0	1	0	0	0
SERPINA4	14	ENSG00000100665	DEL	canonical_CDS_exon_deletion	0.000517	0	0	0	1	0	1	0	0	0
SERPINB12	18	ENSG00000166634	DEL	canonical_CDS_exon_deletion	0.004136	0	1	1	0	0	1	0	0	1
SERPINB9	6	ENSG00000170542	DEL	CDS_deletion_36%_of_canonical	0.002585	0	1	0	1	0	1	0	0	1
SERPINE2	2	ENSG00000135919	DEL	canonical_CDS_exon_deletion	0.000517	0	0	0	0	0	1	0	0	1
SERTAD1	19	ENSG00000197019	INS	insertion_in_CDS_exon	0.003619	0	0	0	0	0	0	0	0	0
SESTD1	2	ENSG00000187231	DEL	CDS_deletion_10%_of_canonical	0.188278	73	1	1	1	1	1	1	1	1
SETD1A	16	ENSG00000099381	DEL	canonical_CDS_exon_deletion	0.001034	0	0	1	0	1	1	0	0	0
SETD9	5	ENSG00000155542	DEL	CDS_deletion_13%_of_canonical	0.000517	0	0	0	0	1	1	0	0	0
SETX	9	ENSG00000107290	DEL	CDS_deletion_25%_of_canonical	0.000517	0	0	0	1	0	1	0	0	0
SF1	11	ENSG00000168066	DEL	canonical_CDS_exon_deletion	0.000517	0	1	0	0	0	1	0	0	0
SF3A2	19	ENSG00000104897	COMPLEX	complex_deletion_in_CDS	0.002585	0	0	1	1	1	1	0	0	1
SF3B3	16	ENSG00000189091	INS	insertion_in_CDS_exon	0.000517	0	0	0	0	0	0	0	0	0
SFI1	22	ENSG00000198089	DEL	canonical_CDS_exon_deletion	0.001034	0	0	0	0	1	1	0	0	0
SFMBT2	10	ENSG00000198879	INS	insertion_in_CDS_exon	0.000517	0	0	0	0	0	0	0	0	0
SFSWAP	12	ENSG00000061936	DEL	canonical_CDS_exon_deletion	0.003619	0	1	1	0	1	1	0	0	0
SFT2D1	6	ENSG00000198818	DEL	CDS_deletion_26%_of_canonical	0.001551	1	1	0	0	0	1	0	1	0
SFT2D2	1	ENSG00000213064	DEL	canonical_CDS_exon_deletion	0.001551	1	0	0	1	0	1	0	1	0
SFTPD	10	ENSG00000133661	INS	insertion_in_CDS_exon	0.001551	0	0	0	0	0	0	0	0	0
SFXN1	5	ENSG00000164466	DEL	canonical_CDS_exon_deletion	0.000517	0	0	0	0	0	1	0	0	1
SGCA	17	ENSG00000108823	DEL	canonical_CDS_exon_deletion	0.009824	9	1	0	1	0	1	0	1	1
SGCE	7	ENSG00000127990	DEL	CDS_deletion_15%_of_canonical	0.000517	0	0	1	0	0	1	0	0	0
SGCZ	8	ENSG00000185053	COMPLEX	complex_deletion_in_CDS	0.005171	2	1	1	0	1	1	0	1	0
SGPP2	2	ENSG00000163082	DEL	CDS_deletion_46%_of_canonical	0.001551	0	1	0	0	0	1	0	0	0
SGSH	17	ENSG00000181523	DEL	canonical_CDS_exon_deletion	0.024302	4	1	1	1	1	1	1	1	1
SGTB	5	ENSG00000197860	DEL	CDS_deletion_11%_of_canonical	0.001034	0	0	0	0	0	1	0	0	1
SH2B1	16	ENSG00000178188	COMPLEX	complex_deletion_in_CDS	0.38211	175	1	1	1	1	1	1	1	1
SH2D3C	9	ENSG00000095370	DEL	CDS_deletion_19%_of_canonical	0.000517	0	1	0	0	0	1	0	0	0
SH2D4B	10	ENSG00000178217	DEL	CDS_deletion_38%_of_canonical	0.327301	137	1	1	1	1	1	1	1	1
SH2D7	15	ENSG00000183476	DEL	CDS_deletion_24%_of_canonical	0.003619	1	0	0	1	0	1	0	1	0
SH3BP4	2	ENSG00000130147	DEL	canonical_CDS_exon_deletion	0.356774	193	1	1	1	1	1	1	1	1
SH3BP5	3	ENSG00000131370	DEL	canonical_CDS_exon_deletion	0.000517	0	1	0	0	0	1	0	0	0
SH3D19	4	ENSG00000109686	COMPLEX	complex_deletion_in_CDS	0.002585	0	0	1	0	1	1	0	0	0
SH3GL3	15	ENSG00000140600	COMPLEX	complex_deletion_in_CDS	0.232161	77	1	1	1	1	1	1	1	1
SH3PXD2A	10	ENSG00000107957	DEL	canonical_CDS_exon_deletion	0.001551	0	1	0	0	0	1	0	0	0
SH3RF2	5	ENSG00000156463	DEL	CDS_deletion_17%_of_canonical	0.000517	0	0	0	0	0	1	0	0	1
SH3TC1	4	ENSG00000125089	INS	insertion_in_CDS_exon	0.000517	0	0	0	0	0	0	0	0	0
SH3YL1	2	ENSG00000035115	DEL	canonical_CDS_exon_deletion	0.001034	0	0	0	1	0	1	0	0	0
SHANK2	11	ENSG00000162105	DEL	canonical_CDS_exon_deletion	0.182006	91	1	1	1	1	1	1	1	1
SHANK3	22	ENSG00000251322	DEL	canonical_CDS_exon_deletion	0.004654	0	0	1	1	1	1	0	0	1
SHC2	19	ENSG00000129946	DEL	canonical_CDS_exon_deletion	0.168046	58	1	1	1	1	1	1	1	1
SHC3	9	ENSG00000148082	COMPLEX	complex_over_CDS	0.002585	0	0	0	0	0	0	0	0	0
SHC4	15	ENSG00000185634	DEL	canonical_CDS_exon_deletion	0.001034	0	0	0	1	0	1	0	0	0
SHCBP1L	1	ENSG00000157060	DEL	CDS_deletion_11%_of_canonical	0.000517	0	0	0	1	0	1	0	0	0
SHH	7	ENSG00000164690	DEL	CDS_deletion_78%_of_canonical	0.001034	1	0	0	0	0	1	0	1	1
SHISA5	3	ENSG00000164054	DEL	CDS_deletion_46%_of_canonical	0.001551	1	1	0	0	0	1	0	1	0
SHISA7	19	ENSG00000187902	DEL	CDS_deletion_29%_of_canonical	0.029473	4	1	1	1	1	1	1	1	1
SHKBP1	19	ENSG00000160410	DEL	CDS_deletion_12%_of_canonical	0.004136	1	1	0	0	0	1	0	1	0
SHOC1	9	ENSG00000165181	DEL	canonical_CDS_exon_deletion	0.000517	0	0	0	0	0	1	0	0	1
SHPK	17	ENSG00000197417	DEL	CDS_deletion_20%_of_canonical	0.000517	0	1	0	1	0	1	0	0	0
SIGIRR	11	ENSG00000185187	DEL	canonical_CDS_exon_deletion	0.185109	35	1	1	1	1	1	1	1	1
SIGLEC1	20	ENSG00000088827	DEL	canonical_CDS_exon_deletion	0.000517	0	0	0	0	0	1	0	0	1
SIGLEC10	19	ENSG00000142512	DEL	canonical_CDS_exon_deletion	0.000517	0	0	0	1	0	1	0	0	0
SIGLEC16	19	ENSG00000161643	DEL	CDS_deletion_12%_of_canonical	0.004654	0	0	0	0	1	1	0	0	1
SIGLEC7	19	ENSG00000168995	DEL	CDS_deletion_51%_of_canonical	0.000517	0	1	0	0	0	1	0	0	0
SIK2	11	ENSG00000170145	DEL	canonical_CDS_exon_deletion	0.001551	0	0	0	1	0	1	0	0	0
SIN3A	15	ENSG00000169375	DEL	canonical_CDS_exon_deletion	0.006722	0	1	1	0	1	1	0	0	1
SIN3B	19	ENSG00000127511	DEL	canonical_CDS_exon_deletion	0.004654	0	0	1	0	1	1	0	0	1
SIRPG	20	ENSG00000089012	DEL	CDS_deletion_56%_of_canonical	0.000517	0	1	0	0	0	1	0	0	0
SIRT1	10	ENSG00000096717	INS	insertion_in_CDS_exon	0.032575	5	0	0	0	0	0	0	0	0
SIRT5	6	ENSG00000124523	INS	insertion_in_CDS_exon	0.555843	307	0	0	0	0	0	0	0	0
SIRT7	17	ENSG00000187531	DEL	CDS_deletion_12%_of_canonical	0.309204	119	1	1	1	1	1	1	1	1
SIX1	14	ENSG00000126778	COMPLEX	complex_over_CDS	0.000517	0	0	0	0	0	0	0	0	0
SKOR2	18	ENSG00000215474	DEL	canonical_CDS_exon_deletion	0.902275	817	1	1	1	1	1	1	1	1
SLAMF7	1	ENSG00000026751	DEL	canonical_CDS_exon_deletion	0.000517	0	0	1	0	0	1	0	0	1
SLBP	4	ENSG00000163950	DEL	CDS_deletion_24%_of_canonical	0.000517	0	0	0	0	1	1	0	0	0
SLC12A5	20	ENSG00000124140	COMPLEX	complex_deletion_in_CDS	0.001551	0	0	0	1	1	1	0	0	0
SLC12A7	5	ENSG00000113504	COMPLEX	complex_deletion_in_CDS	0.518614	351	1	1	1	1	1	1	1	1
SLC13A4	7	ENSG00000164707	INS	insertion_in_CDS_exon	0.006205	0	0	0	0	0	0	0	0	0
SLC15A1	13	ENSG00000088386	COMPLEX	complex_deletion_in_CDS	0.019648	4	1	1	0	1	1	1	1	0
SLC15A4	12	ENSG00000139370	DEL	canonical_CDS_exon_deletion	0.001034	0	0	0	1	0	1	0	0	0
SLC16A13	17	ENSG00000174327	DEL	whole_gene_CDS_deletion	0.000517	0	0	0	0	0	1	0	0	1
SLC16A14	2	ENSG00000163053	DEL	CDS_deletion_64%_of_canonical	0.002068	0	1	1	1	0	1	0	0	1
SLC16A6	17	ENSG00000108932	DEL	whole_gene_CDS_deletion	0.000517	0	0	0	0	0	1	0	0	0
SLC17A9	20	ENSG00000101194	DEL	canonical_CDS_exon_deletion	0.037746	4	1	1	0	0	1	1	1	0
SLC18A1	8	ENSG00000036565	DEL	canonical_CDS_exon_deletion	0.055326	12	1	1	1	1	1	1	1	1
SLC19A3	2	ENSG00000135917	COMPLEX	complex_over_CDS	0.000517	0	0	0	0	0	0	0	0	0
SLC22A1	6	ENSG00000175003	DEL	CDS_deletion_13%_of_canonical	0.007239	1	0	0	1	0	1	0	1	0
SLC22A12	11	ENSG00000197891	DEL	canonical_CDS_exon_deletion	0.000517	0	0	0	0	0	1	0	0	1
SLC22A18	11	ENSG00000110628	DEL	CDS_deletion_11%_of_canonical	0.000517	0	0	0	0	0	1	0	0	0
SLC22A2	6	ENSG00000112499	DEL	CDS_deletion_13%_of_canonical	0.014478	1	1	1	0	1	1	1	1	1
SLC22A9	11	ENSG00000149742	DEL	canonical_CDS_exon_deletion	0.002585	0	1	0	1	0	1	0	0	0
SLC23A2	20	ENSG00000089057	INS	insertion_in_CDS_exon	0.007239	1	0	0	0	0	0	0	0	0
SLC23A3	2	ENSG00000213901	INS	insertion_in_CDS_exon	0.000517	0	0	0	0	0	0	0	0	0
SLC25A10	17	ENSG00000183048	DEL	canonical_CDS_exon_deletion	0.046536	5	1	1	0	1	1	1	1	1
SLC25A11	17	ENSG00000108528	DEL	CDS_deletion_22%_of_canonical	0.000517	0	0	1	0	0	1	0	0	0
SLC25A13	7	ENSG00000004864	COMPLEX	complex_deletion_in_CDS	0.004136	0	1	0	0	0	1	0	0	0
SLC25A19	17	ENSG00000125454	DEL	canonical_CDS_exon_deletion	0.004654	0	1	0	0	0	1	0	0	0
SLC25A20	3	ENSG00000178537	INS	insertion_in_CDS_exon	0.18666	47	0	0	0	0	0	0	0	0
SLC25A21	14	ENSG00000183032	DEL	CDS_deletion_18%_of_canonical	0.061531	6	1	1	1	1	1	1	1	1
SLC25A22	11	ENSG00000177542	COMPLEX	complex_deletion_in_CDS	0.022234	4	1	1	0	1	1	1	1	1
SLC25A26	3	ENSG00000144741	COMPLEX	complex_over_CDS	0.000517	0	0	0	0	0	0	0	0	0
SLC25A27	6	ENSG00000153291	DEL	canonical_CDS_exon_deletion	0.001034	0	0	0	1	0	1	0	0	0
SLC25A3	12	ENSG00000075415	DEL	canonical_CDS_exon_deletion	0.023785	2	1	1	0	1	1	1	1	0
SLC25A32	8	ENSG00000164933	DEL	CDS_deletion_12%_of_canonical	0.000517	0	0	0	0	1	1	0	0	0
SLC25A33	1	ENSG00000171612	COMPLEX	complex_deletion_in_CDS	0.226991	52	1	1	1	1	1	1	1	1
SLC25A35	17	ENSG00000125434	DEL	canonical_CDS_exon_deletion	0.027404	3	0	1	0	1	1	1	1	1
SLC25A40	7	ENSG00000075303	DEL	CDS_deletion_26%_of_canonical	0.024819	5	1	1	1	0	1	1	1	1
SLC25A44	1	ENSG00000160785	DEL	canonical_CDS_exon_deletion	0.000517	0	1	0	0	0	1	0	0	0
SLC25A46	5	ENSG00000164209	COMPLEX	complex_over_CDS	0.001034	0	0	0	0	0	0	0	0	0
SLC26A4	7	ENSG00000091137	DEL	canonical_CDS_exon_deletion	0.001034	1	1	0	0	0	1	0	1	0
SLC26A7	8	ENSG00000147606	DEL	canonical_CDS_exon_deletion	0.003102	0	0	1	0	1	1	0	0	1
SLC26A8	6	ENSG00000112053	DEL	CDS_deletion_23%_of_canonical	0.001034	1	1	1	0	0	1	0	1	0
SLC27A1	19	ENSG00000130304	DEL	CDS_deletion_10%_of_canonical	0.000517	0	1	0	0	0	1	0	0	0
SLC27A4	9	ENSG00000167114	DEL	canonical_CDS_exon_deletion	0.000517	0	0	0	0	0	1	0	0	1
SLC2A1	1	ENSG00000117394	DEL	canonical_CDS_exon_deletion	0.028956	1	1	1	0	1	1	1	1	1
SLC2A10	20	ENSG00000197496	DEL	CDS_deletion_37%_of_canonical	0.000517	0	0	1	0	0	1	0	0	0
SLC2A11	22	ENSG00000133460	DEL	canonical_CDS_exon_deletion	0.001034	0	0	1	0	1	1	0	0	0
SLC2A13	12	ENSG00000151229	DEL	CDS_deletion_11%_of_canonical	0.004654	3	1	1	0	0	1	0	1	0
SLC2A14	12	ENSG00000173262	DEL	canonical_CDS_exon_deletion	0.001551	1	0	0	0	0	1	0	1	1
SLC2A4RG	20	ENSG00000125520	INS	insertion_in_CDS_exon	0.283351	100	0	0	0	0	0	0	0	0
SLC2A5	1	ENSG00000142583	DEL	CDS_deletion_17%_of_canonical	0.001034	1	0	1	0	0	1	0	1	0
SLC2A9	4	ENSG00000109667	DEL	canonical_CDS_exon_deletion	0.014478	14	1	0	1	1	1	1	1	0
SLC30A10	1	ENSG00000196660	DEL	CDS_deletion_34%_of_canonical	0.000517	0	0	0	1	0	1	0	0	1
SLC30A2	1	ENSG00000158014	DEL	CDS_deletion_13%_of_canonical	0.000517	0	1	0	0	0	1	0	0	0
SLC30A4	15	ENSG00000104154	DEL	CDS_deletion_16%_of_canonical	0.000517	0	0	1	0	0	1	0	0	0
SLC30A5	5	ENSG00000145740	COMPLEX	complex_over_CDS	0.025336	5	0	0	0	0	0	0	0	0
SLC32A1	20	ENSG00000101438	DEL	canonical_CDS_exon_deletion	0.209928	66	1	1	1	1	1	1	1	1
SLC34A2	4	ENSG00000157765	COMPLEX	complex_deletion_in_CDS	0.009824	8	1	1	1	0	1	0	1	1
SLC35A1	6	ENSG00000164414	DEL	CDS_deletion_12%_of_canonical	0.001034	0	0	0	0	1	1	0	0	0
SLC35B4	7	ENSG00000205060	DEL	CDS_deletion_10%_of_canonical	0.453981	206	1	1	1	1	1	1	1	1
SLC35F6	2	ENSG00000213699	DEL	CDS_deletion_34%_of_canonical	0.000517	0	0	0	1	0	1	0	0	0
SLC36A2	5	ENSG00000186335	DEL	CDS_deletion_15%_of_canonical	0.190279	48	1	1	1	1	1	1	1	1
SLC37A1	21	ENSG00000160190	DEL	canonical_CDS_exon_deletion	0.002585	0	1	1	1	1	1	0	0	0
SLC37A2	11	ENSG00000134955	DEL	canonical_CDS_exon_deletion	0.001034	0	1	0	1	0	1	0	0	0
SLC38A1	12	ENSG00000111371	DEL	canonical_CDS_exon_deletion	0.018614	2	1	1	0	0	1	1	1	0
SLC38A10	17	ENSG00000157637	DEL	canonical_CDS_exon_deletion	0.000517	0	0	0	1	0	1	0	0	0
SLC38A2	12	ENSG00000134294	COMPLEX	complex_deletion_in_CDS	0.000517	0	0	0	1	0	1	0	0	0
SLC38A3	3	ENSG00000188338	DEL	canonical_CDS_exon_deletion	0.000517	0	1	0	0	0	1	0	0	0
SLC39A10	2	ENSG00000196950	COMPLEX	complex_deletion_in_CDS	0.018614	3	1	1	1	1	1	1	1	1
SLC39A14	8	ENSG00000104635	INS	insertion_in_CDS_exon	0.001551	0	0	0	0	0	0	0	0	0
SLC39A3	19	ENSG00000141873	DEL	CDS_deletion_12%_of_canonical	1.0	967	1	1	1	1	1	1	1	1
SLC39A9	14	ENSG00000029364	DEL	CDS_deletion_21%_of_canonical	0.001034	0	0	0	1	0	1	0	0	0
SLC43A2	17	ENSG00000167703	DEL	canonical_CDS_exon_deletion	0.002068	0	0	1	0	0	1	0	0	1
SLC44A4	6	ENSG00000204385	DEL	whole_gene_CDS_deletion	0.375388	200	1	1	1	1	1	1	1	1
SLC44A5	1	ENSG00000137968	DEL	canonical_CDS_exon_deletion	0.001034	0	1	0	1	0	1	0	0	1
SLC45A2	5	ENSG00000164175	COMPLEX	complex_deletion_in_CDS	0.514995	253	1	1	1	1	1	1	1	1
SLC47A2	17	ENSG00000180638	DEL	CDS_deletion_16%_of_canonical	0.001034	1	0	0	1	0	1	0	1	0
SLC4A1	17	ENSG00000004939	DEL	CDS_deletion_22%_of_canonical	0.717684	509	1	1	1	1	1	1	1	1
SLC4A7	3	ENSG00000033867	INS	insertion_in_CDS_exon	0.000517	0	0	0	0	0	0	0	0	0
SLC4A8	12	ENSG00000050438	DEL	canonical_CDS_exon_deletion	0.000517	0	1	0	0	0	1	0	0	0
SLC52A3	20	ENSG00000101276	DEL	canonical_CDS_exon_deletion	0.001551	0	1	0	0	0	1	0	0	0
SLC5A10	17	ENSG00000154025	DEL	canonical_CDS_exon_deletion	0.305584	126	1	1	1	1	1	1	1	1
SLC5A2	16	ENSG00000140675	INS	insertion_in_CDS_exon	0.010341	0	0	0	0	0	0	0	0	0
SLC5A4	22	ENSG00000100191	DEL	CDS_deletion_11%_of_canonical	0.001551	1	0	1	0	0	1	0	1	0
SLC5A7	2	ENSG00000115665	INS	insertion_in_CDS_exon	0.006205	2	0	0	0	0	0	0	0	0
SLC66A2	18	ENSG00000122490	INS	insertion_in_CDS_exon	0.032058	5	0	0	0	0	0	0	0	0
SLC6A12	12	ENSG00000111181	COMPLEX	complex_deletion_in_CDS	0.129266	37	1	1	1	1	1	1	1	1
SLC6A13	12	ENSG00000010379	COMPLEX	complex_deletion_in_CDS	0.000517	0	0	0	0	1	1	0	0	0
SLC6A18	5	ENSG00000164363	COMPLEX	complex_deletion_in_CDS	0.738366	577	1	1	1	1	1	1	1	1
SLC6A19	5	ENSG00000174358	DEL	canonical_CDS_exon_deletion	0.003102	0	1	0	0	1	1	0	0	1
SLC6A3	5	ENSG00000142319	DEL	canonical_CDS_exon_deletion	0.826267	665	1	1	1	1	1	1	1	1
SLC6A4	17	ENSG00000108576	DEL	canonical_CDS_exon_deletion	0.004136	0	1	1	0	1	1	0	1	1
SLC7A11	4	ENSG00000151012	DEL	CDS_deletion_25%_of_canonical	0.001034	1	1	0	0	0	1	0	1	0
SLC7A5	16	ENSG00000103257	COMPLEX	complex_over_CDS	0.011893	0	0	0	0	0	0	0	0	0
SLC7A6OS	16	ENSG00000103061	COMPLEX	complex_deletion_in_CDS	0.110134	15	1	1	1	1	1	1	1	1
SLC7A9	19	ENSG00000021488	DEL	canonical_CDS_exon_deletion	0.279731	81	1	1	1	1	1	1	1	1
SLC8A1	2	ENSG00000183023	DEL	CDS_deletion_62%_of_canonical	0.000517	0	1	0	0	0	1	0	0	0
SLC9A1	1	ENSG00000090020	DEL	CDS_deletion_19%_of_canonical	0.000517	0	0	0	0	0	1	0	0	1
SLC9A3	5	ENSG00000066230	COMPLEX	complex_over_CDS	0.655119	442	0	0	0	0	0	0	0	0
SLC9A9	3	ENSG00000181804	DEL	canonical_CDS_exon_deletion	0.392451	149	1	1	1	1	1	1	1	1
SLC9C1	3	ENSG00000172139	DEL	canonical_CDS_exon_deletion	0.000517	0	0	0	0	0	1	0	0	1
SLC9C2	1	ENSG00000162753	DEL	canonical_CDS_exon_deletion	0.000517	0	0	0	1	0	1	0	0	0
SLCO1A2	12	ENSG00000084453	DEL	CDS_deletion_12%_of_canonical	0.000517	0	1	0	0	0	1	0	0	0
SLCO1B3	12	ENSG00000111700	INS	insertion_in_CDS_exon	0.000517	0	0	0	0	0	0	0	0	0
SLCO1B3-SLCO1B7	12	ENSG00000257046	INS	insertion_in_CDS_exon	0.000517	0	0	0	0	0	0	0	0	0
SLCO1C1	12	ENSG00000139155	DEL	CDS_deletion_19%_of_canonical	0.000517	0	0	0	0	0	1	0	0	0
SLCO3A1	15	ENSG00000176463	DEL	CDS_deletion_12%_of_canonical	0.000517	0	0	1	0	0	1	0	0	0
SLCO4C1	5	ENSG00000173930	DEL	CDS_deletion_84%_of_canonical	0.001034	1	0	1	0	1	1	0	1	0
SLCO6A1	5	ENSG00000205359	DEL	canonical_CDS_exon_deletion	0.007239	4	1	0	0	0	1	0	1	0
SLIT2	4	ENSG00000145147	DEL	canonical_CDS_exon_deletion	0.006205	1	1	0	0	0	1	0	1	0
SLITRK3	3	ENSG00000121871	COMPLEX	complex_deletion_in_CDS	0.011893	3	1	1	0	1	1	1	1	1
SLITRK5	13	ENSG00000165300	INS	insertion_in_CDS_exon	0.001034	0	0	0	0	0	0	0	0	0
SLURP2	8	ENSG00000283992	INS	insertion_in_CDS_exon	0.339193	153	0	0	0	0	0	0	0	0
SLX1B	16	ENSG00000181625	COMPLEX	complex_over_CDS	0.004136	0	0	0	0	0	0	0	0	0
SMAD3	15	ENSG00000166949	DEL	canonical_CDS_exon_deletion	0.118925	13	1	1	1	1	1	1	1	1
SMAP1	6	ENSG00000112305	DEL	canonical_CDS_exon_deletion	0.000517	0	0	0	0	1	1	0	0	0
SMARCA4	19	ENSG00000127616	DEL	canonical_CDS_exon_deletion	0.012927	0	1	1	0	1	1	1	1	1
SMARCA5	4	ENSG00000153147	DEL	canonical_CDS_exon_deletion	0.309721	90	1	1	1	1	1	1	1	1
SMARCAD1	4	ENSG00000163104	DEL	canonical_CDS_exon_deletion	0.002585	0	0	1	0	1	1	0	0	1
SMARCC2	12	ENSG00000139613	DEL	canonical_CDS_exon_deletion	0.047053	11	1	1	1	1	1	1	1	1
SMC1B	22	ENSG00000077935	INS	insertion_in_CDS_exon	0.001551	0	0	0	0	0	0	0	0	0
SMC2	9	ENSG00000136824	DEL	canonical_CDS_exon_deletion	0.000517	0	0	0	0	1	1	0	0	0
SMC3	10	ENSG00000108055	DEL	canonical_CDS_exon_deletion	0.000517	0	1	0	0	0	1	0	0	0
SMC4	3	ENSG00000113810	DEL	canonical_CDS_exon_deletion	0.002068	0	1	0	0	0	1	0	0	1
SMCO2	12	ENSG00000165935	DEL	CDS_deletion_13%_of_canonical	0.000517	0	0	0	0	0	1	0	0	1
SMG1	16	ENSG00000157106	DEL	canonical_CDS_exon_deletion	0.435367	182	1	1	1	1	1	1	1	1
SMG5	1	ENSG00000198952	INS	insertion_in_CDS_exon	0.000517	0	0	0	0	0	0	0	0	0
SMG6	17	ENSG00000070366	DEL	canonical_CDS_exon_deletion	0.203723	53	1	1	1	1	1	1	1	1
SMIM13	6	ENSG00000224531	DEL	CDS_deletion_26%_of_canonical	0.000517	0	1	0	0	0	1	0	0	0
SMIM14	4	ENSG00000163683	COMPLEX	complex_deletion_in_CDS	0.002068	1	1	0	0	0	1	0	1	0
SMIM15	5	ENSG00000188725	COMPLEX	complex_over_CDS	0.000517	0	0	0	0	0	0	0	0	0
SMLR1	6	ENSG00000256162	DEL	CDS_deletion_74%_of_canonical	0.000517	0	0	0	0	0	1	0	0	1
SMOC2	6	ENSG00000112562	COMPLEX	complex_deletion_in_CDS	0.000517	0	0	0	0	0	1	0	0	1
SMPDL3A	6	ENSG00000172594	DEL	CDS_deletion_23%_of_canonical	0.003102	2	0	1	0	1	1	0	1	1
SMYD3	1	ENSG00000185420	DEL	CDS_deletion_13%_of_canonical	0.001034	1	0	0	1	0	1	0	1	0
SMYD5	2	ENSG00000135632	COMPLEX	complex_deletion_in_CDS	0.000517	0	0	0	0	0	1	0	0	1
SNAP23	15	ENSG00000092531	COMPLEX	complex_deletion_in_CDS	0.005171	0	1	0	0	1	1	0	0	0
SNAPC1	14	ENSG00000023608	DEL	CDS_deletion_26%_of_canonical	0.000517	0	0	0	1	0	1	0	0	0
SNCAIP	5	ENSG00000064692	DEL	canonical_CDS_exon_deletion	0.003102	0	0	0	1	0	1	0	0	1
SNCB	5	ENSG00000074317	COMPLEX	complex_deletion_in_CDS	0.018614	2	1	1	1	0	1	1	1	1
SND1	7	ENSG00000197157	DEL	CDS_deletion_28%_of_canonical	0.01501	11	1	1	1	1	1	1	1	1
SNF8	17	ENSG00000159210	DEL	canonical_CDS_exon_deletion	0.039297	2	1	1	1	0	1	1	1	0
SNPH	20	ENSG00000101298	INS	insertion_in_CDS_exon	0.055843	9	0	0	0	0	0	0	0	0
SNRK	3	ENSG00000163788	DEL	canonical_CDS_exon_deletion	0.000517	0	1	0	0	0	1	0	0	0
SNRPA	19	ENSG00000077312	DEL	CDS_deletion_50%_of_canonical	0.001034	1	0	0	0	0	1	0	1	1
SNRPB2	20	ENSG00000125870	DEL	CDS_deletion_21%_of_canonical	0.002585	1	0	1	0	1	1	0	1	1
SNRPN	15	ENSG00000128739	INS	insertion_in_CDS_exon	0.005688	0	0	0	0	0	0	0	0	0
SNTG1	8	ENSG00000147481	DEL	CDS_deletion_12%_of_canonical	0.001551	1	0	1	1	0	1	0	1	0
SNTG2	2	ENSG00000172554	DEL	canonical_CDS_exon_deletion	0.004654	0	1	1	1	0	1	0	0	1
SNU13	22	ENSG00000100138	DEL	CDS_deletion_32%_of_canonical	0.002585	0	0	1	1	1	1	0	0	0
SNURF	15	ENSG00000273173	DEL	CDS_deletion_48%_of_canonical	0.001034	0	1	0	0	0	1	0	0	0
SNX2	5	ENSG00000205302	DEL	canonical_CDS_exon_deletion	0.000517	0	0	0	0	0	1	0	0	1
SNX27	1	ENSG00000143376	DEL	CDS_deletion_24%_of_canonical	0.018097	6	1	1	1	0	1	1	1	1
SNX29	16	ENSG00000048471	DEL	CDS_deletion_21%_of_canonical	0.002068	1	1	1	1	0	1	0	1	0
SNX6	14	ENSG00000129515	DEL	canonical_CDS_exon_deletion	0.005171	0	1	0	0	0	1	0	0	0
SOAT1	1	ENSG00000057252	DEL	canonical_CDS_exon_deletion	0.000517	0	1	0	0	0	1	0	0	0
SOAT2	12	ENSG00000167780	DEL	canonical_CDS_exon_deletion	0.003619	0	1	1	1	1	1	0	0	0
SOCS7	17	ENSG00000274211	DEL	canonical_CDS_exon_deletion	0.006722	2	1	0	1	0	1	0	1	0
SOGA1	20	ENSG00000149639	DEL	canonical_CDS_exon_deletion	0.00879	0	1	1	1	1	1	0	0	1
SOGA3	6	ENSG00000214338	COMPLEX	complex_over_CDS	0.006722	1	0	0	0	0	0	0	0	0
SON	21	ENSG00000159140	DEL	canonical_CDS_exon_deletion	0.001034	0	1	0	0	0	1	0	0	0
SORCS2	4	ENSG00000184985	COMPLEX	complex_deletion_in_CDS	0.000517	0	0	0	1	0	1	0	0	0
SOS2	14	ENSG00000100485	DEL	canonical_CDS_exon_deletion	0.05274	12	1	1	1	1	1	1	1	1
SOSTDC1	7	ENSG00000171243	DEL	whole_gene_CDS_deletion	0.001034	0	0	0	1	0	1	0	0	1
SOX30	5	ENSG00000039600	COMPLEX	complex_deletion_in_CDS	0.001034	0	0	1	0	0	1	0	0	1
SP100	2	ENSG00000067066	DEL	canonical_CDS_exon_deletion	0.001551	1	0	0	0	1	1	0	1	0
SP140	2	ENSG00000079263	DEL	canonical_CDS_exon_deletion	0.289038	146	1	1	1	1	1	1	1	1
SP2	17	ENSG00000167182	DEL	canonical_CDS_exon_deletion	0.004136	1	1	0	0	1	1	0	1	0
SP3	2	ENSG00000172845	DEL	CDS_deletion_14%_of_canonical	0.001551	1	0	0	0	0	1	0	1	1
SP4	7	ENSG00000105866	INS	insertion_in_CDS_exon	0.000517	0	0	0	0	0	0	0	0	0
SPACA6	19	ENSG00000182310	DEL	canonical_CDS_exon_deletion	1.0	967	1	1	1	1	1	1	1	1
SPAG11A	8	ENSG00000178287	DEL	CDS_deletion_46%_of_canonical	0.002068	0	1	1	0	0	1	0	0	0
SPAG16	2	ENSG00000144451	DEL	canonical_CDS_exon_deletion	0.001034	1	0	0	0	0	1	0	1	1
SPAG17	1	ENSG00000155761	INS	insertion_in_CDS_exon	0.003102	0	0	0	0	0	0	0	0	0
SPARCL1	4	ENSG00000152583	DEL	CDS_deletion_62%_of_canonical	0.001034	0	0	1	0	0	1	0	0	0
SPATA17	1	ENSG00000162814	DEL	CDS_deletion_14%_of_canonical	0.000517	0	0	0	1	0	1	0	0	0
SPATA2	20	ENSG00000158480	DEL	CDS_deletion_35%_of_canonical	0.000517	0	0	0	1	0	1	0	0	0
SPATA22	17	ENSG00000141255	DEL	CDS_deletion_14%_of_canonical	0.000517	0	0	0	1	0	1	0	0	0
SPATA2L	16	ENSG00000158792	DEL	CDS_deletion_26%_of_canonical	0.448294	186	1	1	1	1	1	1	1	1
SPATA3	2	ENSG00000173699	COMPLEX	complex_deletion_in_CDS	0.02999	1	1	1	1	1	1	1	1	1
SPATA31A6	9	ENSG00000185775	COMPLEX	complex_deletion_in_CDS	0.02999	22	1	1	1	1	1	1	1	1
SPATA31C1	9	ENSG00000230246	COMPLEX	complex_deletion_in_CDS	0.847466	695	1	1	1	1	1	1	1	1
SPATA31E1	9	ENSG00000177992	DEL	canonical_CDS_exon_deletion	0.000517	0	1	0	0	0	1	0	0	0
SPATA48	7	ENSG00000164500	DEL	canonical_CDS_exon_deletion	0.001034	0	1	0	1	0	1	0	0	1
SPATA5	4	ENSG00000145375	DEL	canonical_CDS_exon_deletion	0.007239	0	1	1	0	0	1	0	0	0
SPATA9	5	ENSG00000145757	DEL	CDS_deletion_38%_of_canonical	0.001551	0	1	0	0	0	1	0	0	0
SPC25	2	ENSG00000152253	DEL	whole_gene_CDS_deletion	0.001551	1	1	0	0	0	1	0	1	0
SPDYE15	7	ENSG00000286014	COMPLEX	complex_over_CDS	0.108066	4	0	0	0	0	0	0	0	0
SPDYE18	7	ENSG00000205482	COMPLEX	complex_deletion_in_CDS	0.003619	0	0	0	1	1	1	0	0	0
SPDYE2	7	ENSG00000205238	INS	insertion_in_CDS_exon	0.004654	0	0	0	0	0	0	0	0	0
SPDYE3	7	ENSG00000214300	DEL	CDS_deletion_20%_of_canonical	0.000517	0	0	0	0	0	1	0	0	1
SPECC1L	22	ENSG00000100014	DEL	canonical_CDS_exon_deletion	0.734747	545	1	1	1	1	1	1	1	1
SPEF2	5	ENSG00000152582	DEL	canonical_CDS_exon_deletion	0.000517	0	0	1	0	0	1	0	0	0
SPEG	2	ENSG00000072195	DEL	canonical_CDS_exon_deletion	0.000517	0	0	0	0	0	1	0	0	1
SPEGNB	2	ENSG00000286095	COMPLEX	complex_deletion_in_CDS	0.336608	137	1	1	1	1	1	1	1	1
SPEN	1	ENSG00000065526	DEL	CDS_deletion_60%_of_canonical	0.000517	0	0	0	0	0	1	0	0	1
SPG11	15	ENSG00000104133	COMPLEX	complex_deletion_in_CDS	0.016546	3	1	1	0	0	1	1	1	1
SPG7	16	ENSG00000197912	COMPLEX	complex_deletion_in_CDS	0.000517	0	0	0	0	1	1	0	0	0
SPI1	11	ENSG00000066336	DEL	canonical_CDS_exon_deletion	0.001034	0	0	0	0	0	1	0	0	1
SPIB	19	ENSG00000269404	DEL	CDS_deletion_38%_of_canonical	0.001034	0	1	1	1	0	1	0	0	0
SPINK9	5	ENSG00000204909	DEL	CDS_deletion_100%_of_canonical	0.001551	1	1	0	0	0	1	0	1	0
SPN	16	ENSG00000197471	DEL	CDS_deletion_21%_of_canonical	0.156153	29	1	1	1	1	1	1	1	1
SPNS2	17	ENSG00000183018	DEL	canonical_CDS_exon_deletion	0.05274	6	1	1	1	0	1	1	1	1
SPNS3	17	ENSG00000182557	DEL	canonical_CDS_exon_deletion	0.041882	7	1	1	1	1	1	1	1	1
SPOCD1	1	ENSG00000134668	DEL	CDS_deletion_21%_of_canonical	0.001551	1	1	0	0	1	1	0	1	0
SPOCK1	5	ENSG00000152377	DEL	canonical_CDS_exon_deletion	0.003619	0	1	1	0	0	1	0	0	0
SPOCK3	4	ENSG00000196104	DEL	CDS_deletion_15%_of_canonical	0.001551	1	1	0	0	0	1	0	1	0
SPON1	11	ENSG00000262655	DEL	canonical_CDS_exon_deletion	0.001551	1	0	0	1	0	1	0	1	0
SPOP	17	ENSG00000121067	DEL	CDS_deletion_25%_of_canonical	0.000517	0	1	0	0	0	1	0	0	0
SPPL2A	15	ENSG00000138600	DEL	canonical_CDS_exon_deletion	0.058945	7	1	1	1	0	1	1	1	1
SPPL3	12	ENSG00000157837	INS	insertion_in_CDS_exon	0.000517	0	0	0	0	0	0	0	0	0
SPRR3	1	ENSG00000163209	DEL	whole_gene_CDS_deletion	0.001551	1	0	0	0	0	1	0	1	1
SPRY2	13	ENSG00000136158	COMPLEX	complex_deletion_in_CDS	0.000517	0	0	0	0	0	1	0	0	0
SPRYD3	12	ENSG00000167778	COMPLEX	complex_deletion_in_CDS	0.000517	0	1	0	0	1	1	0	0	0
SPSB1	1	ENSG00000171621	DEL	CDS_deletion_13%_of_canonical	0.000517	0	0	0	0	0	1	0	0	1
SPSB3	16	ENSG00000162032	DEL	canonical_CDS_exon_deletion	0.037228	26	1	1	1	1	1	1	1	1
SPTAN1	9	ENSG00000197694	DEL	canonical_CDS_exon_deletion	0.1091	14	1	1	1	1	1	1	1	1
SPTB	14	ENSG00000070182	COMPLEX	complex_deletion_in_CDS	0.009317	1	1	1	1	1	1	0	1	1
SPTBN4	19	ENSG00000160460	DEL	canonical_CDS_exon_deletion	0.937952	853	1	1	1	1	1	1	1	1
SPTBN5	15	ENSG00000137877	COMPLEX	complex_over_CDS	0.000517	0	0	0	0	0	0	0	0	0
SPTLC3	20	ENSG00000172296	COMPLEX	complex_deletion_in_CDS	0.002068	2	0	0	1	0	1	0	1	1
SPX	12	ENSG00000134548	DEL	canonical_CDS_exon_deletion	0.016546	0	1	1	1	0	1	1	0	1
SRCAP	16	ENSG00000080603	DEL	canonical_CDS_exon_deletion	0.001551	1	1	0	1	1	1	0	1	1
SRCIN1	17	ENSG00000277363	DEL	canonical_CDS_exon_deletion	0.840745	683	1	1	1	1	1	1	1	1
SRD5A1	5	ENSG00000145545	DEL	CDS_deletion_54%_of_canonical	0.001034	1	0	0	1	0	1	0	1	0
SREK1	5	ENSG00000153914	DEL	CDS_deletion_13%_of_canonical	0.002068	2	0	0	0	0	1	0	1	1
SRFBP1	5	ENSG00000151304	DEL	CDS_deletion_30%_of_canonical	0.000517	0	1	0	0	0	1	0	0	0
SRGAP1	12	ENSG00000196935	DEL	canonical_CDS_exon_deletion	0.002585	1	1	0	0	0	1	0	1	0
SRGAP2C	1	ENSG00000171943	DEL	CDS_deletion_14%_of_canonical	0.005688	2	1	1	0	1	1	0	1	1
SRGN	10	ENSG00000122862	DEL	CDS_deletion_36%_of_canonical	0.286453	82	1	1	1	1	1	1	1	1
SRP68	17	ENSG00000167881	DEL	canonical_CDS_exon_deletion	0.003102	0	1	0	1	1	1	0	0	1
SRPK1	6	ENSG00000096063	INS	insertion_in_CDS_exon	0.110134	14	0	0	0	0	0	0	0	0
SRPRA	11	ENSG00000182934	DEL	CDS_deletion_70%_of_canonical	0.000517	0	1	0	0	0	1	0	0	0
SRRM3	7	ENSG00000177679	COMPLEX	complex_deletion_in_CDS	0.140641	26	1	1	1	1	1	1	1	1
SRRM4	12	ENSG00000139767	DEL	CDS_deletion_16%_of_canonical	0.001551	0	0	0	0	0	1	0	0	1
SRSF1	17	ENSG00000136450	COMPLEX	complex_deletion_in_CDS	0.454498	310	1	1	1	1	1	1	1	1
SS18	18	ENSG00000141380	DEL	CDS_deletion_12%_of_canonical	0.000517	0	0	0	1	0	1	0	0	0
SSC4D	7	ENSG00000146700	DEL	CDS_deletion_18%_of_canonical	0.009307	0	1	1	0	1	1	0	0	1
SSH2	17	ENSG00000141298	DEL	canonical_CDS_exon_deletion	0.004654	1	0	0	1	1	1	0	1	1
SSR3	3	ENSG00000114850	DEL	CDS_deletion_35%_of_canonical	0.000517	0	1	0	0	0	1	0	0	0
SSRP1	11	ENSG00000149136	DEL	canonical_CDS_exon_deletion	0.025336	23	1	1	1	0	1	1	1	1
SSTR3	22	ENSG00000278195	INS	insertion_in_CDS_exon	0.136505	23	0	0	0	0	0	0	0	0
SSTR4	20	ENSG00000132671	DEL	CDS_deletion_39%_of_canonical	0.002068	0	1	1	0	0	1	0	0	0
SSX2IP	1	ENSG00000117155	COMPLEX	complex_deletion_in_CDS	0.006722	0	1	0	0	0	1	0	0	0
ST18	8	ENSG00000147488	DEL	canonical_CDS_exon_deletion	0.404343	248	1	1	1	1	1	1	1	1
ST3GAL6	3	ENSG00000064225	DEL	canonical_CDS_exon_deletion	0.000517	0	0	0	1	0	1	0	0	0
ST6GAL1	3	ENSG00000073849	DEL	CDS_deletion_20%_of_canonical	0.002585	2	0	1	1	1	1	0	1	0
ST6GALNAC3	1	ENSG00000184005	DEL	CDS_deletion_32%_of_canonical	0.000517	0	0	0	0	1	1	0	0	0
ST8SIA5	18	ENSG00000101638	COMPLEX	complex_deletion_in_CDS	0.000517	0	0	0	1	0	1	0	0	0
STAB2	12	ENSG00000136011	COMPLEX	complex_deletion_in_CDS	0.000517	0	1	0	1	0	1	0	0	0
STAG1	3	ENSG00000118007	DEL	canonical_CDS_exon_deletion	0.007756	0	1	0	1	1	1	0	0	0
STAM	10	ENSG00000136738	DEL	canonical_CDS_exon_deletion	0.000517	0	0	0	1	0	1	0	0	0
STAP2	19	ENSG00000178078	INS	insertion_in_CDS_exon	0.000517	0	0	0	0	0	0	0	0	0
STARD13	13	ENSG00000133121	DEL	canonical_CDS_exon_deletion	0.001551	0	0	0	0	1	1	0	0	1
STARD9	15	ENSG00000159433	DEL	canonical_CDS_exon_deletion	0.052223	12	1	1	0	1	1	1	1	0
STAT5A	17	ENSG00000126561	COMPLEX	complex_deletion_in_CDS	0.163909	33	1	1	1	1	1	1	1	1
STAT5B	17	ENSG00000173757	COMPLEX	complex_deletion_in_CDS	0.028438	8	1	1	0	1	1	1	1	1
STAU1	20	ENSG00000124214	DEL	canonical_CDS_exon_deletion	0.000517	0	1	0	0	0	1	0	0	0
STBD1	4	ENSG00000118804	DEL	CDS_deletion_24%_of_canonical	0.479317	209	1	1	1	1	1	1	1	1
STIP1	11	ENSG00000168439	COMPLEX	complex_deletion_in_CDS	0.007756	7	1	0	1	1	1	0	1	1
STK3	8	ENSG00000104375	COMPLEX	complex_deletion_in_CDS	0.001034	0	0	0	1	0	1	0	0	0
STK32B	4	ENSG00000152953	DEL	CDS_deletion_20%_of_canonical	0.001034	0	0	0	1	0	1	0	0	0
STK32C	10	ENSG00000165752	INS	insertion_in_CDS_exon	0.26939	81	0	0	0	0	0	0	0	0
STK40	1	ENSG00000196182	INS	insertion_in_CDS_exon	0.000517	0	0	0	0	0	0	0	0	0
STON2	14	ENSG00000140022	INS	insertion_in_CDS_exon	0.000517	0	0	0	0	0	0	0	0	0
STRA6	15	ENSG00000137868	INS	insertion_in_CDS_exon	0.001551	0	0	0	0	0	0	0	0	0
STRBP	9	ENSG00000165209	DEL	CDS_deletion_26%_of_canonical	0.000517	0	0	0	0	0	1	0	0	0
STRC	15	ENSG00000242866	COMPLEX	complex_deletion_in_CDS	0.046536	8	1	1	0	0	1	1	1	1
STRIP1	1	ENSG00000143093	COMPLEX	complex_deletion_in_CDS	0.038263	3	1	1	0	1	1	1	1	0
STRN4	19	ENSG00000090372	DEL	CDS_deletion_14%_of_canonical	0.000517	0	1	0	0	0	1	0	0	0
STT3A	11	ENSG00000134910	DEL	canonical_CDS_exon_deletion	0.000517	0	0	0	0	0	1	0	0	0
STX12	1	ENSG00000117758	DEL	CDS_deletion_17%_of_canonical	0.000517	0	0	0	1	0	1	0	0	0
STX3	11	ENSG00000166900	DEL	canonical_CDS_exon_deletion	0.00879	8	1	1	1	1	1	0	1	1
STXBP1	9	ENSG00000136854	DEL	canonical_CDS_exon_deletion	0.001034	0	0	1	0	0	1	0	0	0
STYXL2	1	ENSG00000198842	DEL	canonical_CDS_exon_deletion	0.002068	0	0	1	0	1	1	0	0	0
SUCNR1	3	ENSG00000198829	DEL	CDS_deletion_69%_of_canonical	0.000517	0	0	1	0	0	1	0	0	0
SUCO	1	ENSG00000094975	COMPLEX	complex_over_CDS	0.000517	0	0	0	0	0	0	0	0	0
SUGCT	7	ENSG00000175600	DEL	CDS_deletion_11%_of_canonical	0.000517	0	0	0	1	0	1	0	0	0
SUGP2	19	ENSG00000064607	INS	insertion_in_CDS_exon	0.000517	0	0	0	0	0	0	0	0	0
SULT1C3	2	ENSG00000196228	DEL	canonical_CDS_exon_deletion	0.000517	0	0	0	1	0	1	0	0	0
SUMF1	3	ENSG00000144455	DEL	canonical_CDS_exon_deletion	0.001034	0	1	0	0	0	1	0	0	1
SUMO1	2	ENSG00000116030	DEL	CDS_deletion_25%_of_canonical	0.001034	0	1	0	0	1	1	0	0	0
SUN1	7	ENSG00000164828	DEL	canonical_CDS_exon_deletion	0.791107	607	1	1	1	1	1	1	1	1
SUN2	22	ENSG00000100242	DEL	canonical_CDS_exon_deletion	0.000517	0	1	0	0	0	1	0	0	0
SUPT20H	13	ENSG00000102710	DEL	CDS_deletion_24%_of_canonical	0.000517	0	1	0	0	0	1	0	0	0
SUPT3H	6	ENSG00000196284	DEL	canonical_CDS_exon_deletion	0.000517	0	0	0	1	0	1	0	0	0
SUPT5H	19	ENSG00000196235	DEL	canonical_CDS_exon_deletion	0.003102	0	1	1	0	0	1	0	0	1
SUSD1	9	ENSG00000106868	COMPLEX	complex_over_CDS	0.000517	0	0	0	0	0	0	0	0	0
SV2B	15	ENSG00000185518	DEL	CDS_deletion_18%_of_canonical	0.000517	0	1	0	0	0	1	0	0	0
SVEP1	9	ENSG00000165124	DEL	canonical_CDS_exon_deletion	0.003619	1	1	0	0	0	1	0	1	1
SVIL	10	ENSG00000197321	DEL	canonical_CDS_exon_deletion	0.043433	3	1	1	0	1	1	1	1	1
SVIP	11	ENSG00000198168	DEL	CDS_deletion_55%_of_canonical	0.001034	1	0	0	0	1	1	0	1	0
SVOPL	7	ENSG00000157703	DEL	canonical_CDS_exon_deletion	0.101344	33	1	1	1	1	1	1	1	1
SWAP70	11	ENSG00000133789	DEL	canonical_CDS_exon_deletion	0.003102	2	1	1	0	0	1	0	1	1
SYBU	8	ENSG00000147642	COMPLEX	complex_deletion_in_CDS	0.003619	0	1	0	0	1	1	0	1	1
SYCE1	10	ENSG00000171772	COMPLEX	complex_over_CDS	0.031024	1	0	0	0	0	0	0	0	0
SYCP1	1	ENSG00000198765	DEL	canonical_CDS_exon_deletion	0.03516	7	1	1	0	0	1	1	1	1
SYCP2L	6	ENSG00000153157	DEL	canonical_CDS_exon_deletion	0.005171	0	0	0	1	0	1	0	0	1
SYF2	1	ENSG00000117614	DEL	CDS_deletion_12%_of_canonical	0.000517	0	0	0	0	0	1	0	0	0
SYN2	3	ENSG00000157152	INS	insertion_in_CDS_exon	0.000517	0	0	0	0	0	0	0	0	0
SYNE1	6	ENSG00000131018	DEL	canonical_CDS_exon_deletion	0.04757	11	1	1	1	1	1	1	1	1
SYNE2	14	ENSG00000054654	DEL	canonical_CDS_exon_deletion	0.027921	4	1	1	1	1	1	1	1	1
SYNGAP1	6	ENSG00000197283	DEL	CDS_deletion_23%_of_canonical	0.37849	157	1	1	1	1	1	1	1	1
SYNGR2	17	ENSG00000108639	DEL	CDS_deletion_15%_of_canonical	0.007756	1	1	1	1	1	1	0	1	1
SYNPO2	4	ENSG00000172403	COMPLEX	complex_deletion_in_CDS	0.003619	0	1	1	0	0	1	0	0	0
SYNRG	17	ENSG00000275066	DEL	canonical_CDS_exon_deletion	0.001034	1	1	0	0	0	1	0	1	0
SYS1-DBNDD2	20	ENSG00000254806	COMPLEX	complex_deletion_in_CDS	0.000517	0	0	1	0	0	1	0	0	0
SYT1	12	ENSG00000067715	DEL	canonical_CDS_exon_deletion	0.001034	0	1	0	0	1	1	0	0	0
SYT17	16	ENSG00000103528	DEL	CDS_deletion_22%_of_canonical	0.000517	0	1	0	0	0	1	0	0	0
SYT3	19	ENSG00000213023	DEL	CDS_deletion_38%_of_canonical	0.001551	1	0	0	0	1	1	0	1	1
TAAR2	6	ENSG00000146378	COMPLEX	complex_deletion_in_CDS	0.001034	1	0	0	0	0	1	0	1	0
TAAR5	6	ENSG00000135569	INS	insertion_in_CDS_exon	0.001034	0	0	0	0	0	0	0	0	0
TAAR9	6	ENSG00000237110	COMPLEX	complex_deletion_in_CDS	0.003619	2	1	1	0	1	1	0	1	0
TAC1	7	ENSG00000006128	COMPLEX	complex_over_CDS	0.001551	0	0	0	0	0	0	0	0	0
TAC4	17	ENSG00000176358	DEL	CDS_deletion_33%_of_canonical	0.000517	0	0	0	1	0	1	0	0	0
TACC1	8	ENSG00000147526	DEL	canonical_CDS_exon_deletion	0.001034	0	0	1	0	1	1	0	0	0
TACR3	4	ENSG00000169836	COMPLEX	complex_over_CDS	0.003619	0	0	0	0	0	0	0	0	0
TAF11L13	5	ENSG00000283776	DEL	whole_gene_CDS_deletion	0.001034	0	1	0	0	0	1	0	0	0
TAF11L14	5	ENSG00000250782	DEL	whole_gene_CDS_deletion	0.001034	0	1	0	0	0	1	0	0	0
TAF12	1	ENSG00000120656	COMPLEX	complex_deletion_in_CDS	0.001551	0	1	0	0	0	1	0	0	1
TAF13	1	ENSG00000197780	DEL	CDS_deletion_45%_of_canonical	0.223371	48	1	1	1	1	1	1	1	1
TAF1C	16	ENSG00000103168	DEL	whole_gene_CDS_deletion	0.000517	0	1	0	0	0	1	0	0	0
TAF2	8	ENSG00000064313	DEL	canonical_CDS_exon_deletion	0.000517	0	1	0	0	0	1	0	0	0
TAF6	7	ENSG00000106290	DEL	canonical_CDS_exon_deletion	0.004136	0	1	1	0	0	1	0	0	1
TAFA5	22	ENSG00000219438	DEL	canonical_CDS_exon_deletion	0.001034	0	1	0	0	0	1	0	0	0
TALDO1	11	ENSG00000177156	DEL	canonical_CDS_exon_deletion	0.105998	19	1	1	1	1	1	1	1	1
TAMM41	3	ENSG00000144559	DEL	CDS_deletion_16%_of_canonical	0.001034	0	0	0	1	1	1	0	0	0
TANC1	2	ENSG00000115183	DEL	canonical_CDS_exon_deletion	0.001034	1	0	0	0	0	1	0	1	1
TANGO6	16	ENSG00000103047	INS	insertion_in_CDS_exon	0.003102	0	0	0	0	0	0	0	0	0
TAP1	6	ENSG00000168394	DEL	canonical_CDS_exon_deletion	0.003102	0	1	1	1	0	1	0	0	0
TAP2	6	ENSG00000204267	COMPLEX	complex_over_CDS	0.016546	0	0	0	0	0	0	0	0	0
TARBP1	1	ENSG00000059588	DEL	canonical_CDS_exon_deletion	0.001034	0	0	0	1	0	1	0	1	1
TARBP2	12	ENSG00000139546	DEL	canonical_CDS_exon_deletion	0.001551	0	1	0	0	0	1	0	0	0
TARDBP	1	ENSG00000120948	INS	insertion_in_CDS_exon	0.000517	0	0	0	0	0	0	0	0	0
TARS1	5	ENSG00000113407	DEL	CDS_deletion_22%_of_canonical	0.002068	0	1	0	0	0	1	0	0	0
TAS1R2	1	ENSG00000179002	DEL	CDS_deletion_19%_of_canonical	0.004654	0	0	0	0	0	1	0	0	1
TAS1R3	1	ENSG00000169962	COMPLEX	complex_over_CDS	0.000517	0	0	0	0	0	0	0	0	0
TAS2R14	12	ENSG00000212127	DEL	whole_gene_CDS_deletion	0.000517	0	1	0	0	0	1	0	0	0
TAS2R5	7	ENSG00000127366	INS	insertion_in_CDS_exon	0.003619	0	0	0	0	0	0	0	0	0
TASOR	3	ENSG00000163946	DEL	CDS_deletion_23%_of_canonical	0.096691	54	1	1	1	1	1	1	1	1
TASP1	20	ENSG00000089123	COMPLEX	complex_over_CDS	0.001034	1	0	0	0	0	0	0	0	0
TAX1BP1	7	ENSG00000106052	DEL	canonical_CDS_exon_deletion	0.000517	0	1	0	0	0	1	0	0	0
TBC1D13	9	ENSG00000107021	DEL	CDS_deletion_18%_of_canonical	0.001551	1	0	0	1	0	1	0	1	0
TBC1D16	17	ENSG00000167291	DEL	CDS_deletion_41%_of_canonical	0.017063	2	1	1	0	0	1	1	1	1
TBC1D19	4	ENSG00000109680	DEL	canonical_CDS_exon_deletion	0.503102	246	1	1	1	1	1	1	1	1
TBC1D2	9	ENSG00000095383	DEL	canonical_CDS_exon_deletion	0.001551	0	0	0	0	1	1	0	0	0
TBC1D20	20	ENSG00000125875	DEL	CDS_deletion_22%_of_canonical	0.001034	1	0	1	0	0	1	0	1	0
TBC1D22B	6	ENSG00000065491	COMPLEX	complex_over_CDS	0.002588	0	0	0	0	0	0	0	0	0
TBC1D28	17	ENSG00000189375	DEL	CDS_deletion_25%_of_canonical	0.007756	3	1	0	0	0	1	0	1	0
TBC1D32	6	ENSG00000146350	DEL	canonical_CDS_exon_deletion	0.000517	0	1	0	0	0	1	0	0	0
TBC1D3C	17	ENSG00000278299	DEL	CDS_deletion_10%_of_canonical	0.000517	0	0	1	0	0	1	0	0	0
TBC1D3D	17	ENSG00000274419	DEL	canonical_CDS_exon_deletion	0.462771	229	1	1	1	1	1	1	1	1
TBC1D3H	17	ENSG00000274226	DEL	canonical_CDS_exon_deletion	0.000517	0	0	1	0	0	1	0	0	0
TBC1D4	13	ENSG00000136111	DEL	canonical_CDS_exon_deletion	0.452947	210	1	1	1	1	1	1	1	1
TBC1D7	6	ENSG00000145979	DEL	CDS_deletion_17%_of_canonical	0.489142	279	1	1	1	1	1	1	1	1
TBCD	17	ENSG00000141556	COMPLEX	complex_over_CDS	0.009307	3	0	0	0	0	0	0	0	0
TBL2	7	ENSG00000106638	DEL	canonical_CDS_exon_deletion	0.008273	2	1	1	0	0	1	0	1	0
TBL3	16	ENSG00000183751	DEL	canonical_CDS_exon_deletion	0.000517	0	1	0	0	0	1	0	0	0
TBP	6	ENSG00000112592	DEL	canonical_CDS_exon_deletion	0.154602	30	1	1	1	1	1	1	1	1
TBX2	17	ENSG00000121068	DEL	canonical_CDS_exon_deletion	0.001551	0	1	0	0	0	1	0	0	1
TBX4	17	ENSG00000121075	COMPLEX	complex_deletion_in_CDS	0.000517	0	1	0	0	0	1	0	0	0
TBXA2R	19	ENSG00000006638	INS	insertion_in_CDS_exon	0.061531	15	0	0	0	0	0	0	0	0
TBXAS1	7	ENSG00000059377	DEL	canonical_CDS_exon_deletion	0.001034	1	1	0	0	0	1	0	1	0
TC2N	14	ENSG00000165929	COMPLEX	complex_deletion_in_CDS	0.003619	0	1	0	1	1	1	0	0	1
TCAF1	7	ENSG00000198420	DEL	CDS_deletion_89%_of_canonical	0.091003	13	1	1	1	1	1	1	1	1
TCAF2C	7	ENSG00000283528	DEL	canonical_CDS_exon_deletion	0.000517	0	1	0	0	0	1	0	0	0
TCAIM	3	ENSG00000179152	COMPLEX	complex_deletion_in_CDS	0.005688	1	0	0	1	0	1	0	1	1
TCEA2	20	ENSG00000171703	COMPLEX	complex_deletion_in_CDS	0.163392	28	1	1	1	1	1	1	1	1
TCEA3	1	ENSG00000204219	DEL	CDS_deletion_14%_of_canonical	0.001034	0	0	0	1	0	1	0	0	1
TCF19	6	ENSG00000137310	INS	insertion_in_CDS_exon	0.001034	0	0	0	0	0	0	0	0	0
TCN1	11	ENSG00000134827	DEL	canonical_CDS_exon_deletion	0.004654	0	0	0	1	1	1	0	0	1
TCTN2	12	ENSG00000168778	COMPLEX	complex_deletion_in_CDS	0.001034	0	0	0	0	0	1	0	0	1
TCTN3	10	ENSG00000119977	DEL	CDS_deletion_13%_of_canonical	0.000517	0	0	0	0	1	1	0	0	0
TDRD6	6	ENSG00000180113	COMPLEX	complex_over_CDS	0.208376	64	0	0	0	0	0	0	0	0
TEAD2	19	ENSG00000074219	INS	insertion_in_CDS_exon	0.002585	0	0	0	0	0	0	0	0	0
TEAD4	12	ENSG00000197905	DEL	CDS_deletion_12%_of_canonical	0.033092	11	1	1	1	0	1	1	1	1
TEK	9	ENSG00000120156	COMPLEX	complex_over_CDS	0.001034	1	0	0	0	0	0	0	0	0
TEKT3	17	ENSG00000125409	INS	insertion_in_CDS_exon	0.001034	0	0	0	0	0	0	0	0	0
TEKT5	16	ENSG00000153060	DEL	canonical_CDS_exon_deletion	0.000517	0	0	0	0	0	1	0	0	1
TEKTIP1	19	ENSG00000183397	COMPLEX	complex_deletion_in_CDS	0.000517	0	0	0	0	1	1	0	0	0
TELO2	16	ENSG00000100726	DEL	canonical_CDS_exon_deletion	0.002585	0	1	0	0	0	1	0	0	0
TENM2	5	ENSG00000145934	DEL	canonical_CDS_exon_deletion	0.000517	0	0	0	0	1	1	0	0	0
TENM3	4	ENSG00000218336	INS	insertion_in_CDS_exon	0.535677	309	0	0	0	0	0	0	0	0
TENT4A	5	ENSG00000112941	DEL	CDS_deletion_21%_of_canonical	0.000517	0	1	0	0	0	1	0	0	0
TERB1	16	ENSG00000249961	DEL	canonical_CDS_exon_deletion	0.001034	0	0	0	0	0	1	0	0	1
TERF2IP	16	ENSG00000166848	DEL	CDS_deletion_34%_of_canonical	0.001034	1	1	0	0	0	1	0	1	0
TET1	10	ENSG00000138336	COMPLEX	complex_deletion_in_CDS	0.000517	0	0	0	0	0	1	0	0	1
TET3	2	ENSG00000187605	COMPLEX	complex_over_CDS	0.000517	0	0	0	0	0	0	0	0	0
TEX2	17	ENSG00000136478	INS	insertion_in_CDS_exon	0.001034	0	0	0	0	0	0	0	0	0
TEX45	19	ENSG00000198723	DEL	CDS_deletion_20%_of_canonical	0.000517	0	0	0	0	0	1	0	0	1
TEX49	12	ENSG00000257987	DEL	CDS_deletion_49%_of_canonical	0.000517	0	0	0	0	0	1	0	0	1
TEX51	2	ENSG00000237524	DEL	canonical_CDS_exon_deletion	0.016546	13	1	1	1	1	1	1	1	1
TFCP2	12	ENSG00000135457	DEL	canonical_CDS_exon_deletion	0.00879	0	1	0	0	0	1	0	0	1
TFDP2	3	ENSG00000114126	DEL	CDS_deletion_45%_of_canonical	0.001034	1	0	0	0	0	1	0	1	1
TFF2	21	ENSG00000160181	INS	insertion_in_CDS_exon	0.002585	1	0	0	0	0	0	0	0	0
TFPT	19	ENSG00000105619	DEL	CDS_deletion_15%_of_canonical	0.000517	0	1	0	0	0	1	0	0	0
TG	8	ENSG00000042832	DEL	canonical_CDS_exon_deletion	0.000517	0	0	0	1	0	1	0	0	0
TGDS	13	ENSG00000088451	DEL	CDS_deletion_16%_of_canonical	0.039814	8	1	1	0	1	1	1	1	0
TGIF2-RAB5IF	20	ENSG00000259399	DEL	canonical_CDS_exon_deletion	0.000517	0	1	0	0	0	1	0	0	0
TGM2	20	ENSG00000198959	DEL	CDS_deletion_44%_of_canonical	0.001034	0	0	0	1	0	1	0	0	0
TGM7	15	ENSG00000159495	DEL	canonical_CDS_exon_deletion	0.000517	0	0	0	0	0	1	0	0	0
THADA	2	ENSG00000115970	COMPLEX	complex_deletion_in_CDS	0.001034	0	0	1	0	0	1	0	0	0
THAP12	11	ENSG00000137492	DEL	canonical_CDS_exon_deletion	0.00879	1	1	1	0	0	1	0	1	1
THAP4	2	ENSG00000176946	COMPLEX	complex_deletion_in_CDS	0.001551	0	0	0	0	0	1	0	0	1
THBS1	15	ENSG00000137801	DEL	CDS_deletion_45%_of_canonical	0.002068	2	1	0	0	0	1	0	1	1
THBS3	1	ENSG00000169231	DEL	CDS_deletion_13%_of_canonical	0.000517	0	0	0	0	1	1	0	0	0
THBS4	5	ENSG00000113296	DEL	CDS_deletion_11%_of_canonical	0.002068	0	1	0	0	0	1	0	0	0
THEG	19	ENSG00000105549	COMPLEX	complex_deletion_in_CDS	0.177353	44	1	1	1	1	1	1	1	1
THEM6	8	ENSG00000130193	COMPLEX	complex_deletion_in_CDS	0.001034	0	0	1	0	0	1	0	0	1
THOC1	18	ENSG00000079134	COMPLEX	complex_deletion_in_CDS	0.00879	1	1	1	1	1	1	0	1	1
THOC7	3	ENSG00000163634	DEL	CDS_deletion_14%_of_canonical	0.005171	0	0	0	1	0	1	0	0	0
THOP1	19	ENSG00000172009	COMPLEX	complex_deletion_in_CDS	0.00879	0	1	0	1	0	1	0	0	0
THRB	3	ENSG00000151090	DEL	CDS_deletion_29%_of_canonical	0.000517	0	1	0	0	0	1	0	0	0
TIA1	2	ENSG00000116001	INS	insertion_in_CDS_exon	0.000517	0	0	0	0	0	0	0	0	0
TIAM1	21	ENSG00000156299	DEL	CDS_deletion_10%_of_canonical	0.000517	0	0	0	1	0	1	0	0	0
TIAM2	6	ENSG00000146426	DEL	canonical_CDS_exon_deletion	0.134436	43	1	1	1	1	1	1	1	1
TICAM2	5	ENSG00000243414	DEL	CDS_deletion_73%_of_canonical	0.000517	0	0	0	0	1	1	0	0	0
TIGD2	4	ENSG00000180346	DEL	CDS_deletion_83%_of_canonical	0.001551	0	0	1	0	1	1	0	0	0
TIGD5	8	ENSG00000179886	DEL	canonical_CDS_exon_deletion	0.002068	0	1	0	0	0	1	0	0	0
TIMM13	19	ENSG00000099800	DEL	whole_gene_CDS_deletion	0.001551	0	1	0	0	1	1	0	0	1
TIMM50	19	ENSG00000105197	DEL	canonical_CDS_exon_deletion	0.000517	0	0	1	0	0	1	0	0	0
TIMP2	17	ENSG00000035862	DEL	CDS_deletion_17%_of_canonical	0.000517	0	0	0	1	0	1	0	0	0
TINAGL1	1	ENSG00000142910	DEL	canonical_CDS_exon_deletion	0.000517	0	0	0	0	0	1	0	0	0
TKTL2	4	ENSG00000151005	DEL	CDS_deletion_14%_of_canonical	0.037228	9	1	1	1	1	1	1	1	1
TLDC2	20	ENSG00000101342	COMPLEX	complex_over_CDS	0.998966	966	0	0	0	0	0	0	0	0
TLE1	9	ENSG00000196781	DEL	canonical_CDS_exon_deletion	0.001034	0	1	0	0	0	1	0	0	1
TLE2	19	ENSG00000065717	DEL	CDS_deletion_11%_of_canonical	0.000517	0	0	1	0	0	1	0	0	0
TLE3	15	ENSG00000140332	DEL	canonical_CDS_exon_deletion	0.028438	4	1	0	1	0	1	1	1	0
TLE4	9	ENSG00000106829	DEL	CDS_deletion_42%_of_canonical	0.064633	35	1	1	1	1	1	1	1	1
TLK2	17	ENSG00000146872	DEL	canonical_CDS_exon_deletion	0.028438	1	1	0	1	0	1	1	1	0
TLL1	4	ENSG00000038295	DEL	canonical_CDS_exon_deletion	0.00879	2	1	0	0	0	1	0	1	0
TLN2	15	ENSG00000171914	DEL	canonical_CDS_exon_deletion	0.327301	127	1	1	1	1	1	1	1	1
TLR1	4	ENSG00000174125	DEL	CDS_deletion_68%_of_canonical	0.029473	3	1	1	1	1	1	1	1	1
TLR10	4	ENSG00000174123	DEL	whole_gene_CDS_deletion	0.029473	3	1	1	1	1	1	1	1	1
TLX1	10	ENSG00000107807	DEL	canonical_CDS_exon_deletion	0.000517	0	1	0	0	0	1	0	0	0
TM2D1	1	ENSG00000162604	DEL	CDS_deletion_16%_of_canonical	0.001551	0	1	0	0	0	1	0	0	0
TM2D2	8	ENSG00000169490	DEL	CDS_deletion_10%_of_canonical	0.001034	1	1	0	0	0	1	0	1	0
TM9SF2	13	ENSG00000125304	COMPLEX	complex_deletion_in_CDS	0.010858	0	1	0	0	0	1	1	0	1
TM9SF3	10	ENSG00000077147	DEL	CDS_deletion_22%_of_canonical	0.01758	4	1	1	1	1	1	1	1	1
TMA16	4	ENSG00000198498	DEL	canonical_CDS_exon_deletion	0.037228	9	1	1	1	1	1	1	1	1
TMBIM4	12	ENSG00000155957	COMPLEX	complex_over_CDS	0.001551	0	0	0	0	0	0	0	0	0
TMC2	20	ENSG00000149488	DEL	canonical_CDS_exon_deletion	0.001551	0	0	0	0	1	1	0	0	1
TMC4	19	ENSG00000167608	COMPLEX	complex_over_CDS	0.103413	18	0	0	0	0	0	0	0	0
TMC6	17	ENSG00000141524	DEL	CDS_deletion_19%_of_canonical	0.006722	6	1	1	1	1	1	0	1	1
TMC8	17	ENSG00000167895	DEL	canonical_CDS_exon_deletion	0.904343	804	1	1	1	1	1	1	1	1
TMCC1	3	ENSG00000172765	DEL	canonical_CDS_exon_deletion	0.001034	0	1	1	0	1	1	0	0	0
TMCC3	12	ENSG00000057704	INS	insertion_in_CDS_exon	0.007239	0	0	0	0	0	0	0	0	0
TMCO1	1	ENSG00000143183	DEL	CDS_deletion_20%_of_canonical	0.007756	1	1	1	0	0	1	0	1	0
TMED3	15	ENSG00000166557	COMPLEX	complex_deletion_in_CDS	0.000517	0	0	0	0	0	1	0	0	1
TMED6	16	ENSG00000157315	INS	insertion_in_CDS_exon	0.000517	0	0	0	0	0	0	0	0	0
TMED7-TICAM2	5	ENSG00000251201	DEL	CDS_deletion_38%_of_canonical	0.000517	0	0	0	0	1	1	0	0	0
TMEFF1	9	ENSG00000241697	DEL	CDS_deletion_17%_of_canonical	0.004654	0	0	1	0	1	1	0	1	1
TMEM107	17	ENSG00000179029	DEL	canonical_CDS_exon_deletion	0.002585	0	0	1	0	1	1	0	0	1
TMEM108	3	ENSG00000144868	COMPLEX	complex_over_CDS	0.370734	161	0	0	0	0	0	0	0	0
TMEM131	2	ENSG00000075568	DEL	CDS_deletion_27%_of_canonical	0.156153	131	1	1	1	1	1	1	1	1
TMEM132C	12	ENSG00000181234	DEL	canonical_CDS_exon_deletion	0.006722	0	1	0	0	0	1	0	0	0
TMEM145	19	ENSG00000167619	DEL	canonical_CDS_exon_deletion	0.000517	0	0	0	1	0	1	0	0	0
TMEM151A	11	ENSG00000179292	INS	insertion_in_CDS_exon	0.001034	0	0	0	0	0	0	0	0	0
TMEM167B	1	ENSG00000215717	DEL	canonical_CDS_exon_deletion	0.041882	4	1	1	1	1	1	1	1	1
TMEM168	7	ENSG00000146802	COMPLEX	complex_deletion_in_CDS	0.000517	0	0	0	1	0	1	0	0	0
TMEM176A	7	ENSG00000002933	DEL	CDS_deletion_25%_of_canonical	0.001551	0	0	0	0	1	1	0	0	1
TMEM178A	2	ENSG00000152154	COMPLEX	complex_over_CDS	0.007756	3	0	0	0	0	0	0	0	0
TMEM183A	1	ENSG00000163444	DEL	CDS_deletion_14%_of_canonical	0.006205	0	1	0	0	0	1	0	0	0
TMEM184A	7	ENSG00000164855	DEL	CDS_deletion_15%_of_canonical	0.176319	43	1	1	1	1	1	1	1	1
TMEM199	17	ENSG00000244045	COMPLEX	complex_deletion_in_CDS	0.003102	0	1	1	0	0	1	0	0	0
TMEM200C	18	ENSG00000206432	INS	insertion_in_CDS_exon	0.024302	0	0	0	0	0	0	0	0	0
TMEM205	19	ENSG00000105518	DEL	CDS_deletion_47%_of_canonical	0.000517	0	0	0	0	1	1	0	0	0
TMEM209	7	ENSG00000146842	COMPLEX	complex_deletion_in_CDS	0.001551	0	0	0	1	1	1	0	0	1
TMEM222	1	ENSG00000186501	DEL	canonical_CDS_exon_deletion	0.006722	1	1	1	1	0	1	0	1	1
TMEM225B	7	ENSG00000244219	DEL	CDS_deletion_22%_of_canonical	0.000517	0	1	0	0	0	1	0	0	0
TMEM229A	7	ENSG00000234224	DEL	whole_gene_CDS_deletion	0.000517	0	1	0	0	0	1	0	0	0
TMEM232	5	ENSG00000186952	DEL	CDS_deletion_19%_of_canonical	0.098242	34	1	1	1	1	1	1	1	1
TMEM238	19	ENSG00000233493	DEL	canonical_CDS_exon_deletion	0.184592	51	1	1	1	1	1	1	1	1
TMEM245	9	ENSG00000106771	DEL	CDS_deletion_98%_of_canonical	0.018614	0	1	1	1	1	1	1	0	1
TMEM250	9	ENSG00000238227	DEL	whole_gene_CDS_deletion	0.005171	1	0	1	0	1	1	0	1	0
TMEM269	1	ENSG00000274386	COMPLEX	complex_deletion_in_CDS	0.013444	2	1	1	0	0	1	1	1	0
TMEM272	13	ENSG00000281106	DEL	CDS_deletion_64%_of_canonical	0.005688	3	1	1	0	0	1	0	1	0
TMEM33	4	ENSG00000109133	DEL	CDS_deletion_39%_of_canonical	0.012409	7	1	1	1	1	1	1	1	1
TMEM35B	1	ENSG00000243749	DEL	canonical_CDS_exon_deletion	0.006722	0	1	0	0	0	1	0	0	0
TMEM43	3	ENSG00000170876	DEL	canonical_CDS_exon_deletion	0.098759	12	1	1	1	1	1	1	1	1
TMEM44	3	ENSG00000145014	DEL	CDS_deletion_11%_of_canonical	0.000517	0	0	0	0	1	1	0	0	0
TMEM59	1	ENSG00000116209	DEL	CDS_deletion_16%_of_canonical	0.007239	0	1	1	0	0	1	0	0	1
TMEM63A	1	ENSG00000196187	INS	insertion_in_CDS_exon	0.000517	0	0	0	0	0	0	0	0	0
TMEM63B	6	ENSG00000137216	DEL	canonical_CDS_exon_deletion	0.068252	8	1	1	0	1	1	1	1	1
TMEM87A	15	ENSG00000103978	DEL	canonical_CDS_exon_deletion	0.004654	3	1	1	1	1	1	0	1	0
TMOD3	15	ENSG00000138594	DEL	canonical_CDS_exon_deletion	0.001034	0	1	0	0	1	1	0	0	0
TMPO	12	ENSG00000120802	DEL	canonical_CDS_exon_deletion	0.042399	39	1	1	1	1	1	1	1	1
TMPRSS15	21	ENSG00000154646	DEL	canonical_CDS_exon_deletion	0.001034	0	0	0	0	1	1	0	0	0
TMPRSS2	21	ENSG00000184012	DEL	CDS_deletion_20%_of_canonical	0.000517	0	1	0	0	0	1	0	0	0
TMPRSS4	11	ENSG00000137648	DEL	canonical_CDS_exon_deletion	0.26939	88	1	1	1	1	1	1	1	1
TMPRSS5	11	ENSG00000166682	DEL	CDS_deletion_15%_of_canonical	0.001034	1	0	0	0	0	1	0	1	1
TMPRSS6	22	ENSG00000187045	DEL	canonical_CDS_exon_deletion	0.002585	0	0	0	1	1	1	0	0	0
TMPRSS7	3	ENSG00000176040	DEL	canonical_CDS_exon_deletion	0.001034	0	0	0	1	0	1	0	0	0
TMPRSS9	19	ENSG00000178297	DEL	canonical_CDS_exon_deletion	0.36091	132	1	1	1	1	1	1	1	1
TMTC1	12	ENSG00000133687	COMPLEX	complex_deletion_in_CDS	0.070321	18	1	1	1	1	1	1	1	1
TMTC2	12	ENSG00000179104	INS	insertion_in_CDS_exon	0.001551	0	0	0	0	0	0	0	0	0
TMTC3	12	ENSG00000139324	INS	insertion_in_CDS_exon	0.000517	0	0	0	0	0	0	0	0	0
TMTC4	13	ENSG00000125247	DEL	canonical_CDS_exon_deletion	0.000517	0	1	0	0	0	1	0	0	0
TMX1	14	ENSG00000139921	DEL	CDS_deletion_21%_of_canonical	0.005688	0	1	1	0	0	1	0	0	0
TNC	9	ENSG00000041982	DEL	CDS_deletion_17%_of_canonical	0.000517	0	0	0	0	0	1	0	0	1
TNFAIP8L1	19	ENSG00000185361	COMPLEX	complex_deletion_in_CDS	0.032058	1	1	1	1	1	1	1	1	1
TNFRSF10A	8	ENSG00000104689	COMPLEX	complex_deletion_in_CDS	0.633919	396	1	1	1	1	1	1	1	1
TNFRSF19	13	ENSG00000127863	DEL	canonical_CDS_exon_deletion	0.000517	0	0	0	0	0	1	0	0	0
TNFRSF25	1	ENSG00000215788	DEL	canonical_CDS_exon_deletion	0.002068	0	0	0	0	1	1	0	0	1
TNFRSF6B	20	ENSG00000243509	INS	insertion_in_CDS_exon	0.366081	120	0	0	0	0	0	0	0	0
TNFSF10	3	ENSG00000121858	COMPLEX	complex_deletion_in_CDS	0.002068	1	1	0	0	0	1	0	1	1
TNFSF8	9	ENSG00000106952	COMPLEX	complex_deletion_in_CDS	0.001551	1	1	0	0	0	1	0	1	1
TNFSF9	19	ENSG00000125657	DEL	CDS_deletion_90%_of_canonical	0.000517	0	0	1	0	0	1	0	0	0
TNIK	3	ENSG00000154310	COMPLEX	complex_over_CDS	0.002068	2	0	0	0	0	0	0	0	0
TNK2	3	ENSG00000061938	DEL	canonical_CDS_exon_deletion	0.001034	0	0	0	1	0	1	0	0	1
TNPO2	19	ENSG00000105576	INS	insertion_in_CDS_exon	0.000517	0	0	0	0	0	0	0	0	0
TNRC18	7	ENSG00000182095	INS	insertion_in_CDS_exon	0.002068	0	0	0	0	0	0	0	0	0
TNRC6A	16	ENSG00000090905	DEL	canonical_CDS_exon_deletion	0.044467	6	1	1	1	0	1	1	1	1
TNRC6C	17	ENSG00000078687	INS	insertion_in_CDS_exon	0.000517	0	0	0	0	0	0	0	0	0
TNS1	2	ENSG00000079308	DEL	canonical_CDS_exon_deletion	0.943123	862	1	1	1	1	1	1	1	1
TNS3	7	ENSG00000136205	DEL	canonical_CDS_exon_deletion	0.019131	3	1	1	0	1	1	1	1	0
TNXB	6	ENSG00000168477	COMPLEX	complex_deletion_in_CDS	0.791624	619	1	1	1	1	1	1	1	1
TOM1L1	17	ENSG00000141198	DEL	canonical_CDS_exon_deletion	0.048087	5	1	1	1	1	1	1	1	1
TOMM20	1	ENSG00000173726	INS	insertion_in_CDS_exon	0.000517	0	0	0	0	0	0	0	0	0
TOMM20L	14	ENSG00000196860	INS	insertion_in_CDS_exon	0.004654	0	0	0	0	0	0	0	0	0
TOMM40	19	ENSG00000130204	DEL	canonical_CDS_exon_deletion	0.000517	0	0	0	0	0	1	0	0	1
TOP1MT	8	ENSG00000184428	DEL	canonical_CDS_exon_deletion	0.903309	780	1	1	1	1	1	1	1	1
TOP2A	17	ENSG00000131747	DEL	canonical_CDS_exon_deletion	0.000517	0	0	0	0	0	1	0	0	1
TOP3A	17	ENSG00000177302	DEL	canonical_CDS_exon_deletion	0.179938	34	1	1	1	1	1	1	1	1
TOP3B	22	ENSG00000100038	DEL	canonical_CDS_exon_deletion	0.001551	0	1	1	0	1	1	0	0	0
TOPAZ1	3	ENSG00000173769	COMPLEX	complex_deletion_in_CDS	0.004136	0	1	0	1	0	1	0	0	0
TOPBP1	3	ENSG00000163781	COMPLEX	complex_deletion_in_CDS	0.002585	1	1	0	1	0	1	0	1	1
TOPORS	9	ENSG00000197579	INS	insertion_in_CDS_exon	0.018097	0	0	0	0	0	0	0	0	0
TOR1B	9	ENSG00000136816	DEL	CDS_deletion_24%_of_canonical	0.000517	0	0	1	0	0	1	0	0	0
TOX4	14	ENSG00000092203	INS	insertion_in_CDS_exon	0.048087	4	0	0	0	0	0	0	0	0
TP53I13	17	ENSG00000167543	COMPLEX	complex_over_CDS	0.001034	0	0	0	0	0	0	0	0	0
TP53INP2	20	ENSG00000078804	DEL	CDS_deletion_20%_of_canonical	0.02637	3	1	1	0	1	1	1	1	1
TP53TG5	20	ENSG00000124251	DEL	CDS_deletion_29%_of_canonical	0.758532	554	1	1	1	1	1	1	1	1
TP63	3	ENSG00000073282	DEL	canonical_CDS_exon_deletion	0.001034	1	1	0	0	0	1	0	1	0
TPCN2	11	ENSG00000162341	COMPLEX	complex_deletion_in_CDS	0.374871	176	1	1	1	1	1	1	1	1
TPD52	8	ENSG00000076554	DEL	CDS_deletion_19%_of_canonical	0.001034	1	1	0	0	0	1	0	1	0
TPGS1	19	ENSG00000141933	DEL	canonical_CDS_exon_deletion	0.000517	0	0	0	0	0	1	0	0	1
TPK1	7	ENSG00000196511	DEL	CDS_deletion_15%_of_canonical	0.006205	4	1	1	0	1	1	0	1	0
TPM2	9	ENSG00000198467	DEL	CDS_deletion_25%_of_canonical	0.001034	0	0	0	0	0	1	0	0	1
TPO	2	ENSG00000115705	DEL	canonical_CDS_exon_deletion	0.007239	0	1	1	1	1	1	0	0	0
TPPP	5	ENSG00000171368	COMPLEX	complex_deletion_in_CDS	0.004654	2	1	0	0	1	1	0	1	0
TPR	1	ENSG00000047410	INS	insertion_in_CDS_exon	0.000517	0	0	0	0	0	0	0	0	0
TPRA1	3	ENSG00000163870	INS	insertion_in_CDS_exon	0.107549	12	0	0	0	0	0	0	0	0
TPRG1	3	ENSG00000188001	DEL	canonical_CDS_exon_deletion	0.000517	0	0	0	0	0	1	0	0	1
TRABD	22	ENSG00000170638	DEL	canonical_CDS_exon_deletion	0.153051	20	1	1	1	1	1	1	1	1
TRABD2A	2	ENSG00000186854	DEL	canonical_CDS_exon_deletion	0.000517	0	1	0	0	0	1	0	0	0
TRABD2B	1	ENSG00000269113	DEL	CDS_deletion_13%_of_canonical	0.002068	0	0	0	1	0	1	0	0	0
TRAF3IP1	2	ENSG00000204104	DEL	canonical_CDS_exon_deletion	0.000517	0	0	0	1	0	1	0	0	0
TRAJ31	14	ENSG00000211858	DEL	whole_gene_CDS_deletion	0.000517	0	0	0	0	0	1	0	0	1
TRAJ32	14	ENSG00000211857	DEL	whole_gene_CDS_deletion	0.000517	0	0	0	0	0	1	0	0	1
TRAJ33	14	ENSG00000211856	DEL	whole_gene_CDS_deletion	0.000517	0	0	0	0	0	1	0	0	1
TRAP1	16	ENSG00000126602	DEL	CDS_deletion_33%_of_canonical	0.012927	0	1	1	1	1	1	1	0	1
TRAPPC12	2	ENSG00000171853	COMPLEX	complex_over_CDS	0.009307	9	0	0	0	0	0	0	0	0
TRAPPC8	18	ENSG00000153339	DEL	canonical_CDS_exon_deletion	0.001551	0	1	1	0	0	1	0	0	0
TRAV17	14	ENSG00000211797	COMPLEX	complex_over_CDS	0.001551	0	0	0	0	0	0	0	0	0
TRAV18	14	ENSG00000211798	COMPLEX	complex_over_CDS	0.001551	0	0	0	0	0	0	0	0	0
TRAV19	14	ENSG00000211799	COMPLEX	complex_over_CDS	0.001551	0	0	0	0	0	0	0	0	0
TRBV10-1	7	ENSG00000211717	DEL	CDS_deletion_93%_of_canonical	0.001034	0	1	0	0	0	1	0	0	1
TRBV3-1	7	ENSG00000237702	DEL	whole_gene_CDS_deletion	0.001034	0	0	0	1	0	1	0	0	1
TRBV6-5	7	ENSG00000211721	DEL	whole_gene_CDS_deletion	0.001034	0	0	1	0	0	1	0	0	0
TRDD3	14	ENSG00000228985	DEL	whole_gene_CDS_deletion	0.001034	1	0	0	0	1	1	0	1	0
TRDJ1	14	ENSG00000211825	DEL	whole_gene_CDS_deletion	0.001034	1	0	0	0	1	1	0	1	0
TRDJ2	14	ENSG00000211827	DEL	whole_gene_CDS_deletion	0.001034	1	0	0	0	1	1	0	1	0
TRDJ3	14	ENSG00000211828	DEL	whole_gene_CDS_deletion	0.001034	1	0	0	0	1	1	0	1	0
TRDJ4	14	ENSG00000211826	DEL	whole_gene_CDS_deletion	0.001034	1	0	0	0	1	1	0	1	0
TRDN	6	ENSG00000186439	DEL	canonical_CDS_exon_deletion	0.003102	1	0	1	0	1	1	0	1	1
TREML2	6	ENSG00000112195	COMPLEX	complex_over_CDS	0.001034	0	0	0	0	0	0	0	0	0
TRGC1	7	ENSG00000211689	COMPLEX	complex_over_CDS	0.092554	7	0	0	0	0	0	0	0	0
TRHDE	12	ENSG00000072657	DEL	canonical_CDS_exon_deletion	0.000517	0	0	0	0	0	1	0	0	1
TRIM26	6	ENSG00000234127	COMPLEX	complex_deletion_in_CDS	0.001034	0	0	1	0	0	1	0	0	0
TRIM28	19	ENSG00000130726	COMPLEX	complex_deletion_in_CDS	0.036711	1	1	1	1	1	1	1	1	1
TRIM39	6	ENSG00000204599	INS	insertion_in_CDS_exon	0.417787	171	0	0	0	0	0	0	0	0
TRIM39-RPP21	6	ENSG00000248167	INS	insertion_in_CDS_exon	0.417787	171	0	0	0	0	0	0	0	0
TRIM4	7	ENSG00000146833	COMPLEX	complex_over_CDS	0.001551	0	0	0	0	0	0	0	0	0
TRIM43B	2	ENSG00000144010	COMPLEX	complex_deletion_in_CDS	0.001034	1	0	0	0	0	1	0	1	1
TRIM49	11	ENSG00000168930	DEL	CDS_deletion_81%_of_canonical	0.005171	0	1	1	1	0	1	0	0	0
TRIM49B	11	ENSG00000182053	DEL	CDS_deletion_76%_of_canonical	0.006729	0	1	1	1	1	1	0	0	1
TRIM49C	11	ENSG00000204449	DEL	canonical_CDS_exon_deletion	0.004654	1	1	1	0	0	1	0	1	0
TRIM51G	11	ENSG00000220948	COMPLEX	complex_deletion_in_CDS	0.005688	1	0	1	1	1	1	0	1	1
TRIM58	1	ENSG00000162722	COMPLEX	complex_deletion_in_CDS	0.001034	1	0	0	0	0	1	0	1	1
TRIM62	1	ENSG00000116525	DEL	canonical_CDS_exon_deletion	0.016029	0	1	1	0	0	1	1	0	1
TRIM64	11	ENSG00000204450	COMPLEX	complex_deletion_in_CDS	0.023785	18	1	0	1	1	1	1	1	0
TRIM64C	11	ENSG00000214891	COMPLEX	complex_deletion_in_CDS	0.004658	2	1	1	1	1	1	0	1	0
TRIM66	11	ENSG00000166436	DEL	canonical_CDS_exon_deletion	0.441572	196	1	1	1	1	1	1	1	1
TRIM68	11	ENSG00000167333	DEL	whole_gene_CDS_deletion	0.002068	2	0	0	1	0	1	0	1	0
TRIM69	15	ENSG00000185880	DEL	CDS_deletion_16%_of_canonical	0.003619	0	0	1	0	1	1	0	0	1
TRIM75	4	ENSG00000250374	DEL	canonical_CDS_exon_deletion	0.005688	0	1	0	1	1	1	0	0	0
TRIM77	11	ENSG00000214414	DEL	CDS_deletion_19%_of_canonical	0.054292	11	1	1	1	1	1	1	1	1
TRIO	5	ENSG00000038382	DEL	canonical_CDS_exon_deletion	0.027404	3	1	1	0	0	1	1	1	1
TRIOBP	22	ENSG00000100106	DEL	canonical_CDS_exon_deletion	0.002585	0	0	0	0	1	1	0	0	1
TRIP11	14	ENSG00000100815	DEL	canonical_CDS_exon_deletion	0.014478	1	1	1	0	0	1	1	1	0
TRIT1	1	ENSG00000043514	DEL	CDS_deletion_10%_of_canonical	0.000517	0	0	0	0	0	1	0	0	1
TRMT10B	9	ENSG00000165275	INS	insertion_in_CDS_exon	0.000517	0	0	0	0	0	0	0	0	0
TRNT1	3	ENSG00000072756	COMPLEX	complex_deletion_in_CDS	0.005688	1	0	0	1	0	1	0	1	1
TRPC4	13	ENSG00000133107	DEL	CDS_deletion_13%_of_canonical	0.001034	1	0	0	0	1	1	0	1	0
TRPC4AP	20	ENSG00000100991	DEL	canonical_CDS_exon_deletion	0.149431	68	1	1	1	1	1	1	1	1
TRPC6	11	ENSG00000137672	COMPLEX	complex_deletion_in_CDS	0.025853	2	1	1	1	1	1	1	1	1
TRPC7	5	ENSG00000069018	DEL	canonical_CDS_exon_deletion	0.000517	0	0	0	1	0	1	0	0	0
TRPM2	21	ENSG00000142185	COMPLEX	complex_deletion_in_CDS	0.002585	0	1	1	1	0	1	0	1	1
TRPM4	19	ENSG00000130529	DEL	canonical_CDS_exon_deletion	0.001551	1	0	0	1	0	1	0	1	1
TRPM5	11	ENSG00000070985	DEL	canonical_CDS_exon_deletion	0.206825	58	1	1	1	1	1	1	1	1
TRPV3	17	ENSG00000167723	INS	insertion_in_CDS_exon	0.129783	42	0	0	0	0	0	0	0	0
TRPV4	12	ENSG00000111199	DEL	canonical_CDS_exon_deletion	0.013444	13	1	1	0	1	1	1	1	0
TRRAP	7	ENSG00000196367	DEL	canonical_CDS_exon_deletion	0.003102	3	1	0	0	0	1	0	1	0
TSBP1	6	ENSG00000204296	DEL	canonical_CDS_exon_deletion	0.002068	0	1	1	1	1	1	0	0	0
TSC1	9	ENSG00000165699	INS	insertion_in_CDS_exon	0.000517	0	0	0	0	0	0	0	0	0
TSC2	16	ENSG00000103197	DEL	canonical_CDS_exon_deletion	0.897622	785	1	1	1	1	1	1	1	1
TSC22D1	13	ENSG00000102804	DEL	canonical_CDS_exon_deletion	0.006205	0	1	1	0	0	1	0	0	0
TSG101	11	ENSG00000074319	COMPLEX	complex_deletion_in_CDS	0.002585	0	1	0	0	1	1	0	1	1
TSGA10IP	11	ENSG00000175513	DEL	canonical_CDS_exon_deletion	0.000517	0	0	0	1	0	1	0	0	0
TSHZ3	19	ENSG00000121297	COMPLEX	complex_deletion_in_CDS	0.537746	301	1	1	1	1	1	1	1	1
TSNARE1	8	ENSG00000171045	INS	insertion_in_CDS_exon	0.039814	2	0	0	0	0	0	0	0	0
TSPAN11	12	ENSG00000110900	COMPLEX	complex_deletion_in_CDS	0.001553	0	1	0	0	1	1	0	0	0
TSPAN14	10	ENSG00000108219	DEL	CDS_deletion_10%_of_canonical	0.001034	1	1	0	0	0	1	0	1	0
TSPAN16	19	ENSG00000130167	DEL	CDS_deletion_11%_of_canonical	0.053257	0	1	1	1	1	1	1	0	1
TSPAN17	5	ENSG00000048140	DEL	canonical_CDS_exon_deletion	0.001034	0	1	0	0	1	1	0	0	1
TSPAN8	12	ENSG00000127324	DEL	canonical_CDS_exon_deletion	0.001551	0	0	1	0	1	1	0	0	1
TSPYL6	2	ENSG00000178021	COMPLEX	complex_over_CDS	0.006722	1	0	0	0	0	0	0	0	0
TSR1	17	ENSG00000167721	DEL	canonical_CDS_exon_deletion	0.279731	78	1	1	1	1	1	1	1	1
TST	22	ENSG00000128311	DEL	CDS_deletion_33%_of_canonical	0.022234	6	1	1	0	1	1	1	1	0
TSTD2	9	ENSG00000136925	DEL	CDS_deletion_31%_of_canonical	0.000517	0	0	0	1	0	1	0	0	0
TTBK2	15	ENSG00000128881	DEL	CDS_deletion_12%_of_canonical	0.008799	1	1	1	1	1	1	0	1	1
TTC13	1	ENSG00000143643	COMPLEX	complex_deletion_in_CDS	0.000517	0	1	0	0	0	1	0	0	0
TTC21B	2	ENSG00000123607	DEL	canonical_CDS_exon_deletion	0.983454	937	1	1	1	1	1	1	1	1
TTC22	1	ENSG00000006555	DEL	canonical_CDS_exon_deletion	0.027921	8	1	0	1	1	1	1	1	1
TTC23	15	ENSG00000103852	DEL	CDS_deletion_43%_of_canonical	0.000517	0	0	0	0	0	1	0	0	1
TTC39A	1	ENSG00000085831	DEL	canonical_CDS_exon_deletion	0.00879	0	1	0	0	0	1	0	0	0
TTC4	1	ENSG00000243725	DEL	CDS_deletion_34%_of_canonical	0.004136	2	1	0	0	0	1	0	1	0
TTC9	14	ENSG00000133985	DEL	CDS_deletion_15%_of_canonical	0.111169	18	1	1	1	1	1	1	1	1
TTF2	1	ENSG00000116830	DEL	canonical_CDS_exon_deletion	0.001551	0	0	0	1	0	1	0	0	0
TTLL1	22	ENSG00000100271	DEL	CDS_deletion_13%_of_canonical	0.003619	0	1	0	0	1	1	0	0	0
TTLL10	1	ENSG00000162571	DEL	canonical_CDS_exon_deletion	0.907963	797	1	1	1	1	1	1	1	1
TTLL12	22	ENSG00000100304	DEL	canonical_CDS_exon_deletion	0.312823	112	1	1	1	1	1	1	1	1
TTLL13	15	ENSG00000213471	DEL	CDS_deletion_11%_of_canonical	0.005171	2	1	1	0	1	1	0	1	0
TTLL2	6	ENSG00000120440	INS	insertion_in_CDS_exon	0.000517	0	0	0	0	0	0	0	0	0
TTLL3	3	ENSG00000214021	DEL	canonical_CDS_exon_deletion	0.005688	0	1	1	1	0	1	0	0	0
TTLL5	14	ENSG00000119685	DEL	canonical_CDS_exon_deletion	0.001551	0	1	0	1	0	1	0	0	0
TTLL6	17	ENSG00000170703	DEL	canonical_CDS_exon_deletion	0.003102	0	1	1	1	1	1	0	0	0
TTLL7	1	ENSG00000137941	DEL	canonical_CDS_exon_deletion	0.002068	0	1	0	1	0	1	0	0	0
TTLL8	22	ENSG00000138892	DEL	canonical_CDS_exon_deletion	0.225957	72	1	1	1	1	1	1	1	1
TTLL9	20	ENSG00000131044	COMPLEX	complex_deletion_in_CDS	0.478283	280	1	1	1	1	1	1	1	1
TTN	2	ENSG00000155657	DEL	canonical_CDS_exon_deletion	0.003619	0	1	0	0	0	1	0	0	1
TTYH3	7	ENSG00000136295	COMPLEX	complex_over_CDS	0.911582	814	0	0	0	0	0	0	0	0
TUBA1C	12	ENSG00000167553	INS	insertion_in_CDS_exon	0.002585	0	0	0	0	0	0	0	0	0
TUBA4B	2	ENSG00000243910	DEL	canonical_CDS_exon_deletion	0.006205	0	1	1	1	0	1	0	0	0
TUBA8	22	ENSG00000183785	DEL	CDS_deletion_22%_of_canonical	0.000517	0	0	0	1	0	1	0	0	0
TUBB2B	6	ENSG00000137285	COMPLEX	complex_over_CDS	0.266287	68	0	0	0	0	0	0	0	0
TUBB3	16	ENSG00000258947	DEL	canonical_CDS_exon_deletion	0.004136	1	1	1	0	0	1	0	1	0
TUBB6	18	ENSG00000176014	COMPLEX	complex_deletion_in_CDS	0.321096	102	1	1	1	1	1	1	1	1
TUBD1	17	ENSG00000108423	DEL	canonical_CDS_exon_deletion	0.001034	0	0	0	1	0	1	0	0	1
TUBGCP3	13	ENSG00000126216	DEL	canonical_CDS_exon_deletion	0.098759	40	1	1	1	1	1	1	1	1
TUBGCP6	22	ENSG00000128159	INS	insertion_in_CDS_exon	0.007756	0	0	0	0	0	0	0	0	0
TUFM	16	ENSG00000178952	COMPLEX	complex_deletion_in_CDS	0.469493	257	1	1	1	1	1	1	1	1
TUFT1	1	ENSG00000143367	DEL	CDS_deletion_21%_of_canonical	0.000517	0	0	0	1	0	1	0	0	0
TULP4	6	ENSG00000130338	DEL	canonical_CDS_exon_deletion	0.302482	123	1	1	1	1	1	1	1	1
TXN	9	ENSG00000136810	COMPLEX	complex_deletion_in_CDS	0.003619	3	1	0	0	0	1	0	1	1
TXNDC5	6	ENSG00000239264	DEL	canonical_CDS_exon_deletion	0.053257	10	1	1	1	1	1	1	1	1
TXNRD1	12	ENSG00000198431	DEL	CDS_deletion_10%_of_canonical	0.001034	1	0	0	1	0	1	0	1	0
TYMP	22	ENSG00000025708	DEL	CDS_deletion_12%_of_canonical	0.014995	1	1	1	1	1	1	1	1	1
TYMS	18	ENSG00000176890	DEL	CDS_deletion_11%_of_canonical	0.440538	251	1	1	1	1	1	1	1	1
TYRP1	9	ENSG00000107165	INS	insertion_in_CDS_exon	0.005688	0	0	0	0	0	0	0	0	0
TYW1B	7	ENSG00000277149	DEL	canonical_CDS_exon_deletion	0.000517	0	0	1	0	0	1	0	0	0
U2AF2	19	ENSG00000063244	COMPLEX	complex_deletion_in_CDS	0.139607	51	1	1	1	1	1	1	1	1
UACA	15	ENSG00000137831	DEL	canonical_CDS_exon_deletion	0.000517	0	0	0	1	0	1	0	0	0
UBA2	19	ENSG00000126261	DEL	CDS_deletion_13%_of_canonical	0.000517	0	0	0	0	0	1	0	0	1
UBA6	4	ENSG00000033178	DEL	canonical_CDS_exon_deletion	0.001551	0	0	0	0	1	1	0	0	1
UBAC2	13	ENSG00000134882	DEL	canonical_CDS_exon_deletion	0.001551	0	1	0	0	0	1	0	0	1
UBAP1L	15	ENSG00000246922	INS	insertion_in_CDS_exon	0.000517	0	0	0	0	0	0	0	0	0
UBASH3A	21	ENSG00000160185	DEL	canonical_CDS_exon_deletion	0.004654	0	1	0	0	0	1	0	0	0
UBC	12	ENSG00000150991	DEL	canonical_CDS_exon_deletion	0.49121	269	1	1	1	1	1	1	1	1
UBE2B	5	ENSG00000119048	DEL	CDS_deletion_25%_of_canonical	0.001034	1	0	1	0	0	1	0	1	0
UBE2D1	10	ENSG00000072401	DEL	canonical_CDS_exon_deletion	0.001551	0	1	0	0	1	1	0	0	0
UBE2G1	17	ENSG00000132388	DEL	CDS_deletion_20%_of_canonical	0.001034	0	1	1	0	0	1	0	0	0
UBE2J1	6	ENSG00000198833	DEL	CDS_deletion_14%_of_canonical	0.000517	0	0	1	0	0	1	0	0	0
UBE2Q2	15	ENSG00000140367	COMPLEX	complex_deletion_in_CDS	0.001551	0	1	1	0	0	1	0	0	0
UBE2R2	9	ENSG00000107341	COMPLEX	complex_deletion_in_CDS	0.003102	1	1	1	1	0	1	0	1	1
UBE2S	19	ENSG00000108106	DEL	CDS_deletion_38%_of_canonical	0.001034	0	0	0	0	0	1	0	0	1
UBE2U	1	ENSG00000177414	DEL	canonical_CDS_exon_deletion	0.434333	191	1	1	1	1	1	1	1	1
UBE3B	12	ENSG00000151148	DEL	canonical_CDS_exon_deletion	0.001551	1	0	0	0	0	1	0	1	1
UBE3C	7	ENSG00000009335	COMPLEX	complex_deletion_in_CDS	0.001034	0	0	1	0	0	1	0	0	0
UBE4A	11	ENSG00000110344	COMPLEX	complex_deletion_in_CDS	0.008273	0	1	0	1	0	1	0	0	1
UBE4B	1	ENSG00000130939	DEL	canonical_CDS_exon_deletion	0.002585	0	0	0	1	0	1	0	0	0
UBN1	16	ENSG00000118900	DEL	canonical_CDS_exon_deletion	0.003619	0	0	1	0	1	1	0	0	0
UBN2	7	ENSG00000157741	COMPLEX	complex_over_CDS	0.151499	29	0	0	0	0	0	0	0	0
UBR1	15	ENSG00000159459	COMPLEX	complex_deletion_in_CDS	0.542916	340	1	1	1	1	1	1	1	1
UBR3	2	ENSG00000144357	COMPLEX	complex_deletion_in_CDS	0.018097	2	1	1	0	0	1	1	1	0
UBR4	1	ENSG00000127481	DEL	canonical_CDS_exon_deletion	0.049121	11	1	1	1	1	1	1	1	1
UBTF	17	ENSG00000108312	DEL	CDS_deletion_25%_of_canonical	0.60031	379	1	1	1	1	1	1	1	1
UBTFL1	11	ENSG00000255009	COMPLEX	complex_over_CDS	0.001034	0	0	0	0	0	0	0	0	0
UBXN4	2	ENSG00000144224	DEL	canonical_CDS_exon_deletion	0.050672	10	1	1	1	1	1	1	1	0
UBXN6	19	ENSG00000167671	DEL	CDS_deletion_16%_of_canonical	0.000517	0	0	0	0	0	1	0	0	1
UCHL5	1	ENSG00000116750	DEL	CDS_deletion_39%_of_canonical	0.000517	0	0	1	0	0	1	0	0	0
UCN3	10	ENSG00000178473	COMPLEX	complex_deletion_in_CDS	0.009824	9	1	1	1	1	1	0	1	1
UFSP2	4	ENSG00000109775	COMPLEX	complex_deletion_in_CDS	0.000517	0	1	0	0	0	1	0	0	0
UGDH	4	ENSG00000109814	DEL	CDS_deletion_37%_of_canonical	0.000517	0	0	0	0	0	1	0	0	1
UGGT2	13	ENSG00000102595	DEL	CDS_deletion_13%_of_canonical	0.000517	0	1	0	0	0	1	0	0	0
UGT3A1	5	ENSG00000145626	DEL	canonical_CDS_exon_deletion	0.004136	0	1	1	0	1	1	0	0	1
UHRF1	19	ENSG00000276043	DEL	canonical_CDS_exon_deletion	0.15667	23	1	1	1	1	1	1	1	1
ULK1	12	ENSG00000177169	INS	insertion_in_CDS_exon	0.498966	294	0	0	0	0	0	0	0	0
ULK3	15	ENSG00000140474	COMPLEX	complex_deletion_in_CDS	0.002585	0	1	1	0	1	1	0	0	0
ULK4	3	ENSG00000168038	DEL	canonical_CDS_exon_deletion	0.016029	5	1	1	0	0	1	1	1	1
UMOD	16	ENSG00000169344	INS	insertion_in_CDS_exon	0.002585	0	0	0	0	0	0	0	0	0
UMODL1	21	ENSG00000177398	DEL	canonical_CDS_exon_deletion	0.520165	277	1	1	1	1	1	1	1	1
UNC13A	19	ENSG00000130477	DEL	canonical_CDS_exon_deletion	0.004654	1	1	1	1	0	1	0	1	1
UNC13C	15	ENSG00000137766	DEL	canonical_CDS_exon_deletion	0.000517	0	1	0	0	0	1	0	0	0
UNC50	2	ENSG00000115446	DEL	CDS_deletion_52%_of_canonical	0.002068	0	1	0	1	0	1	0	0	1
UNC5C	4	ENSG00000182168	COMPLEX	complex_over_CDS	0.003619	1	0	0	0	0	0	0	0	0
UNC5CL	6	ENSG00000124602	DEL	CDS_deletion_29%_of_canonical	0.000517	0	0	0	1	0	1	0	0	0
UNC79	14	ENSG00000133958	DEL	canonical_CDS_exon_deletion	0.000517	0	1	0	0	0	1	0	0	0
UNC80	2	ENSG00000144406	COMPLEX	complex_deletion_in_CDS	0.000517	0	1	0	0	0	1	0	0	0
UPF1	19	ENSG00000005007	INS	insertion_in_CDS_exon	0.380041	164	0	0	0	0	0	0	0	0
UPK3A	22	ENSG00000100373	COMPLEX	complex_over_CDS	0.002068	0	0	0	0	0	0	0	0	0
UQCR10	22	ENSG00000184076	DEL	CDS_deletion_44%_of_canonical	0.001034	0	1	0	0	0	1	0	0	0
URB1	21	ENSG00000142207	DEL	canonical_CDS_exon_deletion	0.088935	23	1	1	1	1	1	1	1	1
URGCP	7	ENSG00000106608	INS	insertion_in_CDS_exon	0.000517	0	0	0	0	0	0	0	0	0
URI1	19	ENSG00000105176	DEL	canonical_CDS_exon_deletion	0.07394	12	1	1	1	1	1	1	1	1
USF1	1	ENSG00000158773	COMPLEX	complex_over_CDS	0.001034	0	0	0	0	0	0	0	0	0
USF3	3	ENSG00000176542	DEL	canonical_CDS_exon_deletion	0.006205	0	1	1	0	1	1	0	0	1
USO1	4	ENSG00000138768	COMPLEX	complex_deletion_in_CDS	0.001034	0	0	1	0	1	1	0	0	0
USP13	3	ENSG00000058056	DEL	canonical_CDS_exon_deletion	0.009307	1	1	0	1	1	1	0	1	1
USP15	12	ENSG00000135655	COMPLEX	complex_deletion_in_CDS	0.001034	0	0	0	1	0	1	0	0	0
USP17L24	4	ENSG00000232264	COMPLEX	complex_deletion_in_CDS	0.460186	254	1	1	1	1	1	1	1	1
USP17L26	4	ENSG00000229579	DEL	CDS_deletion_32%_of_canonical	0.510858	326	1	1	1	1	1	1	1	1
USP17L27	4	ENSG00000235780	DEL	CDS_deletion_69%_of_canonical	0.510858	326	1	1	1	1	1	1	1	1
USP17L28	4	ENSG00000231051	DEL	CDS_deletion_15%_of_canonical	0.640641	475	1	1	1	1	1	1	1	1
USP17L29	4	ENSG00000231637	DEL	whole_gene_CDS_deletion	0.640641	475	1	1	1	1	1	1	1	1
USP17L30	4	ENSG00000228856	DEL	CDS_deletion_85%_of_canonical	0.640641	475	1	1	1	1	1	1	1	1
USP17L5	4	ENSG00000227140	DEL	whole_gene_CDS_deletion	0.510858	326	1	1	1	1	1	1	1	1
USP24	1	ENSG00000162402	DEL	canonical_CDS_exon_deletion	0.008273	0	1	0	0	0	1	0	0	0
USP28	11	ENSG00000048028	COMPLEX	complex_deletion_in_CDS	0.003619	0	0	0	0	1	1	0	0	1
USP29	19	ENSG00000131864	DEL	CDS_deletion_24%_of_canonical	0.179938	43	1	1	1	1	1	1	1	1
USP30	12	ENSG00000135093	DEL	canonical_CDS_exon_deletion	0.01758	2	1	1	0	0	1	1	1	0
USP31	16	ENSG00000103404	DEL	canonical_CDS_exon_deletion	0.005688	0	0	0	0	1	1	0	0	1
USP36	17	ENSG00000055483	DEL	canonical_CDS_exon_deletion	0.002068	1	0	0	0	0	1	0	1	1
USP37	2	ENSG00000135913	COMPLEX	complex_deletion_in_CDS	0.002585	0	0	1	1	1	1	0	0	1
USP4	3	ENSG00000114316	DEL	canonical_CDS_exon_deletion	0.000517	0	0	0	0	1	1	0	0	0
USP40	2	ENSG00000085982	DEL	canonical_CDS_exon_deletion	0.001034	0	1	1	0	0	1	0	0	1
USP42	7	ENSG00000106346	DEL	canonical_CDS_exon_deletion	0.000517	0	0	0	0	1	1	0	0	0
USP43	17	ENSG00000154914	DEL	canonical_CDS_exon_deletion	0.003102	0	0	0	1	0	1	0	0	0
USP47	11	ENSG00000170242	DEL	canonical_CDS_exon_deletion	0.214581	66	1	1	1	1	1	1	1	1
USP54	10	ENSG00000166348	DEL	canonical_CDS_exon_deletion	0.008273	1	1	0	0	0	1	0	1	1
USP6	17	ENSG00000129204	DEL	canonical_CDS_exon_deletion	0.001551	1	0	1	0	1	1	0	1	0
UTP18	17	ENSG00000011260	DEL	canonical_CDS_exon_deletion	0.000517	0	0	0	1	0	1	0	0	0
UTRN	6	ENSG00000152818	DEL	canonical_CDS_exon_deletion	0.000517	0	1	0	0	0	1	0	0	1
UTS2R	17	ENSG00000181408	DEL	canonical_CDS_exon_deletion	0.003102	0	1	1	1	1	1	0	0	0
UXS1	2	ENSG00000115652	DEL	canonical_CDS_exon_deletion	0.001551	0	0	1	0	1	1	0	0	0
VAPA	18	ENSG00000101558	DEL	CDS_deletion_11%_of_canonical	0.000517	0	0	0	1	0	1	0	0	0
VAPB	20	ENSG00000124164	DEL	CDS_deletion_35%_of_canonical	0.001034	1	0	0	0	0	1	0	1	0
VARS1	6	ENSG00000204394	DEL	canonical_CDS_exon_deletion	0.094623	21	1	1	1	1	1	1	1	1
VARS2	6	ENSG00000137411	DEL	canonical_CDS_exon_deletion	0.210445	53	1	1	1	1	1	1	1	1
VAT1L	16	ENSG00000171724	DEL	CDS_deletion_20%_of_canonical	0.021717	5	1	1	1	0	1	1	1	0
VAV1	19	ENSG00000141968	COMPLEX	complex_deletion_in_CDS	0.023785	6	1	1	0	0	1	1	1	1
VAV2	9	ENSG00000160293	DEL	CDS_deletion_17%_of_canonical	0.002585	0	1	0	0	0	1	0	0	0
VCAN	5	ENSG00000038427	COMPLEX	complex_deletion_in_CDS	0.550672	322	1	1	1	1	1	1	1	1
VCL	10	ENSG00000035403	COMPLEX	complex_over_CDS	0.001034	0	0	0	0	0	0	0	0	0
VCPIP1	8	ENSG00000175073	DEL	CDS_deletion_18%_of_canonical	0.009824	1	1	1	0	1	1	0	1	1
VDAC1	5	ENSG00000213585	COMPLEX	complex_deletion_in_CDS	0.001551	0	1	0	0	0	1	0	0	1
VGF	7	ENSG00000128564	COMPLEX	complex_deletion_in_CDS	0.001551	1	0	0	1	0	1	0	1	1
VHL	3	ENSG00000134086	DEL	CDS_deletion_39%_of_canonical	0.006205	0	1	1	1	0	1	0	0	0
VIL1	2	ENSG00000127831	COMPLEX	complex_deletion_in_CDS	0.002585	0	0	1	1	1	1	0	0	1
VIPAS39	14	ENSG00000151445	DEL	whole_gene_CDS_deletion	0.001034	1	1	0	0	0	1	0	1	0
VIT	2	ENSG00000205221	DEL	canonical_CDS_exon_deletion	0.001034	0	0	0	0	1	1	0	0	0
VN1R5	1	ENSG00000197617	COMPLEX	complex_deletion_in_CDS	0.233195	65	1	1	1	1	1	1	1	1
VPREB1	22	ENSG00000169575	DEL	canonical_CDS_exon_deletion	0.000517	0	0	1	0	0	1	0	0	0
VPS13A	9	ENSG00000197969	DEL	canonical_CDS_exon_deletion	0.153568	38	1	1	1	1	1	1	1	1
VPS13B	8	ENSG00000132549	DEL	canonical_CDS_exon_deletion	0.000517	0	0	0	1	0	1	0	0	0
VPS13C	15	ENSG00000129003	DEL	canonical_CDS_exon_deletion	1.0	967	1	1	1	1	1	1	1	1
VPS13D	1	ENSG00000048707	DEL	canonical_CDS_exon_deletion	0.004654	0	1	0	0	0	1	0	0	0
VPS33B	15	ENSG00000184056	DEL	canonical_CDS_exon_deletion	0.969462	922	1	1	1	1	1	1	1	1
VPS37D	7	ENSG00000176428	INS	insertion_in_CDS_exon	0.055843	12	0	0	0	0	0	0	0	0
VPS4A	16	ENSG00000132612	COMPLEX	complex_deletion_in_CDS	0.000517	0	0	0	0	0	1	0	0	1
VPS50	7	ENSG00000004766	INS	insertion_in_CDS_exon	0.001034	0	0	0	0	0	0	0	0	0
VPS53	17	ENSG00000141252	DEL	canonical_CDS_exon_deletion	0.005171	0	1	1	1	1	1	0	0	1
VPS8	3	ENSG00000156931	DEL	CDS_deletion_15%_of_canonical	0.000517	0	0	0	0	1	1	0	0	0
VPS9D1	16	ENSG00000075399	DEL	CDS_deletion_10%_of_canonical	0.230093	53	1	1	1	1	1	1	1	1
VRK1	14	ENSG00000100749	DEL	CDS_deletion_15%_of_canonical	0.000517	0	0	1	0	0	1	0	0	0
VRK2	2	ENSG00000028116	DEL	CDS_deletion_12%_of_canonical	0.000517	0	0	0	0	0	1	0	0	1
VSTM1	19	ENSG00000189068	DEL	CDS_deletion_12%_of_canonical	0.1303	46	1	1	0	1	1	1	1	1
VWA5B1	1	ENSG00000158816	DEL	canonical_CDS_exon_deletion	0.002585	0	0	0	1	0	1	0	0	1
VWA8	13	ENSG00000102763	DEL	canonical_CDS_exon_deletion	0.157704	33	1	1	1	1	1	1	1	1
VWDE	7	ENSG00000146530	INS	insertion_in_CDS_exon	0.390383	145	0	0	0	0	0	0	0	0
VXN	8	ENSG00000169085	DEL	CDS_deletion_80%_of_canonical	0.001034	0	0	0	0	1	1	0	0	0
WAPL	10	ENSG00000062650	DEL	canonical_CDS_exon_deletion	0.003619	0	0	1	0	1	1	0	0	1
WASF1	6	ENSG00000112290	DEL	canonical_CDS_exon_deletion	0.010341	0	1	1	0	0	1	1	0	0
WASHC1	9	ENSG00000181404	COMPLEX	complex_deletion_in_CDS	0.018097	6	1	1	1	1	1	1	1	1
WASHC2A	10	ENSG00000099290	DEL	canonical_CDS_exon_deletion	0.000517	0	0	0	0	0	1	0	0	1
WBP1	2	ENSG00000239779	DEL	whole_gene_CDS_deletion	0.010341	2	1	1	0	0	1	1	1	1
WBP11	12	ENSG00000084463	DEL	canonical_CDS_exon_deletion	0.001034	0	1	0	0	0	1	0	0	1
WDFY2	13	ENSG00000139668	COMPLEX	complex_over_CDS	0.002068	0	0	0	0	0	0	0	0	0
WDFY4	10	ENSG00000128815	COMPLEX	complex_deletion_in_CDS	0.042916	14	1	1	1	1	1	1	1	1
WDR11	10	ENSG00000120008	DEL	canonical_CDS_exon_deletion	0.003619	1	0	0	0	0	1	0	1	1
WDR18	19	ENSG00000065268	DEL	CDS_deletion_13%_of_canonical	1.0	967	1	1	1	1	1	1	1	1
WDR26	1	ENSG00000162923	DEL	canonical_CDS_exon_deletion	0.008273	1	1	1	1	0	1	0	1	1
WDR35	2	ENSG00000118965	INS	insertion_in_CDS_exon	0.000517	0	0	0	0	0	0	0	0	0
WDR37	10	ENSG00000047056	INS	insertion_in_CDS_exon	0.013444	1	0	0	0	0	0	0	0	0
WDR38	9	ENSG00000136918	COMPLEX	complex_deletion_in_CDS	0.006205	0	1	0	0	0	1	0	0	0
WDR4	21	ENSG00000160193	DEL	canonical_CDS_exon_deletion	0.050155	7	1	1	1	1	1	1	1	1
WDR43	2	ENSG00000163811	DEL	canonical_CDS_exon_deletion	0.002068	0	0	1	1	0	1	0	0	1
WDR47	1	ENSG00000085433	DEL	canonical_CDS_exon_deletion	0.011375	3	1	0	0	0	1	1	1	0
WDR49	3	ENSG00000174776	DEL	CDS_deletion_10%_of_canonical	0.001551	1	1	0	0	0	1	0	1	0
WDR59	16	ENSG00000103091	DEL	canonical_CDS_exon_deletion	0.000517	0	0	0	0	0	1	0	0	1
WDR62	19	ENSG00000075702	DEL	canonical_CDS_exon_deletion	0.000517	0	0	1	0	0	1	0	0	0
WDR64	1	ENSG00000162843	INS	insertion_in_CDS_exon	0.000517	0	0	0	0	0	0	0	0	0
WDR7	18	ENSG00000091157	DEL	canonical_CDS_exon_deletion	0.000517	0	0	1	0	0	1	0	0	0
WDR70	5	ENSG00000082068	COMPLEX	complex_deletion_in_CDS	0.005688	0	1	1	0	0	1	0	0	0
WDR72	15	ENSG00000166415	DEL	canonical_CDS_exon_deletion	0.262151	70	1	1	1	1	1	1	1	1
WDR76	15	ENSG00000092470	INS	insertion_in_CDS_exon	0.004136	0	0	0	0	0	0	0	0	0
WDR88	19	ENSG00000166359	DEL	canonical_CDS_exon_deletion	0.001034	1	1	0	1	0	1	0	1	0
WDR93	15	ENSG00000140527	DEL	CDS_deletion_11%_of_canonical	0.000517	0	0	0	0	0	1	0	0	1
WDR97	8	ENSG00000179698	DEL	canonical_CDS_exon_deletion	0.407446	180	1	1	1	1	1	1	1	1
WDSUB1	2	ENSG00000196151	DEL	CDS_deletion_23%_of_canonical	1.0	967	1	1	1	1	1	1	1	1
WDTC1	1	ENSG00000142784	DEL	canonical_CDS_exon_deletion	0.002068	0	0	0	1	0	1	0	0	0
WEE2	7	ENSG00000214102	DEL	CDS_deletion_17%_of_canonical	0.001034	1	1	0	0	1	1	0	1	0
WFS1	4	ENSG00000109501	INS	insertion_in_CDS_exon	0.001034	0	0	0	0	0	0	0	0	0
WHAMM	15	ENSG00000156232	INS	insertion_in_CDS_exon	0.000517	0	0	0	0	0	0	0	0	0
WIPF1	2	ENSG00000115935	DEL	CDS_deletion_12%_of_canonical	0.889866	784	1	1	1	1	1	1	1	1
WNK1	12	ENSG00000060237	DEL	CDS_deletion_11%_of_canonical	0.089969	17	1	1	1	1	1	1	1	1
WNK2	9	ENSG00000165238	DEL	canonical_CDS_exon_deletion	0.001034	0	1	0	0	0	1	0	0	1
WNT10A	2	ENSG00000135925	INS	insertion_in_CDS_exon	0.000517	0	0	0	0	0	0	0	0	0
WNT16	7	ENSG00000002745	COMPLEX	complex_deletion_in_CDS	0.001551	1	0	0	0	0	1	0	1	1
WSCD1	17	ENSG00000179314	DEL	CDS_deletion_51%_of_canonical	0.016029	10	1	1	0	0	1	1	1	0
WWOX	16	ENSG00000186153	COMPLEX	complex_deletion_in_CDS	0.001034	1	0	0	0	0	1	0	1	1
WWP2	16	ENSG00000198373	DEL	canonical_CDS_exon_deletion	0.009307	5	1	0	1	0	1	0	1	1
XDH	2	ENSG00000158125	DEL	canonical_CDS_exon_deletion	1.0	967	1	1	1	1	1	1	1	1
XIRP1	3	ENSG00000168334	DEL	canonical_CDS_exon_deletion	0.003102	0	1	0	1	1	1	0	0	1
XKR8	1	ENSG00000158156	DEL	CDS_deletion_17%_of_canonical	0.000517	0	0	0	1	0	1	0	0	0
XPNPEP1	10	ENSG00000108039	COMPLEX	complex_deletion_in_CDS	0.000517	0	0	0	1	0	1	0	0	0
XPO4	13	ENSG00000132953	DEL	canonical_CDS_exon_deletion	0.000517	0	0	1	0	0	1	0	0	0
XPO5	6	ENSG00000124571	DEL	canonical_CDS_exon_deletion	0.000517	0	0	0	0	0	1	0	0	1
XPOT	12	ENSG00000184575	DEL	canonical_CDS_exon_deletion	0.001034	0	0	0	1	0	1	0	0	0
XRCC4	5	ENSG00000152422	DEL	CDS_deletion_17%_of_canonical	0.001551	1	0	0	1	0	1	0	1	0
XRCC5	2	ENSG00000079246	DEL	canonical_CDS_exon_deletion	0.000517	0	0	0	1	0	1	0	0	0
YAE1	7	ENSG00000241127	INS	insertion_in_CDS_exon	0.001551	0	0	0	0	0	0	0	0	0
YEATS2	3	ENSG00000163872	COMPLEX	complex_over_CDS	0.000517	0	0	0	0	0	0	0	0	0
YES1	18	ENSG00000176105	DEL	canonical_CDS_exon_deletion	0.188728	42	1	1	1	1	1	1	1	1
YJU2B	19	ENSG00000104957	DEL	CDS_deletion_52%_of_canonical	0.000517	0	1	0	0	0	1	0	0	0
YME1L1	10	ENSG00000136758	INS	insertion_in_CDS_exon	0.016029	2	0	0	0	0	0	0	0	0
YTHDF2	1	ENSG00000198492	DEL	canonical_CDS_exon_deletion	0.13909	23	1	1	1	1	1	1	1	1
YWHAG	7	ENSG00000170027	DEL	CDS_deletion_12%_of_canonical	0.004136	0	1	1	0	0	1	0	0	1
YY1AP1	1	ENSG00000163374	DEL	CDS_deletion_14%_of_canonical	0.000517	0	0	0	0	1	1	0	0	0
ZACN	17	ENSG00000186919	DEL	whole_gene_CDS_deletion	0.000517	0	0	0	0	1	1	0	0	0
ZAN	7	ENSG00000146839	DEL	canonical_CDS_exon_deletion	0.000517	0	0	0	0	1	1	0	0	0
ZAP70	2	ENSG00000115085	COMPLEX	complex_deletion_in_CDS	0.016029	8	1	0	1	1	1	1	1	1
ZBBX	3	ENSG00000169064	DEL	canonical_CDS_exon_deletion	0.003102	2	1	0	0	0	1	0	1	0
ZBED2	3	ENSG00000177494	DEL	CDS_deletion_13%_of_canonical	0.001034	0	1	0	1	0	1	0	0	0
ZBED4	22	ENSG00000100426	DEL	canonical_CDS_exon_deletion	0.010858	10	0	0	1	1	1	1	1	0
ZBTB21	21	ENSG00000173276	DEL	canonical_CDS_exon_deletion	0.117373	35	1	1	1	1	1	1	1	1
ZBTB22	6	ENSG00000236104	INS	insertion_in_CDS_exon	0.001034	0	0	0	0	0	0	0	0	0
ZBTB24	6	ENSG00000112365	COMPLEX	complex_deletion_in_CDS	0.007756	2	1	1	0	1	1	0	1	1
ZBTB37	1	ENSG00000185278	INS	insertion_in_CDS_exon	0.031541	1	0	0	0	0	0	0	0	0
ZBTB41	1	ENSG00000177888	DEL	CDS_deletion_25%_of_canonical	0.000517	0	0	0	0	1	1	0	0	0
ZBTB45	19	ENSG00000119574	DEL	canonical_CDS_exon_deletion	0.173733	150	1	1	1	1	1	1	1	1
ZBTB46	20	ENSG00000130584	DEL	canonical_CDS_exon_deletion	0.001551	0	1	0	0	0	1	0	0	0
ZBTB8B	1	ENSG00000273274	DEL	CDS_deletion_12%_of_canonical	0.001034	1	0	1	0	0	1	0	1	0
ZBTB9	6	ENSG00000213588	INS	insertion_in_CDS_exon	0.000517	0	0	0	0	0	0	0	0	0
ZC2HC1A	8	ENSG00000104427	DEL	CDS_deletion_14%_of_canonical	0.003102	1	0	0	0	1	1	0	1	1
ZC3H13	13	ENSG00000123200	COMPLEX	complex_deletion_in_CDS	0.002068	0	0	0	1	0	1	0	0	1
ZC3H3	8	ENSG00000014164	DEL	canonical_CDS_exon_deletion	0.003102	0	1	0	1	1	1	0	0	0
ZC3H7A	16	ENSG00000122299	DEL	canonical_CDS_exon_deletion	0.000517	0	0	0	0	0	1	0	0	0
ZC3HAV1	7	ENSG00000105939	DEL	CDS_deletion_11%_of_canonical	0.502585	288	1	1	1	1	1	1	1	1
ZCCHC10	5	ENSG00000155329	DEL	canonical_CDS_exon_deletion	0.000517	0	1	0	0	0	1	0	0	0
ZCCHC17	1	ENSG00000121766	DEL	CDS_deletion_20%_of_canonical	0.005171	0	1	1	1	0	1	0	0	1
ZCCHC2	18	ENSG00000141664	DEL	CDS_deletion_24%_of_canonical	0.000517	0	1	0	0	1	1	0	0	0
ZCCHC8	12	ENSG00000033030	DEL	canonical_CDS_exon_deletion	0.002068	0	1	1	0	0	1	0	0	1
ZCCHC9	5	ENSG00000131732	DEL	canonical_CDS_exon_deletion	0.003619	0	1	1	0	1	1	0	0	1
ZDHHC11	5	ENSG00000188818	DEL	canonical_CDS_exon_deletion	0.007239	0	1	1	1	0	1	0	0	0
ZDHHC11B	5	ENSG00000206077	COMPLEX	complex_deletion_in_CDS	0.029473	0	1	1	1	1	1	1	0	0
ZDHHC13	11	ENSG00000177054	DEL	CDS_deletion_13%_of_canonical	0.000517	0	0	0	0	1	1	0	0	0
ZDHHC14	6	ENSG00000175048	DEL	canonical_CDS_exon_deletion	0.000517	0	0	0	0	0	1	0	0	1
ZDHHC17	12	ENSG00000186908	DEL	canonical_CDS_exon_deletion	0.000517	0	0	0	0	0	1	0	0	0
ZDHHC2	8	ENSG00000104219	DEL	CDS_deletion_20%_of_canonical	0.001551	1	1	0	0	0	1	0	1	0
ZDHHC20	13	ENSG00000180776	DEL	CDS_deletion_11%_of_canonical	0.000517	0	1	0	0	0	1	0	0	0
ZDHHC4	7	ENSG00000136247	DEL	canonical_CDS_exon_deletion	0.106515	15	1	1	1	1	1	1	1	1
ZDHHC7	16	ENSG00000153786	DEL	CDS_deletion_10%_of_canonical	0.001034	0	0	1	0	0	1	0	0	1
ZEB2	2	ENSG00000169554	DEL	canonical_CDS_exon_deletion	0.000517	0	0	1	0	0	1	0	0	0
ZFC3H1	12	ENSG00000133858	DEL	canonical_CDS_exon_deletion	0.003102	0	1	0	0	0	1	0	0	1
ZFHX2	14	ENSG00000136367	COMPLEX	complex_over_CDS	0.348501	126	0	0	0	0	0	0	0	0
ZFHX3	16	ENSG00000140836	DEL	canonical_CDS_exon_deletion	0.001034	0	0	1	0	1	1	0	0	0
ZFHX4	8	ENSG00000091656	INS	insertion_in_CDS_exon	0.383661	141	0	0	0	0	0	0	0	0
ZFP82	19	ENSG00000181007	DEL	canonical_CDS_exon_deletion	0.001034	0	1	0	0	0	1	0	0	1
ZFP90	16	ENSG00000184939	DEL	CDS_deletion_87%_of_canonical	0.001034	0	1	0	0	0	1	0	0	0
ZFR2	19	ENSG00000105278	DEL	canonical_CDS_exon_deletion	0.001034	0	1	1	0	1	1	0	0	0
ZFTRAF1	8	ENSG00000187954	DEL	CDS_deletion_34%_of_canonical	0.016029	4	1	1	1	0	1	1	1	1
ZFYVE26	14	ENSG00000072121	DEL	CDS_deletion_21%_of_canonical	0.573423	399	1	1	1	1	1	1	1	1
ZG16B	16	ENSG00000162078	DEL	canonical_CDS_exon_deletion	0.016029	1	1	1	1	1	1	1	1	1
ZGLP1	19	ENSG00000220201	DEL	canonical_CDS_exon_deletion	0.000517	0	1	0	0	0	1	0	0	0
ZIM3	19	ENSG00000141946	DEL	CDS_deletion_67%_of_canonical	0.179938	43	1	1	1	1	1	1	1	1
ZMAT3	3	ENSG00000172667	DEL	CDS_deletion_14%_of_canonical	0.559979	302	1	1	1	1	1	1	1	1
ZMAT5	22	ENSG00000100319	DEL	CDS_deletion_25%_of_canonical	0.024302	2	1	1	0	0	1	1	1	0
ZMYM1	1	ENSG00000197056	DEL	canonical_CDS_exon_deletion	0.000517	0	0	1	0	0	1	0	0	0
ZMYM6	1	ENSG00000163867	DEL	canonical_CDS_exon_deletion	0.000517	0	0	1	0	0	1	0	0	0
ZMYND10	3	ENSG00000004838	DEL	CDS_deletion_15%_of_canonical	0.397104	259	1	1	1	1	1	1	1	1
ZMYND15	17	ENSG00000141497	COMPLEX	complex_deletion_in_CDS	0.541365	402	1	1	1	1	1	1	1	1
ZNF10	12	ENSG00000256223	DEL	CDS_deletion_13%_of_canonical	0.932782	844	1	1	1	1	1	1	1	1
ZNF107	7	ENSG00000196247	COMPLEX	complex_deletion_in_CDS	0.006205	1	1	1	0	0	1	0	1	0
ZNF124	1	ENSG00000196418	DEL	canonical_CDS_exon_deletion	0.000517	0	1	0	0	0	1	0	0	0
ZNF135	19	ENSG00000176293	DEL	canonical_CDS_exon_deletion	1.0	967	1	1	1	1	1	1	1	1
ZNF136	19	ENSG00000196646	DEL	CDS_deletion_100%_of_canonical	0.018614	5	1	0	1	0	1	1	1	1
ZNF142	2	ENSG00000115568	INS	insertion_in_CDS_exon	0.013444	1	0	0	0	0	0	0	0	0
ZNF16	8	ENSG00000170631	DEL	canonical_CDS_exon_deletion	0.000517	0	0	0	0	0	1	0	0	1
ZNF17	19	ENSG00000186272	DEL	canonical_CDS_exon_deletion	0.001551	0	1	0	0	0	1	0	0	1
ZNF174	16	ENSG00000103343	DEL	canonical_CDS_exon_deletion	0.002585	0	1	0	0	1	1	0	0	0
ZNF180	19	ENSG00000167384	DEL	canonical_CDS_exon_deletion	0.000517	0	1	0	0	0	1	0	0	0
ZNF200	16	ENSG00000010539	DEL	CDS_deletion_27%_of_canonical	0.139607	21	1	1	1	1	1	1	1	1
ZNF202	11	ENSG00000166261	DEL	canonical_CDS_exon_deletion	0.228025	60	1	1	1	1	1	1	1	1
ZNF207	17	ENSG00000010244	DEL	canonical_CDS_exon_deletion	0.000517	0	0	0	1	0	1	0	0	0
ZNF208	19	ENSG00000160321	COMPLEX	complex_over_CDS	0.000517	0	0	0	0	0	0	0	0	0
ZNF22	10	ENSG00000165512	COMPLEX	complex_deletion_in_CDS	0.001034	0	0	0	0	0	1	0	0	1
ZNF221	19	ENSG00000159905	DEL	CDS_deletion_47%_of_canonical	0.000517	0	0	0	0	0	1	0	0	1
ZNF229	19	ENSG00000278318	INS	insertion_in_CDS_exon	0.002585	0	0	0	0	0	0	0	0	0
ZNF230	19	ENSG00000159882	DEL	CDS_deletion_99%_of_canonical	0.020683	3	1	1	0	0	1	1	1	1
ZNF234	19	ENSG00000263002	COMPLEX	complex_deletion_in_CDS	0.002068	0	1	1	1	0	1	0	0	1
ZNF239	10	ENSG00000196793	DEL	whole_gene_CDS_deletion	0.000517	0	1	0	0	0	1	0	0	0
ZNF248	10	ENSG00000198105	DEL	CDS_deletion_13%_of_canonical	0.001034	1	0	0	0	0	1	0	1	1
ZNF253	19	ENSG00000256771	DEL	canonical_CDS_exon_deletion	0.282834	82	1	1	1	1	1	1	1	1
ZNF263	16	ENSG00000006194	COMPLEX	complex_deletion_in_CDS	0.000517	0	1	0	0	0	1	0	0	0
ZNF264	19	ENSG00000083844	DEL	canonical_CDS_exon_deletion	0.019131	2	1	1	0	1	1	1	1	1
ZNF273	7	ENSG00000198039	DEL	canonical_CDS_exon_deletion	0.000517	0	1	0	0	0	1	0	0	0
ZNF276	16	ENSG00000158805	COMPLEX	complex_deletion_in_CDS	0.538263	288	1	1	1	1	1	1	1	1
ZNF286A	17	ENSG00000187607	DEL	canonical_CDS_exon_deletion	0.000517	0	0	1	0	0	1	0	0	0
ZNF286A-TBC1D26	17	ENSG00000255104	DEL	canonical_CDS_exon_deletion	0.000517	0	0	1	0	0	1	0	0	0
ZNF287	17	ENSG00000141040	INS	insertion_in_CDS_exon	0.001034	0	0	0	0	0	0	0	0	0
ZNF292	6	ENSG00000188994	COMPLEX	complex_deletion_in_CDS	0.000517	0	1	0	0	0	1	0	0	0
ZNF300	5	ENSG00000145908	DEL	CDS_deletion_11%_of_canonical	0.000517	0	0	0	0	0	1	0	0	0
ZNF311	6	ENSG00000197935	DEL	CDS_deletion_21%_of_canonical	0.619959	411	1	1	1	1	1	1	1	1
ZNF324	19	ENSG00000083812	DEL	canonical_CDS_exon_deletion	0.065667	5	1	1	1	1	1	1	1	1
ZNF324B	19	ENSG00000249471	DEL	canonical_CDS_exon_deletion	0.179421	42	1	1	1	1	1	1	1	1
ZNF329	19	ENSG00000181894	DEL	CDS_deletion_53%_of_canonical	0.000517	0	0	0	0	1	1	0	0	0
ZNF333	19	ENSG00000160961	DEL	CDS_deletion_11%_of_canonical	0.009824	2	1	1	1	1	1	0	1	1
ZNF34	8	ENSG00000196378	DEL	whole_gene_CDS_deletion	0.348501	172	1	1	1	1	1	1	1	1
ZNF345	19	ENSG00000251247	INS	insertion_in_CDS_exon	0.000517	0	0	0	0	0	0	0	0	0
ZNF354B	5	ENSG00000178338	COMPLEX	complex_deletion_in_CDS	0.001034	1	1	0	0	0	1	0	1	0
ZNF362	1	ENSG00000160094	DEL	canonical_CDS_exon_deletion	0.004136	0	0	1	0	1	1	0	0	1
ZNF366	5	ENSG00000178175	INS	insertion_in_CDS_exon	0.000517	0	0	0	0	0	0	0	0	0
ZNF37A	10	ENSG00000075407	DEL	CDS_deletion_25%_of_canonical	0.000517	0	0	0	0	0	1	0	0	0
ZNF385B	2	ENSG00000144331	DEL	CDS_deletion_11%_of_canonical	0.002068	1	0	0	0	0	1	0	1	1
ZNF385C	17	ENSG00000187595	DEL	CDS_deletion_17%_of_canonical	0.001551	0	0	0	0	0	1	0	0	1
ZNF385D	3	ENSG00000151789	DEL	canonical_CDS_exon_deletion	0.000517	0	0	0	0	1	1	0	0	0
ZNF396	18	ENSG00000186496	DEL	CDS_deletion_56%_of_canonical	0.000517	0	1	0	0	0	1	0	0	0
ZNF404	19	ENSG00000176222	DEL	CDS_deletion_43%_of_canonical	0.000517	0	0	0	0	0	1	0	0	1
ZNF417	19	ENSG00000173480	COMPLEX	complex_deletion_in_CDS	0.178904	52	1	1	1	1	1	1	1	1
ZNF420	19	ENSG00000197050	INS	insertion_in_CDS_exon	0.19545	56	0	0	0	0	0	0	0	0
ZNF426	19	ENSG00000130818	DEL	canonical_CDS_exon_deletion	0.000517	0	0	0	1	0	1	0	0	0
ZNF429	19	ENSG00000197013	DEL	CDS_deletion_38%_of_canonical	0.000517	0	0	0	0	1	1	0	0	0
ZNF43	19	ENSG00000198521	COMPLEX	complex_deletion_in_CDS	0.002585	0	1	1	0	1	1	0	0	0
ZNF432	19	ENSG00000256087	COMPLEX	complex_deletion_in_CDS	0.002068	0	1	1	0	1	1	0	0	0
ZNF441	19	ENSG00000197044	DEL	canonical_CDS_exon_deletion	0.000517	0	0	0	0	1	1	0	0	0
ZNF443	19	ENSG00000180855	DEL	canonical_CDS_exon_deletion	0.001551	1	1	0	0	0	1	0	1	0
ZNF451	6	ENSG00000112200	DEL	canonical_CDS_exon_deletion	0.001551	0	1	0	0	1	1	0	0	0
ZNF461	19	ENSG00000197808	INS	insertion_in_CDS_exon	0.001551	0	0	0	0	0	0	0	0	0
ZNF462	9	ENSG00000148143	DEL	canonical_CDS_exon_deletion	0.004136	0	0	1	0	1	1	0	0	0
ZNF469	16	ENSG00000225614	DEL	canonical_CDS_exon_deletion	0.072906	13	1	1	0	1	1	1	1	1
ZNF470	19	ENSG00000197016	INS	insertion_in_CDS_exon	0.000517	0	0	0	0	0	0	0	0	0
ZNF484	9	ENSG00000127081	INS	insertion_in_CDS_exon	0.000517	0	0	0	0	0	0	0	0	0
ZNF493	19	ENSG00000196268	DEL	CDS_deletion_89%_of_canonical	0.002585	2	0	0	1	0	1	0	1	1
ZNF507	19	ENSG00000168813	INS	insertion_in_CDS_exon	0.000517	0	0	0	0	0	0	0	0	0
ZNF511	10	ENSG00000198546	COMPLEX	complex_deletion_in_CDS	0.129266	28	1	1	1	1	1	1	1	1
ZNF511-PRAP1	10	ENSG00000283496	COMPLEX	complex_deletion_in_CDS	0.129266	28	1	1	1	1	1	1	1	1
ZNF512	2	ENSG00000243943	COMPLEX	complex_deletion_in_CDS	0.288004	118	1	1	1	1	1	1	1	1
ZNF514	2	ENSG00000144026	COMPLEX	complex_deletion_in_CDS	0.27818	89	1	1	1	1	1	1	1	1
ZNF525	19	ENSG00000203326	DEL	CDS_deletion_16%_of_canonical	0.001034	0	1	0	0	0	1	0	0	0
ZNF526	19	ENSG00000167625	COMPLEX	complex_over_CDS	0.18666	26	0	0	0	0	0	0	0	0
ZNF528	19	ENSG00000167555	DEL	CDS_deletion_86%_of_canonical	0.000517	0	0	0	0	0	1	0	0	0
ZNF536	19	ENSG00000198597	COMPLEX	complex_deletion_in_CDS	0.005171	1	1	0	0	0	1	0	1	0
ZNF540	19	ENSG00000171817	INS	insertion_in_CDS_exon	0.003102	0	0	0	0	0	0	0	0	0
ZNF541	19	ENSG00000118156	DEL	canonical_CDS_exon_deletion	0.001034	0	0	0	0	0	1	0	0	0
ZNF543	19	ENSG00000178229	DEL	canonical_CDS_exon_deletion	0.909514	830	1	1	1	1	1	1	1	1
ZNF556	19	ENSG00000172000	COMPLEX	complex_deletion_in_CDS	0.002585	2	0	0	1	1	1	0	1	0
ZNF563	19	ENSG00000188868	INS	insertion_in_CDS_exon	0.000517	0	0	0	0	0	0	0	0	0
ZNF567	19	ENSG00000189042	COMPLEX	complex_over_CDS	0.019131	0	0	0	0	0	0	0	0	0
ZNF568	19	ENSG00000198453	DEL	CDS_deletion_59%_of_canonical	0.002068	1	0	1	1	1	1	0	1	0
ZNF569	19	ENSG00000196437	DEL	CDS_deletion_13%_of_canonical	0.104964	29	1	1	1	1	1	1	1	1
ZNF574	19	ENSG00000105732	INS	insertion_in_CDS_exon	0.001034	1	0	0	0	0	0	0	0	0
ZNF577	19	ENSG00000161551	DEL	CDS_deletion_13%_of_canonical	0.001551	0	1	0	0	0	1	0	0	0
ZNF578	19	ENSG00000258405	DEL	canonical_CDS_exon_deletion	0.007756	0	1	1	0	1	1	0	1	0
ZNF579	19	ENSG00000218891	COMPLEX	complex_deletion_in_CDS	0.000517	0	0	0	0	0	1	0	0	1
ZNF583	19	ENSG00000198440	INS	insertion_in_CDS_exon	0.006722	0	0	0	0	0	0	0	0	0
ZNF587	19	ENSG00000198466	COMPLEX	complex_deletion_in_CDS	0.041365	2	1	1	1	1	1	1	1	1
ZNF587B	19	ENSG00000269343	DEL	CDS_deletion_98%_of_canonical	0.849018	711	1	1	1	1	1	1	1	1
ZNF589	3	ENSG00000164048	DEL	canonical_CDS_exon_deletion	0.017063	1	1	1	0	0	1	1	1	0
ZNF595	4	ENSG00000272602	DEL	canonical_CDS_exon_deletion	0.000517	0	0	1	0	0	1	0	0	0
ZNF605	12	ENSG00000196458	INS	insertion_in_CDS_exon	0.689245	477	0	0	0	0	0	0	0	0
ZNF626	19	ENSG00000188171	COMPLEX	complex_deletion_in_CDS	0.164426	99	1	1	1	1	1	1	1	1
ZNF639	3	ENSG00000121864	COMPLEX	complex_deletion_in_CDS	0.001034	0	0	0	0	0	1	0	0	1
ZNF644	1	ENSG00000122482	DEL	CDS_deletion_27%_of_canonical	0.080145	15	1	1	1	1	1	1	1	1
ZNF649	19	ENSG00000198093	DEL	canonical_CDS_exon_deletion	0.000517	0	0	0	0	0	1	0	0	1
ZNF668	16	ENSG00000167394	COMPLEX	complex_over_CDS	0.0212	2	0	0	0	0	0	0	0	0
ZNF675	19	ENSG00000197372	COMPLEX	complex_over_CDS	0.000517	0	0	0	0	0	0	0	0	0
ZNF676	19	ENSG00000196109	INS	insertion_in_CDS_exon	0.000517	0	0	0	0	0	0	0	0	0
ZNF678	1	ENSG00000181450	COMPLEX	complex_over_CDS	0.016029	15	0	0	0	0	0	0	0	0
ZNF680	7	ENSG00000173041	COMPLEX	complex_deletion_in_CDS	0.460703	329	1	1	1	1	1	1	1	1
ZNF682	19	ENSG00000197124	COMPLEX	complex_deletion_in_CDS	0.450879	255	1	1	1	1	1	1	1	1
ZNF684	1	ENSG00000117010	DEL	CDS_deletion_63%_of_canonical	0.001034	0	1	1	0	0	1	0	0	0
ZNF688	16	ENSG00000229809	DEL	whole_gene_CDS_deletion	0.940021	890	1	1	1	1	1	1	1	1
ZNF689	16	ENSG00000156853	DEL	whole_gene_CDS_deletion	0.940021	890	1	1	1	1	1	1	1	1
ZNF69	19	ENSG00000198429	DEL	canonical_CDS_exon_deletion	0.000517	0	1	0	0	0	1	0	0	0
ZNF695	1	ENSG00000197472	INS	insertion_in_CDS_exon	0.000517	0	0	0	0	0	0	0	0	0
ZNF697	1	ENSG00000143067	DEL	CDS_deletion_86%_of_canonical	0.00879	2	1	1	0	0	1	0	1	1
ZNF699	19	ENSG00000196110	DEL	CDS_deletion_91%_of_canonical	0.081696	27	1	1	1	1	1	1	1	1
ZNF701	19	ENSG00000167562	DEL	CDS_deletion_57%_of_canonical	0.000517	0	0	0	0	0	1	0	0	1
ZNF704	8	ENSG00000164684	DEL	canonical_CDS_exon_deletion	0.001034	1	0	0	0	1	1	0	1	0
ZNF707	8	ENSG00000181135	INS	insertion_in_CDS_exon	0.003102	0	0	0	0	0	0	0	0	0
ZNF713	7	ENSG00000178665	DEL	canonical_CDS_exon_deletion	0.008273	0	0	1	1	1	1	0	0	1
ZNF714	19	ENSG00000160352	DEL	CDS_deletion_91%_of_canonical	0.012927	6	1	1	1	1	1	1	1	1
ZNF716	7	ENSG00000182111	DEL	CDS_deletion_11%_of_canonical	0.001551	0	1	0	0	0	1	0	0	0
ZNF721	4	ENSG00000182903	DEL	canonical_CDS_exon_deletion	0.004654	0	1	1	0	1	1	0	0	1
ZNF722	7	ENSG00000241149	DEL	CDS_deletion_77%_of_canonical	0.000517	0	0	0	0	1	1	0	0	0
ZNF723	19	ENSG00000268696	DEL	CDS_deletion_16%_of_canonical	0.000517	0	1	0	0	0	1	0	0	0
ZNF727	7	ENSG00000214652	DEL	canonical_CDS_exon_deletion	0.000517	0	1	0	0	0	1	0	0	0
ZNF729	19	ENSG00000196350	DEL	canonical_CDS_exon_deletion	0.009824	4	1	0	0	0	1	0	1	0
ZNF737	19	ENSG00000237440	COMPLEX	complex_deletion_in_CDS	0.164426	99	1	1	1	1	1	1	1	1
ZNF746	7	ENSG00000181220	INS	insertion_in_CDS_exon	0.000517	0	0	0	0	0	0	0	0	0
ZNF747	16	ENSG00000169955	DEL	whole_gene_CDS_deletion	0.940021	890	1	1	1	1	1	1	1	1
ZNF764	16	ENSG00000169951	DEL	whole_gene_CDS_deletion	0.940021	890	1	1	1	1	1	1	1	1
ZNF766	19	ENSG00000196214	COMPLEX	complex_deletion_in_CDS	0.001034	0	1	0	0	0	1	0	0	0
ZNF768	16	ENSG00000169957	DEL	whole_gene_CDS_deletion	0.940021	890	1	1	1	1	1	1	1	1
ZNF77	19	ENSG00000175691	DEL	CDS_deletion_100%_of_canonical	0.000517	0	1	0	0	0	1	0	0	0
ZNF771	16	ENSG00000179965	DEL	CDS_deletion_15%_of_canonical	0.042916	3	1	1	0	1	1	1	1	1
ZNF772	19	ENSG00000197128	DEL	CDS_deletion_79%_of_canonical	0.001551	0	1	0	0	0	1	0	0	0
ZNF773	19	ENSG00000152439	COMPLEX	complex_deletion_in_CDS	0.190279	165	1	1	1	1	1	1	1	1
ZNF776	19	ENSG00000152443	INS	insertion_in_CDS_exon	0.000517	0	0	0	0	0	0	0	0	0
ZNF778	16	ENSG00000170100	DEL	CDS_deletion_65%_of_canonical	0.002068	2	0	0	1	1	1	0	1	0
ZNF785	16	ENSG00000197162	DEL	whole_gene_CDS_deletion	0.940021	890	1	1	1	1	1	1	1	1
ZNF791	19	ENSG00000173875	DEL	CDS_deletion_70%_of_canonical	0.036194	8	1	1	1	1	1	1	1	1
ZNF799	19	ENSG00000196466	COMPLEX	complex_deletion_in_CDS	0.000517	0	1	0	0	0	1	0	0	0
ZNF804A	2	ENSG00000170396	DEL	canonical_CDS_exon_deletion	0.110134	52	1	1	1	1	1	1	1	1
ZNF808	19	ENSG00000198482	INS	insertion_in_CDS_exon	0.000517	0	0	0	0	0	0	0	0	0
ZNF813	19	ENSG00000198346	DEL	CDS_deletion_12%_of_canonical	0.041365	8	1	1	1	1	1	1	1	0
ZNF814	19	ENSG00000204514	COMPLEX	complex_deletion_in_CDS	0.178904	52	1	1	1	1	1	1	1	1
ZNF816	19	ENSG00000180257	COMPLEX	complex_deletion_in_CDS	0.002068	1	1	0	0	1	1	0	1	0
ZNF816-ZNF321P	19	ENSG00000221874	COMPLEX	complex_deletion_in_CDS	0.000517	0	0	0	0	1	1	0	0	0
ZNF823	19	ENSG00000197933	DEL	CDS_deletion_90%_of_canonical	0.000517	0	0	0	0	0	1	0	0	1
ZNF830	17	ENSG00000198783	DEL	CDS_deletion_59%_of_canonical	0.000517	0	0	0	1	0	1	0	0	0
ZNF85	19	ENSG00000105750	DEL	canonical_CDS_exon_deletion	0.078594	7	1	1	1	1	1	1	1	1
ZNF852	3	ENSG00000178917	INS	insertion_in_CDS_exon	0.005688	3	0	0	0	0	0	0	0	0
ZNF860	3	ENSG00000197385	COMPLEX	complex_deletion_in_CDS	0.000517	0	0	0	1	0	1	0	0	0
ZNF875	19	ENSG00000181666	DEL	CDS_deletion_37%_of_canonical	0.031024	6	1	1	1	1	1	1	1	1
ZNF880	19	ENSG00000221923	DEL	canonical_CDS_exon_deletion	0.233713	62	1	1	1	1	1	1	1	1
ZNF892	2	ENSG00000233757	COMPLEX	complex_over_CDS	0.005688	5	0	0	0	0	0	0	0	0
ZNF91	19	ENSG00000167232	DEL	canonical_CDS_exon_deletion	0.018097	2	1	1	0	0	1	1	1	1
ZNF98	19	ENSG00000197360	DEL	canonical_CDS_exon_deletion	0.22544	49	1	1	1	1	1	1	1	1
ZNG1A	9	ENSG00000172785	DEL	canonical_CDS_exon_deletion	0.359359	139	1	1	1	1	1	1	1	1
ZNHIT6	1	ENSG00000117174	DEL	canonical_CDS_exon_deletion	0.000517	0	0	1	0	0	1	0	0	0
ZNRF1	16	ENSG00000186187	DEL	CDS_deletion_62%_of_canonical	0.001551	1	0	1	1	0	1	0	1	0
ZPLD1	3	ENSG00000170044	DEL	canonical_CDS_exon_deletion	0.001551	1	0	0	0	1	1	0	1	0
ZSCAN1	19	ENSG00000152467	DEL	CDS_deletion_44%_of_canonical	0.022257	2	1	1	1	1	1	1	1	1
ZSCAN25	7	ENSG00000197037	DEL	canonical_CDS_exon_deletion	0.000517	0	1	0	0	0	1	0	0	0
ZSCAN32	16	ENSG00000140987	DEL	canonical_CDS_exon_deletion	0.002585	0	1	0	0	1	1	0	0	0
ZSCAN5C	19	ENSG00000204532	DEL	CDS_deletion_55%_of_canonical	0.001551	0	1	0	0	0	1	0	0	0
ZSWIM2	2	ENSG00000163012	DEL	CDS_deletion_61%_of_canonical	0.001034	1	0	1	0	0	1	0	1	0
ZSWIM4	19	ENSG00000132003	COMPLEX	complex_deletion_in_CDS	0.000517	0	1	0	0	0	1	0	0	0
ZSWIM5	1	ENSG00000162415	DEL	CDS_deletion_26%_of_canonical	0.000517	0	0	0	0	0	1	0	0	0
ZSWIM6	5	ENSG00000130449	COMPLEX	complex_deletion_in_CDS	0.148914	22	1	1	1	1	1	1	1	1
ZWILCH	15	ENSG00000174442	DEL	canonical_CDS_exon_deletion	0.000517	0	0	0	0	0	1	0	0	1
ZYG11B	1	ENSG00000162378	DEL	CDS_deletion_11%_of_canonical	0.005688	0	1	1	0	0	1	0	0	0
ZYX	7	ENSG00000159840	DEL	whole_gene_CDS_deletion	0.170114	84	1	1	1	1	1	1	1	1
ZZEF1	17	ENSG00000074755	COMPLEX	complex_deletion_in_CDS	0.001034	0	0	0	0	0	1	0	0	1
