query_gene	chrom	gene_id	gene_type	lineage
AADACL2-AS1	3	ENSG00000242908	lncRNA	Gibbon
AAMDC	11	ENSG00000087884	protein_coding	Owl_monkey
ABCA10	17	ENSG00000154263	protein_coding	Gibbon
ABCA10	17	ENSG00000154263	protein_coding	Owl_monkey
ABCA13	7	ENSG00000179869	protein_coding	Gorilla
ABCA17P	16	ENSG00000238098	processed_transcript	Chimpanzee
ABCA17P	16	ENSG00000238098	processed_transcript	Gibbon
ABCA17P	16	ENSG00000238098	processed_transcript	Gorilla
ABCA9	17	ENSG00000154258	protein_coding	Gibbon
ABCA9	17	ENSG00000154258	protein_coding	Marmoset
ABCA9	17	ENSG00000154258	protein_coding	Owl_monkey
ABCB5	7	ENSG00000004846	nonsense_mediated_decay	Marmoset
ABCB5	7	ENSG00000004846	nonsense_mediated_decay	Owl_monkey
ABCC12	16	ENSG00000140798	protein_coding	Marmoset
ABCC12	16	ENSG00000140798	protein_coding	Owl_monkey
ABCC13	21	ENSG00000243064	processed_transcript	Macaque_indian
ABCG1	21	ENSG00000160179	protein_coding	Gibbon
ABCG1	21	ENSG00000160179	protein_coding	Marmoset
ABHD16B	20	ENSG00000183260	protein_coding	Owl_monkey
ABI1	10	ENSG00000136754	protein_coding	Marmoset
ABI1	10	ENSG00000136754	protein_coding	Owl_monkey
ABRAXAS1	4	ENSG00000163322	protein_coding	Macaque_indian
AC000124	7	ENSG00000226770	lncRNA	Macaque_indian
AC000372	7	ENSG00000241921	lncRNA	Macaque_indian
AC002069	7	ENSG00000233420	lncRNA	Macaque_indian
AC002069	7	ENSG00000233420	lncRNA	Marmoset
AC002069	7	ENSG00000233420	lncRNA	Owl_monkey
AC002072	X	ENSG00000286072	lncRNA	Orangutan
AC002074	7	ENSG00000285090	lncRNA	Bonobo
AC002074	7	ENSG00000285090	lncRNA	Chimpanzee
AC002074	7	ENSG00000285090	lncRNA	Marmoset
AC002074	7	ENSG00000285090	lncRNA	Owl_monkey
AC002351	12	ENSG00000258240	lncRNA	Bonobo
AC002351	12	ENSG00000258240	lncRNA	Chimpanzee
AC002351	12	ENSG00000258240	lncRNA	Gibbon
AC002351	12	ENSG00000258240	lncRNA	Gorilla
AC002351	12	ENSG00000258240	lncRNA	Macaque_indian
AC002351	12	ENSG00000258240	lncRNA	Marmoset
AC002351	12	ENSG00000258240	lncRNA	Orangutan
AC002351	12	ENSG00000258240	lncRNA	Owl_monkey
AC002383	7	ENSG00000227863	lncRNA	Marmoset
AC002386	7	ENSG00000230941	lncRNA	Marmoset
AC002386	7	ENSG00000230941	lncRNA	Owl_monkey
AC002428	5	ENSG00000253927	lncRNA	Gibbon
AC002451	7	ENSG00000231170	lncRNA	Macaque_indian
AC002451	7	ENSG00000231170	lncRNA	Owl_monkey
AC002486	7	ENSG00000231525	processed_pseudogene	Owl_monkey
AC002511	19	ENSG00000233214	lncRNA	Owl_monkey
AC003009	16	ENSG00000262011	lncRNA	Gibbon
AC003092	7	ENSG00000236453	lncRNA	Macaque_indian
AC003109	7	ENSG00000212590	snoRNA	Gibbon
AC003973	19	ENSG00000269504	lncRNA	Gibbon
AC003991	7	ENSG00000228113	lncRNA	Marmoset
AC004014	7	ENSG00000229603	lncRNA	Bonobo
AC004063	4	ENSG00000250670	lncRNA	Gibbon
AC004112	7	ENSG00000226851	lncRNA	Marmoset
AC004112	7	ENSG00000226851	lncRNA	Owl_monkey
AC004160	7	ENSG00000230333	lncRNA	Marmoset
AC004160	7	ENSG00000230333	lncRNA	Owl_monkey
AC004448	17	ENSG00000235979	lncRNA	Gibbon
AC004485	7	ENSG00000228944	lncRNA	Marmoset
AC004552	X	ENSG00000225071	processed_pseudogene	Marmoset
AC004552	X	ENSG00000225071	processed_pseudogene	Owl_monkey
AC004674	X	ENSG00000235592	unprocessed_pseudogene	Owl_monkey
AC004696	19	ENSG00000276578	unprocessed_pseudogene	Gibbon
AC004801	12	ENSG00000257955	lncRNA	Owl_monkey
AC004816	14	ENSG00000275630	lncRNA	Owl_monkey
AC004832	22	ENSG00000181123	lncRNA	Macaque_indian
AC004834	7	ENSG00000284523	lncRNA	Marmoset
AC004834	7	ENSG00000284523	lncRNA	Owl_monkey
AC004835	X	ENSG00000230392	lncRNA	Gibbon
AC004835	X	ENSG00000230392	lncRNA	Macaque_indian
AC004835	X	ENSG00000230392	lncRNA	Marmoset
AC004835	X	ENSG00000230392	lncRNA	Orangutan
AC004835	X	ENSG00000230392	lncRNA	Owl_monkey
AC004870	7	ENSG00000229192	lncRNA	Gibbon
AC004870	7	ENSG00000229192	lncRNA	Marmoset
AC004870	7	ENSG00000229192	lncRNA	Owl_monkey
AC004879	7	ENSG00000286639	lncRNA	Marmoset
AC004879	7	ENSG00000286639	lncRNA	Owl_monkey
AC004890	7	ENSG00000244560	processed_transcript	Marmoset
AC004899	7	ENSG00000225705	processed_pseudogene	Marmoset
AC004899	7	ENSG00000225705	processed_pseudogene	Owl_monkey
AC004911	7	ENSG00000226592	processed_pseudogene	Macaque_indian
AC004921	7	ENSG00000273341	lncRNA	Macaque_indian
AC004921	7	ENSG00000273341	lncRNA	Marmoset
AC004921	7	ENSG00000273341	lncRNA	Owl_monkey
AC004949	7	ENSG00000283117	lncRNA	Marmoset
AC004949	7	ENSG00000283117	lncRNA	Owl_monkey
AC004973	X	ENSG00000226661	lncRNA	Gorilla
AC005002	X	ENSG00000238066	processed_pseudogene	Orangutan
AC005008	7	ENSG00000237896	lncRNA	Gorilla
AC005034	2	ENSG00000286045	lncRNA	Bonobo
AC005034	2	ENSG00000286045	lncRNA	Chimpanzee
AC005034	2	ENSG00000286045	lncRNA	Gibbon
AC005034	2	ENSG00000286045	lncRNA	Gorilla
AC005034	2	ENSG00000286045	lncRNA	Macaque_indian
AC005034	2	ENSG00000286045	lncRNA	Marmoset
AC005034	2	ENSG00000286045	lncRNA	Orangutan
AC005034	2	ENSG00000286045	lncRNA	Owl_monkey
AC005041	2	ENSG00000159239	nonsense_mediated_decay	Orangutan
AC005042	2	ENSG00000228586	lncRNA	Marmoset
AC005050	7	ENSG00000267052	lncRNA	Marmoset
AC005050	7	ENSG00000267052	lncRNA	Owl_monkey
AC005062	7	ENSG00000243004	lncRNA	Macaque_indian
AC005062	7	ENSG00000243004	lncRNA	Marmoset
AC005062	7	ENSG00000243004	lncRNA	Owl_monkey
AC005156	7	ENSG00000278819	unprocessed_pseudogene	Orangutan
AC005252	12	ENSG00000286209	lncRNA	Marmoset
AC005252	12	ENSG00000286209	lncRNA	Owl_monkey
AC005303	17	ENSG00000273098	lncRNA	Marmoset
AC005323	17	ENSG00000214970	lncRNA	Marmoset
AC005323	17	ENSG00000214970	lncRNA	Owl_monkey
AC005345	X	ENSG00000236160	processed_pseudogene	Marmoset
AC005357	19	ENSG00000267623	transcribed_unprocessed_pseudogene	Owl_monkey
AC005381	19	ENSG00000267243	lncRNA	Marmoset
AC005476	14	ENSG00000259146	lncRNA	Gibbon
AC005532	7	ENSG00000230825	lncRNA	Bonobo
AC005532	7	ENSG00000230825	lncRNA	Chimpanzee
AC005537	7	ENSG00000232006	lncRNA	Marmoset
AC005580	19	ENSG00000267320	lncRNA	Gibbon
AC005580	19	ENSG00000267320	lncRNA	Marmoset
AC005580	19	ENSG00000267320	lncRNA	Owl_monkey
AC005622	19	ENSG00000283525	transcribed_unprocessed_pseudogene	Macaque_indian
AC005670	17	ENSG00000262879	lncRNA	Orangutan
AC005699	4	ENSG00000249631	lncRNA	Marmoset
AC005699	4	ENSG00000249631	lncRNA	Owl_monkey
AC005703	17	ENSG00000237377	lncRNA	Gibbon
AC005740	5	ENSG00000250347	processed_pseudogene	Gibbon
AC005740	5	ENSG00000250347	processed_pseudogene	Macaque_indian
AC005740	5	ENSG00000250347	processed_pseudogene	Marmoset
AC005740	5	ENSG00000250347	processed_pseudogene	Owl_monkey
AC005808	20	ENSG00000235415	lncRNA	Owl_monkey
AC005865	12	ENSG00000250770	processed_transcript	Marmoset
AC005906	12	ENSG00000255996	processed_pseudogene	Macaque_indian
AC005906	12	ENSG00000255996	processed_pseudogene	Marmoset
AC005906	12	ENSG00000255996	processed_pseudogene	Owl_monkey
AC005909	18	ENSG00000287907	lncRNA	Marmoset
AC005909	18	ENSG00000287907	lncRNA	Owl_monkey
AC006001	7	ENSG00000229180	processed_transcript	Gorilla
AC006001	7	ENSG00000229180	processed_transcript	Orangutan
AC006026	7	ENSG00000224785	processed_pseudogene	Gorilla
AC006033	7	ENSG00000231916	processed_pseudogene	Owl_monkey
AC006041	7	ENSG00000286376	lncRNA	Bonobo
AC006041	7	ENSG00000286376	lncRNA	Chimpanzee
AC006041	7	ENSG00000286376	lncRNA	Owl_monkey
AC006065	12	ENSG00000255900	processed_pseudogene	Marmoset
AC006065	12	ENSG00000255900	processed_pseudogene	Owl_monkey
AC006076	20	ENSG00000225563	lncRNA	Marmoset
AC006076	20	ENSG00000225563	lncRNA	Owl_monkey
AC006115	19	ENSG00000286125	lncRNA	Bonobo
AC006144	X	ENSG00000287379	lncRNA	Orangutan
AC006148	7	ENSG00000242593	lncRNA	Gibbon
AC006148	7	ENSG00000242593	lncRNA	Marmoset
AC006148	7	ENSG00000242593	lncRNA	Owl_monkey
AC006197	12	ENSG00000286591	lncRNA	Marmoset
AC006197	12	ENSG00000286591	lncRNA	Owl_monkey
AC006199	12	ENSG00000257629	processed_pseudogene	Macaque_indian
AC006206	12	ENSG00000256417	lncRNA	Gibbon
AC006206	12	ENSG00000256417	lncRNA	Macaque_indian
AC006206	12	ENSG00000256417	lncRNA	Marmoset
AC006206	12	ENSG00000256417	lncRNA	Orangutan
AC006206	12	ENSG00000256417	lncRNA	Owl_monkey
AC006210	X	ENSG00000238247	processed_pseudogene	Gibbon
AC006299	11	ENSG00000246225	lncRNA	Macaque_indian
AC006305	18	ENSG00000206129	lncRNA	Marmoset
AC006305	18	ENSG00000206129	lncRNA	Owl_monkey
AC006369	2	ENSG00000236213	lncRNA	Marmoset
AC006369	2	ENSG00000236213	lncRNA	Owl_monkey
AC006372	7	ENSG00000223872	lncRNA	Macaque_indian
AC006372	7	ENSG00000223872	lncRNA	Marmoset
AC006441	17	ENSG00000277426	unprocessed_pseudogene	Macaque_indian
AC006445	4	ENSG00000242209	processed_pseudogene	Gibbon
AC006445	4	ENSG00000242209	processed_pseudogene	Macaque_indian
AC006445	4	ENSG00000242209	processed_pseudogene	Marmoset
AC006445	4	ENSG00000242209	processed_pseudogene	Owl_monkey
AC006459	7	ENSG00000286908	lncRNA	Marmoset
AC006478	7	ENSG00000287039	lncRNA	Macaque_indian
AC006478	7	ENSG00000287039	lncRNA	Marmoset
AC006478	7	ENSG00000287039	lncRNA	Owl_monkey
AC006504	19	ENSG00000267389	unprocessed_pseudogene	Macaque_indian
AC006525	5	ENSG00000287390	lncRNA	Macaque_indian
AC006965	X	ENSG00000224341	processed_pseudogene	Marmoset
AC006965	X	ENSG00000224341	processed_pseudogene	Owl_monkey
AC006971	7	ENSG00000218586	processed_pseudogene	Marmoset
AC006971	7	ENSG00000218586	processed_pseudogene	Owl_monkey
AC007064	22	ENSG00000237689	lncRNA	Bonobo
AC007099	2	ENSG00000237293	lncRNA	Macaque_indian
AC007099	2	ENSG00000237293	lncRNA	Marmoset
AC007128	7	ENSG00000272328	lncRNA	Gibbon
AC007128	7	ENSG00000272328	lncRNA	Gorilla
AC007128	7	ENSG00000272328	lncRNA	Macaque_indian
AC007128	7	ENSG00000272328	lncRNA	Marmoset
AC007128	7	ENSG00000272328	lncRNA	Orangutan
AC007128	7	ENSG00000272328	lncRNA	Owl_monkey
AC007179	2	ENSG00000233891	lncRNA	Gibbon
AC007179	2	ENSG00000233891	lncRNA	Macaque_indian
AC007179	2	ENSG00000233891	lncRNA	Marmoset
AC007179	2	ENSG00000233891	lncRNA	Orangutan
AC007179	2	ENSG00000233891	lncRNA	Owl_monkey
AC007207	12	ENSG00000242444	processed_transcript	Macaque_indian
AC007218	16	ENSG00000260362	lncRNA	Gibbon
AC007218	16	ENSG00000260362	lncRNA	Macaque_indian
AC007218	16	ENSG00000260362	lncRNA	Marmoset
AC007218	16	ENSG00000260362	lncRNA	Owl_monkey
AC007224	16	ENSG00000279357	TEC	Gibbon
AC007277	2	ENSG00000213981	lncRNA	Marmoset
AC007277	2	ENSG00000213981	lncRNA	Owl_monkey
AC007317	2	ENSG00000285898	lncRNA	Gibbon
AC007317	2	ENSG00000285898	lncRNA	Marmoset
AC007317	2	ENSG00000285898	lncRNA	Owl_monkey
AC007318	2	ENSG00000172974	processed_pseudogene	Bonobo
AC007318	2	ENSG00000172974	processed_pseudogene	Chimpanzee
AC007318	2	ENSG00000172974	processed_pseudogene	Gibbon
AC007318	2	ENSG00000172974	processed_pseudogene	Gorilla
AC007318	2	ENSG00000172974	processed_pseudogene	Macaque_indian
AC007318	2	ENSG00000172974	processed_pseudogene	Marmoset
AC007318	2	ENSG00000172974	processed_pseudogene	Orangutan
AC007318	2	ENSG00000172974	processed_pseudogene	Owl_monkey
AC007342	16	ENSG00000260078	retained_intron	Gibbon
AC007370	4	ENSG00000250098	lncRNA	Marmoset
AC007370	4	ENSG00000250098	lncRNA	Owl_monkey
AC007381	2	ENSG00000228590	lncRNA	Marmoset
AC007381	2	ENSG00000228590	lncRNA	Owl_monkey
AC007389	2	ENSG00000235725	lncRNA	Bonobo
AC007389	2	ENSG00000235725	lncRNA	Chimpanzee
AC007389	2	ENSG00000235725	lncRNA	Gibbon
AC007389	2	ENSG00000235725	lncRNA	Gorilla
AC007389	2	ENSG00000235725	lncRNA	Macaque_indian
AC007389	2	ENSG00000235725	lncRNA	Marmoset
AC007389	2	ENSG00000235725	lncRNA	Orangutan
AC007389	2	ENSG00000235725	lncRNA	Owl_monkey
AC007402	2	ENSG00000231918	lncRNA	Marmoset
AC007405	2	ENSG00000234350	lncRNA	Owl_monkey
AC007483	3	ENSG00000287641	lncRNA	Marmoset
AC007483	3	ENSG00000287641	lncRNA	Owl_monkey
AC007493	16	ENSG00000260573	lncRNA	Owl_monkey
AC007513	12	ENSG00000258272	lncRNA	Owl_monkey
AC007546	12	ENSG00000286220	processed_transcript	Macaque_indian
AC007547	3	ENSG00000213155	processed_pseudogene	Gibbon
AC007547	3	ENSG00000213155	processed_pseudogene	Macaque_indian
AC007563	2	ENSG00000229352	lncRNA	Marmoset
AC007563	2	ENSG00000229352	lncRNA	Owl_monkey
AC007603	16	ENSG00000283365	unitary_pseudogene	Owl_monkey
AC007611	16	ENSG00000260086	lncRNA	Macaque_indian
AC007688	12	ENSG00000256011	lncRNA	Marmoset
AC007688	12	ENSG00000256011	lncRNA	Owl_monkey
AC007690	3	ENSG00000233565	processed_pseudogene	Marmoset
AC007690	3	ENSG00000233565	processed_pseudogene	Owl_monkey
AC007786	19	ENSG00000287272	lncRNA	Orangutan
AC007834	12	ENSG00000249094	lncRNA	Orangutan
AC007846	17	ENSG00000285471	protein_coding	Gibbon
AC007846	17	ENSG00000285471	protein_coding	Macaque_indian
AC007846	17	ENSG00000285471	protein_coding	Marmoset
AC007846	17	ENSG00000285471	protein_coding	Owl_monkey
AC007880	2	ENSG00000199964	misc_RNA	Gibbon
AC007922	18	ENSG00000287611	lncRNA	Marmoset
AC007966	2	ENSG00000212581	snoRNA	Gibbon
AC007993	17	ENSG00000282199	lncRNA	Marmoset
AC007993	17	ENSG00000282199	lncRNA	Orangutan
AC007993	17	ENSG00000282199	lncRNA	Owl_monkey
AC008012	12	ENSG00000285901	nonsense_mediated_decay	Owl_monkey
AC008069	2	ENSG00000224604	processed_pseudogene	Gibbon
AC008134	3	ENSG00000234594	processed_pseudogene	Gibbon
AC008134	3	ENSG00000234594	processed_pseudogene	Macaque_indian
AC008134	3	ENSG00000234594	processed_pseudogene	Marmoset
AC008134	3	ENSG00000234594	processed_pseudogene	Orangutan
AC008134	3	ENSG00000234594	processed_pseudogene	Owl_monkey
AC008163	7	ENSG00000233491	processed_transcript	Orangutan
AC008269	2	ENSG00000229321	lncRNA	Marmoset
AC008278	2	ENSG00000224194	lncRNA	Bonobo
AC008278	2	ENSG00000224194	lncRNA	Chimpanzee
AC008278	2	ENSG00000224194	lncRNA	Gibbon
AC008278	2	ENSG00000224194	lncRNA	Gorilla
AC008278	2	ENSG00000224194	lncRNA	Macaque_indian
AC008278	2	ENSG00000224194	lncRNA	Marmoset
AC008278	2	ENSG00000224194	lncRNA	Orangutan
AC008278	2	ENSG00000224194	lncRNA	Owl_monkey
AC008394	5	ENSG00000288569	lncRNA	Marmoset
AC008394	5	ENSG00000288569	lncRNA	Owl_monkey
AC008462	5	ENSG00000286503	lncRNA	Bonobo
AC008462	5	ENSG00000286503	lncRNA	Chimpanzee
AC008467	5	ENSG00000249476	lncRNA	Marmoset
AC008467	5	ENSG00000249476	lncRNA	Owl_monkey
AC008496	5	ENSG00000286818	lncRNA	Macaque_indian
AC008505	5	ENSG00000283462	lncRNA	Marmoset
AC008505	5	ENSG00000283462	lncRNA	Owl_monkey
AC008507	19	ENSG00000288072	lncRNA	Marmoset
AC008514	5	ENSG00000253348	lncRNA	Owl_monkey
AC008517	5	ENSG00000248588	lncRNA	Gibbon
AC008517	5	ENSG00000248588	lncRNA	Macaque_indian
AC008517	5	ENSG00000248588	lncRNA	Marmoset
AC008517	5	ENSG00000248588	lncRNA	Orangutan
AC008517	5	ENSG00000248588	lncRNA	Owl_monkey
AC008549	5	ENSG00000249021	lncRNA	Bonobo
AC008549	5	ENSG00000249021	lncRNA	Chimpanzee
AC008549	5	ENSG00000249021	lncRNA	Gibbon
AC008549	5	ENSG00000249021	lncRNA	Gorilla
AC008549	5	ENSG00000249021	lncRNA	Macaque_indian
AC008549	5	ENSG00000249021	lncRNA	Marmoset
AC008549	5	ENSG00000249021	lncRNA	Orangutan
AC008549	5	ENSG00000249021	lncRNA	Owl_monkey
AC008550	5	ENSG00000234259	processed_pseudogene	Marmoset
AC008550	5	ENSG00000234259	processed_pseudogene	Owl_monkey
AC008555	19	ENSG00000269086	lncRNA	Gorilla
AC008562	5	ENSG00000253512	processed_pseudogene	Gorilla
AC008565	5	ENSG00000251135	processed_pseudogene	Marmoset
AC008565	5	ENSG00000251135	processed_pseudogene	Owl_monkey
AC008568	5	ENSG00000229855	lncRNA	Gibbon
AC008572	5	ENSG00000253613	lncRNA	Bonobo
AC008572	5	ENSG00000253613	lncRNA	Chimpanzee
AC008629	5	ENSG00000249494	lncRNA	Marmoset
AC008629	5	ENSG00000249494	lncRNA	Owl_monkey
AC008663	5	ENSG00000253955	lncRNA	Gorilla
AC008691	5	ENSG00000249738	lncRNA	Marmoset
AC008691	5	ENSG00000249738	lncRNA	Owl_monkey
AC008694	5	ENSG00000253798	processed_transcript	Gorilla
AC008696	5	ENSG00000225869	processed_pseudogene	Marmoset
AC008696	5	ENSG00000225869	processed_pseudogene	Owl_monkey
AC008700	5	ENSG00000248125	lncRNA	Gibbon
AC008794	19	ENSG00000267599	lncRNA	Marmoset
AC008794	19	ENSG00000267599	lncRNA	Owl_monkey
AC008802	5	ENSG00000254170	processed_pseudogene	Macaque_indian
AC008802	5	ENSG00000254170	processed_pseudogene	Marmoset
AC008802	5	ENSG00000254170	processed_pseudogene	Owl_monkey
AC008834	5	ENSG00000249101	processed_pseudogene	Gibbon
AC008834	5	ENSG00000249101	processed_pseudogene	Macaque_indian
AC008834	5	ENSG00000249101	processed_pseudogene	Marmoset
AC008834	5	ENSG00000249101	processed_pseudogene	Owl_monkey
AC008840	5	ENSG00000250240	lncRNA	Macaque_indian
AC008840	5	ENSG00000250240	lncRNA	Marmoset
AC008840	5	ENSG00000250240	lncRNA	Owl_monkey
AC008883	5	ENSG00000286828	lncRNA	Bonobo
AC008945	5	ENSG00000286271	lncRNA	Gibbon
AC009117	16	ENSG00000259873	processed_pseudogene	Owl_monkey
AC009154	16	ENSG00000274478	lncRNA	Marmoset
AC009154	16	ENSG00000274478	lncRNA	Owl_monkey
AC009158	16	ENSG00000231876	lncRNA	Marmoset
AC009171	16	ENSG00000262471	processed_pseudogene	Orangutan
AC009220	7	ENSG00000271537	processed_pseudogene	Gorilla
AC009229	2	ENSG00000229160	lncRNA	Gibbon
AC009229	2	ENSG00000229160	lncRNA	Macaque_indian
AC009229	2	ENSG00000229160	lncRNA	Marmoset
AC009229	2	ENSG00000229160	lncRNA	Owl_monkey
AC009236	2	ENSG00000286728	lncRNA	Marmoset
AC009236	2	ENSG00000286728	lncRNA	Owl_monkey
AC009248	12	ENSG00000287386	lncRNA	Gibbon
AC009262	7	ENSG00000236212	lncRNA	Gibbon
AC009263	7	ENSG00000234639	processed_pseudogene	Marmoset
AC009263	7	ENSG00000234639	processed_pseudogene	Owl_monkey
AC009264	7	ENSG00000234352	lncRNA	Marmoset
AC009264	7	ENSG00000234352	lncRNA	Owl_monkey
AC009275	7	ENSG00000273297	lncRNA	Gorilla
AC009275	7	ENSG00000273297	lncRNA	Marmoset
AC009299	2	ENSG00000235724	lncRNA	Owl_monkey
AC009302	2	ENSG00000233868	processed_pseudogene	Gibbon
AC009302	2	ENSG00000233868	processed_pseudogene	Macaque_indian
AC009302	2	ENSG00000233868	processed_pseudogene	Marmoset
AC009302	2	ENSG00000233868	processed_pseudogene	Owl_monkey
AC009303	2	ENSG00000235066	lncRNA	Macaque_indian
AC009315	2	ENSG00000286797	lncRNA	Gorilla
AC009387	12	ENSG00000257781	lncRNA	Marmoset
AC009387	12	ENSG00000257781	lncRNA	Owl_monkey
AC009446	8	ENSG00000254277	lncRNA	Gibbon
AC009446	8	ENSG00000254277	lncRNA	Macaque_indian
AC009446	8	ENSG00000254277	lncRNA	Marmoset
AC009446	8	ENSG00000254277	lncRNA	Orangutan
AC009446	8	ENSG00000254277	lncRNA	Owl_monkey
AC009478	2	ENSG00000225258	lncRNA	Macaque_indian
AC009478	2	ENSG00000225258	lncRNA	Marmoset
AC009478	2	ENSG00000225258	lncRNA	Owl_monkey
AC009518	7	ENSG00000224865	lncRNA	Macaque_indian
AC009518	7	ENSG00000224865	lncRNA	Marmoset
AC009518	7	ENSG00000224865	lncRNA	Owl_monkey
AC009533	12	ENSG00000287577	lncRNA	Gibbon
AC009597	8	ENSG00000254055	lncRNA	Gorilla
AC009646	8	ENSG00000254687	lncRNA	Owl_monkey
AC009779	12	ENSG00000258907	processed_pseudogene	Owl_monkey
AC009784	7	ENSG00000236503	processed_pseudogene	Marmoset
AC009784	7	ENSG00000236503	processed_pseudogene	Owl_monkey
AC009961	2	ENSG00000230783	processed_pseudogene	Gibbon
AC009971	2	ENSG00000282828	lncRNA	Owl_monkey
AC010092	2	ENSG00000286115	lncRNA	Marmoset
AC010092	2	ENSG00000286115	lncRNA	Owl_monkey
AC010105	2	ENSG00000237498	lncRNA	Macaque_indian
AC010139	3	ENSG00000269391	lncRNA	Macaque_indian
AC010148	2	ENSG00000235726	lncRNA	Owl_monkey
AC010183	12	ENSG00000257997	lncRNA	Gorilla
AC010183	12	ENSG00000257997	lncRNA	Macaque_indian
AC010198	12	ENSG00000285517	lncRNA	Marmoset
AC010198	12	ENSG00000285517	lncRNA	Owl_monkey
AC010203	12	ENSG00000257489	processed_transcript	Gibbon
AC010203	12	ENSG00000257489	processed_transcript	Gorilla
AC010255	5	ENSG00000247311	lncRNA	Owl_monkey
AC010266	5	ENSG00000261037	lncRNA	Macaque_indian
AC010297	5	ENSG00000280139	TEC	Macaque_indian
AC010343	5	ENSG00000250697	lncRNA	Owl_monkey
AC010350	5	ENSG00000250847	unprocessed_pseudogene	Gibbon
AC010385	5	ENSG00000226400	processed_pseudogene	Gorilla
AC010387	5	ENSG00000287199	lncRNA	Gibbon
AC010387	5	ENSG00000287199	lncRNA	Marmoset
AC010387	5	ENSG00000287199	lncRNA	Owl_monkey
AC010476	5	ENSG00000253646	processed_pseudogene	Marmoset
AC010476	5	ENSG00000253646	processed_pseudogene	Owl_monkey
AC010501	5	ENSG00000212363	snoRNA	Macaque_indian
AC010528	16	ENSG00000286841	lncRNA	Marmoset
AC010528	16	ENSG00000286841	lncRNA	Owl_monkey
AC010531	16	ENSG00000261697	lncRNA	Macaque_indian
AC010547	16	ENSG00000262120	unprocessed_pseudogene	Marmoset
AC010547	16	ENSG00000262120	unprocessed_pseudogene	Owl_monkey
AC010615	19	ENSG00000268119	retained_intron	Gibbon
AC010636	19	ENSG00000269110	lncRNA	Gibbon
AC010768	11	ENSG00000255106	processed_pseudogene	Marmoset
AC010768	11	ENSG00000255106	processed_pseudogene	Owl_monkey
AC010884	2	ENSG00000287135	lncRNA	Marmoset
AC010884	2	ENSG00000287135	lncRNA	Owl_monkey
AC010904	2	ENSG00000272002	lncRNA	Marmoset
AC010904	2	ENSG00000272002	lncRNA	Owl_monkey
AC010928	18	ENSG00000267400	processed_pseudogene	Gorilla
AC010928	18	ENSG00000267400	processed_pseudogene	Macaque_indian
AC010983	2	ENSG00000235056	lncRNA	Marmoset
AC010983	2	ENSG00000235056	lncRNA	Owl_monkey
AC011005	7	ENSG00000230626	protein_coding	Owl_monkey
AC011029	8	ENSG00000287352	lncRNA	Gibbon
AC011029	8	ENSG00000287352	lncRNA	Macaque_indian
AC011029	8	ENSG00000287352	lncRNA	Marmoset
AC011029	8	ENSG00000287352	lncRNA	Orangutan
AC011029	8	ENSG00000287352	lncRNA	Owl_monkey
AC011124	8	ENSG00000253205	lncRNA	Marmoset
AC011124	8	ENSG00000253205	lncRNA	Owl_monkey
AC011131	8	ENSG00000254347	lncRNA	Owl_monkey
AC011139	18	ENSG00000283458	lncRNA	Macaque_indian
AC011287	7	ENSG00000229618	lncRNA	Bonobo
AC011287	7	ENSG00000229618	lncRNA	Chimpanzee
AC011287	7	ENSG00000229618	lncRNA	Gibbon
AC011287	7	ENSG00000229618	lncRNA	Gorilla
AC011287	7	ENSG00000229618	lncRNA	Macaque_indian
AC011287	7	ENSG00000229618	lncRNA	Marmoset
AC011287	7	ENSG00000229618	lncRNA	Orangutan
AC011287	7	ENSG00000229618	lncRNA	Owl_monkey
AC011306	2	ENSG00000272180	lncRNA	Macaque_indian
AC011346	5	ENSG00000247199	lncRNA	Marmoset
AC011346	5	ENSG00000247199	lncRNA	Owl_monkey
AC011396	5	ENSG00000250025	lncRNA	Marmoset
AC011396	5	ENSG00000250025	lncRNA	Owl_monkey
AC011411	5	ENSG00000249363	processed_pseudogene	Gibbon
AC011411	5	ENSG00000249363	processed_pseudogene	Marmoset
AC011411	5	ENSG00000249363	processed_pseudogene	Owl_monkey
AC011458	19	ENSG00000271283	processed_pseudogene	Gibbon
AC011474	19	ENSG00000264515	lncRNA	Marmoset
AC011474	19	ENSG00000264515	lncRNA	Owl_monkey
AC011503	19	ENSG00000269289	lncRNA	Macaque_indian
AC011505	19	ENSG00000288017	lncRNA	Marmoset
AC011505	19	ENSG00000288017	lncRNA	Owl_monkey
AC011586	8	ENSG00000253496	lncRNA	Macaque_indian
AC011611	12	ENSG00000258091	processed_pseudogene	Bonobo
AC011611	12	ENSG00000258091	processed_pseudogene	Chimpanzee
AC011611	12	ENSG00000258091	processed_pseudogene	Marmoset
AC011611	12	ENSG00000258091	processed_pseudogene	Owl_monkey
AC011773	8	ENSG00000258256	lncRNA	Orangutan
AC011978	8	ENSG00000253555	unprocessed_pseudogene	Gibbon
AC011995	2	ENSG00000237720	lncRNA	Macaque_indian
AC011995	2	ENSG00000237720	lncRNA	Orangutan
AC012060	15	ENSG00000286884	lncRNA	Gibbon
AC012063	2	ENSG00000227252	lncRNA	Macaque_indian
AC012065	2	ENSG00000279307	processed_pseudogene	Gibbon
AC012065	2	ENSG00000279307	processed_pseudogene	Gorilla
AC012065	2	ENSG00000279307	processed_pseudogene	Macaque_indian
AC012065	2	ENSG00000279307	processed_pseudogene	Marmoset
AC012065	2	ENSG00000279307	processed_pseudogene	Orangutan
AC012065	2	ENSG00000279307	processed_pseudogene	Owl_monkey
AC012085	12	ENSG00000186076	processed_pseudogene	Bonobo
AC012085	12	ENSG00000186076	processed_pseudogene	Chimpanzee
AC012085	12	ENSG00000186076	processed_pseudogene	Gibbon
AC012085	12	ENSG00000186076	processed_pseudogene	Gorilla
AC012085	12	ENSG00000186076	processed_pseudogene	Macaque_indian
AC012085	12	ENSG00000186076	processed_pseudogene	Marmoset
AC012085	12	ENSG00000186076	processed_pseudogene	Orangutan
AC012085	12	ENSG00000186076	processed_pseudogene	Owl_monkey
AC012103	8	ENSG00000253376	lncRNA	Gorilla
AC012146	17	ENSG00000262495	processed_pseudogene	Marmoset
AC012146	17	ENSG00000262495	processed_pseudogene	Owl_monkey
AC012157	12	ENSG00000286991	lncRNA	Macaque_indian
AC012236	15	ENSG00000259772	lncRNA	Owl_monkey
AC012339	8	ENSG00000248762	lncRNA	Macaque_indian
AC012339	8	ENSG00000248762	lncRNA	Marmoset
AC012339	8	ENSG00000248762	lncRNA	Owl_monkey
AC012349	8	ENSG00000254254	lncRNA	Macaque_indian
AC012349	8	ENSG00000254254	lncRNA	Marmoset
AC012349	8	ENSG00000254254	lncRNA	Owl_monkey
AC012363	2	ENSG00000235840	lncRNA	Marmoset
AC012363	2	ENSG00000235840	lncRNA	Owl_monkey
AC012368	2	ENSG00000225889	lncRNA	Gibbon
AC012368	2	ENSG00000225889	lncRNA	Macaque_indian
AC012368	2	ENSG00000225889	lncRNA	Marmoset
AC012368	2	ENSG00000225889	lncRNA	Orangutan
AC012368	2	ENSG00000225889	lncRNA	Owl_monkey
AC012400	8	ENSG00000253362	unprocessed_pseudogene	Marmoset
AC012400	8	ENSG00000253362	unprocessed_pseudogene	Owl_monkey
AC012405	15	ENSG00000287704	lncRNA	Gibbon
AC012442	2	ENSG00000243389	lncRNA	Gorilla
AC012462	2	ENSG00000228618	lncRNA	Marmoset
AC012468	10	ENSG00000271353	processed_pseudogene	Bonobo
AC012468	10	ENSG00000271353	processed_pseudogene	Chimpanzee
AC012493	2	ENSG00000238029	processed_pseudogene	Marmoset
AC012493	2	ENSG00000238029	processed_pseudogene	Owl_monkey
AC012494	2	ENSG00000227088	lncRNA	Gibbon
AC012494	2	ENSG00000227088	lncRNA	Marmoset
AC012494	2	ENSG00000227088	lncRNA	Owl_monkey
AC012533	8	ENSG00000286763	lncRNA	Owl_monkey
AC012572	18	ENSG00000201723	misc_RNA	Owl_monkey
AC012574	8	ENSG00000254002	lncRNA	Owl_monkey
AC012593	2	ENSG00000232153	lncRNA	Bonobo
AC012593	2	ENSG00000232153	lncRNA	Chimpanzee
AC012593	2	ENSG00000232153	lncRNA	Macaque_indian
AC012593	2	ENSG00000232153	lncRNA	Marmoset
AC012593	2	ENSG00000232153	lncRNA	Owl_monkey
AC012629	5	ENSG00000272324	lncRNA	Marmoset
AC012629	5	ENSG00000272324	lncRNA	Owl_monkey
AC012668	2	ENSG00000237525	lncRNA	Macaque_indian
AC012668	2	ENSG00000237525	lncRNA	Marmoset
AC012668	2	ENSG00000237525	lncRNA	Owl_monkey
AC013262	2	ENSG00000233444	processed_pseudogene	Bonobo
AC013262	2	ENSG00000233444	processed_pseudogene	Chimpanzee
AC013262	2	ENSG00000233444	processed_pseudogene	Gibbon
AC013262	2	ENSG00000233444	processed_pseudogene	Gorilla
AC013262	2	ENSG00000233444	processed_pseudogene	Macaque_indian
AC013262	2	ENSG00000233444	processed_pseudogene	Marmoset
AC013262	2	ENSG00000233444	processed_pseudogene	Orangutan
AC013262	2	ENSG00000233444	processed_pseudogene	Owl_monkey
AC013265	2	ENSG00000286778	lncRNA	Macaque_indian
AC013265	2	ENSG00000286778	lncRNA	Marmoset
AC013265	2	ENSG00000286778	lncRNA	Owl_monkey
AC013268	2	ENSG00000235721	processed_pseudogene	Gorilla
AC013268	2	ENSG00000235721	processed_pseudogene	Macaque_indian
AC013287	10	ENSG00000228566	lncRNA	Owl_monkey
AC013391	15	ENSG00000259713	lncRNA	Marmoset
AC013391	15	ENSG00000259713	lncRNA	Owl_monkey
AC013436	7	ENSG00000228596	lncRNA	Gibbon
AC013452	15	ENSG00000259656	lncRNA	Marmoset
AC013452	15	ENSG00000259656	lncRNA	Owl_monkey
AC013467	2	ENSG00000227180	processed_pseudogene	Gibbon
AC013470	7	ENSG00000236048	processed_pseudogene	Marmoset
AC013470	7	ENSG00000236048	processed_pseudogene	Owl_monkey
AC013474	2	ENSG00000288524	lncRNA	Marmoset
AC013652	15	ENSG00000259345	lncRNA	Gibbon
AC013652	15	ENSG00000259345	lncRNA	Gorilla
AC013652	15	ENSG00000259345	lncRNA	Macaque_indian
AC013652	15	ENSG00000259345	lncRNA	Marmoset
AC013652	15	ENSG00000259345	lncRNA	Orangutan
AC013652	15	ENSG00000259345	lncRNA	Owl_monkey
AC013733	2	ENSG00000225570	lncRNA	Marmoset
AC013733	2	ENSG00000225570	lncRNA	Owl_monkey
AC015522	8	ENSG00000254202	lncRNA	Marmoset
AC015522	8	ENSG00000254202	lncRNA	Owl_monkey
AC015574	15	ENSG00000275016	lncRNA	Macaque_indian
AC015631	4	ENSG00000251199	lncRNA	Gibbon
AC015631	4	ENSG00000251199	lncRNA	Owl_monkey
AC015660	15	ENSG00000259760	lncRNA	Gibbon
AC015712	15	ENSG00000272808	lncRNA	Gibbon
AC015712	15	ENSG00000272808	lncRNA	Marmoset
AC015726	17	ENSG00000270091	lncRNA	Macaque_indian
AC015818	17	ENSG00000287490	lncRNA	Gorilla
AC015911	17	ENSG00000242660	processed_pseudogene	Marmoset
AC015911	17	ENSG00000242660	processed_pseudogene	Owl_monkey
AC015917	17	ENSG00000263870	unprocessed_pseudogene	Marmoset
AC015917	17	ENSG00000263870	unprocessed_pseudogene	Owl_monkey
AC015977	2	ENSG00000225024	processed_pseudogene	Marmoset
AC015977	2	ENSG00000225024	processed_pseudogene	Owl_monkey
AC015983	7	ENSG00000234418	lncRNA	Owl_monkey
AC016074	8	ENSG00000286122	lncRNA	Macaque_indian
AC016074	8	ENSG00000286122	lncRNA	Marmoset
AC016074	8	ENSG00000286122	lncRNA	Owl_monkey
AC016134	15	ENSG00000260926	lncRNA	Marmoset
AC016134	15	ENSG00000260926	lncRNA	Owl_monkey
AC016168	17	ENSG00000287836	lncRNA	Marmoset
AC016383	18	ENSG00000285695	lncRNA	Marmoset
AC016383	18	ENSG00000285695	lncRNA	Owl_monkey
AC016546	5	ENSG00000243744	processed_pseudogene	Gibbon
AC016546	5	ENSG00000243744	processed_pseudogene	Owl_monkey
AC016550	5	ENSG00000248363	lncRNA	Bonobo
AC016550	5	ENSG00000248363	lncRNA	Chimpanzee
AC016559	5	ENSG00000250330	processed_pseudogene	Marmoset
AC016559	5	ENSG00000250330	processed_pseudogene	Owl_monkey
AC016651	5	ENSG00000202269	snoRNA	Marmoset
AC016651	5	ENSG00000202269	snoRNA	Owl_monkey
AC016687	4	ENSG00000239983	processed_pseudogene	Gibbon
AC016687	4	ENSG00000239983	processed_pseudogene	Macaque_indian
AC016687	4	ENSG00000239983	processed_pseudogene	Owl_monkey
AC016700	2	ENSG00000233060	lncRNA	Marmoset
AC016700	2	ENSG00000233060	lncRNA	Owl_monkey
AC016710	2	ENSG00000229131	lncRNA	Marmoset
AC016710	2	ENSG00000229131	lncRNA	Owl_monkey
AC016739	2	ENSG00000218175	processed_pseudogene	Gibbon
AC016739	2	ENSG00000218175	processed_pseudogene	Macaque_indian
AC016739	2	ENSG00000218175	processed_pseudogene	Marmoset
AC016739	2	ENSG00000218175	processed_pseudogene	Owl_monkey
AC016816	10	ENSG00000285529	lncRNA	Gibbon
AC016816	10	ENSG00000285529	lncRNA	Marmoset
AC016816	10	ENSG00000285529	lncRNA	Owl_monkey
AC016831	7	ENSG00000285106	lncRNA	Gibbon
AC016831	7	ENSG00000285106	lncRNA	Macaque_indian
AC016831	7	ENSG00000285106	lncRNA	Marmoset
AC016831	7	ENSG00000285106	lncRNA	Orangutan
AC016831	7	ENSG00000285106	lncRNA	Owl_monkey
AC016876	17	ENSG00000201489	misc_RNA	Gibbon
AC016903	2	ENSG00000237843	lncRNA	Chimpanzee
AC016903	2	ENSG00000237843	lncRNA	Macaque_indian
AC016903	2	ENSG00000237843	lncRNA	Marmoset
AC016903	2	ENSG00000237843	lncRNA	Owl_monkey
AC016907	2	ENSG00000225943	processed_pseudogene	Marmoset
AC016907	2	ENSG00000225943	processed_pseudogene	Owl_monkey
AC017002	2	ENSG00000285016	lncRNA	Orangutan
AC017007	4	ENSG00000250500	processed_pseudogene	Macaque_indian
AC017013	4	ENSG00000250076	processed_pseudogene	Owl_monkey
AC017037	4	ENSG00000250475	unprocessed_pseudogene	Marmoset
AC017037	4	ENSG00000250475	unprocessed_pseudogene	Owl_monkey
AC017091	4	ENSG00000251339	lncRNA	Bonobo
AC017091	4	ENSG00000251339	lncRNA	Chimpanzee
AC017091	4	ENSG00000251339	lncRNA	Owl_monkey
AC017099	2	ENSG00000286036	lncRNA	Gorilla
AC017104	2	ENSG00000283491	unprocessed_pseudogene	Macaque_indian
AC017104	2	ENSG00000283491	unprocessed_pseudogene	Marmoset
AC017104	2	ENSG00000283491	unprocessed_pseudogene	Owl_monkey
AC018359	3	ENSG00000227498	lncRNA	Macaque_indian
AC018464	7	ENSG00000234520	lncRNA	Marmoset
AC018464	7	ENSG00000234520	lncRNA	Owl_monkey
AC018523	11	ENSG00000255074	processed_pseudogene	Marmoset
AC018523	11	ENSG00000255074	processed_pseudogene	Owl_monkey
AC018554	16	ENSG00000261590	processed_pseudogene	Gibbon
AC018554	16	ENSG00000261590	processed_pseudogene	Macaque_indian
AC018554	16	ENSG00000261590	processed_pseudogene	Marmoset
AC018554	16	ENSG00000261590	processed_pseudogene	Orangutan
AC018554	16	ENSG00000261590	processed_pseudogene	Owl_monkey
AC018558	16	ENSG00000261445	lncRNA	Orangutan
AC018659	12	ENSG00000257157	processed_pseudogene	Marmoset
AC018659	12	ENSG00000257157	processed_pseudogene	Owl_monkey
AC018678	2	ENSG00000287847	lncRNA	Gibbon
AC018678	2	ENSG00000287847	lncRNA	Macaque_indian
AC018678	2	ENSG00000287847	lncRNA	Marmoset
AC018678	2	ENSG00000287847	lncRNA	Orangutan
AC018678	2	ENSG00000287847	lncRNA	Owl_monkey
AC018680	4	ENSG00000251567	lncRNA	Owl_monkey
AC018695	16	ENSG00000270698	processed_pseudogene	Gibbon
AC018695	16	ENSG00000270698	processed_pseudogene	Macaque_indian
AC018714	8	ENSG00000287781	lncRNA	Owl_monkey
AC018755	19	ENSG00000269388	processed_transcript	Owl_monkey
AC018767	16	ENSG00000260003	lncRNA	Macaque_indian
AC018781	8	ENSG00000248599	lncRNA	Macaque_indian
AC018781	8	ENSG00000248599	lncRNA	Marmoset
AC018781	8	ENSG00000248599	lncRNA	Owl_monkey
AC018845	16	ENSG00000259821	lncRNA	Gibbon
AC018846	16	ENSG00000259864	processed_pseudogene	Marmoset
AC018846	16	ENSG00000259864	processed_pseudogene	Owl_monkey
AC018866	2	ENSG00000229774	lncRNA	Macaque_indian
AC018880	2	ENSG00000221849	processed_pseudogene	Gibbon
AC018978	10	ENSG00000287023	lncRNA	Marmoset
AC018978	10	ENSG00000287023	lncRNA	Owl_monkey
AC019068	2	ENSG00000233611	lncRNA	Macaque_indian
AC019077	4	ENSG00000214559	lncRNA	Gibbon
AC019077	4	ENSG00000214559	lncRNA	Macaque_indian
AC019077	4	ENSG00000214559	lncRNA	Marmoset
AC019077	4	ENSG00000214559	lncRNA	Owl_monkey
AC019131	4	ENSG00000263923	lncRNA	Gibbon
AC019155	7	ENSG00000219445	lncRNA	Gibbon
AC019155	7	ENSG00000219445	lncRNA	Macaque_indian
AC019155	7	ENSG00000219445	lncRNA	Marmoset
AC019155	7	ENSG00000219445	lncRNA	Orangutan
AC019155	7	ENSG00000219445	lncRNA	Owl_monkey
AC019178	2	ENSG00000213110	processed_pseudogene	Marmoset
AC019178	2	ENSG00000213110	processed_pseudogene	Owl_monkey
AC019209	12	ENSG00000256440	lncRNA	Orangutan
AC019211	2	ENSG00000239498	lncRNA	Marmoset
AC019211	2	ENSG00000239498	lncRNA	Owl_monkey
AC020584	2	ENSG00000286980	lncRNA	Gibbon
AC020637	12	ENSG00000258231	lncRNA	Marmoset
AC020637	12	ENSG00000258231	lncRNA	Owl_monkey
AC020687	15	ENSG00000259560	lncRNA	Marmoset
AC020687	15	ENSG00000259560	lncRNA	Owl_monkey
AC020688	8	ENSG00000224722	processed_pseudogene	Gibbon
AC020688	8	ENSG00000224722	processed_pseudogene	Macaque_indian
AC020688	8	ENSG00000224722	processed_pseudogene	Marmoset
AC020688	8	ENSG00000224722	processed_pseudogene	Orangutan
AC020688	8	ENSG00000224722	processed_pseudogene	Owl_monkey
AC020743	7	ENSG00000231681	lncRNA	Gibbon
AC020899	5	ENSG00000242858	processed_pseudogene	Marmoset
AC020899	5	ENSG00000242858	processed_pseudogene	Owl_monkey
AC020912	19	ENSG00000284430	lncRNA	Marmoset
AC020912	19	ENSG00000284430	lncRNA	Owl_monkey
AC021059	3	ENSG00000201031	misc_RNA	Gibbon
AC021066	12	ENSG00000170442	protein_coding	Macaque_indian
AC021074	3	ENSG00000243818	lncRNA	Marmoset
AC021074	3	ENSG00000243818	lncRNA	Owl_monkey
AC021086	5	ENSG00000247877	lncRNA	Gibbon
AC021106	4	ENSG00000249863	processed_pseudogene	Owl_monkey
AC021134	4	ENSG00000248431	lncRNA	Chimpanzee
AC021134	4	ENSG00000248431	lncRNA	Gibbon
AC021146	4	ENSG00000198277	unprocessed_pseudogene	Bonobo
AC021205	4	ENSG00000244083	processed_pseudogene	Marmoset
AC021205	4	ENSG00000244083	processed_pseudogene	Owl_monkey
AC021231	15	ENSG00000259397	processed_pseudogene	Owl_monkey
AC021242	8	ENSG00000249050	processed_pseudogene	Marmoset
AC021242	8	ENSG00000249050	processed_pseudogene	Owl_monkey
AC021351	15	ENSG00000259639	lncRNA	Macaque_indian
AC021351	15	ENSG00000259639	lncRNA	Marmoset
AC021351	15	ENSG00000259639	lncRNA	Owl_monkey
AC021504	18	ENSG00000267313	lncRNA	Gibbon
AC021504	18	ENSG00000267313	lncRNA	Macaque_indian
AC021504	18	ENSG00000267313	lncRNA	Marmoset
AC021504	18	ENSG00000267313	lncRNA	Orangutan
AC021504	18	ENSG00000267313	lncRNA	Owl_monkey
AC021594	18	ENSG00000267780	lncRNA	Gibbon
AC021613	8	ENSG00000280215	TEC	Gibbon
AC021613	8	ENSG00000280215	TEC	Macaque_indian
AC021613	8	ENSG00000280215	TEC	Marmoset
AC021613	8	ENSG00000280215	TEC	Orangutan
AC021613	8	ENSG00000280215	TEC	Owl_monkey
AC021683	17	ENSG00000267466	lncRNA	Marmoset
AC021683	17	ENSG00000267466	lncRNA	Owl_monkey
AC021713	11	ENSG00000255477	lncRNA	Gibbon
AC021713	11	ENSG00000255477	lncRNA	Marmoset
AC021713	11	ENSG00000255477	lncRNA	Owl_monkey
AC021723	11	ENSG00000285751	lncRNA	Gibbon
AC021752	15	ENSG00000273674	lncRNA	Gibbon
AC021752	15	ENSG00000273674	lncRNA	Marmoset
AC021818	15	ENSG00000259496	processed_pseudogene	Marmoset
AC021818	15	ENSG00000259496	processed_pseudogene	Owl_monkey
AC021860	4	ENSG00000271958	lncRNA	Macaque_indian
AC022034	8	ENSG00000254204	lncRNA	Orangutan
AC022034	8	ENSG00000254204	lncRNA	Owl_monkey
AC022081	12	ENSG00000256513	lncRNA	Marmoset
AC022081	12	ENSG00000256513	lncRNA	Owl_monkey
AC022100	5	ENSG00000221043	snoRNA	Gorilla
AC022101	5	ENSG00000250328	lncRNA	Gibbon
AC022101	5	ENSG00000250328	lncRNA	Macaque_indian
AC022101	5	ENSG00000250328	lncRNA	Marmoset
AC022101	5	ENSG00000250328	lncRNA	Orangutan
AC022101	5	ENSG00000250328	lncRNA	Owl_monkey
AC022126	5	ENSG00000248898	lncRNA	Gorilla
AC022140	5	ENSG00000248605	lncRNA	Orangutan
AC022145	19	ENSG00000268296	lncRNA	Gorilla
AC022146	19	ENSG00000269651	unprocessed_pseudogene	Macaque_indian
AC022166	16	ENSG00000261376	lncRNA	Gibbon
AC022182	8	ENSG00000254777	lncRNA	Macaque_indian
AC022182	8	ENSG00000254777	lncRNA	Marmoset
AC022182	8	ENSG00000254777	lncRNA	Owl_monkey
AC022217	5	ENSG00000206741	misc_RNA	Marmoset
AC022274	8	ENSG00000253712	lncRNA	Gibbon
AC022308	15	ENSG00000286917	lncRNA	Macaque_indian
AC022325	4	ENSG00000286494	lncRNA	Orangutan
AC022433	5	ENSG00000288035	lncRNA	Marmoset
AC022433	5	ENSG00000288035	lncRNA	Owl_monkey
AC022483	4	ENSG00000227040	processed_pseudogene	Gibbon
AC022483	4	ENSG00000227040	processed_pseudogene	Macaque_indian
AC022483	4	ENSG00000227040	processed_pseudogene	Marmoset
AC022483	4	ENSG00000227040	processed_pseudogene	Owl_monkey
AC022511	12	ENSG00000256273	lncRNA	Marmoset
AC022511	12	ENSG00000256273	lncRNA	Owl_monkey
AC022523	15	ENSG00000259199	lncRNA	Marmoset
AC022523	15	ENSG00000259199	lncRNA	Owl_monkey
AC022535	10	ENSG00000286687	lncRNA	Macaque_indian
AC022535	10	ENSG00000286687	lncRNA	Marmoset
AC022535	10	ENSG00000286687	lncRNA	Owl_monkey
AC022559	8	ENSG00000253178	unprocessed_pseudogene	Gibbon
AC022559	8	ENSG00000253178	unprocessed_pseudogene	Macaque_indian
AC022559	8	ENSG00000253178	unprocessed_pseudogene	Marmoset
AC022559	8	ENSG00000253178	unprocessed_pseudogene	Orangutan
AC022559	8	ENSG00000253178	unprocessed_pseudogene	Owl_monkey
AC022655	18	ENSG00000263594	lncRNA	Marmoset
AC022709	8	ENSG00000278428	unprocessed_pseudogene	Macaque_indian
AC022709	8	ENSG00000278428	unprocessed_pseudogene	Marmoset
AC022709	8	ENSG00000278428	unprocessed_pseudogene	Owl_monkey
AC022730	8	ENSG00000253967	lncRNA	Gibbon
AC022730	8	ENSG00000253967	lncRNA	Macaque_indian
AC022730	8	ENSG00000253967	lncRNA	Marmoset
AC022730	8	ENSG00000253967	lncRNA	Owl_monkey
AC022784	8	ENSG00000248538	lncRNA	Macaque_indian
AC022784	8	ENSG00000248538	lncRNA	Marmoset
AC022784	8	ENSG00000248538	lncRNA	Owl_monkey
AC022816	17	ENSG00000230647	lncRNA	Marmoset
AC022816	17	ENSG00000230647	lncRNA	Owl_monkey
AC022968	18	ENSG00000260747	processed_pseudogene	Gibbon
AC022968	18	ENSG00000260747	processed_pseudogene	Gorilla
AC022968	18	ENSG00000260747	processed_pseudogene	Macaque_indian
AC022968	18	ENSG00000260747	processed_pseudogene	Marmoset
AC022968	18	ENSG00000260747	processed_pseudogene	Orangutan
AC022968	18	ENSG00000260747	processed_pseudogene	Owl_monkey
AC023034	15	ENSG00000259594	lncRNA	Gibbon
AC023034	15	ENSG00000259594	lncRNA	Marmoset
AC023034	15	ENSG00000259594	lncRNA	Owl_monkey
AC023232	11	ENSG00000254780	processed_pseudogene	Macaque_indian
AC023232	11	ENSG00000254780	processed_pseudogene	Marmoset
AC023232	11	ENSG00000254780	processed_pseudogene	Owl_monkey
AC023245	8	ENSG00000255099	processed_pseudogene	Gibbon
AC023245	8	ENSG00000255099	processed_pseudogene	Macaque_indian
AC023245	8	ENSG00000255099	processed_pseudogene	Marmoset
AC023245	8	ENSG00000255099	processed_pseudogene	Owl_monkey
AC023282	10	ENSG00000274461	lncRNA	Macaque_indian
AC023282	10	ENSG00000274461	lncRNA	Marmoset
AC023282	10	ENSG00000274461	lncRNA	Owl_monkey
AC023480	3	ENSG00000287720	lncRNA	Orangutan
AC023503	3	ENSG00000288004	lncRNA	Owl_monkey
AC023511	12	ENSG00000257262	lncRNA	Macaque_indian
AC023512	12	ENSG00000256211	processed_pseudogene	Owl_monkey
AC023632	8	ENSG00000254283	processed_pseudogene	Gibbon
AC023632	8	ENSG00000254283	processed_pseudogene	Owl_monkey
AC023787	2	ENSG00000286525	lncRNA	Macaque_indian
AC023796	12	ENSG00000255745	lncRNA	Macaque_indian
AC023906	15	ENSG00000242327	processed_pseudogene	Marmoset
AC023906	15	ENSG00000242327	processed_pseudogene	Owl_monkey
AC023932	18	ENSG00000271238	processed_pseudogene	Owl_monkey
AC023934	17	ENSG00000263189	processed_pseudogene	Marmoset
AC023934	17	ENSG00000263189	processed_pseudogene	Owl_monkey
AC023968	15	ENSG00000259493	processed_pseudogene	Marmoset
AC023968	15	ENSG00000259493	processed_pseudogene	Owl_monkey
AC024022	4	ENSG00000250781	lncRNA	Marmoset
AC024022	4	ENSG00000250781	lncRNA	Owl_monkey
AC024257	12	ENSG00000258234	lncRNA	Gibbon
AC024270	15	ENSG00000260351	lncRNA	Bonobo
AC024270	15	ENSG00000260351	lncRNA	Marmoset
AC024270	15	ENSG00000260351	lncRNA	Owl_monkey
AC024337	15	ENSG00000259702	lncRNA	Marmoset
AC024337	15	ENSG00000259702	lncRNA	Owl_monkey
AC024341	11	ENSG00000255086	processed_pseudogene	Gibbon
AC024341	11	ENSG00000255086	processed_pseudogene	Macaque_indian
AC024341	11	ENSG00000255086	processed_pseudogene	Marmoset
AC024341	11	ENSG00000255086	processed_pseudogene	Orangutan
AC024341	11	ENSG00000255086	processed_pseudogene	Owl_monkey
AC024475	11	ENSG00000255314	lncRNA	Gorilla
AC024581	5	ENSG00000249894	lncRNA	Gibbon
AC024581	5	ENSG00000249894	lncRNA	Gorilla
AC024581	5	ENSG00000249894	lncRNA	Macaque_indian
AC024581	5	ENSG00000249894	lncRNA	Marmoset
AC024581	5	ENSG00000249894	lncRNA	Orangutan
AC024581	5	ENSG00000249894	lncRNA	Owl_monkey
AC024589	5	ENSG00000248687	unprocessed_pseudogene	Gorilla
AC024597	10	ENSG00000288011	lncRNA	Marmoset
AC024597	10	ENSG00000288011	lncRNA	Owl_monkey
AC024651	15	ENSG00000287000	lncRNA	Macaque_indian
AC024681	8	ENSG00000254227	lncRNA	Macaque_indian
AC024681	8	ENSG00000254227	lncRNA	Marmoset
AC024681	8	ENSG00000254227	lncRNA	Owl_monkey
AC024901	12	ENSG00000255910	lncRNA	Gorilla
AC024901	12	ENSG00000255910	lncRNA	Marmoset
AC024901	12	ENSG00000255910	lncRNA	Owl_monkey
AC024937	3	ENSG00000231464	processed_pseudogene	Gibbon
AC024940	12	ENSG00000243517	processed_pseudogene	Bonobo
AC024940	12	ENSG00000243517	processed_pseudogene	Chimpanzee
AC024940	12	ENSG00000243517	processed_pseudogene	Gibbon
AC024940	12	ENSG00000243517	processed_pseudogene	Macaque_indian
AC024940	12	ENSG00000243517	processed_pseudogene	Marmoset
AC024940	12	ENSG00000243517	processed_pseudogene	Owl_monkey
AC025034	12	ENSG00000258302	lncRNA	Bonobo
AC025040	15	ENSG00000259388	processed_pseudogene	Owl_monkey
AC025161	12	ENSG00000257199	processed_pseudogene	Macaque_indian
AC025161	12	ENSG00000257199	processed_pseudogene	Marmoset
AC025161	12	ENSG00000257199	processed_pseudogene	Owl_monkey
AC025164	12	ENSG00000245904	lncRNA	Gibbon
AC025171	5	ENSG00000251131	lncRNA	Gibbon
AC025253	12	ENSG00000286671	lncRNA	Macaque_indian
AC025253	12	ENSG00000286671	lncRNA	Marmoset
AC025253	12	ENSG00000286671	lncRNA	Owl_monkey
AC025254	12	ENSG00000258125	lncRNA	Marmoset
AC025254	12	ENSG00000258125	lncRNA	Owl_monkey
AC025270	15	ENSG00000206957	misc_RNA	Owl_monkey
AC025366	8	ENSG00000253122	lncRNA	Gibbon
AC025428	10	ENSG00000224504	lncRNA	Marmoset
AC025428	10	ENSG00000224504	lncRNA	Owl_monkey
AC025437	5	ENSG00000253424	lncRNA	Marmoset
AC025437	5	ENSG00000253424	lncRNA	Owl_monkey
AC025445	5	ENSG00000248185	processed_pseudogene	Macaque_indian
AC025445	5	ENSG00000248185	processed_pseudogene	Marmoset
AC025445	5	ENSG00000248185	processed_pseudogene	Owl_monkey
AC025459	5	ENSG00000251062	processed_pseudogene	Macaque_indian
AC025459	5	ENSG00000251062	processed_pseudogene	Marmoset
AC025459	5	ENSG00000251062	processed_pseudogene	Owl_monkey
AC025524	8	ENSG00000253834	lncRNA	Gibbon
AC025566	3	ENSG00000244650	lncRNA	Macaque_indian
AC025575	12	ENSG00000257454	lncRNA	Marmoset
AC025839	8	ENSG00000287677	lncRNA	Marmoset
AC025839	8	ENSG00000287677	lncRNA	Owl_monkey
AC025857	8	ENSG00000255144	unprocessed_pseudogene	Macaque_indian
AC025881	8	ENSG00000253499	processed_pseudogene	Marmoset
AC025881	8	ENSG00000253499	processed_pseudogene	Owl_monkey
AC026191	3	ENSG00000254485	lncRNA	Bonobo
AC026191	3	ENSG00000254485	lncRNA	Chimpanzee
AC026191	3	ENSG00000254485	lncRNA	Macaque_indian
AC026191	3	ENSG00000254485	lncRNA	Marmoset
AC026191	3	ENSG00000254485	lncRNA	Owl_monkey
AC026320	3	ENSG00000232353	lncRNA	Owl_monkey
AC026333	12	ENSG00000256249	lncRNA	Owl_monkey
AC026336	12	ENSG00000259862	lncRNA	Gibbon
AC026336	12	ENSG00000259862	lncRNA	Marmoset
AC026336	12	ENSG00000259862	lncRNA	Owl_monkey
AC026341	3	ENSG00000288074	lncRNA	Gibbon
AC026341	3	ENSG00000288074	lncRNA	Macaque_indian
AC026353	3	ENSG00000244706	lncRNA	Marmoset
AC026353	3	ENSG00000244706	lncRNA	Owl_monkey
AC026355	3	ENSG00000228561	lncRNA	Gorilla
AC026371	12	ENSG00000258202	unprocessed_pseudogene	Bonobo
AC026371	12	ENSG00000258202	unprocessed_pseudogene	Chimpanzee
AC026371	12	ENSG00000258202	unprocessed_pseudogene	Gibbon
AC026391	10	ENSG00000235140	lncRNA	Marmoset
AC026391	10	ENSG00000235140	lncRNA	Owl_monkey
AC026403	5	ENSG00000229119	processed_pseudogene	Bonobo
AC026403	5	ENSG00000229119	processed_pseudogene	Chimpanzee
AC026403	5	ENSG00000229119	processed_pseudogene	Gibbon
AC026403	5	ENSG00000229119	processed_pseudogene	Gorilla
AC026403	5	ENSG00000229119	processed_pseudogene	Macaque_indian
AC026403	5	ENSG00000229119	processed_pseudogene	Marmoset
AC026403	5	ENSG00000229119	processed_pseudogene	Orangutan
AC026403	5	ENSG00000229119	processed_pseudogene	Owl_monkey
AC026444	5	ENSG00000251585	processed_pseudogene	Gibbon
AC026470	16	ENSG00000260688	processed_pseudogene	Owl_monkey
AC026523	15	ENSG00000259582	lncRNA	Gibbon
AC026523	15	ENSG00000259582	lncRNA	Owl_monkey
AC026700	5	ENSG00000251066	processed_pseudogene	Owl_monkey
AC026765	12	ENSG00000257517	lncRNA	Marmoset
AC026765	12	ENSG00000257517	lncRNA	Owl_monkey
AC026785	5	ENSG00000249199	lncRNA	Marmoset
AC026785	5	ENSG00000249199	lncRNA	Owl_monkey
AC026956	15	ENSG00000287872	lncRNA	Gibbon
AC026956	15	ENSG00000287872	lncRNA	Marmoset
AC026956	15	ENSG00000287872	lncRNA	Owl_monkey
AC026979	8	ENSG00000272375	lncRNA	Owl_monkey
AC027020	15	ENSG00000259540	lncRNA	Gibbon
AC027031	8	ENSG00000254021	lncRNA	Owl_monkey
AC027117	8	ENSG00000253671	lncRNA	Marmoset
AC027117	8	ENSG00000253671	lncRNA	Owl_monkey
AC027288	12	ENSG00000257604	processed_pseudogene	Gibbon
AC027288	12	ENSG00000257604	processed_pseudogene	Macaque_indian
AC027288	12	ENSG00000257604	processed_pseudogene	Marmoset
AC027288	12	ENSG00000257604	processed_pseudogene	Orangutan
AC027288	12	ENSG00000257604	processed_pseudogene	Owl_monkey
AC027309	5	ENSG00000280318	TEC	Bonobo
AC027309	5	ENSG00000280318	TEC	Chimpanzee
AC027315	5	ENSG00000250806	lncRNA	Bonobo
AC027315	5	ENSG00000250806	lncRNA	Chimpanzee
AC027559	15	ENSG00000259658	processed_transcript	Bonobo
AC027559	15	ENSG00000259658	processed_transcript	Chimpanzee
AC027801	17	ENSG00000249176	processed_pseudogene	Owl_monkey
AC034111	8	ENSG00000286622	lncRNA	Gorilla
AC034159	4	ENSG00000249525	processed_pseudogene	Gibbon
AC034205	5	ENSG00000253897	processed_transcript	Bonobo
AC034205	5	ENSG00000253897	processed_transcript	Chimpanzee
AC034205	5	ENSG00000253897	processed_transcript	Gibbon
AC034223	5	ENSG00000249102	lncRNA	Gibbon
AC034223	5	ENSG00000249102	lncRNA	Owl_monkey
AC034268	17	ENSG00000285939	lncRNA	Gibbon
AC036214	8	ENSG00000249328	lncRNA	Marmoset
AC036214	8	ENSG00000249328	lncRNA	Owl_monkey
AC037450	8	ENSG00000253171	lncRNA	Marmoset
AC037450	8	ENSG00000253171	lncRNA	Owl_monkey
AC037486	8	ENSG00000254303	lncRNA	Marmoset
AC037486	8	ENSG00000254303	lncRNA	Owl_monkey
AC040168	16	ENSG00000246379	lncRNA	Gibbon
AC040168	16	ENSG00000246379	lncRNA	Marmoset
AC040168	16	ENSG00000246379	lncRNA	Owl_monkey
AC040170	16	ENSG00000199949	misc_RNA	Gibbon
AC040173	16	ENSG00000263257	lncRNA	Gibbon
AC044792	19	ENSG00000269786	processed_pseudogene	Orangutan
AC044810	11	ENSG00000254951	lncRNA	Gibbon
AC044810	11	ENSG00000254951	lncRNA	Marmoset
AC044810	11	ENSG00000254951	lncRNA	Owl_monkey
AC044839	11	ENSG00000254519	lncRNA	Marmoset
AC044839	11	ENSG00000254519	lncRNA	Owl_monkey
AC044873	18	ENSG00000266273	lncRNA	Gibbon
AC044893	8	ENSG00000253474	lncRNA	Gibbon
AC044893	8	ENSG00000253474	lncRNA	Owl_monkey
AC046195	8	ENSG00000253288	lncRNA	Macaque_indian
AC046195	8	ENSG00000253288	lncRNA	Marmoset
AC046195	8	ENSG00000253288	lncRNA	Owl_monkey
AC048351	3	ENSG00000236297	processed_transcript	Marmoset
AC048351	3	ENSG00000236297	processed_transcript	Owl_monkey
AC048352	12	ENSG00000256389	lncRNA	Gibbon
AC051635	18	ENSG00000287673	lncRNA	Owl_monkey
AC053503	2	ENSG00000232789	unprocessed_pseudogene	Gibbon
AC055714	3	ENSG00000287899	lncRNA	Marmoset
AC055714	3	ENSG00000287899	lncRNA	Owl_monkey
AC055720	12	ENSG00000288532	lncRNA	Owl_monkey
AC055855	15	ENSG00000261318	lncRNA	Marmoset
AC055855	15	ENSG00000261318	lncRNA	Owl_monkey
AC060765	8	ENSG00000253503	lncRNA	Marmoset
AC060765	8	ENSG00000253503	lncRNA	Orangutan
AC060765	8	ENSG00000253503	lncRNA	Owl_monkey
AC060766	17	ENSG00000267711	lncRNA	Orangutan
AC060834	7	ENSG00000234710	lncRNA	Marmoset
AC060834	7	ENSG00000234710	lncRNA	Owl_monkey
AC061709	12	ENSG00000276487	lncRNA	Bonobo
AC061709	12	ENSG00000276487	lncRNA	Chimpanzee
AC061958	3	ENSG00000287069	lncRNA	Marmoset
AC061958	3	ENSG00000287069	lncRNA	Owl_monkey
AC061997	11	ENSG00000251838	snoRNA	Gibbon
AC062004	8	ENSG00000254366	lncRNA	Macaque_indian
AC063919	3	ENSG00000287440	lncRNA	Gibbon
AC063919	3	ENSG00000287440	lncRNA	Marmoset
AC063919	3	ENSG00000287440	lncRNA	Owl_monkey
AC063938	3	ENSG00000241754	lncRNA	Gibbon
AC063976	5	ENSG00000227616	unprocessed_pseudogene	Gibbon
AC064807	8	ENSG00000228801	lncRNA	Marmoset
AC064807	8	ENSG00000228801	lncRNA	Owl_monkey
AC064834	2	ENSG00000271893	lncRNA	Owl_monkey
AC066615	15	ENSG00000284540	TEC	Bonobo
AC066615	15	ENSG00000284540	TEC	Chimpanzee
AC066615	15	ENSG00000284540	TEC	Gibbon
AC066615	15	ENSG00000284540	TEC	Gorilla
AC066615	15	ENSG00000284540	TEC	Macaque_indian
AC066615	15	ENSG00000284540	TEC	Marmoset
AC066615	15	ENSG00000284540	TEC	Orangutan
AC066615	15	ENSG00000284540	TEC	Owl_monkey
AC067751	10	ENSG00000238280	lncRNA	Owl_monkey
AC067942	4	ENSG00000248113	processed_pseudogene	Owl_monkey
AC068051	2	ENSG00000197585	lncRNA	Gibbon
AC068051	2	ENSG00000197585	lncRNA	Macaque_indian
AC068051	2	ENSG00000197585	lncRNA	Marmoset
AC068051	2	ENSG00000197585	lncRNA	Orangutan
AC068051	2	ENSG00000197585	lncRNA	Owl_monkey
AC068112	18	ENSG00000264869	lncRNA	Marmoset
AC068112	18	ENSG00000264869	lncRNA	Owl_monkey
AC068196	2	ENSG00000238171	lncRNA	Bonobo
AC068286	2	ENSG00000235127	lncRNA	Gibbon
AC068305	12	ENSG00000257443	lncRNA	Macaque_indian
AC068308	3	ENSG00000241231	lncRNA	Marmoset
AC068308	3	ENSG00000241231	lncRNA	Owl_monkey
AC068408	18	ENSG00000286465	lncRNA	Marmoset
AC068408	18	ENSG00000286465	lncRNA	Owl_monkey
AC068481	2	ENSG00000223884	lncRNA	Marmoset
AC068481	2	ENSG00000223884	lncRNA	Owl_monkey
AC068506	18	ENSG00000278464	lncRNA	Gibbon
AC068580	11	ENSG00000287484	lncRNA	Owl_monkey
AC068631	3	ENSG00000197099	lncRNA	Marmoset
AC068631	3	ENSG00000197099	lncRNA	Owl_monkey
AC068633	3	ENSG00000243276	lncRNA	Macaque_indian
AC068643	12	ENSG00000257860	lncRNA	Macaque_indian
AC068672	8	ENSG00000254095	lncRNA	Gorilla
AC068721	4	ENSG00000248567	lncRNA	Macaque_indian
AC068722	15	ENSG00000259200	lncRNA	Marmoset
AC068722	15	ENSG00000259200	lncRNA	Owl_monkey
AC068759	3	ENSG00000237473	lncRNA	Marmoset
AC068759	3	ENSG00000237473	lncRNA	Owl_monkey
AC068769	3	ENSG00000243584	processed_pseudogene	Marmoset
AC068769	3	ENSG00000243584	processed_pseudogene	Owl_monkey
AC068787	12	ENSG00000286922	lncRNA	Macaque_indian
AC069120	8	ENSG00000253361	lncRNA	Bonobo
AC069154	2	ENSG00000229326	processed_pseudogene	Marmoset
AC069154	2	ENSG00000229326	processed_pseudogene	Owl_monkey
AC069157	2	ENSG00000223897	processed_pseudogene	Macaque_indian
AC069157	2	ENSG00000223897	processed_pseudogene	Marmoset
AC069157	2	ENSG00000223897	processed_pseudogene	Owl_monkey
AC069213	3	ENSG00000236425	processed_pseudogene	Owl_monkey
AC069240	12	ENSG00000255830	processed_pseudogene	Bonobo
AC069240	12	ENSG00000255830	processed_pseudogene	Chimpanzee
AC069240	12	ENSG00000255830	processed_pseudogene	Gibbon
AC069304	7	ENSG00000232361	processed_pseudogene	Bonobo
AC069360	11	ENSG00000250041	lncRNA	Marmoset
AC069360	11	ENSG00000250041	lncRNA	Owl_monkey
AC069439	3	ENSG00000240033	lncRNA	Owl_monkey
AC069540	10	ENSG00000223565	processed_pseudogene	Marmoset
AC069540	10	ENSG00000223565	processed_pseudogene	Owl_monkey
AC072046	3	ENSG00000240458	processed_pseudogene	Gibbon
AC073071	7	ENSG00000234273	lncRNA	Macaque_indian
AC073071	7	ENSG00000234273	lncRNA	Marmoset
AC073071	7	ENSG00000234273	lncRNA	Owl_monkey
AC073072	7	ENSG00000234513	processed_pseudogene	Gibbon
AC073072	7	ENSG00000234513	processed_pseudogene	Macaque_indian
AC073072	7	ENSG00000234513	processed_pseudogene	Marmoset
AC073072	7	ENSG00000234513	processed_pseudogene	Owl_monkey
AC073114	7	ENSG00000226965	lncRNA	Marmoset
AC073114	7	ENSG00000226965	lncRNA	Owl_monkey
AC073143	2	ENSG00000228585	processed_pseudogene	Gibbon
AC073150	7	ENSG00000235574	processed_pseudogene	Marmoset
AC073150	7	ENSG00000235574	processed_pseudogene	Owl_monkey
AC073188	7	ENSG00000232817	lncRNA	Orangutan
AC073218	2	ENSG00000272027	lncRNA	Marmoset
AC073218	2	ENSG00000272027	lncRNA	Orangutan
AC073218	2	ENSG00000272027	lncRNA	Owl_monkey
AC073225	2	ENSG00000286679	lncRNA	Gibbon
AC073236	7	ENSG00000285524	lncRNA	Gibbon
AC073236	7	ENSG00000285524	lncRNA	Macaque_indian
AC073254	2	ENSG00000237126	lncRNA	Owl_monkey
AC073263	2	ENSG00000217702	lncRNA	Owl_monkey
AC073270	7	ENSG00000287985	lncRNA	Gibbon
AC073311	7	ENSG00000226680	lncRNA	Owl_monkey
AC073316	7	ENSG00000231892	lncRNA	Gorilla
AC073321	2	ENSG00000225794	lncRNA	Macaque_indian
AC073343	7	ENSG00000228010	lncRNA	Marmoset
AC073348	7	ENSG00000287592	lncRNA	Bonobo
AC073348	7	ENSG00000287592	lncRNA	Chimpanzee
AC073348	7	ENSG00000287592	lncRNA	Gibbon
AC073348	7	ENSG00000287592	lncRNA	Gorilla
AC073348	7	ENSG00000287592	lncRNA	Macaque_indian
AC073348	7	ENSG00000287592	lncRNA	Marmoset
AC073348	7	ENSG00000287592	lncRNA	Orangutan
AC073348	7	ENSG00000287592	lncRNA	Owl_monkey
AC073359	3	ENSG00000243969	lncRNA	Macaque_indian
AC073365	3	ENSG00000223812	lncRNA	Gibbon
AC073365	3	ENSG00000223812	lncRNA	Marmoset
AC073365	3	ENSG00000223812	lncRNA	Owl_monkey
AC073409	2	ENSG00000226708	lncRNA	Marmoset
AC073409	2	ENSG00000226708	lncRNA	Owl_monkey
AC073429	4	ENSG00000250665	lncRNA	Marmoset
AC073429	4	ENSG00000250665	lncRNA	Owl_monkey
AC073475	4	ENSG00000250938	lncRNA	Gibbon
AC073508	17	ENSG00000224244	unprocessed_pseudogene	Gibbon
AC073525	12	ENSG00000257434	lncRNA	Marmoset
AC073525	12	ENSG00000257434	lncRNA	Owl_monkey
AC073529	X	ENSG00000234129	lncRNA	Bonobo
AC073529	X	ENSG00000234129	lncRNA	Chimpanzee
AC073578	12	ENSG00000275232	lncRNA	Owl_monkey
AC073585	10	ENSG00000255624	processed_transcript	Macaque_indian
AC073614	X	ENSG00000228464	processed_pseudogene	Bonobo
AC073614	X	ENSG00000228464	processed_pseudogene	Chimpanzee
AC073614	X	ENSG00000228464	processed_pseudogene	Gibbon
AC073614	X	ENSG00000228464	processed_pseudogene	Gorilla
AC073614	X	ENSG00000228464	processed_pseudogene	Macaque_indian
AC073614	X	ENSG00000228464	processed_pseudogene	Marmoset
AC073614	X	ENSG00000228464	processed_pseudogene	Orangutan
AC073614	X	ENSG00000228464	processed_pseudogene	Owl_monkey
AC073842	7	ENSG00000235077	lncRNA	Bonobo
AC073842	7	ENSG00000235077	lncRNA	Chimpanzee
AC073842	7	ENSG00000235077	lncRNA	Macaque_indian
AC073901	7	ENSG00000244565	processed_pseudogene	Gibbon
AC073901	7	ENSG00000244565	processed_pseudogene	Marmoset
AC073901	7	ENSG00000244565	processed_pseudogene	Owl_monkey
AC073913	12	ENSG00000256496	unprocessed_pseudogene	Marmoset
AC074008	2	ENSG00000285068	lncRNA	Owl_monkey
AC074021	7	ENSG00000213167	misc_RNA	Owl_monkey
AC074043	3	ENSG00000239455	processed_pseudogene	Marmoset
AC074043	3	ENSG00000239455	processed_pseudogene	Owl_monkey
AC074051	16	ENSG00000285567	lncRNA	Marmoset
AC074051	16	ENSG00000285567	lncRNA	Owl_monkey
AC074131	5	ENSG00000250831	lncRNA	Owl_monkey
AC074134	5	ENSG00000249142	processed_pseudogene	Marmoset
AC074134	5	ENSG00000249142	processed_pseudogene	Owl_monkey
AC074139	19	ENSG00000286041	lncRNA	Marmoset
AC074139	19	ENSG00000286041	lncRNA	Owl_monkey
AC074237	18	ENSG00000265980	lncRNA	Marmoset
AC074237	18	ENSG00000265980	lncRNA	Owl_monkey
AC074254	4	ENSG00000251176	lncRNA	Marmoset
AC074254	4	ENSG00000251176	lncRNA	Owl_monkey
AC076968	12	ENSG00000286069	lncRNA	Marmoset
AC076968	12	ENSG00000286069	lncRNA	Owl_monkey
AC078788	3	ENSG00000241912	lncRNA	Marmoset
AC078814	12	ENSG00000257779	processed_pseudogene	Marmoset
AC078814	12	ENSG00000257779	processed_pseudogene	Owl_monkey
AC078820	12	ENSG00000286259	lncRNA	Marmoset
AC078820	12	ENSG00000286259	lncRNA	Owl_monkey
AC078845	7	ENSG00000232053	lncRNA	Marmoset
AC078845	7	ENSG00000232053	lncRNA	Owl_monkey
AC078860	12	ENSG00000257761	lncRNA	Owl_monkey
AC078878	12	ENSG00000256286	lncRNA	Macaque_indian
AC078878	12	ENSG00000256286	lncRNA	Owl_monkey
AC078880	12	ENSG00000257726	lncRNA	Macaque_indian
AC078905	15	ENSG00000259761	lncRNA	Macaque_indian
AC078905	15	ENSG00000259761	lncRNA	Marmoset
AC078905	15	ENSG00000259761	lncRNA	Owl_monkey
AC078974	2	ENSG00000235463	processed_pseudogene	Gorilla
AC079015	8	ENSG00000253988	lncRNA	Owl_monkey
AC079031	12	ENSG00000256783	lncRNA	Bonobo
AC079031	12	ENSG00000256783	lncRNA	Chimpanzee
AC079089	8	ENSG00000246528	lncRNA	Macaque_indian
AC079089	8	ENSG00000246528	lncRNA	Marmoset
AC079089	8	ENSG00000246528	lncRNA	Owl_monkey
AC079142	X	ENSG00000285679	lncRNA	Marmoset
AC079142	X	ENSG00000285679	lncRNA	Owl_monkey
AC079160	4	ENSG00000250546	lncRNA	Gibbon
AC079160	4	ENSG00000250546	lncRNA	Gorilla
AC079160	4	ENSG00000250546	lncRNA	Macaque_indian
AC079160	4	ENSG00000250546	lncRNA	Marmoset
AC079160	4	ENSG00000250546	lncRNA	Orangutan
AC079160	4	ENSG00000250546	lncRNA	Owl_monkey
AC079163	2	ENSG00000226218	lncRNA	Macaque_indian
AC079168	X	ENSG00000236487	processed_pseudogene	Marmoset
AC079168	X	ENSG00000236487	processed_pseudogene	Owl_monkey
AC079209	8	ENSG00000253214	lncRNA	Bonobo
AC079209	8	ENSG00000253214	lncRNA	Chimpanzee
AC079209	8	ENSG00000253214	lncRNA	Marmoset
AC079209	8	ENSG00000253214	lncRNA	Owl_monkey
AC079248	2	ENSG00000233842	lncRNA	Gibbon
AC079313	12	ENSG00000258137	lncRNA	Bonobo
AC079313	12	ENSG00000258137	lncRNA	Chimpanzee
AC079340	4	ENSG00000251377	lncRNA	Marmoset
AC079340	4	ENSG00000251377	lncRNA	Owl_monkey
AC079380	4	ENSG00000251388	lncRNA	Marmoset
AC079380	4	ENSG00000251388	lncRNA	Owl_monkey
AC079382	3	ENSG00000286854	lncRNA	Macaque_indian
AC079414	16	ENSG00000261540	lncRNA	Macaque_indian
AC079447	2	ENSG00000241962	nonsense_mediated_decay	Chimpanzee
AC079466	19	ENSG00000266976	lncRNA	Marmoset
AC079466	19	ENSG00000266976	lncRNA	Owl_monkey
AC079467	5	ENSG00000250978	retained_intron	Gorilla
AC079753	2	ENSG00000287937	lncRNA	Owl_monkey
AC079760	7	ENSG00000243144	lncRNA	Owl_monkey
AC079768	4	ENSG00000248625	processed_pseudogene	Macaque_indian
AC079772	4	ENSG00000288321	lncRNA	Gibbon
AC079772	4	ENSG00000288321	lncRNA	Marmoset
AC079772	4	ENSG00000288321	lncRNA	Owl_monkey
AC079779	2	ENSG00000235779	lncRNA	Gibbon
AC079779	2	ENSG00000235779	lncRNA	Macaque_indian
AC079780	7	ENSG00000236654	processed_pseudogene	Macaque_indian
AC079780	7	ENSG00000236654	processed_pseudogene	Marmoset
AC079780	7	ENSG00000236654	processed_pseudogene	Owl_monkey
AC079802	2	ENSG00000212455	snoRNA	Macaque_indian
AC079880	4	ENSG00000270228	processed_pseudogene	Gibbon
AC079896	2	ENSG00000231781	lncRNA	Gorilla
AC079896	2	ENSG00000231781	lncRNA	Macaque_indian
AC079896	2	ENSG00000231781	lncRNA	Marmoset
AC079896	2	ENSG00000231781	lncRNA	Owl_monkey
AC079905	12	ENSG00000237176	processed_pseudogene	Marmoset
AC079905	12	ENSG00000237176	processed_pseudogene	Owl_monkey
AC079942	3	ENSG00000249725	lncRNA	Gibbon
AC079943	3	ENSG00000242536	lncRNA	Marmoset
AC079943	3	ENSG00000242536	lncRNA	Owl_monkey
AC079949	12	ENSG00000286016	lncRNA	Gibbon
AC079949	12	ENSG00000286016	lncRNA	Marmoset
AC079949	12	ENSG00000286016	lncRNA	Owl_monkey
AC079950	12	ENSG00000283545	snRNA	Bonobo
AC079950	12	ENSG00000283545	snRNA	Chimpanzee
AC079950	12	ENSG00000283545	snRNA	Gibbon
AC079950	12	ENSG00000283545	snRNA	Gorilla
AC079950	12	ENSG00000283545	snRNA	Macaque_indian
AC079950	12	ENSG00000283545	snRNA	Marmoset
AC079950	12	ENSG00000283545	snRNA	Orangutan
AC079950	12	ENSG00000283545	snRNA	Owl_monkey
AC080005	3	ENSG00000286806	lncRNA	Gibbon
AC080068	7	ENSG00000285592	lncRNA	Marmoset
AC080068	7	ENSG00000285592	lncRNA	Owl_monkey
AC080132	4	ENSG00000286891	lncRNA	Gibbon
AC082651	2	ENSG00000244260	lncRNA	Owl_monkey
AC083795	4	ENSG00000248656	lncRNA	Bonobo
AC083795	4	ENSG00000248656	lncRNA	Chimpanzee
AC083805	12	ENSG00000245651	lncRNA	Marmoset
AC083805	12	ENSG00000245651	lncRNA	Owl_monkey
AC083837	8	ENSG00000285744	lncRNA	Owl_monkey
AC083864	7	ENSG00000285573	lncRNA	Owl_monkey
AC083873	7	ENSG00000237821	processed_pseudogene	Macaque_indian
AC083873	7	ENSG00000237821	processed_pseudogene	Marmoset
AC083873	7	ENSG00000237821	processed_pseudogene	Owl_monkey
AC083967	8	ENSG00000254337	lncRNA	Marmoset
AC083967	8	ENSG00000254337	lncRNA	Owl_monkey
AC084030	2	ENSG00000232328	lncRNA	Marmoset
AC084030	2	ENSG00000232328	lncRNA	Owl_monkey
AC084033	12	ENSG00000257668	processed_pseudogene	Marmoset
AC084033	12	ENSG00000257668	processed_pseudogene	Owl_monkey
AC084335	18	ENSG00000286976	lncRNA	Gibbon
AC084346	8	ENSG00000254057	lncRNA	Gibbon
AC084346	8	ENSG00000254057	lncRNA	Macaque_indian
AC084346	8	ENSG00000254057	lncRNA	Marmoset
AC084346	8	ENSG00000254057	lncRNA	Orangutan
AC084346	8	ENSG00000254057	lncRNA	Owl_monkey
AC084357	12	ENSG00000240027	processed_pseudogene	Gibbon
AC084364	12	ENSG00000286197	lncRNA	Owl_monkey
AC084375	12	ENSG00000256969	lncRNA	Gibbon
AC084375	12	ENSG00000256969	lncRNA	Macaque_indian
AC084375	12	ENSG00000256969	lncRNA	Marmoset
AC084375	12	ENSG00000256969	lncRNA	Orangutan
AC084375	12	ENSG00000256969	lncRNA	Owl_monkey
AC084734	8	ENSG00000254380	lncRNA	Marmoset
AC084734	8	ENSG00000254380	lncRNA	Owl_monkey
AC084759	15	ENSG00000259669	lncRNA	Macaque_indian
AC084759	15	ENSG00000259669	lncRNA	Marmoset
AC084759	15	ENSG00000259669	lncRNA	Owl_monkey
AC084816	12	ENSG00000256995	lncRNA	Macaque_indian
AC084816	12	ENSG00000256995	lncRNA	Marmoset
AC084816	12	ENSG00000256995	lncRNA	Orangutan
AC084816	12	ENSG00000256995	lncRNA	Owl_monkey
AC084866	4	ENSG00000251200	lncRNA	Gibbon
AC084879	12	ENSG00000258313	lncRNA	Gibbon
AC084879	12	ENSG00000258313	lncRNA	Macaque_indian
AC084879	12	ENSG00000258313	lncRNA	Marmoset
AC084879	12	ENSG00000258313	lncRNA	Orangutan
AC084879	12	ENSG00000258313	lncRNA	Owl_monkey
AC087203	8	ENSG00000255556	processed_pseudogene	Gibbon
AC087235	12	ENSG00000115934	lncRNA	Marmoset
AC087235	12	ENSG00000115934	lncRNA	Owl_monkey
AC087280	11	ENSG00000283415	lncRNA	Owl_monkey
AC087283	15	ENSG00000274216	misc_RNA	Marmoset
AC087283	15	ENSG00000274216	misc_RNA	Owl_monkey
AC087294	17	ENSG00000235530	lncRNA	Marmoset
AC087294	17	ENSG00000235530	lncRNA	Owl_monkey
AC087343	8	ENSG00000243181	processed_pseudogene	Gibbon
AC087343	8	ENSG00000243181	processed_pseudogene	Macaque_indian
AC087343	8	ENSG00000243181	processed_pseudogene	Marmoset
AC087343	8	ENSG00000243181	processed_pseudogene	Orangutan
AC087343	8	ENSG00000243181	processed_pseudogene	Owl_monkey
AC087354	8	ENSG00000254258	lncRNA	Bonobo
AC087354	8	ENSG00000254258	lncRNA	Chimpanzee
AC087354	8	ENSG00000254258	lncRNA	Gibbon
AC087354	8	ENSG00000254258	lncRNA	Gorilla
AC087354	8	ENSG00000254258	lncRNA	Macaque_indian
AC087354	8	ENSG00000254258	lncRNA	Marmoset
AC087354	8	ENSG00000254258	lncRNA	Orangutan
AC087354	8	ENSG00000254258	lncRNA	Owl_monkey
AC087369	8	ENSG00000253571	processed_pseudogene	Gibbon
AC087379	11	ENSG00000254645	lncRNA	Gorilla
AC087473	15	ENSG00000259380	lncRNA	Gibbon
AC087473	15	ENSG00000259380	lncRNA	Macaque_indian
AC087473	15	ENSG00000259380	lncRNA	Marmoset
AC087473	15	ENSG00000259380	lncRNA	Orangutan
AC087473	15	ENSG00000259380	lncRNA	Owl_monkey
AC087477	15	ENSG00000274079	misc_RNA	Gibbon
AC087477	15	ENSG00000274079	misc_RNA	Marmoset
AC087477	15	ENSG00000274079	misc_RNA	Owl_monkey
AC087564	16	ENSG00000285367	lncRNA	Macaque_indian
AC087612	15	ENSG00000259672	lncRNA	Owl_monkey
AC087633	15	ENSG00000258433	lncRNA	Gibbon
AC087633	15	ENSG00000258433	lncRNA	Macaque_indian
AC087633	15	ENSG00000258433	lncRNA	Marmoset
AC087633	15	ENSG00000258433	lncRNA	Owl_monkey
AC087639	15	ENSG00000285919	lncRNA	Owl_monkey
AC087763	8	ENSG00000270966	processed_pseudogene	Gibbon
AC087763	8	ENSG00000270966	processed_pseudogene	Macaque_indian
AC087763	8	ENSG00000270966	processed_pseudogene	Marmoset
AC087763	8	ENSG00000270966	processed_pseudogene	Orangutan
AC087763	8	ENSG00000270966	processed_pseudogene	Owl_monkey
AC087855	8	ENSG00000254033	lncRNA	Macaque_indian
AC087855	8	ENSG00000254033	lncRNA	Marmoset
AC087855	8	ENSG00000254033	lncRNA	Owl_monkey
AC087863	12	ENSG00000256149	lncRNA	Macaque_indian
AC087894	12	ENSG00000286662	lncRNA	Macaque_indian
AC087894	12	ENSG00000286662	lncRNA	Marmoset
AC087894	12	ENSG00000286662	lncRNA	Owl_monkey
AC087897	12	ENSG00000258119	lncRNA	Marmoset
AC087897	12	ENSG00000258119	lncRNA	Owl_monkey
AC090015	12	ENSG00000251138	lncRNA	Macaque_indian
AC090015	12	ENSG00000251138	lncRNA	Marmoset
AC090015	12	ENSG00000251138	lncRNA	Orangutan
AC090015	12	ENSG00000251138	lncRNA	Owl_monkey
AC090017	12	ENSG00000257308	processed_pseudogene	Gibbon
AC090023	12	ENSG00000256915	lncRNA	Marmoset
AC090095	8	ENSG00000254189	processed_pseudogene	Owl_monkey
AC090099	11	ENSG00000255470	lncRNA	Macaque_indian
AC090109	12	ENSG00000258115	lncRNA	Macaque_indian
AC090109	12	ENSG00000258115	lncRNA	Marmoset
AC090109	12	ENSG00000258115	lncRNA	Owl_monkey
AC090124	11	ENSG00000255227	lncRNA	Macaque_indian
AC090136	8	ENSG00000253750	processed_pseudogene	Marmoset
AC090136	8	ENSG00000253750	processed_pseudogene	Owl_monkey
AC090150	8	ENSG00000253903	lncRNA	Marmoset
AC090150	8	ENSG00000253903	lncRNA	Owl_monkey
AC090164	15	ENSG00000286733	lncRNA	Marmoset
AC090164	15	ENSG00000286733	lncRNA	Owl_monkey
AC090192	8	ENSG00000253227	lncRNA	Marmoset
AC090192	8	ENSG00000253227	lncRNA	Owl_monkey
AC090241	18	ENSG00000270112	lncRNA	Marmoset
AC090241	18	ENSG00000270112	lncRNA	Owl_monkey
AC090286	17	ENSG00000212618	snoRNA	Macaque_indian
AC090287	17	ENSG00000202389	snoRNA	Macaque_indian
AC090360	18	ENSG00000267127	nonsense_mediated_decay	Macaque_indian
AC090360	18	ENSG00000267127	nonsense_mediated_decay	Marmoset
AC090403	18	ENSG00000264151	lncRNA	Gibbon
AC090403	18	ENSG00000264151	lncRNA	Orangutan
AC090415	18	ENSG00000265781	lncRNA	Owl_monkey
AC090502	12	ENSG00000257183	lncRNA	Owl_monkey
AC090505	3	ENSG00000238031	lncRNA	Owl_monkey
AC090506	18	ENSG00000279734	TEC	Macaque_indian
AC090515	15	ENSG00000259173	processed_pseudogene	Owl_monkey
AC090517	15	ENSG00000285253	protein_coding	Gibbon
AC090525	12	ENSG00000257813	processed_pseudogene	Marmoset
AC090525	12	ENSG00000257813	processed_pseudogene	Owl_monkey
AC090572	8	ENSG00000253778	lncRNA	Marmoset
AC090578	8	ENSG00000253553	lncRNA	Gorilla
AC090578	8	ENSG00000253553	lncRNA	Macaque_indian
AC090578	8	ENSG00000253553	lncRNA	Marmoset
AC090578	8	ENSG00000253553	lncRNA	Owl_monkey
AC090621	18	ENSG00000267401	lncRNA	Macaque_indian
AC090621	18	ENSG00000267401	lncRNA	Marmoset
AC090621	18	ENSG00000267401	lncRNA	Owl_monkey
AC090629	12	ENSG00000286402	lncRNA	Macaque_indian
AC090629	12	ENSG00000286402	lncRNA	Marmoset
AC090692	11	ENSG00000285705	lncRNA	Owl_monkey
AC090771	18	ENSG00000267620	processed_pseudogene	Marmoset
AC090771	18	ENSG00000267620	processed_pseudogene	Owl_monkey
AC090791	11	ENSG00000254526	lncRNA	Marmoset
AC090809	8	ENSG00000253363	lncRNA	Macaque_indian
AC090809	8	ENSG00000253363	lncRNA	Marmoset
AC090809	8	ENSG00000253363	lncRNA	Owl_monkey
AC090825	15	ENSG00000259363	lncRNA	Macaque_indian
AC090907	15	ENSG00000259755	lncRNA	Marmoset
AC090907	15	ENSG00000259755	lncRNA	Owl_monkey
AC090912	18	ENSG00000266850	lncRNA	Marmoset
AC090993	8	ENSG00000253108	lncRNA	Marmoset
AC090993	8	ENSG00000253108	lncRNA	Owl_monkey
AC091042	18	ENSG00000265936	processed_pseudogene	Marmoset
AC091042	18	ENSG00000265936	processed_pseudogene	Orangutan
AC091042	18	ENSG00000265936	processed_pseudogene	Owl_monkey
AC091045	15	ENSG00000203573	misc_RNA	Owl_monkey
AC091074	15	ENSG00000285934	lncRNA	Macaque_indian
AC091074	15	ENSG00000285934	lncRNA	Marmoset
AC091074	15	ENSG00000285934	lncRNA	Owl_monkey
AC091078	15	ENSG00000257060	lncRNA	Gibbon
AC091078	15	ENSG00000257060	lncRNA	Owl_monkey
AC091096	8	ENSG00000253634	lncRNA	Marmoset
AC091096	8	ENSG00000253634	lncRNA	Owl_monkey
AC091114	8	ENSG00000253111	lncRNA	Macaque_indian
AC091182	8	ENSG00000253746	lncRNA	Owl_monkey
AC091429	5	ENSG00000242477	processed_pseudogene	Macaque_indian
AC091429	5	ENSG00000242477	processed_pseudogene	Marmoset
AC091429	5	ENSG00000242477	processed_pseudogene	Owl_monkey
AC091489	16	ENSG00000260242	lncRNA	Marmoset
AC091489	16	ENSG00000260242	lncRNA	Owl_monkey
AC091544	15	ENSG00000258676	lncRNA	Macaque_indian
AC091544	15	ENSG00000258676	lncRNA	Owl_monkey
AC091691	18	ENSG00000265484	lncRNA	Marmoset
AC091691	18	ENSG00000265484	lncRNA	Owl_monkey
AC091730	7	ENSG00000234686	lncRNA	Macaque_indian
AC091730	7	ENSG00000234686	lncRNA	Marmoset
AC091730	7	ENSG00000234686	lncRNA	Owl_monkey
AC091806	X	ENSG00000236393	lncRNA	Marmoset
AC091893	5	ENSG00000286454	lncRNA	Marmoset
AC091893	5	ENSG00000286454	lncRNA	Owl_monkey
AC091912	5	ENSG00000288002	lncRNA	Gibbon
AC091946	5	ENSG00000253766	lncRNA	Gibbon
AC091948	5	ENSG00000283653	unprocessed_pseudogene	Owl_monkey
AC091951	5	ENSG00000237611	misc_RNA	Macaque_indian
AC091951	5	ENSG00000237611	misc_RNA	Owl_monkey
AC091953	5	ENSG00000249782	lncRNA	Marmoset
AC091953	5	ENSG00000249782	lncRNA	Owl_monkey
AC091987	5	ENSG00000253584	lncRNA	Gibbon
AC091987	5	ENSG00000253584	lncRNA	Gorilla
AC091987	5	ENSG00000253584	lncRNA	Macaque_indian
AC091987	5	ENSG00000253584	lncRNA	Marmoset
AC091987	5	ENSG00000253584	lncRNA	Orangutan
AC091987	5	ENSG00000253584	lncRNA	Owl_monkey
AC092017	1	ENSG00000283952	protein_coding	Macaque_indian
AC092078	15	ENSG00000287439	lncRNA	Gorilla
AC092100	7	ENSG00000225718	lncRNA	Marmoset
AC092100	7	ENSG00000225718	lncRNA	Owl_monkey
AC092121	16	ENSG00000261144	processed_pseudogene	Gibbon
AC092125	16	ENSG00000286653	lncRNA	Marmoset
AC092138	16	ENSG00000261818	lncRNA	Marmoset
AC092138	16	ENSG00000261818	lncRNA	Owl_monkey
AC092155	2	ENSG00000229503	processed_pseudogene	Macaque_indian
AC092155	2	ENSG00000229503	processed_pseudogene	Marmoset
AC092155	2	ENSG00000229503	processed_pseudogene	Owl_monkey
AC092159	2	ENSG00000227713	lncRNA	Bonobo
AC092159	2	ENSG00000227713	lncRNA	Chimpanzee
AC092164	2	ENSG00000226833	lncRNA	Owl_monkey
AC092168	2	ENSG00000286737	lncRNA	Marmoset
AC092168	2	ENSG00000286737	lncRNA	Owl_monkey
AC092170	2	ENSG00000227291	processed_pseudogene	Macaque_indian
AC092170	2	ENSG00000227291	processed_pseudogene	Marmoset
AC092170	2	ENSG00000227291	processed_pseudogene	Owl_monkey
AC092268	X	ENSG00000287549	lncRNA	Gibbon
AC092324	16	ENSG00000241932	processed_pseudogene	Marmoset
AC092324	16	ENSG00000241932	processed_pseudogene	Owl_monkey
AC092327	16	ENSG00000268473	processed_pseudogene	Marmoset
AC092327	16	ENSG00000268473	processed_pseudogene	Owl_monkey
AC092329	19	ENSG00000283201	protein_coding	Gorilla
AC092353	5	ENSG00000251391	lncRNA	Gibbon
AC092364	19	ENSG00000268184	lncRNA	Macaque_indian
AC092436	4	ENSG00000249277	processed_pseudogene	Gibbon
AC092445	4	ENSG00000286147	lncRNA	Gibbon
AC092445	4	ENSG00000286147	lncRNA	Macaque_indian
AC092445	4	ENSG00000286147	lncRNA	Marmoset
AC092445	4	ENSG00000286147	lncRNA	Orangutan
AC092445	4	ENSG00000286147	lncRNA	Owl_monkey
AC092506	1	ENSG00000215869	processed_transcript	Gibbon
AC092596	4	ENSG00000201676	misc_RNA	Marmoset
AC092596	4	ENSG00000201676	misc_RNA	Owl_monkey
AC092598	2	ENSG00000223523	lncRNA	Marmoset
AC092598	2	ENSG00000223523	lncRNA	Owl_monkey
AC092650	2	ENSG00000230773	lncRNA	Bonobo
AC092650	2	ENSG00000230773	lncRNA	Chimpanzee
AC092650	2	ENSG00000230773	lncRNA	Gorilla
AC092650	2	ENSG00000230773	lncRNA	Marmoset
AC092650	2	ENSG00000230773	lncRNA	Owl_monkey
AC092673	4	ENSG00000249458	lncRNA	Marmoset
AC092673	4	ENSG00000249458	lncRNA	Owl_monkey
AC092674	4	ENSG00000249036	lncRNA	Macaque_indian
AC092691	3	ENSG00000242816	lncRNA	Marmoset
AC092691	3	ENSG00000242816	lncRNA	Owl_monkey
AC092723	16	ENSG00000285040	lncRNA	Gibbon
AC092747	12	ENSG00000256625	unprocessed_pseudogene	Gorilla
AC092747	12	ENSG00000256625	unprocessed_pseudogene	Orangutan
AC092803	1	ENSG00000286213	lncRNA	Marmoset
AC092803	1	ENSG00000286213	lncRNA	Owl_monkey
AC092809	1	ENSG00000232628	lncRNA	Owl_monkey
AC092810	1	ENSG00000287046	lncRNA	Bonobo
AC092810	1	ENSG00000287046	lncRNA	Chimpanzee
AC092810	1	ENSG00000287046	lncRNA	Macaque_indian
AC092810	1	ENSG00000287046	lncRNA	Marmoset
AC092810	1	ENSG00000287046	lncRNA	Owl_monkey
AC092811	1	ENSG00000282418	lncRNA	Owl_monkey
AC092813	1	ENSG00000225605	lncRNA	Owl_monkey
AC092819	8	ENSG00000286578	lncRNA	Marmoset
AC092819	8	ENSG00000286578	lncRNA	Orangutan
AC092819	8	ENSG00000286578	lncRNA	Owl_monkey
AC092821	12	ENSG00000214776	transcribed_unprocessed_pseudogene	Chimpanzee
AC092821	12	ENSG00000214776	transcribed_unprocessed_pseudogene	Gibbon
AC092845	2	ENSG00000287832	lncRNA	Gibbon
AC092845	2	ENSG00000287832	lncRNA	Owl_monkey
AC092850	12	ENSG00000286462	lncRNA	Gibbon
AC092894	3	ENSG00000243081	lncRNA	Owl_monkey
AC092910	3	ENSG00000242622	lncRNA	Marmoset
AC092910	3	ENSG00000242622	lncRNA	Owl_monkey
AC092958	3	ENSG00000241792	lncRNA	Gibbon
AC093151	1	ENSG00000213987	processed_pseudogene	Macaque_indian
AC093152	1	ENSG00000278610	lncRNA	Marmoset
AC093152	1	ENSG00000278610	lncRNA	Owl_monkey
AC093157	1	ENSG00000233184	lncRNA	Orangutan
AC093159	2	ENSG00000270335	processed_pseudogene	Macaque_indian
AC093274	5	ENSG00000249359	lncRNA	Owl_monkey
AC093496	3	ENSG00000255021	lncRNA	Macaque_indian
AC093496	3	ENSG00000255021	lncRNA	Marmoset
AC093496	3	ENSG00000255021	lncRNA	Owl_monkey
AC093519	16	ENSG00000287161	lncRNA	Owl_monkey
AC093523	5	ENSG00000212249	snoRNA	Marmoset
AC093523	5	ENSG00000212249	snoRNA	Owl_monkey
AC093536	16	ENSG00000260668	processed_pseudogene	Marmoset
AC093577	1	ENSG00000287797	lncRNA	Gibbon
AC093606	4	ENSG00000287968	lncRNA	Macaque_indian
AC093606	4	ENSG00000287968	lncRNA	Marmoset
AC093606	4	ENSG00000287968	lncRNA	Owl_monkey
AC093608	4	ENSG00000283666	snRNA	Gibbon
AC093627	7	ENSG00000242611	lncRNA	Gibbon
AC093642	2	ENSG00000287971	lncRNA	Macaque_indian
AC093720	4	ENSG00000250376	unprocessed_pseudogene	Bonobo
AC093720	4	ENSG00000250376	unprocessed_pseudogene	Chimpanzee
AC093722	4	ENSG00000249000	lncRNA	Macaque_indian
AC093725	4	ENSG00000249831	lncRNA	Gibbon
AC093725	4	ENSG00000249831	lncRNA	Macaque_indian
AC093725	4	ENSG00000249831	lncRNA	Marmoset
AC093725	4	ENSG00000249831	lncRNA	Orangutan
AC093725	4	ENSG00000249831	lncRNA	Owl_monkey
AC093730	4	ENSG00000250775	lncRNA	Gibbon
AC093730	4	ENSG00000250775	lncRNA	Macaque_indian
AC093765	4	ENSG00000287845	lncRNA	Bonobo
AC093765	4	ENSG00000287845	lncRNA	Chimpanzee
AC093765	4	ENSG00000287845	lncRNA	Gibbon
AC093765	4	ENSG00000287845	lncRNA	Macaque_indian
AC093765	4	ENSG00000287845	lncRNA	Orangutan
AC093765	4	ENSG00000287845	lncRNA	Owl_monkey
AC093767	4	ENSG00000250458	processed_pseudogene	Marmoset
AC093772	4	ENSG00000248491	lncRNA	Gibbon
AC093777	4	ENSG00000202449	snoRNA	Marmoset
AC093777	4	ENSG00000202449	snoRNA	Owl_monkey
AC093791	4	ENSG00000286321	lncRNA	Gibbon
AC093798	2	ENSG00000286829	lncRNA	Macaque_indian
AC093798	2	ENSG00000286829	lncRNA	Marmoset
AC093798	2	ENSG00000286829	lncRNA	Owl_monkey
AC093802	2	ENSG00000220256	lncRNA	Owl_monkey
AC093810	4	ENSG00000249052	lncRNA	Gibbon
AC093849	4	ENSG00000286226	lncRNA	Marmoset
AC093849	4	ENSG00000286226	lncRNA	Owl_monkey
AC093852	4	ENSG00000251159	processed_pseudogene	Marmoset
AC093852	4	ENSG00000251159	processed_pseudogene	Owl_monkey
AC093853	4	ENSG00000250997	processed_pseudogene	Marmoset
AC093853	4	ENSG00000250997	processed_pseudogene	Owl_monkey
AC093870	4	ENSG00000250560	processed_pseudogene	Marmoset
AC093878	4	ENSG00000249452	processed_pseudogene	Gibbon
AC093895	4	ENSG00000200024	misc_RNA	Gibbon
AC093895	4	ENSG00000200024	misc_RNA	Marmoset
AC093895	4	ENSG00000200024	misc_RNA	Owl_monkey
AC093898	4	ENSG00000286046	lncRNA	Marmoset
AC093898	4	ENSG00000286046	lncRNA	Owl_monkey
AC093909	4	ENSG00000249269	lncRNA	Orangutan
AC093912	2	ENSG00000285876	lncRNA	Gibbon
AC093913	4	ENSG00000275250	processed_pseudogene	Gibbon
AC093916	4	ENSG00000251598	lncRNA	Marmoset
AC093916	4	ENSG00000251598	lncRNA	Owl_monkey
AC094019	3	ENSG00000201701	snoRNA	Owl_monkey
AC094104	5	ENSG00000250242	lncRNA	Gibbon
AC094105	5	ENSG00000248736	lncRNA	Gibbon
AC095032	1	ENSG00000224613	lncRNA	Macaque_indian
AC096531	1	ENSG00000237413	lncRNA	Marmoset
AC096543	1	ENSG00000228734	lncRNA	Marmoset
AC096543	1	ENSG00000228734	lncRNA	Owl_monkey
AC096554	2	ENSG00000228968	lncRNA	Marmoset
AC096555	2	ENSG00000286152	lncRNA	Bonobo
AC096555	2	ENSG00000286152	lncRNA	Chimpanzee
AC096555	2	ENSG00000286152	lncRNA	Marmoset
AC096555	2	ENSG00000286152	lncRNA	Owl_monkey
AC096570	2	ENSG00000228999	lncRNA	Gibbon
AC096577	4	ENSG00000248373	lncRNA	Marmoset
AC096577	4	ENSG00000248373	lncRNA	Owl_monkey
AC096588	4	ENSG00000249392	lncRNA	Marmoset
AC096588	4	ENSG00000249392	lncRNA	Owl_monkey
AC096637	1	ENSG00000226868	lncRNA	Gibbon
AC096664	2	ENSG00000234488	processed_pseudogene	Macaque_indian
AC096664	2	ENSG00000234488	processed_pseudogene	Marmoset
AC096664	2	ENSG00000234488	processed_pseudogene	Owl_monkey
AC096746	4	ENSG00000246541	lncRNA	Marmoset
AC096747	4	ENSG00000287775	lncRNA	Macaque_indian
AC096992	3	ENSG00000286915	lncRNA	Bonobo
AC096992	3	ENSG00000286915	lncRNA	Gibbon
AC097110	4	ENSG00000251527	lncRNA	Marmoset
AC097110	4	ENSG00000251527	lncRNA	Owl_monkey
AC097263	X	ENSG00000228519	processed_pseudogene	Gorilla
AC097376	4	ENSG00000239005	snoRNA	Marmoset
AC097376	4	ENSG00000239005	snoRNA	Owl_monkey
AC097450	4	ENSG00000286371	lncRNA	Marmoset
AC097462	4	ENSG00000287021	lncRNA	Macaque_indian
AC097462	4	ENSG00000287021	lncRNA	Orangutan
AC097468	2	ENSG00000286606	lncRNA	Marmoset
AC097468	2	ENSG00000286606	lncRNA	Owl_monkey
AC097487	4	ENSG00000249675	lncRNA	Owl_monkey
AC097491	4	ENSG00000251055	lncRNA	Macaque_indian
AC097504	4	ENSG00000272632	lncRNA	Marmoset
AC097504	4	ENSG00000272632	lncRNA	Owl_monkey
AC097510	4	ENSG00000249564	processed_pseudogene	Marmoset
AC097510	4	ENSG00000249564	processed_pseudogene	Owl_monkey
AC097518	4	ENSG00000287544	lncRNA	Gibbon
AC097520	4	ENSG00000287392	lncRNA	Macaque_indian
AC097520	4	ENSG00000287392	lncRNA	Marmoset
AC097520	4	ENSG00000287392	lncRNA	Owl_monkey
AC097521	4	ENSG00000249642	lncRNA	Gibbon
AC097521	4	ENSG00000249642	lncRNA	Gorilla
AC097521	4	ENSG00000249642	lncRNA	Macaque_indian
AC097521	4	ENSG00000249642	lncRNA	Marmoset
AC097521	4	ENSG00000249642	lncRNA	Owl_monkey
AC097533	4	ENSG00000237868	processed_pseudogene	Gibbon
AC097533	4	ENSG00000237868	processed_pseudogene	Gorilla
AC097533	4	ENSG00000237868	processed_pseudogene	Macaque_indian
AC097533	4	ENSG00000237868	processed_pseudogene	Marmoset
AC097533	4	ENSG00000237868	processed_pseudogene	Orangutan
AC097533	4	ENSG00000237868	processed_pseudogene	Owl_monkey
AC097535	4	ENSG00000248417	lncRNA	Macaque_indian
AC097652	4	ENSG00000250658	lncRNA	Bonobo
AC097652	4	ENSG00000250658	lncRNA	Chimpanzee
AC097652	4	ENSG00000250658	lncRNA	Gibbon
AC097652	4	ENSG00000250658	lncRNA	Gorilla
AC097652	4	ENSG00000250658	lncRNA	Macaque_indian
AC097652	4	ENSG00000250658	lncRNA	Marmoset
AC097652	4	ENSG00000250658	lncRNA	Orangutan
AC097652	4	ENSG00000250658	lncRNA	Owl_monkey
AC097654	4	ENSG00000286212	lncRNA	Owl_monkey
AC097717	2	ENSG00000232732	lncRNA	Marmoset
AC098487	4	ENSG00000248161	lncRNA	Marmoset
AC098487	4	ENSG00000248161	lncRNA	Owl_monkey
AC098588	4	ENSG00000285783	lncRNA	Macaque_indian
AC098657	1	ENSG00000235756	processed_pseudogene	Gibbon
AC098799	4	ENSG00000250642	unprocessed_pseudogene	Macaque_indian
AC098817	2	ENSG00000286211	lncRNA	Gibbon
AC098825	4	ENSG00000287375	lncRNA	Marmoset
AC098825	4	ENSG00000287375	lncRNA	Owl_monkey
AC098828	2	ENSG00000234378	lncRNA	Gibbon
AC098828	2	ENSG00000234378	lncRNA	Macaque_indian
AC098828	2	ENSG00000234378	lncRNA	Marmoset
AC098828	2	ENSG00000234378	lncRNA	Owl_monkey
AC098847	18	ENSG00000267669	transcribed_processed_pseudogene	Marmoset
AC098847	18	ENSG00000267669	transcribed_processed_pseudogene	Owl_monkey
AC098859	4	ENSG00000248795	processed_pseudogene	Gibbon
AC098859	4	ENSG00000248795	processed_pseudogene	Macaque_indian
AC098859	4	ENSG00000248795	processed_pseudogene	Marmoset
AC098859	4	ENSG00000248795	processed_pseudogene	Orangutan
AC098859	4	ENSG00000248795	processed_pseudogene	Owl_monkey
AC098862	4	ENSG00000250611	processed_pseudogene	Macaque_indian
AC098934	1	ENSG00000214796	transcribed_unprocessed_pseudogene	Owl_monkey
AC098976	4	ENSG00000249563	unprocessed_pseudogene	Bonobo
AC099066	1	ENSG00000227496	lncRNA	Marmoset
AC099066	1	ENSG00000227496	lncRNA	Owl_monkey
AC099487	5	ENSG00000247402	lncRNA	Marmoset
AC099487	5	ENSG00000247402	lncRNA	Owl_monkey
AC099508	16	ENSG00000261058	lncRNA	Macaque_indian
AC099517	5	ENSG00000287176	lncRNA	Orangutan
AC099518	16	ENSG00000260430	lncRNA	Marmoset
AC099518	16	ENSG00000260430	lncRNA	Owl_monkey
AC099520	5	ENSG00000251574	lncRNA	Gibbon
AC099520	5	ENSG00000251574	lncRNA	Gorilla
AC099522	5	ENSG00000249149	processed_transcript	Marmoset
AC099522	5	ENSG00000249149	processed_transcript	Owl_monkey
AC099542	3	ENSG00000241593	lncRNA	Macaque_indian
AC099542	3	ENSG00000241593	lncRNA	Marmoset
AC099552	7	ENSG00000225612	lncRNA	Gibbon
AC099552	7	ENSG00000225612	lncRNA	Macaque_indian
AC099565	1	ENSG00000287703	lncRNA	Gibbon
AC099567	1	ENSG00000230864	lncRNA	Macaque_indian
AC099791	1	ENSG00000223920	processed_pseudogene	Marmoset
AC099796	1	ENSG00000287582	lncRNA	Gibbon
AC100810	8	ENSG00000254265	processed_pseudogene	Orangutan
AC100849	8	ENSG00000253557	lncRNA	Marmoset
AC100858	8	ENSG00000250428	processed_pseudogene	Marmoset
AC100858	8	ENSG00000250428	processed_pseudogene	Owl_monkey
AC100863	18	ENSG00000265844	lncRNA	Marmoset
AC100863	18	ENSG00000265844	lncRNA	Owl_monkey
AC100868	8	ENSG00000258417	protein_coding	Gibbon
AC100868	8	ENSG00000258417	protein_coding	Macaque_indian
AC100868	8	ENSG00000258417	protein_coding	Marmoset
AC100868	8	ENSG00000258417	protein_coding	Orangutan
AC100868	8	ENSG00000258417	protein_coding	Owl_monkey
AC103409	8	ENSG00000253901	lncRNA	Gibbon
AC103409	8	ENSG00000253901	lncRNA	Macaque_indian
AC103409	8	ENSG00000253901	lncRNA	Marmoset
AC103409	8	ENSG00000253901	lncRNA	Owl_monkey
AC103563	2	ENSG00000287362	lncRNA	Marmoset
AC103563	2	ENSG00000287362	lncRNA	Owl_monkey
AC103764	8	ENSG00000251218	lncRNA	Marmoset
AC103808	18	ENSG00000266014	lncRNA	Macaque_indian
AC103855	11	ENSG00000254514	lncRNA	Marmoset
AC103855	11	ENSG00000254514	lncRNA	Owl_monkey
AC103876	15	ENSG00000259986	lncRNA	Marmoset
AC103876	15	ENSG00000259986	lncRNA	Owl_monkey
AC103957	8	ENSG00000253505	lncRNA	Marmoset
AC103957	8	ENSG00000253505	lncRNA	Owl_monkey
AC103996	15	ENSG00000258831	lncRNA	Marmoset
AC103996	15	ENSG00000258831	lncRNA	Owl_monkey
AC104012	8	ENSG00000200191	snoRNA	Gibbon
AC104012	8	ENSG00000200191	snoRNA	Gorilla
AC104012	8	ENSG00000200191	snoRNA	Marmoset
AC104041	15	ENSG00000259692	lncRNA	Gibbon
AC104041	15	ENSG00000259692	lncRNA	Macaque_indian
AC104041	15	ENSG00000259692	lncRNA	Marmoset
AC104041	15	ENSG00000259692	lncRNA	Orangutan
AC104041	15	ENSG00000259692	lncRNA	Owl_monkey
AC104051	8	ENSG00000254139	lncRNA	Marmoset
AC104051	8	ENSG00000254139	lncRNA	Owl_monkey
AC104071	4	ENSG00000251434	lncRNA	Marmoset
AC104071	4	ENSG00000251434	lncRNA	Owl_monkey
AC104088	2	ENSG00000232555	lncRNA	Owl_monkey
AC104108	5	ENSG00000251605	processed_pseudogene	Bonobo
AC104108	5	ENSG00000251605	processed_pseudogene	Chimpanzee
AC104123	5	ENSG00000251314	lncRNA	Marmoset
AC104123	5	ENSG00000251314	lncRNA	Owl_monkey
AC104135	2	ENSG00000236209	lncRNA	Gibbon
AC104137	4	ENSG00000248479	lncRNA	Macaque_indian
AC104162	3	ENSG00000224479	transcribed_unitary_pseudogene	Bonobo
AC104162	3	ENSG00000224479	transcribed_unitary_pseudogene	Chimpanzee
AC104212	8	ENSG00000241746	processed_pseudogene	Owl_monkey
AC104248	8	ENSG00000253796	lncRNA	Macaque_indian
AC104248	8	ENSG00000253796	lncRNA	Owl_monkey
AC104257	8	ENSG00000253507	lncRNA	Macaque_indian
AC104304	3	ENSG00000286570	lncRNA	Marmoset
AC104335	1	ENSG00000287116	lncRNA	Macaque_indian
AC104339	8	ENSG00000233778	processed_pseudogene	Macaque_indian
AC104339	8	ENSG00000233778	processed_pseudogene	Marmoset
AC104339	8	ENSG00000233778	processed_pseudogene	Owl_monkey
AC104435	3	ENSG00000244345	lncRNA	Marmoset
AC104435	3	ENSG00000244345	lncRNA	Owl_monkey
AC104454	1	ENSG00000285201	lncRNA	Bonobo
AC104454	1	ENSG00000285201	lncRNA	Chimpanzee
AC104454	1	ENSG00000285201	lncRNA	Gibbon
AC104454	1	ENSG00000285201	lncRNA	Marmoset
AC104454	1	ENSG00000285201	lncRNA	Owl_monkey
AC104457	1	ENSG00000215871	processed_pseudogene	Marmoset
AC104457	1	ENSG00000215871	processed_pseudogene	Owl_monkey
AC104563	11	ENSG00000240036	processed_pseudogene	Macaque_indian
AC104563	11	ENSG00000240036	processed_pseudogene	Marmoset
AC104563	11	ENSG00000240036	processed_pseudogene	Owl_monkey
AC104574	15	ENSG00000259616	lncRNA	Marmoset
AC104574	15	ENSG00000259616	lncRNA	Owl_monkey
AC104619	4	ENSG00000241411	processed_pseudogene	Gibbon
AC104619	4	ENSG00000241411	processed_pseudogene	Macaque_indian
AC104619	4	ENSG00000241411	processed_pseudogene	Marmoset
AC104619	4	ENSG00000241411	processed_pseudogene	Owl_monkey
AC104771	4	ENSG00000271676	processed_pseudogene	Owl_monkey
AC104803	4	ENSG00000249883	lncRNA	Macaque_indian
AC104806	4	ENSG00000250075	lncRNA	Macaque_indian
AC104806	4	ENSG00000250075	lncRNA	Marmoset
AC104806	4	ENSG00000250075	lncRNA	Owl_monkey
AC104823	2	ENSG00000224099	lncRNA	Macaque_indian
AC104964	8	ENSG00000253678	lncRNA	Macaque_indian
AC105021	17	ENSG00000236319	processed_transcript	Marmoset
AC105021	17	ENSG00000236319	processed_transcript	Owl_monkey
AC105031	8	ENSG00000253836	lncRNA	Macaque_indian
AC105031	8	ENSG00000253836	lncRNA	Marmoset
AC105031	8	ENSG00000253836	lncRNA	Owl_monkey
AC105227	18	ENSG00000267695	lncRNA	Gibbon
AC105227	18	ENSG00000267695	lncRNA	Macaque_indian
AC105227	18	ENSG00000267695	lncRNA	Marmoset
AC105227	18	ENSG00000267695	lncRNA	Orangutan
AC105227	18	ENSG00000267695	lncRNA	Owl_monkey
AC105343	4	ENSG00000250704	lncRNA	Gibbon
AC105343	4	ENSG00000250704	lncRNA	Owl_monkey
AC105345	4	ENSG00000205959	lncRNA	Marmoset
AC105345	4	ENSG00000205959	lncRNA	Orangutan
AC105362	4	ENSG00000250865	lncRNA	Marmoset
AC105362	4	ENSG00000250865	lncRNA	Owl_monkey
AC105398	2	ENSG00000229224	lncRNA	Marmoset
AC105398	2	ENSG00000229224	lncRNA	Owl_monkey
AC105399	2	ENSG00000237077	processed_transcript	Macaque_indian
AC105399	2	ENSG00000237077	processed_transcript	Marmoset
AC105399	2	ENSG00000237077	processed_transcript	Owl_monkey
AC105411	16	ENSG00000259867	lncRNA	Marmoset
AC105411	16	ENSG00000259867	lncRNA	Owl_monkey
AC105416	4	ENSG00000248305	processed_pseudogene	Marmoset
AC105416	4	ENSG00000248305	processed_pseudogene	Owl_monkey
AC105430	16	ENSG00000261313	lncRNA	Marmoset
AC105430	16	ENSG00000261313	lncRNA	Owl_monkey
AC105443	7	ENSG00000229532	processed_pseudogene	Gibbon
AC105760	2	ENSG00000124835	lncRNA	Orangutan
AC105918	4	ENSG00000244470	processed_pseudogene	Macaque_indian
AC105999	8	ENSG00000253354	lncRNA	Marmoset
AC105999	8	ENSG00000253354	lncRNA	Owl_monkey
AC106053	2	ENSG00000224626	lncRNA	Marmoset
AC106744	5	ENSG00000251487	lncRNA	Bonobo
AC106748	5	ENSG00000249977	processed_pseudogene	Macaque_indian
AC106791	5	ENSG00000287067	processed_transcript	Marmoset
AC106791	5	ENSG00000287067	processed_transcript	Owl_monkey
AC106799	5	ENSG00000248973	lncRNA	Macaque_indian
AC106799	5	ENSG00000248973	lncRNA	Marmoset
AC106799	5	ENSG00000248973	lncRNA	Orangutan
AC106799	5	ENSG00000248973	lncRNA	Owl_monkey
AC106865	4	ENSG00000287216	lncRNA	Marmoset
AC106865	4	ENSG00000287216	lncRNA	Owl_monkey
AC106868	4	ENSG00000248281	processed_pseudogene	Marmoset
AC106868	4	ENSG00000248281	processed_pseudogene	Owl_monkey
AC106886	16	ENSG00000260082	processed_pseudogene	Gibbon
AC106886	16	ENSG00000260082	processed_pseudogene	Marmoset
AC106886	16	ENSG00000260082	processed_pseudogene	Owl_monkey
AC106892	4	ENSG00000250791	lncRNA	Gorilla
AC107032	12	ENSG00000243071	processed_pseudogene	Marmoset
AC107032	12	ENSG00000243071	processed_pseudogene	Owl_monkey
AC107057	2	ENSG00000232835	lncRNA	Macaque_indian
AC107204	3	ENSG00000281392	lncRNA	Marmoset
AC107204	3	ENSG00000281392	lncRNA	Owl_monkey
AC107223	4	ENSG00000251600	lncRNA	Marmoset
AC107223	4	ENSG00000251600	lncRNA	Owl_monkey
AC107373	8	ENSG00000253832	lncRNA	Marmoset
AC107373	8	ENSG00000253832	lncRNA	Owl_monkey
AC107398	4	ENSG00000282904	lncRNA	Marmoset
AC107398	4	ENSG00000282904	lncRNA	Owl_monkey
AC107419	X	ENSG00000228933	lncRNA	Gibbon
AC107419	X	ENSG00000228933	lncRNA	Marmoset
AC107419	X	ENSG00000228933	lncRNA	Owl_monkey
AC107892	18	ENSG00000266213	lncRNA	Owl_monkey
AC107934	8	ENSG00000253413	processed_pseudogene	Marmoset
AC107934	8	ENSG00000253413	processed_pseudogene	Owl_monkey
AC108081	16	ENSG00000271456	processed_pseudogene	Gibbon
AC108081	16	ENSG00000271456	processed_pseudogene	Owl_monkey
AC108114	5	ENSG00000240052	processed_pseudogene	Macaque_indian
AC108114	5	ENSG00000240052	processed_pseudogene	Marmoset
AC108114	5	ENSG00000240052	processed_pseudogene	Owl_monkey
AC108136	8	ENSG00000255325	lncRNA	Marmoset
AC108136	8	ENSG00000255325	lncRNA	Owl_monkey
AC108169	4	ENSG00000287083	lncRNA	Orangutan
AC108448	11	ENSG00000234791	lncRNA	Orangutan
AC108452	18	ENSG00000286716	lncRNA	Macaque_indian
AC108452	18	ENSG00000286716	lncRNA	Marmoset
AC108452	18	ENSG00000286716	lncRNA	Owl_monkey
AC108467	4	ENSG00000248744	lncRNA	Gibbon
AC108479	2	ENSG00000287670	lncRNA	Macaque_indian
AC108488	2	ENSG00000286905	nonsense_mediated_decay	Macaque_indian
AC108517	4	ENSG00000249111	lncRNA	Macaque_indian
AC108734	3	ENSG00000285336	lncRNA	Gorilla
AC108749	3	ENSG00000239572	lncRNA	Gibbon
AC108749	3	ENSG00000239572	lncRNA	Macaque_indian
AC108749	3	ENSG00000239572	lncRNA	Marmoset
AC108749	3	ENSG00000239572	lncRNA	Orangutan
AC108749	3	ENSG00000239572	lncRNA	Owl_monkey
AC108751	3	ENSG00000241929	processed_pseudogene	Marmoset
AC108751	3	ENSG00000241929	processed_pseudogene	Owl_monkey
AC108865	4	ENSG00000250829	lncRNA	Gorilla
AC108941	4	ENSG00000251489	processed_pseudogene	Macaque_indian
AC109439	5	ENSG00000248616	processed_pseudogene	Marmoset
AC109439	5	ENSG00000248616	processed_pseudogene	Owl_monkey
AC109446	16	ENSG00000260405	processed_pseudogene	Macaque_indian
AC109446	16	ENSG00000260405	processed_pseudogene	Marmoset
AC109446	16	ENSG00000260405	processed_pseudogene	Owl_monkey
AC109466	5	ENSG00000241956	lncRNA	Gibbon
AC109466	5	ENSG00000241956	lncRNA	Macaque_indian
AC109466	5	ENSG00000241956	lncRNA	Marmoset
AC109466	5	ENSG00000241956	lncRNA	Orangutan
AC109466	5	ENSG00000241956	lncRNA	Owl_monkey
AC109517	4	ENSG00000287667	lncRNA	Bonobo
AC109517	4	ENSG00000287667	lncRNA	Chimpanzee
AC109583	3	ENSG00000206549	protein_coding	Owl_monkey
AC109630	15	ENSG00000259269	lncRNA	Marmoset
AC109630	15	ENSG00000259269	lncRNA	Owl_monkey
AC109635	11	ENSG00000287538	lncRNA	Gibbon
AC110058	11	ENSG00000255029	lncRNA	Marmoset
AC110058	11	ENSG00000255029	lncRNA	Owl_monkey
AC110614	2	ENSG00000287474	lncRNA	Macaque_indian
AC110614	2	ENSG00000287474	lncRNA	Marmoset
AC110614	2	ENSG00000287474	lncRNA	Owl_monkey
AC110753	4	ENSG00000250609	processed_pseudogene	Marmoset
AC110753	4	ENSG00000250609	processed_pseudogene	Owl_monkey
AC110772	4	ENSG00000249742	lncRNA	Macaque_indian
AC110995	X	ENSG00000236120	lncRNA	Marmoset
AC110995	X	ENSG00000236120	lncRNA	Owl_monkey
AC111000	4	ENSG00000250100	unprocessed_pseudogene	Chimpanzee
AC111152	15	ENSG00000259647	lncRNA	Macaque_indian
AC111188	11	ENSG00000254957	processed_pseudogene	Owl_monkey
AC111194	4	ENSG00000250646	lncRNA	Macaque_indian
AC112172	5	ENSG00000286182	lncRNA	Gibbon
AC112187	5	ENSG00000213956	processed_pseudogene	Owl_monkey
AC112203	5	ENSG00000251193	processed_pseudogene	Macaque_indian
AC112481	12	ENSG00000288102	lncRNA	Marmoset
AC112481	12	ENSG00000288102	lncRNA	Owl_monkey
AC112493	X	ENSG00000242021	lncRNA	Marmoset
AC112493	X	ENSG00000242021	lncRNA	Owl_monkey
AC112495	X	ENSG00000223742	lncRNA	Gibbon
AC112498	X	ENSG00000236929	processed_pseudogene	Marmoset
AC112693	15	ENSG00000258971	processed_pseudogene	Marmoset
AC112721	2	ENSG00000222022	lncRNA	Marmoset
AC112721	2	ENSG00000222022	lncRNA	Owl_monkey
AC112778	X	ENSG00000176812	processed_pseudogene	Marmoset
AC112778	X	ENSG00000176812	processed_pseudogene	Owl_monkey
AC113192	11	ENSG00000255161	processed_pseudogene	Macaque_indian
AC113192	11	ENSG00000255161	processed_pseudogene	Marmoset
AC113192	11	ENSG00000255161	processed_pseudogene	Owl_monkey
AC113347	5	ENSG00000230571	processed_pseudogene	Marmoset
AC113347	5	ENSG00000230571	processed_pseudogene	Owl_monkey
AC113355	5	ENSG00000248490	lncRNA	Orangutan
AC113391	5	ENSG00000251446	lncRNA	Macaque_indian
AC113414	5	ENSG00000254186	lncRNA	Macaque_indian
AC113414	5	ENSG00000254186	lncRNA	Marmoset
AC113414	5	ENSG00000254186	lncRNA	Owl_monkey
AC114267	19	ENSG00000186723	protein_coding	Bonobo
AC114267	19	ENSG00000186723	protein_coding	Chimpanzee
AC114321	5	ENSG00000254171	lncRNA	Marmoset
AC114321	5	ENSG00000254171	lncRNA	Orangutan
AC114321	5	ENSG00000254171	lncRNA	Owl_monkey
AC114485	1	ENSG00000233359	lncRNA	Gibbon
AC114491	1	ENSG00000224550	processed_pseudogene	Macaque_indian
AC114491	1	ENSG00000224550	processed_pseudogene	Marmoset
AC114491	1	ENSG00000224550	processed_pseudogene	Owl_monkey
AC114492	1	ENSG00000228776	processed_pseudogene	Marmoset
AC114492	1	ENSG00000228776	processed_pseudogene	Owl_monkey
AC114550	8	ENSG00000253343	lncRNA	Owl_monkey
AC114689	18	ENSG00000265533	lncRNA	Marmoset
AC114689	18	ENSG00000265533	lncRNA	Owl_monkey
AC114728	4	ENSG00000241612	processed_pseudogene	Macaque_indian
AC114728	4	ENSG00000241612	processed_pseudogene	Marmoset
AC114728	4	ENSG00000241612	processed_pseudogene	Owl_monkey
AC114741	4	ENSG00000248369	lncRNA	Gorilla
AC114757	4	ENSG00000250863	lncRNA	Marmoset
AC114757	4	ENSG00000250863	lncRNA	Owl_monkey
AC114940	5	ENSG00000250145	processed_pseudogene	Marmoset
AC114940	5	ENSG00000250145	processed_pseudogene	Owl_monkey
AC114971	5	ENSG00000287862	lncRNA	Gibbon
AC115100	18	ENSG00000286605	lncRNA	Marmoset
AC115100	18	ENSG00000286605	lncRNA	Owl_monkey
AC115618	X	ENSG00000204620	lncRNA	Marmoset
AC115618	X	ENSG00000204620	lncRNA	Owl_monkey
AC116035	3	ENSG00000227549	lncRNA	Macaque_indian
AC116049	4	ENSG00000236562	processed_pseudogene	Owl_monkey
AC116337	5	ENSG00000249856	lncRNA	Marmoset
AC116337	5	ENSG00000249856	lncRNA	Owl_monkey
AC116347	5	ENSG00000238000	processed_pseudogene	Macaque_indian
AC116347	5	ENSG00000238000	processed_pseudogene	Marmoset
AC116347	5	ENSG00000238000	processed_pseudogene	Owl_monkey
AC116353	5	ENSG00000283602	processed_transcript	Gibbon
AC116353	5	ENSG00000283602	processed_transcript	Macaque_indian
AC116353	5	ENSG00000283602	processed_transcript	Marmoset
AC116353	5	ENSG00000283602	processed_transcript	Orangutan
AC116353	5	ENSG00000283602	processed_transcript	Owl_monkey
AC116359	5	ENSG00000249541	processed_pseudogene	Owl_monkey
AC116362	5	ENSG00000248752	lncRNA	Gibbon
AC116362	5	ENSG00000248752	lncRNA	Marmoset
AC116362	5	ENSG00000248752	lncRNA	Owl_monkey
AC116535	11	ENSG00000246308	lncRNA	Bonobo
AC116535	11	ENSG00000246308	lncRNA	Chimpanzee
AC116535	11	ENSG00000246308	lncRNA	Marmoset
AC116535	11	ENSG00000246308	lncRNA	Owl_monkey
AC116563	4	ENSG00000250126	lncRNA	Marmoset
AC116611	4	ENSG00000286784	lncRNA	Gibbon
AC117453	3	ENSG00000223930	lncRNA	Gibbon
AC117453	3	ENSG00000223930	lncRNA	Marmoset
AC117453	3	ENSG00000223930	lncRNA	Owl_monkey
AC117462	3	ENSG00000240573	lncRNA	Owl_monkey
AC117464	3	ENSG00000287158	lncRNA	Bonobo
AC117464	3	ENSG00000287158	lncRNA	Chimpanzee
AC117464	3	ENSG00000287158	lncRNA	Macaque_indian
AC117522	5	ENSG00000250253	processed_pseudogene	Gibbon
AC117522	5	ENSG00000250253	processed_pseudogene	Marmoset
AC117569	18	ENSG00000264587	lncRNA	Macaque_indian
AC118757	18	ENSG00000267627	lncRNA	Marmoset
AC119673	1	ENSG00000286619	lncRNA	Gibbon
AC119674	1	ENSG00000260971	lncRNA	Macaque_indian
AC119674	1	ENSG00000260971	lncRNA	Marmoset
AC119674	1	ENSG00000260971	lncRNA	Owl_monkey
AC120036	8	ENSG00000248347	unprocessed_pseudogene	Bonobo
AC120036	8	ENSG00000248347	unprocessed_pseudogene	Chimpanzee
AC120036	8	ENSG00000248347	unprocessed_pseudogene	Gorilla
AC121334	12	ENSG00000255991	processed_pseudogene	Gibbon
AC121334	12	ENSG00000255991	processed_pseudogene	Gorilla
AC121334	12	ENSG00000255991	processed_pseudogene	Macaque_indian
AC121334	12	ENSG00000255991	processed_pseudogene	Marmoset
AC121334	12	ENSG00000255991	processed_pseudogene	Orangutan
AC121334	12	ENSG00000255991	processed_pseudogene	Owl_monkey
AC121758	12	ENSG00000258679	transcribed_processed_pseudogene	Bonobo
AC121758	12	ENSG00000258679	transcribed_processed_pseudogene	Chimpanzee
AC122138	4	ENSG00000250024	lncRNA	Gibbon
AC122685	12	ENSG00000258763	lncRNA	Gibbon
AC122688	12	ENSG00000256093	processed_pseudogene	Bonobo
AC122688	12	ENSG00000256093	processed_pseudogene	Chimpanzee
AC122688	12	ENSG00000256093	processed_pseudogene	Gibbon
AC122697	5	ENSG00000286953	lncRNA	Owl_monkey
AC123767	8	ENSG00000254067	processed_transcript	Macaque_indian
AC123777	8	ENSG00000254813	lncRNA	Orangutan
AC123904	12	ENSG00000257998	processed_pseudogene	Macaque_indian
AC124016	4	ENSG00000273156	lncRNA	Marmoset
AC124016	4	ENSG00000273156	lncRNA	Owl_monkey
AC124067	8	ENSG00000254111	lncRNA	Orangutan
AC124254	18	ENSG00000264015	lncRNA	Macaque_indian
AC124276	11	ENSG00000254991	lncRNA	Marmoset
AC124276	11	ENSG00000254991	lncRNA	Owl_monkey
AC124290	8	ENSG00000253452	lncRNA	Gorilla
AC124290	8	ENSG00000253452	lncRNA	Marmoset
AC124290	8	ENSG00000253452	lncRNA	Owl_monkey
AC124852	5	ENSG00000248994	lncRNA	Marmoset
AC124852	5	ENSG00000248994	lncRNA	Owl_monkey
AC124854	5	ENSG00000249776	lncRNA	Owl_monkey
AC124861	2	ENSG00000286325	lncRNA	Gibbon
AC124861	2	ENSG00000286325	lncRNA	Macaque_indian
AC124893	3	ENSG00000241882	lncRNA	Marmoset
AC124893	3	ENSG00000241882	lncRNA	Owl_monkey
AC124945	3	ENSG00000241257	processed_pseudogene	Gorilla
AC126177	12	ENSG00000257398	lncRNA	Bonobo
AC126177	12	ENSG00000257398	lncRNA	Chimpanzee
AC126177	12	ENSG00000257398	lncRNA	Gibbon
AC126177	12	ENSG00000257398	lncRNA	Macaque_indian
AC126177	12	ENSG00000257398	lncRNA	Marmoset
AC126177	12	ENSG00000257398	lncRNA	Owl_monkey
AC126323	15	ENSG00000259697	lncRNA	Bonobo
AC126323	15	ENSG00000259697	lncRNA	Chimpanzee
AC126323	15	ENSG00000259697	lncRNA	Gibbon
AC126323	15	ENSG00000259697	lncRNA	Owl_monkey
AC127496	17	ENSG00000262873	lncRNA	Macaque_indian
AC127496	17	ENSG00000262873	lncRNA	Marmoset
AC128657	12	ENSG00000258073	processed_pseudogene	Marmoset
AC128657	12	ENSG00000258073	processed_pseudogene	Owl_monkey
AC128685	3	ENSG00000241168	lncRNA	Macaque_indian
AC128685	3	ENSG00000241168	lncRNA	Orangutan
AC128707	12	ENSG00000258084	lncRNA	Marmoset
AC128707	12	ENSG00000258084	lncRNA	Owl_monkey
AC128709	3	ENSG00000237167	lncRNA	Marmoset
AC128709	3	ENSG00000237167	lncRNA	Owl_monkey
AC130415	12	ENSG00000257879	lncRNA	Owl_monkey
AC130456	16	ENSG00000259925	lncRNA	Orangutan
AC130456	16	ENSG00000259925	lncRNA	Owl_monkey
AC130710	2	ENSG00000236989	lncRNA	Owl_monkey
AC131094	4	ENSG00000249945	lncRNA	Bonobo
AC131094	4	ENSG00000249945	lncRNA	Chimpanzee
AC131254	8	ENSG00000248964	lncRNA	Owl_monkey
AC131956	4	ENSG00000250034	lncRNA	Gibbon
AC131956	4	ENSG00000250034	lncRNA	Macaque_indian
AC131956	4	ENSG00000250034	lncRNA	Marmoset
AC131956	4	ENSG00000250034	lncRNA	Orangutan
AC131956	4	ENSG00000250034	lncRNA	Owl_monkey
AC132219	8	ENSG00000253334	lncRNA	Marmoset
AC132219	8	ENSG00000253334	lncRNA	Owl_monkey
AC132660	3	ENSG00000287273	lncRNA	Marmoset
AC132803	5	ENSG00000251031	lncRNA	Marmoset
AC132803	5	ENSG00000251031	lncRNA	Owl_monkey
AC132807	3	ENSG00000274840	lncRNA	Macaque_indian
AC132872	17	ENSG00000260563	lncRNA	Gibbon
AC133104	2	ENSG00000234903	unprocessed_pseudogene	Gibbon
AC133134	5	ENSG00000244245	processed_pseudogene	Gibbon
AC133134	5	ENSG00000244245	processed_pseudogene	Macaque_indian
AC133134	5	ENSG00000244245	processed_pseudogene	Marmoset
AC133134	5	ENSG00000244245	processed_pseudogene	Owl_monkey
AC134312	16	ENSG00000260162	lncRNA	Macaque_indian
AC135166	8	ENSG00000253286	lncRNA	Gibbon
AC135506	3	ENSG00000270441	unprocessed_pseudogene	Macaque_indian
AC135628	15	ENSG00000260109	unprocessed_pseudogene	Marmoset
AC135628	15	ENSG00000260109	unprocessed_pseudogene	Orangutan
AC135628	15	ENSG00000260109	unprocessed_pseudogene	Owl_monkey
AC135895	12	ENSG00000198671	lncRNA	Marmoset
AC135895	12	ENSG00000198671	lncRNA	Owl_monkey
AC136188	12	ENSG00000257587	lncRNA	Macaque_indian
AC136489	X	ENSG00000229491	lncRNA	Gibbon
AC136489	X	ENSG00000229491	lncRNA	Macaque_indian
AC136628	5	ENSG00000250674	lncRNA	Orangutan
AC136632	5	ENSG00000218227	transcribed_processed_pseudogene	Gibbon
AC137735	17	ENSG00000266765	lncRNA	Gibbon
AC137936	3	ENSG00000283511	processed_transcript	Macaque_indian
AC138057	3	ENSG00000243903	lncRNA	Marmoset
AC138057	3	ENSG00000243903	lncRNA	Owl_monkey
AC138627	16	ENSG00000261404	lncRNA	Marmoset
AC138627	16	ENSG00000261404	lncRNA	Owl_monkey
AC138646	8	ENSG00000253659	lncRNA	Orangutan
AC139143	11	ENSG00000230080	processed_pseudogene	Gibbon
AC139426	15	ENSG00000271078	processed_pseudogene	Gibbon
AC139426	15	ENSG00000271078	processed_pseudogene	Macaque_indian
AC139426	15	ENSG00000271078	processed_pseudogene	Marmoset
AC139426	15	ENSG00000271078	processed_pseudogene	Owl_monkey
AC139491	5	ENSG00000287579	lncRNA	Gorilla
AC139491	5	ENSG00000287579	lncRNA	Orangutan
AC139769	19	ENSG00000233836	transcribed_unprocessed_pseudogene	Orangutan
AC140119	3	ENSG00000200052	misc_RNA	Marmoset
AC140119	3	ENSG00000200052	misc_RNA	Owl_monkey
AC145343	17	ENSG00000265055	lncRNA	Orangutan
AC147055	4	ENSG00000251101	processed_pseudogene	Bonobo
AC147055	4	ENSG00000251101	processed_pseudogene	Chimpanzee
AC209005	4	ENSG00000250915	lncRNA	Gibbon
AC231759	X	ENSG00000276474	processed_pseudogene	Orangutan
AC231760	X	ENSG00000242186	processed_transcript	Owl_monkey
AC233289	X	ENSG00000220541	processed_pseudogene	Owl_monkey
AC233296	X	ENSG00000280870	lncRNA	Orangutan
AC233702	17	ENSG00000266466	lncRNA	Macaque_indian
AC233976	X	ENSG00000229151	lncRNA	Owl_monkey
AC234775	X	ENSG00000286000	lncRNA	Marmoset
AC234779	X	ENSG00000227779	processed_pseudogene	Marmoset
AC234779	X	ENSG00000227779	processed_pseudogene	Owl_monkey
AC236972	X	ENSG00000278803	protein_coding	Bonobo
AC236972	X	ENSG00000278803	protein_coding	Gibbon
AC236972	X	ENSG00000278803	protein_coding	Gorilla
AC239584	4	ENSG00000249942	lncRNA	Marmoset
AC239584	4	ENSG00000249942	lncRNA	Owl_monkey
AC239801	1	ENSG00000223728	processed_pseudogene	Owl_monkey
AC240504	X	ENSG00000273788	snoRNA	Owl_monkey
AC240565	17	ENSG00000277613	snRNA	Gorilla
AC243571	17	ENSG00000277501	lncRNA	Marmoset
AC243571	17	ENSG00000277501	lncRNA	Owl_monkey
AC243772	1	ENSG00000234232	transcribed_unprocessed_pseudogene	Orangutan
AC243964	19	ENSG00000224366	unprocessed_pseudogene	Macaque_indian
AC244033	1	ENSG00000285184	lncRNA	Owl_monkey
AC244035	1	ENSG00000287432	lncRNA	Owl_monkey
AC244131	12	ENSG00000256657	unprocessed_pseudogene	Macaque_indian
AC244205	2	ENSG00000283270	processed_transcript	Gibbon
AC244250	22	ENSG00000223999	lncRNA	Bonobo
AC244250	22	ENSG00000223999	lncRNA	Chimpanzee
AC244452	14	ENSG00000228757	unprocessed_pseudogene	Gorilla
AC244517	5	ENSG00000279558	lncRNA	Gibbon
AC245036	19	ENSG00000235181	unprocessed_pseudogene	Macaque_indian
AC245054	22	ENSG00000237472	processed_pseudogene	Gibbon
AC245054	22	ENSG00000237472	processed_pseudogene	Macaque_indian
AC245123	8	ENSG00000277526	lncRNA	Owl_monkey
AC245128	19	ENSG00000228790	unprocessed_pseudogene	Gibbon
AC245187	8	ENSG00000282142	lncRNA	Gibbon
AC245452	22	ENSG00000225544	processed_pseudogene	Macaque_indian
AC245884	19	ENSG00000240197	unprocessed_pseudogene	Gibbon
AC246817	8	ENSG00000254319	lncRNA	Gibbon
AC246817	8	ENSG00000254319	lncRNA	Macaque_indian
AC247036	14	ENSG00000271201	lncRNA	Bonobo
AC253576	4	ENSG00000250238	processed_pseudogene	Gibbon
ACACA	17	ENSG00000278540	protein_coding	Macaque_indian
ACADL	2	ENSG00000115361	protein_coding	Marmoset
ACAN	15	ENSG00000157766	protein_coding	Gibbon
ACAN	15	ENSG00000157766	protein_coding	Macaque_indian
ACAN	15	ENSG00000157766	protein_coding	Marmoset
ACAN	15	ENSG00000157766	protein_coding	Owl_monkey
ACBD4	17	ENSG00000181513	protein_coding	Marmoset
ACBD4	17	ENSG00000181513	protein_coding	Owl_monkey
ACOT11	1	ENSG00000162390	protein_coding	Gibbon
ACOX3	4	ENSG00000087008	protein_coding	Marmoset
ACOXL	2	ENSG00000153093	protein_coding	Macaque_indian
ACRV1	11	ENSG00000134940	protein_coding	Marmoset
ACRV1	11	ENSG00000134940	protein_coding	Owl_monkey
ACSM1	16	ENSG00000166743	protein_coding	Bonobo
ACSM1	16	ENSG00000166743	protein_coding	Chimpanzee
ACTG1P19	9	ENSG00000237999	processed_pseudogene	Gibbon
ACTG1P23	3	ENSG00000230362	processed_pseudogene	Owl_monkey
ACTN2	1	ENSG00000077522	protein_coding	Marmoset
ACTN2	1	ENSG00000077522	protein_coding	Owl_monkey
ACVR1	2	ENSG00000115170	protein_coding	Marmoset
ACVR1	2	ENSG00000115170	protein_coding	Owl_monkey
ACVR1B	12	ENSG00000135503	protein_coding	Macaque_indian
ACYP2	2	ENSG00000170634	protein_coding	Macaque_indian
ACYP2	2	ENSG00000170634	protein_coding	Marmoset
ACYP2	2	ENSG00000170634	protein_coding	Owl_monkey
ADAM2	8	ENSG00000104755	protein_coding	Gorilla
ADAM20P1	14	ENSG00000259158	transcribed_unprocessed_pseudogene	Marmoset
ADAM29	4	ENSG00000168594	processed_transcript	Owl_monkey
ADAM3A	8	ENSG00000197475	processed_transcript	Gorilla
ADAM3A	8	ENSG00000197475	processed_transcript	Marmoset
ADAMTS13	9	ENSG00000160323	protein_coding	Bonobo
ADAMTS13	9	ENSG00000160323	protein_coding	Chimpanzee
ADAMTS20	12	ENSG00000173157	protein_coding	Bonobo
ADAMTS20	12	ENSG00000173157	protein_coding	Chimpanzee
ADAMTS7P4	15	ENSG00000218052	processed_transcript	Macaque_indian
ADAMTS9-AS2	3	ENSG00000241684	lncRNA	Macaque_indian
ADAMTSL3	15	ENSG00000156218	protein_coding	Orangutan
ADAT2	6	ENSG00000189007	protein_coding	Gibbon
ADCY10P1	6	ENSG00000161912	processed_transcript	Marmoset
ADD3-AS1	10	ENSG00000203876	retained_intron	Macaque_indian
ADD3-AS1	10	ENSG00000203876	retained_intron	Marmoset
ADD3-AS1	10	ENSG00000203876	retained_intron	Owl_monkey
ADGRE1	19	ENSG00000174837	protein_coding	Macaque_indian
ADGRF1	6	ENSG00000153292	protein_coding	Macaque_indian
ADGRG2	X	ENSG00000173698	protein_coding	Marmoset
ADGRG2	X	ENSG00000173698	protein_coding	Owl_monkey
ADGRG4	X	ENSG00000156920	protein_coding	Macaque_indian
ADGRG4	X	ENSG00000156920	protein_coding	Marmoset
ADGRG4	X	ENSG00000156920	protein_coding	Owl_monkey
ADGRL4	1	ENSG00000162618	protein_coding	Marmoset
ADGRL4	1	ENSG00000162618	protein_coding	Owl_monkey
ADH5P4	6	ENSG00000233859	processed_pseudogene	Macaque_indian
ADH5P4	6	ENSG00000233859	processed_pseudogene	Marmoset
ADH5P4	6	ENSG00000233859	processed_pseudogene	Owl_monkey
ADH7	4	ENSG00000196344	protein_coding	Marmoset
ADI1P3	12	ENSG00000258369	processed_pseudogene	Bonobo
ADI1P3	12	ENSG00000258369	processed_pseudogene	Chimpanzee
ADNP2	18	ENSG00000101544	protein_coding	Marmoset
ADORA2A-AS1	22	ENSG00000178803	lncRNA	Marmoset
ADORA2A-AS1	22	ENSG00000178803	lncRNA	Owl_monkey
ADPRM	17	ENSG00000170222	protein_coding	Marmoset
ADPRM	17	ENSG00000170222	protein_coding	Owl_monkey
ADRA1A	8	ENSG00000120907	protein_coding	Marmoset
ADRA1A	8	ENSG00000120907	protein_coding	Owl_monkey
ADSS1	14	ENSG00000185100	protein_coding	Marmoset
ADSS1	14	ENSG00000185100	protein_coding	Owl_monkey
AF038458	19	ENSG00000267388	lncRNA	Owl_monkey
AF064858	21	ENSG00000235888	lncRNA	Macaque_indian
AF064858	21	ENSG00000235888	lncRNA	Marmoset
AF064858	21	ENSG00000235888	lncRNA	Owl_monkey
AF064860	21	ENSG00000225330	lncRNA	Gibbon
AF121898	8	ENSG00000253500	lncRNA	Marmoset
AF121898	8	ENSG00000253500	lncRNA	Owl_monkey
AF127936	21	ENSG00000232884	lncRNA	Marmoset
AF127936	21	ENSG00000232884	lncRNA	Owl_monkey
AF201337	8	ENSG00000254332	processed_pseudogene	Macaque_indian
AF201337	8	ENSG00000254332	processed_pseudogene	Marmoset
AF201337	8	ENSG00000254332	processed_pseudogene	Owl_monkey
AF240627	21	ENSG00000230233	lncRNA	Marmoset
AF240627	21	ENSG00000230233	lncRNA	Owl_monkey
AF246928	21	ENSG00000280082	TEC	Marmoset
AF246928	21	ENSG00000280082	TEC	Owl_monkey
AF274853	X	ENSG00000287918	lncRNA	Marmoset
AF279873	8	ENSG00000253642	lncRNA	Marmoset
AF279873	8	ENSG00000253642	lncRNA	Owl_monkey
AFG3L1P	16	ENSG00000223959	retained_intron	Bonobo
AFG3L1P	16	ENSG00000223959	retained_intron	Chimpanzee
AGAP11	10	ENSG00000271880	lncRNA	Bonobo
AGAP11	10	ENSG00000271880	lncRNA	Chimpanzee
AGBL1	15	ENSG00000273540	protein_coding	Marmoset
AGL	1	ENSG00000162688	protein_coding	Owl_monkey
AGPAT3	21	ENSG00000160216	protein_coding	Orangutan
AHCTF1	1	ENSG00000153207	protein_coding	Owl_monkey
AHNAK	11	ENSG00000124942	protein_coding	Gibbon
AHNAK	11	ENSG00000124942	protein_coding	Orangutan
AHNAK	11	ENSG00000124942	protein_coding	Owl_monkey
AIMP1	4	ENSG00000164022	protein_coding	Gibbon
AIMP1	4	ENSG00000164022	protein_coding	Macaque_indian
AIMP1	4	ENSG00000164022	protein_coding	Marmoset
AIMP1	4	ENSG00000164022	protein_coding	Orangutan
AIMP1	4	ENSG00000164022	protein_coding	Owl_monkey
AIMP2	7	ENSG00000106305	protein_coding	Bonobo
AIMP2	7	ENSG00000106305	protein_coding	Chimpanzee
AIPL1	17	ENSG00000129221	protein_coding	Marmoset
AJ009632	21	ENSG00000229425	lncRNA	Owl_monkey
AK4P3	12	ENSG00000233381	processed_pseudogene	Marmoset
AK4P3	12	ENSG00000233381	processed_pseudogene	Owl_monkey
AK4P4	9	ENSG00000223621	processed_pseudogene	Marmoset
AK4P4	9	ENSG00000223621	processed_pseudogene	Owl_monkey
AKAP1	17	ENSG00000121057	protein_coding	Gibbon
AKAP1	17	ENSG00000121057	protein_coding	Marmoset
AKAP1	17	ENSG00000121057	protein_coding	Owl_monkey
AKAP17BP	X	ENSG00000214992	unprocessed_pseudogene	Macaque_indian
AKAP3	12	ENSG00000111254	protein_coding	Marmoset
AKR1B15	7	ENSG00000227471	protein_coding	Marmoset
AKR1B1P6	18	ENSG00000225212	processed_pseudogene	Owl_monkey
AKR1C4	10	ENSG00000198610	protein_coding	Macaque_indian
AKR1E2	10	ENSG00000165568	protein_coding	Marmoset
AKR1E2	10	ENSG00000165568	protein_coding	Owl_monkey
AL008628	6	ENSG00000261003	lncRNA	Gibbon
AL008633	X	ENSG00000225689	lncRNA	Macaque_indian
AL008633	X	ENSG00000225689	lncRNA	Marmoset
AL008633	X	ENSG00000225689	lncRNA	Owl_monkey
AL008638	22	ENSG00000231405	lncRNA	Orangutan
AL008720	22	ENSG00000285707	lncRNA	Gibbon
AL008720	22	ENSG00000285707	lncRNA	Owl_monkey
AL008730	6	ENSG00000286616	lncRNA	Marmoset
AL008730	6	ENSG00000286616	lncRNA	Owl_monkey
AL009178	6	ENSG00000213065	processed_pseudogene	Owl_monkey
AL020995	1	ENSG00000236065	lncRNA	Bonobo
AL020995	1	ENSG00000236065	lncRNA	Chimpanzee
AL021155	1	ENSG00000285646	lncRNA	Owl_monkey
AL021937	22	ENSG00000230736	lncRNA	Gibbon
AL021939	6	ENSG00000213117	processed_pseudogene	Marmoset
AL021939	6	ENSG00000213117	processed_pseudogene	Owl_monkey
AL022100	1	ENSG00000283255	lncRNA	Marmoset
AL022100	1	ENSG00000283255	lncRNA	Orangutan
AL022100	1	ENSG00000283255	lncRNA	Owl_monkey
AL022161	X	ENSG00000271094	processed_pseudogene	Marmoset
AL022161	X	ENSG00000271094	processed_pseudogene	Owl_monkey
AL022170	6	ENSG00000286933	lncRNA	Marmoset
AL022170	6	ENSG00000286933	lncRNA	Owl_monkey
AL022313	22	ENSG00000229971	lncRNA	Marmoset
AL022313	22	ENSG00000229971	lncRNA	Owl_monkey
AL022332	22	ENSG00000233577	lncRNA	Gorilla
AL022718	X	ENSG00000226532	processed_pseudogene	Marmoset
AL022718	X	ENSG00000226532	processed_pseudogene	Owl_monkey
AL023495	1	ENSG00000235303	lncRNA	Marmoset
AL023495	1	ENSG00000235303	lncRNA	Owl_monkey
AL023574	X	ENSG00000285899	lncRNA	Gibbon
AL023754	1	ENSG00000287902	lncRNA	Owl_monkey
AL023773	X	ENSG00000236205	unprocessed_pseudogene	Bonobo
AL023773	X	ENSG00000236205	unprocessed_pseudogene	Chimpanzee
AL023806	6	ENSG00000288056	lncRNA	Gibbon
AL023806	6	ENSG00000288056	lncRNA	Marmoset
AL023877	X	ENSG00000286767	lncRNA	Macaque_indian
AL031003	6	ENSG00000218499	processed_pseudogene	Marmoset
AL031003	6	ENSG00000218499	processed_pseudogene	Owl_monkey
AL031133	6	ENSG00000219553	processed_pseudogene	Macaque_indian
AL031133	6	ENSG00000219553	processed_pseudogene	Marmoset
AL031133	6	ENSG00000219553	processed_pseudogene	Owl_monkey
AL031183	X	ENSG00000235329	processed_pseudogene	Bonobo
AL031183	X	ENSG00000235329	processed_pseudogene	Chimpanzee
AL031183	X	ENSG00000235329	processed_pseudogene	Gibbon
AL031183	X	ENSG00000235329	processed_pseudogene	Gorilla
AL031183	X	ENSG00000235329	processed_pseudogene	Macaque_indian
AL031183	X	ENSG00000235329	processed_pseudogene	Marmoset
AL031183	X	ENSG00000235329	processed_pseudogene	Orangutan
AL031183	X	ENSG00000235329	processed_pseudogene	Owl_monkey
AL031289	1	ENSG00000237899	lncRNA	Macaque_indian
AL031291	1	ENSG00000284646	lncRNA	Macaque_indian
AL031599	1	ENSG00000224228	lncRNA	Owl_monkey
AL031663	20	ENSG00000237464	lncRNA	Macaque_indian
AL031674	20	ENSG00000232294	lncRNA	Orangutan
AL031674	20	ENSG00000232294	lncRNA	Owl_monkey
AL031686	20	ENSG00000283757	lncRNA	Owl_monkey
AL031729	1	ENSG00000235912	processed_pseudogene	Gibbon
AL031729	1	ENSG00000235912	processed_pseudogene	Macaque_indian
AL031729	1	ENSG00000235912	processed_pseudogene	Marmoset
AL031729	1	ENSG00000235912	processed_pseudogene	Orangutan
AL031729	1	ENSG00000235912	processed_pseudogene	Owl_monkey
AL031731	1	ENSG00000284708	lncRNA	Marmoset
AL031731	1	ENSG00000284708	lncRNA	Owl_monkey
AL031864	1	ENSG00000224600	processed_pseudogene	Marmoset
AL031864	1	ENSG00000224600	processed_pseudogene	Owl_monkey
AL033530	1	ENSG00000285407	lncRNA	Bonobo
AL033530	1	ENSG00000285407	lncRNA	Chimpanzee
AL033530	1	ENSG00000285407	lncRNA	Gibbon
AL033530	1	ENSG00000285407	lncRNA	Gorilla
AL033530	1	ENSG00000285407	lncRNA	Macaque_indian
AL033530	1	ENSG00000285407	lncRNA	Marmoset
AL033530	1	ENSG00000285407	lncRNA	Orangutan
AL033530	1	ENSG00000285407	lncRNA	Owl_monkey
AL034397	X	ENSG00000217835	processed_pseudogene	Gorilla
AL034417	1	ENSG00000284716	lncRNA	Gibbon
AL034428	20	ENSG00000228809	lncRNA	Macaque_indian
AL035252	20	ENSG00000230725	lncRNA	Gibbon
AL035252	20	ENSG00000230725	lncRNA	Orangutan
AL035252	20	ENSG00000230725	lncRNA	Owl_monkey
AL035401	6	ENSG00000233358	lncRNA	Marmoset
AL035401	6	ENSG00000233358	lncRNA	Owl_monkey
AL035409	1	ENSG00000288543	lncRNA	Macaque_indian
AL035420	20	ENSG00000234139	lncRNA	Bonobo
AL035420	20	ENSG00000234139	lncRNA	Marmoset
AL035420	20	ENSG00000234139	lncRNA	Owl_monkey
AL035446	6	ENSG00000285875	lncRNA	Gorilla
AL035467	6	ENSG00000285963	lncRNA	Marmoset
AL035530	6	ENSG00000271913	lncRNA	Gibbon
AL035696	6	ENSG00000263667	lncRNA	Bonobo
AL035696	6	ENSG00000263667	lncRNA	Chimpanzee
AL035696	6	ENSG00000263667	lncRNA	Gibbon
AL035696	6	ENSG00000263667	lncRNA	Gorilla
AL035696	6	ENSG00000263667	lncRNA	Macaque_indian
AL035696	6	ENSG00000263667	lncRNA	Marmoset
AL035696	6	ENSG00000263667	lncRNA	Orangutan
AL035696	6	ENSG00000263667	lncRNA	Owl_monkey
AL049597	1	ENSG00000230721	processed_pseudogene	Marmoset
AL049597	1	ENSG00000230721	processed_pseudogene	Owl_monkey
AL049646	20	ENSG00000230010	lncRNA	Owl_monkey
AL049737	20	ENSG00000225170	processed_pseudogene	Macaque_indian
AL049737	20	ENSG00000225170	processed_pseudogene	Marmoset
AL049737	20	ENSG00000225170	processed_pseudogene	Owl_monkey
AL049825	1	ENSG00000285698	lncRNA	Macaque_indian
AL049828	14	ENSG00000258526	lncRNA	Gibbon
AL049828	14	ENSG00000258526	lncRNA	Gorilla
AL049828	14	ENSG00000258526	lncRNA	Macaque_indian
AL049828	14	ENSG00000258526	lncRNA	Marmoset
AL049828	14	ENSG00000258526	lncRNA	Orangutan
AL049828	14	ENSG00000258526	lncRNA	Owl_monkey
AL049830	14	ENSG00000213867	processed_pseudogene	Owl_monkey
AL049839	14	ENSG00000288028	lncRNA	Orangutan
AL049871	14	ENSG00000258943	lncRNA	Marmoset
AL049871	14	ENSG00000258943	lncRNA	Owl_monkey
AL049873	14	ENSG00000213598	processed_pseudogene	Gibbon
AL049873	14	ENSG00000213598	processed_pseudogene	Macaque_indian
AL049873	14	ENSG00000213598	processed_pseudogene	Marmoset
AL049873	14	ENSG00000213598	processed_pseudogene	Orangutan
AL049873	14	ENSG00000213598	processed_pseudogene	Owl_monkey
AL049874	14	ENSG00000244756	processed_pseudogene	Owl_monkey
AL050309	X	ENSG00000227486	lncRNA	Marmoset
AL050309	X	ENSG00000227486	lncRNA	Orangutan
AL050403	20	ENSG00000232900	lncRNA	Macaque_indian
AL050403	20	ENSG00000232900	lncRNA	Marmoset
AL078590	6	ENSG00000232310	lncRNA	Bonobo
AL078590	6	ENSG00000232310	lncRNA	Chimpanzee
AL078590	6	ENSG00000232310	lncRNA	Gibbon
AL078590	6	ENSG00000232310	lncRNA	Gorilla
AL078590	6	ENSG00000232310	lncRNA	Macaque_indian
AL078590	6	ENSG00000232310	lncRNA	Marmoset
AL078590	6	ENSG00000232310	lncRNA	Orangutan
AL078590	6	ENSG00000232310	lncRNA	Owl_monkey
AL078604	6	ENSG00000216480	processed_pseudogene	Macaque_indian
AL078604	6	ENSG00000216480	processed_pseudogene	Marmoset
AL078604	6	ENSG00000216480	processed_pseudogene	Owl_monkey
AL078612	11	ENSG00000255375	lncRNA	Macaque_indian
AL079307	14	ENSG00000258535	lncRNA	Marmoset
AL079307	14	ENSG00000258535	lncRNA	Owl_monkey
AL079342	6	ENSG00000220130	processed_pseudogene	Macaque_indian
AL080313	6	ENSG00000234540	lncRNA	Owl_monkey
AL080316	6	ENSG00000226207	lncRNA	Marmoset
AL080316	6	ENSG00000226207	lncRNA	Owl_monkey
AL096803	1	ENSG00000229739	lncRNA	Marmoset
AL096803	1	ENSG00000229739	lncRNA	Owl_monkey
AL096828	20	ENSG00000286628	lncRNA	Gorilla
AL096854	6	ENSG00000286540	lncRNA	Marmoset
AL096854	6	ENSG00000286540	lncRNA	Owl_monkey
AL096861	X	ENSG00000274579	processed_pseudogene	Marmoset
AL096861	X	ENSG00000274579	processed_pseudogene	Owl_monkey
AL096869	14	ENSG00000259789	lncRNA	Marmoset
AL096869	14	ENSG00000259789	lncRNA	Owl_monkey
AL109618	20	ENSG00000234241	processed_pseudogene	Marmoset
AL109618	20	ENSG00000234241	processed_pseudogene	Owl_monkey
AL109620	X	ENSG00000275508	processed_pseudogene	Gorilla
AL109741	1	ENSG00000228399	processed_pseudogene	Marmoset
AL109741	1	ENSG00000228399	processed_pseudogene	Owl_monkey
AL109809	20	ENSG00000232528	transcribed_unitary_pseudogene	Bonobo
AL109809	20	ENSG00000232528	transcribed_unitary_pseudogene	Chimpanzee
AL109838	20	ENSG00000235292	lncRNA	Marmoset
AL109838	20	ENSG00000235292	lncRNA	Owl_monkey
AL109941	6	ENSG00000216523	processed_pseudogene	Marmoset
AL109941	6	ENSG00000216523	processed_pseudogene	Owl_monkey
AL109955	20	ENSG00000286052	lncRNA	Gibbon
AL110114	20	ENSG00000286787	lncRNA	Marmoset
AL110114	20	ENSG00000286787	lncRNA	Owl_monkey
AL110118	14	ENSG00000258595	processed_pseudogene	Gibbon
AL110292	14	ENSG00000258081	lncRNA	Bonobo
AL110292	14	ENSG00000258081	lncRNA	Chimpanzee
AL110292	14	ENSG00000258081	lncRNA	Macaque_indian
AL110292	14	ENSG00000258081	lncRNA	Marmoset
AL110292	14	ENSG00000258081	lncRNA	Orangutan
AL110292	14	ENSG00000258081	lncRNA	Owl_monkey
AL110503	20	ENSG00000236151	lncRNA	Macaque_indian
AL117327	X	ENSG00000281091	lncRNA	Macaque_indian
AL117327	X	ENSG00000281091	lncRNA	Marmoset
AL117327	X	ENSG00000281091	lncRNA	Owl_monkey
AL117329	22	ENSG00000224271	lncRNA	Bonobo
AL117329	22	ENSG00000224271	lncRNA	Chimpanzee
AL117329	22	ENSG00000224271	lncRNA	Gibbon
AL117378	6	ENSG00000236673	lncRNA	Gibbon
AL117378	6	ENSG00000236673	lncRNA	Macaque_indian
AL117378	6	ENSG00000236673	lncRNA	Marmoset
AL117378	6	ENSG00000236673	lncRNA	Orangutan
AL117378	6	ENSG00000236673	lncRNA	Owl_monkey
AL117692	14	ENSG00000243038	processed_pseudogene	Marmoset
AL117692	14	ENSG00000243038	processed_pseudogene	Owl_monkey
AL118496	X	ENSG00000233874	processed_pseudogene	Marmoset
AL118508	20	ENSG00000230387	lncRNA	Owl_monkey
AL118523	20	ENSG00000229976	lncRNA	Marmoset
AL118523	20	ENSG00000229976	lncRNA	Owl_monkey
AL118557	14	ENSG00000258440	processed_pseudogene	Marmoset
AL121579	14	ENSG00000258519	processed_pseudogene	Marmoset
AL121885	22	ENSG00000231495	lncRNA	Marmoset
AL121885	22	ENSG00000231495	lncRNA	Owl_monkey
AL121888	20	ENSG00000286063	lncRNA	Marmoset
AL121888	20	ENSG00000286063	lncRNA	Owl_monkey
AL121944	6	ENSG00000199851	snoRNA	Gibbon
AL121949	6	ENSG00000218048	unprocessed_pseudogene	Macaque_indian
AL121974	6	ENSG00000235122	lncRNA	Macaque_indian
AL121974	6	ENSG00000235122	lncRNA	Marmoset
AL121974	6	ENSG00000235122	lncRNA	Owl_monkey
AL121992	1	ENSG00000237301	lncRNA	Gibbon
AL132633	14	ENSG00000285633	lncRNA	Macaque_indian
AL132640	14	ENSG00000259502	processed_pseudogene	Marmoset
AL132640	14	ENSG00000259502	processed_pseudogene	Owl_monkey
AL132708	14	ENSG00000256357	lncRNA	Macaque_indian
AL132711	14	ENSG00000258717	lncRNA	Marmoset
AL132712	14	ENSG00000287346	lncRNA	Macaque_indian
AL132775	6	ENSG00000287483	lncRNA	Marmoset
AL132775	6	ENSG00000287483	lncRNA	Owl_monkey
AL132796	14	ENSG00000259119	lncRNA	Marmoset
AL132796	14	ENSG00000259119	lncRNA	Owl_monkey
AL132875	6	ENSG00000220918	processed_pseudogene	Gibbon
AL133244	2	ENSG00000236854	lncRNA	Marmoset
AL133338	6	ENSG00000270987	processed_pseudogene	Marmoset
AL133338	6	ENSG00000270987	processed_pseudogene	Owl_monkey
AL133372	14	ENSG00000248975	lncRNA	Macaque_indian
AL133393	6	ENSG00000270695	processed_pseudogene	Marmoset
AL133467	14	ENSG00000259084	lncRNA	Orangutan
AL133475	6	ENSG00000287816	lncRNA	Orangutan
AL133481	10	ENSG00000241317	lncRNA	Bonobo
AL133481	10	ENSG00000241317	lncRNA	Chimpanzee
AL133485	14	ENSG00000285747	lncRNA	Marmoset
AL133516	1	ENSG00000282564	lncRNA	Marmoset
AL133516	1	ENSG00000282564	lncRNA	Owl_monkey
AL133538	6	ENSG00000287877	lncRNA	Owl_monkey
AL135878	14	ENSG00000258028	lncRNA	Marmoset
AL135878	14	ENSG00000258028	lncRNA	Owl_monkey
AL135923	9	ENSG00000231902	lncRNA	Macaque_indian
AL135926	1	ENSG00000285622	lncRNA	Gibbon
AL135926	1	ENSG00000285622	lncRNA	Macaque_indian
AL135926	1	ENSG00000285622	lncRNA	Marmoset
AL135926	1	ENSG00000285622	lncRNA	Owl_monkey
AL135937	20	ENSG00000234900	lncRNA	Marmoset
AL135937	20	ENSG00000234900	lncRNA	Owl_monkey
AL135938	20	ENSG00000200494	misc_RNA	Marmoset
AL136084	9	ENSG00000267026	lncRNA	Marmoset
AL136084	9	ENSG00000267026	lncRNA	Owl_monkey
AL136099	6	ENSG00000235815	lncRNA	Owl_monkey
AL136114	1	ENSG00000227579	lncRNA	Owl_monkey
AL136126	11	ENSG00000241255	processed_pseudogene	Marmoset
AL136139	6	ENSG00000271245	processed_pseudogene	Marmoset
AL136139	6	ENSG00000271245	processed_pseudogene	Owl_monkey
AL136140	6	ENSG00000237530	lncRNA	Macaque_indian
AL136140	6	ENSG00000237530	lncRNA	Orangutan
AL136226	6	ENSG00000216368	processed_pseudogene	Marmoset
AL136234	1	ENSG00000224326	lncRNA	Macaque_indian
AL136234	1	ENSG00000224326	lncRNA	Marmoset
AL136234	1	ENSG00000224326	lncRNA	Owl_monkey
AL136363	X	ENSG00000271056	processed_pseudogene	Orangutan
AL136372	1	ENSG00000285894	lncRNA	Marmoset
AL136372	1	ENSG00000285894	lncRNA	Owl_monkey
AL136441	13	ENSG00000285572	lncRNA	Marmoset
AL136441	13	ENSG00000285572	lncRNA	Owl_monkey
AL136456	1	ENSG00000227240	lncRNA	Macaque_indian
AL136501	14	ENSG00000259077	lncRNA	Macaque_indian
AL136972	6	ENSG00000237874	lncRNA	Marmoset
AL136972	6	ENSG00000237874	lncRNA	Owl_monkey
AL136985	1	ENSG00000283445	lncRNA	Macaque_indian
AL136987	1	ENSG00000236069	lncRNA	Marmoset
AL136987	1	ENSG00000236069	lncRNA	Owl_monkey
AL137005	6	ENSG00000285858	lncRNA	Macaque_indian
AL137025	10	ENSG00000228484	lncRNA	Gibbon
AL137025	10	ENSG00000228484	lncRNA	Marmoset
AL137078	20	ENSG00000274261	lncRNA	Marmoset
AL137100	14	ENSG00000286257	lncRNA	Gibbon
AL137100	14	ENSG00000286257	lncRNA	Macaque_indian
AL137100	14	ENSG00000286257	lncRNA	Marmoset
AL137100	14	ENSG00000286257	lncRNA	Orangutan
AL137100	14	ENSG00000286257	lncRNA	Owl_monkey
AL137191	14	ENSG00000259093	lncRNA	Gibbon
AL137191	14	ENSG00000259093	lncRNA	Marmoset
AL137191	14	ENSG00000259093	lncRNA	Owl_monkey
AL137220	6	ENSG00000225775	lncRNA	Orangutan
AL137786	14	ENSG00000258702	lncRNA	Gibbon
AL137792	1	ENSG00000214812	processed_pseudogene	Gibbon
AL137847	9	ENSG00000229109	lncRNA	Orangutan
AL138694	13	ENSG00000283384	lncRNA	Owl_monkey
AL138725	6	ENSG00000218976	unprocessed_pseudogene	Marmoset
AL138725	6	ENSG00000218976	unprocessed_pseudogene	Owl_monkey
AL138767	10	ENSG00000196566	lncRNA	Bonobo
AL138767	10	ENSG00000196566	lncRNA	Chimpanzee
AL138826	6	ENSG00000226733	lncRNA	Marmoset
AL138889	6	ENSG00000233183	lncRNA	Gibbon
AL138899	1	ENSG00000176320	lncRNA	Owl_monkey
AL139042	6	ENSG00000234426	lncRNA	Bonobo
AL139042	6	ENSG00000234426	lncRNA	Chimpanzee
AL139042	6	ENSG00000234426	lncRNA	Macaque_indian
AL139042	6	ENSG00000234426	lncRNA	Marmoset
AL139094	6	ENSG00000220685	processed_pseudogene	Marmoset
AL139094	6	ENSG00000220685	processed_pseudogene	Owl_monkey
AL139095	6	ENSG00000285771	lncRNA	Owl_monkey
AL139100	6	ENSG00000217130	processed_pseudogene	Macaque_indian
AL139100	6	ENSG00000217130	processed_pseudogene	Marmoset
AL139100	6	ENSG00000217130	processed_pseudogene	Owl_monkey
AL139161	1	ENSG00000237845	lncRNA	Marmoset
AL139161	1	ENSG00000237845	lncRNA	Owl_monkey
AL139220	1	ENSG00000230615	lncRNA	Marmoset
AL139220	1	ENSG00000230615	lncRNA	Owl_monkey
AL139231	6	ENSG00000235743	lncRNA	Owl_monkey
AL139280	10	ENSG00000227338	lncRNA	Orangutan
AL139317	14	ENSG00000285664	lncRNA	Marmoset
AL139317	14	ENSG00000285664	lncRNA	Owl_monkey
AL139351	20	ENSG00000286179	lncRNA	Marmoset
AL139351	20	ENSG00000286179	lncRNA	Owl_monkey
AL139383	13	ENSG00000230490	lncRNA	Gibbon
AL139383	13	ENSG00000230490	lncRNA	Macaque_indian
AL139383	13	ENSG00000230490	lncRNA	Marmoset
AL139383	13	ENSG00000230490	lncRNA	Orangutan
AL139383	13	ENSG00000230490	lncRNA	Owl_monkey
AL139390	6	ENSG00000203498	lncRNA	Macaque_indian
AL139390	6	ENSG00000203498	lncRNA	Marmoset
AL139390	6	ENSG00000203498	lncRNA	Owl_monkey
AL139393	6	ENSG00000233342	lncRNA	Marmoset
AL139413	1	ENSG00000229440	processed_pseudogene	Owl_monkey
AL139806	6	ENSG00000220291	unprocessed_pseudogene	Owl_monkey
AL139811	X	ENSG00000286306	lncRNA	Macaque_indian
AL139824	20	ENSG00000235594	processed_pseudogene	Marmoset
AL139824	20	ENSG00000235594	processed_pseudogene	Owl_monkey
AL157359	21	ENSG00000232193	lncRNA	Gibbon
AL157400	10	ENSG00000235100	lncRNA	Marmoset
AL157400	10	ENSG00000235100	lncRNA	Owl_monkey
AL157703	9	ENSG00000288042	lncRNA	Macaque_indian
AL157709	10	ENSG00000231601	lncRNA	Gibbon
AL157778	X	ENSG00000281566	lncRNA	Gibbon
AL157778	X	ENSG00000281566	lncRNA	Marmoset
AL157778	X	ENSG00000281566	lncRNA	Orangutan
AL157778	X	ENSG00000281566	lncRNA	Owl_monkey
AL157831	10	ENSG00000286832	lncRNA	Owl_monkey
AL157838	20	ENSG00000197670	lncRNA	Owl_monkey
AL157886	9	ENSG00000285987	lncRNA	Marmoset
AL157886	9	ENSG00000285987	lncRNA	Owl_monkey
AL158050	6	ENSG00000232702	processed_pseudogene	Macaque_indian
AL158050	6	ENSG00000232702	processed_pseudogene	Marmoset
AL158050	6	ENSG00000232702	processed_pseudogene	Owl_monkey
AL158058	14	ENSG00000258107	lncRNA	Gibbon
AL158064	13	ENSG00000284196	retained_intron	Gibbon
AL158077	9	ENSG00000276667	unprocessed_pseudogene	Gibbon
AL158077	9	ENSG00000276667	unprocessed_pseudogene	Macaque_indian
AL158077	9	ENSG00000276667	unprocessed_pseudogene	Marmoset
AL158077	9	ENSG00000276667	unprocessed_pseudogene	Orangutan
AL158077	9	ENSG00000276667	unprocessed_pseudogene	Owl_monkey
AL158152	9	ENSG00000286203	processed_transcript	Gibbon
AL158212	10	ENSG00000225292	lncRNA	Marmoset
AL158212	10	ENSG00000225292	lncRNA	Owl_monkey
AL158801	14	ENSG00000271180	processed_pseudogene	Marmoset
AL158801	14	ENSG00000271180	processed_pseudogene	Owl_monkey
AL160237	14	ENSG00000258464	retained_intron	Bonobo
AL160237	14	ENSG00000258464	retained_intron	Chimpanzee
AL160237	14	ENSG00000258464	retained_intron	Gibbon
AL160272	9	ENSG00000285082	nonsense_mediated_decay	Macaque_indian
AL160272	9	ENSG00000285082	nonsense_mediated_decay	Marmoset
AL160272	9	ENSG00000285082	nonsense_mediated_decay	Owl_monkey
AL160314	14	ENSG00000258823	transcribed_unprocessed_pseudogene	Bonobo
AL160314	14	ENSG00000258823	transcribed_unprocessed_pseudogene	Chimpanzee
AL160411	20	ENSG00000207282	misc_RNA	Owl_monkey
AL161449	9	ENSG00000285637	lncRNA	Macaque_indian
AL161449	9	ENSG00000285637	lncRNA	Owl_monkey
AL161616	13	ENSG00000277319	unprocessed_pseudogene	Macaque_indian
AL161637	1	ENSG00000283136	snRNA	Gorilla
AL161638	1	ENSG00000231949	lncRNA	Marmoset
AL161638	1	ENSG00000231949	lncRNA	Owl_monkey
AL161646	10	ENSG00000237761	lncRNA	Marmoset
AL161646	10	ENSG00000237761	lncRNA	Owl_monkey
AL161713	14	ENSG00000258549	processed_pseudogene	Marmoset
AL161713	14	ENSG00000258549	processed_pseudogene	Owl_monkey
AL161756	14	ENSG00000284664	lncRNA	Owl_monkey
AL161785	9	ENSG00000224307	lncRNA	Gibbon
AL161912	9	ENSG00000270691	processed_pseudogene	Owl_monkey
AL162231	9	ENSG00000230074	lncRNA	Marmoset
AL162388	9	ENSG00000230276	processed_pseudogene	Orangutan
AL162511	14	ENSG00000258844	lncRNA	Macaque_indian
AL162573	13	ENSG00000288552	lncRNA	Marmoset
AL162573	13	ENSG00000288552	lncRNA	Owl_monkey
AL162632	14	ENSG00000258746	processed_pseudogene	Gibbon
AL162713	13	ENSG00000287029	lncRNA	Gorilla
AL162725	9	ENSG00000237153	lncRNA	Marmoset
AL162725	9	ENSG00000237153	lncRNA	Owl_monkey
AL162726	9	ENSG00000228430	processed_transcript	Macaque_indian
AL162726	9	ENSG00000228430	processed_transcript	Marmoset
AL162872	14	ENSG00000258426	lncRNA	Marmoset
AL162872	14	ENSG00000258426	lncRNA	Owl_monkey
AL163642	14	ENSG00000258506	processed_pseudogene	Marmoset
AL163642	14	ENSG00000258506	processed_pseudogene	Owl_monkey
AL163932	14	ENSG00000259097	lncRNA	Gibbon
AL353093	10	ENSG00000237936	processed_pseudogene	Marmoset
AL353093	10	ENSG00000237936	processed_pseudogene	Owl_monkey
AL353132	20	ENSG00000228935	processed_pseudogene	Owl_monkey
AL353133	6	ENSG00000218561	processed_pseudogene	Gorilla
AL353151	9	ENSG00000220105	processed_pseudogene	Macaque_indian
AL353595	9	ENSG00000285784	lncRNA	Macaque_indian
AL353595	9	ENSG00000285784	lncRNA	Marmoset
AL353595	9	ENSG00000285784	lncRNA	Owl_monkey
AL353604	1	ENSG00000223944	lncRNA	Gibbon
AL353604	1	ENSG00000223944	lncRNA	Orangutan
AL353611	9	ENSG00000236403	lncRNA	Macaque_indian
AL353611	9	ENSG00000236403	lncRNA	Marmoset
AL353611	9	ENSG00000236403	lncRNA	Owl_monkey
AL353614	9	ENSG00000231052	lncRNA	Marmoset
AL353614	9	ENSG00000231052	lncRNA	Owl_monkey
AL353637	9	ENSG00000286332	lncRNA	Marmoset
AL353637	9	ENSG00000286332	lncRNA	Owl_monkey
AL353678	9	ENSG00000214908	processed_pseudogene	Gibbon
AL353681	1	ENSG00000235612	lncRNA	Marmoset
AL353681	1	ENSG00000235612	lncRNA	Owl_monkey
AL353705	9	ENSG00000233457	processed_pseudogene	Marmoset
AL353705	9	ENSG00000233457	processed_pseudogene	Owl_monkey
AL353732	9	ENSG00000288541	lncRNA	Macaque_indian
AL353740	10	ENSG00000203434	lncRNA	Macaque_indian
AL353742	9	ENSG00000230030	lncRNA	Owl_monkey
AL353743	9	ENSG00000165121	processed_transcript	Orangutan
AL353743	9	ENSG00000165121	processed_transcript	Owl_monkey
AL353752	9	ENSG00000228373	processed_pseudogene	Owl_monkey
AL353753	9	ENSG00000276759	lncRNA	Owl_monkey
AL353807	1	ENSG00000223503	processed_pseudogene	Gorilla
AL354685	X	ENSG00000233887	processed_pseudogene	Gibbon
AL354685	X	ENSG00000233887	processed_pseudogene	Macaque_indian
AL354685	X	ENSG00000233887	processed_pseudogene	Marmoset
AL354685	X	ENSG00000233887	processed_pseudogene	Orangutan
AL354685	X	ENSG00000233887	processed_pseudogene	Owl_monkey
AL354702	1	ENSG00000215895	processed_pseudogene	Marmoset
AL354702	1	ENSG00000215895	processed_pseudogene	Owl_monkey
AL354714	1	ENSG00000198358	lncRNA	Orangutan
AL354809	13	ENSG00000273507	lncRNA	Macaque_indian
AL354809	13	ENSG00000273507	lncRNA	Marmoset
AL354809	13	ENSG00000273507	lncRNA	Owl_monkey
AL354810	13	ENSG00000273550	lncRNA	Marmoset
AL354810	13	ENSG00000273550	lncRNA	Owl_monkey
AL354861	9	ENSG00000268926	lncRNA	Marmoset
AL354863	10	ENSG00000238276	lncRNA	Macaque_indian
AL354919	1	ENSG00000203620	lncRNA	Gibbon
AL354919	1	ENSG00000203620	lncRNA	Marmoset
AL354919	1	ENSG00000203620	lncRNA	Owl_monkey
AL354989	9	ENSG00000239392	processed_pseudogene	Owl_monkey
AL354993	20	ENSG00000259723	lncRNA	Gibbon
AL354993	20	ENSG00000259723	lncRNA	Gorilla
AL354993	20	ENSG00000259723	lncRNA	Macaque_indian
AL354993	20	ENSG00000259723	lncRNA	Marmoset
AL354993	20	ENSG00000259723	lncRNA	Orangutan
AL354993	20	ENSG00000259723	lncRNA	Owl_monkey
AL355032	14	ENSG00000241494	processed_pseudogene	Gibbon
AL355076	14	ENSG00000258760	lncRNA	Marmoset
AL355076	14	ENSG00000258760	lncRNA	Owl_monkey
AL355306	1	ENSG00000237480	lncRNA	Marmoset
AL355309	X	ENSG00000214748	processed_pseudogene	Gibbon
AL355309	X	ENSG00000214748	processed_pseudogene	Macaque_indian
AL355309	X	ENSG00000214748	processed_pseudogene	Marmoset
AL355309	X	ENSG00000214748	processed_pseudogene	Orangutan
AL355309	X	ENSG00000214748	processed_pseudogene	Owl_monkey
AL355375	6	ENSG00000217067	unprocessed_pseudogene	Macaque_indian
AL355375	6	ENSG00000217067	unprocessed_pseudogene	Marmoset
AL355375	6	ENSG00000217067	unprocessed_pseudogene	Owl_monkey
AL355472	1	ENSG00000235605	processed_pseudogene	Macaque_indian
AL355472	1	ENSG00000235605	processed_pseudogene	Marmoset
AL355472	1	ENSG00000235605	processed_pseudogene	Owl_monkey
AL355499	6	ENSG00000232234	lncRNA	Marmoset
AL355592	9	ENSG00000225050	lncRNA	Gibbon
AL355602	1	ENSG00000284694	lncRNA	Marmoset
AL355612	6	ENSG00000271945	lncRNA	Gibbon
AL355798	10	ENSG00000284951	unitary_pseudogene	Marmoset
AL355798	10	ENSG00000284951	unitary_pseudogene	Owl_monkey
AL355834	14	ENSG00000286355	lncRNA	Gibbon
AL355834	14	ENSG00000286355	lncRNA	Macaque_indian
AL355834	14	ENSG00000286355	lncRNA	Marmoset
AL355834	14	ENSG00000286355	lncRNA	Orangutan
AL355834	14	ENSG00000286355	lncRNA	Owl_monkey
AL355835	14	ENSG00000259072	lncRNA	Marmoset
AL355835	14	ENSG00000259072	lncRNA	Owl_monkey
AL355836	14	ENSG00000288252	lncRNA	Marmoset
AL355836	14	ENSG00000288252	lncRNA	Owl_monkey
AL355838	14	ENSG00000259035	lncRNA	Macaque_indian
AL355870	10	ENSG00000286514	lncRNA	Marmoset
AL355870	10	ENSG00000286514	lncRNA	Owl_monkey
AL355981	1	ENSG00000284846	lncRNA	Gibbon
AL356010	1	ENSG00000234464	lncRNA	Owl_monkey
AL356094	6	ENSG00000280451	TEC	Macaque_indian
AL356108	1	ENSG00000236230	lncRNA	Gibbon
AL356108	1	ENSG00000236230	lncRNA	Marmoset
AL356108	1	ENSG00000236230	lncRNA	Owl_monkey
AL356123	6	ENSG00000287297	lncRNA	Owl_monkey
AL356277	6	ENSG00000272243	lncRNA	Bonobo
AL356277	6	ENSG00000272243	lncRNA	Chimpanzee
AL356277	6	ENSG00000272243	lncRNA	Gibbon
AL356277	6	ENSG00000272243	lncRNA	Gorilla
AL356277	6	ENSG00000272243	lncRNA	Macaque_indian
AL356277	6	ENSG00000272243	lncRNA	Marmoset
AL356277	6	ENSG00000272243	lncRNA	Orangutan
AL356277	6	ENSG00000272243	lncRNA	Owl_monkey
AL356313	13	ENSG00000287438	lncRNA	Gibbon
AL356417	6	ENSG00000224478	lncRNA	Marmoset
AL356433	10	ENSG00000286610	lncRNA	Marmoset
AL356534	6	ENSG00000286215	processed_transcript	Gibbon
AL356534	6	ENSG00000286215	processed_transcript	Macaque_indian
AL356534	6	ENSG00000286215	processed_transcript	Marmoset
AL356534	6	ENSG00000286215	processed_transcript	Owl_monkey
AL356804	14	ENSG00000259033	lncRNA	Owl_monkey
AL356807	14	ENSG00000285826	lncRNA	Macaque_indian
AL356807	14	ENSG00000285826	lncRNA	Owl_monkey
AL357095	14	ENSG00000276782	misc_RNA	Gibbon
AL357153	14	ENSG00000257759	lncRNA	Bonobo
AL357153	14	ENSG00000257759	lncRNA	Chimpanzee
AL357153	14	ENSG00000257759	lncRNA	Gibbon
AL357153	14	ENSG00000257759	lncRNA	Gorilla
AL357153	14	ENSG00000257759	lncRNA	Macaque_indian
AL357153	14	ENSG00000257759	lncRNA	Marmoset
AL357153	14	ENSG00000257759	lncRNA	Orangutan
AL357153	14	ENSG00000257759	lncRNA	Owl_monkey
AL357172	14	ENSG00000259044	lncRNA	Marmoset
AL357172	14	ENSG00000259044	lncRNA	Owl_monkey
AL357514	6	ENSG00000232299	lncRNA	Marmoset
AL357514	6	ENSG00000232299	lncRNA	Owl_monkey
AL357520	10	ENSG00000234813	processed_pseudogene	Owl_monkey
AL357559	1	ENSG00000274702	processed_pseudogene	Gorilla
AL357833	10	ENSG00000236892	lncRNA	Marmoset
AL357874	9	ENSG00000231393	lncRNA	Macaque_indian
AL357874	9	ENSG00000231393	lncRNA	Marmoset
AL357874	9	ENSG00000231393	lncRNA	Owl_monkey
AL358332	14	ENSG00000258942	lncRNA	Orangutan
AL358780	10	ENSG00000199222	misc_RNA	Gibbon
AL358790	10	ENSG00000282772	lncRNA	Macaque_indian
AL358790	10	ENSG00000282772	lncRNA	Marmoset
AL358790	10	ENSG00000282772	lncRNA	Owl_monkey
AL358875	1	ENSG00000212538	snoRNA	Macaque_indian
AL358942	6	ENSG00000225580	processed_pseudogene	Marmoset
AL358942	6	ENSG00000225580	processed_pseudogene	Owl_monkey
AL358944	11	ENSG00000254532	lncRNA	Bonobo
AL358944	11	ENSG00000254532	lncRNA	Chimpanzee
AL359081	1	ENSG00000223344	lncRNA	Gibbon
AL359081	1	ENSG00000223344	lncRNA	Owl_monkey
AL359091	9	ENSG00000228510	processed_pseudogene	Marmoset
AL359091	9	ENSG00000228510	processed_pseudogene	Owl_monkey
AL359212	14	ENSG00000258639	processed_pseudogene	Bonobo
AL359212	14	ENSG00000258639	processed_pseudogene	Chimpanzee
AL359237	14	ENSG00000258807	lncRNA	Gibbon
AL359237	14	ENSG00000258807	lncRNA	Marmoset
AL359237	14	ENSG00000258807	lncRNA	Owl_monkey
AL359313	6	ENSG00000236366	lncRNA	Marmoset
AL359313	6	ENSG00000236366	lncRNA	Owl_monkey
AL359378	6	ENSG00000234763	lncRNA	Marmoset
AL359378	6	ENSG00000234763	lncRNA	Owl_monkey
AL359508	10	ENSG00000285615	lncRNA	Macaque_indian
AL359511	20	ENSG00000220540	processed_pseudogene	Marmoset
AL359511	20	ENSG00000220540	processed_pseudogene	Owl_monkey
AL359541	1	ENSG00000199595	misc_RNA	Macaque_indian
AL359551	1	ENSG00000231877	lncRNA	Owl_monkey
AL359632	9	ENSG00000287782	lncRNA	Owl_monkey
AL359636	9	ENSG00000234156	lncRNA	Macaque_indian
AL359636	9	ENSG00000234156	lncRNA	Marmoset
AL359636	9	ENSG00000234156	lncRNA	Owl_monkey
AL359641	X	ENSG00000252296	snoRNA	Macaque_indian
AL359643	6	ENSG00000217030	processed_pseudogene	Owl_monkey
AL359649	13	ENSG00000204398	lncRNA	Macaque_indian
AL359649	13	ENSG00000204398	lncRNA	Marmoset
AL359649	13	ENSG00000204398	lncRNA	Owl_monkey
AL359704	1	ENSG00000287627	lncRNA	Bonobo
AL359704	1	ENSG00000287627	lncRNA	Chimpanzee
AL359704	1	ENSG00000287627	lncRNA	Macaque_indian
AL359704	1	ENSG00000287627	lncRNA	Marmoset
AL359704	1	ENSG00000287627	lncRNA	Owl_monkey
AL359710	9	ENSG00000237461	lncRNA	Marmoset
AL359710	9	ENSG00000237461	lncRNA	Orangutan
AL359710	9	ENSG00000237461	lncRNA	Owl_monkey
AL359745	13	ENSG00000280455	lncRNA	Macaque_indian
AL359759	10	ENSG00000212325	misc_RNA	Macaque_indian
AL359759	10	ENSG00000212325	misc_RNA	Marmoset
AL359759	10	ENSG00000212325	misc_RNA	Owl_monkey
AL359764	1	ENSG00000287516	lncRNA	Macaque_indian
AL359764	1	ENSG00000287516	lncRNA	Marmoset
AL359764	1	ENSG00000287516	lncRNA	Orangutan
AL359764	1	ENSG00000287516	lncRNA	Owl_monkey
AL359813	6	ENSG00000287055	lncRNA	Macaque_indian
AL359885	X	ENSG00000231875	processed_pseudogene	Owl_monkey
AL359915	1	ENSG00000227712	lncRNA	Marmoset
AL359915	1	ENSG00000227712	lncRNA	Owl_monkey
AL359979	1	ENSG00000226601	lncRNA	Owl_monkey
AL360007	6	ENSG00000237494	lncRNA	Marmoset
AL360007	6	ENSG00000237494	lncRNA	Owl_monkey
AL365184	1	ENSG00000226919	lncRNA	Macaque_indian
AL365214	6	ENSG00000286914	lncRNA	Owl_monkey
AL365232	6	ENSG00000243501	nonsense_mediated_decay	Owl_monkey
AL365259	6	ENSG00000237742	lncRNA	Orangutan
AL365264	1	ENSG00000277141	misc_RNA	Orangutan
AL365295	14	ENSG00000237356	lncRNA	Chimpanzee
AL365295	14	ENSG00000237356	lncRNA	Gibbon
AL365295	14	ENSG00000237356	lncRNA	Macaque_indian
AL365295	14	ENSG00000237356	lncRNA	Marmoset
AL365295	14	ENSG00000237356	lncRNA	Orangutan
AL365295	14	ENSG00000237356	lncRNA	Owl_monkey
AL365396	9	ENSG00000234269	processed_pseudogene	Gorilla
AL365475	14	ENSG00000261208	processed_pseudogene	Marmoset
AL365475	14	ENSG00000261208	processed_pseudogene	Owl_monkey
AL365496	10	ENSG00000233805	processed_pseudogene	Owl_monkey
AL389925	1	ENSG00000228523	processed_pseudogene	Gibbon
AL390066	1	ENSG00000286276	lncRNA	Marmoset
AL390066	1	ENSG00000286276	lncRNA	Owl_monkey
AL390123	10	ENSG00000270333	processed_pseudogene	Marmoset
AL390123	10	ENSG00000270333	processed_pseudogene	Owl_monkey
AL390760	9	ENSG00000203364	lncRNA	Macaque_indian
AL390763	10	ENSG00000234640	lncRNA	Bonobo
AL390763	10	ENSG00000234640	lncRNA	Chimpanzee
AL390763	10	ENSG00000234640	lncRNA	Gibbon
AL390763	10	ENSG00000234640	lncRNA	Gorilla
AL390763	10	ENSG00000234640	lncRNA	Macaque_indian
AL390763	10	ENSG00000234640	lncRNA	Marmoset
AL390763	10	ENSG00000234640	lncRNA	Orangutan
AL390763	10	ENSG00000234640	lncRNA	Owl_monkey
AL390778	9	ENSG00000227958	lncRNA	Orangutan
AL390800	14	ENSG00000286099	lncRNA	Gibbon
AL390800	14	ENSG00000286099	lncRNA	Gorilla
AL390800	14	ENSG00000286099	lncRNA	Macaque_indian
AL390838	9	ENSG00000227463	lncRNA	Marmoset
AL390838	9	ENSG00000227463	lncRNA	Owl_monkey
AL390877	1	ENSG00000212266	snoRNA	Owl_monkey
AL390957	1	ENSG00000285280	lncRNA	Gibbon
AL390957	1	ENSG00000285280	lncRNA	Orangutan
AL391117	9	ENSG00000284418	lncRNA	Marmoset
AL391117	9	ENSG00000284418	lncRNA	Owl_monkey
AL391219	9	ENSG00000227399	processed_pseudogene	Marmoset
AL391219	9	ENSG00000227399	processed_pseudogene	Owl_monkey
AL391358	X	ENSG00000270619	processed_pseudogene	Gibbon
AL391358	X	ENSG00000270619	processed_pseudogene	Macaque_indian
AL391358	X	ENSG00000270619	processed_pseudogene	Marmoset
AL391358	X	ENSG00000270619	processed_pseudogene	Orangutan
AL391358	X	ENSG00000270619	processed_pseudogene	Owl_monkey
AL391422	6	ENSG00000233068	lncRNA	Marmoset
AL391422	6	ENSG00000233068	lncRNA	Owl_monkey
AL391425	10	ENSG00000287936	lncRNA	Gibbon
AL391597	1	ENSG00000283044	lncRNA	Gibbon
AL391647	X	ENSG00000238426	misc_RNA	Marmoset
AL391704	10	ENSG00000224750	lncRNA	Orangutan
AL391811	1	ENSG00000286719	lncRNA	Bonobo
AL391811	1	ENSG00000286719	lncRNA	Chimpanzee
AL391811	1	ENSG00000286719	lncRNA	Marmoset
AL391811	1	ENSG00000286719	lncRNA	Owl_monkey
AL391840	6	ENSG00000231533	lncRNA	Marmoset
AL391840	6	ENSG00000231533	lncRNA	Orangutan
AL392003	1	ENSG00000230739	unprocessed_pseudogene	Marmoset
AL392023	14	ENSG00000259048	lncRNA	Gibbon
AL392023	14	ENSG00000259048	lncRNA	Macaque_indian
AL392023	14	ENSG00000259048	lncRNA	Marmoset
AL392023	14	ENSG00000259048	lncRNA	Owl_monkey
AL392086	10	ENSG00000287277	lncRNA	Gibbon
AL392086	10	ENSG00000287277	lncRNA	Gorilla
AL392112	X	ENSG00000271400	processed_pseudogene	Macaque_indian
AL392112	X	ENSG00000271400	processed_pseudogene	Marmoset
AL392112	X	ENSG00000271400	processed_pseudogene	Owl_monkey
AL442636	13	ENSG00000287460	lncRNA	Gibbon
AL442636	13	ENSG00000287460	lncRNA	Macaque_indian
AL442636	13	ENSG00000287460	lncRNA	Marmoset
AL442636	13	ENSG00000287460	lncRNA	Orangutan
AL442636	13	ENSG00000287460	lncRNA	Owl_monkey
AL445070	10	ENSG00000230121	lncRNA	Marmoset
AL445070	10	ENSG00000230121	lncRNA	Owl_monkey
AL445072	X	ENSG00000237208	lncRNA	Gibbon
AL445072	X	ENSG00000237208	lncRNA	Macaque_indian
AL445072	X	ENSG00000237208	lncRNA	Marmoset
AL445072	X	ENSG00000237208	lncRNA	Orangutan
AL445072	X	ENSG00000237208	lncRNA	Owl_monkey
AL445205	1	ENSG00000284928	lncRNA	Marmoset
AL445205	1	ENSG00000284928	lncRNA	Owl_monkey
AL445228	1	ENSG00000231791	lncRNA	Gibbon
AL445253	1	ENSG00000285873	lncRNA	Gibbon
AL445264	13	ENSG00000276841	unprocessed_pseudogene	Marmoset
AL445264	13	ENSG00000276841	unprocessed_pseudogene	Owl_monkey
AL445383	14	ENSG00000258406	processed_pseudogene	Gorilla
AL445430	6	ENSG00000242753	lncRNA	Marmoset
AL445430	6	ENSG00000242753	lncRNA	Owl_monkey
AL445433	1	ENSG00000232825	lncRNA	Macaque_indian
AL445433	1	ENSG00000232825	lncRNA	Marmoset
AL445588	13	ENSG00000288038	lncRNA	Owl_monkey
AL445668	13	ENSG00000286469	lncRNA	Marmoset
AL445668	13	ENSG00000286469	lncRNA	Owl_monkey
AL445686	1	ENSG00000239106	misc_RNA	Gorilla
AL445687	1	ENSG00000228530	processed_pseudogene	Orangutan
AL445883	14	ENSG00000275978	misc_RNA	Gibbon
AL449212	3	ENSG00000244932	unprocessed_pseudogene	Gibbon
AL449403	9	ENSG00000275465	lncRNA	Marmoset
AL449403	9	ENSG00000275465	lncRNA	Owl_monkey
AL450063	1	ENSG00000226970	processed_pseudogene	Macaque_indian
AL450063	1	ENSG00000226970	processed_pseudogene	Marmoset
AL450063	1	ENSG00000226970	processed_pseudogene	Owl_monkey
AL450332	6	ENSG00000226409	lncRNA	Gibbon
AL450332	6	ENSG00000226409	lncRNA	Marmoset
AL450332	6	ENSG00000226409	lncRNA	Owl_monkey
AL450345	6	ENSG00000287550	lncRNA	Owl_monkey
AL450423	13	ENSG00000273919	lncRNA	Marmoset
AL450423	13	ENSG00000273919	lncRNA	Owl_monkey
AL451000	1	ENSG00000229239	unprocessed_pseudogene	Chimpanzee
AL451061	6	ENSG00000219622	processed_pseudogene	Marmoset
AL451061	6	ENSG00000219622	processed_pseudogene	Owl_monkey
AL451069	10	ENSG00000226900	lncRNA	Macaque_indian
AL451105	X	ENSG00000226854	lncRNA	Orangutan
AL451127	9	ENSG00000286840	lncRNA	Gorilla
AL451137	9	ENSG00000254261	lncRNA	Gorilla
AL451142	9	ENSG00000229288	processed_pseudogene	Marmoset
AL451142	9	ENSG00000229288	processed_pseudogene	Owl_monkey
AL499605	1	ENSG00000270342	processed_pseudogene	Gibbon
AL512353	1	ENSG00000233708	processed_pseudogene	Macaque_indian
AL512361	14	ENSG00000258401	processed_pseudogene	Gibbon
AL512590	9	ENSG00000228957	unprocessed_pseudogene	Macaque_indian
AL512594	9	ENSG00000236701	processed_pseudogene	Marmoset
AL512594	9	ENSG00000236701	processed_pseudogene	Owl_monkey
AL512603	10	ENSG00000287124	lncRNA	Marmoset
AL512634	9	ENSG00000260995	lncRNA	Gibbon
AL512634	9	ENSG00000260995	lncRNA	Macaque_indian
AL512634	9	ENSG00000260995	lncRNA	Marmoset
AL512634	9	ENSG00000260995	lncRNA	Orangutan
AL512634	9	ENSG00000260995	lncRNA	Owl_monkey
AL512635	9	ENSG00000237434	processed_pseudogene	Owl_monkey
AL512638	1	ENSG00000274468	unprocessed_pseudogene	Owl_monkey
AL512649	9	ENSG00000228143	processed_pseudogene	Marmoset
AL512649	9	ENSG00000228143	processed_pseudogene	Owl_monkey
AL512844	1	ENSG00000232952	processed_pseudogene	Owl_monkey
AL513123	6	ENSG00000236347	lncRNA	Gibbon
AL513123	6	ENSG00000236347	lncRNA	Gorilla
AL513123	6	ENSG00000236347	lncRNA	Macaque_indian
AL513123	6	ENSG00000236347	lncRNA	Marmoset
AL513123	6	ENSG00000236347	lncRNA	Orangutan
AL513123	6	ENSG00000236347	lncRNA	Owl_monkey
AL513124	9	ENSG00000223368	processed_pseudogene	Marmoset
AL513166	1	ENSG00000286863	lncRNA	Gibbon
AL513166	1	ENSG00000286863	lncRNA	Macaque_indian
AL513166	1	ENSG00000286863	lncRNA	Marmoset
AL513166	1	ENSG00000286863	lncRNA	Owl_monkey
AL513185	10	ENSG00000238215	processed_pseudogene	Macaque_indian
AL513185	10	ENSG00000238215	processed_pseudogene	Owl_monkey
AL513210	6	ENSG00000280665	TEC	Gibbon
AL513285	1	ENSG00000226208	lncRNA	Marmoset
AL513285	1	ENSG00000226208	lncRNA	Orangutan
AL513285	1	ENSG00000226208	lncRNA	Owl_monkey
AL513321	10	ENSG00000233724	processed_pseudogene	Gibbon
AL513321	10	ENSG00000233724	processed_pseudogene	Macaque_indian
AL513323	1	ENSG00000228560	lncRNA	Marmoset
AL513323	1	ENSG00000228560	lncRNA	Owl_monkey
AL513524	6	ENSG00000286663	lncRNA	Owl_monkey
AL583808	1	ENSG00000225087	lncRNA	Gibbon
AL583809	14	ENSG00000286464	lncRNA	Gibbon
AL583839	9	ENSG00000201074	misc_RNA	Gibbon
AL583856	6	ENSG00000232389	processed_pseudogene	Macaque_indian
AL583856	6	ENSG00000232389	processed_pseudogene	Marmoset
AL583856	6	ENSG00000232389	processed_pseudogene	Owl_monkey
AL589647	6	ENSG00000217379	processed_pseudogene	Marmoset
AL589647	6	ENSG00000217379	processed_pseudogene	Owl_monkey
AL589669	X	ENSG00000284377	lncRNA	Orangutan
AL589678	9	ENSG00000224935	lncRNA	Gibbon
AL589740	6	ENSG00000271860	lncRNA	Owl_monkey
AL589745	13	ENSG00000230731	lncRNA	Macaque_indian
AL589843	9	ENSG00000224848	lncRNA	Gibbon
AL589935	6	ENSG00000232295	lncRNA	Marmoset
AL589935	6	ENSG00000232295	lncRNA	Owl_monkey
AL589986	1	ENSG00000226716	lncRNA	Bonobo
AL589986	1	ENSG00000226716	lncRNA	Chimpanzee
AL589986	1	ENSG00000226716	lncRNA	Marmoset
AL589991	6	ENSG00000202200	misc_RNA	Gibbon
AL590027	13	ENSG00000286820	lncRNA	Marmoset
AL590068	10	ENSG00000230298	lncRNA	Marmoset
AL590068	10	ENSG00000230298	lncRNA	Owl_monkey
AL590135	1	ENSG00000227854	processed_pseudogene	Macaque_indian
AL590135	1	ENSG00000227854	processed_pseudogene	Marmoset
AL590135	1	ENSG00000227854	processed_pseudogene	Owl_monkey
AL590381	9	ENSG00000285483	lncRNA	Marmoset
AL590381	9	ENSG00000285483	lncRNA	Owl_monkey
AL590550	6	ENSG00000287097	lncRNA	Gibbon
AL590644	1	ENSG00000282843	lncRNA	Gibbon
AL590705	9	ENSG00000235494	lncRNA	Gorilla
AL590807	13	ENSG00000286746	lncRNA	Macaque_indian
AL590807	13	ENSG00000286746	lncRNA	Marmoset
AL590807	13	ENSG00000286746	lncRNA	Owl_monkey
AL590814	6	ENSG00000285961	lncRNA	Marmoset
AL590814	6	ENSG00000285961	lncRNA	Owl_monkey
AL590867	6	ENSG00000213121	lncRNA	Marmoset
AL590867	6	ENSG00000213121	lncRNA	Owl_monkey
AL590965	1	ENSG00000199241	misc_RNA	Macaque_indian
AL590965	1	ENSG00000199241	misc_RNA	Marmoset
AL590965	1	ENSG00000199241	misc_RNA	Owl_monkey
AL591030	6	ENSG00000280511	lncRNA	Macaque_indian
AL591043	1	ENSG00000236021	lncRNA	Macaque_indian
AL591074	20	ENSG00000230908	lncRNA	Bonobo
AL591074	20	ENSG00000230908	lncRNA	Chimpanzee
AL591135	6	ENSG00000288071	lncRNA	Gibbon
AL591135	6	ENSG00000288071	lncRNA	Macaque_indian
AL591135	6	ENSG00000288071	lncRNA	Marmoset
AL591135	6	ENSG00000288071	lncRNA	Orangutan
AL591135	6	ENSG00000288071	lncRNA	Owl_monkey
AL591501	X	ENSG00000233928	lncRNA	Gibbon
AL591501	X	ENSG00000233928	lncRNA	Macaque_indian
AL591519	6	ENSG00000287683	lncRNA	Marmoset
AL591519	6	ENSG00000287683	lncRNA	Owl_monkey
AL591742	1	ENSG00000270780	processed_pseudogene	Marmoset
AL591742	1	ENSG00000270780	processed_pseudogene	Owl_monkey
AL591888	1	ENSG00000285981	lncRNA	Macaque_indian
AL591888	1	ENSG00000285981	lncRNA	Marmoset
AL591888	1	ENSG00000285981	lncRNA	Owl_monkey
AL592293	9	ENSG00000215237	unprocessed_pseudogene	Macaque_indian
AL592309	1	ENSG00000228823	unprocessed_pseudogene	Gorilla
AL592429	6	ENSG00000226571	lncRNA	Macaque_indian
AL592429	6	ENSG00000226571	lncRNA	Marmoset
AL592429	6	ENSG00000226571	lncRNA	Owl_monkey
AL592464	1	ENSG00000231630	lncRNA	Gorilla
AL592466	10	ENSG00000235356	lncRNA	Macaque_indian
AL592546	10	ENSG00000212589	snoRNA	Marmoset
AL592546	10	ENSG00000212589	snoRNA	Owl_monkey
AL596214	1	ENSG00000286548	lncRNA	Gibbon
AL596268	X	ENSG00000229347	processed_pseudogene	Gibbon
AL596275	1	ENSG00000234080	processed_pseudogene	Marmoset
AL596275	1	ENSG00000234080	processed_pseudogene	Owl_monkey
AL596276	1	ENSG00000234108	processed_pseudogene	Marmoset
AL596276	1	ENSG00000234108	processed_pseudogene	Owl_monkey
AL596448	9	ENSG00000225947	processed_pseudogene	Marmoset
AL596448	9	ENSG00000225947	processed_pseudogene	Owl_monkey
AL603764	10	ENSG00000286114	unprocessed_pseudogene	Owl_monkey
AL603766	6	ENSG00000219487	processed_pseudogene	Marmoset
AL603766	6	ENSG00000219487	processed_pseudogene	Owl_monkey
AL603825	1	ENSG00000230199	processed_pseudogene	Macaque_indian
AL603840	1	ENSG00000234810	lncRNA	Macaque_indian
AL603840	1	ENSG00000234810	lncRNA	Marmoset
AL603840	1	ENSG00000234810	lncRNA	Owl_monkey
AL603841	1	ENSG00000225122	unprocessed_pseudogene	Marmoset
AL603841	1	ENSG00000225122	unprocessed_pseudogene	Owl_monkey
AL606468	1	ENSG00000229983	lncRNA	Marmoset
AL606468	1	ENSG00000229983	lncRNA	Owl_monkey
AL606753	1	ENSG00000226843	processed_pseudogene	Orangutan
AL606760	1	ENSG00000277397	unprocessed_pseudogene	Marmoset
AL627223	9	ENSG00000274510	misc_RNA	Marmoset
AL627223	9	ENSG00000274510	misc_RNA	Owl_monkey
AL627316	1	ENSG00000287372	lncRNA	Gibbon
AL627389	X	ENSG00000234969	processed_pseudogene	Gorilla
AL645568	1	ENSG00000203739	lncRNA	Macaque_indian
AL645568	1	ENSG00000203739	lncRNA	Marmoset
AL645568	1	ENSG00000203739	lncRNA	Owl_monkey
AL645929	6	ENSG00000285799	transcribed_unprocessed_pseudogene	Bonobo
AL645929	6	ENSG00000285799	transcribed_unprocessed_pseudogene	Chimpanzee
AL645944	1	ENSG00000284676	lncRNA	Owl_monkey
AL646090	6	ENSG00000285838	lncRNA	Marmoset
AL646090	6	ENSG00000285838	lncRNA	Owl_monkey
AL662814	X	ENSG00000274631	processed_pseudogene	Marmoset
AL662814	X	ENSG00000274631	processed_pseudogene	Owl_monkey
AL662907	1	ENSG00000284721	lncRNA	Marmoset
AL662907	1	ENSG00000284721	lncRNA	Owl_monkey
AL663109	1	ENSG00000226773	processed_pseudogene	Owl_monkey
AL669983	9	ENSG00000169253	processed_pseudogene	Macaque_indian
AL669983	9	ENSG00000169253	processed_pseudogene	Marmoset
AL669983	9	ENSG00000169253	processed_pseudogene	Owl_monkey
AL671862	1	ENSG00000225011	unprocessed_pseudogene	Gibbon
AL671862	1	ENSG00000225011	unprocessed_pseudogene	Macaque_indian
AL672138	X	ENSG00000225925	processed_pseudogene	Bonobo
AL672138	X	ENSG00000225925	processed_pseudogene	Chimpanzee
AL672138	X	ENSG00000225925	processed_pseudogene	Gibbon
AL672138	X	ENSG00000225925	processed_pseudogene	Gorilla
AL672138	X	ENSG00000225925	processed_pseudogene	Macaque_indian
AL672138	X	ENSG00000225925	processed_pseudogene	Marmoset
AL672138	X	ENSG00000225925	processed_pseudogene	Orangutan
AL672138	X	ENSG00000225925	processed_pseudogene	Owl_monkey
AL672212	6	ENSG00000213461	processed_pseudogene	Owl_monkey
AL683807	X	ENSG00000223511	lncRNA	Gibbon
AL683887	1	ENSG00000271252	lncRNA	Owl_monkey
AL691482	1	ENSG00000232296	processed_pseudogene	Owl_monkey
AL691520	1	ENSG00000285473	lncRNA	Gibbon
AL713851	10	ENSG00000235281	lncRNA	Marmoset
AL713851	10	ENSG00000235281	lncRNA	Owl_monkey
AL713852	1	ENSG00000285847	lncRNA	Marmoset
AL713852	1	ENSG00000285847	lncRNA	Owl_monkey
AL713923	X	ENSG00000234712	lncRNA	Macaque_indian
AL713923	X	ENSG00000234712	lncRNA	Marmoset
AL713923	X	ENSG00000234712	lncRNA	Owl_monkey
AL714022	1	ENSG00000229067	processed_pseudogene	Marmoset
AL714022	1	ENSG00000229067	processed_pseudogene	Owl_monkey
AL731533	10	ENSG00000287560	lncRNA	Bonobo
AL731533	10	ENSG00000287560	lncRNA	Chimpanzee
AL731533	10	ENSG00000287560	lncRNA	Macaque_indian
AL732292	1	ENSG00000233018	processed_pseudogene	Owl_monkey
AL732437	10	ENSG00000287566	lncRNA	Gibbon
AL732437	10	ENSG00000287566	lncRNA	Macaque_indian
AL732437	10	ENSG00000287566	lncRNA	Marmoset
AL732437	10	ENSG00000287566	lncRNA	Orangutan
AL732437	10	ENSG00000287566	lncRNA	Owl_monkey
AL772161	9	ENSG00000201843	misc_RNA	Orangutan
AL772284	X	ENSG00000231270	processed_pseudogene	Marmoset
AL772337	9	ENSG00000276478	unprocessed_pseudogene	Bonobo
AL772337	9	ENSG00000276478	unprocessed_pseudogene	Chimpanzee
AL772337	9	ENSG00000276478	unprocessed_pseudogene	Macaque_indian
AL807742	X	ENSG00000283380	lncRNA	Marmoset
AL807761	9	ENSG00000230782	lncRNA	Gibbon
AL807761	9	ENSG00000230782	lncRNA	Macaque_indian
AL807761	9	ENSG00000230782	lncRNA	Marmoset
AL807761	9	ENSG00000230782	lncRNA	Owl_monkey
AL844175	X	ENSG00000230668	lncRNA	Gorilla
AL844175	X	ENSG00000230668	lncRNA	Macaque_indian
AL929091	1	ENSG00000287338	lncRNA	Marmoset
AL929091	1	ENSG00000287338	lncRNA	Owl_monkey
AL929302	X	ENSG00000199410	misc_RNA	Gibbon
ALDH1L1-AS2	3	ENSG00000246022	lncRNA	Macaque_indian
ALDH5A1	6	ENSG00000112294	protein_coding	Macaque_indian
ALDH7A1	5	ENSG00000164904	protein_coding	Owl_monkey
ALG10B	12	ENSG00000175548	protein_coding	Marmoset
ALG10B	12	ENSG00000175548	protein_coding	Owl_monkey
ALG8	11	ENSG00000159063	protein_coding	Macaque_indian
ALG8	11	ENSG00000159063	protein_coding	Marmoset
ALG8	11	ENSG00000159063	protein_coding	Owl_monkey
ALLC	2	ENSG00000151360	protein_coding	Marmoset
ALLC	2	ENSG00000151360	protein_coding	Owl_monkey
ALMS1	2	ENSG00000116127	nonsense_mediated_decay	Gibbon
ALOX12P2	17	ENSG00000262943	processed_transcript	Orangutan
ALOX15B	17	ENSG00000179593	protein_coding	Gibbon
ALPK1	4	ENSG00000073331	protein_coding	Marmoset
AMD1P1	10	ENSG00000228339	processed_pseudogene	Marmoset
AMD1P1	10	ENSG00000228339	processed_pseudogene	Owl_monkey
AMD1P3	5	ENSG00000249286	processed_pseudogene	Marmoset
AMD1P3	5	ENSG00000249286	processed_pseudogene	Owl_monkey
ANAPC11	17	ENSG00000141552	protein_coding	Marmoset
ANAPC11	17	ENSG00000141552	protein_coding	Owl_monkey
ANK2	4	ENSG00000145362	protein_coding	Macaque_indian
ANKAR	2	ENSG00000151687	protein_coding	Marmoset
ANKRD20A11P	21	ENSG00000215559	processed_transcript	Bonobo
ANKRD20A11P	21	ENSG00000215559	processed_transcript	Chimpanzee
ANKRD20A5P	18	ENSG00000186481	transcribed_unprocessed_pseudogene	Bonobo
ANKRD26P1	16	ENSG00000261239	processed_transcript	Marmoset
ANKRD30A	10	ENSG00000148513	protein_coding	Gibbon
ANKRD36C	2	ENSG00000174501	protein_coding	Chimpanzee
ANKRD36C	2	ENSG00000174501	protein_coding	Gibbon
ANKRD36C	2	ENSG00000174501	protein_coding	Gorilla
ANKRD66	6	ENSG00000230062	protein_coding	Marmoset
ANKRD7	7	ENSG00000106013	processed_transcript	Gibbon
ANKRD7	7	ENSG00000106013	processed_transcript	Marmoset
ANKRD7	7	ENSG00000106013	processed_transcript	Owl_monkey
ANP32AP1	15	ENSG00000259516	transcribed_processed_pseudogene	Macaque_indian
ANP32AP1	15	ENSG00000259516	transcribed_processed_pseudogene	Marmoset
ANP32AP1	15	ENSG00000259516	transcribed_processed_pseudogene	Owl_monkey
ANP32D	12	ENSG00000139223	protein_coding	Orangutan
ANTXR2	4	ENSG00000163297	processed_transcript	Marmoset
ANTXR2	4	ENSG00000163297	processed_transcript	Owl_monkey
ANTXRLP1	10	ENSG00000263482	unprocessed_pseudogene	Gibbon
AOX3P	2	ENSG00000244301	transcribed_unprocessed_pseudogene	Macaque_indian
AOX3P-AOX2P	2	ENSG00000284084	lncRNA	Gibbon
AP000146	21	ENSG00000230379	lncRNA	Marmoset
AP000146	21	ENSG00000230379	lncRNA	Owl_monkey
AP000229	21	ENSG00000273492	lncRNA	Marmoset
AP000235	21	ENSG00000244278	lncRNA	Macaque_indian
AP000289	21	ENSG00000226527	lncRNA	Marmoset
AP000289	21	ENSG00000226527	lncRNA	Owl_monkey
AP000311	21	ENSG00000249209	protein_coding	Gibbon
AP000311	21	ENSG00000249209	protein_coding	Macaque_indian
AP000311	21	ENSG00000249209	protein_coding	Marmoset
AP000311	21	ENSG00000249209	protein_coding	Orangutan
AP000311	21	ENSG00000249209	protein_coding	Owl_monkey
AP000357	22	ENSG00000282012	lncRNA	Bonobo
AP000357	22	ENSG00000282012	lncRNA	Chimpanzee
AP000424	8	ENSG00000253666	lncRNA	Bonobo
AP000424	8	ENSG00000253666	lncRNA	Chimpanzee
AP000424	8	ENSG00000253666	lncRNA	Macaque_indian
AP000431	21	ENSG00000235965	lncRNA	Marmoset
AP000431	21	ENSG00000235965	lncRNA	Owl_monkey
AP000459	21	ENSG00000228592	lncRNA	Macaque_indian
AP000477	21	ENSG00000226996	lncRNA	Gibbon
AP000477	21	ENSG00000226996	lncRNA	Macaque_indian
AP000477	21	ENSG00000226996	lncRNA	Marmoset
AP000477	21	ENSG00000226996	lncRNA	Orangutan
AP000477	21	ENSG00000226996	lncRNA	Owl_monkey
AP000640	11	ENSG00000255355	lncRNA	Macaque_indian
AP000676	11	ENSG00000285835	lncRNA	Orangutan
AP000688	21	ENSG00000236119	lncRNA	Gibbon
AP000705	21	ENSG00000234340	processed_pseudogene	Macaque_indian
AP000755	11	ENSG00000255015	lncRNA	Marmoset
AP000755	11	ENSG00000255015	lncRNA	Owl_monkey
AP000777	11	ENSG00000255845	lncRNA	Gibbon
AP000790	11	ENSG00000255331	processed_pseudogene	Owl_monkey
AP000894	18	ENSG00000264179	processed_pseudogene	Owl_monkey
AP000959	21	ENSG00000234034	lncRNA	Gibbon
AP001011	18	ENSG00000266049	lncRNA	Owl_monkey
AP001029	18	ENSG00000267108	lncRNA	Marmoset
AP001029	18	ENSG00000267108	lncRNA	Owl_monkey
AP001033	18	ENSG00000264964	lncRNA	Marmoset
AP001033	18	ENSG00000264964	lncRNA	Owl_monkey
AP001042	21	ENSG00000287082	lncRNA	Macaque_indian
AP001085	11	ENSG00000255440	lncRNA	Marmoset
AP001085	11	ENSG00000255440	lncRNA	Owl_monkey
AP001116	21	ENSG00000230972	lncRNA	Chimpanzee
AP001172	21	ENSG00000270071	lncRNA	Marmoset
AP001172	21	ENSG00000270071	lncRNA	Owl_monkey
AP001208	8	ENSG00000254084	lncRNA	Gibbon
AP001266	11	ENSG00000255557	lncRNA	Gibbon
AP001324	11	ENSG00000241097	processed_pseudogene	Macaque_indian
AP001330	8	ENSG00000253942	processed_pseudogene	Bonobo
AP001330	8	ENSG00000253942	processed_pseudogene	Chimpanzee
AP001342	21	ENSG00000237444	processed_pseudogene	Owl_monkey
AP001347	21	ENSG00000224905	lncRNA	Chimpanzee
AP001357	18	ENSG00000267656	processed_pseudogene	Macaque_indian
AP001485	11	ENSG00000270449	processed_pseudogene	Marmoset
AP001486	11	ENSG00000276521	unprocessed_pseudogene	Macaque_indian
AP001582	11	ENSG00000254992	processed_pseudogene	Owl_monkey
AP001596	21	ENSG00000232692	lncRNA	Gorilla
AP001596	21	ENSG00000232692	lncRNA	Marmoset
AP001596	21	ENSG00000232692	lncRNA	Owl_monkey
AP001631	21	ENSG00000228120	lncRNA	Orangutan
AP001636	11	ENSG00000254786	unprocessed_pseudogene	Gorilla
AP001767	11	ENSG00000255503	lncRNA	Orangutan
AP001790	11	ENSG00000250390	lncRNA	Bonobo
AP001790	11	ENSG00000250390	lncRNA	Chimpanzee
AP001790	11	ENSG00000250390	lncRNA	Gibbon
AP001790	11	ENSG00000250390	lncRNA	Gorilla
AP001790	11	ENSG00000250390	lncRNA	Macaque_indian
AP001790	11	ENSG00000250390	lncRNA	Marmoset
AP001790	11	ENSG00000250390	lncRNA	Orangutan
AP001790	11	ENSG00000250390	lncRNA	Owl_monkey
AP001804	11	ENSG00000285561	lncRNA	Marmoset
AP001804	11	ENSG00000285561	lncRNA	Owl_monkey
AP001831	11	ENSG00000254733	lncRNA	Macaque_indian
AP001831	11	ENSG00000254733	lncRNA	Marmoset
AP001831	11	ENSG00000254733	lncRNA	Owl_monkey
AP001977	11	ENSG00000286044	lncRNA	Gibbon
AP001993	11	ENSG00000255087	lncRNA	Gibbon
AP001994	11	ENSG00000287545	lncRNA	Macaque_indian
AP001999	11	ENSG00000254989	lncRNA	Gibbon
AP002001	11	ENSG00000254811	processed_transcript	Marmoset
AP002001	11	ENSG00000254811	processed_transcript	Owl_monkey
AP002353	11	ENSG00000254702	processed_pseudogene	Owl_monkey
AP002518	11	ENSG00000256195	lncRNA	Marmoset
AP002518	11	ENSG00000256195	lncRNA	Owl_monkey
AP002784	11	ENSG00000256745	processed_pseudogene	Macaque_indian
AP002784	11	ENSG00000256745	processed_pseudogene	Marmoset
AP002784	11	ENSG00000256745	processed_pseudogene	Owl_monkey
AP002802	11	ENSG00000254511	lncRNA	Gibbon
AP002813	11	ENSG00000286369	lncRNA	Macaque_indian
AP002852	8	ENSG00000253633	lncRNA	Marmoset
AP002852	8	ENSG00000253633	lncRNA	Owl_monkey
AP003038	11	ENSG00000254939	processed_pseudogene	Marmoset
AP003038	11	ENSG00000254939	processed_pseudogene	Owl_monkey
AP003040	11	ENSG00000213184	processed_pseudogene	Owl_monkey
AP003041	11	ENSG00000255535	processed_pseudogene	Macaque_indian
AP003059	11	ENSG00000255250	lncRNA	Owl_monkey
AP003066	11	ENSG00000254587	lncRNA	Marmoset
AP003066	11	ENSG00000254587	lncRNA	Owl_monkey
AP003072	11	ENSG00000279269	TEC	Marmoset
AP003072	11	ENSG00000279269	TEC	Owl_monkey
AP003080	11	ENSG00000254506	transcribed_processed_pseudogene	Bonobo
AP003100	11	ENSG00000287006	lncRNA	Orangutan
AP003100	11	ENSG00000287006	lncRNA	Owl_monkey
AP003171	11	ENSG00000255127	transcribed_unprocessed_pseudogene	Marmoset
AP003171	11	ENSG00000255127	transcribed_unprocessed_pseudogene	Owl_monkey
AP003173	11	ENSG00000287802	lncRNA	Marmoset
AP003351	8	ENSG00000253585	lncRNA	Marmoset
AP003351	8	ENSG00000253585	lncRNA	Owl_monkey
AP003354	8	ENSG00000201216	misc_RNA	Gibbon
AP003354	8	ENSG00000201216	misc_RNA	Marmoset
AP003354	8	ENSG00000201216	misc_RNA	Owl_monkey
AP003398	11	ENSG00000285568	lncRNA	Owl_monkey
AP003464	11	ENSG00000287912	lncRNA	Marmoset
AP003464	11	ENSG00000287912	lncRNA	Owl_monkey
AP003469	8	ENSG00000253355	retained_intron	Marmoset
AP003469	8	ENSG00000253355	retained_intron	Owl_monkey
AP003499	11	ENSG00000255515	processed_pseudogene	Marmoset
AP003499	11	ENSG00000255515	processed_pseudogene	Owl_monkey
AP003557	11	ENSG00000285895	lncRNA	Marmoset
AP003557	11	ENSG00000285895	lncRNA	Owl_monkey
AP003715	11	ENSG00000254599	lncRNA	Chimpanzee
AP003969	11	ENSG00000255233	lncRNA	Gibbon
AP003973	11	ENSG00000287028	lncRNA	Marmoset
AP003973	11	ENSG00000287028	lncRNA	Owl_monkey
AP004195	8	ENSG00000202001	misc_RNA	Marmoset
AP004195	8	ENSG00000202001	misc_RNA	Owl_monkey
AP004245	11	ENSG00000238041	processed_pseudogene	Gibbon
AP004606	11	ENSG00000287068	lncRNA	Orangutan
AP004833	11	ENSG00000250946	unprocessed_pseudogene	Gibbon
AP005119	18	ENSG00000265417	processed_pseudogene	Marmoset
AP005119	18	ENSG00000265417	processed_pseudogene	Owl_monkey
AP005139	18	ENSG00000263682	unprocessed_pseudogene	Macaque_indian
AP005139	18	ENSG00000263682	unprocessed_pseudogene	Marmoset
AP005139	18	ENSG00000263682	unprocessed_pseudogene	Owl_monkey
AP005203	18	ENSG00000266268	lncRNA	Gibbon
AP005203	18	ENSG00000266268	lncRNA	Macaque_indian
AP005203	18	ENSG00000266268	lncRNA	Marmoset
AP005203	18	ENSG00000266268	lncRNA	Orangutan
AP005203	18	ENSG00000266268	lncRNA	Owl_monkey
AP005209	18	ENSG00000264876	lncRNA	Macaque_indian
AP005209	18	ENSG00000264876	lncRNA	Marmoset
AP005209	18	ENSG00000264876	lncRNA	Owl_monkey
AP005230	18	ENSG00000263745	lncRNA	Macaque_indian
AP005230	18	ENSG00000263745	lncRNA	Owl_monkey
AP005262	18	ENSG00000266602	lncRNA	Gibbon
AP005262	18	ENSG00000266602	lncRNA	Macaque_indian
AP005262	18	ENSG00000266602	lncRNA	Owl_monkey
AP005270	18	ENSG00000212626	snoRNA	Owl_monkey
AP005271	18	ENSG00000265554	lncRNA	Marmoset
AP005271	18	ENSG00000265554	lncRNA	Owl_monkey
AP005482	18	ENSG00000266961	lncRNA	Gibbon
AP005482	18	ENSG00000266961	lncRNA	Marmoset
AP005482	18	ENSG00000266961	lncRNA	Owl_monkey
AP005597	11	ENSG00000255283	unprocessed_pseudogene	Bonobo
AP005597	11	ENSG00000255283	unprocessed_pseudogene	Chimpanzee
AP006219	18	ENSG00000287563	lncRNA	Macaque_indian
AP006245	8	ENSG00000254320	processed_pseudogene	Marmoset
AP006245	8	ENSG00000254320	processed_pseudogene	Owl_monkey
AP006296	11	ENSG00000257043	processed_pseudogene	Macaque_indian
AP006748	21	ENSG00000223400	lncRNA	Owl_monkey
AP1B1	22	ENSG00000100280	protein_coding	Marmoset
APLP2	11	ENSG00000084234	protein_coding	Marmoset
APLP2	11	ENSG00000084234	protein_coding	Owl_monkey
APOBR	16	ENSG00000184730	protein_coding	Macaque_indian
APOC1P1	19	ENSG00000214855	processed_transcript	Gibbon
APOL1	22	ENSG00000100342	protein_coding	Gibbon
APOL3	22	ENSG00000128284	protein_coding	Gibbon
APOL4	22	ENSG00000100336	protein_coding	Bonobo
APOL4	22	ENSG00000100336	protein_coding	Chimpanzee
APOOP5	16	ENSG00000260240	processed_transcript	Marmoset
APOOP5	16	ENSG00000260240	processed_transcript	Owl_monkey
AR	X	ENSG00000169083	protein_coding	Gibbon
AR	X	ENSG00000169083	protein_coding	Macaque_indian
AR	X	ENSG00000169083	protein_coding	Marmoset
AR	X	ENSG00000169083	protein_coding	Owl_monkey
ARAP2	4	ENSG00000047365	processed_transcript	Gibbon
ARAP2	4	ENSG00000047365	processed_transcript	Macaque_indian
ARGFX	3	ENSG00000186103	protein_coding	Marmoset
ARGFX	3	ENSG00000186103	protein_coding	Owl_monkey
ARGFXP1	5	ENSG00000240058	processed_pseudogene	Marmoset
ARGFXP1	5	ENSG00000240058	processed_pseudogene	Owl_monkey
ARHGAP16P	14	ENSG00000258894	processed_pseudogene	Gibbon
ARHGAP21	10	ENSG00000107863	protein_coding	Orangutan
ARHGAP25	2	ENSG00000163219	nonsense_mediated_decay	Gibbon
ARHGAP25	2	ENSG00000163219	nonsense_mediated_decay	Marmoset
ARHGAP29	1	ENSG00000137962	retained_intron	Marmoset
ARHGAP29	1	ENSG00000137962	retained_intron	Owl_monkey
ARHGAP29-AS1	1	ENSG00000226835	lncRNA	Gibbon
ARHGAP29-AS1	1	ENSG00000226835	lncRNA	Marmoset
ARHGAP29-AS1	1	ENSG00000226835	lncRNA	Owl_monkey
ARHGAP4	X	ENSG00000089820	protein_coding	Orangutan
ARHGAP42P2	2	ENSG00000231147	unprocessed_pseudogene	Gibbon
ARHGAP9	12	ENSG00000123329	protein_coding	Gorilla
ARHGEF18	19	ENSG00000104880	protein_coding	Owl_monkey
ARHGEF26-AS1	3	ENSG00000243069	lncRNA	Marmoset
ARHGEF26-AS1	3	ENSG00000243069	lncRNA	Owl_monkey
ARHGEF9	X	ENSG00000131089	protein_coding	Macaque_indian
ARHGEF9	X	ENSG00000131089	protein_coding	Orangutan
ARL13B	3	ENSG00000169379	protein_coding	Marmoset
ARL2BPP1	18	ENSG00000265934	processed_pseudogene	Marmoset
ARL2BPP1	18	ENSG00000265934	processed_pseudogene	Owl_monkey
ARL2BPP3	13	ENSG00000215486	transcribed_processed_pseudogene	Gibbon
ARL2BPP3	13	ENSG00000215486	transcribed_processed_pseudogene	Macaque_indian
ARL2BPP3	13	ENSG00000215486	transcribed_processed_pseudogene	Marmoset
ARL2BPP3	13	ENSG00000215486	transcribed_processed_pseudogene	Orangutan
ARL2BPP3	13	ENSG00000215486	transcribed_processed_pseudogene	Owl_monkey
ARL2BPP6	5	ENSG00000248355	processed_pseudogene	Marmoset
ARL2BPP6	5	ENSG00000248355	processed_pseudogene	Owl_monkey
ARL6IP1P2	10	ENSG00000225355	processed_pseudogene	Bonobo
ARMCX4	X	ENSG00000196440	nonsense_mediated_decay	Macaque_indian
ARMCX4	X	ENSG00000196440	nonsense_mediated_decay	Marmoset
ARMCX4	X	ENSG00000196440	nonsense_mediated_decay	Owl_monkey
ARNT	1	ENSG00000143437	protein_coding	Macaque_indian
ARNTL2-AS1	12	ENSG00000245311	lncRNA	Gibbon
ARSB	5	ENSG00000113273	protein_coding	Gorilla
ARSF	X	ENSG00000062096	protein_coding	Gibbon
ART5	11	ENSG00000167311	protein_coding	Gibbon
ASB14	3	ENSG00000239388	protein_coding	Marmoset
ASB15	7	ENSG00000146809	protein_coding	Bonobo
ASB15	7	ENSG00000146809	protein_coding	Chimpanzee
ASNSP1	8	ENSG00000248498	transcribed_unprocessed_pseudogene	Bonobo
ASNSP1	8	ENSG00000248498	transcribed_unprocessed_pseudogene	Chimpanzee
ASPG	14	ENSG00000166183	protein_coding	Marmoset
ASS1P11	7	ENSG00000225308	processed_pseudogene	Marmoset
ASS1P11	7	ENSG00000225308	processed_pseudogene	Owl_monkey
ASS1P12	9	ENSG00000237437	processed_pseudogene	Owl_monkey
ASS1P4	X	ENSG00000213487	processed_pseudogene	Gorilla
ASTN2	9	ENSG00000148219	protein_coding	Macaque_indian
ASTN2	9	ENSG00000148219	protein_coding	Marmoset
ASTN2	9	ENSG00000148219	protein_coding	Owl_monkey
ATAD2	8	ENSG00000156802	protein_coding	Owl_monkey
ATAD3C	1	ENSG00000215915	protein_coding	Bonobo
ATAD3C	1	ENSG00000215915	protein_coding	Chimpanzee
ATAD3C	1	ENSG00000215915	protein_coding	Orangutan
ATE1-AS1	10	ENSG00000226864	transcribed_unitary_pseudogene	Orangutan
ATF5	19	ENSG00000169136	protein_coding	Marmoset
ATG10	5	ENSG00000152348	protein_coding	Gibbon
ATG10	5	ENSG00000152348	protein_coding	Macaque_indian
ATG10	5	ENSG00000152348	protein_coding	Marmoset
ATG10	5	ENSG00000152348	protein_coding	Owl_monkey
ATP11A	13	ENSG00000068650	protein_coding	Gorilla
ATP11A	13	ENSG00000068650	protein_coding	Marmoset
ATP11AUN	13	ENSG00000197595	lncRNA	Macaque_indian
ATP1A2	1	ENSG00000018625	protein_coding	Owl_monkey
ATP1A4	1	ENSG00000132681	protein_coding	Owl_monkey
ATP5IF1	1	ENSG00000130770	protein_coding	Marmoset
ATP5IF1	1	ENSG00000130770	protein_coding	Owl_monkey
ATP5MC1P7	10	ENSG00000232734	processed_pseudogene	Marmoset
ATP5MC1P7	10	ENSG00000232734	processed_pseudogene	Owl_monkey
ATP5MC2	12	ENSG00000135390	protein_coding	Marmoset
ATP5MC2	12	ENSG00000135390	protein_coding	Owl_monkey
ATP5MC2P4	X	ENSG00000228847	processed_pseudogene	Marmoset
ATP5MC2P4	X	ENSG00000228847	processed_pseudogene	Owl_monkey
ATP5MDP1	X	ENSG00000231549	processed_pseudogene	Owl_monkey
ATP5MGP2	6	ENSG00000232362	processed_pseudogene	Macaque_indian
ATP5MGP2	6	ENSG00000232362	processed_pseudogene	Marmoset
ATP5MGP2	6	ENSG00000232362	processed_pseudogene	Owl_monkey
ATP6V0A1	17	ENSG00000033627	protein_coding	Marmoset
ATP6V0A1	17	ENSG00000033627	protein_coding	Owl_monkey
ATP6V0A4	7	ENSG00000105929	protein_coding	Orangutan
ATP6V1E1P1	1	ENSG00000225099	processed_pseudogene	Marmoset
ATP6V1E1P1	1	ENSG00000225099	processed_pseudogene	Owl_monkey
ATP8A2P3	13	ENSG00000233963	unprocessed_pseudogene	Gibbon
ATXN1	6	ENSG00000124788	protein_coding	Marmoset
ATXN1	6	ENSG00000124788	protein_coding	Owl_monkey
ATXN3	14	ENSG00000066427	retained_intron	Marmoset
ATXN3	14	ENSG00000066427	retained_intron	Owl_monkey
ATXN8OS	13	ENSG00000230223	lncRNA	Macaque_indian
AURKA	20	ENSG00000087586	protein_coding	Marmoset
AURKA	20	ENSG00000087586	protein_coding	Owl_monkey
AVPR1B	1	ENSG00000198049	protein_coding	Marmoset
AXIN1	16	ENSG00000103126	protein_coding	Chimpanzee
AZIN1-AS1	8	ENSG00000253320	lncRNA	Owl_monkey
B3GALNT1	3	ENSG00000169255	protein_coding	Macaque_indian
B3GALNT2	1	ENSG00000162885	protein_coding	Marmoset
B3GALNT2	1	ENSG00000162885	protein_coding	Owl_monkey
B3GALT5	21	ENSG00000183778	protein_coding	Marmoset
B3GALT5	21	ENSG00000183778	protein_coding	Owl_monkey
B3GAT1	11	ENSG00000109956	protein_coding	Gibbon
B3GAT3	11	ENSG00000149541	protein_coding	Marmoset
B3GAT3	11	ENSG00000149541	protein_coding	Owl_monkey
B3GNT2	2	ENSG00000170340	protein_coding	Marmoset
B3GNTL1P2	6	ENSG00000271328	processed_pseudogene	Gibbon
B4GALNT2P1	17	ENSG00000248883	unprocessed_pseudogene	Owl_monkey
B4GALT5	20	ENSG00000158470	protein_coding	Marmoset
BAALC-AS1	8	ENSG00000247081	lncRNA	Marmoset
BACH1	21	ENSG00000156273	protein_coding	Marmoset
BANF1P5	7	ENSG00000225935	processed_pseudogene	Marmoset
BANK1	4	ENSG00000153064	protein_coding	Marmoset
BARD1	2	ENSG00000138376	protein_coding	Marmoset
BARD1	2	ENSG00000138376	protein_coding	Owl_monkey
BBOX1-AS1	11	ENSG00000254560	lncRNA	Gibbon
BBOX1-AS1	11	ENSG00000254560	lncRNA	Macaque_indian
BBOX1-AS1	11	ENSG00000254560	lncRNA	Marmoset
BBOX1-AS1	11	ENSG00000254560	lncRNA	Orangutan
BBOX1-AS1	11	ENSG00000254560	lncRNA	Owl_monkey
BBS9	7	ENSG00000122507	protein_coding	Orangutan
BBX	3	ENSG00000114439	protein_coding	Owl_monkey
BCAP29	7	ENSG00000075790	protein_coding	Owl_monkey
BCAR4	16	ENSG00000262117	lncRNA	Bonobo
BCAR4	16	ENSG00000262117	lncRNA	Chimpanzee
BCAS2P1	11	ENSG00000255051	processed_pseudogene	Bonobo
BCAS2P1	11	ENSG00000255051	processed_pseudogene	Chimpanzee
BCAS2P1	11	ENSG00000255051	processed_pseudogene	Gibbon
BCAS2P1	11	ENSG00000255051	processed_pseudogene	Gorilla
BCAS2P1	11	ENSG00000255051	processed_pseudogene	Macaque_indian
BCAS2P1	11	ENSG00000255051	processed_pseudogene	Marmoset
BCAS2P1	11	ENSG00000255051	processed_pseudogene	Orangutan
BCAS2P1	11	ENSG00000255051	processed_pseudogene	Owl_monkey
BCDIN3D	12	ENSG00000186666	protein_coding	Marmoset
BCDIN3D	12	ENSG00000186666	protein_coding	Owl_monkey
BCL2L13	22	ENSG00000099968	protein_coding	Marmoset
BCL2L13	22	ENSG00000099968	protein_coding	Owl_monkey
BCLAF1P1	5	ENSG00000248966	processed_pseudogene	Marmoset
BCLAF1P1	5	ENSG00000248966	processed_pseudogene	Owl_monkey
BCRP2	22	ENSG00000169668	processed_transcript	Chimpanzee
BDP1	5	ENSG00000145734	protein_coding	Marmoset
BDP1	5	ENSG00000145734	protein_coding	Owl_monkey
BEST1	11	ENSG00000167995	protein_coding	Gibbon
BEST1	11	ENSG00000167995	protein_coding	Macaque_indian
BEST1	11	ENSG00000167995	protein_coding	Marmoset
BEST1	11	ENSG00000167995	protein_coding	Orangutan
BEST1	11	ENSG00000167995	protein_coding	Owl_monkey
BHLHE23	20	ENSG00000125533	protein_coding	Marmoset
BHLHE23	20	ENSG00000125533	protein_coding	Owl_monkey
BHMG1	19	ENSG00000237452	protein_coding	Marmoset
BHMG1	19	ENSG00000237452	protein_coding	Owl_monkey
BIN2P2	5	ENSG00000248684	processed_pseudogene	Marmoset
BIN2P2	5	ENSG00000248684	processed_pseudogene	Owl_monkey
BIRC5	17	ENSG00000089685	protein_coding	Macaque_indian
BIRC5	17	ENSG00000089685	protein_coding	Marmoset
BIRC5	17	ENSG00000089685	protein_coding	Owl_monkey
BLACE	7	ENSG00000204960	lncRNA	Macaque_indian
BLVRA	7	ENSG00000106605	protein_coding	Marmoset
BLVRA	7	ENSG00000106605	protein_coding	Owl_monkey
BMPR1AP2	11	ENSG00000232460	processed_pseudogene	Bonobo
BMPR1AP2	11	ENSG00000232460	processed_pseudogene	Chimpanzee
BMPR1AP2	11	ENSG00000232460	processed_pseudogene	Gibbon
BMPR1AP2	11	ENSG00000232460	processed_pseudogene	Gorilla
BMPR1AP2	11	ENSG00000232460	processed_pseudogene	Macaque_indian
BMPR1AP2	11	ENSG00000232460	processed_pseudogene	Marmoset
BMPR1AP2	11	ENSG00000232460	processed_pseudogene	Orangutan
BMPR1AP2	11	ENSG00000232460	processed_pseudogene	Owl_monkey
BMS1P19	2	ENSG00000231099	processed_pseudogene	Bonobo
BMS1P19	2	ENSG00000231099	processed_pseudogene	Chimpanzee
BNIP1	5	ENSG00000113734	protein_coding	Marmoset
BNIP1	5	ENSG00000113734	protein_coding	Owl_monkey
BOLL	2	ENSG00000152430	protein_coding	Marmoset
BOLL	2	ENSG00000152430	protein_coding	Owl_monkey
BPIFB5P	20	ENSG00000233146	unitary_pseudogene	Gorilla
BPTF	17	ENSG00000171634	protein_coding	Macaque_indian
BRAFP1	X	ENSG00000224775	unprocessed_pseudogene	Orangutan
BRCC3	X	ENSG00000185515	protein_coding	Macaque_indian
BRDT	1	ENSG00000137948	protein_coding	Macaque_indian
BSG	19	ENSG00000172270	protein_coding	Gibbon
BTBD9	6	ENSG00000183826	protein_coding	Gibbon
BTF3L4P3	6	ENSG00000213108	processed_pseudogene	Marmoset
BTF3L4P3	6	ENSG00000213108	processed_pseudogene	Owl_monkey
BTG1P1	12	ENSG00000256720	processed_pseudogene	Owl_monkey
BTN1A1	6	ENSG00000124557	protein_coding	Owl_monkey
BTN2A1	6	ENSG00000112763	protein_coding	Macaque_indian
BTNL2	6	ENSG00000204290	protein_coding	Bonobo
BTNL2	6	ENSG00000204290	protein_coding	Chimpanzee
BUD13	11	ENSG00000137656	protein_coding	Marmoset
BUD13	11	ENSG00000137656	protein_coding	Owl_monkey
BX005214	9	ENSG00000224038	lncRNA	Gibbon
BX072579	13	ENSG00000237699	lncRNA	Gibbon
BX119321	1	ENSG00000233235	unprocessed_pseudogene	Bonobo
BX119321	1	ENSG00000233235	unprocessed_pseudogene	Chimpanzee
BX119917	X	ENSG00000225471	transcribed_processed_pseudogene	Marmoset
BX119917	X	ENSG00000225471	transcribed_processed_pseudogene	Owl_monkey
BX322639	10	ENSG00000215146	processed_transcript	Bonobo
BX322639	10	ENSG00000215146	processed_transcript	Chimpanzee
BX322650	X	ENSG00000183171	processed_pseudogene	Marmoset
BX322650	X	ENSG00000183171	processed_pseudogene	Owl_monkey
BX323845	X	ENSG00000229037	processed_pseudogene	Marmoset
BX323845	X	ENSG00000229037	processed_pseudogene	Owl_monkey
BX324167	22	ENSG00000235091	lncRNA	Macaque_indian
BX510359	X	ENSG00000224556	unprocessed_pseudogene	Gibbon
BX510359	X	ENSG00000224556	unprocessed_pseudogene	Orangutan
BX546450	X	ENSG00000214915	lncRNA	Marmoset
BX546450	X	ENSG00000214915	lncRNA	Owl_monkey
BX640514	20	ENSG00000273812	lncRNA	Gibbon
BX890604	X	ENSG00000285756	lncRNA	Gibbon
C10ORF113	10	ENSG00000204683	protein_coding	Marmoset
C10ORF113	10	ENSG00000204683	protein_coding	Owl_monkey
C10ORF67	10	ENSG00000179133	protein_coding	Gibbon
C10ORF95	10	ENSG00000120055	protein_coding	Macaque_indian
C11ORF21	11	ENSG00000110665	protein_coding	Owl_monkey
C11ORF24	11	ENSG00000171067	protein_coding	Orangutan
C11ORF40	11	ENSG00000171987	lncRNA	Orangutan
C11ORF65	11	ENSG00000166323	protein_coding	Marmoset
C11ORF71	11	ENSG00000180425	protein_coding	Macaque_indian
C12ORF42	12	ENSG00000179088	nonsense_mediated_decay	Macaque_indian
C12ORF42	12	ENSG00000179088	nonsense_mediated_decay	Marmoset
C12ORF42	12	ENSG00000179088	nonsense_mediated_decay	Owl_monkey
C12ORF54	12	ENSG00000177627	protein_coding	Bonobo
C12ORF54	12	ENSG00000177627	protein_coding	Chimpanzee
C12ORF60	12	ENSG00000182993	protein_coding	Bonobo
C12ORF60	12	ENSG00000182993	protein_coding	Chimpanzee
C12ORF60	12	ENSG00000182993	protein_coding	Marmoset
C12ORF60	12	ENSG00000182993	protein_coding	Owl_monkey
C12ORF65	12	ENSG00000130921	protein_coding	Marmoset
C12ORF65	12	ENSG00000130921	protein_coding	Owl_monkey
C12ORF76	12	ENSG00000174456	protein_coding	Marmoset
C12ORF77	12	ENSG00000226397	lncRNA	Gibbon
C13ORF42	13	ENSG00000226792	processed_transcript	Gibbon
C13ORF42	13	ENSG00000226792	processed_transcript	Macaque_indian
C13ORF42	13	ENSG00000226792	processed_transcript	Marmoset
C13ORF42	13	ENSG00000226792	processed_transcript	Orangutan
C13ORF42	13	ENSG00000226792	processed_transcript	Owl_monkey
C15ORF39	15	ENSG00000167173	protein_coding	Marmoset
C15ORF41	15	ENSG00000186073	protein_coding	Marmoset
C15ORF41	15	ENSG00000186073	protein_coding	Owl_monkey
C16ORF87	16	ENSG00000155330	protein_coding	Marmoset
C16ORF89	16	ENSG00000153446	protein_coding	Marmoset
C16ORF95	16	ENSG00000260456	protein_coding	Marmoset
C16ORF95	16	ENSG00000260456	protein_coding	Owl_monkey
C16ORF96	16	ENSG00000205832	protein_coding	Gorilla
C16ORF97	16	ENSG00000261190	lncRNA	Macaque_indian
C17ORF67	17	ENSG00000214226	protein_coding	Marmoset
C17ORF67	17	ENSG00000214226	protein_coding	Owl_monkey
C17ORF97	17	ENSG00000187624	protein_coding	Orangutan
C1ORF105	1	ENSG00000180999	protein_coding	Owl_monkey
C1ORF143	1	ENSG00000228208	lncRNA	Marmoset
C1ORF143	1	ENSG00000228208	lncRNA	Owl_monkey
C1ORF220	1	ENSG00000213057	lncRNA	Owl_monkey
C20ORF203	20	ENSG00000198547	protein_coding	Marmoset
C20ORF203	20	ENSG00000198547	protein_coding	Owl_monkey
C21ORF59-TCP10L	21	ENSG00000265590	nonsense_mediated_decay	Marmoset
C21ORF59-TCP10L	21	ENSG00000265590	nonsense_mediated_decay	Owl_monkey
C21ORF62-AS1	21	ENSG00000205930	lncRNA	Gibbon
C21ORF62-AS1	21	ENSG00000205930	lncRNA	Marmoset
C21ORF91-OT1	21	ENSG00000240770	lncRNA	Marmoset
C21ORF91-OT1	21	ENSG00000240770	lncRNA	Owl_monkey
C22ORF34	22	ENSG00000188511	lncRNA	Bonobo
C22ORF34	22	ENSG00000188511	lncRNA	Chimpanzee
C22ORF34	22	ENSG00000188511	lncRNA	Macaque_indian
C22ORF34	22	ENSG00000188511	lncRNA	Orangutan
C2ORF16	2	ENSG00000221843	protein_coding	Gibbon
C2ORF16	2	ENSG00000221843	protein_coding	Marmoset
C2ORF27AP2	9	ENSG00000239792	unprocessed_pseudogene	Owl_monkey
C2ORF50	2	ENSG00000150873	protein_coding	Gibbon
C2ORF83	2	ENSG00000042304	transcribed_unprocessed_pseudogene	Gibbon
C2ORF83	2	ENSG00000042304	transcribed_unprocessed_pseudogene	Marmoset
C2ORF83	2	ENSG00000042304	transcribed_unprocessed_pseudogene	Owl_monkey
C3ORF35	3	ENSG00000198590	lncRNA	Bonobo
C3ORF35	3	ENSG00000198590	lncRNA	Chimpanzee
C3ORF35	3	ENSG00000198590	lncRNA	Gibbon
C3ORF52	3	ENSG00000114529	protein_coding	Marmoset
C3ORF67	3	ENSG00000163689	protein_coding	Owl_monkey
C3ORF79	3	ENSG00000237787	lncRNA	Macaque_indian
C3ORF79	3	ENSG00000237787	lncRNA	Marmoset
C3ORF79	3	ENSG00000237787	lncRNA	Owl_monkey
C3P1	19	ENSG00000167798	transcribed_unprocessed_pseudogene	Bonobo
C3P1	19	ENSG00000167798	transcribed_unprocessed_pseudogene	Chimpanzee
C4BPAP2	1	ENSG00000232621	unprocessed_pseudogene	Marmoset
C4BPAP2	1	ENSG00000232621	unprocessed_pseudogene	Owl_monkey
C4ORF36	4	ENSG00000163633	protein_coding	Macaque_indian
C4ORF36	4	ENSG00000163633	protein_coding	Marmoset
C4ORF36	4	ENSG00000163633	protein_coding	Owl_monkey
C5ORF64	5	ENSG00000178722	lncRNA	Marmoset
C5ORF64	5	ENSG00000178722	lncRNA	Owl_monkey
C5ORF66-AS2	5	ENSG00000249647	lncRNA	Marmoset
C5ORF66-AS2	5	ENSG00000249647	lncRNA	Owl_monkey
C5ORF67	5	ENSG00000225940	protein_coding	Marmoset
C6ORF15	6	ENSG00000204542	protein_coding	Bonobo
C6ORF99	6	ENSG00000203711	lncRNA	Gorilla
C7ORF77	7	ENSG00000275356	protein_coding	Macaque_indian
C8ORF34-AS1	8	ENSG00000248801	lncRNA	Gibbon
C8ORF34-AS1	8	ENSG00000248801	lncRNA	Owl_monkey
C8ORF87	8	ENSG00000279847	lncRNA	Gibbon
C9ORF131	9	ENSG00000174038	protein_coding	Marmoset
C9ORF131	9	ENSG00000174038	protein_coding	Owl_monkey
C9ORF152	9	ENSG00000188959	processed_transcript	Marmoset
C9ORF152	9	ENSG00000188959	processed_transcript	Owl_monkey
C9ORF43	9	ENSG00000157653	protein_coding	Chimpanzee
C9ORF43	9	ENSG00000157653	protein_coding	Marmoset
C9ORF57	9	ENSG00000204669	protein_coding	Macaque_indian
C9ORF57	9	ENSG00000204669	protein_coding	Marmoset
C9ORF57	9	ENSG00000204669	protein_coding	Owl_monkey
C9ORF62	9	ENSG00000178243	lncRNA	Gibbon
C9ORF85	9	ENSG00000155621	protein_coding	Marmoset
C9ORF85	9	ENSG00000155621	protein_coding	Owl_monkey
CA1	8	ENSG00000133742	protein_coding	Marmoset
CA5B	X	ENSG00000169239	protein_coding	Macaque_indian
CA5B	X	ENSG00000169239	protein_coding	Marmoset
CA5B	X	ENSG00000169239	protein_coding	Owl_monkey
CABYRP1	3	ENSG00000242983	processed_pseudogene	Marmoset
CABYRP1	3	ENSG00000242983	processed_pseudogene	Owl_monkey
CACYBPP2	2	ENSG00000177855	processed_pseudogene	Macaque_indian
CACYBPP2	2	ENSG00000177855	processed_pseudogene	Marmoset
CACYBPP2	2	ENSG00000177855	processed_pseudogene	Owl_monkey
CALCR	7	ENSG00000004948	protein_coding	Marmoset
CALD1	7	ENSG00000122786	protein_coding	Gibbon
CALD1	7	ENSG00000122786	protein_coding	Owl_monkey
CALM1P1	X	ENSG00000223467	processed_pseudogene	Macaque_indian
CALM1P2	7	ENSG00000230564	processed_pseudogene	Marmoset
CALM1P2	7	ENSG00000230564	processed_pseudogene	Owl_monkey
CANT1	17	ENSG00000171302	protein_coding	Marmoset
CAPN5	11	ENSG00000149260	protein_coding	Gorilla
CAPZA1P	X	ENSG00000230956	processed_pseudogene	Gorilla
CARD18	11	ENSG00000255501	processed_transcript	Owl_monkey
CARD6	5	ENSG00000132357	protein_coding	Macaque_indian
CARM1P1	9	ENSG00000227835	processed_transcript	Macaque_indian
CARM1P1	9	ENSG00000227835	processed_transcript	Marmoset
CARM1P1	9	ENSG00000227835	processed_transcript	Owl_monkey
CARNS1	11	ENSG00000172508	protein_coding	Owl_monkey
CARS1P1	15	ENSG00000271232	processed_pseudogene	Marmoset
CARS1P1	15	ENSG00000271232	processed_pseudogene	Owl_monkey
CASC1	12	ENSG00000118307	protein_coding	Orangutan
CASC15	6	ENSG00000272168	lncRNA	Macaque_indian
CASC15	6	ENSG00000272168	lncRNA	Marmoset
CASC15	6	ENSG00000272168	lncRNA	Owl_monkey
CASC19	8	ENSG00000254166	lncRNA	Macaque_indian
CASC19	8	ENSG00000254166	lncRNA	Marmoset
CASC19	8	ENSG00000254166	lncRNA	Owl_monkey
CASC8	8	ENSG00000246228	lncRNA	Marmoset
CASC8	8	ENSG00000246228	lncRNA	Owl_monkey
CASP12	11	ENSG00000204403	protein_coding	Owl_monkey
CASP5	11	ENSG00000137757	protein_coding	Macaque_indian
CASP5	11	ENSG00000137757	protein_coding	Marmoset
CASP5	11	ENSG00000137757	protein_coding	Owl_monkey
CASS4	20	ENSG00000087589	protein_coding	Gibbon
CATSPER1	11	ENSG00000175294	protein_coding	Orangutan
CAV2	7	ENSG00000105971	processed_transcript	Macaque_indian
CAV2	7	ENSG00000105971	processed_transcript	Marmoset
CAV2	7	ENSG00000105971	processed_transcript	Owl_monkey
CBX1P1	X	ENSG00000230823	processed_pseudogene	Macaque_indian
CBX1P3	1	ENSG00000237379	processed_pseudogene	Owl_monkey
CBY2	13	ENSG00000174015	protein_coding	Owl_monkey
CCDC138	2	ENSG00000163006	protein_coding	Gibbon
CCDC144NL-AS1	17	ENSG00000233098	lncRNA	Gorilla
CCDC150	2	ENSG00000144395	protein_coding	Gibbon
CCDC153	11	ENSG00000248712	protein_coding	Marmoset
CCDC157	22	ENSG00000187860	protein_coding	Marmoset
CCDC157	22	ENSG00000187860	protein_coding	Owl_monkey
CCDC163	1	ENSG00000280670	protein_coding	Gibbon
CCDC163	1	ENSG00000280670	protein_coding	Gorilla
CCDC163	1	ENSG00000280670	protein_coding	Macaque_indian
CCDC163	1	ENSG00000280670	protein_coding	Marmoset
CCDC163	1	ENSG00000280670	protein_coding	Orangutan
CCDC163	1	ENSG00000280670	protein_coding	Owl_monkey
CCDC168	13	ENSG00000175820	protein_coding	Macaque_indian
CCDC168	13	ENSG00000175820	protein_coding	Marmoset
CCDC168	13	ENSG00000175820	protein_coding	Owl_monkey
CCDC169	13	ENSG00000242715	protein_coding	Macaque_indian
CCDC171	9	ENSG00000164989	protein_coding	Gorilla
CCDC187	9	ENSG00000260220	protein_coding	Gibbon
CCDC187	9	ENSG00000260220	protein_coding	Marmoset
CCDC196	14	ENSG00000196553	processed_transcript	Macaque_indian
CCDC196	14	ENSG00000196553	processed_transcript	Marmoset
CCDC196	14	ENSG00000196553	processed_transcript	Owl_monkey
CCDC197	14	ENSG00000175699	protein_coding	Gibbon
CCDC198	14	ENSG00000100557	protein_coding	Marmoset
CCDC198	14	ENSG00000100557	protein_coding	Owl_monkey
CCDC26	8	ENSG00000229140	lncRNA	Macaque_indian
CCDC26	8	ENSG00000229140	lncRNA	Marmoset
CCDC26	8	ENSG00000229140	lncRNA	Owl_monkey
CCDC30	1	ENSG00000186409	protein_coding	Gibbon
CCDC30	1	ENSG00000186409	protein_coding	Marmoset
CCDC40	17	ENSG00000141519	protein_coding	Bonobo
CCDC40	17	ENSG00000141519	protein_coding	Chimpanzee
CCDC40	17	ENSG00000141519	protein_coding	Owl_monkey
CCDC57	17	ENSG00000176155	protein_coding	Macaque_indian
CCDC57	17	ENSG00000176155	protein_coding	Marmoset
CCDC57	17	ENSG00000176155	protein_coding	Owl_monkey
CCDC7	10	ENSG00000216937	protein_coding	Gibbon
CCDC7	10	ENSG00000216937	protein_coding	Orangutan
CCDC77	12	ENSG00000120647	protein_coding	Macaque_indian
CCDC91	12	ENSG00000123106	protein_coding	Orangutan
CCNB3	X	ENSG00000147082	protein_coding	Macaque_indian
CCNB3	X	ENSG00000147082	protein_coding	Marmoset
CCNB3	X	ENSG00000147082	protein_coding	Owl_monkey
CCNB3P1	5	ENSG00000249616	processed_pseudogene	Gibbon
CCND3P1	10	ENSG00000224473	processed_pseudogene	Gibbon
CCND3P2	18	ENSG00000265836	processed_pseudogene	Gibbon
CCNQP1	1	ENSG00000233827	processed_pseudogene	Marmoset
CCNT2-AS1	2	ENSG00000224043	lncRNA	Marmoset
CCNT2-AS1	2	ENSG00000224043	lncRNA	Owl_monkey
CCNYL2	10	ENSG00000182632	processed_transcript	Gorilla
CCR3	3	ENSG00000183625	protein_coding	Macaque_indian
CCR5AS	3	ENSG00000223552	lncRNA	Macaque_indian
CCT6B	17	ENSG00000132141	protein_coding	Owl_monkey
CCT6P2	5	ENSG00000250526	processed_pseudogene	Gorilla
CCT8L2	22	ENSG00000198445	protein_coding	Owl_monkey
CD163L1	12	ENSG00000177675	protein_coding	Orangutan
CD177	19	ENSG00000204936	protein_coding	Owl_monkey
CD2	1	ENSG00000116824	protein_coding	Gibbon
CD2	1	ENSG00000116824	protein_coding	Macaque_indian
CD2	1	ENSG00000116824	protein_coding	Marmoset
CD2	1	ENSG00000116824	protein_coding	Orangutan
CD2	1	ENSG00000116824	protein_coding	Owl_monkey
CD200	3	ENSG00000091972	protein_coding	Marmoset
CD200	3	ENSG00000091972	protein_coding	Owl_monkey
CD200R1L	3	ENSG00000206531	protein_coding	Marmoset
CD200R1L	3	ENSG00000206531	protein_coding	Owl_monkey
CD209	19	ENSG00000090659	protein_coding	Gibbon
CD300C	17	ENSG00000167850	protein_coding	Gibbon
CD300E	17	ENSG00000186407	protein_coding	Marmoset
CD300E	17	ENSG00000186407	protein_coding	Owl_monkey
CD300H	17	ENSG00000284690	protein_coding	Owl_monkey
CD300LB	17	ENSG00000178789	protein_coding	Gibbon
CD300LB	17	ENSG00000178789	protein_coding	Macaque_indian
CD300LB	17	ENSG00000178789	protein_coding	Marmoset
CD300LB	17	ENSG00000178789	protein_coding	Owl_monkey
CD300LD	17	ENSG00000204345	protein_coding	Gibbon
CD300LF	17	ENSG00000186074	protein_coding	Marmoset
CD300LG	17	ENSG00000161649	protein_coding	Owl_monkey
CD320	19	ENSG00000167775	protein_coding	Gibbon
CD5	11	ENSG00000110448	protein_coding	Gibbon
CD53	1	ENSG00000143119	protein_coding	Marmoset
CD55	1	ENSG00000196352	protein_coding	Macaque_indian
CD55	1	ENSG00000196352	protein_coding	Owl_monkey
CD59	11	ENSG00000085063	protein_coding	Macaque_indian
CD84	1	ENSG00000066294	protein_coding	Marmoset
CD84	1	ENSG00000066294	protein_coding	Owl_monkey
CD96	3	ENSG00000153283	protein_coding	Marmoset
CD99P1	X	ENSG00000223773	retained_intron	Macaque_indian
CD99P1	X	ENSG00000223773	retained_intron	Orangutan
CDC20P1	9	ENSG00000231007	processed_pseudogene	Macaque_indian
CDC20P1	9	ENSG00000231007	processed_pseudogene	Marmoset
CDC20P1	9	ENSG00000231007	processed_pseudogene	Owl_monkey
CDC42	1	ENSG00000070831	protein_coding	Gibbon
CDC42EP1	22	ENSG00000128283	protein_coding	Marmoset
CDC42EP1	22	ENSG00000128283	protein_coding	Owl_monkey
CDC42SE2	5	ENSG00000158985	processed_transcript	Gibbon
CDH11	16	ENSG00000140937	protein_coding	Marmoset
CDH18	5	ENSG00000145526	protein_coding	Marmoset
CDH18	5	ENSG00000145526	protein_coding	Owl_monkey
CDH3	16	ENSG00000062038	protein_coding	Gibbon
CDHR2	5	ENSG00000074276	protein_coding	Macaque_indian
CDHR3	7	ENSG00000128536	processed_transcript	Gibbon
CDHR4	3	ENSG00000187492	protein_coding	Macaque_indian
CDKN1C	11	ENSG00000129757	protein_coding	Marmoset
CDKN1C	11	ENSG00000129757	protein_coding	Owl_monkey
CDKN2B-AS1	9	ENSG00000240498	lncRNA	Marmoset
CDKN2B-AS1	9	ENSG00000240498	lncRNA	Owl_monkey
CDR2	16	ENSG00000140743	protein_coding	Gorilla
CEACAM3	19	ENSG00000170956	protein_coding	Gibbon
CEACAMP5	19	ENSG00000231561	unprocessed_pseudogene	Gibbon
CEBPZOS	2	ENSG00000218739	protein_coding	Marmoset
CEBPZOS	2	ENSG00000218739	protein_coding	Owl_monkey
CECR2	22	ENSG00000099954	protein_coding	Macaque_indian
CELP	9	ENSG00000170827	processed_transcript	Gibbon
CENPF	1	ENSG00000117724	protein_coding	Marmoset
CENPIP1	13	ENSG00000224778	unprocessed_pseudogene	Bonobo
CENPIP1	13	ENSG00000224778	unprocessed_pseudogene	Chimpanzee
CEP164P1	10	ENSG00000226937	processed_transcript	Gorilla
CEP192	18	ENSG00000101639	protein_coding	Gorilla
CEP295	11	ENSG00000166004	protein_coding	Marmoset
CEP57	11	ENSG00000166037	protein_coding	Marmoset
CERS3-AS1	15	ENSG00000259430	lncRNA	Bonobo
CERS3-AS1	15	ENSG00000259430	lncRNA	Chimpanzee
CERS5	12	ENSG00000139624	protein_coding	Marmoset
CERS5	12	ENSG00000139624	protein_coding	Owl_monkey
CES4A	16	ENSG00000172824	protein_coding	Gibbon
CES4A	16	ENSG00000172824	protein_coding	Macaque_indian
CES5A	16	ENSG00000159398	protein_coding	Macaque_indian
CFAP157	9	ENSG00000160401	protein_coding	Marmoset
CFAP157	9	ENSG00000160401	protein_coding	Owl_monkey
CFAP161	15	ENSG00000156206	protein_coding	Gibbon
CFAP161	15	ENSG00000156206	protein_coding	Macaque_indian
CFAP161	15	ENSG00000156206	protein_coding	Marmoset
CFAP161	15	ENSG00000156206	protein_coding	Owl_monkey
CFAP46	10	ENSG00000171811	protein_coding	Chimpanzee
CFHR2	1	ENSG00000080910	protein_coding	Gorilla
CFL1	11	ENSG00000172757	processed_transcript	Gibbon
CFL1P8	13	ENSG00000234239	processed_pseudogene	Marmoset
CFL1P8	13	ENSG00000234239	processed_pseudogene	Owl_monkey
CGREF1	2	ENSG00000138028	protein_coding	Macaque_indian
CGREF1	2	ENSG00000138028	protein_coding	Marmoset
CGREF1	2	ENSG00000138028	protein_coding	Owl_monkey
CGRRF1	14	ENSG00000100532	protein_coding	Gibbon
CGRRF1	14	ENSG00000100532	protein_coding	Gorilla
CGRRF1	14	ENSG00000100532	protein_coding	Macaque_indian
CGRRF1	14	ENSG00000100532	protein_coding	Marmoset
CGRRF1	14	ENSG00000100532	protein_coding	Orangutan
CGRRF1	14	ENSG00000100532	protein_coding	Owl_monkey
CHCHD2P9	9	ENSG00000186940	processed_pseudogene	Macaque_indian
CHCHD2P9	9	ENSG00000186940	processed_pseudogene	Marmoset
CHCHD2P9	9	ENSG00000186940	processed_pseudogene	Owl_monkey
CHI3L2	1	ENSG00000064886	protein_coding	Marmoset
CHI3L2	1	ENSG00000064886	protein_coding	Owl_monkey
CHODL	21	ENSG00000154645	protein_coding	Marmoset
CHODL	21	ENSG00000154645	protein_coding	Owl_monkey
CHRM5	15	ENSG00000184984	protein_coding	Macaque_indian
CHRNA7	15	ENSG00000175344	protein_coding	Marmoset
CHRNA7	15	ENSG00000175344	protein_coding	Owl_monkey
CHRNB4	15	ENSG00000117971	nonsense_mediated_decay	Owl_monkey
CIR1P1	5	ENSG00000253146	processed_pseudogene	Marmoset
CIR1P1	5	ENSG00000253146	processed_pseudogene	Owl_monkey
CKS1BP6	X	ENSG00000178556	processed_pseudogene	Macaque_indian
CKS1BP6	X	ENSG00000178556	processed_pseudogene	Marmoset
CKS1BP6	X	ENSG00000178556	processed_pseudogene	Owl_monkey
CLASP2	3	ENSG00000163539	protein_coding	Macaque_indian
CLCA4-AS1	1	ENSG00000236915	lncRNA	Chimpanzee
CLCA4-AS1	1	ENSG00000236915	lncRNA	Owl_monkey
CLCN3P1	9	ENSG00000232000	processed_transcript	Marmoset
CLCN3P1	9	ENSG00000232000	processed_transcript	Owl_monkey
CLDN16	3	ENSG00000113946	processed_transcript	Marmoset
CLDN4	7	ENSG00000189143	protein_coding	Marmoset
CLDN4	7	ENSG00000189143	protein_coding	Owl_monkey
CLEC12A	12	ENSG00000172322	protein_coding	Gorilla
CLEC12A	12	ENSG00000172322	protein_coding	Macaque_indian
CLEC3A	16	ENSG00000166509	nonsense_mediated_decay	Macaque_indian
CLEC4F	2	ENSG00000152672	protein_coding	Gibbon
CLEC9A	12	ENSG00000197992	protein_coding	Owl_monkey
CLIC1P1	12	ENSG00000231313	processed_pseudogene	Owl_monkey
CLIP2	7	ENSG00000106665	protein_coding	Marmoset
CLN5	13	ENSG00000102805	protein_coding	Marmoset
CLN5	13	ENSG00000102805	protein_coding	Owl_monkey
CLPB	11	ENSG00000162129	protein_coding	Bonobo
CLPB	11	ENSG00000162129	protein_coding	Chimpanzee
CLPB	11	ENSG00000162129	protein_coding	Gibbon
CLPB	11	ENSG00000162129	protein_coding	Gorilla
CLPB	11	ENSG00000162129	protein_coding	Macaque_indian
CLPB	11	ENSG00000162129	protein_coding	Marmoset
CLPB	11	ENSG00000162129	protein_coding	Orangutan
CLPB	11	ENSG00000162129	protein_coding	Owl_monkey
CLPS	6	ENSG00000137392	protein_coding	Marmoset
CLPS	6	ENSG00000137392	protein_coding	Owl_monkey
CLUHP3	16	ENSG00000131797	processed_transcript	Macaque_indian
CLUL1	18	ENSG00000079101	protein_coding	Marmoset
CLUL1	18	ENSG00000079101	protein_coding	Owl_monkey
CMAHP	6	ENSG00000168405	processed_transcript	Macaque_indian
CMPK2	2	ENSG00000134326	protein_coding	Marmoset
CMPK2	2	ENSG00000134326	protein_coding	Owl_monkey
CMTM2	16	ENSG00000140932	protein_coding	Marmoset
CMTR1	6	ENSG00000137200	protein_coding	Gibbon
CMYA5	5	ENSG00000164309	protein_coding	Macaque_indian
CNBD1	8	ENSG00000176571	protein_coding	Marmoset
CNGB1	16	ENSG00000070729	protein_coding	Owl_monkey
CNGB3	8	ENSG00000170289	protein_coding	Marmoset
CNOT2-DT	12	ENSG00000257815	lncRNA	Marmoset
CNOT2-DT	12	ENSG00000257815	lncRNA	Owl_monkey
CNRIP1	2	ENSG00000119865	protein_coding	Marmoset
CNTNAP2	7	ENSG00000174469	protein_coding	Gibbon
CNTROB	17	ENSG00000170037	protein_coding	Orangutan
COL17A1	10	ENSG00000065618	protein_coding	Macaque_indian
COL25A1-DT	4	ENSG00000246774	lncRNA	Macaque_indian
COL6A4P1	3	ENSG00000230524	transcribed_unprocessed_pseudogene	Bonobo
COL6A4P1	3	ENSG00000230524	transcribed_unprocessed_pseudogene	Chimpanzee
COL6A4P1	3	ENSG00000230524	transcribed_unprocessed_pseudogene	Gibbon
COL6A4P1	3	ENSG00000230524	transcribed_unprocessed_pseudogene	Gorilla
COL6A4P1	3	ENSG00000230524	transcribed_unprocessed_pseudogene	Macaque_indian
COL6A4P1	3	ENSG00000230524	transcribed_unprocessed_pseudogene	Marmoset
COL6A4P1	3	ENSG00000230524	transcribed_unprocessed_pseudogene	Orangutan
COL6A4P1	3	ENSG00000230524	transcribed_unprocessed_pseudogene	Owl_monkey
COL6A4P2	3	ENSG00000228252	transcribed_unitary_pseudogene	Gorilla
COL6A5	3	ENSG00000172752	protein_coding	Gibbon
COLEC11	2	ENSG00000118004	protein_coding	Marmoset
COLEC11	2	ENSG00000118004	protein_coding	Owl_monkey
COMMD1	2	ENSG00000173163	protein_coding	Gibbon
COMMD1	2	ENSG00000173163	protein_coding	Macaque_indian
COMMD1	2	ENSG00000173163	protein_coding	Marmoset
COMMD1	2	ENSG00000173163	protein_coding	Owl_monkey
COPS2	15	ENSG00000166200	nonsense_mediated_decay	Marmoset
COPS2	15	ENSG00000166200	nonsense_mediated_decay	Owl_monkey
CORO2B	15	ENSG00000103647	protein_coding	Owl_monkey
COTL1P2	17	ENSG00000235323	processed_pseudogene	Orangutan
COX14	12	ENSG00000178449	protein_coding	Marmoset
COX14	12	ENSG00000178449	protein_coding	Owl_monkey
COX6B2	19	ENSG00000160471	protein_coding	Macaque_indian
COX7A2P2	4	ENSG00000236764	processed_pseudogene	Macaque_indian
COX7A2P2	4	ENSG00000236764	processed_pseudogene	Marmoset
COX7A2P2	4	ENSG00000236764	processed_pseudogene	Owl_monkey
COX7B2	4	ENSG00000170516	protein_coding	Marmoset
COX7B2	4	ENSG00000170516	protein_coding	Owl_monkey
CPEB1	15	ENSG00000214575	protein_coding	Marmoset
CPEB1	15	ENSG00000214575	protein_coding	Owl_monkey
CPEB2-DT	4	ENSG00000247624	lncRNA	Marmoset
CPQ	8	ENSG00000104324	protein_coding	Marmoset
CPS1	2	ENSG00000021826	protein_coding	Owl_monkey
CPXCR1	X	ENSG00000147183	protein_coding	Gibbon
CPXCR1	X	ENSG00000147183	protein_coding	Macaque_indian
CPXCR1	X	ENSG00000147183	protein_coding	Marmoset
CPXCR1	X	ENSG00000147183	protein_coding	Orangutan
CPXCR1	X	ENSG00000147183	protein_coding	Owl_monkey
CRACD	4	ENSG00000109265	protein_coding	Owl_monkey
CRB2	9	ENSG00000148204	protein_coding	Owl_monkey
CRHBP	5	ENSG00000145708	processed_transcript	Macaque_indian
CRIP1P2	3	ENSG00000238225	processed_pseudogene	Marmoset
CRIP1P2	3	ENSG00000238225	processed_pseudogene	Owl_monkey
CRISP1	6	ENSG00000124812	protein_coding	Gibbon
CRLF3	17	ENSG00000176390	protein_coding	Gorilla
CRNN	1	ENSG00000143536	protein_coding	Marmoset
CROCC2	2	ENSG00000226321	protein_coding	Macaque_indian
CROCCP3	1	ENSG00000080947	processed_transcript	Gibbon
CRX	19	ENSG00000105392	protein_coding	Macaque_indian
CRYBB2P1	22	ENSG00000100058	processed_transcript	Owl_monkey
CRYBG3	3	ENSG00000080200	protein_coding	Gorilla
CRYBG3	3	ENSG00000080200	protein_coding	Marmoset
CRYBG3	3	ENSG00000080200	protein_coding	Owl_monkey
CRYGEP	2	ENSG00000229150	transcribed_unprocessed_pseudogene	Gibbon
CRYZL2P	1	ENSG00000242193	processed_transcript	Owl_monkey
CRYZL2P-SEC16B	1	ENSG00000254154	lncRNA	Marmoset
CSF2RBP1	22	ENSG00000232254	unprocessed_pseudogene	Bonobo
CSF2RBP1	22	ENSG00000232254	unprocessed_pseudogene	Chimpanzee
CSGALNACT1	8	ENSG00000147408	protein_coding	Macaque_indian
CSNK1A1P1	15	ENSG00000223518	processed_transcript	Owl_monkey
CSNK1A1P3	5	ENSG00000250162	processed_pseudogene	Owl_monkey
CST4	20	ENSG00000101441	protein_coding	Owl_monkey
CT69	6	ENSG00000231971	lncRNA	Marmoset
CT69	6	ENSG00000231971	lncRNA	Owl_monkey
CT75	2	ENSG00000237732	processed_transcript	Macaque_indian
CTAGE11P	13	ENSG00000214249	processed_pseudogene	Gibbon
CTAGE14P	2	ENSG00000214211	processed_pseudogene	Macaque_indian
CTAGE14P	2	ENSG00000214211	processed_pseudogene	Marmoset
CTAGE14P	2	ENSG00000214211	processed_pseudogene	Owl_monkey
CTBP2P2	10	ENSG00000235746	processed_pseudogene	Orangutan
CTCFL	20	ENSG00000124092	protein_coding	Owl_monkey
CTNNA2	2	ENSG00000066032	protein_coding	Owl_monkey
CTSV	9	ENSG00000136943	protein_coding	Macaque_indian
CUEDC1	17	ENSG00000180891	protein_coding	Gibbon
CWC22	2	ENSG00000163510	protein_coding	Marmoset
CXXC1P1	X	ENSG00000187893	transcribed_unprocessed_pseudogene	Marmoset
CXXC4-AS1	4	ENSG00000245384	lncRNA	Macaque_indian
CYCSP33	13	ENSG00000233545	processed_pseudogene	Gorilla
CYCSP39	16	ENSG00000260690	processed_pseudogene	Owl_monkey
CYCSP6	2	ENSG00000214429	processed_pseudogene	Marmoset
CYCSP6	2	ENSG00000214429	processed_pseudogene	Owl_monkey
CYLC1	X	ENSG00000183035	protein_coding	Marmoset
CYMP	1	ENSG00000240194	transcribed_unitary_pseudogene	Macaque_indian
CYP1B1-AS1	2	ENSG00000232973	lncRNA	Marmoset
CYP1B1-AS1	2	ENSG00000232973	lncRNA	Owl_monkey
CYP2B7P	19	ENSG00000256612	processed_transcript	Gorilla
CYP2C18	10	ENSG00000108242	protein_coding	Gibbon
CYP2W1	7	ENSG00000073067	protein_coding	Chimpanzee
CYP4B1	1	ENSG00000142973	protein_coding	Gorilla
CYP4B1	1	ENSG00000142973	protein_coding	Marmoset
CYP4F23P	19	ENSG00000269516	transcribed_unprocessed_pseudogene	Bonobo
CYP4F23P	19	ENSG00000269516	transcribed_unprocessed_pseudogene	Chimpanzee
CYTIP	2	ENSG00000115165	protein_coding	Marmoset
CYYR1	21	ENSG00000166265	protein_coding	Gorilla
DANT2	X	ENSG00000235244	lncRNA	Chimpanzee
DANT2	X	ENSG00000235244	lncRNA	Gibbon
DAPL1	2	ENSG00000163331	protein_coding	Gibbon
DAZL	3	ENSG00000092345	protein_coding	Gibbon
DCDC1	11	ENSG00000170959	protein_coding	Owl_monkey
DCTN5	16	ENSG00000166847	protein_coding	Owl_monkey
DCUN1D1	3	ENSG00000043093	protein_coding	Marmoset
DCUN1D1	3	ENSG00000043093	protein_coding	Owl_monkey
DDX10P2	9	ENSG00000230360	processed_pseudogene	Marmoset
DDX10P2	9	ENSG00000230360	processed_pseudogene	Owl_monkey
DDX3X	X	ENSG00000215301	protein_coding	Owl_monkey
DDX4	5	ENSG00000152670	protein_coding	Marmoset
DDX4	5	ENSG00000152670	protein_coding	Owl_monkey
DDX51	12	ENSG00000185163	protein_coding	Marmoset
DDX51	12	ENSG00000185163	protein_coding	Owl_monkey
DDX53	X	ENSG00000184735	protein_coding	Owl_monkey
DDX55P1	12	ENSG00000270863	processed_pseudogene	Orangutan
DDX59-AS1	1	ENSG00000260088	lncRNA	Marmoset
DDX59-AS1	1	ENSG00000260088	lncRNA	Owl_monkey
DDX60	4	ENSG00000137628	protein_coding	Marmoset
DDX6P2	13	ENSG00000277914	processed_pseudogene	Owl_monkey
DEDD	1	ENSG00000158796	protein_coding	Marmoset
DEDD	1	ENSG00000158796	protein_coding	Owl_monkey
DEFA4	8	ENSG00000164821	protein_coding	Macaque_indian
DEFB119	20	ENSG00000180483	protein_coding	Owl_monkey
DEFB124	20	ENSG00000180383	protein_coding	Gorilla
DEFB135	8	ENSG00000205883	protein_coding	Orangutan
DEFT1P	8	ENSG00000215378	unprocessed_pseudogene	Orangutan
DENND2C	1	ENSG00000175984	protein_coding	Marmoset
DENND2C	1	ENSG00000175984	protein_coding	Owl_monkey
DENND5B-AS1	12	ENSG00000255867	lncRNA	Macaque_indian
DEPDC1-AS1	1	ENSG00000234264	lncRNA	Gibbon
DEPDC4	12	ENSG00000166153	nonsense_mediated_decay	Macaque_indian
DGKK	X	ENSG00000274588	protein_coding	Marmoset
DGKK	X	ENSG00000274588	protein_coding	Owl_monkey
DGKZP1	13	ENSG00000179611	processed_pseudogene	Bonobo
DGKZP1	13	ENSG00000179611	processed_pseudogene	Chimpanzee
DGKZP1	13	ENSG00000179611	processed_pseudogene	Gibbon
DGKZP1	13	ENSG00000179611	processed_pseudogene	Gorilla
DGKZP1	13	ENSG00000179611	processed_pseudogene	Macaque_indian
DGKZP1	13	ENSG00000179611	processed_pseudogene	Marmoset
DGKZP1	13	ENSG00000179611	processed_pseudogene	Orangutan
DGKZP1	13	ENSG00000179611	processed_pseudogene	Owl_monkey
DGLUCY	14	ENSG00000133943	protein_coding	Bonobo
DGLUCY	14	ENSG00000133943	protein_coding	Chimpanzee
DGLUCY	14	ENSG00000133943	protein_coding	Gibbon
DGLUCY	14	ENSG00000133943	protein_coding	Gorilla
DGLUCY	14	ENSG00000133943	protein_coding	Macaque_indian
DGLUCY	14	ENSG00000133943	protein_coding	Marmoset
DGLUCY	14	ENSG00000133943	protein_coding	Orangutan
DGLUCY	14	ENSG00000133943	protein_coding	Owl_monkey
DHTKD1	10	ENSG00000181192	protein_coding	Macaque_indian
DHTKD1	10	ENSG00000181192	protein_coding	Marmoset
DHTKD1	10	ENSG00000181192	protein_coding	Owl_monkey
DHX9	1	ENSG00000135829	protein_coding	Marmoset
DHX9	1	ENSG00000135829	protein_coding	Owl_monkey
DIAPH1	5	ENSG00000131504	protein_coding	Marmoset
DIAPH2-AS1	X	ENSG00000236256	lncRNA	Macaque_indian
DIAPH2-AS1	X	ENSG00000236256	lncRNA	Marmoset
DIAPH2-AS1	X	ENSG00000236256	lncRNA	Owl_monkey
DIRC3	2	ENSG00000231672	lncRNA	Marmoset
DIRC3	2	ENSG00000231672	lncRNA	Owl_monkey
DIS3L2	2	ENSG00000144535	protein_coding	Orangutan
DISP1	1	ENSG00000154309	processed_transcript	Gibbon
DISP1	1	ENSG00000154309	processed_transcript	Macaque_indian
DISP1	1	ENSG00000154309	processed_transcript	Marmoset
DISP1	1	ENSG00000154309	processed_transcript	Owl_monkey
DISP3	1	ENSG00000204624	protein_coding	Marmoset
DLAT	11	ENSG00000150768	protein_coding	Gibbon
DLAT	11	ENSG00000150768	protein_coding	Gorilla
DLAT	11	ENSG00000150768	protein_coding	Macaque_indian
DLAT	11	ENSG00000150768	protein_coding	Marmoset
DLAT	11	ENSG00000150768	protein_coding	Orangutan
DLAT	11	ENSG00000150768	protein_coding	Owl_monkey
DLEU1	13	ENSG00000176124	lncRNA	Gibbon
DLEU1	13	ENSG00000176124	lncRNA	Macaque_indian
DLEU1	13	ENSG00000176124	lncRNA	Marmoset
DLEU1	13	ENSG00000176124	lncRNA	Orangutan
DLEU1	13	ENSG00000176124	lncRNA	Owl_monkey
DLEU2	13	ENSG00000231607	lncRNA	Gorilla
DLGAP2	8	ENSG00000198010	protein_coding	Gibbon
DLGAP4-AS1	20	ENSG00000232907	lncRNA	Gibbon
DMAC1	9	ENSG00000137038	processed_transcript	Gibbon
DMAC2	19	ENSG00000105341	protein_coding	Owl_monkey
DMAC2L	14	ENSG00000125375	protein_coding	Owl_monkey
DMBT1	10	ENSG00000187908	protein_coding	Gibbon
DMBT1P1	10	ENSG00000176584	transcribed_unitary_pseudogene	Gibbon
DMBT1P1	10	ENSG00000176584	transcribed_unitary_pseudogene	Macaque_indian
DMBT1P1	10	ENSG00000176584	transcribed_unitary_pseudogene	Marmoset
DMBT1P1	10	ENSG00000176584	transcribed_unitary_pseudogene	Owl_monkey
DMKN	19	ENSG00000161249	protein_coding	Macaque_indian
DNAH1	3	ENSG00000114841	protein_coding	Orangutan
DNAH12	3	ENSG00000174844	protein_coding	Macaque_indian
DNAH12	3	ENSG00000174844	protein_coding	Marmoset
DNAH12	3	ENSG00000174844	protein_coding	Orangutan
DNAH14	1	ENSG00000185842	protein_coding	Macaque_indian
DNAH14	1	ENSG00000185842	protein_coding	Owl_monkey
DNAH17	17	ENSG00000187775	protein_coding	Macaque_indian
DNAH17	17	ENSG00000187775	protein_coding	Owl_monkey
DNAH3	16	ENSG00000158486	protein_coding	Macaque_indian
DNAH3	16	ENSG00000158486	protein_coding	Owl_monkey
DNAH6	2	ENSG00000115423	protein_coding	Gorilla
DNAJA4	15	ENSG00000140403	protein_coding	Owl_monkey
DNAJB5P1	9	ENSG00000230335	processed_pseudogene	Marmoset
DNAJB5P1	9	ENSG00000230335	processed_pseudogene	Owl_monkey
DNAJB7	22	ENSG00000172404	protein_coding	Marmoset
DNAJC19P9	14	ENSG00000258608	processed_pseudogene	Marmoset
DNAJC19P9	14	ENSG00000258608	processed_pseudogene	Owl_monkey
DNAJC27-AS1	2	ENSG00000224165	lncRNA	Bonobo
DNAJC5G	2	ENSG00000163793	protein_coding	Marmoset
DNAJC5G	2	ENSG00000163793	protein_coding	Owl_monkey
DPP3P1	4	ENSG00000250768	processed_pseudogene	Owl_monkey
DPP3P2	9	ENSG00000221844	processed_pseudogene	Marmoset
DPP3P2	9	ENSG00000221844	processed_pseudogene	Owl_monkey
DPP6	7	ENSG00000130226	protein_coding	Macaque_indian
DPPA3P2	14	ENSG00000188831	transcribed_unprocessed_pseudogene	Gibbon
DPPA3P2	14	ENSG00000188831	transcribed_unprocessed_pseudogene	Gorilla
DPPA3P2	14	ENSG00000188831	transcribed_unprocessed_pseudogene	Macaque_indian
DPPA3P2	14	ENSG00000188831	transcribed_unprocessed_pseudogene	Marmoset
DPPA3P2	14	ENSG00000188831	transcribed_unprocessed_pseudogene	Orangutan
DPPA3P2	14	ENSG00000188831	transcribed_unprocessed_pseudogene	Owl_monkey
DPY19L1P1	7	ENSG00000229358	unprocessed_pseudogene	Gibbon
DPY19L2P3	7	ENSG00000227855	transcribed_unprocessed_pseudogene	Gibbon
DPY19L2P3	7	ENSG00000227855	transcribed_unprocessed_pseudogene	Gorilla
DRAIC	15	ENSG00000245750	lncRNA	Marmoset
DRAIC	15	ENSG00000245750	lncRNA	Orangutan
DRAIC	15	ENSG00000245750	lncRNA	Owl_monkey
DROSHA	5	ENSG00000113360	protein_coding	Gibbon
DTD1	20	ENSG00000125821	protein_coding	Marmoset
DTD1	20	ENSG00000125821	protein_coding	Owl_monkey
DTD2	14	ENSG00000129480	protein_coding	Marmoset
DTD2	14	ENSG00000129480	protein_coding	Owl_monkey
DUBR	3	ENSG00000243701	lncRNA	Marmoset
DUBR	3	ENSG00000243701	lncRNA	Owl_monkey
DUSP5P2	3	ENSG00000235338	processed_pseudogene	Gibbon
DUXAP11	16	ENSG00000270222	processed_pseudogene	Gibbon
DUXAP11	16	ENSG00000270222	processed_pseudogene	Macaque_indian
DUXAP11	16	ENSG00000270222	processed_pseudogene	Marmoset
DUXAP11	16	ENSG00000270222	processed_pseudogene	Orangutan
DUXAP11	16	ENSG00000270222	processed_pseudogene	Owl_monkey
DUXAP9	14	ENSG00000225210	processed_transcript	Chimpanzee
DYNLL1P1	14	ENSG00000205579	processed_pseudogene	Macaque_indian
DYNLL1P1	14	ENSG00000205579	processed_pseudogene	Marmoset
DYNLL1P1	14	ENSG00000205579	processed_pseudogene	Owl_monkey
DYNLL1P7	7	ENSG00000230614	processed_pseudogene	Marmoset
DYNLL1P7	7	ENSG00000230614	processed_pseudogene	Owl_monkey
EBLN3P	9	ENSG00000281649	lncRNA	Marmoset
EBNA1BP2	1	ENSG00000117395	processed_transcript	Marmoset
EBNA1BP2	1	ENSG00000117395	processed_transcript	Owl_monkey
ECM1P1	9	ENSG00000270639	processed_pseudogene	Gibbon
ECM1P2	4	ENSG00000249995	processed_pseudogene	Bonobo
ECM1P2	4	ENSG00000249995	processed_pseudogene	Chimpanzee
ECM1P2	4	ENSG00000249995	processed_pseudogene	Gibbon
ECM1P2	4	ENSG00000249995	processed_pseudogene	Gorilla
ECM1P2	4	ENSG00000249995	processed_pseudogene	Macaque_indian
ECM1P2	4	ENSG00000249995	processed_pseudogene	Marmoset
ECM1P2	4	ENSG00000249995	processed_pseudogene	Orangutan
ECM1P2	4	ENSG00000249995	processed_pseudogene	Owl_monkey
ECT2	3	ENSG00000114346	protein_coding	Marmoset
ECT2	3	ENSG00000114346	protein_coding	Owl_monkey
ECT2L	6	ENSG00000203734	protein_coding	Marmoset
ECT2L	6	ENSG00000203734	protein_coding	Owl_monkey
EDA	X	ENSG00000158813	protein_coding	Macaque_indian
EDNRB	13	ENSG00000136160	protein_coding	Marmoset
EDNRB	13	ENSG00000136160	protein_coding	Owl_monkey
EEF1A1P11	1	ENSG00000228502	processed_pseudogene	Gibbon
EEF1A1P11	1	ENSG00000228502	processed_pseudogene	Macaque_indian
EEF1A1P11	1	ENSG00000228502	processed_pseudogene	Marmoset
EEF1A1P11	1	ENSG00000228502	processed_pseudogene	Owl_monkey
EEF1A1P12	2	ENSG00000214199	processed_pseudogene	Gibbon
EEF1A1P13	5	ENSG00000250182	processed_pseudogene	Gibbon
EEF1A1P13	5	ENSG00000250182	processed_pseudogene	Macaque_indian
EEF1A1P13	5	ENSG00000250182	processed_pseudogene	Marmoset
EEF1A1P13	5	ENSG00000250182	processed_pseudogene	Orangutan
EEF1A1P13	5	ENSG00000250182	processed_pseudogene	Owl_monkey
EEF1A1P30	X	ENSG00000237757	processed_pseudogene	Marmoset
EEF1A1P30	X	ENSG00000237757	processed_pseudogene	Owl_monkey
EEF1A1P33	12	ENSG00000258846	processed_pseudogene	Owl_monkey
EEF1A1P38	16	ENSG00000261557	processed_pseudogene	Gibbon
EEF1A1P40	X	ENSG00000231144	processed_pseudogene	Macaque_indian
EEF1A1P42	6	ENSG00000277043	processed_pseudogene	Gorilla
EEF1A1P42	6	ENSG00000277043	processed_pseudogene	Orangutan
EEF1A1P7	19	ENSG00000268222	processed_pseudogene	Owl_monkey
EEF1AKMT2	10	ENSG00000203791	protein_coding	Marmoset
EEF1AKMT2	10	ENSG00000203791	protein_coding	Owl_monkey
EEF1D	8	ENSG00000104529	protein_coding	Macaque_indian
EEF1E1	6	ENSG00000124802	protein_coding	Marmoset
EFCAB1	8	ENSG00000034239	protein_coding	Macaque_indian
EFCAB1	8	ENSG00000034239	protein_coding	Marmoset
EFCAB1	8	ENSG00000034239	protein_coding	Owl_monkey
EFCAB13	17	ENSG00000178852	protein_coding	Chimpanzee
EFCAB13	17	ENSG00000178852	protein_coding	Gibbon
EFCAB13	17	ENSG00000178852	protein_coding	Macaque_indian
EFCAB3	17	ENSG00000172421	protein_coding	Gibbon
EFCAB3	17	ENSG00000172421	protein_coding	Owl_monkey
EFCAB6-AS1	22	ENSG00000223843	lncRNA	Orangutan
EFCAB8	20	ENSG00000215529	protein_coding	Owl_monkey
EFHD1	2	ENSG00000115468	protein_coding	Marmoset
EFL1P1	15	ENSG00000259404	transcribed_unprocessed_pseudogene	Orangutan
EFNA2	19	ENSG00000099617	protein_coding	Marmoset
EGR2	10	ENSG00000122877	processed_transcript	Marmoset
EGR2	10	ENSG00000122877	processed_transcript	Owl_monkey
EHBP1L1	11	ENSG00000173442	protein_coding	Marmoset
EHBP1L1	11	ENSG00000173442	protein_coding	Owl_monkey
EHMT1	9	ENSG00000181090	protein_coding	Gibbon
EIF1P2	1	ENSG00000235549	processed_pseudogene	Gibbon
EIF1P3	1	ENSG00000231684	processed_pseudogene	Marmoset
EIF1P3	1	ENSG00000231684	processed_pseudogene	Owl_monkey
EIF2S3B	12	ENSG00000180574	protein_coding	Macaque_indian
EIF3F	11	ENSG00000175390	protein_coding	Marmoset
EIF3F	11	ENSG00000175390	protein_coding	Owl_monkey
EIF3FP3	2	ENSG00000233426	processed_pseudogene	Macaque_indian
EIF4A1P9	17	ENSG00000262953	processed_pseudogene	Gibbon
EIF4A3	17	ENSG00000141543	protein_coding	Gibbon
EIF4A3	17	ENSG00000141543	protein_coding	Gorilla
EIF4A3	17	ENSG00000141543	protein_coding	Macaque_indian
EIF4A3	17	ENSG00000141543	protein_coding	Marmoset
EIF4A3	17	ENSG00000141543	protein_coding	Orangutan
EIF4A3	17	ENSG00000141543	protein_coding	Owl_monkey
EIF4BP3	9	ENSG00000224546	processed_pseudogene	Gibbon
EIF4BP3	9	ENSG00000224546	processed_pseudogene	Macaque_indian
EIF4BP3	9	ENSG00000224546	processed_pseudogene	Marmoset
EIF4BP3	9	ENSG00000224546	processed_pseudogene	Orangutan
EIF4BP3	9	ENSG00000224546	processed_pseudogene	Owl_monkey
EIF4BP8	3	ENSG00000243918	processed_pseudogene	Marmoset
EIF4BP8	3	ENSG00000243918	processed_pseudogene	Owl_monkey
EIF4EP2	17	ENSG00000229944	processed_pseudogene	Gibbon
EIF4EP2	17	ENSG00000229944	processed_pseudogene	Macaque_indian
EIF4EP2	17	ENSG00000229944	processed_pseudogene	Marmoset
EIF4EP2	17	ENSG00000229944	processed_pseudogene	Orangutan
EIF4EP2	17	ENSG00000229944	processed_pseudogene	Owl_monkey
EIF4EP4	7	ENSG00000232968	processed_pseudogene	Macaque_indian
ELMOD3	2	ENSG00000115459	protein_coding	Marmoset
ELMOD3	2	ENSG00000115459	protein_coding	Owl_monkey
ELN	7	ENSG00000049540	protein_coding	Orangutan
ELN	7	ENSG00000049540	protein_coding	Owl_monkey
ELOA2	18	ENSG00000206181	protein_coding	Gibbon
ELP4	11	ENSG00000109911	protein_coding	Marmoset
ELP4	11	ENSG00000109911	protein_coding	Owl_monkey
ELP5	17	ENSG00000170291	protein_coding	Orangutan
EMCN	4	ENSG00000164035	processed_transcript	Bonobo
EMCN	4	ENSG00000164035	processed_transcript	Chimpanzee
EMCN	4	ENSG00000164035	processed_transcript	Marmoset
EMCN	4	ENSG00000164035	processed_transcript	Owl_monkey
EML4-AS1	2	ENSG00000224875	lncRNA	Marmoset
EML4-AS1	2	ENSG00000224875	lncRNA	Owl_monkey
EMX2OS	10	ENSG00000229847	lncRNA	Macaque_indian
ENTHD1	22	ENSG00000176177	protein_coding	Marmoset
ENTHD1	22	ENSG00000176177	protein_coding	Owl_monkey
ENTPD1-AS1	10	ENSG00000226688	lncRNA	Owl_monkey
ENTR1P2	1	ENSG00000181101	processed_pseudogene	Marmoset
ENTR1P2	1	ENSG00000181101	processed_pseudogene	Owl_monkey
EP400	12	ENSG00000183495	protein_coding	Owl_monkey
EPB41L3	18	ENSG00000082397	protein_coding	Marmoset
EPHX1	1	ENSG00000143819	protein_coding	Gibbon
EPHX1	1	ENSG00000143819	protein_coding	Macaque_indian
EPHX1	1	ENSG00000143819	protein_coding	Marmoset
EPHX1	1	ENSG00000143819	protein_coding	Orangutan
EPHX1	1	ENSG00000143819	protein_coding	Owl_monkey
EPM2A	6	ENSG00000112425	protein_coding	Gibbon
EPPIN-WFDC6	20	ENSG00000249139	protein_coding	Gibbon
EPSTI1	13	ENSG00000133106	protein_coding	Marmoset
ERCC6L2	9	ENSG00000182150	nonsense_mediated_decay	Bonobo
ERCC6L2	9	ENSG00000182150	nonsense_mediated_decay	Chimpanzee
ERCC6L2	9	ENSG00000182150	nonsense_mediated_decay	Marmoset
ERI1	8	ENSG00000104626	processed_transcript	Macaque_indian
ERI1	8	ENSG00000104626	processed_transcript	Marmoset
ERI1	8	ENSG00000104626	processed_transcript	Owl_monkey
ERICH1	8	ENSG00000104714	protein_coding	Chimpanzee
ERVMER61-1	1	ENSG00000230426	lncRNA	Macaque_indian
ERVMER61-1	1	ENSG00000230426	lncRNA	Marmoset
ERVMER61-1	1	ENSG00000230426	lncRNA	Owl_monkey
ERVV-1	19	ENSG00000269526	protein_coding	Orangutan
ETDC	X	ENSG00000283644	protein_coding	Orangutan
ETV7	6	ENSG00000010030	protein_coding	Macaque_indian
EVA1A	2	ENSG00000115363	protein_coding	Gibbon
EXD2	14	ENSG00000081177	protein_coding	Owl_monkey
EXOC5P1	4	ENSG00000180673	processed_pseudogene	Macaque_indian
EXOC5P1	4	ENSG00000180673	processed_pseudogene	Marmoset
EXOC5P1	4	ENSG00000180673	processed_pseudogene	Owl_monkey
EXOC6	10	ENSG00000138190	protein_coding	Owl_monkey
EXPH5	11	ENSG00000110723	protein_coding	Gibbon
EXPH5	11	ENSG00000110723	protein_coding	Macaque_indian
EXPH5	11	ENSG00000110723	protein_coding	Marmoset
EXPH5	11	ENSG00000110723	protein_coding	Orangutan
EXPH5	11	ENSG00000110723	protein_coding	Owl_monkey
EYA1	8	ENSG00000104313	retained_intron	Macaque_indian
EYA1	8	ENSG00000104313	retained_intron	Marmoset
EYA1	8	ENSG00000104313	retained_intron	Owl_monkey
EZHIP	X	ENSG00000187690	protein_coding	Owl_monkey
F11-AS1	4	ENSG00000251165	lncRNA	Macaque_indian
F5	1	ENSG00000198734	protein_coding	Macaque_indian
F5	1	ENSG00000198734	protein_coding	Owl_monkey
F8	X	ENSG00000185010	protein_coding	Marmoset
F8	X	ENSG00000185010	protein_coding	Owl_monkey
FABP9	8	ENSG00000205186	protein_coding	Owl_monkey
FAF2P1	10	ENSG00000228759	processed_pseudogene	Marmoset
FAF2P1	10	ENSG00000228759	processed_pseudogene	Owl_monkey
FAHD2A	2	ENSG00000115042	protein_coding	Macaque_indian
FAIM	3	ENSG00000158234	protein_coding	Gorilla
FAM110A	20	ENSG00000125898	protein_coding	Marmoset
FAM110A	20	ENSG00000125898	protein_coding	Owl_monkey
FAM111A	11	ENSG00000166801	protein_coding	Macaque_indian
FAM122C	X	ENSG00000156500	protein_coding	Marmoset
FAM122C	X	ENSG00000156500	protein_coding	Owl_monkey
FAM133DP	2	ENSG00000230562	processed_pseudogene	Gibbon
FAM133DP	2	ENSG00000230562	processed_pseudogene	Gorilla
FAM133DP	2	ENSG00000230562	processed_pseudogene	Macaque_indian
FAM133DP	2	ENSG00000230562	processed_pseudogene	Marmoset
FAM133DP	2	ENSG00000230562	processed_pseudogene	Orangutan
FAM133DP	2	ENSG00000230562	processed_pseudogene	Owl_monkey
FAM13C	10	ENSG00000148541	protein_coding	Marmoset
FAM13C	10	ENSG00000148541	protein_coding	Owl_monkey
FAM156A	X	ENSG00000268350	protein_coding	Macaque_indian
FAM156A	X	ENSG00000268350	protein_coding	Owl_monkey
FAM156B	X	ENSG00000179304	protein_coding	Macaque_indian
FAM156B	X	ENSG00000179304	protein_coding	Owl_monkey
FAM157A	3	ENSG00000236438	processed_transcript	Gorilla
FAM161B	14	ENSG00000156050	protein_coding	Gorilla
FAM170B	10	ENSG00000172538	protein_coding	Chimpanzee
FAM170B-AS1	10	ENSG00000234736	lncRNA	Owl_monkey
FAM177A1P1	4	ENSG00000214886	processed_pseudogene	Macaque_indian
FAM186A	12	ENSG00000185958	protein_coding	Macaque_indian
FAM186A	12	ENSG00000185958	protein_coding	Marmoset
FAM186A	12	ENSG00000185958	protein_coding	Owl_monkey
FAM189A1	15	ENSG00000104059	protein_coding	Marmoset
FAM189A1	15	ENSG00000104059	protein_coding	Owl_monkey
FAM189A2	9	ENSG00000135063	protein_coding	Marmoset
FAM189A2	9	ENSG00000135063	protein_coding	Owl_monkey
FAM192BP	4	ENSG00000231841	processed_pseudogene	Marmoset
FAM192BP	4	ENSG00000231841	processed_pseudogene	Owl_monkey
FAM193A	4	ENSG00000125386	protein_coding	Gibbon
FAM205A	9	ENSG00000205108	protein_coding	Gibbon
FAM207CP	21	ENSG00000232797	processed_pseudogene	Orangutan
FAM225A	9	ENSG00000231528	lncRNA	Gibbon
FAM225B	9	ENSG00000225684	lncRNA	Gibbon
FAM228A	2	ENSG00000186453	protein_coding	Marmoset
FAM228A	2	ENSG00000186453	protein_coding	Owl_monkey
FAM240B	9	ENSG00000283329	protein_coding	Marmoset
FAM240B	9	ENSG00000283329	protein_coding	Owl_monkey
FAM3C2	X	ENSG00000174028	processed_pseudogene	Bonobo
FAM3C2	X	ENSG00000174028	processed_pseudogene	Chimpanzee
FAM3C2	X	ENSG00000174028	processed_pseudogene	Gibbon
FAM3C2	X	ENSG00000174028	processed_pseudogene	Gorilla
FAM3C2	X	ENSG00000174028	processed_pseudogene	Macaque_indian
FAM3C2	X	ENSG00000174028	processed_pseudogene	Marmoset
FAM3C2	X	ENSG00000174028	processed_pseudogene	Orangutan
FAM3C2	X	ENSG00000174028	processed_pseudogene	Owl_monkey
FAM47A	X	ENSG00000185448	protein_coding	Owl_monkey
FAM47B	X	ENSG00000189132	protein_coding	Owl_monkey
FAM47C	X	ENSG00000198173	protein_coding	Gorilla
FAM47E	4	ENSG00000189157	protein_coding	Owl_monkey
FAM66D	8	ENSG00000255052	lncRNA	Macaque_indian
FAM71C	12	ENSG00000180219	protein_coding	Marmoset
FAM92A1P2	4	ENSG00000230219	processed_transcript	Gibbon
FAM9A	X	ENSG00000183304	protein_coding	Macaque_indian
FAM9A	X	ENSG00000183304	protein_coding	Owl_monkey
FAM9C	X	ENSG00000187268	protein_coding	Marmoset
FAM9C	X	ENSG00000187268	protein_coding	Owl_monkey
FANCD2P2	3	ENSG00000230342	unprocessed_pseudogene	Orangutan
FARP1	13	ENSG00000152767	protein_coding	Marmoset
FARP1	13	ENSG00000152767	protein_coding	Owl_monkey
FARP2	2	ENSG00000006607	protein_coding	Macaque_indian
FAT1P1	20	ENSG00000217809	processed_pseudogene	Marmoset
FAT1P1	20	ENSG00000217809	processed_pseudogene	Owl_monkey
FAUP1	18	ENSG00000235297	processed_pseudogene	Gibbon
FBH1	10	ENSG00000134452	protein_coding	Orangutan
FBXL13	7	ENSG00000161040	protein_coding	Owl_monkey
FBXO27	19	ENSG00000161243	protein_coding	Gibbon
FBXO27	19	ENSG00000161243	protein_coding	Gorilla
FBXO39	17	ENSG00000177294	protein_coding	Orangutan
FCHO2	5	ENSG00000157107	protein_coding	Macaque_indian
FCRL3	1	ENSG00000160856	protein_coding	Owl_monkey
FCRL6	1	ENSG00000181036	protein_coding	Gibbon
FCRLA	1	ENSG00000132185	protein_coding	Gorilla
FDPSP5	X	ENSG00000215035	processed_pseudogene	Marmoset
FDPSP5	X	ENSG00000215035	processed_pseudogene	Owl_monkey
FEZ1	11	ENSG00000149557	protein_coding	Owl_monkey
FGA	4	ENSG00000171560	protein_coding	Gibbon
FGA	4	ENSG00000171560	protein_coding	Macaque_indian
FGA	4	ENSG00000171560	protein_coding	Marmoset
FGA	4	ENSG00000171560	protein_coding	Orangutan
FGA	4	ENSG00000171560	protein_coding	Owl_monkey
FGD5P1	3	ENSG00000275340	transcribed_unprocessed_pseudogene	Orangutan
FGGY	1	ENSG00000172456	nonsense_mediated_decay	Marmoset
FGGY	1	ENSG00000172456	nonsense_mediated_decay	Owl_monkey
FGL1	8	ENSG00000104760	protein_coding	Gibbon
FGL1	8	ENSG00000104760	protein_coding	Macaque_indian
FGL1	8	ENSG00000104760	protein_coding	Marmoset
FGL1	8	ENSG00000104760	protein_coding	Owl_monkey
FHL1	X	ENSG00000022267	protein_coding	Owl_monkey
FHL2	2	ENSG00000115641	protein_coding	Marmoset
FHL2	2	ENSG00000115641	protein_coding	Owl_monkey
FILNC1	6	ENSG00000231426	lncRNA	Marmoset
FILNC1	6	ENSG00000231426	lncRNA	Owl_monkey
FIRRE	X	ENSG00000213468	lncRNA	Macaque_indian
FIRRE	X	ENSG00000213468	lncRNA	Marmoset
FIRRE	X	ENSG00000213468	lncRNA	Owl_monkey
FKBP1C	6	ENSG00000198225	protein_coding	Macaque_indian
FKBP1C	6	ENSG00000198225	protein_coding	Marmoset
FKBP1C	6	ENSG00000198225	protein_coding	Owl_monkey
FKRP	19	ENSG00000181027	protein_coding	Owl_monkey
FLG-AS1	1	ENSG00000237975	lncRNA	Bonobo
FLG-AS1	1	ENSG00000237975	lncRNA	Marmoset
FLG-AS1	1	ENSG00000237975	lncRNA	Owl_monkey
FLT1	13	ENSG00000102755	protein_coding	Macaque_indian
FLT1P1	3	ENSG00000229515	processed_pseudogene	Gorilla
FLT3LG	19	ENSG00000090554	protein_coding	Marmoset
FLT3LG	19	ENSG00000090554	protein_coding	Owl_monkey
FLT4	5	ENSG00000037280	protein_coding	Marmoset
FLT4	5	ENSG00000037280	protein_coding	Owl_monkey
FMO1	1	ENSG00000010932	protein_coding	Bonobo
FMO10P	1	ENSG00000234984	unprocessed_pseudogene	Macaque_indian
FMO10P	1	ENSG00000234984	unprocessed_pseudogene	Orangutan
FMO11P	1	ENSG00000232148	unprocessed_pseudogene	Chimpanzee
FMO6P	1	ENSG00000117507	transcribed_unitary_pseudogene	Gibbon
FMO8P	1	ENSG00000238087	unprocessed_pseudogene	Gorilla
FMR1NB	X	ENSG00000176988	protein_coding	Marmoset
FNDC1	6	ENSG00000164694	protein_coding	Gorilla
FO393411	6	ENSG00000180211	processed_pseudogene	Macaque_indian
FO393411	6	ENSG00000180211	processed_pseudogene	Marmoset
FO393411	6	ENSG00000180211	processed_pseudogene	Owl_monkey
FP325330	22	ENSG00000235154	lncRNA	Owl_monkey
FPR1	19	ENSG00000171051	protein_coding	Owl_monkey
FRMD1	6	ENSG00000153303	protein_coding	Macaque_indian
FSCB	14	ENSG00000189139	protein_coding	Marmoset
FSIP2	2	ENSG00000188738	protein_coding	Bonobo
FSIP2	2	ENSG00000188738	protein_coding	Chimpanzee
FSIP2	2	ENSG00000188738	protein_coding	Gibbon
FSIP2	2	ENSG00000188738	protein_coding	Gorilla
FSIP2	2	ENSG00000188738	protein_coding	Macaque_indian
FSIP2	2	ENSG00000188738	protein_coding	Marmoset
FSIP2	2	ENSG00000188738	protein_coding	Orangutan
FSIP2	2	ENSG00000188738	protein_coding	Owl_monkey
FTH1P10	5	ENSG00000223361	processed_transcript	Gibbon
FTH1P10	5	ENSG00000223361	processed_transcript	Macaque_indian
FTH1P10	5	ENSG00000223361	processed_transcript	Marmoset
FTH1P10	5	ENSG00000223361	processed_transcript	Owl_monkey
FTH1P2	1	ENSG00000234975	processed_pseudogene	Gibbon
FTH1P20	2	ENSG00000226564	processed_pseudogene	Macaque_indian
FTH1P21	4	ENSG00000249013	processed_pseudogene	Macaque_indian
FTH1P6	2	ENSG00000233083	processed_pseudogene	Gorilla
FTLP18	1	ENSG00000230214	processed_pseudogene	Marmoset
FTLP18	1	ENSG00000230214	processed_pseudogene	Owl_monkey
FTX	X	ENSG00000230590	lncRNA	Gibbon
FTX	X	ENSG00000230590	lncRNA	Macaque_indian
FUT1	19	ENSG00000174951	protein_coding	Marmoset
FUT1	19	ENSG00000174951	protein_coding	Owl_monkey
FUT2	19	ENSG00000176920	protein_coding	Macaque_indian
FUT2	19	ENSG00000176920	protein_coding	Marmoset
FUT2	19	ENSG00000176920	protein_coding	Owl_monkey
FUT5	19	ENSG00000130383	protein_coding	Macaque_indian
FYN	6	ENSG00000010810	protein_coding	Macaque_indian
FZD10-AS1	12	ENSG00000250208	lncRNA	Owl_monkey
FZD6	8	ENSG00000164930	protein_coding	Marmoset
FZD6	8	ENSG00000164930	protein_coding	Owl_monkey
FZR1	19	ENSG00000105325	protein_coding	Gibbon
FZR1	19	ENSG00000105325	protein_coding	Macaque_indian
FZR1	19	ENSG00000105325	protein_coding	Marmoset
FZR1	19	ENSG00000105325	protein_coding	Orangutan
FZR1	19	ENSG00000105325	protein_coding	Owl_monkey
G2E3-AS1	14	ENSG00000257636	lncRNA	Bonobo
G2E3-AS1	14	ENSG00000257636	lncRNA	Chimpanzee
G2E3-AS1	14	ENSG00000257636	lncRNA	Marmoset
G2E3-AS1	14	ENSG00000257636	lncRNA	Owl_monkey
GABRA6	5	ENSG00000145863	processed_transcript	Gibbon
GALNT2	1	ENSG00000143641	processed_transcript	Marmoset
GALNT2	1	ENSG00000143641	processed_transcript	Owl_monkey
GANC	15	ENSG00000214013	protein_coding	Marmoset
GANC	15	ENSG00000214013	protein_coding	Owl_monkey
GAPDHP1	X	ENSG00000228232	processed_pseudogene	Macaque_indian
GAPDHP1	X	ENSG00000228232	processed_pseudogene	Marmoset
GAPDHP1	X	ENSG00000228232	processed_pseudogene	Owl_monkey
GAPDHP26	9	ENSG00000229541	processed_pseudogene	Marmoset
GAPDHP26	9	ENSG00000229541	processed_pseudogene	Owl_monkey
GAPDHP63	6	ENSG00000218582	processed_pseudogene	Owl_monkey
GAPDHP65	X	ENSG00000235587	processed_pseudogene	Owl_monkey
GAPDHP70	11	ENSG00000249489	processed_pseudogene	Macaque_indian
GAPLINC	18	ENSG00000266835	lncRNA	Marmoset
GAPLINC	18	ENSG00000266835	lncRNA	Owl_monkey
GAPVD1	9	ENSG00000165219	protein_coding	Marmoset
GARS-DT	7	ENSG00000196295	retained_intron	Bonobo
GARS-DT	7	ENSG00000196295	retained_intron	Chimpanzee
GATD3A	21	ENSG00000160221	protein_coding	Gibbon
GBP1P1	1	ENSG00000225492	transcribed_unprocessed_pseudogene	Gibbon
GBP1P1	1	ENSG00000225492	transcribed_unprocessed_pseudogene	Orangutan
GBP2	1	ENSG00000162645	protein_coding	Marmoset
GBP5	1	ENSG00000154451	protein_coding	Gibbon
GCNA	X	ENSG00000147174	protein_coding	Owl_monkey
GCNAP1	12	ENSG00000256912	processed_pseudogene	Macaque_indian
GCNT1	9	ENSG00000187210	protein_coding	Marmoset
GCNT1	9	ENSG00000187210	protein_coding	Owl_monkey
GDA	9	ENSG00000119125	protein_coding	Gibbon
GDF5	20	ENSG00000125965	protein_coding	Marmoset
GDF5	20	ENSG00000125965	protein_coding	Owl_monkey
GDNF-AS1	5	ENSG00000248587	lncRNA	Macaque_indian
GDPD2	X	ENSG00000130055	protein_coding	Orangutan
GEMIN2P1	1	ENSG00000235015	processed_pseudogene	Gibbon
GEMIN2P2	3	ENSG00000235339	processed_pseudogene	Gibbon
GEMIN6	2	ENSG00000152147	protein_coding	Gibbon
GEMIN6	2	ENSG00000152147	protein_coding	Marmoset
GEMIN6	2	ENSG00000152147	protein_coding	Owl_monkey
GFRA4	20	ENSG00000125861	protein_coding	Owl_monkey
GID8	20	ENSG00000101193	protein_coding	Owl_monkey
GIMAP6	7	ENSG00000133561	protein_coding	Marmoset
GJB7	6	ENSG00000164411	protein_coding	Gibbon
GJB7	6	ENSG00000164411	protein_coding	Macaque_indian
GJB7	6	ENSG00000164411	protein_coding	Marmoset
GJB7	6	ENSG00000164411	protein_coding	Orangutan
GJB7	6	ENSG00000164411	protein_coding	Owl_monkey
GLB1L2	11	ENSG00000149328	protein_coding	Bonobo
GLB1L2	11	ENSG00000149328	protein_coding	Chimpanzee
GLRXP3	5	ENSG00000118990	processed_pseudogene	Macaque_indian
GLRXP3	5	ENSG00000118990	processed_pseudogene	Marmoset
GLRXP3	5	ENSG00000118990	processed_pseudogene	Owl_monkey
GLT6D1	9	ENSG00000204007	protein_coding	Bonobo
GLT6D1	9	ENSG00000204007	protein_coding	Chimpanzee
GLT6D1	9	ENSG00000204007	protein_coding	Gorilla
GLUD2	X	ENSG00000182890	protein_coding	Macaque_indian
GLUD2	X	ENSG00000182890	protein_coding	Marmoset
GLUD2	X	ENSG00000182890	protein_coding	Owl_monkey
GLULP4	9	ENSG00000178723	processed_pseudogene	Owl_monkey
GLYAT	11	ENSG00000149124	protein_coding	Owl_monkey
GLYATL2	11	ENSG00000156689	protein_coding	Owl_monkey
GM2AP1	3	ENSG00000241695	processed_pseudogene	Owl_monkey
GMCL2	5	ENSG00000244234	protein_coding	Owl_monkey
GMDS-DT	6	ENSG00000250903	lncRNA	Gibbon
GMDS-DT	6	ENSG00000250903	lncRNA	Marmoset
GMDS-DT	6	ENSG00000250903	lncRNA	Orangutan
GMDS-DT	6	ENSG00000250903	lncRNA	Owl_monkey
GNA12	7	ENSG00000146535	protein_coding	Gibbon
GNAI1	7	ENSG00000127955	protein_coding	Gibbon
GNGT1	7	ENSG00000127928	protein_coding	Gibbon
GNGT1	7	ENSG00000127928	protein_coding	Macaque_indian
GNGT1	7	ENSG00000127928	protein_coding	Marmoset
GNGT1	7	ENSG00000127928	protein_coding	Orangutan
GNGT1	7	ENSG00000127928	protein_coding	Owl_monkey
GNPNAT1	14	ENSG00000100522	protein_coding	Marmoset
GNPNAT1	14	ENSG00000100522	protein_coding	Owl_monkey
GNRHR2P1	14	ENSG00000259169	unprocessed_pseudogene	Gorilla
GOLGA2P11	15	ENSG00000260062	transcribed_unprocessed_pseudogene	Bonobo
GOLGA2P11	15	ENSG00000260062	transcribed_unprocessed_pseudogene	Chimpanzee
GOLGA2P11	15	ENSG00000260062	transcribed_unprocessed_pseudogene	Marmoset
GOLGA2P5	12	ENSG00000238105	retained_intron	Marmoset
GOLGA2P5	12	ENSG00000238105	retained_intron	Owl_monkey
GOLGA4	3	ENSG00000144674	protein_coding	Owl_monkey
GOLGA6L10	15	ENSG00000278662	protein_coding	Gibbon
GORAB-AS1	1	ENSG00000231407	lncRNA	Macaque_indian
GOSR2	17	ENSG00000108433	protein_coding	Macaque_indian
GPR142	17	ENSG00000257008	protein_coding	Macaque_indian
GPR142	17	ENSG00000257008	protein_coding	Owl_monkey
GPR179	17	ENSG00000277399	protein_coding	Marmoset
GPR78	4	ENSG00000155269	protein_coding	Marmoset
GPR78	4	ENSG00000155269	protein_coding	Owl_monkey
GPX1P1	X	ENSG00000197582	processed_pseudogene	Gibbon
GPX1P1	X	ENSG00000197582	processed_pseudogene	Macaque_indian
GPX1P1	X	ENSG00000197582	processed_pseudogene	Marmoset
GPX1P1	X	ENSG00000197582	processed_pseudogene	Orangutan
GPX1P1	X	ENSG00000197582	processed_pseudogene	Owl_monkey
GRAMD1C	3	ENSG00000178075	processed_transcript	Owl_monkey
GRHL3-AS1	1	ENSG00000232298	lncRNA	Owl_monkey
GRHPR	9	ENSG00000137106	protein_coding	Marmoset
GRHPR	9	ENSG00000137106	protein_coding	Owl_monkey
GRIA2	4	ENSG00000120251	processed_transcript	Macaque_indian
GRK2	11	ENSG00000173020	protein_coding	Marmoset
GRK2	11	ENSG00000173020	protein_coding	Owl_monkey
GRM7	3	ENSG00000196277	protein_coding	Gibbon
GRM7	3	ENSG00000196277	protein_coding	Macaque_indian
GRM7	3	ENSG00000196277	protein_coding	Marmoset
GRM7	3	ENSG00000196277	protein_coding	Orangutan
GRM7	3	ENSG00000196277	protein_coding	Owl_monkey
GRM7-AS3	3	ENSG00000226258	lncRNA	Bonobo
GRM7-AS3	3	ENSG00000226258	lncRNA	Chimpanzee
GRM7-AS3	3	ENSG00000226258	lncRNA	Macaque_indian
GSDMA	17	ENSG00000167914	protein_coding	Macaque_indian
GSTA7P	6	ENSG00000237674	unprocessed_pseudogene	Gibbon
GSTA7P	6	ENSG00000237674	unprocessed_pseudogene	Marmoset
GSTA7P	6	ENSG00000237674	unprocessed_pseudogene	Owl_monkey
GSTA8P	6	ENSG00000220377	unprocessed_pseudogene	Macaque_indian
GSTA9P	6	ENSG00000243236	transcribed_unprocessed_pseudogene	Bonobo
GSTA9P	6	ENSG00000243236	transcribed_unprocessed_pseudogene	Chimpanzee
GSTA9P	6	ENSG00000243236	transcribed_unprocessed_pseudogene	Gibbon
GSTK1	7	ENSG00000197448	protein_coding	Marmoset
GSTM5P1	3	ENSG00000236062	processed_pseudogene	Marmoset
GSTM5P1	3	ENSG00000236062	processed_pseudogene	Owl_monkey
GTF2H2C	5	ENSG00000183474	protein_coding	Marmoset
GTF2H2C	5	ENSG00000183474	protein_coding	Owl_monkey
GTF2IP13	7	ENSG00000272556	processed_transcript	Gorilla
GTF2IP8	18	ENSG00000276318	unprocessed_pseudogene	Macaque_indian
GTF3AP1	9	ENSG00000237274	processed_pseudogene	Gibbon
GUCY2EP	11	ENSG00000204529	transcribed_unprocessed_pseudogene	Marmoset
GUCY2EP	11	ENSG00000204529	transcribed_unprocessed_pseudogene	Owl_monkey
GUCY2GP	10	ENSG00000243316	transcribed_unitary_pseudogene	Macaque_indian
GUCY2GP	10	ENSG00000243316	transcribed_unitary_pseudogene	Marmoset
GUCY2GP	10	ENSG00000243316	transcribed_unitary_pseudogene	Owl_monkey
GULOP	8	ENSG00000234770	unitary_pseudogene	Gibbon
GUSBP12	7	ENSG00000169325	unprocessed_pseudogene	Bonobo
GUSBP12	7	ENSG00000169325	unprocessed_pseudogene	Chimpanzee
GVQW2	6	ENSG00000279968	protein_coding	Marmoset
GVQW2	6	ENSG00000279968	protein_coding	Owl_monkey
GZMAP1	5	ENSG00000249454	unprocessed_pseudogene	Gibbon
GZMAP1	5	ENSG00000249454	unprocessed_pseudogene	Orangutan
GZMB	14	ENSG00000100453	protein_coding	Marmoset
GZMB	14	ENSG00000100453	protein_coding	Owl_monkey
H2BP3	3	ENSG00000240912	processed_pseudogene	Marmoset
H2BP3	3	ENSG00000240912	processed_pseudogene	Owl_monkey
H2BP8	X	ENSG00000235976	processed_pseudogene	Gorilla
H3P15	4	ENSG00000251005	processed_pseudogene	Macaque_indian
H3P22	5	ENSG00000250715	processed_pseudogene	Macaque_indian
H3P27	6	ENSG00000220730	processed_pseudogene	Owl_monkey
H3P30	9	ENSG00000227443	processed_pseudogene	Bonobo
H3P30	9	ENSG00000227443	processed_pseudogene	Chimpanzee
H3P30	9	ENSG00000227443	processed_pseudogene	Gorilla
H3P40	15	ENSG00000258570	processed_pseudogene	Marmoset
H3P40	15	ENSG00000258570	processed_pseudogene	Owl_monkey
H3P47	X	ENSG00000179101	processed_pseudogene	Macaque_indian
H3P47	X	ENSG00000179101	processed_pseudogene	Marmoset
H3P47	X	ENSG00000179101	processed_pseudogene	Owl_monkey
H3P6	2	ENSG00000235655	processed_pseudogene	Bonobo
HADHA	2	ENSG00000084754	protein_coding	Marmoset
HADHA	2	ENSG00000084754	protein_coding	Owl_monkey
HAND2-AS1	4	ENSG00000237125	lncRNA	Macaque_indian
HAND2-AS1	4	ENSG00000237125	lncRNA	Marmoset
HAND2-AS1	4	ENSG00000237125	lncRNA	Owl_monkey
HAP1	17	ENSG00000173805	protein_coding	Macaque_indian
HAP1	17	ENSG00000173805	protein_coding	Owl_monkey
HAPLN3	15	ENSG00000140511	protein_coding	Owl_monkey
HAR1B	20	ENSG00000231133	lncRNA	Marmoset
HAR1B	20	ENSG00000231133	lncRNA	Owl_monkey
HAS2-AS1	8	ENSG00000248690	lncRNA	Marmoset
HAS2-AS1	8	ENSG00000248690	lncRNA	Owl_monkey
HAVCR1	5	ENSG00000113249	protein_coding	Owl_monkey
HBG2	11	ENSG00000196565	protein_coding	Owl_monkey
HCFC2P1	13	ENSG00000232087	processed_pseudogene	Gibbon
HCG14	6	ENSG00000224157	lncRNA	Gibbon
HCG18	6	ENSG00000231074	lncRNA	Orangutan
HEATR6	17	ENSG00000068097	protein_coding	Macaque_indian
HEIH	5	ENSG00000278970	lncRNA	Gibbon
HEIH	5	ENSG00000278970	lncRNA	Macaque_indian
HEIH	5	ENSG00000278970	lncRNA	Marmoset
HEIH	5	ENSG00000278970	lncRNA	Orangutan
HEIH	5	ENSG00000278970	lncRNA	Owl_monkey
HELLS	10	ENSG00000119969	protein_coding	Macaque_indian
HELLS	10	ENSG00000119969	protein_coding	Owl_monkey
HELZ2	20	ENSG00000130589	protein_coding	Marmoset
HIBADH	7	ENSG00000106049	protein_coding	Owl_monkey
HIGD1AP6	8	ENSG00000253229	processed_pseudogene	Marmoset
HIGD1AP6	8	ENSG00000253229	processed_pseudogene	Owl_monkey
HJURP	2	ENSG00000123485	protein_coding	Macaque_indian
HLA-DQA1	6	ENSG00000196735	protein_coding	Owl_monkey
HLA-DQB3	6	ENSG00000226030	unprocessed_pseudogene	Gibbon
HLA-F	6	ENSG00000204642	protein_coding	Gibbon
HMG20A	15	ENSG00000140382	protein_coding	Chimpanzee
HMGA1P6	13	ENSG00000233440	processed_pseudogene	Marmoset
HMGA1P6	13	ENSG00000233440	processed_pseudogene	Owl_monkey
HMGB1P1	20	ENSG00000124097	processed_pseudogene	Macaque_indian
HMGB1P1	20	ENSG00000124097	processed_pseudogene	Marmoset
HMGB1P1	20	ENSG00000124097	processed_pseudogene	Owl_monkey
HMGB1P26	1	ENSG00000225984	processed_pseudogene	Gibbon
HMGB1P40	11	ENSG00000255291	processed_pseudogene	Macaque_indian
HMGB1P40	11	ENSG00000255291	processed_pseudogene	Marmoset
HMGB1P40	11	ENSG00000255291	processed_pseudogene	Owl_monkey
HMGB1P5	3	ENSG00000132967	transcribed_processed_pseudogene	Gibbon
HMGB1P5	3	ENSG00000132967	transcribed_processed_pseudogene	Gorilla
HMGB1P5	3	ENSG00000132967	transcribed_processed_pseudogene	Macaque_indian
HMGB1P5	3	ENSG00000132967	transcribed_processed_pseudogene	Marmoset
HMGB1P5	3	ENSG00000132967	transcribed_processed_pseudogene	Orangutan
HMGB1P5	3	ENSG00000132967	transcribed_processed_pseudogene	Owl_monkey
HMGB1P50	10	ENSG00000271237	processed_pseudogene	Owl_monkey
HMGB1P9	2	ENSG00000224159	processed_pseudogene	Marmoset
HMGB3P11	2	ENSG00000213301	processed_pseudogene	Marmoset
HMGB3P11	2	ENSG00000213301	processed_pseudogene	Owl_monkey
HMGB3P3	5	ENSG00000250730	processed_pseudogene	Gibbon
HMGB3P3	5	ENSG00000250730	processed_pseudogene	Macaque_indian
HMGB3P3	5	ENSG00000250730	processed_pseudogene	Marmoset
HMGB3P3	5	ENSG00000250730	processed_pseudogene	Orangutan
HMGB3P3	5	ENSG00000250730	processed_pseudogene	Owl_monkey
HMGB3P6	1	ENSG00000213070	processed_pseudogene	Macaque_indian
HMGB3P6	1	ENSG00000213070	processed_pseudogene	Marmoset
HMGB3P6	1	ENSG00000213070	processed_pseudogene	Owl_monkey
HMGN1P17	5	ENSG00000250787	processed_pseudogene	Marmoset
HMGN1P26	15	ENSG00000259557	processed_pseudogene	Marmoset
HMGN1P26	15	ENSG00000259557	processed_pseudogene	Owl_monkey
HMGN2P13	3	ENSG00000241810	processed_pseudogene	Macaque_indian
HMGN2P13	3	ENSG00000241810	processed_pseudogene	Marmoset
HMGN2P13	3	ENSG00000241810	processed_pseudogene	Owl_monkey
HMGN2P17	1	ENSG00000238249	processed_pseudogene	Gibbon
HMGN2P17	1	ENSG00000238249	processed_pseudogene	Macaque_indian
HMGN2P24	3	ENSG00000229072	processed_pseudogene	Marmoset
HMGN2P24	3	ENSG00000229072	processed_pseudogene	Owl_monkey
HMGN2P46	15	ENSG00000179362	processed_transcript	Owl_monkey
HMGN2P7	3	ENSG00000226427	processed_pseudogene	Macaque_indian
HMGN2P7	3	ENSG00000226427	processed_pseudogene	Marmoset
HMGN2P7	3	ENSG00000226427	processed_pseudogene	Owl_monkey
HMX1	4	ENSG00000215612	protein_coding	Marmoset
HMX1	4	ENSG00000215612	protein_coding	Owl_monkey
HNF4G	8	ENSG00000164749	protein_coding	Gibbon
HNRNPA1P27	X	ENSG00000233680	processed_pseudogene	Marmoset
HNRNPA1P27	X	ENSG00000233680	processed_pseudogene	Owl_monkey
HNRNPA1P28	X	ENSG00000230170	processed_pseudogene	Marmoset
HNRNPA1P28	X	ENSG00000230170	processed_pseudogene	Owl_monkey
HNRNPA1P4	8	ENSG00000206228	processed_pseudogene	Gibbon
HNRNPA1P4	8	ENSG00000206228	processed_pseudogene	Macaque_indian
HNRNPA1P4	8	ENSG00000206228	processed_pseudogene	Marmoset
HNRNPA1P4	8	ENSG00000206228	processed_pseudogene	Owl_monkey
HNRNPA1P51	2	ENSG00000234491	processed_pseudogene	Marmoset
HNRNPA1P51	2	ENSG00000234491	processed_pseudogene	Owl_monkey
HNRNPA1P56	4	ENSG00000248640	processed_pseudogene	Owl_monkey
HNRNPA1P6	1	ENSG00000229887	processed_transcript	Marmoset
HNRNPA1P6	1	ENSG00000229887	processed_transcript	Owl_monkey
HNRNPA1P63	1	ENSG00000227453	processed_pseudogene	Gibbon
HNRNPA1P8	7	ENSG00000229251	processed_pseudogene	Macaque_indian
HNRNPA3P1	10	ENSG00000226790	processed_pseudogene	Marmoset
HNRNPA3P1	10	ENSG00000226790	processed_pseudogene	Owl_monkey
HNRNPA3P12	1	ENSG00000219102	processed_pseudogene	Gibbon
HNRNPA3P3	X	ENSG00000214653	processed_pseudogene	Macaque_indian
HNRNPA3P3	X	ENSG00000214653	processed_pseudogene	Marmoset
HNRNPA3P3	X	ENSG00000214653	processed_pseudogene	Owl_monkey
HNRNPA3P4	6	ENSG00000226068	processed_pseudogene	Marmoset
HNRNPA3P4	6	ENSG00000226068	processed_pseudogene	Owl_monkey
HNRNPCP2	2	ENSG00000204253	processed_pseudogene	Bonobo
HNRNPCP2	2	ENSG00000204253	processed_pseudogene	Chimpanzee
HNRNPCP2	2	ENSG00000204253	processed_pseudogene	Gibbon
HNRNPCP2	2	ENSG00000204253	processed_pseudogene	Gorilla
HNRNPCP2	2	ENSG00000204253	processed_pseudogene	Macaque_indian
HNRNPCP2	2	ENSG00000204253	processed_pseudogene	Marmoset
HNRNPCP2	2	ENSG00000204253	processed_pseudogene	Orangutan
HNRNPCP2	2	ENSG00000204253	processed_pseudogene	Owl_monkey
HNRNPCP8	11	ENSG00000254748	processed_pseudogene	Owl_monkey
HNRNPH3P1	X	ENSG00000230247	processed_pseudogene	Macaque_indian
HNRNPKP2	2	ENSG00000227347	processed_pseudogene	Marmoset
HNRNPKP2	2	ENSG00000227347	processed_pseudogene	Owl_monkey
HNRNPLP1	6	ENSG00000233503	processed_pseudogene	Owl_monkey
HOXB6	17	ENSG00000108511	protein_coding	Gibbon
HPN-AS1	19	ENSG00000227392	lncRNA	Orangutan
HPYR1	8	ENSG00000253521	lncRNA	Macaque_indian
HRG	3	ENSG00000113905	protein_coding	Gibbon
HRH4	18	ENSG00000134489	protein_coding	Gibbon
HRNR	1	ENSG00000197915	protein_coding	Macaque_indian
HRNR	1	ENSG00000197915	protein_coding	Marmoset
HRNR	1	ENSG00000197915	protein_coding	Owl_monkey
HSD17B6	12	ENSG00000025423	protein_coding	Chimpanzee
HSD3BP4	1	ENSG00000203855	unprocessed_pseudogene	Macaque_indian
HSP90AA2P	11	ENSG00000224411	processed_pseudogene	Gibbon
HSP90AA2P	11	ENSG00000224411	processed_pseudogene	Macaque_indian
HSP90AA2P	11	ENSG00000224411	processed_pseudogene	Marmoset
HSP90AA2P	11	ENSG00000224411	processed_pseudogene	Orangutan
HSP90AA2P	11	ENSG00000224411	processed_pseudogene	Owl_monkey
HSP90AA5P	3	ENSG00000205955	transcribed_processed_pseudogene	Gibbon
HSP90B3P	1	ENSG00000203914	processed_pseudogene	Marmoset
HSP90B3P	1	ENSG00000203914	processed_pseudogene	Owl_monkey
HSPA4	5	ENSG00000170606	protein_coding	Macaque_indian
HSPA8P11	8	ENSG00000248159	processed_pseudogene	Owl_monkey
HSPA8P20	X	ENSG00000234564	processed_pseudogene	Macaque_indian
HSPA8P8	7	ENSG00000229091	processed_pseudogene	Macaque_indian
HSPA8P9	3	ENSG00000241478	processed_pseudogene	Marmoset
HSPA8P9	3	ENSG00000241478	processed_pseudogene	Owl_monkey
HSPA9P1	2	ENSG00000226666	processed_pseudogene	Marmoset
HSPA9P1	2	ENSG00000226666	processed_pseudogene	Owl_monkey
HSPD1P5	4	ENSG00000249193	processed_pseudogene	Marmoset
HSPD1P5	4	ENSG00000249193	processed_pseudogene	Owl_monkey
HSPD1P8	13	ENSG00000215357	processed_pseudogene	Bonobo
HSPD1P8	13	ENSG00000215357	processed_pseudogene	Chimpanzee
HSPD1P8	13	ENSG00000215357	processed_pseudogene	Gibbon
HSPD1P8	13	ENSG00000215357	processed_pseudogene	Gorilla
HSPD1P8	13	ENSG00000215357	processed_pseudogene	Macaque_indian
HSPD1P8	13	ENSG00000215357	processed_pseudogene	Marmoset
HSPD1P8	13	ENSG00000215357	processed_pseudogene	Orangutan
HSPD1P8	13	ENSG00000215357	processed_pseudogene	Owl_monkey
HSPE1P6	1	ENSG00000232917	processed_pseudogene	Owl_monkey
HSPE1P7	16	ENSG00000270945	processed_pseudogene	Macaque_indian
HTD2	3	ENSG00000255154	protein_coding	Marmoset
HTD2	3	ENSG00000255154	protein_coding	Owl_monkey
HTR3C	3	ENSG00000178084	protein_coding	Macaque_indian
HTR3C2P	3	ENSG00000233576	unprocessed_pseudogene	Gibbon
HTR3D	3	ENSG00000186090	protein_coding	Chimpanzee
HTR3D	3	ENSG00000186090	protein_coding	Gibbon
HTR3D	3	ENSG00000186090	protein_coding	Marmoset
HTR3D	3	ENSG00000186090	protein_coding	Owl_monkey
HTR3E	3	ENSG00000186038	protein_coding	Macaque_indian
HULC	6	ENSG00000285219	lncRNA	Gibbon
HULC	6	ENSG00000285219	lncRNA	Macaque_indian
HULC	6	ENSG00000285219	lncRNA	Marmoset
HULC	6	ENSG00000285219	lncRNA	Owl_monkey
HYAL1	3	ENSG00000114378	protein_coding	Owl_monkey
HYLS1	11	ENSG00000198331	protein_coding	Owl_monkey
ICAM1	19	ENSG00000090339	protein_coding	Owl_monkey
IDH2	15	ENSG00000182054	protein_coding	Owl_monkey
IDH2-DT	15	ENSG00000259685	lncRNA	Bonobo
IDH2-DT	15	ENSG00000259685	lncRNA	Chimpanzee
IDH2-DT	15	ENSG00000259685	lncRNA	Gibbon
IDS	X	ENSG00000010404	protein_coding	Macaque_indian
IFI16	1	ENSG00000163565	protein_coding	Owl_monkey
IFI27L1	14	ENSG00000165948	protein_coding	Macaque_indian
IFI44L	1	ENSG00000137959	protein_coding	Gibbon
IFIT1	10	ENSG00000185745	protein_coding	Marmoset
IFIT1	10	ENSG00000185745	protein_coding	Owl_monkey
IFIT1B	10	ENSG00000204010	protein_coding	Owl_monkey
IFIT2	10	ENSG00000119922	protein_coding	Owl_monkey
IFITM9P	11	ENSG00000213275	processed_pseudogene	Macaque_indian
IFNGR2	21	ENSG00000159128	protein_coding	Macaque_indian
IFNL3P1	19	ENSG00000268510	unprocessed_pseudogene	Orangutan
IFT122	3	ENSG00000163913	protein_coding	Marmoset
IFT52	20	ENSG00000101052	protein_coding	Owl_monkey
IFT74	9	ENSG00000096872	protein_coding	Marmoset
IFT74	9	ENSG00000096872	protein_coding	Owl_monkey
IGFL4	19	ENSG00000204869	protein_coding	Macaque_indian
IGFN1	1	ENSG00000163395	protein_coding	Owl_monkey
IGHGP	14	ENSG00000253755	IG_C_pseudogene	Gibbon
IGHV3-48	14	ENSG00000211964	IG_V_gene	Bonobo
IGHV3-48	14	ENSG00000211964	IG_V_gene	Chimpanzee
IGHV3-50	14	ENSG00000253241	IG_V_pseudogene	Gibbon
IGHV3-52	14	ENSG00000253545	IG_V_pseudogene	Gibbon
IGHV3-60	14	ENSG00000253742	IG_V_pseudogene	Bonobo
IGHV3-75	14	ENSG00000254176	IG_V_pseudogene	Bonobo
IGHV3-75	14	ENSG00000254176	IG_V_pseudogene	Chimpanzee
IGKV2-26	2	ENSG00000254098	IG_V_pseudogene	Gibbon
IGKV2-26	2	ENSG00000254098	IG_V_pseudogene	Macaque_indian
IGKV5-2	2	ENSG00000211599	IG_V_gene	Gibbon
IGLV3-12	22	ENSG00000211667	IG_V_gene	Bonobo
IGLV3-12	22	ENSG00000211667	IG_V_gene	Chimpanzee
IGLV4-69	22	ENSG00000211637	IG_V_gene	Macaque_indian
IGSF1	X	ENSG00000147255	protein_coding	Gibbon
IGSF1	X	ENSG00000147255	protein_coding	Macaque_indian
IGSF1	X	ENSG00000147255	protein_coding	Marmoset
IGSF1	X	ENSG00000147255	protein_coding	Owl_monkey
IL12A-AS1	3	ENSG00000244040	lncRNA	Macaque_indian
IL12A-AS1	3	ENSG00000244040	lncRNA	Marmoset
IL12A-AS1	3	ENSG00000244040	lncRNA	Owl_monkey
IL15	4	ENSG00000164136	protein_coding	Gibbon
IL16	15	ENSG00000172349	protein_coding	Marmoset
IL16	15	ENSG00000172349	protein_coding	Owl_monkey
IL32	16	ENSG00000008517	protein_coding	Macaque_indian
IL37	2	ENSG00000125571	protein_coding	Bonobo
IL37	2	ENSG00000125571	protein_coding	Chimpanzee
IL6R	1	ENSG00000160712	protein_coding	Bonobo
IMMP1L	11	ENSG00000148950	protein_coding	Marmoset
IMMP1L	11	ENSG00000148950	protein_coding	Owl_monkey
INCA1	17	ENSG00000196388	protein_coding	Marmoset
INCA1	17	ENSG00000196388	protein_coding	Owl_monkey
ING5	2	ENSG00000168395	protein_coding	Gorilla
ING5	2	ENSG00000168395	protein_coding	Macaque_indian
INHBA-AS1	7	ENSG00000224116	lncRNA	Orangutan
INHBA-AS1	7	ENSG00000224116	lncRNA	Owl_monkey
INTS10	8	ENSG00000104613	protein_coding	Marmoset
INTS10	8	ENSG00000104613	protein_coding	Owl_monkey
INTS4P1	7	ENSG00000164669	processed_transcript	Gorilla
INTS6-AS1	13	ENSG00000236778	lncRNA	Macaque_indian
INTS6-AS1	13	ENSG00000236778	lncRNA	Marmoset
INTS6-AS1	13	ENSG00000236778	lncRNA	Owl_monkey
INTS6P1	5	ENSG00000250492	processed_pseudogene	Marmoset
INTS6P1	5	ENSG00000250492	processed_pseudogene	Owl_monkey
IP6K2	3	ENSG00000068745	protein_coding	Marmoset
IPO11	5	ENSG00000086200	protein_coding	Marmoset
IPO11	5	ENSG00000086200	protein_coding	Owl_monkey
IQCF3	3	ENSG00000229972	protein_coding	Gibbon
IQCM	4	ENSG00000234828	processed_transcript	Macaque_indian
IQCM	4	ENSG00000234828	processed_transcript	Marmoset
IQCM	4	ENSG00000234828	processed_transcript	Owl_monkey
IQCN	19	ENSG00000130518	protein_coding	Gorilla
IQCN	19	ENSG00000130518	protein_coding	Marmoset
IQCN	19	ENSG00000130518	protein_coding	Owl_monkey
IQUB	7	ENSG00000164675	protein_coding	Gibbon
IQUB	7	ENSG00000164675	protein_coding	Macaque_indian
IQUB	7	ENSG00000164675	protein_coding	Marmoset
IQUB	7	ENSG00000164675	protein_coding	Orangutan
IQUB	7	ENSG00000164675	protein_coding	Owl_monkey
ISCA1P1	5	ENSG00000217416	processed_pseudogene	Macaque_indian
ISCA1P1	5	ENSG00000217416	processed_pseudogene	Marmoset
ISCA1P1	5	ENSG00000217416	processed_pseudogene	Owl_monkey
ISCA1P6	2	ENSG00000227653	processed_pseudogene	Macaque_indian
ISCA1P6	2	ENSG00000227653	processed_pseudogene	Marmoset
ISCA1P6	2	ENSG00000227653	processed_pseudogene	Owl_monkey
ISCU	12	ENSG00000136003	protein_coding	Gibbon
ISY1	3	ENSG00000240682	protein_coding	Macaque_indian
ITFG2	12	ENSG00000111203	protein_coding	Bonobo
ITFG2	12	ENSG00000111203	protein_coding	Chimpanzee
ITFG2	12	ENSG00000111203	protein_coding	Gibbon
ITFG2	12	ENSG00000111203	protein_coding	Gorilla
ITFG2	12	ENSG00000111203	protein_coding	Macaque_indian
ITFG2	12	ENSG00000111203	protein_coding	Marmoset
ITFG2	12	ENSG00000111203	protein_coding	Orangutan
ITFG2	12	ENSG00000111203	protein_coding	Owl_monkey
ITFG2-AS1	12	ENSG00000256150	lncRNA	Macaque_indian
ITGAD	16	ENSG00000156886	protein_coding	Marmoset
ITPRID1	7	ENSG00000180347	protein_coding	Marmoset
ITPRID1	7	ENSG00000180347	protein_coding	Owl_monkey
JAM2	21	ENSG00000154721	protein_coding	Marmoset
JAM2	21	ENSG00000154721	protein_coding	Owl_monkey
JPX	X	ENSG00000225470	lncRNA	Gibbon
JRKL-AS1	11	ENSG00000255679	lncRNA	Gibbon
KANTR	X	ENSG00000232593	processed_transcript	Marmoset
KANTR	X	ENSG00000232593	processed_transcript	Owl_monkey
KATNBL1P4	5	ENSG00000249270	processed_pseudogene	Marmoset
KATNBL1P4	5	ENSG00000249270	processed_pseudogene	Owl_monkey
KBTBD7	13	ENSG00000120696	protein_coding	Marmoset
KCMF1	2	ENSG00000176407	protein_coding	Gibbon
KCNE4	2	ENSG00000152049	processed_transcript	Macaque_indian
KCNE4	2	ENSG00000152049	processed_transcript	Marmoset
KCNE4	2	ENSG00000152049	processed_transcript	Owl_monkey
KCNK17	6	ENSG00000124780	protein_coding	Marmoset
KCNK17	6	ENSG00000124780	protein_coding	Owl_monkey
KCNMB2-AS1	3	ENSG00000237978	lncRNA	Macaque_indian
KCNRG	13	ENSG00000198553	protein_coding	Gibbon
KCNS3	2	ENSG00000170745	processed_transcript	Marmoset
KCNT1	9	ENSG00000107147	protein_coding	Orangutan
KCTD9P3	9	ENSG00000187988	processed_pseudogene	Owl_monkey
KCTD9P6	8	ENSG00000229211	processed_pseudogene	Owl_monkey
KDM5A	12	ENSG00000073614	protein_coding	Macaque_indian
KHDC1	6	ENSG00000135314	protein_coding	Orangutan
KIAA1210	X	ENSG00000250423	protein_coding	Marmoset
KIAA1210	X	ENSG00000250423	protein_coding	Owl_monkey
KIAA1257	3	ENSG00000114656	protein_coding	Marmoset
KIAA1257	3	ENSG00000114656	protein_coding	Owl_monkey
KIAA1586	6	ENSG00000168116	protein_coding	Marmoset
KIAA2026	9	ENSG00000183354	nonsense_mediated_decay	Marmoset
KIAA2026	9	ENSG00000183354	nonsense_mediated_decay	Owl_monkey
KIDINS220	2	ENSG00000134313	protein_coding	Marmoset
KIDINS220	2	ENSG00000134313	protein_coding	Owl_monkey
KIF19	17	ENSG00000196169	protein_coding	Gibbon
KIF1B	1	ENSG00000054523	protein_coding	Marmoset
KIF1B	1	ENSG00000054523	protein_coding	Owl_monkey
KIF20B	10	ENSG00000138182	protein_coding	Marmoset
KIF25	6	ENSG00000125337	protein_coding	Gibbon
KIF28P	1	ENSG00000223519	transcribed_unitary_pseudogene	Gibbon
KIF28P	1	ENSG00000223519	transcribed_unitary_pseudogene	Orangutan
KIFBP	10	ENSG00000198954	protein_coding	Macaque_indian
KIFC3	16	ENSG00000140859	protein_coding	Marmoset
KLF3-AS1	4	ENSG00000231160	lncRNA	Gibbon
KLF3-AS1	4	ENSG00000231160	lncRNA	Macaque_indian
KLF3-AS1	4	ENSG00000231160	lncRNA	Marmoset
KLF3-AS1	4	ENSG00000231160	lncRNA	Owl_monkey
KLF7P1	3	ENSG00000240704	processed_pseudogene	Macaque_indian
KLHDC8A	1	ENSG00000162873	protein_coding	Bonobo
KLHL17	1	ENSG00000187961	protein_coding	Macaque_indian
KLHL23	2	ENSG00000213160	protein_coding	Owl_monkey
KLHL2P1	4	ENSG00000250412	unprocessed_pseudogene	Gorilla
KLKP1	19	ENSG00000197588	processed_transcript	Gibbon
KLRC1	12	ENSG00000134545	protein_coding	Marmoset
KLRC2	12	ENSG00000205809	protein_coding	Gibbon
KLRC3	12	ENSG00000205810	protein_coding	Gorilla
KMT2D	12	ENSG00000167548	protein_coding	Marmoset
KMT2D	12	ENSG00000167548	protein_coding	Owl_monkey
KNL1	15	ENSG00000137812	protein_coding	Marmoset
KNL1	15	ENSG00000137812	protein_coding	Owl_monkey
KRBA1	7	ENSG00000133619	protein_coding	Marmoset
KRBA1	7	ENSG00000133619	protein_coding	Owl_monkey
KRT126P	12	ENSG00000257402	unprocessed_pseudogene	Marmoset
KRT126P	12	ENSG00000257402	unprocessed_pseudogene	Owl_monkey
KRT128P	12	ENSG00000258120	unprocessed_pseudogene	Macaque_indian
KRT18P16	5	ENSG00000235275	processed_pseudogene	Marmoset
KRT18P19	2	ENSG00000213601	processed_pseudogene	Marmoset
KRT18P19	2	ENSG00000213601	processed_pseudogene	Owl_monkey
KRT18P24	9	ENSG00000226234	processed_pseudogene	Marmoset
KRT18P24	9	ENSG00000226234	processed_pseudogene	Owl_monkey
KRT18P27	13	ENSG00000224419	processed_pseudogene	Marmoset
KRT18P27	13	ENSG00000224419	processed_pseudogene	Owl_monkey
KRT18P3	20	ENSG00000215553	processed_pseudogene	Owl_monkey
KRT18P32	1	ENSG00000215149	processed_pseudogene	Marmoset
KRT18P43	3	ENSG00000240128	processed_pseudogene	Gibbon
KRT18P51	4	ENSG00000250504	processed_pseudogene	Marmoset
KRT18P51	4	ENSG00000250504	processed_pseudogene	Owl_monkey
KRT18P8	18	ENSG00000264644	processed_pseudogene	Marmoset
KRT18P8	18	ENSG00000264644	processed_pseudogene	Owl_monkey
KRT19P4	10	ENSG00000234102	processed_pseudogene	Marmoset
KRT19P4	10	ENSG00000234102	processed_pseudogene	Owl_monkey
KRT43P	17	ENSG00000236473	unprocessed_pseudogene	Macaque_indian
KRT43P	17	ENSG00000236473	unprocessed_pseudogene	Marmoset
KRT43P	17	ENSG00000236473	unprocessed_pseudogene	Owl_monkey
KRT82	12	ENSG00000161850	protein_coding	Marmoset
KRT82	12	ENSG00000161850	protein_coding	Owl_monkey
KRT8P18	3	ENSG00000228767	processed_pseudogene	Marmoset
KRT8P18	3	ENSG00000228767	processed_pseudogene	Owl_monkey
KRT8P20	7	ENSG00000227404	processed_pseudogene	Marmoset
KRT8P20	7	ENSG00000227404	processed_pseudogene	Owl_monkey
KRT8P32	5	ENSG00000250221	processed_pseudogene	Marmoset
KRT8P32	5	ENSG00000250221	processed_pseudogene	Owl_monkey
KRT9	17	ENSG00000171403	protein_coding	Macaque_indian
KRT90P	12	ENSG00000257844	unprocessed_pseudogene	Macaque_indian
KRTAP1-1	17	ENSG00000188581	protein_coding	Marmoset
KRTAP1-5	17	ENSG00000221852	protein_coding	Marmoset
KRTAP12-4	21	ENSG00000212933	protein_coding	Owl_monkey
KRTAP19-6	21	ENSG00000186925	protein_coding	Bonobo
KRTAP19-6	21	ENSG00000186925	protein_coding	Chimpanzee
KRTAP20-2	21	ENSG00000184032	protein_coding	Owl_monkey
KRTAP25-1	21	ENSG00000232263	protein_coding	Marmoset
KRTAP25-1	21	ENSG00000232263	protein_coding	Owl_monkey
KRTAP4-6	17	ENSG00000198090	protein_coding	Owl_monkey
KRTAP6-3	21	ENSG00000212938	protein_coding	Macaque_indian
KRTAP9-2	17	ENSG00000239886	protein_coding	Macaque_indian
L1TD1	1	ENSG00000240563	protein_coding	Macaque_indian
LAIR1	19	ENSG00000167613	protein_coding	Gibbon
LAIR1	19	ENSG00000167613	protein_coding	Owl_monkey
LAMTOR5-AS1	1	ENSG00000224699	lncRNA	Marmoset
LAMTOR5-AS1	1	ENSG00000224699	lncRNA	Owl_monkey
LARP1B	4	ENSG00000138709	processed_transcript	Marmoset
LARP1B	4	ENSG00000138709	processed_transcript	Owl_monkey
LARP7P3	18	ENSG00000265698	processed_pseudogene	Gibbon
LARP7P4	3	ENSG00000244024	processed_pseudogene	Gibbon
LARS2	3	ENSG00000011376	protein_coding	Owl_monkey
LBX1-AS1	10	ENSG00000227128	lncRNA	Macaque_indian
LCA5L	21	ENSG00000157578	protein_coding	Gibbon
LCE2D	1	ENSG00000187223	protein_coding	Orangutan
LCE5A	1	ENSG00000186207	protein_coding	Bonobo
LCNL1	9	ENSG00000214402	protein_coding	Macaque_indian
LDHAP4	9	ENSG00000214110	transcribed_processed_pseudogene	Macaque_indian
LDHAP4	9	ENSG00000214110	transcribed_processed_pseudogene	Marmoset
LDHAP4	9	ENSG00000214110	transcribed_processed_pseudogene	Owl_monkey
LDHAP5	10	ENSG00000213574	processed_pseudogene	Macaque_indian
LDHB	12	ENSG00000111716	protein_coding	Marmoset
LDHB	12	ENSG00000111716	protein_coding	Owl_monkey
LEPR	1	ENSG00000116678	protein_coding	Macaque_indian
LGALS3	14	ENSG00000131981	protein_coding	Marmoset
LGALS3	14	ENSG00000131981	protein_coding	Owl_monkey
LGALS8	1	ENSG00000116977	protein_coding	Marmoset
LHFPL5	6	ENSG00000197753	protein_coding	Owl_monkey
LHFPL6	13	ENSG00000183722	nonsense_mediated_decay	Gibbon
LHFPL6	13	ENSG00000183722	nonsense_mediated_decay	Macaque_indian
LHFPL6	13	ENSG00000183722	nonsense_mediated_decay	Marmoset
LHFPL6	13	ENSG00000183722	nonsense_mediated_decay	Owl_monkey
LIMK1	7	ENSG00000106683	protein_coding	Owl_monkey
LIMK2	22	ENSG00000182541	protein_coding	Macaque_indian
LIMK2	22	ENSG00000182541	protein_coding	Marmoset
LIMK2	22	ENSG00000182541	protein_coding	Owl_monkey
LIN28A	1	ENSG00000131914	protein_coding	Marmoset
LIN28A	1	ENSG00000131914	protein_coding	Owl_monkey
LIN28B-AS1	6	ENSG00000203809	lncRNA	Marmoset
LIN28B-AS1	6	ENSG00000203809	lncRNA	Owl_monkey
LINC-ROR	18	ENSG00000258609	lncRNA	Macaque_indian
LINC-ROR	18	ENSG00000258609	lncRNA	Marmoset
LINC-ROR	18	ENSG00000258609	lncRNA	Owl_monkey
LINC00111	21	ENSG00000227702	lncRNA	Gibbon
LINC00111	21	ENSG00000227702	lncRNA	Marmoset
LINC00114	21	ENSG00000223806	lncRNA	Marmoset
LINC00158	21	ENSG00000185433	lncRNA	Marmoset
LINC00158	21	ENSG00000185433	lncRNA	Owl_monkey
LINC00211	2	ENSG00000237803	lncRNA	Marmoset
LINC00221	14	ENSG00000270816	lncRNA	Bonobo
LINC00221	14	ENSG00000270816	lncRNA	Chimpanzee
LINC00222	6	ENSG00000203801	lncRNA	Marmoset
LINC00229	22	ENSG00000234300	lncRNA	Owl_monkey
LINC00240	6	ENSG00000224843	lncRNA	Bonobo
LINC00240	6	ENSG00000224843	lncRNA	Chimpanzee
LINC00251	8	ENSG00000280725	lncRNA	Bonobo
LINC00251	8	ENSG00000280725	lncRNA	Chimpanzee
LINC00251	8	ENSG00000280725	lncRNA	Gibbon
LINC00251	8	ENSG00000280725	lncRNA	Gorilla
LINC00251	8	ENSG00000280725	lncRNA	Macaque_indian
LINC00251	8	ENSG00000280725	lncRNA	Marmoset
LINC00251	8	ENSG00000280725	lncRNA	Orangutan
LINC00251	8	ENSG00000280725	lncRNA	Owl_monkey
LINC00265	7	ENSG00000188185	lncRNA	Marmoset
LINC00265	7	ENSG00000188185	lncRNA	Owl_monkey
LINC00271	6	ENSG00000231028	lncRNA	Bonobo
LINC00271	6	ENSG00000231028	lncRNA	Chimpanzee
LINC00271	6	ENSG00000231028	lncRNA	Marmoset
LINC00271	6	ENSG00000231028	lncRNA	Owl_monkey
LINC00308	21	ENSG00000184856	lncRNA	Bonobo
LINC00308	21	ENSG00000184856	lncRNA	Chimpanzee
LINC00308	21	ENSG00000184856	lncRNA	Marmoset
LINC00308	21	ENSG00000184856	lncRNA	Owl_monkey
LINC00313	21	ENSG00000185186	lncRNA	Orangutan
LINC00315	21	ENSG00000184274	lncRNA	Orangutan
LINC00315	21	ENSG00000184274	lncRNA	Owl_monkey
LINC00317	21	ENSG00000238265	lncRNA	Owl_monkey
LINC00320	21	ENSG00000224924	lncRNA	Gibbon
LINC00320	21	ENSG00000224924	lncRNA	Macaque_indian
LINC00320	21	ENSG00000224924	lncRNA	Marmoset
LINC00320	21	ENSG00000224924	lncRNA	Owl_monkey
LINC00327	13	ENSG00000232977	lncRNA	Macaque_indian
LINC00333	13	ENSG00000233349	lncRNA	Marmoset
LINC00333	13	ENSG00000233349	lncRNA	Owl_monkey
LINC00343	13	ENSG00000226620	lncRNA	Macaque_indian
LINC00343	13	ENSG00000226620	lncRNA	Owl_monkey
LINC00348	13	ENSG00000226846	lncRNA	Marmoset
LINC00348	13	ENSG00000226846	lncRNA	Owl_monkey
LINC00352	13	ENSG00000227893	lncRNA	Marmoset
LINC00352	13	ENSG00000227893	lncRNA	Owl_monkey
LINC00353	13	ENSG00000236176	lncRNA	Owl_monkey
LINC00355	13	ENSG00000227674	lncRNA	Macaque_indian
LINC00364	13	ENSG00000230040	lncRNA	Gibbon
LINC00368	13	ENSG00000225870	lncRNA	Marmoset
LINC00376	13	ENSG00000227564	lncRNA	Gibbon
LINC00376	13	ENSG00000227564	lncRNA	Orangutan
LINC00378	13	ENSG00000225249	lncRNA	Marmoset
LINC00378	13	ENSG00000225249	lncRNA	Owl_monkey
LINC00379	13	ENSG00000229557	lncRNA	Gibbon
LINC00381	13	ENSG00000226240	lncRNA	Marmoset
LINC00381	13	ENSG00000226240	lncRNA	Owl_monkey
LINC00392	13	ENSG00000228295	lncRNA	Bonobo
LINC00392	13	ENSG00000228295	lncRNA	Chimpanzee
LINC00392	13	ENSG00000228295	lncRNA	Gibbon
LINC00392	13	ENSG00000228295	lncRNA	Gorilla
LINC00392	13	ENSG00000228295	lncRNA	Macaque_indian
LINC00392	13	ENSG00000228295	lncRNA	Marmoset
LINC00392	13	ENSG00000228295	lncRNA	Orangutan
LINC00392	13	ENSG00000228295	lncRNA	Owl_monkey
LINC00393	13	ENSG00000224853	lncRNA	Marmoset
LINC00393	13	ENSG00000224853	lncRNA	Orangutan
LINC00393	13	ENSG00000224853	lncRNA	Owl_monkey
LINC00395	13	ENSG00000231061	lncRNA	Bonobo
LINC00395	13	ENSG00000231061	lncRNA	Macaque_indian
LINC00395	13	ENSG00000231061	lncRNA	Marmoset
LINC00395	13	ENSG00000231061	lncRNA	Owl_monkey
LINC00397	13	ENSG00000223404	lncRNA	Orangutan
LINC00410	13	ENSG00000231674	lncRNA	Gibbon
LINC00410	13	ENSG00000231674	lncRNA	Macaque_indian
LINC00426	13	ENSG00000238121	lncRNA	Owl_monkey
LINC00431	13	ENSG00000225760	processed_transcript	Chimpanzee
LINC00431	13	ENSG00000225760	processed_transcript	Gibbon
LINC00431	13	ENSG00000225760	processed_transcript	Marmoset
LINC00431	13	ENSG00000225760	processed_transcript	Owl_monkey
LINC00433	13	ENSG00000229443	lncRNA	Marmoset
LINC00433	13	ENSG00000229443	lncRNA	Owl_monkey
LINC00440	13	ENSG00000234660	lncRNA	Owl_monkey
LINC00448	13	ENSG00000228669	lncRNA	Gibbon
LINC00457	13	ENSG00000225179	lncRNA	Macaque_indian
LINC00458	13	ENSG00000234787	lncRNA	Macaque_indian
LINC00458	13	ENSG00000234787	lncRNA	Marmoset
LINC00458	13	ENSG00000234787	lncRNA	Owl_monkey
LINC00466	1	ENSG00000224209	lncRNA	Gorilla
LINC00467	1	ENSG00000153363	lncRNA	Gorilla
LINC00470	18	ENSG00000132204	lncRNA	Macaque_indian
LINC00472	6	ENSG00000233237	lncRNA	Marmoset
LINC00472	6	ENSG00000233237	lncRNA	Owl_monkey
LINC00476	9	ENSG00000175611	lncRNA	Marmoset
LINC00476	9	ENSG00000175611	lncRNA	Owl_monkey
LINC00491	5	ENSG00000250682	lncRNA	Gibbon
LINC00491	5	ENSG00000250682	lncRNA	Macaque_indian
LINC00491	5	ENSG00000250682	lncRNA	Marmoset
LINC00491	5	ENSG00000250682	lncRNA	Orangutan
LINC00491	5	ENSG00000250682	lncRNA	Owl_monkey
LINC00494	20	ENSG00000235621	lncRNA	Marmoset
LINC00499	4	ENSG00000251372	lncRNA	Owl_monkey
LINC00504	4	ENSG00000248360	lncRNA	Gibbon
LINC00504	4	ENSG00000248360	lncRNA	Macaque_indian
LINC00504	4	ENSG00000248360	lncRNA	Marmoset
LINC00504	4	ENSG00000248360	lncRNA	Orangutan
LINC00504	4	ENSG00000248360	lncRNA	Owl_monkey
LINC00507	12	ENSG00000256193	lncRNA	Marmoset
LINC00507	12	ENSG00000256193	lncRNA	Owl_monkey
LINC00511	17	ENSG00000227036	lncRNA	Marmoset
LINC00511	17	ENSG00000227036	lncRNA	Owl_monkey
LINC00514	16	ENSG00000262152	protein_coding	Owl_monkey
LINC00534	8	ENSG00000253394	lncRNA	Bonobo
LINC00534	8	ENSG00000253394	lncRNA	Marmoset
LINC00534	8	ENSG00000253394	lncRNA	Owl_monkey
LINC00535	8	ENSG00000246662	lncRNA	Macaque_indian
LINC00536	8	ENSG00000249917	lncRNA	Macaque_indian
LINC00544	13	ENSG00000122043	lncRNA	Gibbon
LINC00550	13	ENSG00000281778	lncRNA	Gibbon
LINC00551	13	ENSG00000272274	lncRNA	Chimpanzee
LINC00551	13	ENSG00000272274	lncRNA	Macaque_indian
LINC00552	13	ENSG00000279770	TEC	Macaque_indian
LINC00558	13	ENSG00000261517	lncRNA	Marmoset
LINC00558	13	ENSG00000261517	lncRNA	Owl_monkey
LINC00570	2	ENSG00000224177	lncRNA	Owl_monkey
LINC00578	3	ENSG00000228221	lncRNA	Owl_monkey
LINC00595	10	ENSG00000230417	lncRNA	Marmoset
LINC00598	13	ENSG00000215483	lncRNA	Gibbon
LINC00598	13	ENSG00000215483	lncRNA	Macaque_indian
LINC00598	13	ENSG00000215483	lncRNA	Marmoset
LINC00598	13	ENSG00000215483	lncRNA	Owl_monkey
LINC00603	5	ENSG00000250048	lncRNA	Macaque_indian
LINC00604	5	ENSG00000250585	lncRNA	Macaque_indian
LINC00604	5	ENSG00000250585	lncRNA	Marmoset
LINC00604	5	ENSG00000250585	lncRNA	Owl_monkey
LINC00607	2	ENSG00000235770	lncRNA	Marmoset
LINC00607	2	ENSG00000235770	lncRNA	Owl_monkey
LINC00616	4	ENSG00000248307	lncRNA	Marmoset
LINC00616	4	ENSG00000248307	lncRNA	Owl_monkey
LINC00624	1	ENSG00000278811	lncRNA	Marmoset
LINC00626	1	ENSG00000225826	lncRNA	Marmoset
LINC00626	1	ENSG00000225826	lncRNA	Owl_monkey
LINC00630	X	ENSG00000223546	lncRNA	Gibbon
LINC00630	X	ENSG00000223546	lncRNA	Owl_monkey
LINC00632	X	ENSG00000203930	lncRNA	Gibbon
LINC00632	X	ENSG00000203930	lncRNA	Marmoset
LINC00632	X	ENSG00000203930	lncRNA	Owl_monkey
LINC00635	3	ENSG00000241469	lncRNA	Owl_monkey
LINC00639	14	ENSG00000259070	lncRNA	Gibbon
LINC00639	14	ENSG00000259070	lncRNA	Macaque_indian
LINC00639	14	ENSG00000259070	lncRNA	Owl_monkey
LINC00640	14	ENSG00000258479	lncRNA	Orangutan
LINC00645	14	ENSG00000258548	lncRNA	Owl_monkey
LINC00648	14	ENSG00000259129	lncRNA	Gibbon
LINC00648	14	ENSG00000259129	lncRNA	Macaque_indian
LINC00648	14	ENSG00000259129	lncRNA	Marmoset
LINC00648	14	ENSG00000259129	lncRNA	Orangutan
LINC00648	14	ENSG00000259129	lncRNA	Owl_monkey
LINC00652	20	ENSG00000179935	lncRNA	Owl_monkey
LINC00654	20	ENSG00000205181	lncRNA	Bonobo
LINC00654	20	ENSG00000205181	lncRNA	Chimpanzee
LINC00658	20	ENSG00000226995	lncRNA	Macaque_indian
LINC00659	20	ENSG00000228705	lncRNA	Gorilla
LINC00662	19	ENSG00000261824	lncRNA	Orangutan
LINC00665	19	ENSG00000232677	lncRNA	Bonobo
LINC00665	19	ENSG00000232677	lncRNA	Chimpanzee
LINC00671	17	ENSG00000213373	lncRNA	Bonobo
LINC00671	17	ENSG00000213373	lncRNA	Chimpanzee
LINC00674	17	ENSG00000237854	processed_transcript	Macaque_indian
LINC00678	11	ENSG00000254934	lncRNA	Gibbon
LINC00678	11	ENSG00000254934	lncRNA	Macaque_indian
LINC00678	11	ENSG00000254934	lncRNA	Marmoset
LINC00678	11	ENSG00000254934	lncRNA	Orangutan
LINC00678	11	ENSG00000254934	lncRNA	Owl_monkey
LINC00683	18	ENSG00000266256	lncRNA	Macaque_indian
LINC00690	3	ENSG00000233570	lncRNA	Marmoset
LINC00690	3	ENSG00000233570	lncRNA	Owl_monkey
LINC00698	3	ENSG00000244342	lncRNA	Marmoset
LINC00698	3	ENSG00000244342	lncRNA	Owl_monkey
LINC00700	10	ENSG00000234962	lncRNA	Bonobo
LINC00700	10	ENSG00000234962	lncRNA	Chimpanzee
LINC00700	10	ENSG00000234962	lncRNA	Marmoset
LINC00706	10	ENSG00000281186	lncRNA	Gibbon
LINC00707	10	ENSG00000238266	lncRNA	Marmoset
LINC00707	10	ENSG00000238266	lncRNA	Owl_monkey
LINC00708	10	ENSG00000232170	lncRNA	Marmoset
LINC00708	10	ENSG00000232170	lncRNA	Owl_monkey
LINC00824	8	ENSG00000254275	lncRNA	Marmoset
LINC00824	8	ENSG00000254275	lncRNA	Owl_monkey
LINC00836	10	ENSG00000280809	lncRNA	Macaque_indian
LINC00836	10	ENSG00000280809	lncRNA	Marmoset
LINC00836	10	ENSG00000280809	lncRNA	Owl_monkey
LINC00847	5	ENSG00000245060	lncRNA	Owl_monkey
LINC00850	X	ENSG00000280752	lncRNA	Macaque_indian
LINC00858	10	ENSG00000229404	lncRNA	Gibbon
LINC00858	10	ENSG00000229404	lncRNA	Macaque_indian
LINC00858	10	ENSG00000229404	lncRNA	Marmoset
LINC00858	10	ENSG00000229404	lncRNA	Orangutan
LINC00858	10	ENSG00000229404	lncRNA	Owl_monkey
LINC00861	8	ENSG00000245164	lncRNA	Marmoset
LINC00861	8	ENSG00000245164	lncRNA	Owl_monkey
LINC00862	1	ENSG00000203721	lncRNA	Marmoset
LINC00865	10	ENSG00000232229	lncRNA	Gibbon
LINC00866	10	ENSG00000227356	lncRNA	Owl_monkey
LINC00868	17	ENSG00000267535	lncRNA	Macaque_indian
LINC00871	14	ENSG00000258700	lncRNA	Owl_monkey
LINC00879	3	ENSG00000239589	lncRNA	Macaque_indian
LINC00882	3	ENSG00000242759	lncRNA	Gibbon
LINC00882	3	ENSG00000242759	lncRNA	Macaque_indian
LINC00882	3	ENSG00000242759	lncRNA	Marmoset
LINC00882	3	ENSG00000242759	lncRNA	Owl_monkey
LINC00894	X	ENSG00000235703	lncRNA	Marmoset
LINC00905	19	ENSG00000167459	lncRNA	Macaque_indian
LINC00907	18	ENSG00000267586	lncRNA	Macaque_indian
LINC00907	18	ENSG00000267586	lncRNA	Marmoset
LINC00907	18	ENSG00000267586	lncRNA	Owl_monkey
LINC00910	17	ENSG00000188825	lncRNA	Macaque_indian
LINC00910	17	ENSG00000188825	lncRNA	Owl_monkey
LINC00917	16	ENSG00000168367	lncRNA	Gibbon
LINC00922	16	ENSG00000261742	lncRNA	Marmoset
LINC00922	16	ENSG00000261742	lncRNA	Owl_monkey
LINC00923	15	ENSG00000251209	lncRNA	Macaque_indian
LINC00923	15	ENSG00000251209	lncRNA	Marmoset
LINC00923	15	ENSG00000251209	lncRNA	Owl_monkey
LINC00924	15	ENSG00000259134	lncRNA	Owl_monkey
LINC00927	15	ENSG00000259361	lncRNA	Macaque_indian
LINC00927	15	ENSG00000259361	lncRNA	Orangutan
LINC00929	15	ENSG00000259150	lncRNA	Macaque_indian
LINC00930	15	ENSG00000258647	lncRNA	Owl_monkey
LINC00939	12	ENSG00000249267	lncRNA	Macaque_indian
LINC00939	12	ENSG00000249267	lncRNA	Marmoset
LINC00939	12	ENSG00000249267	lncRNA	Owl_monkey
LINC00944	12	ENSG00000256128	lncRNA	Macaque_indian
LINC00958	11	ENSG00000251381	lncRNA	Macaque_indian
LINC00964	8	ENSG00000249816	lncRNA	Marmoset
LINC00964	8	ENSG00000249816	lncRNA	Owl_monkey
LINC00968	8	ENSG00000246430	lncRNA	Marmoset
LINC00968	8	ENSG00000246430	lncRNA	Owl_monkey
LINC00970	1	ENSG00000203601	lncRNA	Marmoset
LINC00970	1	ENSG00000203601	lncRNA	Owl_monkey
LINC00971	3	ENSG00000242641	lncRNA	Marmoset
LINC00971	3	ENSG00000242641	lncRNA	Owl_monkey
LINC00972	7	ENSG00000225128	lncRNA	Marmoset
LINC00972	7	ENSG00000225128	lncRNA	Orangutan
LINC00972	7	ENSG00000225128	lncRNA	Owl_monkey
LINC00989	4	ENSG00000250334	lncRNA	Marmoset
LINC00989	4	ENSG00000250334	lncRNA	Owl_monkey
LINC01004	7	ENSG00000228393	lncRNA	Marmoset
LINC01004	7	ENSG00000228393	lncRNA	Owl_monkey
LINC01005	7	ENSG00000228564	lncRNA	Gibbon
LINC01017	5	ENSG00000250716	lncRNA	Marmoset
LINC01017	5	ENSG00000250716	lncRNA	Owl_monkey
LINC01030	8	ENSG00000253799	lncRNA	Macaque_indian
LINC01030	8	ENSG00000253799	lncRNA	Marmoset
LINC01030	8	ENSG00000253799	lncRNA	Owl_monkey
LINC01031	1	ENSG00000232077	lncRNA	Gibbon
LINC01035	1	ENSG00000226486	lncRNA	Bonobo
LINC01035	1	ENSG00000226486	lncRNA	Chimpanzee
LINC01035	1	ENSG00000226486	lncRNA	Owl_monkey
LINC01047	13	ENSG00000232225	lncRNA	Marmoset
LINC01047	13	ENSG00000232225	lncRNA	Owl_monkey
LINC01050	13	ENSG00000271216	lncRNA	Marmoset
LINC01050	13	ENSG00000271216	lncRNA	Owl_monkey
LINC01052	13	ENSG00000234767	lncRNA	Gibbon
LINC01060	4	ENSG00000249378	lncRNA	Macaque_indian
LINC01065	13	ENSG00000237092	lncRNA	Owl_monkey
LINC01068	13	ENSG00000227676	lncRNA	Marmoset
LINC01068	13	ENSG00000227676	lncRNA	Owl_monkey
LINC01070	13	ENSG00000260102	lncRNA	Marmoset
LINC01088	4	ENSG00000249307	lncRNA	Macaque_indian
LINC01088	4	ENSG00000249307	lncRNA	Marmoset
LINC01088	4	ENSG00000249307	lncRNA	Owl_monkey
LINC01090	2	ENSG00000231689	lncRNA	Marmoset
LINC01091	4	ENSG00000249464	lncRNA	Owl_monkey
LINC01099	4	ENSG00000251504	lncRNA	Gibbon
LINC01099	4	ENSG00000251504	lncRNA	Marmoset
LINC01099	4	ENSG00000251504	lncRNA	Owl_monkey
LINC01115	2	ENSG00000237667	lncRNA	Gorilla
LINC01118	2	ENSG00000222005	lncRNA	Marmoset
LINC01120	2	ENSG00000223631	lncRNA	Orangutan
LINC01122	2	ENSG00000233723	lncRNA	Macaque_indian
LINC01122	2	ENSG00000233723	lncRNA	Marmoset
LINC01122	2	ENSG00000233723	lncRNA	Owl_monkey
LINC01127	2	ENSG00000281162	lncRNA	Macaque_indian
LINC01128	1	ENSG00000228794	lncRNA	Orangutan
LINC01133	1	ENSG00000224259	lncRNA	Marmoset
LINC01133	1	ENSG00000224259	lncRNA	Owl_monkey
LINC01146	14	ENSG00000258867	lncRNA	Macaque_indian
LINC01146	14	ENSG00000258867	lncRNA	Marmoset
LINC01146	14	ENSG00000258867	lncRNA	Owl_monkey
LINC01152	17	ENSG00000256124	lncRNA	Marmoset
LINC01152	17	ENSG00000256124	lncRNA	Owl_monkey
LINC01170	5	ENSG00000253807	lncRNA	Macaque_indian
LINC01170	5	ENSG00000253807	lncRNA	Marmoset
LINC01170	5	ENSG00000253807	lncRNA	Owl_monkey
LINC01177	16	ENSG00000261397	lncRNA	Marmoset
LINC01177	16	ENSG00000261397	lncRNA	Owl_monkey
LINC01180	17	ENSG00000266979	lncRNA	Owl_monkey
LINC01181	8	ENSG00000250929	lncRNA	Owl_monkey
LINC01184	5	ENSG00000245937	lncRNA	Marmoset
LINC01185	2	ENSG00000228414	lncRNA	Macaque_indian
LINC01192	3	ENSG00000241369	lncRNA	Gibbon
LINC01192	3	ENSG00000241369	lncRNA	Macaque_indian
LINC01194	5	ENSG00000248131	lncRNA	Bonobo
LINC01194	5	ENSG00000248131	lncRNA	Chimpanzee
LINC01198	13	ENSG00000231817	lncRNA	Marmoset
LINC01198	13	ENSG00000231817	lncRNA	Owl_monkey
LINC01204	X	ENSG00000229563	lncRNA	Marmoset
LINC01204	X	ENSG00000229563	lncRNA	Owl_monkey
LINC01205	3	ENSG00000228980	lncRNA	Marmoset
LINC01205	3	ENSG00000228980	lncRNA	Owl_monkey
LINC01206	3	ENSG00000242512	lncRNA	Macaque_indian
LINC01208	3	ENSG00000223715	lncRNA	Gibbon
LINC01208	3	ENSG00000223715	lncRNA	Marmoset
LINC01208	3	ENSG00000223715	lncRNA	Owl_monkey
LINC01209	3	ENSG00000228308	lncRNA	Gibbon
LINC01209	3	ENSG00000228308	lncRNA	Macaque_indian
LINC01209	3	ENSG00000228308	lncRNA	Marmoset
LINC01209	3	ENSG00000228308	lncRNA	Owl_monkey
LINC01218	4	ENSG00000251636	lncRNA	Marmoset
LINC01222	1	ENSG00000233410	lncRNA	Gorilla
LINC01224	19	ENSG00000269416	lncRNA	Gibbon
LINC01226	1	ENSG00000284543	lncRNA	Macaque_indian
LINC01228	16	ENSG00000261082	lncRNA	Gorilla
LINC01229	16	ENSG00000260876	lncRNA	Bonobo
LINC01229	16	ENSG00000260876	lncRNA	Chimpanzee
LINC01229	16	ENSG00000260876	lncRNA	Gibbon
LINC01229	16	ENSG00000260876	lncRNA	Gorilla
LINC01229	16	ENSG00000260876	lncRNA	Macaque_indian
LINC01229	16	ENSG00000260876	lncRNA	Marmoset
LINC01229	16	ENSG00000260876	lncRNA	Orangutan
LINC01229	16	ENSG00000260876	lncRNA	Owl_monkey
LINC01231	9	ENSG00000236511	lncRNA	Owl_monkey
LINC01234	12	ENSG00000249550	lncRNA	Macaque_indian
LINC01234	12	ENSG00000249550	lncRNA	Owl_monkey
LINC01235	9	ENSG00000270547	lncRNA	Marmoset
LINC01235	9	ENSG00000270547	lncRNA	Owl_monkey
LINC01239	9	ENSG00000234840	retained_intron	Gibbon
LINC01239	9	ENSG00000234840	retained_intron	Marmoset
LINC01239	9	ENSG00000234840	retained_intron	Owl_monkey
LINC01247	2	ENSG00000227007	lncRNA	Gibbon
LINC01248	2	ENSG00000224128	lncRNA	Gibbon
LINC01252	12	ENSG00000247157	lncRNA	Marmoset
LINC01255	18	ENSG00000267252	lncRNA	Owl_monkey
LINC01266	3	ENSG00000224957	lncRNA	Marmoset
LINC01266	3	ENSG00000224957	lncRNA	Owl_monkey
LINC01267	3	ENSG00000251576	lncRNA	Gorilla
LINC01269	14	ENSG00000258689	lncRNA	Gorilla
LINC01273	20	ENSG00000231742	lncRNA	Marmoset
LINC01278	X	ENSG00000235437	lncRNA	Macaque_indian
LINC01278	X	ENSG00000235437	lncRNA	Marmoset
LINC01278	X	ENSG00000235437	lncRNA	Owl_monkey
LINC01280	2	ENSG00000224391	lncRNA	Marmoset
LINC01280	2	ENSG00000224391	lncRNA	Owl_monkey
LINC01282	X	ENSG00000236747	lncRNA	Macaque_indian
LINC01285	X	ENSG00000203650	lncRNA	Gorilla
LINC01285	X	ENSG00000203650	lncRNA	Marmoset
LINC01287	7	ENSG00000234722	lncRNA	Marmoset
LINC01287	7	ENSG00000234722	lncRNA	Owl_monkey
LINC01293	2	ENSG00000230836	lncRNA	Macaque_indian
LINC01299	8	ENSG00000254081	lncRNA	Marmoset
LINC01299	8	ENSG00000254081	lncRNA	Owl_monkey
LINC01300	8	ENSG00000253595	lncRNA	Gibbon
LINC01301	8	ENSG00000251396	lncRNA	Macaque_indian
LINC01301	8	ENSG00000251396	lncRNA	Marmoset
LINC01301	8	ENSG00000251396	lncRNA	Owl_monkey
LINC01304	2	ENSG00000237401	lncRNA	Marmoset
LINC01310	22	ENSG00000205632	lncRNA	Macaque_indian
LINC01320	2	ENSG00000228262	lncRNA	Bonobo
LINC01320	2	ENSG00000228262	lncRNA	Macaque_indian
LINC01320	2	ENSG00000228262	lncRNA	Marmoset
LINC01320	2	ENSG00000228262	lncRNA	Owl_monkey
LINC01322	3	ENSG00000244128	lncRNA	Gibbon
LINC01322	3	ENSG00000244128	lncRNA	Macaque_indian
LINC01322	3	ENSG00000244128	lncRNA	Marmoset
LINC01322	3	ENSG00000244128	lncRNA	Orangutan
LINC01322	3	ENSG00000244128	lncRNA	Owl_monkey
LINC01323	3	ENSG00000241636	lncRNA	Macaque_indian
LINC01324	3	ENSG00000241767	lncRNA	Macaque_indian
LINC01327	3	ENSG00000241669	lncRNA	Marmoset
LINC01327	3	ENSG00000241669	lncRNA	Owl_monkey
LINC01333	5	ENSG00000249343	lncRNA	Marmoset
LINC01333	5	ENSG00000249343	lncRNA	Owl_monkey
LINC01340	5	ENSG00000250331	lncRNA	Macaque_indian
LINC01344	1	ENSG00000228918	lncRNA	Gorilla
LINC01344	1	ENSG00000228918	lncRNA	Owl_monkey
LINC01350	1	ENSG00000228309	lncRNA	Bonobo
LINC01350	1	ENSG00000228309	lncRNA	Chimpanzee
LINC01354	1	ENSG00000231768	lncRNA	Macaque_indian
LINC01358	1	ENSG00000237352	lncRNA	Gibbon
LINC01358	1	ENSG00000237352	lncRNA	Marmoset
LINC01358	1	ENSG00000237352	lncRNA	Owl_monkey
LINC01364	1	ENSG00000227290	lncRNA	Gibbon
LINC01378	4	ENSG00000236922	lncRNA	Marmoset
LINC01378	4	ENSG00000236922	lncRNA	Owl_monkey
LINC01386	5	ENSG00000251324	lncRNA	Gorilla
LINC01387	18	ENSG00000265944	lncRNA	Marmoset
LINC01393	7	ENSG00000225535	lncRNA	Gibbon
LINC01393	7	ENSG00000225535	lncRNA	Macaque_indian
LINC01393	7	ENSG00000225535	lncRNA	Marmoset
LINC01393	7	ENSG00000225535	lncRNA	Orangutan
LINC01393	7	ENSG00000225535	lncRNA	Owl_monkey
LINC01399	22	ENSG00000233080	processed_transcript	Gibbon
LINC01411	5	ENSG00000249306	lncRNA	Bonobo
LINC01411	5	ENSG00000249306	lncRNA	Chimpanzee
LINC01414	8	ENSG00000253554	lncRNA	Gibbon
LINC01414	8	ENSG00000253554	lncRNA	Macaque_indian
LINC01414	8	ENSG00000253554	lncRNA	Marmoset
LINC01414	8	ENSG00000253554	lncRNA	Orangutan
LINC01414	8	ENSG00000253554	lncRNA	Owl_monkey
LINC01422	22	ENSG00000223704	lncRNA	Macaque_indian
LINC01426	21	ENSG00000234380	lncRNA	Marmoset
LINC01426	21	ENSG00000234380	lncRNA	Owl_monkey
LINC01432	20	ENSG00000234435	lncRNA	Marmoset
LINC01432	20	ENSG00000234435	lncRNA	Owl_monkey
LINC01435	10	ENSG00000229981	lncRNA	Macaque_indian
LINC01435	10	ENSG00000229981	lncRNA	Marmoset
LINC01444	18	ENSG00000264301	lncRNA	Marmoset
LINC01445	7	ENSG00000231427	lncRNA	Macaque_indian
LINC01445	7	ENSG00000231427	lncRNA	Marmoset
LINC01445	7	ENSG00000231427	lncRNA	Owl_monkey
LINC01446	7	ENSG00000205628	lncRNA	Gibbon
LINC01446	7	ENSG00000205628	lncRNA	Marmoset
LINC01447	7	ENSG00000236078	lncRNA	Macaque_indian
LINC01448	7	ENSG00000238284	lncRNA	Gibbon
LINC01448	7	ENSG00000238284	lncRNA	Marmoset
LINC01449	7	ENSG00000224017	lncRNA	Macaque_indian
LINC01456	X	ENSG00000225882	lncRNA	Gibbon
LINC01456	X	ENSG00000225882	lncRNA	Macaque_indian
LINC01456	X	ENSG00000225882	lncRNA	Marmoset
LINC01456	X	ENSG00000225882	lncRNA	Orangutan
LINC01456	X	ENSG00000225882	lncRNA	Owl_monkey
LINC01470	5	ENSG00000249484	lncRNA	Marmoset
LINC01470	5	ENSG00000249484	lncRNA	Owl_monkey
LINC01473	2	ENSG00000237877	lncRNA	Gibbon
LINC01473	2	ENSG00000237877	lncRNA	Gorilla
LINC01473	2	ENSG00000237877	lncRNA	Macaque_indian
LINC01473	2	ENSG00000237877	lncRNA	Marmoset
LINC01473	2	ENSG00000237877	lncRNA	Owl_monkey
LINC01474	9	ENSG00000236849	lncRNA	Owl_monkey
LINC01476	17	ENSG00000265313	lncRNA	Marmoset
LINC01476	17	ENSG00000265313	lncRNA	Owl_monkey
LINC01478	18	ENSG00000267337	lncRNA	Gorilla
LINC01482	17	ENSG00000267659	lncRNA	Owl_monkey
LINC01485	5	ENSG00000254211	lncRNA	Marmoset
LINC01485	5	ENSG00000254211	lncRNA	Owl_monkey
LINC01487	3	ENSG00000241336	lncRNA	Orangutan
LINC01491	15	ENSG00000259572	lncRNA	Marmoset
LINC01493	11	ENSG00000254562	lncRNA	Owl_monkey
LINC01497	17	ENSG00000237560	lncRNA	Owl_monkey
LINC01498	12	ENSG00000247213	lncRNA	Marmoset
LINC01498	12	ENSG00000247213	lncRNA	Owl_monkey
LINC01499	11	ENSG00000255171	lncRNA	Macaque_indian
LINC01499	11	ENSG00000255171	lncRNA	Marmoset
LINC01499	11	ENSG00000255171	lncRNA	Owl_monkey
LINC01500	14	ENSG00000258583	lncRNA	Marmoset
LINC01500	14	ENSG00000258583	lncRNA	Owl_monkey
LINC01501	9	ENSG00000229613	lncRNA	Macaque_indian
LINC01501	9	ENSG00000229613	lncRNA	Orangutan
LINC01505	9	ENSG00000234323	lncRNA	Gorilla
LINC01505	9	ENSG00000234323	lncRNA	Macaque_indian
LINC01505	9	ENSG00000234323	lncRNA	Marmoset
LINC01505	9	ENSG00000234323	lncRNA	Owl_monkey
LINC01507	9	ENSG00000230945	lncRNA	Gibbon
LINC01508	9	ENSG00000231107	lncRNA	Bonobo
LINC01508	9	ENSG00000231107	lncRNA	Marmoset
LINC01508	9	ENSG00000231107	lncRNA	Owl_monkey
LINC01509	9	ENSG00000226825	lncRNA	Owl_monkey
LINC01515	10	ENSG00000228065	lncRNA	Gibbon
LINC01515	10	ENSG00000228065	lncRNA	Macaque_indian
LINC01515	10	ENSG00000228065	lncRNA	Marmoset
LINC01515	10	ENSG00000228065	lncRNA	Owl_monkey
LINC01517	10	ENSG00000232624	lncRNA	Bonobo
LINC01517	10	ENSG00000232624	lncRNA	Chimpanzee
LINC01517	10	ENSG00000232624	lncRNA	Marmoset
LINC01517	10	ENSG00000232624	lncRNA	Owl_monkey
LINC01520	10	ENSG00000230962	lncRNA	Macaque_indian
LINC01522	20	ENSG00000237423	lncRNA	Marmoset
LINC01522	20	ENSG00000237423	lncRNA	Owl_monkey
LINC01524	20	ENSG00000234948	lncRNA	Gibbon
LINC01524	20	ENSG00000234948	lncRNA	Macaque_indian
LINC01524	20	ENSG00000234948	lncRNA	Marmoset
LINC01524	20	ENSG00000234948	lncRNA	Owl_monkey
LINC01527	1	ENSG00000224308	lncRNA	Macaque_indian
LINC01527	1	ENSG00000224308	lncRNA	Marmoset
LINC01527	1	ENSG00000224308	lncRNA	Owl_monkey
LINC01531	19	ENSG00000205786	lncRNA	Gibbon
LINC01531	19	ENSG00000205786	lncRNA	Macaque_indian
LINC01539	18	ENSG00000267712	lncRNA	Gibbon
LINC01543	18	ENSG00000263862	lncRNA	Owl_monkey
LINC01545	X	ENSG00000204904	lncRNA	Marmoset
LINC01545	X	ENSG00000204904	lncRNA	Owl_monkey
LINC01546	X	ENSG00000228459	lncRNA	Marmoset
LINC01546	X	ENSG00000228459	lncRNA	Owl_monkey
LINC01548	21	ENSG00000229086	lncRNA	Macaque_indian
LINC01550	14	ENSG00000246223	lncRNA	Marmoset
LINC01550	14	ENSG00000246223	lncRNA	Owl_monkey
LINC01551	14	ENSG00000186960	lncRNA	Owl_monkey
LINC01555	1	ENSG00000180869	lncRNA	Marmoset
LINC01555	1	ENSG00000180869	lncRNA	Owl_monkey
LINC01558	6	ENSG00000146521	lncRNA	Macaque_indian
LINC01558	6	ENSG00000146521	lncRNA	Marmoset
LINC01558	6	ENSG00000146521	lncRNA	Owl_monkey
LINC01562	1	ENSG00000203356	lncRNA	Macaque_indian
LINC01563	17	ENSG00000236819	lncRNA	Gibbon
LINC01572	16	ENSG00000261008	lncRNA	Gibbon
LINC01572	16	ENSG00000261008	lncRNA	Orangutan
LINC01579	15	ENSG00000258754	lncRNA	Marmoset
LINC01579	15	ENSG00000258754	lncRNA	Owl_monkey
LINC01583	15	ENSG00000259518	lncRNA	Marmoset
LINC01583	15	ENSG00000259518	lncRNA	Owl_monkey
LINC01588	14	ENSG00000214900	lncRNA	Macaque_indian
LINC01588	14	ENSG00000214900	lncRNA	Owl_monkey
LINC01592	8	ENSG00000253658	lncRNA	Marmoset
LINC01593	2	ENSG00000231221	lncRNA	Marmoset
LINC01593	2	ENSG00000231221	lncRNA	Owl_monkey
LINC01603	8	ENSG00000253479	lncRNA	Marmoset
LINC01605	8	ENSG00000253161	lncRNA	Marmoset
LINC01608	8	ENSG00000253877	lncRNA	Gibbon
LINC01608	8	ENSG00000253877	lncRNA	Owl_monkey
LINC01609	8	ENSG00000253103	lncRNA	Gibbon
LINC01609	8	ENSG00000253103	lncRNA	Marmoset
LINC01611	6	ENSG00000231776	lncRNA	Gibbon
LINC01618	4	ENSG00000250302	lncRNA	Macaque_indian
LINC01618	4	ENSG00000250302	lncRNA	Marmoset
LINC01621	6	ENSG00000235357	lncRNA	Marmoset
LINC01621	6	ENSG00000235357	lncRNA	Owl_monkey
LINC01622	6	ENSG00000286785	lncRNA	Macaque_indian
LINC01622	6	ENSG00000286785	lncRNA	Owl_monkey
LINC01633	1	ENSG00000260976	lncRNA	Gibbon
LINC01633	1	ENSG00000260976	lncRNA	Macaque_indian
LINC01633	1	ENSG00000260976	lncRNA	Marmoset
LINC01633	1	ENSG00000260976	lncRNA	Orangutan
LINC01633	1	ENSG00000260976	lncRNA	Owl_monkey
LINC01638	22	ENSG00000233521	lncRNA	Marmoset
LINC01638	22	ENSG00000233521	lncRNA	Owl_monkey
LINC01639	22	ENSG00000236117	lncRNA	Gorilla
LINC01639	22	ENSG00000236117	lncRNA	Marmoset
LINC01644	22	ENSG00000218357	lncRNA	Owl_monkey
LINC01645	1	ENSG00000224968	lncRNA	Gorilla
LINC01653	1	ENSG00000232100	lncRNA	Marmoset
LINC01653	1	ENSG00000232100	lncRNA	Owl_monkey
LINC01661	1	ENSG00000237460	lncRNA	Marmoset
LINC01661	1	ENSG00000237460	lncRNA	Owl_monkey
LINC01672	1	ENSG00000228750	lncRNA	Marmoset
LINC01672	1	ENSG00000228750	lncRNA	Owl_monkey
LINC01676	1	ENSG00000230768	lncRNA	Gorilla
LINC01676	1	ENSG00000230768	lncRNA	Owl_monkey
LINC01682	1	ENSG00000227043	lncRNA	Owl_monkey
LINC01684	21	ENSG00000237484	lncRNA	Gibbon
LINC01684	21	ENSG00000237484	lncRNA	Gorilla
LINC01684	21	ENSG00000237484	lncRNA	Macaque_indian
LINC01687	21	ENSG00000233215	lncRNA	Owl_monkey
LINC01689	21	ENSG00000224832	lncRNA	Marmoset
LINC01689	21	ENSG00000224832	lncRNA	Owl_monkey
LINC01693	1	ENSG00000227764	lncRNA	Marmoset
LINC01693	1	ENSG00000227764	lncRNA	Owl_monkey
LINC01694	21	ENSG00000233922	lncRNA	Owl_monkey
LINC01695	21	ENSG00000236532	lncRNA	Macaque_indian
LINC01695	21	ENSG00000236532	lncRNA	Marmoset
LINC01695	21	ENSG00000236532	lncRNA	Owl_monkey
LINC01697	21	ENSG00000232079	lncRNA	Macaque_indian
LINC01697	21	ENSG00000232079	lncRNA	Marmoset
LINC01697	21	ENSG00000232079	lncRNA	Owl_monkey
LINC01701	1	ENSG00000232212	lncRNA	Gibbon
LINC01702	1	ENSG00000235200	lncRNA	Macaque_indian
LINC01702	1	ENSG00000235200	lncRNA	Marmoset
LINC01702	1	ENSG00000235200	lncRNA	Owl_monkey
LINC01706	20	ENSG00000224711	lncRNA	Gibbon
LINC01709	1	ENSG00000226715	lncRNA	Marmoset
LINC01709	1	ENSG00000226715	lncRNA	Owl_monkey
LINC01717	1	ENSG00000232812	lncRNA	Gibbon
LINC01717	1	ENSG00000232812	lncRNA	Marmoset
LINC01717	1	ENSG00000232812	lncRNA	Owl_monkey
LINC01721	20	ENSG00000230133	lncRNA	Macaque_indian
LINC01721	20	ENSG00000230133	lncRNA	Orangutan
LINC01721	20	ENSG00000230133	lncRNA	Owl_monkey
LINC01722	20	ENSG00000233048	lncRNA	Macaque_indian
LINC01722	20	ENSG00000233048	lncRNA	Marmoset
LINC01722	20	ENSG00000233048	lncRNA	Owl_monkey
LINC01726	20	ENSG00000280350	lncRNA	Marmoset
LINC01739	1	ENSG00000229537	lncRNA	Gorilla
LINC01741	1	ENSG00000236720	lncRNA	Orangutan
LINC01743	1	ENSG00000242042	lncRNA	Gibbon
LINC01745	1	ENSG00000225919	lncRNA	Marmoset
LINC01745	1	ENSG00000225919	lncRNA	Owl_monkey
LINC01748	1	ENSG00000226476	lncRNA	Gibbon
LINC01748	1	ENSG00000226476	lncRNA	Macaque_indian
LINC01748	1	ENSG00000226476	lncRNA	Marmoset
LINC01748	1	ENSG00000226476	lncRNA	Orangutan
LINC01748	1	ENSG00000226476	lncRNA	Owl_monkey
LINC01755	1	ENSG00000233079	lncRNA	Gibbon
LINC01762	1	ENSG00000233154	lncRNA	Gibbon
LINC01764	19	ENSG00000267308	lncRNA	Orangutan
LINC01768	1	ENSG00000228420	lncRNA	Gibbon
LINC01776	1	ENSG00000226053	lncRNA	Macaque_indian
LINC01778	1	ENSG00000223382	lncRNA	Marmoset
LINC01778	1	ENSG00000223382	lncRNA	Owl_monkey
LINC01780	1	ENSG00000232650	lncRNA	Macaque_indian
LINC01788	1	ENSG00000229051	lncRNA	Gibbon
LINC01788	1	ENSG00000229051	lncRNA	Marmoset
LINC01788	1	ENSG00000229051	lncRNA	Orangutan
LINC01798	2	ENSG00000232046	lncRNA	Marmoset
LINC01798	2	ENSG00000232046	lncRNA	Owl_monkey
LINC01801	19	ENSG00000267767	lncRNA	Macaque_indian
LINC01804	2	ENSG00000231031	lncRNA	Macaque_indian
LINC01804	2	ENSG00000231031	lncRNA	Marmoset
LINC01804	2	ENSG00000231031	lncRNA	Owl_monkey
LINC01807	2	ENSG00000232023	lncRNA	Gibbon
LINC01807	2	ENSG00000232023	lncRNA	Macaque_indian
LINC01807	2	ENSG00000232023	lncRNA	Marmoset
LINC01807	2	ENSG00000232023	lncRNA	Orangutan
LINC01807	2	ENSG00000232023	lncRNA	Owl_monkey
LINC01811	3	ENSG00000226320	lncRNA	Gibbon
LINC01811	3	ENSG00000226320	lncRNA	Marmoset
LINC01811	3	ENSG00000226320	lncRNA	Owl_monkey
LINC01814	2	ENSG00000236008	lncRNA	Gibbon
LINC01818	2	ENSG00000230645	lncRNA	Marmoset
LINC01823	2	ENSG00000224655	lncRNA	Gibbon
LINC01823	2	ENSG00000224655	lncRNA	Owl_monkey
LINC01826	2	ENSG00000232740	lncRNA	Bonobo
LINC01826	2	ENSG00000232740	lncRNA	Chimpanzee
LINC01828	2	ENSG00000235885	lncRNA	Bonobo
LINC01837	19	ENSG00000267489	lncRNA	Marmoset
LINC01837	19	ENSG00000267489	lncRNA	Owl_monkey
LINC01841	19	ENSG00000266913	lncRNA	Macaque_indian
LINC01850	2	ENSG00000227708	lncRNA	Gibbon
LINC01872	19	ENSG00000268318	lncRNA	Bonobo
LINC01872	19	ENSG00000268318	lncRNA	Chimpanzee
LINC01874	2	ENSG00000223985	lncRNA	Macaque_indian
LINC01876	2	ENSG00000226383	lncRNA	Marmoset
LINC01876	2	ENSG00000226383	lncRNA	Owl_monkey
LINC01877	2	ENSG00000238217	lncRNA	Owl_monkey
LINC01885	2	ENSG00000237880	lncRNA	Gibbon
LINC01891	2	ENSG00000231682	lncRNA	Gibbon
LINC01897	18	ENSG00000267209	lncRNA	Owl_monkey
LINC01898	18	ENSG00000261194	lncRNA	Marmoset
LINC01899	18	ENSG00000265352	lncRNA	Owl_monkey
LINC01900	18	ENSG00000265758	lncRNA	Owl_monkey
LINC01901	18	ENSG00000267413	lncRNA	Macaque_indian
LINC01903	18	ENSG00000265555	lncRNA	Macaque_indian
LINC01907	2	ENSG00000226125	lncRNA	Marmoset
LINC01907	2	ENSG00000226125	lncRNA	Owl_monkey
LINC01909	18	ENSG00000266258	lncRNA	Macaque_indian
LINC01909	18	ENSG00000266258	lncRNA	Marmoset
LINC01909	18	ENSG00000266258	lncRNA	Owl_monkey
LINC01911	2	ENSG00000231040	lncRNA	Marmoset
LINC01911	2	ENSG00000231040	lncRNA	Owl_monkey
LINC01934	2	ENSG00000234663	lncRNA	Marmoset
LINC01934	2	ENSG00000234663	lncRNA	Owl_monkey
LINC01939	2	ENSG00000228799	lncRNA	Gorilla
LINC01941	2	ENSG00000226813	lncRNA	Orangutan
LINC01947	5	ENSG00000254130	lncRNA	Macaque_indian
LINC01947	5	ENSG00000254130	lncRNA	Marmoset
LINC01947	5	ENSG00000254130	lncRNA	Owl_monkey
LINC01948	5	ENSG00000248727	lncRNA	Marmoset
LINC01950	5	ENSG00000251027	lncRNA	Gibbon
LINC01950	5	ENSG00000251027	lncRNA	Macaque_indian
LINC01950	5	ENSG00000251027	lncRNA	Marmoset
LINC01950	5	ENSG00000251027	lncRNA	Owl_monkey
LINC01962	5	ENSG00000248473	lncRNA	Gibbon
LINC01965	2	ENSG00000256637	lncRNA	Gibbon
LINC01967	3	ENSG00000235493	lncRNA	Gibbon
LINC01967	3	ENSG00000235493	lncRNA	Macaque_indian
LINC01967	3	ENSG00000235493	lncRNA	Marmoset
LINC01967	3	ENSG00000235493	lncRNA	Orangutan
LINC01967	3	ENSG00000235493	lncRNA	Owl_monkey
LINC01992	17	ENSG00000260019	lncRNA	Marmoset
LINC01992	17	ENSG00000260019	lncRNA	Owl_monkey
LINC01993	17	ENSG00000204277	lncRNA	Gibbon
LINC01997	3	ENSG00000241383	lncRNA	Gibbon
LINC01997	3	ENSG00000241383	lncRNA	Macaque_indian
LINC01997	3	ENSG00000241383	lncRNA	Marmoset
LINC01997	3	ENSG00000241383	lncRNA	Owl_monkey
LINC02008	3	ENSG00000239440	lncRNA	Marmoset
LINC02013	3	ENSG00000228730	lncRNA	Macaque_indian
LINC02020	3	ENSG00000234548	lncRNA	Gibbon
LINC02022	3	ENSG00000232746	lncRNA	Orangutan
LINC02024	3	ENSG00000241213	lncRNA	Marmoset
LINC02024	3	ENSG00000241213	lncRNA	Owl_monkey
LINC02025	3	ENSG00000242339	lncRNA	Marmoset
LINC02025	3	ENSG00000242339	lncRNA	Owl_monkey
LINC02027	3	ENSG00000243694	lncRNA	Marmoset
LINC02027	3	ENSG00000243694	lncRNA	Owl_monkey
LINC02028	3	ENSG00000230102	lncRNA	Macaque_indian
LINC02028	3	ENSG00000230102	lncRNA	Owl_monkey
LINC02031	3	ENSG00000238837	lncRNA	Gibbon
LINC02042	3	ENSG00000240893	lncRNA	Owl_monkey
LINC02046	3	ENSG00000242440	lncRNA	Macaque_indian
LINC02046	3	ENSG00000242440	lncRNA	Marmoset
LINC02046	3	ENSG00000242440	lncRNA	Owl_monkey
LINC02049	3	ENSG00000243593	lncRNA	Marmoset
LINC02049	3	ENSG00000243593	lncRNA	Owl_monkey
LINC02050	3	ENSG00000242781	lncRNA	Macaque_indian
LINC02050	3	ENSG00000242781	lncRNA	Marmoset
LINC02050	3	ENSG00000242781	lncRNA	Owl_monkey
LINC02053	3	ENSG00000241696	lncRNA	Macaque_indian
LINC02055	8	ENSG00000254101	lncRNA	Gibbon
LINC02055	8	ENSG00000254101	lncRNA	Macaque_indian
LINC02055	8	ENSG00000254101	lncRNA	Marmoset
LINC02055	8	ENSG00000254101	lncRNA	Orangutan
LINC02055	8	ENSG00000254101	lncRNA	Owl_monkey
LINC02062	5	ENSG00000248489	lncRNA	Marmoset
LINC02062	5	ENSG00000248489	lncRNA	Owl_monkey
LINC02064	5	ENSG00000248391	lncRNA	Gibbon
LINC02077	3	ENSG00000244461	lncRNA	Gorilla
LINC02080	17	ENSG00000267065	lncRNA	Gibbon
LINC02080	17	ENSG00000267065	lncRNA	Macaque_indian
LINC02082	3	ENSG00000242268	lncRNA	Marmoset
LINC02082	3	ENSG00000242268	lncRNA	Owl_monkey
LINC02086	17	ENSG00000244649	lncRNA	Owl_monkey
LINC02087	17	ENSG00000237057	lncRNA	Gorilla
LINC02087	17	ENSG00000237057	lncRNA	Owl_monkey
LINC02092	17	ENSG00000234721	lncRNA	Marmoset
LINC02092	17	ENSG00000234721	lncRNA	Owl_monkey
LINC02093	17	ENSG00000234634	lncRNA	Marmoset
LINC02093	17	ENSG00000234634	lncRNA	Owl_monkey
LINC02100	5	ENSG00000248693	lncRNA	Gibbon
LINC02103	5	ENSG00000249785	lncRNA	Marmoset
LINC02103	5	ENSG00000249785	lncRNA	Owl_monkey
LINC02108	5	ENSG00000250127	lncRNA	Marmoset
LINC02108	5	ENSG00000250127	lncRNA	Owl_monkey
LINC02109	5	ENSG00000259786	lncRNA	Marmoset
LINC02109	5	ENSG00000259786	lncRNA	Owl_monkey
LINC02111	5	ENSG00000250822	lncRNA	Owl_monkey
LINC02117	5	ENSG00000248539	lncRNA	Orangutan
LINC02120	5	ENSG00000248279	lncRNA	Gibbon
LINC02120	5	ENSG00000248279	lncRNA	Macaque_indian
LINC02120	5	ENSG00000248279	lncRNA	Marmoset
LINC02120	5	ENSG00000248279	lncRNA	Orangutan
LINC02120	5	ENSG00000248279	lncRNA	Owl_monkey
LINC02125	16	ENSG00000250514	lncRNA	Marmoset
LINC02125	16	ENSG00000250514	lncRNA	Owl_monkey
LINC02128	16	ENSG00000261241	lncRNA	Macaque_indian
LINC02137	16	ENSG00000260186	lncRNA	Owl_monkey
LINC02144	5	ENSG00000248708	lncRNA	Marmoset
LINC02146	5	ENSG00000249490	lncRNA	Marmoset
LINC02146	5	ENSG00000249490	lncRNA	Owl_monkey
LINC02147	5	ENSG00000249797	lncRNA	Owl_monkey
LINC02148	5	ENSG00000250427	lncRNA	Bonobo
LINC02148	5	ENSG00000250427	lncRNA	Chimpanzee
LINC02148	5	ENSG00000250427	lncRNA	Gibbon
LINC02148	5	ENSG00000250427	lncRNA	Gorilla
LINC02148	5	ENSG00000250427	lncRNA	Macaque_indian
LINC02148	5	ENSG00000250427	lncRNA	Marmoset
LINC02148	5	ENSG00000250427	lncRNA	Orangutan
LINC02148	5	ENSG00000250427	lncRNA	Owl_monkey
LINC02150	5	ENSG00000248150	lncRNA	Gibbon
LINC02150	5	ENSG00000248150	lncRNA	Macaque_indian
LINC02150	5	ENSG00000248150	lncRNA	Marmoset
LINC02150	5	ENSG00000248150	lncRNA	Owl_monkey
LINC02154	X	ENSG00000235385	lncRNA	Marmoset
LINC02154	X	ENSG00000235385	lncRNA	Owl_monkey
LINC02156	12	ENSG00000257906	lncRNA	Marmoset
LINC02156	12	ENSG00000257906	lncRNA	Owl_monkey
LINC02160	5	ENSG00000251443	lncRNA	Marmoset
LINC02160	5	ENSG00000251443	lncRNA	Owl_monkey
LINC02161	5	ENSG00000250437	lncRNA	Macaque_indian
LINC02169	16	ENSG00000259517	lncRNA	Marmoset
LINC02169	16	ENSG00000259517	lncRNA	Owl_monkey
LINC02174	4	ENSG00000249297	lncRNA	Gibbon
LINC02174	4	ENSG00000249297	lncRNA	Macaque_indian
LINC02183	16	ENSG00000283304	lncRNA	Marmoset
LINC02183	16	ENSG00000283304	lncRNA	Owl_monkey
LINC02188	16	ENSG00000261175	lncRNA	Owl_monkey
LINC02190	16	ENSG00000261475	lncRNA	Gorilla
LINC02190	16	ENSG00000261475	lncRNA	Macaque_indian
LINC02196	5	ENSG00000250974	lncRNA	Macaque_indian
LINC02196	5	ENSG00000250974	lncRNA	Marmoset
LINC02196	5	ENSG00000250974	lncRNA	Owl_monkey
LINC02199	5	ENSG00000250198	lncRNA	Marmoset
LINC02199	5	ENSG00000250198	lncRNA	Owl_monkey
LINC02207	15	ENSG00000258476	lncRNA	Marmoset
LINC02207	15	ENSG00000258476	lncRNA	Owl_monkey
LINC02208	5	ENSG00000250891	lncRNA	Macaque_indian
LINC02209	8	ENSG00000253279	lncRNA	Macaque_indian
LINC02211	5	ENSG00000245662	lncRNA	Orangutan
LINC02214	5	ENSG00000251311	lncRNA	Macaque_indian
LINC02214	5	ENSG00000251311	lncRNA	Marmoset
LINC02214	5	ENSG00000251311	lncRNA	Owl_monkey
LINC02216	5	ENSG00000249551	lncRNA	Marmoset
LINC02216	5	ENSG00000249551	lncRNA	Owl_monkey
LINC02218	5	ENSG00000249662	protein_coding	Gibbon
LINC02219	5	ENSG00000253787	lncRNA	Marmoset
LINC02219	5	ENSG00000253787	lncRNA	Owl_monkey
LINC02220	5	ENSG00000248457	lncRNA	Gorilla
LINC02220	5	ENSG00000248457	lncRNA	Macaque_indian
LINC02223	5	ENSG00000249937	lncRNA	Marmoset
LINC02223	5	ENSG00000249937	lncRNA	Owl_monkey
LINC02228	5	ENSG00000251273	lncRNA	Gibbon
LINC02231	12	ENSG00000248995	lncRNA	Owl_monkey
LINC02232	4	ENSG00000250125	lncRNA	Gibbon
LINC02234	5	ENSG00000248202	lncRNA	Gibbon
LINC02234	5	ENSG00000248202	lncRNA	Macaque_indian
LINC02234	5	ENSG00000248202	lncRNA	Marmoset
LINC02234	5	ENSG00000248202	lncRNA	Orangutan
LINC02234	5	ENSG00000248202	lncRNA	Owl_monkey
LINC02235	8	ENSG00000254689	lncRNA	Marmoset
LINC02235	8	ENSG00000254689	lncRNA	Owl_monkey
LINC02236	5	ENSG00000251365	lncRNA	Macaque_indian
LINC02237	8	ENSG00000253434	lncRNA	Gibbon
LINC02237	8	ENSG00000253434	lncRNA	Owl_monkey
LINC02240	5	ENSG00000260192	lncRNA	Macaque_indian
LINC02240	5	ENSG00000260192	lncRNA	Marmoset
LINC02240	5	ENSG00000260192	lncRNA	Owl_monkey
LINC02241	5	ENSG00000251629	lncRNA	Gibbon
LINC02241	5	ENSG00000251629	lncRNA	Marmoset
LINC02241	5	ENSG00000251629	lncRNA	Owl_monkey
LINC02242	5	ENSG00000249736	lncRNA	Bonobo
LINC02242	5	ENSG00000249736	lncRNA	Chimpanzee
LINC02242	5	ENSG00000249736	lncRNA	Gibbon
LINC02242	5	ENSG00000249736	lncRNA	Gorilla
LINC02242	5	ENSG00000249736	lncRNA	Macaque_indian
LINC02242	5	ENSG00000249736	lncRNA	Marmoset
LINC02242	5	ENSG00000249736	lncRNA	Orangutan
LINC02242	5	ENSG00000249736	lncRNA	Owl_monkey
LINC02245	2	ENSG00000237638	lncRNA	Owl_monkey
LINC02246	21	ENSG00000281903	lncRNA	Marmoset
LINC02246	21	ENSG00000281903	lncRNA	Owl_monkey
LINC02252	15	ENSG00000261304	lncRNA	Marmoset
LINC02252	15	ENSG00000261304	lncRNA	Owl_monkey
LINC02253	15	ENSG00000259485	lncRNA	Gibbon
LINC02253	15	ENSG00000259485	lncRNA	Macaque_indian
LINC02253	15	ENSG00000259485	lncRNA	Marmoset
LINC02253	15	ENSG00000259485	lncRNA	Orangutan
LINC02253	15	ENSG00000259485	lncRNA	Owl_monkey
LINC02261	4	ENSG00000249699	lncRNA	Macaque_indian
LINC02261	4	ENSG00000249699	lncRNA	Marmoset
LINC02261	4	ENSG00000249699	lncRNA	Owl_monkey
LINC02263	4	ENSG00000228358	lncRNA	Gibbon
LINC02263	4	ENSG00000228358	lncRNA	Macaque_indian
LINC02263	4	ENSG00000228358	lncRNA	Marmoset
LINC02263	4	ENSG00000228358	lncRNA	Orangutan
LINC02263	4	ENSG00000228358	lncRNA	Owl_monkey
LINC02269	4	ENSG00000250708	lncRNA	Macaque_indian
LINC02269	4	ENSG00000250708	lncRNA	Marmoset
LINC02269	4	ENSG00000250708	lncRNA	Owl_monkey
LINC02272	4	ENSG00000251283	lncRNA	Marmoset
LINC02272	4	ENSG00000251283	lncRNA	Owl_monkey
LINC02286	14	ENSG00000258098	lncRNA	Chimpanzee
LINC02290	14	ENSG00000258502	lncRNA	Owl_monkey
LINC02296	14	ENSG00000258859	lncRNA	Gibbon
LINC02301	14	ENSG00000258743	lncRNA	Gibbon
LINC02301	14	ENSG00000258743	lncRNA	Owl_monkey
LINC02303	14	ENSG00000258616	lncRNA	Gibbon
LINC02303	14	ENSG00000258616	lncRNA	Marmoset
LINC02303	14	ENSG00000258616	lncRNA	Owl_monkey
LINC02304	14	ENSG00000259110	lncRNA	Macaque_indian
LINC02305	14	ENSG00000258532	lncRNA	Macaque_indian
LINC02307	14	ENSG00000258969	lncRNA	Gibbon
LINC02307	14	ENSG00000258969	lncRNA	Macaque_indian
LINC02307	14	ENSG00000258969	lncRNA	Marmoset
LINC02307	14	ENSG00000258969	lncRNA	Owl_monkey
LINC02308	14	ENSG00000258675	lncRNA	Marmoset
LINC02309	14	ENSG00000258994	lncRNA	Marmoset
LINC02309	14	ENSG00000258994	lncRNA	Owl_monkey
LINC02310	14	ENSG00000258808	lncRNA	Gibbon
LINC02310	14	ENSG00000258808	lncRNA	Macaque_indian
LINC02310	14	ENSG00000258808	lncRNA	Marmoset
LINC02310	14	ENSG00000258808	lncRNA	Owl_monkey
LINC02311	14	ENSG00000258718	lncRNA	Orangutan
LINC02312	14	ENSG00000258869	lncRNA	Marmoset
LINC02312	14	ENSG00000258869	lncRNA	Owl_monkey
LINC02319	14	ENSG00000258694	lncRNA	Chimpanzee
LINC02320	14	ENSG00000258404	lncRNA	Orangutan
LINC02321	14	ENSG00000258884	lncRNA	Macaque_indian
LINC02321	14	ENSG00000258884	lncRNA	Owl_monkey
LINC02324	14	ENSG00000255002	lncRNA	Marmoset
LINC02324	14	ENSG00000255002	lncRNA	Owl_monkey
LINC02327	14	ENSG00000258038	lncRNA	Marmoset
LINC02327	14	ENSG00000258038	lncRNA	Owl_monkey
LINC02328	14	ENSG00000258733	lncRNA	Owl_monkey
LINC02334	13	ENSG00000274317	lncRNA	Gibbon
LINC02334	13	ENSG00000274317	lncRNA	Macaque_indian
LINC02334	13	ENSG00000274317	lncRNA	Marmoset
LINC02334	13	ENSG00000274317	lncRNA	Orangutan
LINC02334	13	ENSG00000274317	lncRNA	Owl_monkey
LINC02338	13	ENSG00000277448	lncRNA	Marmoset
LINC02338	13	ENSG00000277448	lncRNA	Owl_monkey
LINC02340	13	ENSG00000275294	lncRNA	Marmoset
LINC02340	13	ENSG00000275294	lncRNA	Orangutan
LINC02340	13	ENSG00000275294	lncRNA	Owl_monkey
LINC02341	13	ENSG00000283554	lncRNA	Bonobo
LINC02341	13	ENSG00000283554	lncRNA	Chimpanzee
LINC02341	13	ENSG00000283554	lncRNA	Gibbon
LINC02341	13	ENSG00000283554	lncRNA	Gorilla
LINC02341	13	ENSG00000283554	lncRNA	Macaque_indian
LINC02341	13	ENSG00000283554	lncRNA	Marmoset
LINC02341	13	ENSG00000283554	lncRNA	Orangutan
LINC02341	13	ENSG00000283554	lncRNA	Owl_monkey
LINC02345	15	ENSG00000259225	lncRNA	Marmoset
LINC02345	15	ENSG00000259225	lncRNA	Owl_monkey
LINC02346	15	ENSG00000206187	lncRNA	Gibbon
LINC02346	15	ENSG00000206187	lncRNA	Macaque_indian
LINC02347	12	ENSG00000214043	lncRNA	Macaque_indian
LINC02349	15	ENSG00000259284	lncRNA	Marmoset
LINC02355	4	ENSG00000248210	lncRNA	Gibbon
LINC02355	4	ENSG00000248210	lncRNA	Macaque_indian
LINC02359	12	ENSG00000284848	lncRNA	Marmoset
LINC02359	12	ENSG00000284848	lncRNA	Owl_monkey
LINC02360	4	ENSG00000248300	lncRNA	Orangutan
LINC02362	4	ENSG00000249096	lncRNA	Gibbon
LINC02363	4	ENSG00000180712	lncRNA	Marmoset
LINC02363	4	ENSG00000180712	lncRNA	Owl_monkey
LINC02364	4	ENSG00000250190	lncRNA	Gibbon
LINC02364	4	ENSG00000250190	lncRNA	Macaque_indian
LINC02364	4	ENSG00000250190	lncRNA	Marmoset
LINC02372	12	ENSG00000249873	lncRNA	Owl_monkey
LINC02374	4	ENSG00000249747	lncRNA	Marmoset
LINC02374	4	ENSG00000249747	lncRNA	Owl_monkey
LINC02376	12	ENSG00000256292	lncRNA	Orangutan
LINC02377	4	ENSG00000250102	lncRNA	Macaque_indian
LINC02379	4	ENSG00000251649	lncRNA	Marmoset
LINC02379	4	ENSG00000251649	lncRNA	Owl_monkey
LINC02380	4	ENSG00000248505	lncRNA	Marmoset
LINC02380	4	ENSG00000248505	lncRNA	Owl_monkey
LINC02382	4	ENSG00000250968	lncRNA	Owl_monkey
LINC02383	4	ENSG00000248143	lncRNA	Owl_monkey
LINC02384	12	ENSG00000251301	lncRNA	Gibbon
LINC02389	12	ENSG00000255693	lncRNA	Owl_monkey
LINC02392	12	ENSG00000258183	lncRNA	Macaque_indian
LINC02392	12	ENSG00000258183	lncRNA	Marmoset
LINC02392	12	ENSG00000258183	lncRNA	Owl_monkey
LINC02394	12	ENSG00000258332	lncRNA	Marmoset
LINC02394	12	ENSG00000258332	lncRNA	Owl_monkey
LINC02395	12	ENSG00000257771	lncRNA	Marmoset
LINC02395	12	ENSG00000257771	lncRNA	Owl_monkey
LINC02396	12	ENSG00000258135	lncRNA	Marmoset
LINC02396	12	ENSG00000258135	lncRNA	Owl_monkey
LINC02401	12	ENSG00000257762	lncRNA	Marmoset
LINC02401	12	ENSG00000257762	lncRNA	Owl_monkey
LINC02402	12	ENSG00000257510	lncRNA	Marmoset
LINC02402	12	ENSG00000257510	lncRNA	Owl_monkey
LINC02404	12	ENSG00000257893	lncRNA	Marmoset
LINC02405	12	ENSG00000249345	lncRNA	Macaque_indian
LINC02405	12	ENSG00000249345	lncRNA	Marmoset
LINC02408	12	ENSG00000203585	lncRNA	Owl_monkey
LINC02416	12	ENSG00000257924	lncRNA	Owl_monkey
LINC02419	12	ENSG00000256906	lncRNA	Gibbon
LINC02421	12	ENSG00000255970	lncRNA	Gibbon
LINC02421	12	ENSG00000255970	lncRNA	Macaque_indian
LINC02421	12	ENSG00000255970	lncRNA	Marmoset
LINC02421	12	ENSG00000255970	lncRNA	Orangutan
LINC02421	12	ENSG00000255970	lncRNA	Owl_monkey
LINC02428	4	ENSG00000248740	lncRNA	Gibbon
LINC02432	4	ENSG00000248810	lncRNA	Macaque_indian
LINC02432	4	ENSG00000248810	lncRNA	Marmoset
LINC02432	4	ENSG00000248810	lncRNA	Owl_monkey
LINC02436	4	ENSG00000250754	lncRNA	Gorilla
LINC02436	4	ENSG00000250754	lncRNA	Macaque_indian
LINC02436	4	ENSG00000250754	lncRNA	Marmoset
LINC02436	4	ENSG00000250754	lncRNA	Orangutan
LINC02436	4	ENSG00000250754	lncRNA	Owl_monkey
LINC02444	12	ENSG00000258123	lncRNA	Orangutan
LINC02446	12	ENSG00000256039	lncRNA	Macaque_indian
LINC02446	12	ENSG00000256039	lncRNA	Marmoset
LINC02446	12	ENSG00000256039	lncRNA	Owl_monkey
LINC02447	4	ENSG00000245468	lncRNA	Gibbon
LINC02448	12	ENSG00000257230	lncRNA	Marmoset
LINC02448	12	ENSG00000257230	lncRNA	Owl_monkey
LINC02450	12	ENSG00000257114	lncRNA	Gibbon
LINC02451	12	ENSG00000257164	lncRNA	Owl_monkey
LINC02462	4	ENSG00000251291	lncRNA	Macaque_indian
LINC02465	4	ENSG00000249618	lncRNA	Macaque_indian
LINC02465	4	ENSG00000249618	lncRNA	Marmoset
LINC02465	4	ENSG00000249618	lncRNA	Owl_monkey
LINC02466	4	ENSG00000246876	lncRNA	Gorilla
LINC02466	4	ENSG00000246876	lncRNA	Marmoset
LINC02466	4	ENSG00000246876	lncRNA	Owl_monkey
LINC02469	4	ENSG00000248408	lncRNA	Owl_monkey
LINC02474	1	ENSG00000228437	lncRNA	Owl_monkey
LINC02477	4	ENSG00000249425	lncRNA	Orangutan
LINC02482	4	ENSG00000251580	lncRNA	Owl_monkey
LINC02483	4	ENSG00000251383	lncRNA	Macaque_indian
LINC02484	4	ENSG00000248685	lncRNA	Gibbon
LINC02484	4	ENSG00000248685	lncRNA	Orangutan
LINC02488	5	ENSG00000249362	lncRNA	Gibbon
LINC02492	4	ENSG00000250590	lncRNA	Owl_monkey
LINC02495	4	ENSG00000249896	processed_transcript	Owl_monkey
LINC02497	4	ENSG00000251182	lncRNA	Gibbon
LINC02501	4	ENSG00000249882	lncRNA	Gibbon
LINC02501	4	ENSG00000249882	lncRNA	Macaque_indian
LINC02501	4	ENSG00000249882	lncRNA	Marmoset
LINC02501	4	ENSG00000249882	lncRNA	Owl_monkey
LINC02505	4	ENSG00000248215	lncRNA	Marmoset
LINC02505	4	ENSG00000248215	lncRNA	Owl_monkey
LINC02507	4	ENSG00000251688	lncRNA	Marmoset
LINC02511	4	ENSG00000248869	lncRNA	Gibbon
LINC02515	4	ENSG00000250620	lncRNA	Owl_monkey
LINC02516	4	ENSG00000261083	lncRNA	Macaque_indian
LINC02521	6	ENSG00000228718	lncRNA	Bonobo
LINC02522	6	ENSG00000231056	lncRNA	Gibbon
LINC02525	6	ENSG00000230269	lncRNA	Marmoset
LINC02525	6	ENSG00000230269	lncRNA	Owl_monkey
LINC02531	6	ENSG00000220908	lncRNA	Macaque_indian
LINC02531	6	ENSG00000220908	lncRNA	Marmoset
LINC02531	6	ENSG00000220908	lncRNA	Owl_monkey
LINC02532	6	ENSG00000235142	lncRNA	Marmoset
LINC02532	6	ENSG00000235142	lncRNA	Owl_monkey
LINC02542	6	ENSG00000226453	lncRNA	Gibbon
LINC02542	6	ENSG00000226453	lncRNA	Macaque_indian
LINC02542	6	ENSG00000226453	lncRNA	Marmoset
LINC02542	6	ENSG00000226453	lncRNA	Orangutan
LINC02542	6	ENSG00000226453	lncRNA	Owl_monkey
LINC02546	11	ENSG00000255117	lncRNA	Marmoset
LINC02546	11	ENSG00000255117	lncRNA	Owl_monkey
LINC02548	11	ENSG00000255411	lncRNA	Macaque_indian
LINC02549	6	ENSG00000226497	lncRNA	Marmoset
LINC02549	6	ENSG00000226497	lncRNA	Owl_monkey
LINC02552	11	ENSG00000256422	lncRNA	Macaque_indian
LINC02552	11	ENSG00000256422	lncRNA	Marmoset
LINC02552	11	ENSG00000256422	lncRNA	Owl_monkey
LINC02568	15	ENSG00000259459	lncRNA	Marmoset
LINC02568	15	ENSG00000259459	lncRNA	Owl_monkey
LINC02569	6	ENSG00000235781	lncRNA	Macaque_indian
LINC02572	2	ENSG00000229536	lncRNA	Macaque_indian
LINC02577	7	ENSG00000228742	lncRNA	Marmoset
LINC02577	7	ENSG00000228742	lncRNA	Owl_monkey
LINC02594	17	ENSG00000267440	lncRNA	Marmoset
LINC02594	17	ENSG00000267440	lncRNA	Owl_monkey
LINC02607	1	ENSG00000228971	lncRNA	Gibbon
LINC02607	1	ENSG00000228971	lncRNA	Marmoset
LINC02607	1	ENSG00000228971	lncRNA	Owl_monkey
LINC02621	10	ENSG00000234756	lncRNA	Macaque_indian
LINC02621	10	ENSG00000234756	lncRNA	Marmoset
LINC02621	10	ENSG00000234756	lncRNA	Owl_monkey
LINC02624	10	ENSG00000229775	lncRNA	Marmoset
LINC02624	10	ENSG00000229775	lncRNA	Owl_monkey
LINC02625	10	ENSG00000233643	lncRNA	Macaque_indian
LINC02628	10	ENSG00000226412	lncRNA	Marmoset
LINC02628	10	ENSG00000226412	lncRNA	Owl_monkey
LINC02633	10	ENSG00000224265	lncRNA	Owl_monkey
LINC02641	10	ENSG00000230131	lncRNA	Marmoset
LINC02641	10	ENSG00000230131	lncRNA	Owl_monkey
LINC02642	10	ENSG00000232591	lncRNA	Owl_monkey
LINC02645	10	ENSG00000234170	lncRNA	Macaque_indian
LINC02645	10	ENSG00000234170	lncRNA	Owl_monkey
LINC02649	10	ENSG00000215244	lncRNA	Bonobo
LINC02649	10	ENSG00000215244	lncRNA	Marmoset
LINC02649	10	ENSG00000215244	lncRNA	Owl_monkey
LINC02652	10	ENSG00000237128	lncRNA	Owl_monkey
LINC02653	10	ENSG00000236373	lncRNA	Orangutan
LINC02661	10	ENSG00000223381	lncRNA	Marmoset
LINC02661	10	ENSG00000223381	lncRNA	Owl_monkey
LINC02663	10	ENSG00000228636	lncRNA	Macaque_indian
LINC02668	10	ENSG00000226762	lncRNA	Macaque_indian
LINC02668	10	ENSG00000226762	lncRNA	Owl_monkey
LINC02671	10	ENSG00000224714	lncRNA	Gibbon
LINC02674	10	ENSG00000234952	lncRNA	Macaque_indian
LINC02682	11	ENSG00000254661	lncRNA	Marmoset
LINC02693	17	ENSG00000212719	lncRNA	Marmoset
LINC02693	17	ENSG00000212719	lncRNA	Owl_monkey
LINC02694	15	ENSG00000175779	lncRNA	Owl_monkey
LINC02697	11	ENSG00000255327	lncRNA	Bonobo
LINC02697	11	ENSG00000255327	lncRNA	Chimpanzee
LINC02697	11	ENSG00000255327	lncRNA	Marmoset
LINC02698	11	ENSG00000256717	lncRNA	Owl_monkey
LINC02699	11	ENSG00000254456	lncRNA	Gorilla
LINC02699	11	ENSG00000254456	lncRNA	Macaque_indian
LINC02699	11	ENSG00000254456	lncRNA	Orangutan
LINC02704	11	ENSG00000255079	lncRNA	Gibbon
LINC02715	11	ENSG00000254659	lncRNA	Marmoset
LINC02715	11	ENSG00000254659	lncRNA	Owl_monkey
LINC02718	11	ENSG00000255418	lncRNA	Marmoset
LINC02718	11	ENSG00000255418	lncRNA	Owl_monkey
LINC02725	11	ENSG00000273415	lncRNA	Gibbon
LINC02740	11	ENSG00000255109	lncRNA	Gibbon
LINC02740	11	ENSG00000255109	lncRNA	Macaque_indian
LINC02740	11	ENSG00000255109	lncRNA	Marmoset
LINC02740	11	ENSG00000255109	lncRNA	Orangutan
LINC02740	11	ENSG00000255109	lncRNA	Owl_monkey
LINC02741	11	ENSG00000255388	lncRNA	Gibbon
LINC02742	11	ENSG00000249867	lncRNA	Marmoset
LINC02742	11	ENSG00000249867	lncRNA	Owl_monkey
LINC02748	11	ENSG00000255187	lncRNA	Marmoset
LINC02748	11	ENSG00000255187	lncRNA	Owl_monkey
LINC02749	11	ENSG00000254480	lncRNA	Marmoset
LINC02749	11	ENSG00000254480	lncRNA	Owl_monkey
LINC02751	11	ENSG00000254946	lncRNA	Macaque_indian
LINC02751	11	ENSG00000254946	lncRNA	Marmoset
LINC02751	11	ENSG00000254946	lncRNA	Owl_monkey
LINC02755	11	ENSG00000254530	lncRNA	Orangutan
LINC02756	11	ENSG00000255332	lncRNA	Gibbon
LINC02757	11	ENSG00000255363	lncRNA	Gibbon
LINC02757	11	ENSG00000255363	lncRNA	Macaque_indian
LINC02757	11	ENSG00000255363	lncRNA	Marmoset
LINC02757	11	ENSG00000255363	lncRNA	Orangutan
LINC02757	11	ENSG00000255363	lncRNA	Owl_monkey
LINC02759	11	ENSG00000255175	lncRNA	Marmoset
LINC02759	11	ENSG00000255175	lncRNA	Owl_monkey
LINC02763	11	ENSG00000254968	lncRNA	Gibbon
LINC02763	11	ENSG00000254968	lncRNA	Macaque_indian
LINC02765	1	ENSG00000234476	lncRNA	Macaque_indian
LINC02770	1	ENSG00000228215	lncRNA	Marmoset
LINC02770	1	ENSG00000228215	lncRNA	Owl_monkey
LINC02775	1	ENSG00000283518	lncRNA	Marmoset
LINC02775	1	ENSG00000283518	lncRNA	Owl_monkey
LINC02780	1	ENSG00000284668	lncRNA	Marmoset
LINC02780	1	ENSG00000284668	lncRNA	Owl_monkey
LINC02782	1	ENSG00000231510	lncRNA	Marmoset
LINC02782	1	ENSG00000231510	lncRNA	Owl_monkey
LINC02783	1	ENSG00000204362	lncRNA	Gibbon
LINC02790	1	ENSG00000237435	lncRNA	Marmoset
LINC02791	1	ENSG00000235446	lncRNA	Marmoset
LINC02791	1	ENSG00000235446	lncRNA	Owl_monkey
LINC02796	1	ENSG00000227016	lncRNA	Gibbon
LINC02797	1	ENSG00000285808	lncRNA	Marmoset
LINC02797	1	ENSG00000285808	lncRNA	Owl_monkey
LINC02808	1	ENSG00000284696	lncRNA	Macaque_indian
LINC02814	1	ENSG00000236975	lncRNA	Marmoset
LINC02814	1	ENSG00000236975	lncRNA	Owl_monkey
LINC02815	1	ENSG00000282111	lncRNA	Marmoset
LINC02815	1	ENSG00000282111	lncRNA	Owl_monkey
LINC02820	12	ENSG00000258815	lncRNA	Gibbon
LINC02820	12	ENSG00000258815	lncRNA	Macaque_indian
LINC02820	12	ENSG00000258815	lncRNA	Marmoset
LINC02820	12	ENSG00000258815	lncRNA	Orangutan
LINC02820	12	ENSG00000258815	lncRNA	Owl_monkey
LINC02822	12	ENSG00000286021	lncRNA	Marmoset
LINC02822	12	ENSG00000286021	lncRNA	Owl_monkey
LINC02824	12	ENSG00000255998	lncRNA	Gibbon
LINC02826	12	ENSG00000275212	lncRNA	Marmoset
LINC02826	12	ENSG00000275212	lncRNA	Owl_monkey
LINC02829	6	ENSG00000229274	lncRNA	Bonobo
LINC02829	6	ENSG00000229274	lncRNA	Chimpanzee
LINC02829	6	ENSG00000229274	lncRNA	Gibbon
LINC02831	2	ENSG00000224173	lncRNA	Marmoset
LINC02832	2	ENSG00000227308	lncRNA	Macaque_indian
LINC02839	8	ENSG00000254123	lncRNA	Marmoset
LINC02839	8	ENSG00000254123	lncRNA	Owl_monkey
LINC02840	6	ENSG00000224893	lncRNA	Marmoset
LINC02840	6	ENSG00000224893	lncRNA	Owl_monkey
LINC02842	8	ENSG00000254119	lncRNA	Gibbon
LINC02842	8	ENSG00000254119	lncRNA	Macaque_indian
LINC02842	8	ENSG00000254119	lncRNA	Marmoset
LINC02842	8	ENSG00000254119	lncRNA	Owl_monkey
LINC02847	8	ENSG00000253702	lncRNA	Gibbon
LINC02849	8	ENSG00000285768	lncRNA	Marmoset
LINC02849	8	ENSG00000285768	lncRNA	Owl_monkey
LINC02853	15	ENSG00000259245	lncRNA	Marmoset
LINC02853	15	ENSG00000259245	lncRNA	Owl_monkey
LINC02854	7	ENSG00000238131	lncRNA	Owl_monkey
LINC02855	8	ENSG00000254209	lncRNA	Gibbon
LINC02855	8	ENSG00000254209	lncRNA	Marmoset
LINC02855	8	ENSG00000254209	lncRNA	Owl_monkey
LINC02857	6	ENSG00000230852	lncRNA	Bonobo
LINC02857	6	ENSG00000230852	lncRNA	Chimpanzee
LINC02858	16	ENSG00000285869	lncRNA	Bonobo
LINC02858	16	ENSG00000285869	lncRNA	Chimpanzee
LINC02860	7	ENSG00000222004	lncRNA	Owl_monkey
LINC02864	18	ENSG00000263711	lncRNA	Owl_monkey
LINC2194	16	ENSG00000260264	lncRNA	Marmoset
LINC2194	16	ENSG00000260264	lncRNA	Owl_monkey
LINP1	10	ENSG00000223784	lncRNA	Gorilla
LIPC	15	ENSG00000166035	protein_coding	Owl_monkey
LIPE-AS1	19	ENSG00000213904	lncRNA	Gibbon
LIPI	21	ENSG00000188992	protein_coding	Gibbon
LIPJ	10	ENSG00000204022	protein_coding	Marmoset
LIPJ	10	ENSG00000204022	protein_coding	Owl_monkey
LITAFD	16	ENSG00000283516	protein_coding	Gorilla
LMAN1L	15	ENSG00000140506	protein_coding	Macaque_indian
LMBR1	7	ENSG00000105983	protein_coding	Gorilla
LMBRD1	6	ENSG00000168216	protein_coding	Marmoset
LMBRD1	6	ENSG00000168216	protein_coding	Owl_monkey
LMCD1-AS1	3	ENSG00000227110	lncRNA	Marmoset
LMCD1-AS1	3	ENSG00000227110	lncRNA	Owl_monkey
LMLN	3	ENSG00000185621	protein_coding	Macaque_indian
LMO7	13	ENSG00000136153	protein_coding	Owl_monkey
LNC-LBCS	6	ENSG00000228412	lncRNA	Marmoset
LNC-LBCS	6	ENSG00000228412	lncRNA	Owl_monkey
LNCAROD	10	ENSG00000231131	lncRNA	Owl_monkey
LNCARSR	9	ENSG00000233086	lncRNA	Marmoset
LNCARSR	9	ENSG00000233086	lncRNA	Owl_monkey
LNCOC1	8	ENSG00000253741	lncRNA	Macaque_indian
LNCOG	12	ENSG00000257219	lncRNA	Marmoset
LNCOG	12	ENSG00000257219	lncRNA	Owl_monkey
LNCPRESS2	4	ENSG00000249152	lncRNA	Gibbon
LNCPRESS2	4	ENSG00000249152	lncRNA	Macaque_indian
LNCPRESS2	4	ENSG00000249152	lncRNA	Marmoset
LNCPRESS2	4	ENSG00000249152	lncRNA	Orangutan
LNCPRESS2	4	ENSG00000249152	lncRNA	Owl_monkey
LNPK	2	ENSG00000144320	protein_coding	Gibbon
LNX1	4	ENSG00000072201	protein_coding	Macaque_indian
LOR	1	ENSG00000203782	protein_coding	Marmoset
LOR	1	ENSG00000203782	protein_coding	Owl_monkey
LPAL2	6	ENSG00000213071	transcribed_unprocessed_pseudogene	Orangutan
LPIN1	2	ENSG00000134324	protein_coding	Gibbon
LRATD1	2	ENSG00000162981	processed_transcript	Marmoset
LRATD1	2	ENSG00000162981	processed_transcript	Owl_monkey
LRIG2-DT	1	ENSG00000238198	lncRNA	Macaque_indian
LRP2BP	4	ENSG00000109771	protein_coding	Gibbon
LRRC34P1	12	ENSG00000256371	processed_pseudogene	Macaque_indian
LRRC34P1	12	ENSG00000256371	processed_pseudogene	Marmoset
LRRC34P1	12	ENSG00000256371	processed_pseudogene	Owl_monkey
LRRC36	16	ENSG00000159708	protein_coding	Gibbon
LRRC37A11P	17	ENSG00000214553	transcribed_unprocessed_pseudogene	Orangutan
LRRC37A12P	1	ENSG00000229259	unprocessed_pseudogene	Gibbon
LRRC37A3	17	ENSG00000176809	protein_coding	Macaque_indian
LRRC39	1	ENSG00000122477	protein_coding	Owl_monkey
LRRC49	15	ENSG00000137821	protein_coding	Marmoset
LRRC49	15	ENSG00000137821	protein_coding	Owl_monkey
LRRC4C	11	ENSG00000148948	protein_coding	Gibbon
LRRC4C	11	ENSG00000148948	protein_coding	Macaque_indian
LRRC4C	11	ENSG00000148948	protein_coding	Marmoset
LRRC4C	11	ENSG00000148948	protein_coding	Orangutan
LRRC4C	11	ENSG00000148948	protein_coding	Owl_monkey
LRRC52-AS1	1	ENSG00000237463	lncRNA	Marmoset
LRRC63	13	ENSG00000173988	protein_coding	Gibbon
LRRC66	4	ENSG00000188993	protein_coding	Marmoset
LRRC66	4	ENSG00000188993	protein_coding	Owl_monkey
LRRC71	1	ENSG00000160838	protein_coding	Owl_monkey
LRRC8C	1	ENSG00000171488	processed_transcript	Orangutan
LRRC8E	19	ENSG00000171017	protein_coding	Marmoset
LRRC8E	19	ENSG00000171017	protein_coding	Owl_monkey
LRRTM4	2	ENSG00000176204	protein_coding	Gibbon
LRRTM4	2	ENSG00000176204	protein_coding	Macaque_indian
LRRTM4	2	ENSG00000176204	protein_coding	Marmoset
LRRTM4	2	ENSG00000176204	protein_coding	Orangutan
LRRTM4	2	ENSG00000176204	protein_coding	Owl_monkey
LSM3P3	2	ENSG00000225787	processed_pseudogene	Gibbon
LTBP1	2	ENSG00000049323	protein_coding	Marmoset
LTBP4	19	ENSG00000090006	protein_coding	Marmoset
LTBP4	19	ENSG00000090006	protein_coding	Owl_monkey
LUADT1	6	ENSG00000196634	lncRNA	Macaque_indian
LUCAT1	5	ENSG00000248323	lncRNA	Marmoset
LUCAT1	5	ENSG00000248323	lncRNA	Owl_monkey
LUNAR1	15	ENSG00000278090	lncRNA	Orangutan
LUZP4	X	ENSG00000102021	protein_coding	Marmoset
LY6K	8	ENSG00000160886	protein_coding	Owl_monkey
LY9	1	ENSG00000122224	protein_coding	Marmoset
LY9	1	ENSG00000122224	protein_coding	Owl_monkey
LYG1	2	ENSG00000144214	protein_coding	Owl_monkey
LYPD4	19	ENSG00000273111	protein_coding	Owl_monkey
LYPD6	2	ENSG00000187123	protein_coding	Bonobo
LYPD6	2	ENSG00000187123	protein_coding	Chimpanzee
LYPLA1P3	6	ENSG00000218350	processed_pseudogene	Gibbon
LYPLA1P3	6	ENSG00000218350	processed_pseudogene	Macaque_indian
LYPLA1P3	6	ENSG00000218350	processed_pseudogene	Marmoset
LYPLA1P3	6	ENSG00000218350	processed_pseudogene	Orangutan
LYPLA1P3	6	ENSG00000218350	processed_pseudogene	Owl_monkey
LYPLA2P3	9	ENSG00000236604	processed_pseudogene	Macaque_indian
LYPLAL1	1	ENSG00000143353	protein_coding	Marmoset
LYPLAL1-AS1	1	ENSG00000228536	lncRNA	Gibbon
LYPLAL1-AS1	1	ENSG00000228536	lncRNA	Macaque_indian
LYPLAL1-AS1	1	ENSG00000228536	lncRNA	Marmoset
LYPLAL1-AS1	1	ENSG00000228536	lncRNA	Orangutan
LYPLAL1-AS1	1	ENSG00000228536	lncRNA	Owl_monkey
LZIC	1	ENSG00000162441	protein_coding	Owl_monkey
MACC1	7	ENSG00000183742	protein_coding	Owl_monkey
MACF1	1	ENSG00000127603	protein_coding	Marmoset
MACROD2	20	ENSG00000172264	protein_coding	Owl_monkey
MADD	11	ENSG00000110514	protein_coding	Gorilla
MAFA-AS1	8	ENSG00000254338	lncRNA	Macaque_indian
MAFTRR	16	ENSG00000261390	lncRNA	Marmoset
MAGEA10-MAGEA5	X	ENSG00000266560	lncRNA	Gibbon
MAGEA4-AS1	X	ENSG00000229967	lncRNA	Marmoset
MAGEA4-AS1	X	ENSG00000229967	lncRNA	Owl_monkey
MAGEB16	X	ENSG00000189023	protein_coding	Macaque_indian
MAGEB17	X	ENSG00000182798	protein_coding	Marmoset
MAGEB3	X	ENSG00000198798	protein_coding	Gibbon
MAGEB3	X	ENSG00000198798	protein_coding	Macaque_indian
MAGEB3	X	ENSG00000198798	protein_coding	Marmoset
MAGEB3	X	ENSG00000198798	protein_coding	Owl_monkey
MAGEB5	X	ENSG00000188408	protein_coding	Gibbon
MAGEB5	X	ENSG00000188408	protein_coding	Marmoset
MAGEB5	X	ENSG00000188408	protein_coding	Owl_monkey
MAGEB6	X	ENSG00000176746	protein_coding	Macaque_indian
MAGEB6	X	ENSG00000176746	protein_coding	Marmoset
MAGEB6	X	ENSG00000176746	protein_coding	Owl_monkey
MAGEC1	X	ENSG00000155495	protein_coding	Bonobo
MAGEC1	X	ENSG00000155495	protein_coding	Chimpanzee
MAGEC1	X	ENSG00000155495	protein_coding	Macaque_indian
MAGEC3	X	ENSG00000165509	protein_coding	Owl_monkey
MAGI2-AS3	7	ENSG00000234456	lncRNA	Marmoset
MAGI2-AS3	7	ENSG00000234456	lncRNA	Owl_monkey
MAGOH3P	14	ENSG00000270975	unprocessed_pseudogene	Marmoset
MAGOH3P	14	ENSG00000270975	unprocessed_pseudogene	Owl_monkey
MAL2	8	ENSG00000147676	protein_coding	Bonobo
MAL2	8	ENSG00000147676	protein_coding	Chimpanzee
MAL2	8	ENSG00000147676	protein_coding	Gibbon
MAL2	8	ENSG00000147676	protein_coding	Gorilla
MAL2	8	ENSG00000147676	protein_coding	Macaque_indian
MAL2	8	ENSG00000147676	protein_coding	Marmoset
MAL2	8	ENSG00000147676	protein_coding	Orangutan
MAL2	8	ENSG00000147676	protein_coding	Owl_monkey
MALRD1	10	ENSG00000204740	protein_coding	Bonobo
MAMDC4	9	ENSG00000177943	protein_coding	Orangutan
MAN1A2	1	ENSG00000198162	protein_coding	Marmoset
MAN2B2	4	ENSG00000013288	protein_coding	Marmoset
MAN2B2	4	ENSG00000013288	protein_coding	Owl_monkey
MAP1LC3BP1	9	ENSG00000231909	transcribed_processed_pseudogene	Owl_monkey
MAP4K1	19	ENSG00000104814	protein_coding	Bonobo
MAP4K1	19	ENSG00000104814	protein_coding	Chimpanzee
MAP4K3-DT	2	ENSG00000231312	lncRNA	Marmoset
MAP6	11	ENSG00000171533	protein_coding	Owl_monkey
MAP7	6	ENSG00000135525	protein_coding	Chimpanzee
MAPK6P6	10	ENSG00000226389	processed_pseudogene	Marmoset
MAPK6P6	10	ENSG00000226389	processed_pseudogene	Owl_monkey
MAPK8IP2	22	ENSG00000008735	protein_coding	Orangutan
MARK2P10	7	ENSG00000227284	processed_pseudogene	Marmoset
MARK2P10	7	ENSG00000227284	processed_pseudogene	Owl_monkey
MARK2P11	5	ENSG00000253743	unprocessed_pseudogene	Marmoset
MARK2P14	3	ENSG00000231897	unprocessed_pseudogene	Gorilla
MAS1L	6	ENSG00000204687	protein_coding	Orangutan
MAST2	1	ENSG00000086015	processed_transcript	Gibbon
MCF2L	13	ENSG00000126217	protein_coding	Marmoset
MCHR2-AS1	6	ENSG00000229315	lncRNA	Bonobo
MCHR2-AS1	6	ENSG00000229315	lncRNA	Chimpanzee
MCHR2-AS1	6	ENSG00000229315	lncRNA	Gibbon
MCHR2-AS1	6	ENSG00000229315	lncRNA	Gorilla
MCHR2-AS1	6	ENSG00000229315	lncRNA	Macaque_indian
MCHR2-AS1	6	ENSG00000229315	lncRNA	Marmoset
MCHR2-AS1	6	ENSG00000229315	lncRNA	Orangutan
MCHR2-AS1	6	ENSG00000229315	lncRNA	Owl_monkey
MCM4	8	ENSG00000104738	protein_coding	Marmoset
MCRIP1	17	ENSG00000225663	protein_coding	Gibbon
MCTP2	15	ENSG00000140563	protein_coding	Orangutan
MCTS1	X	ENSG00000232119	processed_transcript	Marmoset
MCTS1	X	ENSG00000232119	processed_transcript	Owl_monkey
MDS2	1	ENSG00000197880	lncRNA	Marmoset
MED16	19	ENSG00000175221	protein_coding	Orangutan
MED18	1	ENSG00000130772	protein_coding	Owl_monkey
MEF2BNBP1	12	ENSG00000256844	processed_pseudogene	Gibbon
MEF2C-AS1	5	ENSG00000248309	lncRNA	Gibbon
MEF2C-AS1	5	ENSG00000248309	lncRNA	Marmoset
MEF2C-AS1	5	ENSG00000248309	lncRNA	Owl_monkey
MEG8	14	ENSG00000225746	lncRNA	Gibbon
MEG8	14	ENSG00000225746	lncRNA	Owl_monkey
MEGF10	5	ENSG00000145794	protein_coding	Marmoset
MEGF10	5	ENSG00000145794	protein_coding	Owl_monkey
MEMO1P3	3	ENSG00000239238	processed_pseudogene	Marmoset
MEMO1P3	3	ENSG00000239238	processed_pseudogene	Owl_monkey
MEMO1P5	13	ENSG00000271492	processed_pseudogene	Macaque_indian
MEP1AP1	9	ENSG00000283246	unprocessed_pseudogene	Gorilla
MEPE	4	ENSG00000152595	protein_coding	Macaque_indian
MESP2	15	ENSG00000188095	protein_coding	Owl_monkey
METRN	16	ENSG00000103260	protein_coding	Marmoset
METTL15	11	ENSG00000169519	nonsense_mediated_decay	Marmoset
METTL27	7	ENSG00000165171	protein_coding	Macaque_indian
MFAP5	12	ENSG00000197614	protein_coding	Marmoset
MFAP5	12	ENSG00000197614	protein_coding	Owl_monkey
MFSD13A	10	ENSG00000138111	protein_coding	Macaque_indian
MGAM	7	ENSG00000257335	protein_coding	Owl_monkey
MGAM2	7	ENSG00000257743	protein_coding	Marmoset
MGAM2	7	ENSG00000257743	protein_coding	Owl_monkey
MGAT4D	4	ENSG00000205301	protein_coding	Gibbon
MGAT4D	4	ENSG00000205301	protein_coding	Marmoset
MGAT4FP	1	ENSG00000234761	transcribed_unprocessed_pseudogene	Gibbon
MIA3	1	ENSG00000154305	protein_coding	Macaque_indian
MIA3	1	ENSG00000154305	protein_coding	Marmoset
MIATNB	22	ENSG00000244625	lncRNA	Marmoset
MIATNB	22	ENSG00000244625	lncRNA	Owl_monkey
MID1	X	ENSG00000101871	protein_coding	Macaque_indian
MID1	X	ENSG00000101871	protein_coding	Marmoset
MID1	X	ENSG00000101871	protein_coding	Owl_monkey
MIER3	5	ENSG00000155545	protein_coding	Marmoset
MIGA2	9	ENSG00000148343	protein_coding	Marmoset
MILR1	17	ENSG00000271605	protein_coding	Owl_monkey
MIPEPP1	7	ENSG00000225358	processed_pseudogene	Gibbon
MIPEPP1	7	ENSG00000225358	processed_pseudogene	Macaque_indian
MIPEPP1	7	ENSG00000225358	processed_pseudogene	Marmoset
MIPEPP1	7	ENSG00000225358	processed_pseudogene	Orangutan
MIPEPP1	7	ENSG00000225358	processed_pseudogene	Owl_monkey
MIPEPP2	1	ENSG00000224783	processed_pseudogene	Macaque_indian
MIPEPP2	1	ENSG00000224783	processed_pseudogene	Marmoset
MIR100HG	11	ENSG00000255248	lncRNA	Gibbon
MIR122HG	18	ENSG00000267391	lncRNA	Marmoset
MIR1302-4	2	ENSG00000221628	miRNA	Bonobo
MIR1321	X	ENSG00000283435	miRNA	Macaque_indian
MIR137HG	1	ENSG00000225206	lncRNA	Marmoset
MIR137HG	1	ENSG00000225206	lncRNA	Owl_monkey
MIR193BHG	16	ENSG00000262454	lncRNA	Gibbon
MIR2052HG	8	ENSG00000254349	lncRNA	Gibbon
MIR2052HG	8	ENSG00000254349	lncRNA	Macaque_indian
MIR2052HG	8	ENSG00000254349	lncRNA	Marmoset
MIR2052HG	8	ENSG00000254349	lncRNA	Orangutan
MIR2052HG	8	ENSG00000254349	lncRNA	Owl_monkey
MIR2117HG	17	ENSG00000267151	lncRNA	Bonobo
MIR2117HG	17	ENSG00000267151	lncRNA	Chimpanzee
MIR2117HG	17	ENSG00000267151	lncRNA	Gibbon
MIR2117HG	17	ENSG00000267151	lncRNA	Gorilla
MIR2117HG	17	ENSG00000267151	lncRNA	Macaque_indian
MIR2117HG	17	ENSG00000267151	lncRNA	Marmoset
MIR2117HG	17	ENSG00000267151	lncRNA	Orangutan
MIR2117HG	17	ENSG00000267151	lncRNA	Owl_monkey
MIR3144	6	ENSG00000265725	miRNA	Gibbon
MIR3168	13	ENSG00000264226	miRNA	Macaque_indian
MIR3681HG	2	ENSG00000224184	lncRNA	Macaque_indian
MIR3681HG	2	ENSG00000224184	lncRNA	Marmoset
MIR3681HG	2	ENSG00000224184	lncRNA	Owl_monkey
MIR3683	7	ENSG00000266287	miRNA	Gorilla
MIR378F	1	ENSG00000264926	miRNA	Gibbon
MIR3936HG	5	ENSG00000233006	lncRNA	Marmoset
MIR3976HG	18	ENSG00000261738	lncRNA	Macaque_indian
MIR4255	1	ENSG00000264698	miRNA	Marmoset
MIR4255	1	ENSG00000264698	miRNA	Owl_monkey
MIR4290HG	9	ENSG00000227555	lncRNA	Gibbon
MIR4290HG	9	ENSG00000227555	lncRNA	Macaque_indian
MIR4290HG	9	ENSG00000227555	lncRNA	Marmoset
MIR4290HG	9	ENSG00000227555	lncRNA	Owl_monkey
MIR4300HG	11	ENSG00000245832	lncRNA	Gibbon
MIR4300HG	11	ENSG00000245832	lncRNA	Macaque_indian
MIR4300HG	11	ENSG00000245832	lncRNA	Marmoset
MIR4300HG	11	ENSG00000245832	lncRNA	Owl_monkey
MIR4325	20	ENSG00000266666	miRNA	Marmoset
MIR4325	20	ENSG00000266666	miRNA	Owl_monkey
MIR4421	1	ENSG00000265538	miRNA	Gibbon
MIR4424	1	ENSG00000266417	miRNA	Owl_monkey
MIR4478	9	ENSG00000266583	miRNA	Owl_monkey
MIR4500HG	13	ENSG00000228824	lncRNA	Macaque_indian
MIR4500HG	13	ENSG00000228824	lncRNA	Marmoset
MIR4500HG	13	ENSG00000228824	lncRNA	Owl_monkey
MIR4527HG	18	ENSG00000267761	lncRNA	Gibbon
MIR548AE2	5	ENSG00000265699	miRNA	Gibbon
MIR548X2	13	ENSG00000263581	miRNA	Macaque_indian
MIR572	4	ENSG00000207716	miRNA	Marmoset
MIR572	4	ENSG00000207716	miRNA	Owl_monkey
MIR6078	10	ENSG00000274809	miRNA	Marmoset
MIR6078	10	ENSG00000274809	miRNA	Owl_monkey
MIR646HG	20	ENSG00000228340	lncRNA	Gibbon
MIR646HG	20	ENSG00000228340	lncRNA	Macaque_indian
MIR646HG	20	ENSG00000228340	lncRNA	Marmoset
MIR646HG	20	ENSG00000228340	lncRNA	Owl_monkey
MIR663AHG	20	ENSG00000227195	lncRNA	Gorilla
MIR7-3HG	19	ENSG00000176840	lncRNA	Gibbon
MIR924HG	18	ENSG00000267374	lncRNA	Marmoset
MIR99AHG	21	ENSG00000215386	lncRNA	Gibbon
MIR99AHG	21	ENSG00000215386	lncRNA	Macaque_indian
MIR99AHG	21	ENSG00000215386	lncRNA	Marmoset
MIR99AHG	21	ENSG00000215386	lncRNA	Owl_monkey
MKI67P1	X	ENSG00000270499	processed_pseudogene	Owl_monkey
MKNK2P1	10	ENSG00000233533	processed_pseudogene	Gorilla
MKRN7P	20	ENSG00000225849	processed_transcript	Macaque_indian
MKRN7P	20	ENSG00000225849	processed_transcript	Orangutan
MKX-AS1	10	ENSG00000230500	lncRNA	Marmoset
MKX-AS1	10	ENSG00000230500	lncRNA	Owl_monkey
MLH1	3	ENSG00000076242	protein_coding	Marmoset
MLH1	3	ENSG00000076242	protein_coding	Owl_monkey
MLLT10	10	ENSG00000078403	protein_coding	Marmoset
MLLT10	10	ENSG00000078403	protein_coding	Owl_monkey
MNS1	15	ENSG00000138587	protein_coding	Gorilla
MOBP	3	ENSG00000168314	protein_coding	Marmoset
MOBP	3	ENSG00000168314	protein_coding	Owl_monkey
MOGAT1	2	ENSG00000124003	protein_coding	Orangutan
MORC2	22	ENSG00000133422	protein_coding	Macaque_indian
MORC2	22	ENSG00000133422	protein_coding	Marmoset
MORC2	22	ENSG00000133422	protein_coding	Owl_monkey
MORF4L1P5	X	ENSG00000231857	processed_pseudogene	Gibbon
MORF4L1P6	X	ENSG00000233162	processed_pseudogene	Gibbon
MPP4	2	ENSG00000082126	protein_coding	Gibbon
MPPE1	18	ENSG00000154889	protein_coding	Gibbon
MRAP	21	ENSG00000170262	protein_coding	Gibbon
MREG	2	ENSG00000118242	protein_coding	Marmoset
MREG	2	ENSG00000118242	protein_coding	Owl_monkey
MRLN	10	ENSG00000227877	protein_coding	Gibbon
MRLN	10	ENSG00000227877	protein_coding	Marmoset
MRLN	10	ENSG00000227877	protein_coding	Owl_monkey
MROH2A	2	ENSG00000185038	protein_coding	Bonobo
MROH2A	2	ENSG00000185038	protein_coding	Chimpanzee
MROH2A	2	ENSG00000185038	protein_coding	Gibbon
MROH2A	2	ENSG00000185038	protein_coding	Marmoset
MRPL35P2	10	ENSG00000232075	processed_pseudogene	Owl_monkey
MRPL3P1	13	ENSG00000215349	processed_pseudogene	Gorilla
MRPL42P3	6	ENSG00000219297	processed_pseudogene	Owl_monkey
MRPL43	10	ENSG00000055950	protein_coding	Marmoset
MRPS11P1	20	ENSG00000225803	processed_pseudogene	Owl_monkey
MRPS18BP2	2	ENSG00000235232	processed_pseudogene	Marmoset
MRPS31P5	13	ENSG00000243406	processed_transcript	Gorilla
MRPS31P5	13	ENSG00000243406	processed_transcript	Macaque_indian
MRPS5P3	5	ENSG00000214743	processed_pseudogene	Marmoset
MRPS5P3	5	ENSG00000214743	processed_pseudogene	Owl_monkey
MRRFP1	X	ENSG00000224236	processed_pseudogene	Macaque_indian
MRRFP1	X	ENSG00000224236	processed_pseudogene	Owl_monkey
MS4A15	11	ENSG00000166961	protein_coding	Owl_monkey
MS4A18	11	ENSG00000214782	protein_coding	Owl_monkey
MS4A4E	11	ENSG00000214787	protein_coding	Orangutan
MSANTD1	4	ENSG00000188981	protein_coding	Owl_monkey
MSANTD2P1	21	ENSG00000231058	processed_pseudogene	Macaque_indian
MSANTD2P1	21	ENSG00000231058	processed_pseudogene	Marmoset
MSANTD2P1	21	ENSG00000231058	processed_pseudogene	Owl_monkey
MSC-AS1	8	ENSG00000235531	lncRNA	Marmoset
MSC-AS1	8	ENSG00000235531	lncRNA	Owl_monkey
MSH2	2	ENSG00000095002	nonsense_mediated_decay	Macaque_indian
MSR1	8	ENSG00000038945	protein_coding	Marmoset
MSR1	8	ENSG00000038945	protein_coding	Owl_monkey
MSRB3	12	ENSG00000174099	protein_coding	Marmoset
MSRB3	12	ENSG00000174099	protein_coding	Owl_monkey
MT1HL1	1	ENSG00000244020	protein_coding	Macaque_indian
MT1HL1	1	ENSG00000244020	protein_coding	Marmoset
MT1HL1	1	ENSG00000244020	protein_coding	Owl_monkey
MT2P1	4	ENSG00000162840	processed_pseudogene	Macaque_indian
MT2P1	4	ENSG00000162840	processed_pseudogene	Marmoset
MT2P1	4	ENSG00000162840	processed_pseudogene	Owl_monkey
MTCL1P1	13	ENSG00000226554	processed_pseudogene	Marmoset
MTCL1P1	13	ENSG00000226554	processed_pseudogene	Owl_monkey
MTCO1P21	1	ENSG00000226960	unprocessed_pseudogene	Gibbon
MTCO1P56	6	ENSG00000220340	processed_pseudogene	Marmoset
MTCO1P56	6	ENSG00000220340	processed_pseudogene	Owl_monkey
MTCO2P30	5	ENSG00000250808	processed_pseudogene	Marmoset
MTCO2P30	5	ENSG00000250808	processed_pseudogene	Owl_monkey
MTCYBP19	8	ENSG00000253504	unprocessed_pseudogene	Marmoset
MTCYBP19	8	ENSG00000253504	unprocessed_pseudogene	Owl_monkey
MTCYBP21	21	ENSG00000224747	processed_pseudogene	Gorilla
MTCYBP24	7	ENSG00000236232	unprocessed_pseudogene	Marmoset
MTCYBP24	7	ENSG00000236232	unprocessed_pseudogene	Owl_monkey
MTCYBP41	11	ENSG00000254650	processed_pseudogene	Marmoset
MTCYBP41	11	ENSG00000254650	processed_pseudogene	Owl_monkey
MTERF1	7	ENSG00000127989	protein_coding	Marmoset
MTERF1	7	ENSG00000127989	protein_coding	Owl_monkey
MTG1	10	ENSG00000148824	protein_coding	Gibbon
MTHFD1	14	ENSG00000100714	protein_coding	Marmoset
MTHFD1	14	ENSG00000100714	protein_coding	Owl_monkey
MTHFD1L	6	ENSG00000120254	protein_coding	Marmoset
MTHFD1L	6	ENSG00000120254	protein_coding	Owl_monkey
MTHFD2L	4	ENSG00000163738	nonsense_mediated_decay	Marmoset
MTHFD2L	4	ENSG00000163738	nonsense_mediated_decay	Owl_monkey
MTHFD2P1	3	ENSG00000244681	processed_transcript	Macaque_indian
MTHFD2P1	3	ENSG00000244681	processed_transcript	Marmoset
MTHFD2P1	3	ENSG00000244681	processed_transcript	Owl_monkey
MTHFD2P7	3	ENSG00000181260	processed_pseudogene	Owl_monkey
MTLN	2	ENSG00000175701	protein_coding	Macaque_indian
MTND1P29	2	ENSG00000237722	unprocessed_pseudogene	Gibbon
MTND2P7	8	ENSG00000253970	processed_pseudogene	Marmoset
MTND2P7	8	ENSG00000253970	processed_pseudogene	Owl_monkey
MTND2P9	9	ENSG00000225901	unprocessed_pseudogene	Owl_monkey
MTND4P6	7	ENSG00000224042	processed_pseudogene	Owl_monkey
MTND4P9	4	ENSG00000250050	unprocessed_pseudogene	Marmoset
MTND4P9	4	ENSG00000250050	unprocessed_pseudogene	Owl_monkey
MTO1	6	ENSG00000135297	protein_coding	Marmoset
MTO1	6	ENSG00000135297	protein_coding	Owl_monkey
MTRF1LP2	8	ENSG00000224110	processed_pseudogene	Macaque_indian
MTRNR2L13	4	ENSG00000270394	protein_coding	Gibbon
MTRNR2L9	6	ENSG00000255633	processed_pseudogene	Owl_monkey
MUC12	7	ENSG00000205277	protein_coding	Bonobo
MUC12	7	ENSG00000205277	protein_coding	Chimpanzee
MUC12	7	ENSG00000205277	protein_coding	Macaque_indian
MUC13	3	ENSG00000173702	processed_transcript	Macaque_indian
MUC16	19	ENSG00000181143	protein_coding	Gibbon
MUC16	19	ENSG00000181143	protein_coding	Macaque_indian
MUC16	19	ENSG00000181143	protein_coding	Marmoset
MUC16	19	ENSG00000181143	protein_coding	Owl_monkey
MUC17	7	ENSG00000169876	protein_coding	Gibbon
MUC19	12	ENSG00000205592	processed_transcript	Gorilla
MUC19	12	ENSG00000205592	processed_transcript	Marmoset
MUC19	12	ENSG00000205592	processed_transcript	Orangutan
MUC19	12	ENSG00000205592	processed_transcript	Owl_monkey
MUC20-OT1	3	ENSG00000242086	lncRNA	Gibbon
MUC22	6	ENSG00000261272	protein_coding	Macaque_indian
MUC22	6	ENSG00000261272	protein_coding	Marmoset
MUC22	6	ENSG00000261272	protein_coding	Owl_monkey
MUC4	3	ENSG00000145113	protein_coding	Bonobo
MUC4	3	ENSG00000145113	protein_coding	Chimpanzee
MUC5AC	11	ENSG00000215182	protein_coding	Gibbon
MUC5AC	11	ENSG00000215182	protein_coding	Orangutan
MUC5B	11	ENSG00000117983	protein_coding	Gibbon
MUC5B	11	ENSG00000117983	protein_coding	Marmoset
MUC5B	11	ENSG00000117983	protein_coding	Orangutan
MUC5B	11	ENSG00000117983	protein_coding	Owl_monkey
MUCL1	12	ENSG00000172551	processed_transcript	Marmoset
MUCL1	12	ENSG00000172551	processed_transcript	Owl_monkey
MYEOV	11	ENSG00000172927	protein_coding	Marmoset
MYH15	3	ENSG00000144821	protein_coding	Macaque_indian
MYH15	3	ENSG00000144821	protein_coding	Marmoset
MYH15	3	ENSG00000144821	protein_coding	Owl_monkey
MYH9	22	ENSG00000100345	protein_coding	Owl_monkey
MYHAS	17	ENSG00000272975	lncRNA	Marmoset
MYL12AP1	8	ENSG00000254387	processed_pseudogene	Marmoset
MYL12AP1	8	ENSG00000254387	processed_pseudogene	Owl_monkey
MYL12BP2	4	ENSG00000227765	processed_pseudogene	Macaque_indian
MYL12BP2	4	ENSG00000227765	processed_pseudogene	Owl_monkey
MYLK	3	ENSG00000065534	protein_coding	Marmoset
MYLK	3	ENSG00000065534	protein_coding	Owl_monkey
MYLK3	16	ENSG00000140795	protein_coding	Gibbon
MYLKP1	3	ENSG00000228868	unprocessed_pseudogene	Gorilla
MYO3A	10	ENSG00000095777	protein_coding	Macaque_indian
MYO7A	11	ENSG00000137474	protein_coding	Marmoset
MYO9B	19	ENSG00000099331	protein_coding	Macaque_indian
MYOCOS	1	ENSG00000283683	protein_coding	Macaque_indian
N4BP1	16	ENSG00000102921	retained_intron	Marmoset
N4BP1	16	ENSG00000102921	retained_intron	Owl_monkey
NAA25	12	ENSG00000111300	protein_coding	Marmoset
NAA80	3	ENSG00000243477	protein_coding	Marmoset
NAA80	3	ENSG00000243477	protein_coding	Owl_monkey
NAALADL2	3	ENSG00000177694	protein_coding	Marmoset
NAALADL2	3	ENSG00000177694	protein_coding	Owl_monkey
NACA2	17	ENSG00000253506	protein_coding	Owl_monkey
NANOGNBP1	2	ENSG00000226034	processed_pseudogene	Owl_monkey
NANOGP1	12	ENSG00000176654	processed_transcript	Macaque_indian
NANS	9	ENSG00000095380	protein_coding	Owl_monkey
NAP1L3	X	ENSG00000186310	protein_coding	Marmoset
NAP1L3	X	ENSG00000186310	protein_coding	Owl_monkey
NAPGP1	10	ENSG00000271408	processed_pseudogene	Owl_monkey
NARS1P2	8	ENSG00000253789	transcribed_processed_pseudogene	Gibbon
NAT16	7	ENSG00000167011	protein_coding	Bonobo
NAT16	7	ENSG00000167011	protein_coding	Chimpanzee
NAT16	7	ENSG00000167011	protein_coding	Gibbon
NAT16	7	ENSG00000167011	protein_coding	Gorilla
NAT16	7	ENSG00000167011	protein_coding	Macaque_indian
NAT16	7	ENSG00000167011	protein_coding	Marmoset
NAT16	7	ENSG00000167011	protein_coding	Orangutan
NAT16	7	ENSG00000167011	protein_coding	Owl_monkey
NBEA	13	ENSG00000172915	protein_coding	Marmoset
NBPF1	1	ENSG00000219481	protein_coding	Gibbon
NBPF1	1	ENSG00000219481	protein_coding	Gorilla
NBPF11	1	ENSG00000263956	protein_coding	Orangutan
NBPF13P	1	ENSG00000227242	unprocessed_pseudogene	Bonobo
NBPF13P	1	ENSG00000227242	unprocessed_pseudogene	Chimpanzee
NBPF21P	3	ENSG00000231382	unprocessed_pseudogene	Gibbon
NBPF3	1	ENSG00000142794	protein_coding	Gorilla
NCF4-AS1	22	ENSG00000183822	lncRNA	Owl_monkey
NCR2	6	ENSG00000096264	protein_coding	Macaque_indian
NCR3LG1	11	ENSG00000188211	protein_coding	Marmoset
NCR3LG1	11	ENSG00000188211	protein_coding	Owl_monkey
NDUFA4P2	3	ENSG00000236691	processed_pseudogene	Gibbon
NDUFA4P2	3	ENSG00000236691	processed_pseudogene	Marmoset
NDUFA4P2	3	ENSG00000236691	processed_pseudogene	Owl_monkey
NDUFA6-DT	22	ENSG00000237037	retained_intron	Macaque_indian
NDUFAF6	8	ENSG00000156170	processed_transcript	Owl_monkey
NDUFB10P1	15	ENSG00000260870	processed_pseudogene	Macaque_indian
NDUFB10P1	15	ENSG00000260870	processed_pseudogene	Marmoset
NDUFB10P1	15	ENSG00000260870	processed_pseudogene	Owl_monkey
NDUFB4P12	4	ENSG00000124399	processed_pseudogene	Gibbon
NDUFB9P2	7	ENSG00000236281	processed_pseudogene	Marmoset
NDUFB9P2	7	ENSG00000236281	processed_pseudogene	Owl_monkey
NDUFC2	11	ENSG00000151366	protein_coding	Marmoset
NDUFC2	11	ENSG00000151366	protein_coding	Owl_monkey
NDUFC2-KCTD14	11	ENSG00000259112	protein_coding	Owl_monkey
NDUFS5P4	4	ENSG00000251437	processed_pseudogene	Marmoset
NDUFS5P4	4	ENSG00000251437	processed_pseudogene	Owl_monkey
NDUFV2P1	19	ENSG00000267809	processed_pseudogene	Macaque_indian
NEBL	10	ENSG00000078114	protein_coding	Marmoset
NEBL	10	ENSG00000078114	protein_coding	Owl_monkey
NECTIN3-AS1	3	ENSG00000242242	lncRNA	Gibbon
NECTIN3-AS1	3	ENSG00000242242	lncRNA	Macaque_indian
NECTIN3-AS1	3	ENSG00000242242	lncRNA	Marmoset
NECTIN3-AS1	3	ENSG00000242242	lncRNA	Orangutan
NECTIN3-AS1	3	ENSG00000242242	lncRNA	Owl_monkey
NEFHP1	1	ENSG00000223489	processed_pseudogene	Marmoset
NEFHP1	1	ENSG00000223489	processed_pseudogene	Owl_monkey
NEFM	8	ENSG00000104722	protein_coding	Marmoset
NEFM	8	ENSG00000104722	protein_coding	Owl_monkey
NEK11	3	ENSG00000114670	protein_coding	Marmoset
NEK11	3	ENSG00000114670	protein_coding	Owl_monkey
NEK4	3	ENSG00000114904	protein_coding	Macaque_indian
NEK5	13	ENSG00000197168	protein_coding	Owl_monkey
NELFB	9	ENSG00000188986	protein_coding	Owl_monkey
NES	1	ENSG00000132688	protein_coding	Marmoset
NEURL3	2	ENSG00000163121	protein_coding	Macaque_indian
NEURL3	2	ENSG00000163121	protein_coding	Marmoset
NEURL3	2	ENSG00000163121	protein_coding	Owl_monkey
NF1P5	18	ENSG00000175319	processed_pseudogene	Gibbon
NFYC	1	ENSG00000066136	protein_coding	Marmoset
NGLY1	3	ENSG00000151092	protein_coding	Owl_monkey
NIFK-AS1	2	ENSG00000236859	lncRNA	Macaque_indian
NIFKP7	3	ENSG00000251590	unprocessed_pseudogene	Marmoset
NIFKP7	3	ENSG00000251590	unprocessed_pseudogene	Owl_monkey
NIPA2P5	13	ENSG00000236277	processed_pseudogene	Gibbon
NIPA2P5	13	ENSG00000236277	processed_pseudogene	Macaque_indian
NIPA2P5	13	ENSG00000236277	processed_pseudogene	Marmoset
NIPA2P5	13	ENSG00000236277	processed_pseudogene	Owl_monkey
NIPAL3	1	ENSG00000001461	protein_coding	Owl_monkey
NKAPP1	X	ENSG00000233382	processed_transcript	Macaque_indian
NKAPP1	X	ENSG00000233382	processed_transcript	Orangutan
NKRF	X	ENSG00000186416	protein_coding	Owl_monkey
NLN	5	ENSG00000123213	protein_coding	Gibbon
NLN	5	ENSG00000123213	protein_coding	Marmoset
NLRP1	17	ENSG00000091592	protein_coding	Marmoset
NLRP1	17	ENSG00000091592	protein_coding	Owl_monkey
NLRP10	11	ENSG00000182261	protein_coding	Bonobo
NLRP10	11	ENSG00000182261	protein_coding	Chimpanzee
NLRP10	11	ENSG00000182261	protein_coding	Gibbon
NLRP10	11	ENSG00000182261	protein_coding	Gorilla
NLRP10	11	ENSG00000182261	protein_coding	Macaque_indian
NLRP10	11	ENSG00000182261	protein_coding	Marmoset
NLRP10	11	ENSG00000182261	protein_coding	Orangutan
NLRP10	11	ENSG00000182261	protein_coding	Owl_monkey
NLRP4	19	ENSG00000160505	protein_coding	Bonobo
NLRP4	19	ENSG00000160505	protein_coding	Chimpanzee
NLRP9	19	ENSG00000185792	protein_coding	Gibbon
NLRP9P1	12	ENSG00000256581	unprocessed_pseudogene	Gorilla
NMNAT1P5	15	ENSG00000259573	processed_pseudogene	Owl_monkey
NMNAT3	3	ENSG00000163864	protein_coding	Gibbon
NMNAT3	3	ENSG00000163864	protein_coding	Macaque_indian
NMNAT3	3	ENSG00000163864	protein_coding	Marmoset
NMNAT3	3	ENSG00000163864	protein_coding	Owl_monkey
NMT1	17	ENSG00000136448	protein_coding	Marmoset
NMT1	17	ENSG00000136448	protein_coding	Owl_monkey
NOP53-AS1	19	ENSG00000269656	lncRNA	Gibbon
NOP53-AS1	19	ENSG00000269656	lncRNA	Macaque_indian
NOSTRIN	2	ENSG00000163072	protein_coding	Marmoset
NOSTRIN	2	ENSG00000163072	protein_coding	Owl_monkey
NOX4	11	ENSG00000086991	protein_coding	Owl_monkey
NPAP1	15	ENSG00000185823	protein_coding	Owl_monkey
NPAP1P2	10	ENSG00000214695	processed_pseudogene	Gorilla
NPC1L1	7	ENSG00000015520	protein_coding	Marmoset
NPC1L1	7	ENSG00000015520	protein_coding	Owl_monkey
NPHP3-AS1	3	ENSG00000248724	lncRNA	Gibbon
NPIPB13	16	ENSG00000198064	protein_coding	Gorilla
NPM1P10	6	ENSG00000214428	processed_pseudogene	Owl_monkey
NPM1P14	7	ENSG00000182965	processed_pseudogene	Marmoset
NPM1P14	7	ENSG00000182965	processed_pseudogene	Owl_monkey
NPM1P17	3	ENSG00000242070	processed_pseudogene	Marmoset
NPM1P17	3	ENSG00000242070	processed_pseudogene	Owl_monkey
NPM1P18	7	ENSG00000225739	processed_pseudogene	Macaque_indian
NPM1P2	18	ENSG00000266227	processed_pseudogene	Marmoset
NPM1P33	2	ENSG00000213925	processed_pseudogene	Marmoset
NPM1P33	2	ENSG00000213925	processed_pseudogene	Owl_monkey
NPM1P46	2	ENSG00000213104	processed_pseudogene	Marmoset
NPM1P46	2	ENSG00000213104	processed_pseudogene	Owl_monkey
NPM1P51	6	ENSG00000230913	processed_pseudogene	Macaque_indian
NPM1P9	X	ENSG00000231066	processed_pseudogene	Marmoset
NPM1P9	X	ENSG00000231066	processed_pseudogene	Owl_monkey
NPSR1	7	ENSG00000187258	protein_coding	Gibbon
NPSR1-AS1	7	ENSG00000197085	lncRNA	Owl_monkey
NPW	16	ENSG00000183971	protein_coding	Macaque_indian
NPY4R	10	ENSG00000204174	protein_coding	Marmoset
NPY6R	5	ENSG00000226306	processed_transcript	Marmoset
NPY6R	5	ENSG00000226306	processed_transcript	Owl_monkey
NR1H5P	1	ENSG00000227970	unitary_pseudogene	Macaque_indian
NR2F1-AS1	5	ENSG00000237187	lncRNA	Marmoset
NR2F1-AS1	5	ENSG00000237187	lncRNA	Owl_monkey
NR2F2-AS1	15	ENSG00000247809	lncRNA	Marmoset
NR2F2-AS1	15	ENSG00000247809	lncRNA	Owl_monkey
NRG1	8	ENSG00000157168	protein_coding	Bonobo
NRG1	8	ENSG00000157168	protein_coding	Chimpanzee
NRG4	15	ENSG00000169752	protein_coding	Gorilla
NRG4	15	ENSG00000169752	protein_coding	Macaque_indian
NRIR	2	ENSG00000225964	lncRNA	Marmoset
NRIR	2	ENSG00000225964	lncRNA	Orangutan
NRIR	2	ENSG00000225964	lncRNA	Owl_monkey
NRM	6	ENSG00000137404	protein_coding	Marmoset
NRXN1	2	ENSG00000179915	protein_coding	Owl_monkey
NSD2	4	ENSG00000109685	protein_coding	Gibbon
NSG1	4	ENSG00000168824	protein_coding	Owl_monkey
NSL1	1	ENSG00000117697	protein_coding	Marmoset
NSL1	1	ENSG00000117697	protein_coding	Owl_monkey
NSMCE1-DT	16	ENSG00000245888	lncRNA	Owl_monkey
NUBPL	14	ENSG00000151413	protein_coding	Macaque_indian
NUBPL	14	ENSG00000151413	protein_coding	Marmoset
NUBPL	14	ENSG00000151413	protein_coding	Owl_monkey
NUDT2	9	ENSG00000164978	protein_coding	Owl_monkey
NUMA1	11	ENSG00000137497	protein_coding	Marmoset
NUMA1	11	ENSG00000137497	protein_coding	Owl_monkey
NUP210P1	3	ENSG00000198284	processed_transcript	Orangutan
NUP35	2	ENSG00000163002	protein_coding	Owl_monkey
NUP35P2	7	ENSG00000226285	processed_pseudogene	Owl_monkey
NUS1P1	X	ENSG00000235636	processed_pseudogene	Gibbon
NUTF2P2	14	ENSG00000258300	processed_pseudogene	Marmoset
NUTM2A-AS1	10	ENSG00000223482	lncRNA	Gorilla
NUTM2A-AS1	10	ENSG00000223482	lncRNA	Macaque_indian
NUTM2F	9	ENSG00000130950	protein_coding	Gibbon
NWD1	19	ENSG00000188039	protein_coding	Bonobo
NXNL2	9	ENSG00000130045	protein_coding	Orangutan
NXPE1	11	ENSG00000095110	protein_coding	Macaque_indian
NXT1P1	13	ENSG00000214823	processed_pseudogene	Gibbon
NXT2	X	ENSG00000101888	protein_coding	Owl_monkey
OACYLP	18	ENSG00000224367	transcribed_unitary_pseudogene	Marmoset
OACYLP	18	ENSG00000224367	transcribed_unitary_pseudogene	Owl_monkey
OASL2P	12	ENSG00000283542	unitary_pseudogene	Owl_monkey
OBI1-AS1	13	ENSG00000234377	lncRNA	Gibbon
OBI1-AS1	13	ENSG00000234377	lncRNA	Macaque_indian
OBI1-AS1	13	ENSG00000234377	lncRNA	Marmoset
OBI1-AS1	13	ENSG00000234377	lncRNA	Owl_monkey
OBP2B	9	ENSG00000171102	protein_coding	Macaque_indian
OFCC1	6	ENSG00000181355	processed_transcript	Macaque_indian
OFCC1	6	ENSG00000181355	processed_transcript	Marmoset
OFCC1	6	ENSG00000181355	processed_transcript	Owl_monkey
OLA1P3	12	ENSG00000257966	processed_pseudogene	Gibbon
OLFML2A	9	ENSG00000185585	protein_coding	Marmoset
OLFML2A	9	ENSG00000185585	protein_coding	Owl_monkey
OLMALINC	10	ENSG00000235823	lncRNA	Gibbon
OLMALINC	10	ENSG00000235823	lncRNA	Owl_monkey
OOSP1	11	ENSG00000284873	protein_coding	Macaque_indian
OOSP3	11	ENSG00000285231	protein_coding	Gorilla
OOSP3	11	ENSG00000285231	protein_coding	Macaque_indian
OR10A7	12	ENSG00000179919	protein_coding	Macaque_indian
OR10AD1	12	ENSG00000172640	protein_coding	Marmoset
OR10G2	14	ENSG00000255582	protein_coding	Gibbon
OR10G4	11	ENSG00000254737	protein_coding	Bonobo
OR10G4	11	ENSG00000254737	protein_coding	Chimpanzee
OR10J4	1	ENSG00000249730	polymorphic_pseudogene	Owl_monkey
OR10K1	1	ENSG00000173285	protein_coding	Gorilla
OR10R1P	1	ENSG00000227445	unprocessed_pseudogene	Macaque_indian
OR11A1	6	ENSG00000204694	protein_coding	Bonobo
OR2AD1P	6	ENSG00000223677	unprocessed_pseudogene	Macaque_indian
OR2B11	1	ENSG00000177535	protein_coding	Gibbon
OR2B2	6	ENSG00000168131	protein_coding	Gibbon
OR2B6	6	ENSG00000124657	protein_coding	Macaque_indian
OR2J3	6	ENSG00000204701	protein_coding	Orangutan
OR2M7	1	ENSG00000177186	protein_coding	Orangutan
OR2T10	1	ENSG00000184022	protein_coding	Bonobo
OR2T10	1	ENSG00000184022	protein_coding	Chimpanzee
OR2T10	1	ENSG00000184022	protein_coding	Gibbon
OR2T10	1	ENSG00000184022	protein_coding	Macaque_indian
OR2T33	1	ENSG00000177212	protein_coding	Gorilla
OR2T35	1	ENSG00000177151	protein_coding	Orangutan
OR2W5	1	ENSG00000203664	processed_transcript	Gorilla
OR3A2	17	ENSG00000221882	protein_coding	Orangutan
OR4C14P	11	ENSG00000233301	unprocessed_pseudogene	Gibbon
OR4D9	11	ENSG00000172742	protein_coding	Gibbon
OR4E2	14	ENSG00000221977	protein_coding	Marmoset
OR4E2	14	ENSG00000221977	protein_coding	Owl_monkey
OR4K2	14	ENSG00000165762	protein_coding	Marmoset
OR4K2	14	ENSG00000165762	protein_coding	Owl_monkey
OR4X1	11	ENSG00000176567	protein_coding	Macaque_indian
OR51F2	11	ENSG00000176925	protein_coding	Gibbon
OR52E2	11	ENSG00000176787	protein_coding	Macaque_indian
OR52K3P	11	ENSG00000225101	processed_transcript	Gibbon
OR52Z1	11	ENSG00000176748	unprocessed_pseudogene	Bonobo
OR52Z1	11	ENSG00000176748	unprocessed_pseudogene	Chimpanzee
OR56A3	11	ENSG00000184478	protein_coding	Marmoset
OR56A7P	11	ENSG00000255481	unprocessed_pseudogene	Macaque_indian
OR56B1	11	ENSG00000181023	protein_coding	Marmoset
OR56B1	11	ENSG00000181023	protein_coding	Owl_monkey
OR5AU1	14	ENSG00000169327	protein_coding	Gibbon
OR5D16	11	ENSG00000205029	protein_coding	Macaque_indian
OR5G5P	11	ENSG00000205025	processed_transcript	Orangutan
OR5P3	11	ENSG00000182334	protein_coding	Gibbon
OR5S1P	2	ENSG00000213048	unitary_pseudogene	Macaque_indian
OR6B2	2	ENSG00000182083	protein_coding	Orangutan
OR6C1	12	ENSG00000205330	protein_coding	Gorilla
OR6C6	12	ENSG00000188324	protein_coding	Macaque_indian
OR6C65	12	ENSG00000205328	protein_coding	Orangutan
OR6C71P	12	ENSG00000203408	processed_transcript	Gorilla
OR6K2	1	ENSG00000196171	protein_coding	Marmoset
OR6K5P	1	ENSG00000226949	unprocessed_pseudogene	Owl_monkey
OR6N1	1	ENSG00000197403	protein_coding	Marmoset
OR6N1	1	ENSG00000197403	protein_coding	Owl_monkey
OR6N2	1	ENSG00000188340	protein_coding	Gibbon
OR6P1	1	ENSG00000186440	protein_coding	Gibbon
OR6P1	1	ENSG00000186440	protein_coding	Macaque_indian
OR6P1	1	ENSG00000186440	protein_coding	Marmoset
OR6P1	1	ENSG00000186440	protein_coding	Orangutan
OR6P1	1	ENSG00000186440	protein_coding	Owl_monkey
OR7A17	19	ENSG00000185385	protein_coding	Chimpanzee
OR7C1	19	ENSG00000127530	protein_coding	Bonobo
OR7C1	19	ENSG00000127530	protein_coding	Chimpanzee
OR7E104P	13	ENSG00000219926	processed_transcript	Bonobo
OR7E104P	13	ENSG00000219926	processed_transcript	Chimpanzee
OR7E108P	9	ENSG00000270432	unprocessed_pseudogene	Bonobo
OR7E108P	9	ENSG00000270432	unprocessed_pseudogene	Chimpanzee
OR7E14P	11	ENSG00000184669	transcribed_unprocessed_pseudogene	Macaque_indian
OR7E14P	11	ENSG00000184669	transcribed_unprocessed_pseudogene	Marmoset
OR7E14P	11	ENSG00000184669	transcribed_unprocessed_pseudogene	Orangutan
OR7E14P	11	ENSG00000184669	transcribed_unprocessed_pseudogene	Owl_monkey
OR8B1P	11	ENSG00000227737	processed_transcript	Gibbon
OR8B6P	11	ENSG00000255225	unprocessed_pseudogene	Bonobo
OR8D4	11	ENSG00000181518	protein_coding	Gibbon
OR9A2	7	ENSG00000179468	protein_coding	Orangutan
ORC4	2	ENSG00000115947	protein_coding	Marmoset
ORC4	2	ENSG00000115947	protein_coding	Owl_monkey
OSCAR	19	ENSG00000170909	protein_coding	Bonobo
OSCAR	19	ENSG00000170909	protein_coding	Chimpanzee
OSER1-DT	20	ENSG00000223891	lncRNA	Macaque_indian
OSGEPL1	2	ENSG00000128694	protein_coding	Marmoset
OSGEPL1	2	ENSG00000128694	protein_coding	Owl_monkey
OSMR-AS1	5	ENSG00000249740	lncRNA	Gibbon
OSTC	4	ENSG00000198856	protein_coding	Owl_monkey
OSTCP1	6	ENSG00000243775	processed_transcript	Marmoset
OSTCP1	6	ENSG00000243775	processed_transcript	Owl_monkey
OVCH1	12	ENSG00000187950	protein_coding	Owl_monkey
OXNAD1	3	ENSG00000154814	protein_coding	Marmoset
P3H2-AS1	3	ENSG00000225764	lncRNA	Owl_monkey
P3H3	12	ENSG00000110811	protein_coding	Gibbon
PA2G4P2	20	ENSG00000235698	processed_pseudogene	Marmoset
PA2G4P2	20	ENSG00000235698	processed_pseudogene	Owl_monkey
PACRGL	4	ENSG00000163138	protein_coding	Marmoset
PACRGL	4	ENSG00000163138	protein_coding	Owl_monkey
PAEPP1	9	ENSG00000224045	transcribed_unprocessed_pseudogene	Bonobo
PAEPP1	9	ENSG00000224045	transcribed_unprocessed_pseudogene	Chimpanzee
PAICS	4	ENSG00000128050	protein_coding	Marmoset
PAICS	4	ENSG00000128050	protein_coding	Owl_monkey
PAICSP5	7	ENSG00000229877	processed_pseudogene	Macaque_indian
PAICSP5	7	ENSG00000229877	processed_pseudogene	Marmoset
PAICSP5	7	ENSG00000229877	processed_pseudogene	Owl_monkey
PARP11	12	ENSG00000111224	protein_coding	Marmoset
PARP4P2	13	ENSG00000224976	unprocessed_pseudogene	Marmoset
PASD1	X	ENSG00000166049	protein_coding	Owl_monkey
PBX1	1	ENSG00000185630	processed_transcript	Marmoset
PBX1	1	ENSG00000185630	processed_transcript	Owl_monkey
PBX2P1	3	ENSG00000244171	processed_pseudogene	Bonobo
PBX2P1	3	ENSG00000244171	processed_pseudogene	Chimpanzee
PBX2P1	3	ENSG00000244171	processed_pseudogene	Gibbon
PBX2P1	3	ENSG00000244171	processed_pseudogene	Gorilla
PBX2P1	3	ENSG00000244171	processed_pseudogene	Macaque_indian
PBX2P1	3	ENSG00000244171	processed_pseudogene	Marmoset
PBX2P1	3	ENSG00000244171	processed_pseudogene	Orangutan
PBX2P1	3	ENSG00000244171	processed_pseudogene	Owl_monkey
PCAT1	8	ENSG00000253438	lncRNA	Macaque_indian
PCAT1	8	ENSG00000253438	lncRNA	Marmoset
PCAT1	8	ENSG00000253438	lncRNA	Owl_monkey
PCBP1-AS1	2	ENSG00000179818	lncRNA	Marmoset
PCBP1-AS1	2	ENSG00000179818	lncRNA	Orangutan
PCBP1-AS1	2	ENSG00000179818	lncRNA	Owl_monkey
PCCA-DT	13	ENSG00000274605	lncRNA	Gibbon
PCDH15	10	ENSG00000150275	protein_coding	Bonobo
PCDH15	10	ENSG00000150275	protein_coding	Chimpanzee
PCDHB6	5	ENSG00000113211	protein_coding	Orangutan
PCDHB8	5	ENSG00000120322	protein_coding	Marmoset
PCDHGA12	5	ENSG00000253159	protein_coding	Macaque_indian
PCDHGA9	5	ENSG00000261934	protein_coding	Marmoset
PCNPP3	12	ENSG00000213344	processed_pseudogene	Owl_monkey
PCNX2	1	ENSG00000135749	protein_coding	Marmoset
PCNX2	1	ENSG00000135749	protein_coding	Owl_monkey
PDCL3P7	12	ENSG00000256777	processed_pseudogene	Macaque_indian
PDE10A	6	ENSG00000112541	protein_coding	Macaque_indian
PDE11A	2	ENSG00000284741	protein_coding	Macaque_indian
PDIA2	16	ENSG00000185615	protein_coding	Macaque_indian
PDLIM5	4	ENSG00000163110	protein_coding	Marmoset
PDLIM5	4	ENSG00000163110	protein_coding	Owl_monkey
PDP1	8	ENSG00000164951	processed_transcript	Marmoset
PDP1	8	ENSG00000164951	processed_transcript	Owl_monkey
PDZD2	5	ENSG00000133401	protein_coding	Orangutan
PECAM1	17	ENSG00000261371	protein_coding	Owl_monkey
PEG3	19	ENSG00000198300	protein_coding	Marmoset
PEG3	19	ENSG00000198300	protein_coding	Owl_monkey
PER3	1	ENSG00000049246	protein_coding	Marmoset
PER3	1	ENSG00000049246	protein_coding	Owl_monkey
PEX5	12	ENSG00000139197	protein_coding	Gibbon
PEX5	12	ENSG00000139197	protein_coding	Macaque_indian
PEX5	12	ENSG00000139197	protein_coding	Marmoset
PEX5	12	ENSG00000139197	protein_coding	Orangutan
PEX5	12	ENSG00000139197	protein_coding	Owl_monkey
PF4V1	4	ENSG00000109272	protein_coding	Owl_monkey
PFN2	3	ENSG00000070087	protein_coding	Macaque_indian
PGBD4P8	1	ENSG00000229332	processed_pseudogene	Macaque_indian
PHBP11	1	ENSG00000227621	processed_pseudogene	Marmoset
PHBP11	1	ENSG00000227621	processed_pseudogene	Owl_monkey
PHBP14	4	ENSG00000248913	processed_pseudogene	Bonobo
PHBP21	16	ENSG00000260326	processed_pseudogene	Marmoset
PHBP21	16	ENSG00000260326	processed_pseudogene	Owl_monkey
PHBP3	1	ENSG00000228121	processed_pseudogene	Marmoset
PHBP3	1	ENSG00000228121	processed_pseudogene	Owl_monkey
PHGDH	1	ENSG00000092621	protein_coding	Gibbon
PHKA1P1	1	ENSG00000232882	processed_pseudogene	Bonobo
PHKA1P1	1	ENSG00000232882	processed_pseudogene	Chimpanzee
PHKA1P1	1	ENSG00000232882	processed_pseudogene	Gibbon
PHKA1P1	1	ENSG00000232882	processed_pseudogene	Gorilla
PHKA1P1	1	ENSG00000232882	processed_pseudogene	Macaque_indian
PHKA1P1	1	ENSG00000232882	processed_pseudogene	Marmoset
PHKA1P1	1	ENSG00000232882	processed_pseudogene	Orangutan
PHKA1P1	1	ENSG00000232882	processed_pseudogene	Owl_monkey
PIEZO1	16	ENSG00000103335	protein_coding	Gibbon
PIEZO1	16	ENSG00000103335	protein_coding	Macaque_indian
PIEZO1	16	ENSG00000103335	protein_coding	Marmoset
PIEZO1	16	ENSG00000103335	protein_coding	Owl_monkey
PIGT	20	ENSG00000124155	protein_coding	Marmoset
PIGT	20	ENSG00000124155	protein_coding	Owl_monkey
PIK3C2B	1	ENSG00000133056	protein_coding	Macaque_indian
PINCR	X	ENSG00000224294	lncRNA	Gibbon
PINCR	X	ENSG00000224294	lncRNA	Owl_monkey
PIWIL1	12	ENSG00000125207	protein_coding	Marmoset
PIWIL1	12	ENSG00000125207	protein_coding	Owl_monkey
PKD1L1	7	ENSG00000158683	protein_coding	Gibbon
PKD1L1	7	ENSG00000158683	protein_coding	Macaque_indian
PKD1L1	7	ENSG00000158683	protein_coding	Marmoset
PKD1L1	7	ENSG00000158683	protein_coding	Orangutan
PKD1L1	7	ENSG00000158683	protein_coding	Owl_monkey
PKD1L2	16	ENSG00000166473	polymorphic_pseudogene	Gorilla
PKHD1L1	8	ENSG00000205038	protein_coding	Orangutan
PKIA-AS1	8	ENSG00000254266	lncRNA	Macaque_indian
PKMP1	1	ENSG00000236480	processed_pseudogene	Gibbon
PKMP1	1	ENSG00000236480	processed_pseudogene	Marmoset
PKMP1	1	ENSG00000236480	processed_pseudogene	Owl_monkey
PKN2-AS1	1	ENSG00000237505	lncRNA	Gibbon
PLA2G2C	1	ENSG00000187980	protein_coding	Marmoset
PLA2G2C	1	ENSG00000187980	protein_coding	Owl_monkey
PLA2G5	1	ENSG00000127472	processed_transcript	Gibbon
PLA2G5	1	ENSG00000127472	processed_transcript	Marmoset
PLA2G5	1	ENSG00000127472	processed_transcript	Owl_monkey
PLA2G6	22	ENSG00000184381	protein_coding	Bonobo
PLA2G6	22	ENSG00000184381	protein_coding	Chimpanzee
PLAC8	4	ENSG00000145287	protein_coding	Macaque_indian
PLCB1	20	ENSG00000182621	nonsense_mediated_decay	Macaque_indian
PLEKHA5	12	ENSG00000052126	protein_coding	Gibbon
PLEKHA8	7	ENSG00000106086	protein_coding	Marmoset
PLEKHA8	7	ENSG00000106086	protein_coding	Owl_monkey
PLEKHA8P1	12	ENSG00000134297	processed_transcript	Gibbon
PLEKHA8P1	12	ENSG00000134297	processed_transcript	Macaque_indian
PLEKHA8P1	12	ENSG00000134297	processed_transcript	Marmoset
PLEKHA8P1	12	ENSG00000134297	processed_transcript	Owl_monkey
PLEKHG1	6	ENSG00000120278	protein_coding	Gibbon
PLEKHG2	19	ENSG00000090924	protein_coding	Marmoset
PLEKHG4B	5	ENSG00000153404	protein_coding	Gibbon
PLEKHG4B	5	ENSG00000153404	protein_coding	Macaque_indian
PLEKHH2	2	ENSG00000152527	protein_coding	Macaque_indian
PLPP7	9	ENSG00000160539	nonsense_mediated_decay	Owl_monkey
PLS1	3	ENSG00000120756	protein_coding	Macaque_indian
PLSCR2	3	ENSG00000163746	protein_coding	Owl_monkey
PMF1	1	ENSG00000160783	protein_coding	Gibbon
PNLIPRP3	10	ENSG00000203837	protein_coding	Marmoset
PNLIPRP3	10	ENSG00000203837	protein_coding	Owl_monkey
PNPLA8	7	ENSG00000135241	protein_coding	Gibbon
PNRC2	1	ENSG00000189266	protein_coding	Marmoset
POLD2P1	5	ENSG00000213730	processed_pseudogene	Marmoset
POLD2P1	5	ENSG00000213730	processed_pseudogene	Owl_monkey
POLQ	3	ENSG00000051341	protein_coding	Marmoset
POLR1C	6	ENSG00000171453	protein_coding	Marmoset
POLR1C	6	ENSG00000171453	protein_coding	Owl_monkey
POLR2B	4	ENSG00000047315	protein_coding	Gibbon
POLR2B	4	ENSG00000047315	protein_coding	Macaque_indian
POLR2B	4	ENSG00000047315	protein_coding	Marmoset
POLR2B	4	ENSG00000047315	protein_coding	Owl_monkey
POLR2M	15	ENSG00000255529	nonsense_mediated_decay	Marmoset
POLR3F	20	ENSG00000132664	protein_coding	Gibbon
POR	7	ENSG00000127948	protein_coding	Owl_monkey
POT1	7	ENSG00000128513	protein_coding	Marmoset
POT1	7	ENSG00000128513	protein_coding	Owl_monkey
POT1-AS1	7	ENSG00000224897	lncRNA	Gibbon
POT1-AS1	7	ENSG00000224897	lncRNA	Macaque_indian
POT1-AS1	7	ENSG00000224897	lncRNA	Marmoset
POT1-AS1	7	ENSG00000224897	lncRNA	Owl_monkey
POTED	21	ENSG00000166351	protein_coding	Gorilla
POTEF	2	ENSG00000196604	protein_coding	Gibbon
POU5F1B	8	ENSG00000212993	protein_coding	Gibbon
POU5F1B	8	ENSG00000212993	protein_coding	Macaque_indian
POU5F1B	8	ENSG00000212993	protein_coding	Marmoset
POU5F1B	8	ENSG00000212993	protein_coding	Owl_monkey
PPATP1	3	ENSG00000241293	processed_pseudogene	Macaque_indian
PPATP1	3	ENSG00000241293	processed_pseudogene	Marmoset
PPATP1	3	ENSG00000241293	processed_pseudogene	Owl_monkey
PPDPFL	8	ENSG00000168333	protein_coding	Gibbon
PPIAP22	21	ENSG00000198618	processed_pseudogene	Gibbon
PPIAP22	21	ENSG00000198618	processed_pseudogene	Macaque_indian
PPIAP22	21	ENSG00000198618	processed_pseudogene	Marmoset
PPIAP22	21	ENSG00000198618	processed_pseudogene	Orangutan
PPIAP22	21	ENSG00000198618	processed_pseudogene	Owl_monkey
PPIAP72	3	ENSG00000174715	processed_pseudogene	Owl_monkey
PPIAP78	5	ENSG00000234838	processed_pseudogene	Marmoset
PPIAP78	5	ENSG00000234838	processed_pseudogene	Owl_monkey
PPIAP79	5	ENSG00000214853	processed_pseudogene	Marmoset
PPIAP79	5	ENSG00000214853	processed_pseudogene	Owl_monkey
PPP1R11P2	X	ENSG00000231765	processed_pseudogene	Orangutan
PPP1R13L	19	ENSG00000104881	protein_coding	Gibbon
PPP1R14D	15	ENSG00000166143	protein_coding	Marmoset
PPP1R14D	15	ENSG00000166143	protein_coding	Owl_monkey
PPP1R1C	2	ENSG00000150722	processed_transcript	Marmoset
PPP1R2B	5	ENSG00000231989	protein_coding	Macaque_indian
PPP1R2B	5	ENSG00000231989	protein_coding	Marmoset
PPP1R2B	5	ENSG00000231989	protein_coding	Owl_monkey
PPP1R36	14	ENSG00000165807	protein_coding	Marmoset
PPP4R3C	X	ENSG00000224960	protein_coding	Marmoset
PPP4R3C	X	ENSG00000224960	protein_coding	Owl_monkey
PPP5D1	19	ENSG00000230510	protein_coding	Macaque_indian
PRAM1	19	ENSG00000133246	protein_coding	Owl_monkey
PRB2	12	ENSG00000121335	protein_coding	Gibbon
PRB2	12	ENSG00000121335	protein_coding	Orangutan
PRDM9	5	ENSG00000164256	protein_coding	Orangutan
PRDX2P2	10	ENSG00000213724	processed_pseudogene	Macaque_indian
PRDX4P1	4	ENSG00000248987	processed_pseudogene	Marmoset
PRELID3BP1	1	ENSG00000226226	processed_pseudogene	Gibbon
PRF1	10	ENSG00000180644	protein_coding	Orangutan
PRH2	12	ENSG00000134551	protein_coding	Bonobo
PRIMPOL	4	ENSG00000164306	protein_coding	Owl_monkey
PRKAR1A	17	ENSG00000108946	protein_coding	Owl_monkey
PRKD1	14	ENSG00000184304	protein_coding	Macaque_indian
PRMT2	21	ENSG00000160310	protein_coding	Bonobo
PRMT2	21	ENSG00000160310	protein_coding	Chimpanzee
PRMT6	1	ENSG00000198890	nonsense_mediated_decay	Marmoset
PRMT6	1	ENSG00000198890	nonsense_mediated_decay	Owl_monkey
PRODH2	19	ENSG00000250799	protein_coding	Gorilla
PROS2P	3	ENSG00000189002	unprocessed_pseudogene	Gibbon
PROX1-AS1	1	ENSG00000230461	lncRNA	Marmoset
PROX1-AS1	1	ENSG00000230461	lncRNA	Owl_monkey
PRPF38AP2	10	ENSG00000236582	processed_pseudogene	Marmoset
PRPF38AP2	10	ENSG00000236582	processed_pseudogene	Owl_monkey
PRPF6	20	ENSG00000101161	protein_coding	Macaque_indian
PRPF6	20	ENSG00000101161	protein_coding	Marmoset
PRPF6	20	ENSG00000101161	protein_coding	Owl_monkey
PRR16	5	ENSG00000184838	protein_coding	Marmoset
PRR16	5	ENSG00000184838	protein_coding	Owl_monkey
PRR26	10	ENSG00000180525	protein_coding	Marmoset
PRR26	10	ENSG00000180525	protein_coding	Owl_monkey
PRR27	4	ENSG00000187533	protein_coding	Marmoset
PRR36	19	ENSG00000183248	protein_coding	Marmoset
PRR36	19	ENSG00000183248	protein_coding	Owl_monkey
PRR5	22	ENSG00000186654	protein_coding	Owl_monkey
PRSS40A	2	ENSG00000183292	processed_transcript	Macaque_indian
PRSS50	3	ENSG00000283706	protein_coding	Macaque_indian
PRSS55	8	ENSG00000184647	protein_coding	Marmoset
PRSS55	8	ENSG00000184647	protein_coding	Owl_monkey
PRX	19	ENSG00000105227	protein_coding	Macaque_indian
PRXL2AP2	8	ENSG00000254213	processed_pseudogene	Marmoset
PRXL2AP2	8	ENSG00000254213	processed_pseudogene	Owl_monkey
PSAT1P1	8	ENSG00000253810	processed_pseudogene	Marmoset
PSAT1P1	8	ENSG00000253810	processed_pseudogene	Owl_monkey
PSAT1P4	3	ENSG00000224962	processed_pseudogene	Owl_monkey
PSLNR	22	ENSG00000225255	lncRNA	Gorilla
PSMA3-AS1	14	ENSG00000257621	lncRNA	Marmoset
PSMA3P	14	ENSG00000258563	processed_pseudogene	Marmoset
PSMA3P	14	ENSG00000258563	processed_pseudogene	Owl_monkey
PSMC1P10	2	ENSG00000236348	processed_pseudogene	Marmoset
PSMC1P10	2	ENSG00000236348	processed_pseudogene	Owl_monkey
PSMC1P3	7	ENSG00000231244	processed_pseudogene	Marmoset
PSMC1P3	7	ENSG00000231244	processed_pseudogene	Owl_monkey
PSMC1P8	12	ENSG00000256896	processed_pseudogene	Marmoset
PSMD6	3	ENSG00000163636	protein_coding	Gibbon
PSME2P2	13	ENSG00000225131	processed_pseudogene	Macaque_indian
PSME2P2	13	ENSG00000225131	processed_pseudogene	Marmoset
PSME2P2	13	ENSG00000225131	processed_pseudogene	Owl_monkey
PSME2P6	10	ENSG00000227462	processed_pseudogene	Gibbon
PSME2P6	10	ENSG00000227462	processed_pseudogene	Macaque_indian
PSME2P6	10	ENSG00000227462	processed_pseudogene	Marmoset
PSME2P6	10	ENSG00000227462	processed_pseudogene	Owl_monkey
PSME3	17	ENSG00000131467	protein_coding	Marmoset
PSME3	17	ENSG00000131467	protein_coding	Owl_monkey
PSORS1C1	6	ENSG00000204540	protein_coding	Gibbon
PSORS1C1	6	ENSG00000204540	protein_coding	Owl_monkey
PTBP1P	14	ENSG00000259078	processed_pseudogene	Marmoset
PTBP1P	14	ENSG00000259078	processed_pseudogene	Owl_monkey
PTCD2P1	14	ENSG00000258456	processed_pseudogene	Marmoset
PTCHD3	10	ENSG00000182077	protein_coding	Owl_monkey
PTCSC2	9	ENSG00000236130	lncRNA	Macaque_indian
PTCSC3	14	ENSG00000259104	lncRNA	Marmoset
PTER	10	ENSG00000165983	protein_coding	Owl_monkey
PTGFR	1	ENSG00000122420	protein_coding	Gibbon
PTH2R	2	ENSG00000144407	processed_transcript	Macaque_indian
PTMAP5	13	ENSG00000214182	processed_transcript	Gibbon
PTMAP5	13	ENSG00000214182	processed_transcript	Macaque_indian
PTMAP5	13	ENSG00000214182	processed_transcript	Marmoset
PTMAP5	13	ENSG00000214182	processed_transcript	Orangutan
PTMAP5	13	ENSG00000214182	processed_transcript	Owl_monkey
PTMAP6	20	ENSG00000237000	processed_pseudogene	Marmoset
PTMAP6	20	ENSG00000237000	processed_pseudogene	Owl_monkey
PTP4A2	1	ENSG00000184007	protein_coding	Gibbon
PTP4A2	1	ENSG00000184007	protein_coding	Macaque_indian
PTP4A2	1	ENSG00000184007	protein_coding	Marmoset
PTP4A2	1	ENSG00000184007	protein_coding	Orangutan
PTP4A2	1	ENSG00000184007	protein_coding	Owl_monkey
PTPN18	2	ENSG00000072135	protein_coding	Owl_monkey
PTPRF	1	ENSG00000142949	processed_transcript	Macaque_indian
PTPRVP	1	ENSG00000243323	processed_transcript	Macaque_indian
PTPRVP	1	ENSG00000243323	processed_transcript	Marmoset
PTPRVP	1	ENSG00000243323	processed_transcript	Owl_monkey
PUDPP2	1	ENSG00000233792	processed_transcript	Gibbon
PUDPP2	1	ENSG00000233792	processed_transcript	Macaque_indian
PUDPP2	1	ENSG00000233792	processed_transcript	Marmoset
PUDPP2	1	ENSG00000233792	processed_transcript	Orangutan
PUDPP2	1	ENSG00000233792	processed_transcript	Owl_monkey
PURPL	5	ENSG00000250337	lncRNA	Gibbon
PURPL	5	ENSG00000250337	lncRNA	Macaque_indian
PURPL	5	ENSG00000250337	lncRNA	Marmoset
PURPL	5	ENSG00000250337	lncRNA	Orangutan
PURPL	5	ENSG00000250337	lncRNA	Owl_monkey
PVT1	8	ENSG00000249859	lncRNA	Macaque_indian
PWRN4	15	ENSG00000260232	lncRNA	Gibbon
PYDC1	16	ENSG00000169900	protein_coding	Macaque_indian
PYHIN1	1	ENSG00000163564	protein_coding	Orangutan
PYHIN5P	1	ENSG00000229849	unprocessed_pseudogene	Gibbon
PYY3	X	ENSG00000181977	processed_pseudogene	Marmoset
QRICH2	17	ENSG00000129646	protein_coding	Marmoset
QRICH2	17	ENSG00000129646	protein_coding	Owl_monkey
RAB1C	9	ENSG00000233111	processed_pseudogene	Gibbon
RAB1C	9	ENSG00000233111	processed_pseudogene	Macaque_indian
RAB1C	9	ENSG00000233111	processed_pseudogene	Marmoset
RAB1C	9	ENSG00000233111	processed_pseudogene	Owl_monkey
RAB30-DT	11	ENSG00000246067	lncRNA	Marmoset
RAB30-DT	11	ENSG00000246067	lncRNA	Owl_monkey
RAB43	3	ENSG00000172780	protein_coding	Owl_monkey
RABGEF1	7	ENSG00000154710	nonsense_mediated_decay	Orangutan
RAC1P2	4	ENSG00000249936	processed_pseudogene	Marmoset
RAC1P2	4	ENSG00000249936	processed_pseudogene	Owl_monkey
RACGAP1	12	ENSG00000161800	protein_coding	Macaque_indian
RAD51	15	ENSG00000051180	protein_coding	Marmoset
RAD51D	17	ENSG00000185379	protein_coding	Gorilla
RAET1E	6	ENSG00000164520	protein_coding	Orangutan
RAET1G	6	ENSG00000203722	protein_coding	Owl_monkey
RAET1K	6	ENSG00000218358	processed_transcript	Gibbon
RALBP1	18	ENSG00000017797	protein_coding	Macaque_indian
RAMP3	7	ENSG00000122679	protein_coding	Gibbon
RANBP2	2	ENSG00000153201	protein_coding	Gorilla
RANBP2	2	ENSG00000153201	protein_coding	Orangutan
RANBP2	2	ENSG00000153201	protein_coding	Owl_monkey
RAP1GAP	1	ENSG00000076864	protein_coding	Marmoset
RAP2A	13	ENSG00000125249	protein_coding	Orangutan
RASGRF2-AS1	5	ENSG00000251450	lncRNA	Marmoset
RASGRF2-AS1	5	ENSG00000251450	lncRNA	Orangutan
RASGRF2-AS1	5	ENSG00000251450	lncRNA	Owl_monkey
RB1	13	ENSG00000139687	protein_coding	Marmoset
RB1	13	ENSG00000139687	protein_coding	Owl_monkey
RB1-DT	13	ENSG00000231473	lncRNA	Marmoset
RBBP8NL	20	ENSG00000130701	protein_coding	Macaque_indian
RBCK1	20	ENSG00000125826	protein_coding	Marmoset
RBM11	21	ENSG00000185272	protein_coding	Marmoset
RBM11	21	ENSG00000185272	protein_coding	Owl_monkey
RBM12	20	ENSG00000244462	protein_coding	Marmoset
RBM17	10	ENSG00000134453	protein_coding	Gibbon
RBMX2P2	X	ENSG00000213423	processed_pseudogene	Macaque_indian
RBMX2P2	X	ENSG00000213423	processed_pseudogene	Marmoset
RBMX2P2	X	ENSG00000213423	processed_pseudogene	Owl_monkey
RCAN3	1	ENSG00000117602	protein_coding	Gibbon
RCC2P3	7	ENSG00000233951	processed_pseudogene	Marmoset
RCC2P7	6	ENSG00000220666	processed_pseudogene	Marmoset
RCC2P7	6	ENSG00000220666	processed_pseudogene	Owl_monkey
RCCD1	15	ENSG00000166965	protein_coding	Macaque_indian
RDX	11	ENSG00000137710	nonsense_mediated_decay	Marmoset
RDX	11	ENSG00000137710	nonsense_mediated_decay	Owl_monkey
REG1CP	2	ENSG00000204787	processed_transcript	Gibbon
RERGL	12	ENSG00000111404	processed_transcript	Marmoset
RERGL	12	ENSG00000111404	processed_transcript	Owl_monkey
RESF1	12	ENSG00000174718	protein_coding	Owl_monkey
RET	10	ENSG00000165731	protein_coding	Owl_monkey
REV1	2	ENSG00000135945	protein_coding	Marmoset
RFC5P1	9	ENSG00000233526	processed_pseudogene	Macaque_indian
RFPL1	22	ENSG00000128250	protein_coding	Bonobo
RFPL1	22	ENSG00000128250	protein_coding	Chimpanzee
RFPL1S	22	ENSG00000225465	lncRNA	Gibbon
RFPL1S	22	ENSG00000225465	lncRNA	Marmoset
RFPL1S	22	ENSG00000225465	lncRNA	Owl_monkey
RFPL4B	6	ENSG00000251258	protein_coding	Owl_monkey
RFWD3	16	ENSG00000168411	protein_coding	Marmoset
RFWD3	16	ENSG00000168411	protein_coding	Owl_monkey
RFX3-AS1	9	ENSG00000232104	lncRNA	Macaque_indian
RFX4	12	ENSG00000111783	protein_coding	Marmoset
RGS3	9	ENSG00000138835	protein_coding	Marmoset
RGS3	9	ENSG00000138835	protein_coding	Owl_monkey
RHOA	3	ENSG00000067560	protein_coding	Marmoset
RHOA	3	ENSG00000067560	protein_coding	Owl_monkey
RHOBTB3	5	ENSG00000164292	processed_transcript	Macaque_indian
RHOBTB3	5	ENSG00000164292	processed_transcript	Marmoset
RHOBTB3	5	ENSG00000164292	processed_transcript	Owl_monkey
RHOXF1P2	X	ENSG00000282850	unprocessed_pseudogene	Bonobo
RIBC2	22	ENSG00000128408	protein_coding	Marmoset
RIPK3	14	ENSG00000129465	protein_coding	Marmoset
RIPK3	14	ENSG00000129465	protein_coding	Owl_monkey
RN7SKP1	13	ENSG00000202395	misc_RNA	Bonobo
RN7SKP1	13	ENSG00000202395	misc_RNA	Chimpanzee
RN7SKP111	20	ENSG00000222281	misc_RNA	Marmoset
RN7SKP111	20	ENSG00000222281	misc_RNA	Owl_monkey
RN7SKP144	3	ENSG00000223040	misc_RNA	Marmoset
RN7SKP144	3	ENSG00000223040	misc_RNA	Owl_monkey
RN7SKP149	X	ENSG00000199878	misc_RNA	Macaque_indian
RN7SKP181	15	ENSG00000223120	misc_RNA	Orangutan
RN7SKP188	4	ENSG00000222721	misc_RNA	Macaque_indian
RN7SKP203	2	ENSG00000200488	misc_RNA	Macaque_indian
RN7SKP21	14	ENSG00000252312	misc_RNA	Marmoset
RN7SKP21	14	ENSG00000252312	misc_RNA	Owl_monkey
RN7SKP246	5	ENSG00000201423	misc_RNA	Marmoset
RN7SKP246	5	ENSG00000201423	misc_RNA	Owl_monkey
RN7SKP27	2	ENSG00000222616	misc_RNA	Owl_monkey
RN7SKP294	8	ENSG00000199640	misc_RNA	Orangutan
RN7SKP44	18	ENSG00000200472	misc_RNA	Owl_monkey
RN7SKP65	12	ENSG00000222210	misc_RNA	Gibbon
RN7SL261P	1	ENSG00000277762	misc_RNA	Marmoset
RN7SL261P	1	ENSG00000277762	misc_RNA	Owl_monkey
RN7SL26P	6	ENSG00000242014	misc_RNA	Orangutan
RN7SL310P	18	ENSG00000240663	misc_RNA	Marmoset
RN7SL310P	18	ENSG00000240663	misc_RNA	Owl_monkey
RN7SL339P	5	ENSG00000265740	misc_RNA	Gibbon
RN7SL33P	17	ENSG00000243049	misc_RNA	Macaque_indian
RN7SL352P	6	ENSG00000243439	misc_RNA	Owl_monkey
RN7SL468P	2	ENSG00000264833	misc_RNA	Marmoset
RN7SL547P	20	ENSG00000240584	misc_RNA	Marmoset
RN7SL547P	20	ENSG00000240584	misc_RNA	Owl_monkey
RN7SL564P	6	ENSG00000240606	misc_RNA	Marmoset
RN7SL564P	6	ENSG00000240606	misc_RNA	Owl_monkey
RN7SL571P	13	ENSG00000243274	misc_RNA	Owl_monkey
RN7SL58P	5	ENSG00000241552	misc_RNA	Gorilla
RN7SL680P	20	ENSG00000275337	misc_RNA	Marmoset
RN7SL680P	20	ENSG00000275337	misc_RNA	Owl_monkey
RN7SL797P	6	ENSG00000242560	misc_RNA	Owl_monkey
RN7SL837P	1	ENSG00000240502	misc_RNA	Gibbon
RN7SL868P	5	ENSG00000242928	misc_RNA	Gibbon
RNA5SP177	5	ENSG00000222054	rRNA_pseudogene	Marmoset
RNA5SP177	5	ENSG00000222054	rRNA_pseudogene	Owl_monkey
RNA5SP182	5	ENSG00000251873	rRNA_pseudogene	Macaque_indian
RNA5SP190	5	ENSG00000202092	rRNA_pseudogene	Orangutan
RNA5SP273	8	ENSG00000199354	rRNA_pseudogene	Owl_monkey
RNA5SP377	12	ENSG00000212154	rRNA_pseudogene	Gibbon
RNA5SP487	20	ENSG00000222118	rRNA_pseudogene	Macaque_indian
RNA5SP510	X	ENSG00000201567	rRNA_pseudogene	Orangutan
RNA5SP511	X	ENSG00000222419	rRNA_pseudogene	Gibbon
RNA5SP517	X	ENSG00000201594	rRNA_pseudogene	Gibbon
RNASEH2B-AS1	13	ENSG00000233672	lncRNA	Macaque_indian
RNASEH2B-AS1	13	ENSG00000233672	lncRNA	Marmoset
RNF217-AS1	6	ENSG00000236548	lncRNA	Owl_monkey
RNF5P1	8	ENSG00000253570	processed_pseudogene	Gibbon
RNF5P1	8	ENSG00000253570	processed_pseudogene	Gorilla
RNF5P1	8	ENSG00000253570	processed_pseudogene	Macaque_indian
RNF5P1	8	ENSG00000253570	processed_pseudogene	Marmoset
RNF5P1	8	ENSG00000253570	processed_pseudogene	Orangutan
RNF5P1	8	ENSG00000253570	processed_pseudogene	Owl_monkey
RNU1-104P	12	ENSG00000253089	snRNA	Macaque_indian
RNU1-112P	X	ENSG00000201271	snRNA	Marmoset
RNU1-112P	X	ENSG00000201271	snRNA	Owl_monkey
RNU1-131P	20	ENSG00000238833	snRNA	Marmoset
RNU1-131P	20	ENSG00000238833	snRNA	Owl_monkey
RNU1-136P	6	ENSG00000206908	snRNA	Marmoset
RNU1-136P	6	ENSG00000206908	snRNA	Owl_monkey
RNU1-139P	21	ENSG00000212609	snRNA	Macaque_indian
RNU1-17P	5	ENSG00000199892	snRNA	Macaque_indian
RNU1-18P	6	ENSG00000199932	snRNA	Marmoset
RNU1-18P	6	ENSG00000199932	snRNA	Owl_monkey
RNU1-29P	7	ENSG00000271739	snRNA	Marmoset
RNU1-44P	4	ENSG00000207182	snRNA	Owl_monkey
RNU1-57P	X	ENSG00000207220	snRNA	Marmoset
RNU1-63P	4	ENSG00000206629	snRNA	Gibbon
RNU1-64P	6	ENSG00000202313	snRNA	Marmoset
RNU1-64P	6	ENSG00000202313	snRNA	Owl_monkey
RNU1-89P	4	ENSG00000207322	snRNA	Macaque_indian
RNU1-89P	4	ENSG00000207322	snRNA	Marmoset
RNU1-89P	4	ENSG00000207322	snRNA	Owl_monkey
RNU11-4P	8	ENSG00000212451	snRNA	Bonobo
RNU11-4P	8	ENSG00000212451	snRNA	Chimpanzee
RNU2-3P	15	ENSG00000222076	snRNA	Marmoset
RNU2-3P	15	ENSG00000222076	snRNA	Owl_monkey
RNU2-54P	8	ENSG00000222231	snRNA	Marmoset
RNU2-54P	8	ENSG00000222231	snRNA	Owl_monkey
RNU2-64P	3	ENSG00000223247	snRNA	Marmoset
RNU2-64P	3	ENSG00000223247	snRNA	Owl_monkey
RNU4-12P	6	ENSG00000202103	snRNA	Macaque_indian
RNU4ATAC9P	4	ENSG00000252955	snRNA	Macaque_indian
RNU5B-6P	10	ENSG00000252574	snRNA	Macaque_indian
RNU5B-6P	10	ENSG00000252574	snRNA	Marmoset
RNU5B-6P	10	ENSG00000252574	snRNA	Owl_monkey
RNU6-1001P	2	ENSG00000223197	snRNA	Gibbon
RNU6-1004P	12	ENSG00000252393	snRNA	Macaque_indian
RNU6-1012P	12	ENSG00000252415	snRNA	Owl_monkey
RNU6-1017P	12	ENSG00000200483	snRNA	Gibbon
RNU6-1060P	6	ENSG00000207394	snRNA	Marmoset
RNU6-1060P	6	ENSG00000207394	snRNA	Owl_monkey
RNU6-1067P	10	ENSG00000207483	snRNA	Marmoset
RNU6-1067P	10	ENSG00000207483	snRNA	Owl_monkey
RNU6-1084P	8	ENSG00000199368	snRNA	Marmoset
RNU6-1084P	8	ENSG00000199368	snRNA	Owl_monkey
RNU6-1090P	10	ENSG00000200935	snRNA	Gibbon
RNU6-1103P	7	ENSG00000206877	snRNA	Marmoset
RNU6-1103P	7	ENSG00000206877	snRNA	Owl_monkey
RNU6-1104P	7	ENSG00000207454	snRNA	Owl_monkey
RNU6-1119P	5	ENSG00000207077	snRNA	Gibbon
RNU6-1130P	X	ENSG00000202304	snRNA	Owl_monkey
RNU6-1135P	11	ENSG00000223015	snRNA	Marmoset
RNU6-1146P	20	ENSG00000252091	snRNA	Gibbon
RNU6-1148P	5	ENSG00000222924	snRNA	Bonobo
RNU6-1163P	6	ENSG00000201386	snRNA	Marmoset
RNU6-1163P	6	ENSG00000201386	snRNA	Owl_monkey
RNU6-1249P	17	ENSG00000200107	snRNA	Marmoset
RNU6-1249P	17	ENSG00000200107	snRNA	Owl_monkey
RNU6-1286P	6	ENSG00000206598	snRNA	Bonobo
RNU6-12P	8	ENSG00000207334	snRNA	Gibbon
RNU6-12P	8	ENSG00000207334	snRNA	Macaque_indian
RNU6-12P	8	ENSG00000207334	snRNA	Marmoset
RNU6-12P	8	ENSG00000207334	snRNA	Orangutan
RNU6-12P	8	ENSG00000207334	snRNA	Owl_monkey
RNU6-1326P	21	ENSG00000212564	snRNA	Marmoset
RNU6-1326P	21	ENSG00000212564	snRNA	Owl_monkey
RNU6-15P	10	ENSG00000207264	snRNA	Owl_monkey
RNU6-164P	5	ENSG00000201474	snRNA	Macaque_indian
RNU6-164P	5	ENSG00000201474	snRNA	Marmoset
RNU6-164P	5	ENSG00000201474	snRNA	Owl_monkey
RNU6-206P	7	ENSG00000206843	snRNA	Macaque_indian
RNU6-210P	1	ENSG00000252752	snRNA	Marmoset
RNU6-21P	16	ENSG00000207441	snRNA	Gibbon
RNU6-21P	16	ENSG00000207441	snRNA	Macaque_indian
RNU6-21P	16	ENSG00000207441	snRNA	Marmoset
RNU6-21P	16	ENSG00000207441	snRNA	Orangutan
RNU6-21P	16	ENSG00000207441	snRNA	Owl_monkey
RNU6-271P	10	ENSG00000200728	snRNA	Marmoset
RNU6-30P	X	ENSG00000207291	snRNA	Marmoset
RNU6-30P	X	ENSG00000207291	snRNA	Owl_monkey
RNU6-316P	18	ENSG00000212329	snRNA	Gorilla
RNU6-346P	18	ENSG00000252097	snRNA	Owl_monkey
RNU6-36P	12	ENSG00000206899	snRNA	Gibbon
RNU6-36P	12	ENSG00000206899	snRNA	Macaque_indian
RNU6-36P	12	ENSG00000206899	snRNA	Marmoset
RNU6-36P	12	ENSG00000206899	snRNA	Orangutan
RNU6-36P	12	ENSG00000206899	snRNA	Owl_monkey
RNU6-38P	13	ENSG00000206812	snRNA	Marmoset
RNU6-38P	13	ENSG00000206812	snRNA	Owl_monkey
RNU6-391P	6	ENSG00000202050	snRNA	Orangutan
RNU6-3P	X	ENSG00000207041	snRNA	Owl_monkey
RNU6-408P	18	ENSG00000251719	snRNA	Macaque_indian
RNU6-40P	1	ENSG00000206981	snRNA	Gibbon
RNU6-439P	2	ENSG00000206915	snRNA	Marmoset
RNU6-439P	2	ENSG00000206915	snRNA	Owl_monkey
RNU6-477P	5	ENSG00000206614	snRNA	Marmoset
RNU6-477P	5	ENSG00000206614	snRNA	Owl_monkey
RNU6-478P	10	ENSG00000200774	snRNA	Owl_monkey
RNU6-492P	9	ENSG00000199905	snRNA	Marmoset
RNU6-492P	9	ENSG00000199905	snRNA	Owl_monkey
RNU6-4P	3	ENSG00000206932	snRNA	Gibbon
RNU6-4P	3	ENSG00000206932	snRNA	Macaque_indian
RNU6-4P	3	ENSG00000206932	snRNA	Marmoset
RNU6-4P	3	ENSG00000206932	snRNA	Orangutan
RNU6-4P	3	ENSG00000206932	snRNA	Owl_monkey
RNU6-543P	10	ENSG00000199446	snRNA	Gibbon
RNU6-54P	13	ENSG00000202433	snRNA	Macaque_indian
RNU6-552P	14	ENSG00000199739	snRNA	Marmoset
RNU6-552P	14	ENSG00000199739	snRNA	Owl_monkey
RNU6-582P	4	ENSG00000199859	snRNA	Marmoset
RNU6-582P	4	ENSG00000199859	snRNA	Owl_monkey
RNU6-635P	4	ENSG00000252460	snRNA	Owl_monkey
RNU6-63P	13	ENSG00000252499	snRNA	Macaque_indian
RNU6-643P	6	ENSG00000206745	snRNA	Gibbon
RNU6-709P	10	ENSG00000253066	snRNA	Owl_monkey
RNU6-713P	12	ENSG00000207492	snRNA	Marmoset
RNU6-713P	12	ENSG00000207492	snRNA	Owl_monkey
RNU6-715P	2	ENSG00000202074	snRNA	Macaque_indian
RNU6-725P	1	ENSG00000252371	snRNA	Gibbon
RNU6-725P	1	ENSG00000252371	snRNA	Macaque_indian
RNU6-725P	1	ENSG00000252371	snRNA	Marmoset
RNU6-725P	1	ENSG00000252371	snRNA	Orangutan
RNU6-725P	1	ENSG00000252371	snRNA	Owl_monkey
RNU6-73P	13	ENSG00000207330	snRNA	Marmoset
RNU6-73P	13	ENSG00000207330	snRNA	Owl_monkey
RNU6-772P	21	ENSG00000251851	snRNA	Owl_monkey
RNU6-812P	2	ENSG00000200048	snRNA	Marmoset
RNU6-812P	2	ENSG00000200048	snRNA	Owl_monkey
RNU6-830P	1	ENSG00000252162	snRNA	Gorilla
RNU6-842P	8	ENSG00000206996	snRNA	Macaque_indian
RNU6-842P	8	ENSG00000206996	snRNA	Marmoset
RNU6-842P	8	ENSG00000206996	snRNA	Owl_monkey
RNU6-860P	3	ENSG00000222792	snRNA	Gorilla
RNU6-867P	X	ENSG00000201826	snRNA	Gibbon
RNU6-909P	5	ENSG00000252867	snRNA	Gibbon
RNU6-919P	20	ENSG00000252540	snRNA	Owl_monkey
RNU6-931P	4	ENSG00000200720	snRNA	Owl_monkey
RNU6-939P	2	ENSG00000207364	snRNA	Macaque_indian
RNU6-955P	17	ENSG00000222429	snRNA	Macaque_indian
RNU6-968P	1	ENSG00000206803	snRNA	Marmoset
RNU6-968P	1	ENSG00000206803	snRNA	Owl_monkey
RNU6-976P	14	ENSG00000251895	snRNA	Macaque_indian
RNU6-985P	X	ENSG00000222114	snRNA	Marmoset
RNU6-985P	X	ENSG00000222114	snRNA	Owl_monkey
RNU6ATAC2P	5	ENSG00000210678	snRNA	Gibbon
RNU6ATAC2P	5	ENSG00000210678	snRNA	Macaque_indian
RNU6ATAC2P	5	ENSG00000210678	snRNA	Marmoset
RNU6ATAC2P	5	ENSG00000210678	snRNA	Orangutan
RNU6ATAC2P	5	ENSG00000210678	snRNA	Owl_monkey
RNU6ATAC42P	12	ENSG00000221564	snRNA	Marmoset
RNU6ATAC42P	12	ENSG00000221564	snRNA	Owl_monkey
RNU6ATAC4P	3	ENSG00000210181	snRNA	Macaque_indian
RNU6ATAC8P	8	ENSG00000221387	snRNA	Owl_monkey
RNU7-116P	14	ENSG00000252749	snRNA	Owl_monkey
RNU7-167P	22	ENSG00000238584	snRNA	Owl_monkey
RNU7-62P	1	ENSG00000238653	snRNA	Gibbon
RNU7-69P	X	ENSG00000252178	snRNA	Marmoset
RNU7-69P	X	ENSG00000252178	snRNA	Owl_monkey
RNU7-74P	4	ENSG00000239010	snRNA	Marmoset
RNU7-90P	16	ENSG00000238731	snRNA	Macaque_indian
RNY4P29	13	ENSG00000222733	misc_RNA	Gibbon
RNY4P29	13	ENSG00000222733	misc_RNA	Macaque_indian
RNY4P29	13	ENSG00000222733	misc_RNA	Marmoset
RNY4P29	13	ENSG00000222733	misc_RNA	Owl_monkey
ROBO2P1	7	ENSG00000229478	processed_pseudogene	Macaque_indian
ROBO2P1	7	ENSG00000229478	processed_pseudogene	Marmoset
ROBO2P1	7	ENSG00000229478	processed_pseudogene	Owl_monkey
ROPN1	3	ENSG00000065371	protein_coding	Marmoset
ROPN1	3	ENSG00000065371	protein_coding	Owl_monkey
RP1	8	ENSG00000104237	processed_transcript	Marmoset
RP1	8	ENSG00000104237	processed_transcript	Owl_monkey
RP1L1	8	ENSG00000183638	protein_coding	Marmoset
RP1L1	8	ENSG00000183638	protein_coding	Owl_monkey
RP9P	7	ENSG00000205763	processed_transcript	Gibbon
RP9P	7	ENSG00000205763	processed_transcript	Owl_monkey
RPE	2	ENSG00000197713	protein_coding	Owl_monkey
RPGRIP1L	16	ENSG00000103494	protein_coding	Marmoset
RPGRIP1L	16	ENSG00000103494	protein_coding	Owl_monkey
RPL10P19	8	ENSG00000233609	processed_transcript	Owl_monkey
RPL10P9	5	ENSG00000233913	processed_pseudogene	Bonobo
RPL10P9	5	ENSG00000233913	processed_pseudogene	Chimpanzee
RPL10P9	5	ENSG00000233913	processed_pseudogene	Gibbon
RPL10P9	5	ENSG00000233913	processed_pseudogene	Gorilla
RPL10P9	5	ENSG00000233913	processed_pseudogene	Macaque_indian
RPL10P9	5	ENSG00000233913	processed_pseudogene	Marmoset
RPL10P9	5	ENSG00000233913	processed_pseudogene	Orangutan
RPL10P9	5	ENSG00000233913	processed_pseudogene	Owl_monkey
RPL12P17	2	ENSG00000224839	processed_pseudogene	Marmoset
RPL12P17	2	ENSG00000224839	processed_pseudogene	Owl_monkey
RPL12P4	20	ENSG00000185834	processed_pseudogene	Gibbon
RPL12P4	20	ENSG00000185834	processed_pseudogene	Macaque_indian
RPL12P4	20	ENSG00000185834	processed_pseudogene	Marmoset
RPL12P4	20	ENSG00000185834	processed_pseudogene	Orangutan
RPL12P4	20	ENSG00000185834	processed_pseudogene	Owl_monkey
RPL13AP3	14	ENSG00000177350	transcribed_processed_pseudogene	Marmoset
RPL13AP3	14	ENSG00000177350	transcribed_processed_pseudogene	Owl_monkey
RPL13AP7	21	ENSG00000213885	transcribed_processed_pseudogene	Gibbon
RPL13AP7	21	ENSG00000213885	transcribed_processed_pseudogene	Macaque_indian
RPL13AP7	21	ENSG00000213885	transcribed_processed_pseudogene	Marmoset
RPL13AP7	21	ENSG00000213885	transcribed_processed_pseudogene	Owl_monkey
RPL13P12	17	ENSG00000215030	processed_pseudogene	Gibbon
RPL13P12	17	ENSG00000215030	processed_pseudogene	Macaque_indian
RPL13P12	17	ENSG00000215030	processed_pseudogene	Marmoset
RPL13P12	17	ENSG00000215030	processed_pseudogene	Orangutan
RPL13P12	17	ENSG00000215030	processed_pseudogene	Owl_monkey
RPL14P1	12	ENSG00000139239	processed_pseudogene	Bonobo
RPL14P1	12	ENSG00000139239	processed_pseudogene	Chimpanzee
RPL14P1	12	ENSG00000139239	processed_pseudogene	Gibbon
RPL14P1	12	ENSG00000139239	processed_pseudogene	Gorilla
RPL14P1	12	ENSG00000139239	processed_pseudogene	Macaque_indian
RPL14P1	12	ENSG00000139239	processed_pseudogene	Marmoset
RPL14P1	12	ENSG00000139239	processed_pseudogene	Orangutan
RPL14P1	12	ENSG00000139239	processed_pseudogene	Owl_monkey
RPL15P2	14	ENSG00000240914	processed_pseudogene	Owl_monkey
RPL15P21	17	ENSG00000244753	processed_pseudogene	Orangutan
RPL15P3	6	ENSG00000212802	processed_pseudogene	Bonobo
RPL15P3	6	ENSG00000212802	processed_pseudogene	Chimpanzee
RPL15P3	6	ENSG00000212802	processed_pseudogene	Gibbon
RPL15P3	6	ENSG00000212802	processed_pseudogene	Gorilla
RPL15P3	6	ENSG00000212802	processed_pseudogene	Macaque_indian
RPL15P3	6	ENSG00000212802	processed_pseudogene	Marmoset
RPL15P3	6	ENSG00000212802	processed_pseudogene	Orangutan
RPL15P3	6	ENSG00000212802	processed_pseudogene	Owl_monkey
RPL17P34	10	ENSG00000213432	processed_pseudogene	Gibbon
RPL17P34	10	ENSG00000213432	processed_pseudogene	Macaque_indian
RPL17P34	10	ENSG00000213432	processed_pseudogene	Marmoset
RPL17P34	10	ENSG00000213432	processed_pseudogene	Owl_monkey
RPL17P36	10	ENSG00000236058	processed_pseudogene	Gibbon
RPL17P36	10	ENSG00000236058	processed_pseudogene	Gorilla
RPL17P36	10	ENSG00000236058	processed_pseudogene	Macaque_indian
RPL17P36	10	ENSG00000236058	processed_pseudogene	Marmoset
RPL17P36	10	ENSG00000236058	processed_pseudogene	Orangutan
RPL17P36	10	ENSG00000236058	processed_pseudogene	Owl_monkey
RPL17P43	17	ENSG00000228331	processed_pseudogene	Marmoset
RPL17P43	17	ENSG00000228331	processed_pseudogene	Owl_monkey
RPL18P13	16	ENSG00000244485	processed_pseudogene	Owl_monkey
RPL19P20	X	ENSG00000229168	processed_pseudogene	Macaque_indian
RPL21P103	12	ENSG00000241423	processed_pseudogene	Macaque_indian
RPL21P11	14	ENSG00000242571	processed_pseudogene	Gibbon
RPL21P11	14	ENSG00000242571	processed_pseudogene	Macaque_indian
RPL21P11	14	ENSG00000242571	processed_pseudogene	Marmoset
RPL21P11	14	ENSG00000242571	processed_pseudogene	Orangutan
RPL21P11	14	ENSG00000242571	processed_pseudogene	Owl_monkey
RPL21P131	19	ENSG00000232429	processed_pseudogene	Macaque_indian
RPL21P131	19	ENSG00000232429	processed_pseudogene	Marmoset
RPL21P131	19	ENSG00000232429	processed_pseudogene	Owl_monkey
RPL21P16	10	ENSG00000220842	processed_pseudogene	Bonobo
RPL21P16	10	ENSG00000220842	processed_pseudogene	Chimpanzee
RPL21P16	10	ENSG00000220842	processed_pseudogene	Gibbon
RPL21P16	10	ENSG00000220842	processed_pseudogene	Gorilla
RPL21P16	10	ENSG00000220842	processed_pseudogene	Macaque_indian
RPL21P16	10	ENSG00000220842	processed_pseudogene	Marmoset
RPL21P16	10	ENSG00000220842	processed_pseudogene	Orangutan
RPL21P16	10	ENSG00000220842	processed_pseudogene	Owl_monkey
RPL21P17	3	ENSG00000214073	processed_pseudogene	Macaque_indian
RPL21P17	3	ENSG00000214073	processed_pseudogene	Marmoset
RPL21P17	3	ENSG00000214073	processed_pseudogene	Owl_monkey
RPL21P18	12	ENSG00000213343	processed_pseudogene	Owl_monkey
RPL21P2	20	ENSG00000215063	processed_pseudogene	Marmoset
RPL21P2	20	ENSG00000215063	processed_pseudogene	Owl_monkey
RPL21P39	3	ENSG00000239797	processed_pseudogene	Macaque_indian
RPL21P41	3	ENSG00000214560	processed_pseudogene	Marmoset
RPL21P41	3	ENSG00000214560	processed_pseudogene	Owl_monkey
RPL21P7	14	ENSG00000258613	processed_pseudogene	Macaque_indian
RPL21P7	14	ENSG00000258613	processed_pseudogene	Marmoset
RPL21P7	14	ENSG00000258613	processed_pseudogene	Owl_monkey
RPL21P75	7	ENSG00000213860	processed_pseudogene	Bonobo
RPL21P75	7	ENSG00000213860	processed_pseudogene	Chimpanzee
RPL21P75	7	ENSG00000213860	processed_pseudogene	Gibbon
RPL21P75	7	ENSG00000213860	processed_pseudogene	Gorilla
RPL21P75	7	ENSG00000213860	processed_pseudogene	Macaque_indian
RPL21P75	7	ENSG00000213860	processed_pseudogene	Marmoset
RPL21P75	7	ENSG00000213860	processed_pseudogene	Orangutan
RPL21P75	7	ENSG00000213860	processed_pseudogene	Owl_monkey
RPL22P22	X	ENSG00000213653	processed_pseudogene	Gibbon
RPL23AP12	21	ENSG00000228861	processed_pseudogene	Owl_monkey
RPL23AP16	1	ENSG00000228190	processed_pseudogene	Owl_monkey
RPL23AP3	21	ENSG00000214914	processed_pseudogene	Owl_monkey
RPL23AP41	3	ENSG00000224085	processed_pseudogene	Orangutan
RPL23AP42	3	ENSG00000234851	processed_pseudogene	Gibbon
RPL23AP42	3	ENSG00000234851	processed_pseudogene	Macaque_indian
RPL23AP42	3	ENSG00000234851	processed_pseudogene	Marmoset
RPL23AP42	3	ENSG00000234851	processed_pseudogene	Orangutan
RPL23AP42	3	ENSG00000234851	processed_pseudogene	Owl_monkey
RPL23AP43	3	ENSG00000227337	processed_pseudogene	Macaque_indian
RPL23AP46	6	ENSG00000213122	processed_pseudogene	Marmoset
RPL23AP46	6	ENSG00000213122	processed_pseudogene	Owl_monkey
RPL23AP54	8	ENSG00000240486	processed_pseudogene	Macaque_indian
RPL23AP65	11	ENSG00000243964	processed_pseudogene	Gibbon
RPL23AP65	11	ENSG00000243964	processed_pseudogene	Macaque_indian
RPL23AP65	11	ENSG00000243964	processed_pseudogene	Marmoset
RPL23AP65	11	ENSG00000243964	processed_pseudogene	Owl_monkey
RPL23AP73	17	ENSG00000244283	processed_pseudogene	Marmoset
RPL23AP96	8	ENSG00000250752	processed_pseudogene	Bonobo
RPL23AP96	8	ENSG00000250752	processed_pseudogene	Chimpanzee
RPL24P2	20	ENSG00000235065	processed_pseudogene	Marmoset
RPL24P2	20	ENSG00000235065	processed_pseudogene	Owl_monkey
RPL26L1	5	ENSG00000037241	protein_coding	Gibbon
RPL26P19	5	ENSG00000226221	processed_pseudogene	Gibbon
RPL26P19	5	ENSG00000226221	processed_pseudogene	Macaque_indian
RPL26P19	5	ENSG00000226221	processed_pseudogene	Marmoset
RPL26P19	5	ENSG00000226221	processed_pseudogene	Orangutan
RPL26P19	5	ENSG00000226221	processed_pseudogene	Owl_monkey
RPL27AP5	5	ENSG00000182383	processed_pseudogene	Marmoset
RPL27AP5	5	ENSG00000182383	processed_pseudogene	Owl_monkey
RPL28	19	ENSG00000108107	protein_coding	Marmoset
RPL28	19	ENSG00000108107	protein_coding	Owl_monkey
RPL30P11	12	ENSG00000244573	transcribed_processed_pseudogene	Owl_monkey
RPL30P7	5	ENSG00000244361	processed_pseudogene	Owl_monkey
RPL31P28	6	ENSG00000219863	processed_pseudogene	Marmoset
RPL31P28	6	ENSG00000219863	processed_pseudogene	Owl_monkey
RPL31P35	7	ENSG00000232612	processed_pseudogene	Marmoset
RPL31P35	7	ENSG00000232612	processed_pseudogene	Owl_monkey
RPL31P59	18	ENSG00000240364	processed_pseudogene	Macaque_indian
RPL34	4	ENSG00000109475	protein_coding	Marmoset
RPL34	4	ENSG00000109475	protein_coding	Owl_monkey
RPL34P18	8	ENSG00000240509	processed_pseudogene	Marmoset
RPL34P18	8	ENSG00000240509	processed_pseudogene	Owl_monkey
RPL35AP	20	ENSG00000234075	processed_pseudogene	Macaque_indian
RPL35AP15	5	ENSG00000243758	processed_pseudogene	Macaque_indian
RPL35AP21	9	ENSG00000229814	processed_pseudogene	Gibbon
RPL35AP21	9	ENSG00000229814	processed_pseudogene	Marmoset
RPL35AP21	9	ENSG00000229814	processed_pseudogene	Owl_monkey
RPL35P1	1	ENSG00000237991	processed_pseudogene	Macaque_indian
RPL35P1	1	ENSG00000237991	processed_pseudogene	Marmoset
RPL35P1	1	ENSG00000237991	processed_pseudogene	Owl_monkey
RPL35P4	7	ENSG00000213783	processed_pseudogene	Marmoset
RPL35P4	7	ENSG00000213783	processed_pseudogene	Owl_monkey
RPL36AP21	5	ENSG00000240785	transcribed_processed_pseudogene	Macaque_indian
RPL36AP21	5	ENSG00000240785	transcribed_processed_pseudogene	Marmoset
RPL36AP21	5	ENSG00000240785	transcribed_processed_pseudogene	Owl_monkey
RPL36AP35	9	ENSG00000231810	processed_pseudogene	Marmoset
RPL36AP35	9	ENSG00000231810	processed_pseudogene	Owl_monkey
RPL36AP39	11	ENSG00000230980	processed_pseudogene	Owl_monkey
RPL37A	2	ENSG00000197756	protein_coding	Owl_monkey
RPL3P3	14	ENSG00000243388	processed_pseudogene	Marmoset
RPL3P3	14	ENSG00000243388	processed_pseudogene	Owl_monkey
RPL3P4	14	ENSG00000232573	processed_pseudogene	Bonobo
RPL3P4	14	ENSG00000232573	processed_pseudogene	Chimpanzee
RPL3P4	14	ENSG00000232573	processed_pseudogene	Gibbon
RPL3P4	14	ENSG00000232573	processed_pseudogene	Gorilla
RPL3P4	14	ENSG00000232573	processed_pseudogene	Macaque_indian
RPL3P4	14	ENSG00000232573	processed_pseudogene	Marmoset
RPL3P4	14	ENSG00000232573	processed_pseudogene	Orangutan
RPL3P4	14	ENSG00000232573	processed_pseudogene	Owl_monkey
RPL3P8	7	ENSG00000232199	processed_pseudogene	Marmoset
RPL3P8	7	ENSG00000232199	processed_pseudogene	Owl_monkey
RPL41P5	12	ENSG00000256393	processed_pseudogene	Bonobo
RPL41P5	12	ENSG00000256393	processed_pseudogene	Chimpanzee
RPL41P5	12	ENSG00000256393	processed_pseudogene	Gibbon
RPL41P5	12	ENSG00000256393	processed_pseudogene	Gorilla
RPL41P5	12	ENSG00000256393	processed_pseudogene	Macaque_indian
RPL41P5	12	ENSG00000256393	processed_pseudogene	Marmoset
RPL41P5	12	ENSG00000256393	processed_pseudogene	Orangutan
RPL41P5	12	ENSG00000256393	processed_pseudogene	Owl_monkey
RPL4P5	9	ENSG00000230207	processed_pseudogene	Macaque_indian
RPL4P5	9	ENSG00000230207	processed_pseudogene	Marmoset
RPL4P5	9	ENSG00000230207	processed_pseudogene	Owl_monkey
RPL5P22	8	ENSG00000239198	processed_pseudogene	Marmoset
RPL5P22	8	ENSG00000239198	processed_pseudogene	Owl_monkey
RPL5P34	22	ENSG00000234009	processed_pseudogene	Macaque_indian
RPL6P25	12	ENSG00000213270	processed_pseudogene	Marmoset
RPL6P25	12	ENSG00000213270	processed_pseudogene	Owl_monkey
RPL7AP30	4	ENSG00000241741	processed_pseudogene	Gibbon
RPL7AP30	4	ENSG00000241741	processed_pseudogene	Macaque_indian
RPL7AP30	4	ENSG00000241741	processed_pseudogene	Marmoset
RPL7AP30	4	ENSG00000241741	processed_pseudogene	Owl_monkey
RPL7AP66	18	ENSG00000175886	processed_pseudogene	Gibbon
RPL7AP66	18	ENSG00000175886	processed_pseudogene	Macaque_indian
RPL7AP66	18	ENSG00000175886	processed_pseudogene	Marmoset
RPL7AP66	18	ENSG00000175886	processed_pseudogene	Orangutan
RPL7AP66	18	ENSG00000175886	processed_pseudogene	Owl_monkey
RPL7AP8	10	ENSG00000230507	processed_pseudogene	Owl_monkey
RPL7L1P10	2	ENSG00000237322	processed_pseudogene	Macaque_indian
RPL7P12	2	ENSG00000227770	processed_pseudogene	Marmoset
RPL7P12	2	ENSG00000227770	processed_pseudogene	Owl_monkey
RPL7P13	2	ENSG00000234253	processed_pseudogene	Marmoset
RPL7P13	2	ENSG00000234253	processed_pseudogene	Owl_monkey
RPL7P22	5	ENSG00000226544	processed_pseudogene	Macaque_indian
RPL7P22	5	ENSG00000226544	processed_pseudogene	Marmoset
RPL7P22	5	ENSG00000226544	processed_pseudogene	Owl_monkey
RPL7P27	6	ENSG00000220069	processed_pseudogene	Orangutan
RPL7P33	9	ENSG00000215236	processed_pseudogene	Gibbon
RPL7P34	10	ENSG00000237205	processed_pseudogene	Gibbon
RPL7P40	12	ENSG00000242991	processed_pseudogene	Gibbon
RPL7P47	16	ENSG00000228071	processed_pseudogene	Gibbon
RPL7P47	16	ENSG00000228071	processed_pseudogene	Macaque_indian
RPL7P47	16	ENSG00000228071	processed_pseudogene	Marmoset
RPL7P47	16	ENSG00000228071	processed_pseudogene	Orangutan
RPL7P47	16	ENSG00000228071	processed_pseudogene	Owl_monkey
RPL7P48	17	ENSG00000187504	processed_pseudogene	Marmoset
RPL7P48	17	ENSG00000187504	processed_pseudogene	Owl_monkey
RPL7P6	12	ENSG00000227525	processed_pseudogene	Macaque_indian
RPL7P6	12	ENSG00000227525	processed_pseudogene	Marmoset
RPL7P6	12	ENSG00000227525	processed_pseudogene	Owl_monkey
RPL7P61	2	ENSG00000230282	processed_pseudogene	Gibbon
RPL7P9	1	ENSG00000137970	processed_pseudogene	Bonobo
RPL7P9	1	ENSG00000137970	processed_pseudogene	Chimpanzee
RPL7P9	1	ENSG00000137970	processed_pseudogene	Gibbon
RPL7P9	1	ENSG00000137970	processed_pseudogene	Gorilla
RPL7P9	1	ENSG00000137970	processed_pseudogene	Macaque_indian
RPL7P9	1	ENSG00000137970	processed_pseudogene	Marmoset
RPL7P9	1	ENSG00000137970	processed_pseudogene	Orangutan
RPL7P9	1	ENSG00000137970	processed_pseudogene	Owl_monkey
RPL8P2	21	ENSG00000225267	processed_pseudogene	Gibbon
RPL9P21	10	ENSG00000214089	processed_pseudogene	Marmoset
RPLP0P2	11	ENSG00000243742	processed_transcript	Orangutan
RPLP0P6	2	ENSG00000213553	processed_pseudogene	Gibbon
RPLP0P6	2	ENSG00000213553	processed_pseudogene	Macaque_indian
RPLP0P6	2	ENSG00000213553	processed_pseudogene	Marmoset
RPLP0P6	2	ENSG00000213553	processed_pseudogene	Orangutan
RPLP0P6	2	ENSG00000213553	processed_pseudogene	Owl_monkey
RPRD1A	18	ENSG00000141425	protein_coding	Owl_monkey
RPS10P27	18	ENSG00000267752	processed_pseudogene	Owl_monkey
RPS10P7	1	ENSG00000223396	processed_transcript	Owl_monkey
RPS15AP17	4	ENSG00000225405	processed_pseudogene	Marmoset
RPS15AP17	4	ENSG00000225405	processed_pseudogene	Owl_monkey
RPS17P2	5	ENSG00000197575	processed_pseudogene	Macaque_indian
RPS17P2	5	ENSG00000197575	processed_pseudogene	Marmoset
RPS17P2	5	ENSG00000197575	processed_pseudogene	Owl_monkey
RPS17P5	6	ENSG00000060303	processed_pseudogene	Marmoset
RPS17P5	6	ENSG00000060303	processed_pseudogene	Owl_monkey
RPS18P12	17	ENSG00000230897	processed_pseudogene	Macaque_indian
RPS18P12	17	ENSG00000230897	processed_pseudogene	Marmoset
RPS18P12	17	ENSG00000230897	processed_pseudogene	Owl_monkey
RPS20P10	2	ENSG00000233971	processed_pseudogene	Marmoset
RPS20P10	2	ENSG00000233971	processed_pseudogene	Owl_monkey
RPS20P14	3	ENSG00000223803	processed_pseudogene	Gibbon
RPS20P14	3	ENSG00000223803	processed_pseudogene	Macaque_indian
RPS20P14	3	ENSG00000223803	processed_pseudogene	Marmoset
RPS20P14	3	ENSG00000223803	processed_pseudogene	Orangutan
RPS20P14	3	ENSG00000223803	processed_pseudogene	Owl_monkey
RPS23P8	X	ENSG00000230629	processed_pseudogene	Gibbon
RPS23P8	X	ENSG00000230629	processed_pseudogene	Gorilla
RPS23P8	X	ENSG00000230629	processed_pseudogene	Macaque_indian
RPS23P8	X	ENSG00000230629	processed_pseudogene	Marmoset
RPS23P8	X	ENSG00000230629	processed_pseudogene	Orangutan
RPS23P8	X	ENSG00000230629	processed_pseudogene	Owl_monkey
RPS26P13	1	ENSG00000227887	processed_pseudogene	Marmoset
RPS26P13	1	ENSG00000227887	processed_pseudogene	Owl_monkey
RPS26P2	9	ENSG00000233278	processed_pseudogene	Macaque_indian
RPS26P2	9	ENSG00000233278	processed_pseudogene	Marmoset
RPS26P2	9	ENSG00000233278	processed_pseudogene	Owl_monkey
RPS26P35	8	ENSG00000242206	processed_pseudogene	Macaque_indian
RPS26P35	8	ENSG00000242206	processed_pseudogene	Marmoset
RPS26P35	8	ENSG00000242206	processed_pseudogene	Owl_monkey
RPS26P54	18	ENSG00000224161	processed_pseudogene	Marmoset
RPS26P54	18	ENSG00000224161	processed_pseudogene	Owl_monkey
RPS26P6	8	ENSG00000212994	processed_pseudogene	Bonobo
RPS26P6	8	ENSG00000212994	processed_pseudogene	Chimpanzee
RPS26P6	8	ENSG00000212994	processed_pseudogene	Gibbon
RPS26P6	8	ENSG00000212994	processed_pseudogene	Gorilla
RPS26P6	8	ENSG00000212994	processed_pseudogene	Macaque_indian
RPS26P6	8	ENSG00000212994	processed_pseudogene	Marmoset
RPS26P6	8	ENSG00000212994	processed_pseudogene	Orangutan
RPS26P6	8	ENSG00000212994	processed_pseudogene	Owl_monkey
RPS27AP11	6	ENSG00000218208	processed_pseudogene	Macaque_indian
RPS27AP11	6	ENSG00000218208	processed_pseudogene	Marmoset
RPS27AP11	6	ENSG00000218208	processed_pseudogene	Owl_monkey
RPS27AP16	16	ENSG00000224631	processed_transcript	Marmoset
RPS27AP16	16	ENSG00000224631	processed_transcript	Owl_monkey
RPS27P20	11	ENSG00000240121	processed_pseudogene	Macaque_indian
RPS27P21	12	ENSG00000240759	processed_pseudogene	Macaque_indian
RPS27P21	12	ENSG00000240759	processed_pseudogene	Marmoset
RPS27P21	12	ENSG00000240759	processed_pseudogene	Owl_monkey
RPS29P17	9	ENSG00000227852	processed_pseudogene	Marmoset
RPS29P17	9	ENSG00000227852	processed_pseudogene	Owl_monkey
RPS29P8	2	ENSG00000232238	processed_pseudogene	Owl_monkey
RPS2P55	X	ENSG00000216866	processed_pseudogene	Marmoset
RPS2P55	X	ENSG00000216866	processed_pseudogene	Owl_monkey
RPS3AP1	21	ENSG00000233206	processed_pseudogene	Gibbon
RPS3AP17	4	ENSG00000244031	processed_pseudogene	Marmoset
RPS3AP17	4	ENSG00000244031	processed_pseudogene	Owl_monkey
RPS3AP24	6	ENSG00000217684	processed_pseudogene	Gorilla
RPS3AP4	14	ENSG00000259105	processed_pseudogene	Marmoset
RPS3AP4	14	ENSG00000259105	processed_pseudogene	Owl_monkey
RPS3AP50	19	ENSG00000243864	processed_pseudogene	Owl_monkey
RPS4XP11	10	ENSG00000234335	processed_pseudogene	Marmoset
RPS4XP11	10	ENSG00000234335	processed_pseudogene	Owl_monkey
RPS4XP15	12	ENSG00000240721	processed_pseudogene	Owl_monkey
RPS4XP16	13	ENSG00000224892	transcribed_processed_pseudogene	Marmoset
RPS4XP16	13	ENSG00000224892	transcribed_processed_pseudogene	Owl_monkey
RPS4XP6	5	ENSG00000244073	processed_pseudogene	Owl_monkey
RPS4XP8	6	ENSG00000219146	processed_pseudogene	Marmoset
RPS4XP8	6	ENSG00000219146	processed_pseudogene	Owl_monkey
RPS4XP9	6	ENSG00000217404	processed_pseudogene	Owl_monkey
RPS7P10	13	ENSG00000226525	processed_pseudogene	Gibbon
RPS7P10	13	ENSG00000226525	processed_pseudogene	Macaque_indian
RPS7P10	13	ENSG00000226525	processed_pseudogene	Marmoset
RPS7P10	13	ENSG00000226525	processed_pseudogene	Owl_monkey
RPS7P14	X	ENSG00000213695	processed_pseudogene	Owl_monkey
RPS7P4	1	ENSG00000229133	processed_pseudogene	Gibbon
RPS7P4	1	ENSG00000229133	processed_pseudogene	Macaque_indian
RPS7P4	1	ENSG00000229133	processed_pseudogene	Marmoset
RPS7P4	1	ENSG00000229133	processed_pseudogene	Owl_monkey
RPS7P6	4	ENSG00000215278	processed_pseudogene	Gibbon
RPS8P4	10	ENSG00000227437	processed_pseudogene	Owl_monkey
RPSAP15	X	ENSG00000237506	processed_pseudogene	Bonobo
RPSAP15	X	ENSG00000237506	processed_pseudogene	Chimpanzee
RPSAP29	3	ENSG00000244722	processed_pseudogene	Macaque_indian
RPSAP29	3	ENSG00000244722	processed_pseudogene	Marmoset
RPSAP29	3	ENSG00000244722	processed_pseudogene	Owl_monkey
RPSAP3	14	ENSG00000242952	transcribed_processed_pseudogene	Gibbon
RPSAP3	14	ENSG00000242952	transcribed_processed_pseudogene	Macaque_indian
RPSAP3	14	ENSG00000242952	transcribed_processed_pseudogene	Marmoset
RPSAP3	14	ENSG00000242952	transcribed_processed_pseudogene	Orangutan
RPSAP3	14	ENSG00000242952	transcribed_processed_pseudogene	Owl_monkey
RPSAP4	14	ENSG00000239269	processed_pseudogene	Gibbon
RPSAP4	14	ENSG00000239269	processed_pseudogene	Macaque_indian
RPSAP4	14	ENSG00000239269	processed_pseudogene	Marmoset
RPSAP4	14	ENSG00000239269	processed_pseudogene	Owl_monkey
RPSAP5	14	ENSG00000243904	processed_pseudogene	Marmoset
RPSAP5	14	ENSG00000243904	processed_pseudogene	Owl_monkey
RPSAP53	13	ENSG00000214263	processed_pseudogene	Macaque_indian
RPSAP53	13	ENSG00000214263	processed_pseudogene	Marmoset
RPSAP53	13	ENSG00000214263	processed_pseudogene	Owl_monkey
RPSAP61	X	ENSG00000214016	processed_pseudogene	Marmoset
RPSAP61	X	ENSG00000214016	processed_pseudogene	Owl_monkey
RPSAP67	17	ENSG00000266858	unprocessed_pseudogene	Owl_monkey
RPSAP69	3	ENSG00000233487	processed_transcript	Marmoset
RPSAP69	3	ENSG00000233487	processed_transcript	Owl_monkey
RPTN	1	ENSG00000215853	protein_coding	Gibbon
RPUSD3	3	ENSG00000156990	protein_coding	Owl_monkey
RRM2	2	ENSG00000171848	protein_coding	Owl_monkey
RRP8	11	ENSG00000132275	protein_coding	Bonobo
RSL24D1P11	18	ENSG00000231544	processed_pseudogene	Marmoset
RSL24D1P11	18	ENSG00000231544	processed_pseudogene	Owl_monkey
RSL24D1P2	2	ENSG00000230595	processed_pseudogene	Marmoset
RSL24D1P2	2	ENSG00000230595	processed_pseudogene	Owl_monkey
RTBDN	19	ENSG00000132026	protein_coding	Marmoset
RTBDN	19	ENSG00000132026	protein_coding	Owl_monkey
RTF2	20	ENSG00000022277	protein_coding	Orangutan
RTL9	X	ENSG00000243978	protein_coding	Marmoset
RTL9	X	ENSG00000243978	protein_coding	Owl_monkey
RTN4	2	ENSG00000115310	protein_coding	Marmoset
RTN4	2	ENSG00000115310	protein_coding	Owl_monkey
RUVBL1	3	ENSG00000175792	protein_coding	Marmoset
RUVBL1	3	ENSG00000175792	protein_coding	Owl_monkey
RXFP1	4	ENSG00000171509	protein_coding	Macaque_indian
S100Z	5	ENSG00000171643	protein_coding	Owl_monkey
SAA3P	11	ENSG00000166787	processed_transcript	Owl_monkey
SAGE1	X	ENSG00000181433	protein_coding	Macaque_indian
SAGE2P	X	ENSG00000198022	unprocessed_pseudogene	Gorilla
SAGE3P	X	ENSG00000277486	unprocessed_pseudogene	Gibbon
SAMD9	7	ENSG00000205413	protein_coding	Bonobo
SAMMSON	3	ENSG00000240405	lncRNA	Macaque_indian
SAMMSON	3	ENSG00000240405	lncRNA	Marmoset
SAMMSON	3	ENSG00000240405	lncRNA	Owl_monkey
SAP30L-AS1	5	ENSG00000245275	lncRNA	Marmoset
SAP30L-AS1	5	ENSG00000245275	lncRNA	Owl_monkey
SAPCD2	9	ENSG00000186193	protein_coding	Orangutan
SAR1B	5	ENSG00000152700	protein_coding	Marmoset
SAR1B	5	ENSG00000152700	protein_coding	Owl_monkey
SATB1-AS1	3	ENSG00000228956	lncRNA	Gibbon
SATB1-AS1	3	ENSG00000228956	lncRNA	Gorilla
SATB1-AS1	3	ENSG00000228956	lncRNA	Macaque_indian
SATB1-AS1	3	ENSG00000228956	lncRNA	Marmoset
SATB1-AS1	3	ENSG00000228956	lncRNA	Orangutan
SATB1-AS1	3	ENSG00000228956	lncRNA	Owl_monkey
SATL1	X	ENSG00000184788	protein_coding	Marmoset
SATL1	X	ENSG00000184788	protein_coding	Owl_monkey
SAXO1	9	ENSG00000155875	protein_coding	Macaque_indian
SAXO1	9	ENSG00000155875	protein_coding	Marmoset
SAXO1	9	ENSG00000155875	protein_coding	Owl_monkey
SBF2	11	ENSG00000133812	protein_coding	Owl_monkey
SCAMP1-AS1	5	ENSG00000245556	lncRNA	Macaque_indian
SCARB1	12	ENSG00000073060	processed_transcript	Macaque_indian
SCART1	10	ENSG00000214279	retained_intron	Gibbon
SCGB3A1	5	ENSG00000161055	protein_coding	Macaque_indian
SCIN	7	ENSG00000006747	protein_coding	Marmoset
SCIN	7	ENSG00000006747	protein_coding	Owl_monkey
SCLT1	4	ENSG00000151466	protein_coding	Gorilla
SCLT1	4	ENSG00000151466	protein_coding	Owl_monkey
SCN7A	2	ENSG00000136546	protein_coding	Owl_monkey
SDAD1P3	3	ENSG00000227707	processed_pseudogene	Marmoset
SDAD1P3	3	ENSG00000227707	processed_pseudogene	Owl_monkey
SDCBP2P1	6	ENSG00000223389	processed_pseudogene	Gibbon
SDCBP2P1	6	ENSG00000223389	processed_pseudogene	Gorilla
SDCBPP3	X	ENSG00000232801	processed_pseudogene	Marmoset
SDCBPP3	X	ENSG00000232801	processed_pseudogene	Owl_monkey
SDHAP1	3	ENSG00000185485	processed_transcript	Gibbon
SDR16C6P	8	ENSG00000253542	processed_transcript	Gibbon
SDR16C6P	8	ENSG00000253542	processed_transcript	Macaque_indian
SDR16C6P	8	ENSG00000253542	processed_transcript	Marmoset
SDR16C6P	8	ENSG00000253542	processed_transcript	Owl_monkey
SEBOX	17	ENSG00000274529	protein_coding	Gorilla
SEC14L1	17	ENSG00000129657	protein_coding	Gibbon
SEC14L4	22	ENSG00000133488	protein_coding	Gibbon
SEC16A	9	ENSG00000148396	protein_coding	Marmoset
SEC16A	9	ENSG00000148396	protein_coding	Owl_monkey
SELENOOLP	10	ENSG00000227932	transcribed_unitary_pseudogene	Macaque_indian
SELENOP	5	ENSG00000250722	protein_coding	Marmoset
SELENOP	5	ENSG00000250722	protein_coding	Owl_monkey
SELENOV	19	ENSG00000186838	protein_coding	Gorilla
SEM1	7	ENSG00000127922	protein_coding	Gibbon
SEM1	7	ENSG00000127922	protein_coding	Gorilla
SEM1	7	ENSG00000127922	protein_coding	Macaque_indian
SEM1	7	ENSG00000127922	protein_coding	Marmoset
SEM1	7	ENSG00000127922	protein_coding	Orangutan
SEM1	7	ENSG00000127922	protein_coding	Owl_monkey
SEM1P1	5	ENSG00000214857	processed_pseudogene	Gibbon
SEM1P1	5	ENSG00000214857	processed_pseudogene	Macaque_indian
SEM1P1	5	ENSG00000214857	processed_pseudogene	Marmoset
SEM1P1	5	ENSG00000214857	processed_pseudogene	Orangutan
SEM1P1	5	ENSG00000214857	processed_pseudogene	Owl_monkey
SEMA4D	9	ENSG00000187764	protein_coding	Gibbon
SEMA4D	9	ENSG00000187764	protein_coding	Macaque_indian
SEMA4D	9	ENSG00000187764	protein_coding	Marmoset
SEMA4D	9	ENSG00000187764	protein_coding	Orangutan
SEMA4D	9	ENSG00000187764	protein_coding	Owl_monkey
SEMG1	20	ENSG00000124233	protein_coding	Marmoset
SENP8	15	ENSG00000166192	protein_coding	Macaque_indian
SEPHS1P4	X	ENSG00000230146	processed_pseudogene	Gibbon
SEPTIN10P1	8	ENSG00000253541	processed_pseudogene	Macaque_indian
SEPTIN10P1	8	ENSG00000253541	processed_pseudogene	Marmoset
SEPTIN10P1	8	ENSG00000253541	processed_pseudogene	Owl_monkey
SEPTIN12	16	ENSG00000140623	protein_coding	Marmoset
SEPTIN12	16	ENSG00000140623	protein_coding	Owl_monkey
SEPTIN9-DT	17	ENSG00000263718	lncRNA	Gibbon
SERHL2	22	ENSG00000183569	protein_coding	Orangutan
SERINC5	5	ENSG00000164300	protein_coding	Macaque_indian
SERINC5	5	ENSG00000164300	protein_coding	Marmoset
SERINC5	5	ENSG00000164300	protein_coding	Owl_monkey
SERPINA13P	14	ENSG00000187483	processed_transcript	Gibbon
SERPINA5	14	ENSG00000188488	protein_coding	Orangutan
SERPINA7	X	ENSG00000123561	protein_coding	Owl_monkey
SERPINB11	18	ENSG00000206072	protein_coding	Marmoset
SERPINB11	18	ENSG00000206072	protein_coding	Owl_monkey
SERPINB6	6	ENSG00000124570	protein_coding	Owl_monkey
SERPINB8	18	ENSG00000166401	protein_coding	Gibbon
SERPINB8P1	6	ENSG00000217707	unprocessed_pseudogene	Macaque_indian
SERPINB9P1	6	ENSG00000230438	lncRNA	Macaque_indian
SERPINH1P1	9	ENSG00000229207	processed_pseudogene	Marmoset
SERPINH1P1	9	ENSG00000229207	processed_pseudogene	Owl_monkey
SETD7	4	ENSG00000145391	protein_coding	Marmoset
SETD7	4	ENSG00000145391	protein_coding	Owl_monkey
SETP14	3	ENSG00000240489	processed_pseudogene	Gibbon
SETP14	3	ENSG00000240489	processed_pseudogene	Gorilla
SETP14	3	ENSG00000240489	processed_pseudogene	Macaque_indian
SETP14	3	ENSG00000240489	processed_pseudogene	Marmoset
SETP14	3	ENSG00000240489	processed_pseudogene	Orangutan
SETP14	3	ENSG00000240489	processed_pseudogene	Owl_monkey
SETP2	14	ENSG00000258893	processed_pseudogene	Owl_monkey
SETP7	12	ENSG00000257444	processed_pseudogene	Gibbon
SF3A2	19	ENSG00000104897	protein_coding	Owl_monkey
SFI1	22	ENSG00000198089	protein_coding	Gibbon
SFSWAP	12	ENSG00000061936	protein_coding	Bonobo
SFTPD	10	ENSG00000133661	protein_coding	Marmoset
SGCE	7	ENSG00000127990	protein_coding	Marmoset
SGCE	7	ENSG00000127990	protein_coding	Owl_monkey
SGO1-AS1	3	ENSG00000231304	lncRNA	Macaque_indian
SGO1-AS1	3	ENSG00000231304	lncRNA	Marmoset
SGO1-AS1	3	ENSG00000231304	lncRNA	Owl_monkey
SH2D6	2	ENSG00000152292	protein_coding	Macaque_indian
SH3BP2	4	ENSG00000087266	protein_coding	Macaque_indian
SH3BP5	3	ENSG00000131370	protein_coding	Macaque_indian
SH3BP5	3	ENSG00000131370	protein_coding	Marmoset
SH3BP5	3	ENSG00000131370	protein_coding	Owl_monkey
SH3TC2-DT	5	ENSG00000250072	lncRNA	Marmoset
SH3TC2-DT	5	ENSG00000250072	lncRNA	Owl_monkey
SH3YL1	2	ENSG00000035115	protein_coding	Marmoset
SHANK2	11	ENSG00000162105	protein_coding	Marmoset
SHANK2	11	ENSG00000162105	protein_coding	Owl_monkey
SHANK3	22	ENSG00000251322	protein_coding	Gibbon
SHLD2	10	ENSG00000122376	protein_coding	Gibbon
SHROOM1	5	ENSG00000164403	protein_coding	Marmoset
SHROOM1	5	ENSG00000164403	protein_coding	Owl_monkey
SIGLEC16	19	ENSG00000161643	processed_transcript	Macaque_indian
SIRT7	17	ENSG00000187531	protein_coding	Gibbon
SKAP2	7	ENSG00000005020	protein_coding	Marmoset
SKAP2	7	ENSG00000005020	protein_coding	Owl_monkey
SKINT1L	1	ENSG00000242267	processed_transcript	Gibbon
SLC12A7	5	ENSG00000113504	protein_coding	Chimpanzee
SLC16A1-AS1	1	ENSG00000226419	lncRNA	Gibbon
SLC16A1-AS1	1	ENSG00000226419	lncRNA	Macaque_indian
SLC16A1-AS1	1	ENSG00000226419	lncRNA	Marmoset
SLC16A1-AS1	1	ENSG00000226419	lncRNA	Orangutan
SLC16A1-AS1	1	ENSG00000226419	lncRNA	Owl_monkey
SLC16A14P1	8	ENSG00000213708	unprocessed_pseudogene	Marmoset
SLC16A14P1	8	ENSG00000213708	unprocessed_pseudogene	Owl_monkey
SLC17A1	6	ENSG00000124568	protein_coding	Gibbon
SLC19A1	21	ENSG00000173638	protein_coding	Marmoset
SLC19A1	21	ENSG00000173638	protein_coding	Owl_monkey
SLC1A2	11	ENSG00000110436	protein_coding	Marmoset
SLC1A7	1	ENSG00000162383	protein_coding	Marmoset
SLC22A24	11	ENSG00000197658	protein_coding	Bonobo
SLC25A10	17	ENSG00000183048	protein_coding	Owl_monkey
SLC25A18P1	10	ENSG00000234309	processed_pseudogene	Marmoset
SLC25A18P1	10	ENSG00000234309	processed_pseudogene	Owl_monkey
SLC25A38P1	1	ENSG00000229785	processed_pseudogene	Macaque_indian
SLC25A38P1	1	ENSG00000229785	processed_pseudogene	Marmoset
SLC25A38P1	1	ENSG00000229785	processed_pseudogene	Owl_monkey
SLC25A3P1	1	ENSG00000236253	processed_transcript	Marmoset
SLC25A3P1	1	ENSG00000236253	processed_transcript	Owl_monkey
SLC25A48	5	ENSG00000145832	protein_coding	Gibbon
SLC25A48	5	ENSG00000145832	protein_coding	Macaque_indian
SLC25A51P3	8	ENSG00000254181	processed_pseudogene	Owl_monkey
SLC25A5P4	13	ENSG00000234421	processed_pseudogene	Marmoset
SLC25A5P4	13	ENSG00000234421	processed_pseudogene	Owl_monkey
SLC25A5P5	7	ENSG00000226421	processed_pseudogene	Owl_monkey
SLC25A6P2	9	ENSG00000232203	processed_pseudogene	Marmoset
SLC25A6P2	9	ENSG00000232203	processed_pseudogene	Owl_monkey
SLC26A7	8	ENSG00000147606	protein_coding	Marmoset
SLC26A7	8	ENSG00000147606	protein_coding	Owl_monkey
SLC2A1-AS1	1	ENSG00000227533	lncRNA	Marmoset
SLC2A1-AS1	1	ENSG00000227533	lncRNA	Owl_monkey
SLC2A9	4	ENSG00000109667	protein_coding	Macaque_indian
SLC2A9	4	ENSG00000109667	protein_coding	Orangutan
SLC30A8	8	ENSG00000164756	protein_coding	Marmoset
SLC30A8	8	ENSG00000164756	protein_coding	Owl_monkey
SLC35F2	11	ENSG00000110660	protein_coding	Macaque_indian
SLC35F2	11	ENSG00000110660	protein_coding	Marmoset
SLC35F2	11	ENSG00000110660	protein_coding	Owl_monkey
SLC35G4	18	ENSG00000236396	protein_coding	Bonobo
SLC35G4	18	ENSG00000236396	protein_coding	Chimpanzee
SLC37A3	7	ENSG00000157800	nonsense_mediated_decay	Macaque_indian
SLC38A1	12	ENSG00000111371	protein_coding	Marmoset
SLC38A1	12	ENSG00000111371	protein_coding	Owl_monkey
SLC39A14	8	ENSG00000104635	protein_coding	Marmoset
SLC39A8	4	ENSG00000138821	processed_transcript	Marmoset
SLC41A3	3	ENSG00000114544	protein_coding	Marmoset
SLC41A3	3	ENSG00000114544	protein_coding	Owl_monkey
SLC44A3-AS1	1	ENSG00000224081	transcribed_processed_pseudogene	Marmoset
SLC44A3-AS1	1	ENSG00000224081	transcribed_processed_pseudogene	Owl_monkey
SLC46A3	13	ENSG00000139508	protein_coding	Macaque_indian
SLC4A1APP2	1	ENSG00000236401	unprocessed_pseudogene	Macaque_indian
SLC52A1	17	ENSG00000132517	protein_coding	Owl_monkey
SLC6A18	5	ENSG00000164363	protein_coding	Marmoset
SLC7A15P	2	ENSG00000232800	unitary_pseudogene	Macaque_indian
SLC7A15P	2	ENSG00000232800	unitary_pseudogene	Marmoset
SLC8A1-AS1	2	ENSG00000227028	lncRNA	Macaque_indian
SLC8A1-AS1	2	ENSG00000227028	lncRNA	Marmoset
SLC8A1-AS1	2	ENSG00000227028	lncRNA	Owl_monkey
SLCO1B7	12	ENSG00000205754	protein_coding	Gibbon
SLFN12	17	ENSG00000172123	protein_coding	Gibbon
SMAD5	5	ENSG00000113658	protein_coding	Marmoset
SMAD5	5	ENSG00000113658	protein_coding	Owl_monkey
SMARCA4	19	ENSG00000127616	protein_coding	Marmoset
SMARCA4	19	ENSG00000127616	protein_coding	Owl_monkey
SMARCE1P4	8	ENSG00000253650	processed_pseudogene	Marmoset
SMARCE1P4	8	ENSG00000253650	processed_pseudogene	Owl_monkey
SMC4	3	ENSG00000113810	protein_coding	Orangutan
SMCO2	12	ENSG00000165935	protein_coding	Bonobo
SMCO2	12	ENSG00000165935	protein_coding	Marmoset
SMCO2	12	ENSG00000165935	protein_coding	Owl_monkey
SMILR	8	ENSG00000255364	lncRNA	Marmoset
SMILR	8	ENSG00000255364	lncRNA	Owl_monkey
SMIM11A	21	ENSG00000205670	protein_coding	Gorilla
SMIM22	16	ENSG00000267795	protein_coding	Marmoset
SMIM22	16	ENSG00000267795	protein_coding	Owl_monkey
SMIM24	19	ENSG00000095932	protein_coding	Gibbon
SMIM8	6	ENSG00000111850	processed_transcript	Marmoset
SMIM8	6	ENSG00000111850	processed_transcript	Owl_monkey
SMOX	20	ENSG00000088826	protein_coding	Marmoset
SMOX	20	ENSG00000088826	protein_coding	Owl_monkey
SMTN	22	ENSG00000183963	protein_coding	Marmoset
SMTN	22	ENSG00000183963	protein_coding	Owl_monkey
SMTNL1	11	ENSG00000214872	protein_coding	Marmoset
SMTNL1	11	ENSG00000214872	protein_coding	Owl_monkey
SNAI3-AS1	16	ENSG00000260630	lncRNA	Gibbon
SNAP25-AS1	20	ENSG00000227906	lncRNA	Gibbon
SNAP25-AS1	20	ENSG00000227906	lncRNA	Marmoset
SNAP25-AS1	20	ENSG00000227906	lncRNA	Owl_monkey
SNCAIP	5	ENSG00000064692	protein_coding	Gibbon
SNHG14	15	ENSG00000224078	lncRNA	Gibbon
SNHG14	15	ENSG00000224078	lncRNA	Macaque_indian
SNHG14	15	ENSG00000224078	lncRNA	Owl_monkey
SNHG17	20	ENSG00000196756	retained_intron	Marmoset
SNHG17	20	ENSG00000196756	retained_intron	Owl_monkey
SNHG27	4	ENSG00000251676	lncRNA	Macaque_indian
SNHG5	6	ENSG00000203875	lncRNA	Macaque_indian
SNHG5	6	ENSG00000203875	lncRNA	Marmoset
SNHG5	6	ENSG00000203875	lncRNA	Owl_monkey
SNORA10B	2	ENSG00000207187	snoRNA	Macaque_indian
SNORA10B	2	ENSG00000207187	snoRNA	Marmoset
SNORA10B	2	ENSG00000207187	snoRNA	Owl_monkey
SNORA40C	6	ENSG00000212587	snoRNA	Owl_monkey
SNORD114-23	14	ENSG00000200406	snoRNA	Macaque_indian
SNORD28B	6	ENSG00000212295	snoRNA	Marmoset
SNRPCP2	5	ENSG00000251235	processed_pseudogene	Marmoset
SNRPCP2	5	ENSG00000251235	processed_pseudogene	Orangutan
SNRPCP2	5	ENSG00000251235	processed_pseudogene	Owl_monkey
SNRPD2P1	10	ENSG00000228938	processed_pseudogene	Marmoset
SNRPD2P1	10	ENSG00000228938	processed_pseudogene	Owl_monkey
SNRPEP3	16	ENSG00000227624	processed_pseudogene	Marmoset
SNRPEP3	16	ENSG00000227624	processed_pseudogene	Owl_monkey
SNRPEP5	2	ENSG00000225642	processed_pseudogene	Macaque_indian
SNRPEP5	2	ENSG00000225642	processed_pseudogene	Marmoset
SNRPEP5	2	ENSG00000225642	processed_pseudogene	Owl_monkey
SNRPFP3	13	ENSG00000225501	processed_pseudogene	Gibbon
SNRPGP19	11	ENSG00000270526	processed_pseudogene	Bonobo
SNRPGP19	11	ENSG00000270526	processed_pseudogene	Chimpanzee
SNRPGP2	18	ENSG00000264350	processed_pseudogene	Gibbon
SNRPGP2	18	ENSG00000264350	processed_pseudogene	Macaque_indian
SNRPGP2	18	ENSG00000264350	processed_pseudogene	Marmoset
SNRPGP2	18	ENSG00000264350	processed_pseudogene	Owl_monkey
SNTN	3	ENSG00000188817	protein_coding	Marmoset
SNUPN	15	ENSG00000169371	protein_coding	Owl_monkey
SNX13	7	ENSG00000071189	protein_coding	Marmoset
SNX13	7	ENSG00000071189	protein_coding	Owl_monkey
SNX18P27	8	ENSG00000253418	processed_pseudogene	Orangutan
SNX31	8	ENSG00000174226	protein_coding	Macaque_indian
SNX31	8	ENSG00000174226	protein_coding	Marmoset
SNX31	8	ENSG00000174226	protein_coding	Owl_monkey
SNX9	6	ENSG00000130340	protein_coding	Macaque_indian
SNX9	6	ENSG00000130340	protein_coding	Marmoset
SNX9	6	ENSG00000130340	protein_coding	Owl_monkey
SOAT2	12	ENSG00000167780	protein_coding	Owl_monkey
SOCS5P4	X	ENSG00000227536	processed_pseudogene	Marmoset
SOCS5P4	X	ENSG00000227536	processed_pseudogene	Owl_monkey
SOCS5P5	6	ENSG00000216904	processed_pseudogene	Marmoset
SOD1	21	ENSG00000142168	protein_coding	Orangutan
SOD2	6	ENSG00000285441	protein_coding	Marmoset
SOD2	6	ENSG00000285441	protein_coding	Owl_monkey
SOX2-OT	3	ENSG00000242808	lncRNA	Owl_monkey
SOX5P1	8	ENSG00000254376	processed_pseudogene	Owl_monkey
SOX9-AS1	17	ENSG00000234899	lncRNA	Macaque_indian
SP100	2	ENSG00000067066	protein_coding	Marmoset
SP100	2	ENSG00000067066	protein_coding	Owl_monkey
SPAAR	9	ENSG00000235387	nonsense_mediated_decay	Gibbon
SPAAR	9	ENSG00000235387	nonsense_mediated_decay	Marmoset
SPAAR	9	ENSG00000235387	nonsense_mediated_decay	Owl_monkey
SPACA3	17	ENSG00000141316	protein_coding	Gibbon
SPANXA2-OT1	X	ENSG00000277215	lncRNA	Macaque_indian
SPANXN4	X	ENSG00000189326	protein_coding	Marmoset
SPANXN4	X	ENSG00000189326	protein_coding	Owl_monkey
SPAST	2	ENSG00000021574	protein_coding	Marmoset
SPATA1	1	ENSG00000122432	protein_coding	Gorilla
SPATA21	1	ENSG00000187144	protein_coding	Gibbon
SPATA21	1	ENSG00000187144	protein_coding	Gorilla
SPATA25	20	ENSG00000149634	protein_coding	Marmoset
SPATA2P1	13	ENSG00000228319	processed_pseudogene	Gibbon
SPATA31D1	9	ENSG00000214929	protein_coding	Marmoset
SPATA31E1	9	ENSG00000177992	protein_coding	Macaque_indian
SPATA32	17	ENSG00000184361	protein_coding	Marmoset
SPATA8	15	ENSG00000185594	lncRNA	Marmoset
SPATS2	12	ENSG00000123352	protein_coding	Marmoset
SPATS2	12	ENSG00000123352	protein_coding	Owl_monkey
SPDL1	5	ENSG00000040275	protein_coding	Owl_monkey
SPECC1P1	17	ENSG00000227790	transcribed_unprocessed_pseudogene	Macaque_indian
SPECC1P1	17	ENSG00000227790	transcribed_unprocessed_pseudogene	Marmoset
SPHK1	17	ENSG00000176170	protein_coding	Gorilla
SPHK1	17	ENSG00000176170	protein_coding	Marmoset
SPHK1	17	ENSG00000176170	protein_coding	Owl_monkey
SPIDR	8	ENSG00000164808	protein_coding	Gibbon
SPIN2A	X	ENSG00000147059	protein_coding	Gibbon
SPINK4	9	ENSG00000122711	protein_coding	Owl_monkey
SPRR3	1	ENSG00000163209	protein_coding	Owl_monkey
SPRY4-AS1	5	ENSG00000231185	lncRNA	Marmoset
SPRYD7	13	ENSG00000123178	protein_coding	Marmoset
SPRYD7	13	ENSG00000123178	protein_coding	Owl_monkey
SPRYD7P1	X	ENSG00000234404	processed_pseudogene	Gibbon
SPTLC1	9	ENSG00000090054	protein_coding	Macaque_indian
SPTLC1P2	6	ENSG00000218512	processed_pseudogene	Gibbon
SPTLC1P2	6	ENSG00000218512	processed_pseudogene	Macaque_indian
SPTLC1P2	6	ENSG00000218512	processed_pseudogene	Marmoset
SPTLC1P2	6	ENSG00000218512	processed_pseudogene	Orangutan
SPTLC1P2	6	ENSG00000218512	processed_pseudogene	Owl_monkey
SPTLC1P5	13	ENSG00000227922	processed_pseudogene	Gibbon
SPTLC1P5	13	ENSG00000227922	processed_pseudogene	Macaque_indian
SPTLC1P5	13	ENSG00000227922	processed_pseudogene	Marmoset
SPTLC1P5	13	ENSG00000227922	processed_pseudogene	Orangutan
SPTLC1P5	13	ENSG00000227922	processed_pseudogene	Owl_monkey
SRD5A3-AS1	4	ENSG00000249700	lncRNA	Gibbon
SRD5A3-AS1	4	ENSG00000249700	lncRNA	Marmoset
SRD5A3-AS1	4	ENSG00000249700	lncRNA	Owl_monkey
SRIP1	4	ENSG00000248660	processed_pseudogene	Gibbon
SRP14	15	ENSG00000140319	protein_coding	Marmoset
SRP14	15	ENSG00000140319	protein_coding	Owl_monkey
SRP14-AS1	15	ENSG00000248508	lncRNA	Gibbon
SRP14-AS1	15	ENSG00000248508	lncRNA	Macaque_indian
SRP14-AS1	15	ENSG00000248508	lncRNA	Marmoset
SRP14-AS1	15	ENSG00000248508	lncRNA	Orangutan
SRP14-AS1	15	ENSG00000248508	lncRNA	Owl_monkey
SRP19	5	ENSG00000153037	protein_coding	Marmoset
SRP19	5	ENSG00000153037	protein_coding	Owl_monkey
SRP54	14	ENSG00000100883	protein_coding	Marmoset
SRP54	14	ENSG00000100883	protein_coding	Owl_monkey
SRPK3	X	ENSG00000184343	protein_coding	Macaque_indian
SRRM1P3	X	ENSG00000237307	processed_pseudogene	Macaque_indian
SRRM5	19	ENSG00000226763	protein_coding	Marmoset
SSTR5-AS1	16	ENSG00000261713	lncRNA	Gibbon
SSUH2	3	ENSG00000125046	protein_coding	Gibbon
SSUH2	3	ENSG00000125046	protein_coding	Macaque_indian
ST13P11	11	ENSG00000213368	processed_pseudogene	Marmoset
ST13P18	X	ENSG00000234322	processed_pseudogene	Macaque_indian
ST13P18	X	ENSG00000234322	processed_pseudogene	Marmoset
ST13P18	X	ENSG00000234322	processed_pseudogene	Owl_monkey
ST13P19	1	ENSG00000228110	processed_pseudogene	Owl_monkey
ST13P3	12	ENSG00000257773	processed_pseudogene	Macaque_indian
ST13P3	12	ENSG00000257773	processed_pseudogene	Marmoset
ST13P3	12	ENSG00000257773	processed_pseudogene	Owl_monkey
ST13P6	8	ENSG00000225259	processed_pseudogene	Marmoset
ST13P6	8	ENSG00000225259	processed_pseudogene	Owl_monkey
ST20	15	ENSG00000180953	protein_coding	Gibbon
ST3GAL5	2	ENSG00000115525	protein_coding	Orangutan
ST6GAL2	2	ENSG00000144057	protein_coding	Macaque_indian
ST6GAL2	2	ENSG00000144057	protein_coding	Marmoset
ST6GAL2	2	ENSG00000144057	protein_coding	Owl_monkey
ST6GALNAC2P1	2	ENSG00000228902	processed_pseudogene	Owl_monkey
ST8SIA1	12	ENSG00000111728	processed_transcript	Bonobo
ST8SIA1	12	ENSG00000111728	processed_transcript	Chimpanzee
ST8SIA1	12	ENSG00000111728	processed_transcript	Macaque_indian
STAMBP	2	ENSG00000124356	protein_coding	Marmoset
STARD6	18	ENSG00000174448	protein_coding	Marmoset
STARD9	15	ENSG00000159433	protein_coding	Marmoset
STARD9	15	ENSG00000159433	protein_coding	Owl_monkey
STARP1	13	ENSG00000214266	processed_pseudogene	Owl_monkey
STEAP2-AS1	7	ENSG00000227646	lncRNA	Marmoset
STEAP2-AS1	7	ENSG00000227646	lncRNA	Owl_monkey
STH	17	ENSG00000256762	protein_coding	Macaque_indian
STIL	1	ENSG00000123473	protein_coding	Gibbon
STK3	8	ENSG00000104375	processed_transcript	Gorilla
STK33P1	9	ENSG00000227412	processed_pseudogene	Marmoset
STK33P1	9	ENSG00000227412	processed_pseudogene	Owl_monkey
STK38L	12	ENSG00000211455	protein_coding	Orangutan
STMN2	8	ENSG00000104435	protein_coding	Marmoset
STMN2	8	ENSG00000104435	protein_coding	Owl_monkey
STOML3	13	ENSG00000133115	protein_coding	Gibbon
STON1-GTF2A1L	2	ENSG00000068781	protein_coding	Marmoset
STRA6	15	ENSG00000137868	protein_coding	Marmoset
STRA6	15	ENSG00000137868	protein_coding	Owl_monkey
STRBP	9	ENSG00000165209	protein_coding	Macaque_indian
STS	X	ENSG00000101846	protein_coding	Macaque_indian
STS	X	ENSG00000101846	protein_coding	Marmoset
STS	X	ENSG00000101846	protein_coding	Orangutan
STS	X	ENSG00000101846	protein_coding	Owl_monkey
STX18-AS1	4	ENSG00000247708	lncRNA	Gibbon
STX18-AS1	4	ENSG00000247708	lncRNA	Marmoset
STX18-AS1	4	ENSG00000247708	lncRNA	Owl_monkey
STXBP5-AS1	6	ENSG00000233452	lncRNA	Marmoset
SUCLA2	13	ENSG00000136143	nonsense_mediated_decay	Macaque_indian
SUCLG2-AS1	3	ENSG00000241316	lncRNA	Gibbon
SUCLG2-AS1	3	ENSG00000241316	lncRNA	Marmoset
SUCLG2-AS1	3	ENSG00000241316	lncRNA	Owl_monkey
SUCLG2P2	12	ENSG00000236349	processed_pseudogene	Owl_monkey
SUGT1P3	13	ENSG00000239827	retained_intron	Macaque_indian
SUGT1P3	13	ENSG00000239827	retained_intron	Orangutan
SUGT1P4-STRA6LP	9	ENSG00000254876	lncRNA	Gibbon
SULT1D1P	4	ENSG00000236959	transcribed_unitary_pseudogene	Gibbon
SULT2B1	19	ENSG00000088002	protein_coding	Owl_monkey
SUMO1P4	19	ENSG00000235555	processed_pseudogene	Macaque_indian
SUMO2P17	17	ENSG00000248278	transcribed_processed_pseudogene	Gibbon
SUMO2P17	17	ENSG00000248278	transcribed_processed_pseudogene	Macaque_indian
SUMO2P17	17	ENSG00000248278	transcribed_processed_pseudogene	Marmoset
SUMO2P17	17	ENSG00000248278	transcribed_processed_pseudogene	Owl_monkey
SUMO2P18	8	ENSG00000253639	processed_pseudogene	Orangutan
SUMO2P6	5	ENSG00000249031	processed_pseudogene	Marmoset
SUMO2P6	5	ENSG00000249031	processed_pseudogene	Owl_monkey
SUMO4	6	ENSG00000177688	protein_coding	Macaque_indian
SUN3	7	ENSG00000164744	protein_coding	Marmoset
SUN3	7	ENSG00000164744	protein_coding	Owl_monkey
SUOX	12	ENSG00000139531	protein_coding	Gibbon
SUOX	12	ENSG00000139531	protein_coding	Macaque_indian
SUOX	12	ENSG00000139531	protein_coding	Marmoset
SUOX	12	ENSG00000139531	protein_coding	Owl_monkey
SVIL	10	ENSG00000197321	protein_coding	Marmoset
SVIL2P	10	ENSG00000234814	transcribed_unprocessed_pseudogene	Marmoset
SVIL2P	10	ENSG00000234814	transcribed_unprocessed_pseudogene	Owl_monkey
SYCE1L	16	ENSG00000205078	protein_coding	Owl_monkey
SYNJ2	6	ENSG00000078269	protein_coding	Marmoset
SYNJ2	6	ENSG00000078269	protein_coding	Owl_monkey
SYNM	15	ENSG00000182253	protein_coding	Gorilla
SYT14	1	ENSG00000143469	processed_transcript	Macaque_indian
SYTL4	X	ENSG00000102362	protein_coding	Marmoset
SYTL4	X	ENSG00000102362	protein_coding	Owl_monkey
TAAR2	6	ENSG00000146378	protein_coding	Gibbon
TAAR6	6	ENSG00000146383	protein_coding	Gibbon
TAAR6	6	ENSG00000146383	protein_coding	Marmoset
TAAR8	6	ENSG00000146385	protein_coding	Gorilla
TAC4	17	ENSG00000176358	protein_coding	Macaque_indian
TAF1L	9	ENSG00000122728	protein_coding	Marmoset
TAF1L	9	ENSG00000122728	protein_coding	Owl_monkey
TANGO2	22	ENSG00000183597	protein_coding	Owl_monkey
TAPT1-AS1	4	ENSG00000263327	lncRNA	Marmoset
TARBP1	1	ENSG00000059588	protein_coding	Marmoset
TAS2R42	12	ENSG00000186136	protein_coding	Gibbon
TAS2R60	7	ENSG00000185899	protein_coding	Macaque_indian
TBC1D2B	15	ENSG00000167202	protein_coding	Gibbon
TBC1D3P1-DHX40P1	17	ENSG00000267104	lncRNA	Bonobo
TBC1D7	6	ENSG00000145979	protein_coding	Marmoset
TBC1D7	6	ENSG00000145979	protein_coding	Owl_monkey
TBC1D8B	X	ENSG00000133138	protein_coding	Bonobo
TBC1D8B	X	ENSG00000133138	protein_coding	Chimpanzee
TBC1D8B	X	ENSG00000133138	protein_coding	Gibbon
TBC1D8B	X	ENSG00000133138	protein_coding	Gorilla
TBC1D8B	X	ENSG00000133138	protein_coding	Macaque_indian
TBC1D8B	X	ENSG00000133138	protein_coding	Marmoset
TBC1D8B	X	ENSG00000133138	protein_coding	Orangutan
TBC1D8B	X	ENSG00000133138	protein_coding	Owl_monkey
TBP	6	ENSG00000112592	protein_coding	Owl_monkey
TCF12	15	ENSG00000140262	protein_coding	Owl_monkey
TCF4	18	ENSG00000196628	protein_coding	Owl_monkey
TCHH	1	ENSG00000159450	protein_coding	Marmoset
TCHH	1	ENSG00000159450	protein_coding	Owl_monkey
TCP11X2	X	ENSG00000215029	protein_coding	Owl_monkey
TDRD15	2	ENSG00000218819	protein_coding	Owl_monkey
TDRD3	13	ENSG00000083544	protein_coding	Marmoset
TDRD3	13	ENSG00000083544	protein_coding	Owl_monkey
TEDC1	14	ENSG00000185347	protein_coding	Owl_monkey
TEDDM1	1	ENSG00000203730	protein_coding	Gorilla
TEKT3	17	ENSG00000125409	protein_coding	Gibbon
TENT2	5	ENSG00000164329	protein_coding	Marmoset
TENT2	5	ENSG00000164329	protein_coding	Owl_monkey
TEP1	14	ENSG00000129566	protein_coding	Gibbon
TEX21P	14	ENSG00000234911	processed_transcript	Gibbon
TEX35	1	ENSG00000240021	nonsense_mediated_decay	Marmoset
TEX35	1	ENSG00000240021	nonsense_mediated_decay	Owl_monkey
TEX41	2	ENSG00000226674	lncRNA	Gibbon
TEX41	2	ENSG00000226674	lncRNA	Macaque_indian
TEX41	2	ENSG00000226674	lncRNA	Marmoset
TEX41	2	ENSG00000226674	lncRNA	Orangutan
TEX41	2	ENSG00000226674	lncRNA	Owl_monkey
TEX55	3	ENSG00000163424	protein_coding	Marmoset
TGIF1P1	19	ENSG00000259339	processed_pseudogene	Macaque_indian
THAP12P6	13	ENSG00000227882	processed_pseudogene	Macaque_indian
THAP12P6	13	ENSG00000227882	processed_pseudogene	Marmoset
THAP12P6	13	ENSG00000227882	processed_pseudogene	Owl_monkey
THAP5	7	ENSG00000177683	processed_transcript	Gibbon
THAP5P1	7	ENSG00000224324	processed_pseudogene	Macaque_indian
THAP5P1	7	ENSG00000224324	processed_pseudogene	Marmoset
THAP5P1	7	ENSG00000224324	processed_pseudogene	Owl_monkey
THORLNC	2	ENSG00000226856	lncRNA	Gibbon
THSD4	15	ENSG00000187720	protein_coding	Marmoset
THSD4	15	ENSG00000187720	protein_coding	Owl_monkey
THYN1	11	ENSG00000151500	protein_coding	Marmoset
THYN1	11	ENSG00000151500	protein_coding	Owl_monkey
TIPRL	1	ENSG00000143155	protein_coding	Marmoset
TIPRL	1	ENSG00000143155	protein_coding	Owl_monkey
TKT	3	ENSG00000163931	protein_coding	Marmoset
TKT	3	ENSG00000163931	protein_coding	Owl_monkey
TKTL1	X	ENSG00000007350	protein_coding	Owl_monkey
TMBIM7P	7	ENSG00000230927	processed_transcript	Owl_monkey
TMC3-AS1	15	ENSG00000259343	lncRNA	Marmoset
TMC3-AS1	15	ENSG00000259343	lncRNA	Owl_monkey
TMC5	16	ENSG00000103534	protein_coding	Marmoset
TMCC1-AS1	3	ENSG00000271270	lncRNA	Marmoset
TMCO5A	15	ENSG00000166069	protein_coding	Marmoset
TMCO5A	15	ENSG00000166069	protein_coding	Owl_monkey
TMEM14B	6	ENSG00000137210	protein_coding	Owl_monkey
TMEM14DP	10	ENSG00000214881	processed_pseudogene	Orangutan
TMEM159	16	ENSG00000011638	protein_coding	Marmoset
TMEM161B-AS1	5	ENSG00000247828	lncRNA	Gorilla
TMEM161B-AS1	5	ENSG00000247828	lncRNA	Marmoset
TMEM175	4	ENSG00000127419	protein_coding	Bonobo
TMEM212	3	ENSG00000186329	processed_transcript	Owl_monkey
TMEM220-AS1	17	ENSG00000263400	lncRNA	Macaque_indian
TMEM254-AS1	10	ENSG00000230091	lncRNA	Gibbon
TMEM269	1	ENSG00000274386	protein_coding	Marmoset
TMEM40	3	ENSG00000088726	protein_coding	Macaque_indian
TMEM40	3	ENSG00000088726	protein_coding	Marmoset
TMEM40	3	ENSG00000088726	protein_coding	Owl_monkey
TMEM43	3	ENSG00000170876	protein_coding	Marmoset
TMEM43	3	ENSG00000170876	protein_coding	Owl_monkey
TMEM62	15	ENSG00000137842	protein_coding	Macaque_indian
TMEM67	8	ENSG00000164953	protein_coding	Marmoset
TMEM97P2	8	ENSG00000253866	processed_pseudogene	Marmoset
TMEM97P2	8	ENSG00000253866	processed_pseudogene	Owl_monkey
TMOD3	15	ENSG00000138594	processed_transcript	Macaque_indian
TMPRSS11GP	4	ENSG00000229009	transcribed_unprocessed_pseudogene	Bonobo
TMPRSS11GP	4	ENSG00000229009	transcribed_unprocessed_pseudogene	Chimpanzee
TMPRSS2	21	ENSG00000184012	protein_coding	Gibbon
TMSB15B	X	ENSG00000269226	protein_coding	Marmoset
TMSB15B	X	ENSG00000269226	protein_coding	Owl_monkey
TNFRSF10B	8	ENSG00000120889	protein_coding	Marmoset
TNK2	3	ENSG00000061938	protein_coding	Gibbon
TNKS2-AS1	10	ENSG00000228701	lncRNA	Marmoset
TNKS2-AS1	10	ENSG00000228701	lncRNA	Owl_monkey
TNS2	12	ENSG00000111077	protein_coding	Marmoset
TNS2	12	ENSG00000111077	protein_coding	Owl_monkey
TONSL	8	ENSG00000160949	protein_coding	Gibbon
TOPORSLP	9	ENSG00000242111	processed_transcript	Marmoset
TOX4P1	4	ENSG00000248697	processed_pseudogene	Marmoset
TOX4P1	4	ENSG00000248697	processed_pseudogene	Owl_monkey
TP53AIP1	11	ENSG00000120471	protein_coding	Marmoset
TP53AIP1	11	ENSG00000120471	protein_coding	Owl_monkey
TP73	1	ENSG00000078900	protein_coding	Owl_monkey
TP73-AS1	1	ENSG00000227372	transcribed_unitary_pseudogene	Owl_monkey
TPCN2	11	ENSG00000162341	protein_coding	Marmoset
TPH2	12	ENSG00000139287	processed_transcript	Gibbon
TPH2	12	ENSG00000139287	processed_transcript	Macaque_indian
TPH2	12	ENSG00000139287	processed_transcript	Marmoset
TPH2	12	ENSG00000139287	processed_transcript	Orangutan
TPH2	12	ENSG00000139287	processed_transcript	Owl_monkey
TPM3P2	20	ENSG00000214200	processed_pseudogene	Owl_monkey
TPM3P4	7	ENSG00000214869	processed_pseudogene	Marmoset
TPM3P4	7	ENSG00000214869	processed_pseudogene	Owl_monkey
TPMTP1	18	ENSG00000267156	processed_pseudogene	Macaque_indian
TPMTP1	18	ENSG00000267156	processed_pseudogene	Marmoset
TPMTP1	18	ENSG00000267156	processed_pseudogene	Owl_monkey
TPRG1	3	ENSG00000188001	protein_coding	Macaque_indian
TPRG1	3	ENSG00000188001	protein_coding	Marmoset
TPRG1	3	ENSG00000188001	protein_coding	Owl_monkey
TPRXL	3	ENSG00000180438	processed_transcript	Gibbon
TPRXL	3	ENSG00000180438	processed_transcript	Orangutan
TPTE2P5	13	ENSG00000168852	processed_transcript	Orangutan
TPTE2P6	13	ENSG00000205822	processed_transcript	Orangutan
TPTEP1	22	ENSG00000100181	processed_transcript	Bonobo
TPTEP1	22	ENSG00000100181	processed_transcript	Chimpanzee
TPX2	20	ENSG00000088325	protein_coding	Marmoset
TPX2	20	ENSG00000088325	protein_coding	Owl_monkey
TRAF6P1	10	ENSG00000226557	processed_pseudogene	Marmoset
TRAF6P1	10	ENSG00000226557	processed_pseudogene	Owl_monkey
TRAPPC12	2	ENSG00000171853	protein_coding	Macaque_indian
TRAPPC2B	19	ENSG00000256060	protein_coding	Owl_monkey
TRAV28	14	ENSG00000258835	TR_V_pseudogene	Gibbon
TRAV28	14	ENSG00000258835	TR_V_pseudogene	Macaque_indian
TRAV40	14	ENSG00000211819	TR_V_gene	Gibbon
TRBV5-2	7	ENSG00000242771	TR_V_pseudogene	Macaque_indian
TRBV6-4	7	ENSG00000211713	TR_V_gene	Gibbon
TRBV6-4	7	ENSG00000211713	TR_V_gene	Macaque_indian
TREML5P	6	ENSG00000225690	unprocessed_pseudogene	Orangutan
TRGV11	7	ENSG00000211693	TR_V_gene	Gorilla
TRGV11	7	ENSG00000211693	TR_V_gene	Marmoset
TRGV11	7	ENSG00000211693	TR_V_gene	Owl_monkey
TRHDE	12	ENSG00000072657	processed_transcript	Owl_monkey
TRHDE-AS1	12	ENSG00000236333	lncRNA	Marmoset
TRIB3	20	ENSG00000101255	protein_coding	Chimpanzee
TRIB3	20	ENSG00000101255	protein_coding	Macaque_indian
TRIM34	11	ENSG00000258659	protein_coding	Macaque_indian
TRIM5	11	ENSG00000132256	protein_coding	Owl_monkey
TRIM60	4	ENSG00000176979	protein_coding	Gibbon
TRIM64FP	2	ENSG00000226185	unprocessed_pseudogene	Gorilla
TRIM69	15	ENSG00000185880	protein_coding	Gorilla
TRIP11	14	ENSG00000100815	protein_coding	Marmoset
TRMT11	6	ENSG00000066651	nonsense_mediated_decay	Gibbon
TRMT11	6	ENSG00000066651	nonsense_mediated_decay	Gorilla
TRMT11	6	ENSG00000066651	nonsense_mediated_decay	Macaque_indian
TRMT11	6	ENSG00000066651	nonsense_mediated_decay	Marmoset
TRMT11	6	ENSG00000066651	nonsense_mediated_decay	Orangutan
TRMT11	6	ENSG00000066651	nonsense_mediated_decay	Owl_monkey
TRMT112P1	4	ENSG00000250272	processed_pseudogene	Gibbon
TRMT112P3	17	ENSG00000265262	transcribed_processed_pseudogene	Marmoset
TRMT112P3	17	ENSG00000265262	transcribed_processed_pseudogene	Owl_monkey
TRMT112P6	2	ENSG00000268412	processed_pseudogene	Owl_monkey
TRMT13	1	ENSG00000122435	protein_coding	Marmoset
TRMT9B	8	ENSG00000250305	protein_coding	Gibbon
TRMT9B	8	ENSG00000250305	protein_coding	Macaque_indian
TRMT9B	8	ENSG00000250305	protein_coding	Marmoset
TRMT9B	8	ENSG00000250305	protein_coding	Owl_monkey
TRPC5OS	X	ENSG00000204025	protein_coding	Gibbon
TSBP1	6	ENSG00000204296	protein_coding	Owl_monkey
TSEN15	1	ENSG00000198860	nonsense_mediated_decay	Marmoset
TSEN15	1	ENSG00000198860	nonsense_mediated_decay	Owl_monkey
TSNAX-DISC1	1	ENSG00000270106	nonsense_mediated_decay	Marmoset
TSPAN16	19	ENSG00000130167	protein_coding	Owl_monkey
TSPAN19	12	ENSG00000231738	protein_coding	Gibbon
TSSC2	11	ENSG00000223756	processed_transcript	Bonobo
TSSC2	11	ENSG00000223756	processed_transcript	Chimpanzee
TSTD3	6	ENSG00000279170	protein_coding	Gibbon
TTC16	9	ENSG00000167094	protein_coding	Marmoset
TTC16	9	ENSG00000167094	protein_coding	Owl_monkey
TTC23	15	ENSG00000103852	protein_coding	Bonobo
TTC23	15	ENSG00000103852	protein_coding	Chimpanzee
TTC23	15	ENSG00000103852	protein_coding	Marmoset
TTC23	15	ENSG00000103852	protein_coding	Owl_monkey
TTC33	5	ENSG00000113638	protein_coding	Marmoset
TTC33	5	ENSG00000113638	protein_coding	Owl_monkey
TTC41P	12	ENSG00000214198	processed_transcript	Gibbon
TTC41P	12	ENSG00000214198	processed_transcript	Macaque_indian
TTC6	14	ENSG00000139865	protein_coding	Gibbon
TTC6	14	ENSG00000139865	protein_coding	Macaque_indian
TTC6	14	ENSG00000139865	protein_coding	Marmoset
TTC6	14	ENSG00000139865	protein_coding	Owl_monkey
TTF1	9	ENSG00000125482	protein_coding	Owl_monkey
TTF2	1	ENSG00000116830	protein_coding	Marmoset
TTLL4	2	ENSG00000135912	protein_coding	Orangutan
TTLL8	22	ENSG00000138892	protein_coding	Gibbon
TTN	2	ENSG00000155657	protein_coding	Owl_monkey
TUBA1C	12	ENSG00000167553	processed_transcript	Macaque_indian
TUBAP2	11	ENSG00000214391	processed_pseudogene	Macaque_indian
TUBAP2	11	ENSG00000214391	processed_pseudogene	Marmoset
TUBAP2	11	ENSG00000214391	processed_pseudogene	Owl_monkey
TUBB8P5	12	ENSG00000254381	unprocessed_pseudogene	Bonobo
TUBB8P5	12	ENSG00000254381	unprocessed_pseudogene	Chimpanzee
TUBGCP6	22	ENSG00000128159	protein_coding	Marmoset
TUBGCP6	22	ENSG00000128159	protein_coding	Owl_monkey
TUSC3	8	ENSG00000104723	processed_transcript	Owl_monkey
TXNP1	10	ENSG00000232823	processed_pseudogene	Owl_monkey
U91319	16	ENSG00000262801	lncRNA	Marmoset
U91319	16	ENSG00000262801	lncRNA	Owl_monkey
U95743	16	ENSG00000262267	lncRNA	Bonobo
U95743	16	ENSG00000262267	lncRNA	Chimpanzee
U95743	16	ENSG00000262267	lncRNA	Gibbon
UBA5	3	ENSG00000081307	protein_coding	Gibbon
UBA6-AS1	4	ENSG00000248049	lncRNA	Chimpanzee
UBA6-AS1	4	ENSG00000248049	lncRNA	Marmoset
UBA6-AS1	4	ENSG00000248049	lncRNA	Owl_monkey
UBAC2-AS1	13	ENSG00000228889	lncRNA	Gorilla
UBAP1	9	ENSG00000165006	protein_coding	Macaque_indian
UBBP1	2	ENSG00000230037	processed_pseudogene	Marmoset
UBBP1	2	ENSG00000230037	processed_pseudogene	Owl_monkey
UBE2C	20	ENSG00000175063	protein_coding	Marmoset
UBE2C	20	ENSG00000175063	protein_coding	Owl_monkey
UBE2FP2	16	ENSG00000261199	processed_pseudogene	Marmoset
UBE2HP1	8	ENSG00000253677	processed_pseudogene	Macaque_indian
UBE2HP1	8	ENSG00000253677	processed_pseudogene	Marmoset
UBE2HP1	8	ENSG00000253677	processed_pseudogene	Owl_monkey
UBE2NL	X	ENSG00000276380	polymorphic_pseudogene	Marmoset
UBE2NL	X	ENSG00000276380	polymorphic_pseudogene	Owl_monkey
UBE2V1P9	X	ENSG00000229667	processed_pseudogene	Gorilla
UBL7-AS1	15	ENSG00000247240	lncRNA	Gibbon
UBL7-AS1	15	ENSG00000247240	lncRNA	Macaque_indian
UBL7-AS1	15	ENSG00000247240	lncRNA	Marmoset
UBL7-AS1	15	ENSG00000247240	lncRNA	Orangutan
UBL7-AS1	15	ENSG00000247240	lncRNA	Owl_monkey
UBXN11	1	ENSG00000158062	protein_coding	Bonobo
UBXN11	1	ENSG00000158062	protein_coding	Chimpanzee
UBXN11	1	ENSG00000158062	protein_coding	Gibbon
UBXN11	1	ENSG00000158062	protein_coding	Gorilla
UBXN11	1	ENSG00000158062	protein_coding	Macaque_indian
UBXN11	1	ENSG00000158062	protein_coding	Marmoset
UBXN11	1	ENSG00000158062	protein_coding	Orangutan
UBXN11	1	ENSG00000158062	protein_coding	Owl_monkey
UCHL5	1	ENSG00000116750	protein_coding	Marmoset
UCHL5	1	ENSG00000116750	protein_coding	Owl_monkey
UGGT2	13	ENSG00000102595	protein_coding	Gibbon
UGT1A11P	2	ENSG00000227846	unprocessed_pseudogene	Gibbon
UGT2A1	4	ENSG00000173610	protein_coding	Gibbon
UGT2A1	4	ENSG00000173610	protein_coding	Orangutan
UMODL1	21	ENSG00000177398	protein_coding	Marmoset
UMODL1	21	ENSG00000177398	protein_coding	Owl_monkey
UQCC3	11	ENSG00000204922	protein_coding	Gibbon
UQCRFS1P3	6	ENSG00000217314	processed_pseudogene	Marmoset
UQCRFS1P3	6	ENSG00000217314	processed_pseudogene	Owl_monkey
USP10	16	ENSG00000103194	protein_coding	Marmoset
USP24	1	ENSG00000162402	protein_coding	Marmoset
USP29	19	ENSG00000131864	protein_coding	Owl_monkey
USP30	12	ENSG00000135093	protein_coding	Macaque_indian
USP30	12	ENSG00000135093	protein_coding	Marmoset
USP30	12	ENSG00000135093	protein_coding	Owl_monkey
USP32	17	ENSG00000170832	protein_coding	Gorilla
USP37	2	ENSG00000135913	protein_coding	Owl_monkey
USP50	15	ENSG00000170236	protein_coding	Gibbon
USP50	15	ENSG00000170236	protein_coding	Owl_monkey
UTP20	12	ENSG00000120800	protein_coding	Orangutan
UTS2B	3	ENSG00000188958	protein_coding	Marmoset
UTS2B	3	ENSG00000188958	protein_coding	Owl_monkey
UXS1	2	ENSG00000115652	protein_coding	Marmoset
VAMP9P	4	ENSG00000284516	transcribed_unitary_pseudogene	Gibbon
VAPA	18	ENSG00000101558	protein_coding	Orangutan
VBP1	X	ENSG00000155959	protein_coding	Gibbon
VCAM1	1	ENSG00000162692	protein_coding	Bonobo
VCAM1	1	ENSG00000162692	protein_coding	Chimpanzee
VEZF1P1	3	ENSG00000236229	processed_pseudogene	Macaque_indian
VEZF1P1	3	ENSG00000236229	processed_pseudogene	Marmoset
VEZF1P1	3	ENSG00000236229	processed_pseudogene	Owl_monkey
VGLL3	3	ENSG00000206538	protein_coding	Gibbon
VGLL3	3	ENSG00000206538	protein_coding	Marmoset
VGLL3	3	ENSG00000206538	protein_coding	Owl_monkey
VINAC1P	2	ENSG00000283698	processed_transcript	Macaque_indian
VLDLR-AS1	9	ENSG00000236404	lncRNA	Marmoset
VLDLR-AS1	9	ENSG00000236404	lncRNA	Owl_monkey
VN1R1	19	ENSG00000178201	protein_coding	Macaque_indian
VN1R4	19	ENSG00000228567	protein_coding	Gibbon
VN1R40P	7	ENSG00000223845	unitary_pseudogene	Bonobo
VN1R40P	7	ENSG00000223845	unitary_pseudogene	Chimpanzee
VN1R66P	16	ENSG00000237185	unprocessed_pseudogene	Gorilla
VN1R96P	19	ENSG00000230086	unitary_pseudogene	Gibbon
VN2R19P	19	ENSG00000235974	unitary_pseudogene	Gorilla
VN2R19P	19	ENSG00000235974	unitary_pseudogene	Orangutan
VPS35L	16	ENSG00000103544	protein_coding	Orangutan
VTN	17	ENSG00000109072	protein_coding	Marmoset
VTN	17	ENSG00000109072	protein_coding	Owl_monkey
VWA8-AS1	13	ENSG00000278338	lncRNA	Orangutan
WARS2P1	10	ENSG00000227209	processed_pseudogene	Gibbon
WASF4P	X	ENSG00000188459	processed_pseudogene	Macaque_indian
WASHC4	12	ENSG00000136051	protein_coding	Gibbon
WDFY3-AS2	4	ENSG00000180769	lncRNA	Gibbon
WDFY3-AS2	4	ENSG00000180769	lncRNA	Marmoset
WDFY3-AS2	4	ENSG00000180769	lncRNA	Owl_monkey
WDR27	6	ENSG00000184465	protein_coding	Macaque_indian
WDR31	9	ENSG00000148225	protein_coding	Marmoset
WDR31	9	ENSG00000148225	protein_coding	Owl_monkey
WDR34	9	ENSG00000119333	protein_coding	Owl_monkey
WDR5	9	ENSG00000196363	protein_coding	Marmoset
WDR5	9	ENSG00000196363	protein_coding	Owl_monkey
WDR62	19	ENSG00000075702	protein_coding	Marmoset
WDR62	19	ENSG00000075702	protein_coding	Owl_monkey
WDR72	15	ENSG00000166415	protein_coding	Gibbon
WDR72	15	ENSG00000166415	protein_coding	Macaque_indian
WDR72	15	ENSG00000166415	protein_coding	Marmoset
WDR72	15	ENSG00000166415	protein_coding	Orangutan
WDR72	15	ENSG00000166415	protein_coding	Owl_monkey
WDR83	19	ENSG00000123154	protein_coding	Macaque_indian
WDR90	16	ENSG00000161996	protein_coding	Owl_monkey
WDR93	15	ENSG00000140527	protein_coding	Macaque_indian
WFDC3	20	ENSG00000124116	protein_coding	Orangutan
WFDC8	20	ENSG00000158901	protein_coding	Marmoset
WIZP1	11	ENSG00000255293	processed_pseudogene	Owl_monkey
WNK3	X	ENSG00000196632	protein_coding	Marmoset
WNK3	X	ENSG00000196632	protein_coding	Owl_monkey
WNT5B	12	ENSG00000111186	protein_coding	Marmoset
WT1-AS	11	ENSG00000183242	lncRNA	Marmoset
WT1-AS	11	ENSG00000183242	lncRNA	Owl_monkey
WWTR1	3	ENSG00000018408	protein_coding	Marmoset
XACT	X	ENSG00000241743	lncRNA	Macaque_indian
XACT	X	ENSG00000241743	lncRNA	Marmoset
XACT	X	ENSG00000241743	lncRNA	Owl_monkey
XIAPP1	10	ENSG00000270294	processed_pseudogene	Gibbon
XIAPP1	10	ENSG00000270294	processed_pseudogene	Macaque_indian
XIAPP1	10	ENSG00000270294	processed_pseudogene	Marmoset
XIAPP1	10	ENSG00000270294	processed_pseudogene	Orangutan
XIAPP1	10	ENSG00000270294	processed_pseudogene	Owl_monkey
XKR9	8	ENSG00000221947	protein_coding	Owl_monkey
XRCC3	14	ENSG00000126215	protein_coding	Macaque_indian
XRCC6P1	10	ENSG00000237417	processed_pseudogene	Marmoset
XRCC6P1	10	ENSG00000237417	processed_pseudogene	Owl_monkey
XRCC6P2	X	ENSG00000234825	processed_pseudogene	Macaque_indian
XRCC6P2	X	ENSG00000234825	processed_pseudogene	Marmoset
XRCC6P2	X	ENSG00000234825	processed_pseudogene	Owl_monkey
YBX1P1	14	ENSG00000224861	processed_pseudogene	Gibbon
YBX1P1	14	ENSG00000224861	processed_pseudogene	Macaque_indian
YBX1P1	14	ENSG00000224861	processed_pseudogene	Marmoset
YBX1P1	14	ENSG00000224861	processed_pseudogene	Orangutan
YBX1P1	14	ENSG00000224861	processed_pseudogene	Owl_monkey
YBX1P10	9	ENSG00000213866	processed_pseudogene	Gibbon
YBX1P10	9	ENSG00000213866	processed_pseudogene	Macaque_indian
YBX1P10	9	ENSG00000213866	processed_pseudogene	Marmoset
YBX1P10	9	ENSG00000213866	processed_pseudogene	Owl_monkey
YBX2P1	10	ENSG00000213438	processed_pseudogene	Marmoset
YBX2P1	10	ENSG00000213438	processed_pseudogene	Owl_monkey
YWHAEP5	2	ENSG00000234645	processed_pseudogene	Macaque_indian
YWHAEP5	2	ENSG00000234645	processed_pseudogene	Marmoset
YWHAEP5	2	ENSG00000234645	processed_pseudogene	Owl_monkey
YWHAQP9	1	ENSG00000230019	processed_pseudogene	Marmoset
YWHAQP9	1	ENSG00000230019	processed_pseudogene	Owl_monkey
YWHAZP2	2	ENSG00000213236	processed_pseudogene	Gibbon
YWHAZP2	2	ENSG00000213236	processed_pseudogene	Macaque_indian
YWHAZP2	2	ENSG00000213236	processed_pseudogene	Marmoset
YWHAZP2	2	ENSG00000213236	processed_pseudogene	Owl_monkey
YWHAZP3	10	ENSG00000229932	processed_pseudogene	Marmoset
YWHAZP3	10	ENSG00000229932	processed_pseudogene	Owl_monkey
Z72006	22	ENSG00000285855	lncRNA	Owl_monkey
Z75741	X	ENSG00000224548	processed_pseudogene	Marmoset
Z75741	X	ENSG00000224548	processed_pseudogene	Owl_monkey
Z82186	22	ENSG00000224715	lncRNA	Bonobo
Z82195	X	ENSG00000274775	transcribed_unprocessed_pseudogene	Marmoset
Z82195	X	ENSG00000274775	transcribed_unprocessed_pseudogene	Orangutan
Z82195	X	ENSG00000274775	transcribed_unprocessed_pseudogene	Owl_monkey
Z82196	22	ENSG00000234891	lncRNA	Marmoset
Z82196	22	ENSG00000234891	lncRNA	Owl_monkey
Z83820	X	ENSG00000230781	unitary_pseudogene	Macaque_indian
Z85994	22	ENSG00000236079	processed_pseudogene	Gibbon
Z93242	X	ENSG00000227873	processed_pseudogene	Gibbon
Z93403	X	ENSG00000231772	lncRNA	Marmoset
Z93930	22	ENSG00000226471	lncRNA	Gibbon
Z95327	X	ENSG00000238116	processed_pseudogene	Bonobo
Z95327	X	ENSG00000238116	processed_pseudogene	Chimpanzee
Z96811	X	ENSG00000230478	processed_pseudogene	Marmoset
Z96811	X	ENSG00000230478	processed_pseudogene	Owl_monkey
Z97353	22	ENSG00000231369	processed_pseudogene	Macaque_indian
Z97353	22	ENSG00000231369	processed_pseudogene	Marmoset
Z97353	22	ENSG00000231369	processed_pseudogene	Owl_monkey
Z98259	1	ENSG00000284692	lncRNA	Macaque_indian
Z99916	22	ENSG00000279298	lncRNA	Gibbon
ZBED5	11	ENSG00000236287	processed_transcript	Marmoset
ZBED5	11	ENSG00000236287	processed_transcript	Owl_monkey
ZBTB25	14	ENSG00000089775	protein_coding	Marmoset
ZBTB25	14	ENSG00000089775	protein_coding	Owl_monkey
ZC3H12D	6	ENSG00000178199	protein_coding	Marmoset
ZC3H12D	6	ENSG00000178199	protein_coding	Owl_monkey
ZCWPW2	3	ENSG00000206559	protein_coding	Marmoset
ZCWPW2	3	ENSG00000206559	protein_coding	Owl_monkey
ZDBF2	2	ENSG00000204186	protein_coding	Marmoset
ZDBF2	2	ENSG00000204186	protein_coding	Owl_monkey
ZDHHC19	3	ENSG00000163958	protein_coding	Macaque_indian
ZDHHC20P4	13	ENSG00000232380	processed_pseudogene	Gibbon
ZDHHC20P4	13	ENSG00000232380	processed_pseudogene	Owl_monkey
ZDHHC24	11	ENSG00000174165	protein_coding	Orangutan
ZEB1-AS1	10	ENSG00000237036	lncRNA	Marmoset
ZEB1-AS1	10	ENSG00000237036	lncRNA	Owl_monkey
ZEB2P1	4	ENSG00000249506	transcribed_processed_pseudogene	Marmoset
ZEB2P1	4	ENSG00000249506	transcribed_processed_pseudogene	Owl_monkey
ZFAS1	20	ENSG00000177410	lncRNA	Gibbon
ZFAT	8	ENSG00000066827	protein_coding	Marmoset
ZFAT	8	ENSG00000066827	protein_coding	Owl_monkey
ZFHX4-AS1	8	ENSG00000253661	lncRNA	Owl_monkey
ZFP14	19	ENSG00000142065	protein_coding	Marmoset
ZFP2	5	ENSG00000198939	protein_coding	Owl_monkey
ZFP64	20	ENSG00000020256	protein_coding	Macaque_indian
ZFP64P1	14	ENSG00000258491	processed_pseudogene	Orangutan
ZFP90	16	ENSG00000184939	protein_coding	Gibbon
ZFPM2	8	ENSG00000169946	processed_transcript	Marmoset
ZFRP1	X	ENSG00000234570	processed_pseudogene	Gibbon
ZFYVE19	15	ENSG00000166140	protein_coding	Gibbon
ZFYVE28	4	ENSG00000159733	protein_coding	Marmoset
ZFYVE28	4	ENSG00000159733	protein_coding	Owl_monkey
ZFYVE9P2	2	ENSG00000214843	processed_pseudogene	Marmoset
ZFYVE9P2	2	ENSG00000214843	processed_pseudogene	Owl_monkey
ZGPAT	20	ENSG00000197114	protein_coding	Gibbon
ZGPAT	20	ENSG00000197114	protein_coding	Macaque_indian
ZGPAT	20	ENSG00000197114	protein_coding	Marmoset
ZGPAT	20	ENSG00000197114	protein_coding	Owl_monkey
ZHX3	20	ENSG00000174306	protein_coding	Marmoset
ZKSCAN7	3	ENSG00000196345	protein_coding	Marmoset
ZKSCAN7	3	ENSG00000196345	protein_coding	Owl_monkey
ZMAT1	X	ENSG00000166432	protein_coding	Marmoset
ZMAT1	X	ENSG00000166432	protein_coding	Owl_monkey
ZMIZ1-AS1	10	ENSG00000224596	lncRNA	Marmoset
ZMYM1	1	ENSG00000197056	protein_coding	Orangutan
ZNF112	19	ENSG00000062370	protein_coding	Bonobo
ZNF112	19	ENSG00000062370	protein_coding	Chimpanzee
ZNF117	7	ENSG00000152926	protein_coding	Gibbon
ZNF134	19	ENSG00000213762	protein_coding	Marmoset
ZNF134	19	ENSG00000213762	protein_coding	Owl_monkey
ZNF155	19	ENSG00000204920	protein_coding	Marmoset
ZNF155	19	ENSG00000204920	protein_coding	Owl_monkey
ZNF177	19	ENSG00000188629	protein_coding	Gorilla
ZNF185	X	ENSG00000147394	protein_coding	Marmoset
ZNF20	19	ENSG00000132010	protein_coding	Marmoset
ZNF213	16	ENSG00000085644	protein_coding	Owl_monkey
ZNF221	19	ENSG00000159905	protein_coding	Owl_monkey
ZNF234	19	ENSG00000263002	protein_coding	Marmoset
ZNF234	19	ENSG00000263002	protein_coding	Owl_monkey
ZNF236-DT	18	ENSG00000264278	lncRNA	Macaque_indian
ZNF236-DT	18	ENSG00000264278	lncRNA	Marmoset
ZNF236-DT	18	ENSG00000264278	lncRNA	Owl_monkey
ZNF259P1	6	ENSG00000219565	transcribed_processed_pseudogene	Marmoset
ZNF259P1	6	ENSG00000219565	transcribed_processed_pseudogene	Owl_monkey
ZNF280C	X	ENSG00000056277	protein_coding	Bonobo
ZNF280C	X	ENSG00000056277	protein_coding	Chimpanzee
ZNF283	19	ENSG00000167637	protein_coding	Gorilla
ZNF283	19	ENSG00000167637	protein_coding	Macaque_indian
ZNF285	19	ENSG00000267508	protein_coding	Gibbon
ZNF300P1	5	ENSG00000197083	processed_transcript	Gibbon
ZNF320	19	ENSG00000182986	protein_coding	Gorilla
ZNF320	19	ENSG00000182986	protein_coding	Macaque_indian
ZNF337-AS1	20	ENSG00000213742	lncRNA	Owl_monkey
ZNF33B	10	ENSG00000196693	protein_coding	Gorilla
ZNF343	20	ENSG00000088876	protein_coding	Marmoset
ZNF343	20	ENSG00000088876	protein_coding	Owl_monkey
ZNF346	5	ENSG00000113761	protein_coding	Marmoset
ZNF383	19	ENSG00000188283	protein_coding	Macaque_indian
ZNF385B	2	ENSG00000144331	protein_coding	Owl_monkey
ZNF396	18	ENSG00000186496	protein_coding	Gibbon
ZNF404	19	ENSG00000176222	protein_coding	Macaque_indian
ZNF404	19	ENSG00000176222	protein_coding	Owl_monkey
ZNF410	14	ENSG00000119725	protein_coding	Marmoset
ZNF410	14	ENSG00000119725	protein_coding	Owl_monkey
ZNF416	19	ENSG00000083817	protein_coding	Marmoset
ZNF418	19	ENSG00000196724	protein_coding	Macaque_indian
ZNF418	19	ENSG00000196724	protein_coding	Marmoset
ZNF429	19	ENSG00000197013	protein_coding	Gibbon
ZNF43	19	ENSG00000198521	protein_coding	Marmoset
ZNF43	19	ENSG00000198521	protein_coding	Owl_monkey
ZNF433	19	ENSG00000197647	protein_coding	Gibbon
ZNF438	10	ENSG00000183621	protein_coding	Owl_monkey
ZNF469	16	ENSG00000225614	protein_coding	Orangutan
ZNF469	16	ENSG00000225614	protein_coding	Owl_monkey
ZNF490	19	ENSG00000188033	processed_transcript	Orangutan
ZNF497	19	ENSG00000174586	protein_coding	Gibbon
ZNF503-AS1	10	ENSG00000226051	lncRNA	Gibbon
ZNF510	9	ENSG00000081386	protein_coding	Marmoset
ZNF517	8	ENSG00000197363	protein_coding	Owl_monkey
ZNF519P1	10	ENSG00000232950	processed_pseudogene	Owl_monkey
ZNF527	19	ENSG00000189164	protein_coding	Owl_monkey
ZNF528	19	ENSG00000167555	protein_coding	Owl_monkey
ZNF530	19	ENSG00000183647	protein_coding	Owl_monkey
ZNF534	19	ENSG00000198633	protein_coding	Gorilla
ZNF534	19	ENSG00000198633	protein_coding	Macaque_indian
ZNF544	19	ENSG00000198131	protein_coding	Macaque_indian
ZNF544	19	ENSG00000198131	protein_coding	Owl_monkey
ZNF546	19	ENSG00000187187	protein_coding	Gibbon
ZNF550	19	ENSG00000251369	protein_coding	Owl_monkey
ZNF559	19	ENSG00000188321	protein_coding	Marmoset
ZNF563	19	ENSG00000188868	protein_coding	Macaque_indian
ZNF565	19	ENSG00000196357	protein_coding	Owl_monkey
ZNF568	19	ENSG00000198453	protein_coding	Gibbon
ZNF568	19	ENSG00000198453	protein_coding	Owl_monkey
ZNF57	19	ENSG00000171970	protein_coding	Owl_monkey
ZNF571	19	ENSG00000180479	protein_coding	Macaque_indian
ZNF573	19	ENSG00000189144	protein_coding	Marmoset
ZNF585B	19	ENSG00000245680	protein_coding	Gorilla
ZNF586	19	ENSG00000083828	protein_coding	Gorilla
ZNF587	19	ENSG00000198466	protein_coding	Gorilla
ZNF594	17	ENSG00000180626	protein_coding	Macaque_indian
ZNF615	19	ENSG00000197619	protein_coding	Macaque_indian
ZNF619	3	ENSG00000177873	protein_coding	Marmoset
ZNF626	19	ENSG00000188171	protein_coding	Gorilla
ZNF630	X	ENSG00000221994	nonsense_mediated_decay	Marmoset
ZNF630	X	ENSG00000221994	nonsense_mediated_decay	Owl_monkey
ZNF662	3	ENSG00000182983	protein_coding	Gibbon
ZNF664	12	ENSG00000179195	protein_coding	Marmoset
ZNF664	12	ENSG00000179195	protein_coding	Owl_monkey
ZNF667	19	ENSG00000198046	protein_coding	Owl_monkey
ZNF667-AS1	19	ENSG00000166770	lncRNA	Gorilla
ZNF669	1	ENSG00000188295	protein_coding	Macaque_indian
ZNF675	19	ENSG00000197372	protein_coding	Orangutan
ZNF677	19	ENSG00000197928	protein_coding	Owl_monkey
ZNF679	7	ENSG00000197123	protein_coding	Owl_monkey
ZNF680P1	7	ENSG00000228014	processed_pseudogene	Gorilla
ZNF683	1	ENSG00000176083	protein_coding	Macaque_indian
ZNF689	16	ENSG00000156853	processed_transcript	Macaque_indian
ZNF701	19	ENSG00000167562	protein_coding	Gibbon
ZNF702P	19	ENSG00000242779	processed_transcript	Orangutan
ZNF706	8	ENSG00000120963	protein_coding	Marmoset
ZNF706	8	ENSG00000120963	protein_coding	Owl_monkey
ZNF716	7	ENSG00000182111	protein_coding	Gorilla
ZNF720	16	ENSG00000197302	protein_coding	Gorilla
ZNF721	4	ENSG00000182903	protein_coding	Gorilla
ZNF735	7	ENSG00000223614	protein_coding	Gorilla
ZNF736	7	ENSG00000234444	protein_coding	Owl_monkey
ZNF749	19	ENSG00000186230	protein_coding	Marmoset
ZNF767P	7	ENSG00000133624	processed_transcript	Marmoset
ZNF767P	7	ENSG00000133624	processed_transcript	Owl_monkey
ZNF780A	19	ENSG00000197782	protein_coding	Marmoset
ZNF780A	19	ENSG00000197782	protein_coding	Owl_monkey
ZNF781	19	ENSG00000196381	protein_coding	Macaque_indian
ZNF815P	7	ENSG00000235944	transcribed_unprocessed_pseudogene	Bonobo
ZNF815P	7	ENSG00000235944	transcribed_unprocessed_pseudogene	Chimpanzee
ZNF816	19	ENSG00000180257	protein_coding	Macaque_indian
ZNF816	19	ENSG00000180257	protein_coding	Orangutan
ZNF816-ZNF321P	19	ENSG00000221874	protein_coding	Macaque_indian
ZNF829	19	ENSG00000185869	protein_coding	Marmoset
ZNF829	19	ENSG00000185869	protein_coding	Owl_monkey
ZNF83	19	ENSG00000167766	protein_coding	Gorilla
ZNF837	19	ENSG00000152475	protein_coding	Marmoset
ZNF841	19	ENSG00000197608	protein_coding	Macaque_indian
ZNF85	19	ENSG00000105750	protein_coding	Gibbon
ZNF85	19	ENSG00000105750	protein_coding	Macaque_indian
ZNF852	3	ENSG00000178917	protein_coding	Marmoset
ZNF860	3	ENSG00000197385	protein_coding	Gorilla
ZNF860	3	ENSG00000197385	protein_coding	Marmoset
ZNF860	3	ENSG00000197385	protein_coding	Owl_monkey
ZNF883	9	ENSG00000228623	processed_transcript	Macaque_indian
ZNF883	9	ENSG00000228623	processed_transcript	Owl_monkey
ZNF91	19	ENSG00000167232	processed_transcript	Gibbon
ZNF969P	4	ENSG00000251046	processed_pseudogene	Macaque_indian
ZNRF2P2	7	ENSG00000225264	processed_transcript	Marmoset
ZP1	11	ENSG00000149506	protein_coding	Owl_monkey
ZPLD1	3	ENSG00000170044	protein_coding	Marmoset
ZPLD1	3	ENSG00000170044	protein_coding	Owl_monkey
ZPLD2P	1	ENSG00000236155	transcribed_unprocessed_pseudogene	Marmoset
ZPLD2P	1	ENSG00000236155	transcribed_unprocessed_pseudogene	Owl_monkey
ZRANB2-AS2	1	ENSG00000229956	lncRNA	Gibbon
ZRANB2-AS2	1	ENSG00000229956	lncRNA	Owl_monkey
ZRANB3	2	ENSG00000121988	protein_coding	Macaque_indian
ZSCAN31	6	ENSG00000235109	protein_coding	Owl_monkey
ZSWIM1	20	ENSG00000168612	protein_coding	Macaque_indian
ZSWIM1	20	ENSG00000168612	protein_coding	Marmoset
ZSWIM1	20	ENSG00000168612	protein_coding	Owl_monkey
ZSWIM5P3	4	ENSG00000248958	processed_pseudogene	Gibbon
ZYG11A	1	ENSG00000203995	protein_coding	Owl_monkey
