gene	chrom	gene_id	gene_type	Bonobo	Chimpanzee	Gibbon	Gorilla	Macaque_indian	Marmoset	Orangutan	Owl_monkey
AADACL2-AS1	3	ENSG00000242908	lncRNA	0	0	1	0	0	0	0	0
AAMDC	11	ENSG00000087884	protein_coding	0	0	0	0	0	0	0	1
ABCA10	17	ENSG00000154263	protein_coding	0	0	1	0	0	0	0	1
ABCA13	7	ENSG00000179869	protein_coding	0	0	0	1	0	0	0	0
ABCA17P	16	ENSG00000238098	processed_transcript	0	1	1	1	0	0	0	0
ABCA9	17	ENSG00000154258	protein_coding	0	0	1	0	0	1	0	1
ABCB5	7	ENSG00000004846	nonsense_mediated_decay	0	0	0	0	0	1	0	1
ABCC12	16	ENSG00000140798	protein_coding	0	0	0	0	0	1	0	1
ABCC13	21	ENSG00000243064	processed_transcript	0	0	0	0	1	0	0	0
ABCG1	21	ENSG00000160179	protein_coding	0	0	1	0	0	1	0	0
ABHD16B	20	ENSG00000183260	protein_coding	0	0	0	0	0	0	0	1
ABI1	10	ENSG00000136754	protein_coding	0	0	0	0	0	1	0	1
ABRAXAS1	4	ENSG00000163322	protein_coding	0	0	0	0	1	0	0	0
AC000124	7	ENSG00000226770	lncRNA	0	0	0	0	1	0	0	0
AC000372	7	ENSG00000241921	lncRNA	0	0	0	0	1	0	0	0
AC002069	7	ENSG00000233420	lncRNA	0	0	0	0	1	1	0	1
AC002072	X	ENSG00000286072	lncRNA	0	0	0	0	0	0	1	0
AC002074	7	ENSG00000285090	lncRNA	1	1	0	0	0	1	0	1
AC002351	12	ENSG00000258240	lncRNA	1	1	1	1	1	1	1	1
AC002383	7	ENSG00000227863	lncRNA	0	0	0	0	0	1	0	0
AC002386	7	ENSG00000230941	lncRNA	0	0	0	0	0	1	0	1
AC002428	5	ENSG00000253927	lncRNA	0	0	1	0	0	0	0	0
AC002451	7	ENSG00000231170	lncRNA	0	0	0	0	1	0	0	1
AC002486	7	ENSG00000231525	processed_pseudogene	0	0	0	0	0	0	0	1
AC002511	19	ENSG00000233214	lncRNA	0	0	0	0	0	0	0	1
AC003009	16	ENSG00000262011	lncRNA	0	0	1	0	0	0	0	0
AC003092	7	ENSG00000236453	lncRNA	0	0	0	0	1	0	0	0
AC003109	7	ENSG00000212590	snoRNA	0	0	1	0	0	0	0	0
AC003973	19	ENSG00000269504	lncRNA	0	0	1	0	0	0	0	0
AC003991	7	ENSG00000228113	lncRNA	0	0	0	0	0	1	0	0
AC004014	7	ENSG00000229603	lncRNA	1	0	0	0	0	0	0	0
AC004063	4	ENSG00000250670	lncRNA	0	0	1	0	0	0	0	0
AC004112	7	ENSG00000226851	lncRNA	0	0	0	0	0	1	0	1
AC004160	7	ENSG00000230333	lncRNA	0	0	0	0	0	1	0	1
AC004448	17	ENSG00000235979	lncRNA	0	0	1	0	0	0	0	0
AC004485	7	ENSG00000228944	lncRNA	0	0	0	0	0	1	0	0
AC004552	X	ENSG00000225071	processed_pseudogene	0	0	0	0	0	1	0	1
AC004674	X	ENSG00000235592	unprocessed_pseudogene	0	0	0	0	0	0	0	1
AC004696	19	ENSG00000276578	unprocessed_pseudogene	0	0	1	0	0	0	0	0
AC004801	12	ENSG00000257955	lncRNA	0	0	0	0	0	0	0	1
AC004816	14	ENSG00000275630	lncRNA	0	0	0	0	0	0	0	1
AC004832	22	ENSG00000181123	lncRNA	0	0	0	0	1	0	0	0
AC004834	7	ENSG00000284523	lncRNA	0	0	0	0	0	1	0	1
AC004835	X	ENSG00000230392	lncRNA	0	0	1	0	1	1	1	1
AC004870	7	ENSG00000229192	lncRNA	0	0	1	0	0	1	0	1
AC004879	7	ENSG00000286639	lncRNA	0	0	0	0	0	1	0	1
AC004890	7	ENSG00000244560	processed_transcript	0	0	0	0	0	1	0	0
AC004899	7	ENSG00000225705	processed_pseudogene	0	0	0	0	0	1	0	1
AC004911	7	ENSG00000226592	processed_pseudogene	0	0	0	0	1	0	0	0
AC004921	7	ENSG00000273341	lncRNA	0	0	0	0	1	1	0	1
AC004949	7	ENSG00000283117	lncRNA	0	0	0	0	0	1	0	1
AC004973	X	ENSG00000226661	lncRNA	0	0	0	1	0	0	0	0
AC005002	X	ENSG00000238066	processed_pseudogene	0	0	0	0	0	0	1	0
AC005008	7	ENSG00000237896	lncRNA	0	0	0	1	0	0	0	0
AC005034	2	ENSG00000286045	lncRNA	1	1	1	1	1	1	1	1
AC005041	2	ENSG00000159239	nonsense_mediated_decay	0	0	0	0	0	0	1	0
AC005042	2	ENSG00000228586	lncRNA	0	0	0	0	0	1	0	0
AC005050	7	ENSG00000267052	lncRNA	0	0	0	0	0	1	0	1
AC005062	7	ENSG00000243004	lncRNA	0	0	0	0	1	1	0	1
AC005156	7	ENSG00000278819	unprocessed_pseudogene	0	0	0	0	0	0	1	0
AC005252	12	ENSG00000286209	lncRNA	0	0	0	0	0	1	0	1
AC005303	17	ENSG00000273098	lncRNA	0	0	0	0	0	1	0	0
AC005323	17	ENSG00000214970	lncRNA	0	0	0	0	0	1	0	1
AC005345	X	ENSG00000236160	processed_pseudogene	0	0	0	0	0	1	0	0
AC005357	19	ENSG00000267623	transcribed_unprocessed_pseudogene	0	0	0	0	0	0	0	1
AC005381	19	ENSG00000267243	lncRNA	0	0	0	0	0	1	0	0
AC005476	14	ENSG00000259146	lncRNA	0	0	1	0	0	0	0	0
AC005532	7	ENSG00000230825	lncRNA	1	1	0	0	0	0	0	0
AC005537	7	ENSG00000232006	lncRNA	0	0	0	0	0	1	0	0
AC005580	19	ENSG00000267320	lncRNA	0	0	1	0	0	1	0	1
AC005622	19	ENSG00000283525	transcribed_unprocessed_pseudogene	0	0	0	0	1	0	0	0
AC005670	17	ENSG00000262879	lncRNA	0	0	0	0	0	0	1	0
AC005699	4	ENSG00000249631	lncRNA	0	0	0	0	0	1	0	1
AC005703	17	ENSG00000237377	lncRNA	0	0	1	0	0	0	0	0
AC005740	5	ENSG00000250347	processed_pseudogene	0	0	1	0	1	1	0	1
AC005808	20	ENSG00000235415	lncRNA	0	0	0	0	0	0	0	1
AC005865	12	ENSG00000250770	processed_transcript	0	0	0	0	0	1	0	0
AC005906	12	ENSG00000255996	processed_pseudogene	0	0	0	0	1	1	0	1
AC005909	18	ENSG00000287907	lncRNA	0	0	0	0	0	1	0	1
AC006001	7	ENSG00000229180	processed_transcript	0	0	0	1	0	0	1	0
AC006026	7	ENSG00000224785	processed_pseudogene	0	0	0	1	0	0	0	0
AC006033	7	ENSG00000231916	processed_pseudogene	0	0	0	0	0	0	0	1
AC006041	7	ENSG00000286376	lncRNA	1	1	0	0	0	0	0	1
AC006065	12	ENSG00000255900	processed_pseudogene	0	0	0	0	0	1	0	1
AC006076	20	ENSG00000225563	lncRNA	0	0	0	0	0	1	0	1
AC006115	19	ENSG00000286125	lncRNA	1	0	0	0	0	0	0	0
AC006144	X	ENSG00000287379	lncRNA	0	0	0	0	0	0	1	0
AC006148	7	ENSG00000242593	lncRNA	0	0	1	0	0	1	0	1
AC006197	12	ENSG00000286591	lncRNA	0	0	0	0	0	1	0	1
AC006199	12	ENSG00000257629	processed_pseudogene	0	0	0	0	1	0	0	0
AC006206	12	ENSG00000256417	lncRNA	0	0	1	0	1	1	1	1
AC006210	X	ENSG00000238247	processed_pseudogene	0	0	1	0	0	0	0	0
AC006299	11	ENSG00000246225	lncRNA	0	0	0	0	1	0	0	0
AC006305	18	ENSG00000206129	lncRNA	0	0	0	0	0	1	0	1
AC006369	2	ENSG00000236213	lncRNA	0	0	0	0	0	1	0	1
AC006372	7	ENSG00000223872	lncRNA	0	0	0	0	1	1	0	0
AC006441	17	ENSG00000277426	unprocessed_pseudogene	0	0	0	0	1	0	0	0
AC006445	4	ENSG00000242209	processed_pseudogene	0	0	1	0	1	1	0	1
AC006459	7	ENSG00000286908	lncRNA	0	0	0	0	0	1	0	0
AC006478	7	ENSG00000287039	lncRNA	0	0	0	0	1	1	0	1
AC006504	19	ENSG00000267389	unprocessed_pseudogene	0	0	0	0	1	0	0	0
AC006525	5	ENSG00000287390	lncRNA	0	0	0	0	1	0	0	0
AC006965	X	ENSG00000224341	processed_pseudogene	0	0	0	0	0	1	0	1
AC006971	7	ENSG00000218586	processed_pseudogene	0	0	0	0	0	1	0	1
AC007064	22	ENSG00000237689	lncRNA	1	0	0	0	0	0	0	0
AC007099	2	ENSG00000237293	lncRNA	0	0	0	0	1	1	0	0
AC007128	7	ENSG00000272328	lncRNA	0	0	1	1	1	1	1	1
AC007179	2	ENSG00000233891	lncRNA	0	0	1	0	1	1	1	1
AC007207	12	ENSG00000242444	processed_transcript	0	0	0	0	1	0	0	0
AC007218	16	ENSG00000260362	lncRNA	0	0	1	0	1	1	0	1
AC007224	16	ENSG00000279357	TEC	0	0	1	0	0	0	0	0
AC007277	2	ENSG00000213981	lncRNA	0	0	0	0	0	1	0	1
AC007317	2	ENSG00000285898	lncRNA	0	0	1	0	0	1	0	1
AC007318	2	ENSG00000172974	processed_pseudogene	1	1	1	1	1	1	1	1
AC007342	16	ENSG00000260078	retained_intron	0	0	1	0	0	0	0	0
AC007370	4	ENSG00000250098	lncRNA	0	0	0	0	0	1	0	1
AC007381	2	ENSG00000228590	lncRNA	0	0	0	0	0	1	0	1
AC007389	2	ENSG00000235725	lncRNA	1	1	1	1	1	1	1	1
AC007402	2	ENSG00000231918	lncRNA	0	0	0	0	0	1	0	0
AC007405	2	ENSG00000234350	lncRNA	0	0	0	0	0	0	0	1
AC007483	3	ENSG00000287641	lncRNA	0	0	0	0	0	1	0	1
AC007493	16	ENSG00000260573	lncRNA	0	0	0	0	0	0	0	1
AC007513	12	ENSG00000258272	lncRNA	0	0	0	0	0	0	0	1
AC007546	12	ENSG00000286220	processed_transcript	0	0	0	0	1	0	0	0
AC007547	3	ENSG00000213155	processed_pseudogene	0	0	1	0	1	0	0	0
AC007563	2	ENSG00000229352	lncRNA	0	0	0	0	0	1	0	1
AC007603	16	ENSG00000283365	unitary_pseudogene	0	0	0	0	0	0	0	1
AC007611	16	ENSG00000260086	lncRNA	0	0	0	0	1	0	0	0
AC007688	12	ENSG00000256011	lncRNA	0	0	0	0	0	1	0	1
AC007690	3	ENSG00000233565	processed_pseudogene	0	0	0	0	0	1	0	1
AC007786	19	ENSG00000287272	lncRNA	0	0	0	0	0	0	1	0
AC007834	12	ENSG00000249094	lncRNA	0	0	0	0	0	0	1	0
AC007846	17	ENSG00000285471	protein_coding	0	0	1	0	1	1	0	1
AC007880	2	ENSG00000199964	misc_RNA	0	0	1	0	0	0	0	0
AC007922	18	ENSG00000287611	lncRNA	0	0	0	0	0	1	0	0
AC007966	2	ENSG00000212581	snoRNA	0	0	1	0	0	0	0	0
AC007993	17	ENSG00000282199	lncRNA	0	0	0	0	0	1	1	1
AC008012	12	ENSG00000285901	nonsense_mediated_decay	0	0	0	0	0	0	0	1
AC008069	2	ENSG00000224604	processed_pseudogene	0	0	1	0	0	0	0	0
AC008134	3	ENSG00000234594	processed_pseudogene	0	0	1	0	1	1	1	1
AC008163	7	ENSG00000233491	processed_transcript	0	0	0	0	0	0	1	0
AC008269	2	ENSG00000229321	lncRNA	0	0	0	0	0	1	0	0
AC008278	2	ENSG00000224194	lncRNA	1	1	1	1	1	1	1	1
AC008394	5	ENSG00000288569	lncRNA	0	0	0	0	0	1	0	1
AC008462	5	ENSG00000286503	lncRNA	1	1	0	0	0	0	0	0
AC008467	5	ENSG00000249476	lncRNA	0	0	0	0	0	1	0	1
AC008496	5	ENSG00000286818	lncRNA	0	0	0	0	1	0	0	0
AC008505	5	ENSG00000283462	lncRNA	0	0	0	0	0	1	0	1
AC008507	19	ENSG00000288072	lncRNA	0	0	0	0	0	1	0	0
AC008514	5	ENSG00000253348	lncRNA	0	0	0	0	0	0	0	1
AC008517	5	ENSG00000248588	lncRNA	0	0	1	0	1	1	1	1
AC008549	5	ENSG00000249021	lncRNA	1	1	1	1	1	1	1	1
AC008550	5	ENSG00000234259	processed_pseudogene	0	0	0	0	0	1	0	1
AC008555	19	ENSG00000269086	lncRNA	0	0	0	1	0	0	0	0
AC008562	5	ENSG00000253512	processed_pseudogene	0	0	0	1	0	0	0	0
AC008565	5	ENSG00000251135	processed_pseudogene	0	0	0	0	0	1	0	1
AC008568	5	ENSG00000229855	lncRNA	0	0	1	0	0	0	0	0
AC008572	5	ENSG00000253613	lncRNA	1	1	0	0	0	0	0	0
AC008629	5	ENSG00000249494	lncRNA	0	0	0	0	0	1	0	1
AC008663	5	ENSG00000253955	lncRNA	0	0	0	1	0	0	0	0
AC008691	5	ENSG00000249738	lncRNA	0	0	0	0	0	1	0	1
AC008694	5	ENSG00000253798	processed_transcript	0	0	0	1	0	0	0	0
AC008696	5	ENSG00000225869	processed_pseudogene	0	0	0	0	0	1	0	1
AC008700	5	ENSG00000248125	lncRNA	0	0	1	0	0	0	0	0
AC008794	19	ENSG00000267599	lncRNA	0	0	0	0	0	1	0	1
AC008802	5	ENSG00000254170	processed_pseudogene	0	0	0	0	1	1	0	1
AC008834	5	ENSG00000249101	processed_pseudogene	0	0	1	0	1	1	0	1
AC008840	5	ENSG00000250240	lncRNA	0	0	0	0	1	1	0	1
AC008883	5	ENSG00000286828	lncRNA	1	0	0	0	0	0	0	0
AC008945	5	ENSG00000286271	lncRNA	0	0	1	0	0	0	0	0
AC009117	16	ENSG00000259873	processed_pseudogene	0	0	0	0	0	0	0	1
AC009154	16	ENSG00000274478	lncRNA	0	0	0	0	0	1	0	1
AC009158	16	ENSG00000231876	lncRNA	0	0	0	0	0	1	0	0
AC009171	16	ENSG00000262471	processed_pseudogene	0	0	0	0	0	0	1	0
AC009220	7	ENSG00000271537	processed_pseudogene	0	0	0	1	0	0	0	0
AC009229	2	ENSG00000229160	lncRNA	0	0	1	0	1	1	0	1
AC009236	2	ENSG00000286728	lncRNA	0	0	0	0	0	1	0	1
AC009248	12	ENSG00000287386	lncRNA	0	0	1	0	0	0	0	0
AC009262	7	ENSG00000236212	lncRNA	0	0	1	0	0	0	0	0
AC009263	7	ENSG00000234639	processed_pseudogene	0	0	0	0	0	1	0	1
AC009264	7	ENSG00000234352	lncRNA	0	0	0	0	0	1	0	1
AC009275	7	ENSG00000273297	lncRNA	0	0	0	1	0	1	0	0
AC009299	2	ENSG00000235724	lncRNA	0	0	0	0	0	0	0	1
AC009302	2	ENSG00000233868	processed_pseudogene	0	0	1	0	1	1	0	1
AC009303	2	ENSG00000235066	lncRNA	0	0	0	0	1	0	0	0
AC009315	2	ENSG00000286797	lncRNA	0	0	0	1	0	0	0	0
AC009387	12	ENSG00000257781	lncRNA	0	0	0	0	0	1	0	1
AC009446	8	ENSG00000254277	lncRNA	0	0	1	0	1	1	1	1
AC009478	2	ENSG00000225258	lncRNA	0	0	0	0	1	1	0	1
AC009518	7	ENSG00000224865	lncRNA	0	0	0	0	1	1	0	1
AC009533	12	ENSG00000287577	lncRNA	0	0	1	0	0	0	0	0
AC009597	8	ENSG00000254055	lncRNA	0	0	0	1	0	0	0	0
AC009646	8	ENSG00000254687	lncRNA	0	0	0	0	0	0	0	1
AC009779	12	ENSG00000258907	processed_pseudogene	0	0	0	0	0	0	0	1
AC009784	7	ENSG00000236503	processed_pseudogene	0	0	0	0	0	1	0	1
AC009961	2	ENSG00000230783	processed_pseudogene	0	0	1	0	0	0	0	0
AC009971	2	ENSG00000282828	lncRNA	0	0	0	0	0	0	0	1
AC010092	2	ENSG00000286115	lncRNA	0	0	0	0	0	1	0	1
AC010105	2	ENSG00000237498	lncRNA	0	0	0	0	1	0	0	0
AC010139	3	ENSG00000269391	lncRNA	0	0	0	0	1	0	0	0
AC010148	2	ENSG00000235726	lncRNA	0	0	0	0	0	0	0	1
AC010183	12	ENSG00000257997	lncRNA	0	0	0	1	1	0	0	0
AC010198	12	ENSG00000285517	lncRNA	0	0	0	0	0	1	0	1
AC010203	12	ENSG00000257489	processed_transcript	0	0	1	1	0	0	0	0
AC010255	5	ENSG00000247311	lncRNA	0	0	0	0	0	0	0	1
AC010266	5	ENSG00000261037	lncRNA	0	0	0	0	1	0	0	0
AC010297	5	ENSG00000280139	TEC	0	0	0	0	1	0	0	0
AC010343	5	ENSG00000250697	lncRNA	0	0	0	0	0	0	0	1
AC010350	5	ENSG00000250847	unprocessed_pseudogene	0	0	1	0	0	0	0	0
AC010385	5	ENSG00000226400	processed_pseudogene	0	0	0	1	0	0	0	0
AC010387	5	ENSG00000287199	lncRNA	0	0	1	0	0	1	0	1
AC010476	5	ENSG00000253646	processed_pseudogene	0	0	0	0	0	1	0	1
AC010501	5	ENSG00000212363	snoRNA	0	0	0	0	1	0	0	0
AC010528	16	ENSG00000286841	lncRNA	0	0	0	0	0	1	0	1
AC010531	16	ENSG00000261697	lncRNA	0	0	0	0	1	0	0	0
AC010547	16	ENSG00000262120	unprocessed_pseudogene	0	0	0	0	0	1	0	1
AC010615	19	ENSG00000268119	retained_intron	0	0	1	0	0	0	0	0
AC010636	19	ENSG00000269110	lncRNA	0	0	1	0	0	0	0	0
AC010768	11	ENSG00000255106	processed_pseudogene	0	0	0	0	0	1	0	1
AC010884	2	ENSG00000287135	lncRNA	0	0	0	0	0	1	0	1
AC010904	2	ENSG00000272002	lncRNA	0	0	0	0	0	1	0	1
AC010928	18	ENSG00000267400	processed_pseudogene	0	0	0	1	1	0	0	0
AC010983	2	ENSG00000235056	lncRNA	0	0	0	0	0	1	0	1
AC011005	7	ENSG00000230626	protein_coding	0	0	0	0	0	0	0	1
AC011029	8	ENSG00000287352	lncRNA	0	0	1	0	1	1	1	1
AC011124	8	ENSG00000253205	lncRNA	0	0	0	0	0	1	0	1
AC011131	8	ENSG00000254347	lncRNA	0	0	0	0	0	0	0	1
AC011139	18	ENSG00000283458	lncRNA	0	0	0	0	1	0	0	0
AC011287	7	ENSG00000229618	lncRNA	1	1	1	1	1	1	1	1
AC011306	2	ENSG00000272180	lncRNA	0	0	0	0	1	0	0	0
AC011346	5	ENSG00000247199	lncRNA	0	0	0	0	0	1	0	1
AC011396	5	ENSG00000250025	lncRNA	0	0	0	0	0	1	0	1
AC011411	5	ENSG00000249363	processed_pseudogene	0	0	1	0	0	1	0	1
AC011458	19	ENSG00000271283	processed_pseudogene	0	0	1	0	0	0	0	0
AC011474	19	ENSG00000264515	lncRNA	0	0	0	0	0	1	0	1
AC011503	19	ENSG00000269289	lncRNA	0	0	0	0	1	0	0	0
AC011505	19	ENSG00000288017	lncRNA	0	0	0	0	0	1	0	1
AC011586	8	ENSG00000253496	lncRNA	0	0	0	0	1	0	0	0
AC011611	12	ENSG00000258091	processed_pseudogene	1	1	0	0	0	1	0	1
AC011773	8	ENSG00000258256	lncRNA	0	0	0	0	0	0	1	0
AC011978	8	ENSG00000253555	unprocessed_pseudogene	0	0	1	0	0	0	0	0
AC011995	2	ENSG00000237720	lncRNA	0	0	0	0	1	0	1	0
AC012060	15	ENSG00000286884	lncRNA	0	0	1	0	0	0	0	0
AC012063	2	ENSG00000227252	lncRNA	0	0	0	0	1	0	0	0
AC012065	2	ENSG00000279307	processed_pseudogene	0	0	1	1	1	1	1	1
AC012085	12	ENSG00000186076	processed_pseudogene	1	1	1	1	1	1	1	1
AC012103	8	ENSG00000253376	lncRNA	0	0	0	1	0	0	0	0
AC012146	17	ENSG00000262495	processed_pseudogene	0	0	0	0	0	1	0	1
AC012157	12	ENSG00000286991	lncRNA	0	0	0	0	1	0	0	0
AC012236	15	ENSG00000259772	lncRNA	0	0	0	0	0	0	0	1
AC012339	8	ENSG00000248762	lncRNA	0	0	0	0	1	1	0	1
AC012349	8	ENSG00000254254	lncRNA	0	0	0	0	1	1	0	1
AC012363	2	ENSG00000235840	lncRNA	0	0	0	0	0	1	0	1
AC012368	2	ENSG00000225889	lncRNA	0	0	1	0	1	1	1	1
AC012400	8	ENSG00000253362	unprocessed_pseudogene	0	0	0	0	0	1	0	1
AC012405	15	ENSG00000287704	lncRNA	0	0	1	0	0	0	0	0
AC012442	2	ENSG00000243389	lncRNA	0	0	0	1	0	0	0	0
AC012462	2	ENSG00000228618	lncRNA	0	0	0	0	0	1	0	0
AC012468	10	ENSG00000271353	processed_pseudogene	1	1	0	0	0	0	0	0
AC012493	2	ENSG00000238029	processed_pseudogene	0	0	0	0	0	1	0	1
AC012494	2	ENSG00000227088	lncRNA	0	0	1	0	0	1	0	1
AC012533	8	ENSG00000286763	lncRNA	0	0	0	0	0	0	0	1
AC012572	18	ENSG00000201723	misc_RNA	0	0	0	0	0	0	0	1
AC012574	8	ENSG00000254002	lncRNA	0	0	0	0	0	0	0	1
AC012593	2	ENSG00000232153	lncRNA	1	1	0	0	1	1	0	1
AC012629	5	ENSG00000272324	lncRNA	0	0	0	0	0	1	0	1
AC012668	2	ENSG00000237525	lncRNA	0	0	0	0	1	1	0	1
AC013262	2	ENSG00000233444	processed_pseudogene	1	1	1	1	1	1	1	1
AC013265	2	ENSG00000286778	lncRNA	0	0	0	0	1	1	0	1
AC013268	2	ENSG00000235721	processed_pseudogene	0	0	0	1	1	0	0	0
AC013287	10	ENSG00000228566	lncRNA	0	0	0	0	0	0	0	1
AC013391	15	ENSG00000259713	lncRNA	0	0	0	0	0	1	0	1
AC013436	7	ENSG00000228596	lncRNA	0	0	1	0	0	0	0	0
AC013452	15	ENSG00000259656	lncRNA	0	0	0	0	0	1	0	1
AC013467	2	ENSG00000227180	processed_pseudogene	0	0	1	0	0	0	0	0
AC013470	7	ENSG00000236048	processed_pseudogene	0	0	0	0	0	1	0	1
AC013474	2	ENSG00000288524	lncRNA	0	0	0	0	0	1	0	0
AC013652	15	ENSG00000259345	lncRNA	0	0	1	1	1	1	1	1
AC013733	2	ENSG00000225570	lncRNA	0	0	0	0	0	1	0	1
AC015522	8	ENSG00000254202	lncRNA	0	0	0	0	0	1	0	1
AC015574	15	ENSG00000275016	lncRNA	0	0	0	0	1	0	0	0
AC015631	4	ENSG00000251199	lncRNA	0	0	1	0	0	0	0	1
AC015660	15	ENSG00000259760	lncRNA	0	0	1	0	0	0	0	0
AC015712	15	ENSG00000272808	lncRNA	0	0	1	0	0	1	0	0
AC015726	17	ENSG00000270091	lncRNA	0	0	0	0	1	0	0	0
AC015818	17	ENSG00000287490	lncRNA	0	0	0	1	0	0	0	0
AC015911	17	ENSG00000242660	processed_pseudogene	0	0	0	0	0	1	0	1
AC015917	17	ENSG00000263870	unprocessed_pseudogene	0	0	0	0	0	1	0	1
AC015977	2	ENSG00000225024	processed_pseudogene	0	0	0	0	0	1	0	1
AC015983	7	ENSG00000234418	lncRNA	0	0	0	0	0	0	0	1
AC016074	8	ENSG00000286122	lncRNA	0	0	0	0	1	1	0	1
AC016134	15	ENSG00000260926	lncRNA	0	0	0	0	0	1	0	1
AC016168	17	ENSG00000287836	lncRNA	0	0	0	0	0	1	0	0
AC016383	18	ENSG00000285695	lncRNA	0	0	0	0	0	1	0	1
AC016546	5	ENSG00000243744	processed_pseudogene	0	0	1	0	0	0	0	1
AC016550	5	ENSG00000248363	lncRNA	1	1	0	0	0	0	0	0
AC016559	5	ENSG00000250330	processed_pseudogene	0	0	0	0	0	1	0	1
AC016651	5	ENSG00000202269	snoRNA	0	0	0	0	0	1	0	1
AC016687	4	ENSG00000239983	processed_pseudogene	0	0	1	0	1	0	0	1
AC016700	2	ENSG00000233060	lncRNA	0	0	0	0	0	1	0	1
AC016710	2	ENSG00000229131	lncRNA	0	0	0	0	0	1	0	1
AC016739	2	ENSG00000218175	processed_pseudogene	0	0	1	0	1	1	0	1
AC016816	10	ENSG00000285529	lncRNA	0	0	1	0	0	1	0	1
AC016831	7	ENSG00000285106	lncRNA	0	0	1	0	1	1	1	1
AC016876	17	ENSG00000201489	misc_RNA	0	0	1	0	0	0	0	0
AC016903	2	ENSG00000237843	lncRNA	0	1	0	0	1	1	0	1
AC016907	2	ENSG00000225943	processed_pseudogene	0	0	0	0	0	1	0	1
AC017002	2	ENSG00000285016	lncRNA	0	0	0	0	0	0	1	0
AC017007	4	ENSG00000250500	processed_pseudogene	0	0	0	0	1	0	0	0
AC017013	4	ENSG00000250076	processed_pseudogene	0	0	0	0	0	0	0	1
AC017037	4	ENSG00000250475	unprocessed_pseudogene	0	0	0	0	0	1	0	1
AC017091	4	ENSG00000251339	lncRNA	1	1	0	0	0	0	0	1
AC017099	2	ENSG00000286036	lncRNA	0	0	0	1	0	0	0	0
AC017104	2	ENSG00000283491	unprocessed_pseudogene	0	0	0	0	1	1	0	1
AC018359	3	ENSG00000227498	lncRNA	0	0	0	0	1	0	0	0
AC018464	7	ENSG00000234520	lncRNA	0	0	0	0	0	1	0	1
AC018523	11	ENSG00000255074	processed_pseudogene	0	0	0	0	0	1	0	1
AC018554	16	ENSG00000261590	processed_pseudogene	0	0	1	0	1	1	1	1
AC018558	16	ENSG00000261445	lncRNA	0	0	0	0	0	0	1	0
AC018659	12	ENSG00000257157	processed_pseudogene	0	0	0	0	0	1	0	1
AC018678	2	ENSG00000287847	lncRNA	0	0	1	0	1	1	1	1
AC018680	4	ENSG00000251567	lncRNA	0	0	0	0	0	0	0	1
AC018695	16	ENSG00000270698	processed_pseudogene	0	0	1	0	1	0	0	0
AC018714	8	ENSG00000287781	lncRNA	0	0	0	0	0	0	0	1
AC018755	19	ENSG00000269388	processed_transcript	0	0	0	0	0	0	0	1
AC018767	16	ENSG00000260003	lncRNA	0	0	0	0	1	0	0	0
AC018781	8	ENSG00000248599	lncRNA	0	0	0	0	1	1	0	1
AC018845	16	ENSG00000259821	lncRNA	0	0	1	0	0	0	0	0
AC018846	16	ENSG00000259864	processed_pseudogene	0	0	0	0	0	1	0	1
AC018866	2	ENSG00000229774	lncRNA	0	0	0	0	1	0	0	0
AC018880	2	ENSG00000221849	processed_pseudogene	0	0	1	0	0	0	0	0
AC018978	10	ENSG00000287023	lncRNA	0	0	0	0	0	1	0	1
AC019068	2	ENSG00000233611	lncRNA	0	0	0	0	1	0	0	0
AC019077	4	ENSG00000214559	lncRNA	0	0	1	0	1	1	0	1
AC019131	4	ENSG00000263923	lncRNA	0	0	1	0	0	0	0	0
AC019155	7	ENSG00000219445	lncRNA	0	0	1	0	1	1	1	1
AC019178	2	ENSG00000213110	processed_pseudogene	0	0	0	0	0	1	0	1
AC019209	12	ENSG00000256440	lncRNA	0	0	0	0	0	0	1	0
AC019211	2	ENSG00000239498	lncRNA	0	0	0	0	0	1	0	1
AC020584	2	ENSG00000286980	lncRNA	0	0	1	0	0	0	0	0
AC020637	12	ENSG00000258231	lncRNA	0	0	0	0	0	1	0	1
AC020687	15	ENSG00000259560	lncRNA	0	0	0	0	0	1	0	1
AC020688	8	ENSG00000224722	processed_pseudogene	0	0	1	0	1	1	1	1
AC020743	7	ENSG00000231681	lncRNA	0	0	1	0	0	0	0	0
AC020899	5	ENSG00000242858	processed_pseudogene	0	0	0	0	0	1	0	1
AC020912	19	ENSG00000284430	lncRNA	0	0	0	0	0	1	0	1
AC021059	3	ENSG00000201031	misc_RNA	0	0	1	0	0	0	0	0
AC021066	12	ENSG00000170442	protein_coding	0	0	0	0	1	0	0	0
AC021074	3	ENSG00000243818	lncRNA	0	0	0	0	0	1	0	1
AC021086	5	ENSG00000247877	lncRNA	0	0	1	0	0	0	0	0
AC021106	4	ENSG00000249863	processed_pseudogene	0	0	0	0	0	0	0	1
AC021134	4	ENSG00000248431	lncRNA	0	1	1	0	0	0	0	0
AC021146	4	ENSG00000198277	unprocessed_pseudogene	1	0	0	0	0	0	0	0
AC021205	4	ENSG00000244083	processed_pseudogene	0	0	0	0	0	1	0	1
AC021231	15	ENSG00000259397	processed_pseudogene	0	0	0	0	0	0	0	1
AC021242	8	ENSG00000249050	processed_pseudogene	0	0	0	0	0	1	0	1
AC021351	15	ENSG00000259639	lncRNA	0	0	0	0	1	1	0	1
AC021504	18	ENSG00000267313	lncRNA	0	0	1	0	1	1	1	1
AC021594	18	ENSG00000267780	lncRNA	0	0	1	0	0	0	0	0
AC021613	8	ENSG00000280215	TEC	0	0	1	0	1	1	1	1
AC021683	17	ENSG00000267466	lncRNA	0	0	0	0	0	1	0	1
AC021713	11	ENSG00000255477	lncRNA	0	0	1	0	0	1	0	1
AC021723	11	ENSG00000285751	lncRNA	0	0	1	0	0	0	0	0
AC021752	15	ENSG00000273674	lncRNA	0	0	1	0	0	1	0	0
AC021818	15	ENSG00000259496	processed_pseudogene	0	0	0	0	0	1	0	1
AC021860	4	ENSG00000271958	lncRNA	0	0	0	0	1	0	0	0
AC022034	8	ENSG00000254204	lncRNA	0	0	0	0	0	0	1	1
AC022081	12	ENSG00000256513	lncRNA	0	0	0	0	0	1	0	1
AC022100	5	ENSG00000221043	snoRNA	0	0	0	1	0	0	0	0
AC022101	5	ENSG00000250328	lncRNA	0	0	1	0	1	1	1	1
AC022126	5	ENSG00000248898	lncRNA	0	0	0	1	0	0	0	0
AC022140	5	ENSG00000248605	lncRNA	0	0	0	0	0	0	1	0
AC022145	19	ENSG00000268296	lncRNA	0	0	0	1	0	0	0	0
AC022146	19	ENSG00000269651	unprocessed_pseudogene	0	0	0	0	1	0	0	0
AC022166	16	ENSG00000261376	lncRNA	0	0	1	0	0	0	0	0
AC022182	8	ENSG00000254777	lncRNA	0	0	0	0	1	1	0	1
AC022217	5	ENSG00000206741	misc_RNA	0	0	0	0	0	1	0	0
AC022274	8	ENSG00000253712	lncRNA	0	0	1	0	0	0	0	0
AC022308	15	ENSG00000286917	lncRNA	0	0	0	0	1	0	0	0
AC022325	4	ENSG00000286494	lncRNA	0	0	0	0	0	0	1	0
AC022433	5	ENSG00000288035	lncRNA	0	0	0	0	0	1	0	1
AC022483	4	ENSG00000227040	processed_pseudogene	0	0	1	0	1	1	0	1
AC022511	12	ENSG00000256273	lncRNA	0	0	0	0	0	1	0	1
AC022523	15	ENSG00000259199	lncRNA	0	0	0	0	0	1	0	1
AC022535	10	ENSG00000286687	lncRNA	0	0	0	0	1	1	0	1
AC022559	8	ENSG00000253178	unprocessed_pseudogene	0	0	1	0	1	1	1	1
AC022655	18	ENSG00000263594	lncRNA	0	0	0	0	0	1	0	0
AC022709	8	ENSG00000278428	unprocessed_pseudogene	0	0	0	0	1	1	0	1
AC022730	8	ENSG00000253967	lncRNA	0	0	1	0	1	1	0	1
AC022784	8	ENSG00000248538	lncRNA	0	0	0	0	1	1	0	1
AC022816	17	ENSG00000230647	lncRNA	0	0	0	0	0	1	0	1
AC022968	18	ENSG00000260747	processed_pseudogene	0	0	1	1	1	1	1	1
AC023034	15	ENSG00000259594	lncRNA	0	0	1	0	0	1	0	1
AC023232	11	ENSG00000254780	processed_pseudogene	0	0	0	0	1	1	0	1
AC023245	8	ENSG00000255099	processed_pseudogene	0	0	1	0	1	1	0	1
AC023282	10	ENSG00000274461	lncRNA	0	0	0	0	1	1	0	1
AC023480	3	ENSG00000287720	lncRNA	0	0	0	0	0	0	1	0
AC023503	3	ENSG00000288004	lncRNA	0	0	0	0	0	0	0	1
AC023511	12	ENSG00000257262	lncRNA	0	0	0	0	1	0	0	0
AC023512	12	ENSG00000256211	processed_pseudogene	0	0	0	0	0	0	0	1
AC023632	8	ENSG00000254283	processed_pseudogene	0	0	1	0	0	0	0	1
AC023787	2	ENSG00000286525	lncRNA	0	0	0	0	1	0	0	0
AC023796	12	ENSG00000255745	lncRNA	0	0	0	0	1	0	0	0
AC023906	15	ENSG00000242327	processed_pseudogene	0	0	0	0	0	1	0	1
AC023932	18	ENSG00000271238	processed_pseudogene	0	0	0	0	0	0	0	1
AC023934	17	ENSG00000263189	processed_pseudogene	0	0	0	0	0	1	0	1
AC023968	15	ENSG00000259493	processed_pseudogene	0	0	0	0	0	1	0	1
AC024022	4	ENSG00000250781	lncRNA	0	0	0	0	0	1	0	1
AC024257	12	ENSG00000258234	lncRNA	0	0	1	0	0	0	0	0
AC024270	15	ENSG00000260351	lncRNA	1	0	0	0	0	1	0	1
AC024337	15	ENSG00000259702	lncRNA	0	0	0	0	0	1	0	1
AC024341	11	ENSG00000255086	processed_pseudogene	0	0	1	0	1	1	1	1
AC024475	11	ENSG00000255314	lncRNA	0	0	0	1	0	0	0	0
AC024581	5	ENSG00000249894	lncRNA	0	0	1	1	1	1	1	1
AC024589	5	ENSG00000248687	unprocessed_pseudogene	0	0	0	1	0	0	0	0
AC024597	10	ENSG00000288011	lncRNA	0	0	0	0	0	1	0	1
AC024651	15	ENSG00000287000	lncRNA	0	0	0	0	1	0	0	0
AC024681	8	ENSG00000254227	lncRNA	0	0	0	0	1	1	0	1
AC024901	12	ENSG00000255910	lncRNA	0	0	0	1	0	1	0	1
AC024937	3	ENSG00000231464	processed_pseudogene	0	0	1	0	0	0	0	0
AC024940	12	ENSG00000243517	processed_pseudogene	1	1	1	0	1	1	0	1
AC025034	12	ENSG00000258302	lncRNA	1	0	0	0	0	0	0	0
AC025040	15	ENSG00000259388	processed_pseudogene	0	0	0	0	0	0	0	1
AC025161	12	ENSG00000257199	processed_pseudogene	0	0	0	0	1	1	0	1
AC025164	12	ENSG00000245904	lncRNA	0	0	1	0	0	0	0	0
AC025171	5	ENSG00000251131	lncRNA	0	0	1	0	0	0	0	0
AC025253	12	ENSG00000286671	lncRNA	0	0	0	0	1	1	0	1
AC025254	12	ENSG00000258125	lncRNA	0	0	0	0	0	1	0	1
AC025270	15	ENSG00000206957	misc_RNA	0	0	0	0	0	0	0	1
AC025366	8	ENSG00000253122	lncRNA	0	0	1	0	0	0	0	0
AC025428	10	ENSG00000224504	lncRNA	0	0	0	0	0	1	0	1
AC025437	5	ENSG00000253424	lncRNA	0	0	0	0	0	1	0	1
AC025445	5	ENSG00000248185	processed_pseudogene	0	0	0	0	1	1	0	1
AC025459	5	ENSG00000251062	processed_pseudogene	0	0	0	0	1	1	0	1
AC025524	8	ENSG00000253834	lncRNA	0	0	1	0	0	0	0	0
AC025566	3	ENSG00000244650	lncRNA	0	0	0	0	1	0	0	0
AC025575	12	ENSG00000257454	lncRNA	0	0	0	0	0	1	0	0
AC025839	8	ENSG00000287677	lncRNA	0	0	0	0	0	1	0	1
AC025857	8	ENSG00000255144	unprocessed_pseudogene	0	0	0	0	1	0	0	0
AC025881	8	ENSG00000253499	processed_pseudogene	0	0	0	0	0	1	0	1
AC026191	3	ENSG00000254485	lncRNA	1	1	0	0	1	1	0	1
AC026320	3	ENSG00000232353	lncRNA	0	0	0	0	0	0	0	1
AC026333	12	ENSG00000256249	lncRNA	0	0	0	0	0	0	0	1
AC026336	12	ENSG00000259862	lncRNA	0	0	1	0	0	1	0	1
AC026341	3	ENSG00000288074	lncRNA	0	0	1	0	1	0	0	0
AC026353	3	ENSG00000244706	lncRNA	0	0	0	0	0	1	0	1
AC026355	3	ENSG00000228561	lncRNA	0	0	0	1	0	0	0	0
AC026371	12	ENSG00000258202	unprocessed_pseudogene	1	1	1	0	0	0	0	0
AC026391	10	ENSG00000235140	lncRNA	0	0	0	0	0	1	0	1
AC026403	5	ENSG00000229119	processed_pseudogene	1	1	1	1	1	1	1	1
AC026444	5	ENSG00000251585	processed_pseudogene	0	0	1	0	0	0	0	0
AC026470	16	ENSG00000260688	processed_pseudogene	0	0	0	0	0	0	0	1
AC026523	15	ENSG00000259582	lncRNA	0	0	1	0	0	0	0	1
AC026700	5	ENSG00000251066	processed_pseudogene	0	0	0	0	0	0	0	1
AC026765	12	ENSG00000257517	lncRNA	0	0	0	0	0	1	0	1
AC026785	5	ENSG00000249199	lncRNA	0	0	0	0	0	1	0	1
AC026956	15	ENSG00000287872	lncRNA	0	0	1	0	0	1	0	1
AC026979	8	ENSG00000272375	lncRNA	0	0	0	0	0	0	0	1
AC027020	15	ENSG00000259540	lncRNA	0	0	1	0	0	0	0	0
AC027031	8	ENSG00000254021	lncRNA	0	0	0	0	0	0	0	1
AC027117	8	ENSG00000253671	lncRNA	0	0	0	0	0	1	0	1
AC027288	12	ENSG00000257604	processed_pseudogene	0	0	1	0	1	1	1	1
AC027309	5	ENSG00000280318	TEC	1	1	0	0	0	0	0	0
AC027315	5	ENSG00000250806	lncRNA	1	1	0	0	0	0	0	0
AC027559	15	ENSG00000259658	processed_transcript	1	1	0	0	0	0	0	0
AC027801	17	ENSG00000249176	processed_pseudogene	0	0	0	0	0	0	0	1
AC034111	8	ENSG00000286622	lncRNA	0	0	0	1	0	0	0	0
AC034159	4	ENSG00000249525	processed_pseudogene	0	0	1	0	0	0	0	0
AC034205	5	ENSG00000253897	processed_transcript	1	1	1	0	0	0	0	0
AC034223	5	ENSG00000249102	lncRNA	0	0	1	0	0	0	0	1
AC034268	17	ENSG00000285939	lncRNA	0	0	1	0	0	0	0	0
AC036214	8	ENSG00000249328	lncRNA	0	0	0	0	0	1	0	1
AC037450	8	ENSG00000253171	lncRNA	0	0	0	0	0	1	0	1
AC037486	8	ENSG00000254303	lncRNA	0	0	0	0	0	1	0	1
AC040168	16	ENSG00000246379	lncRNA	0	0	1	0	0	1	0	1
AC040170	16	ENSG00000199949	misc_RNA	0	0	1	0	0	0	0	0
AC040173	16	ENSG00000263257	lncRNA	0	0	1	0	0	0	0	0
AC044792	19	ENSG00000269786	processed_pseudogene	0	0	0	0	0	0	1	0
AC044810	11	ENSG00000254951	lncRNA	0	0	1	0	0	1	0	1
AC044839	11	ENSG00000254519	lncRNA	0	0	0	0	0	1	0	1
AC044873	18	ENSG00000266273	lncRNA	0	0	1	0	0	0	0	0
AC044893	8	ENSG00000253474	lncRNA	0	0	1	0	0	0	0	1
AC046195	8	ENSG00000253288	lncRNA	0	0	0	0	1	1	0	1
AC048351	3	ENSG00000236297	processed_transcript	0	0	0	0	0	1	0	1
AC048352	12	ENSG00000256389	lncRNA	0	0	1	0	0	0	0	0
AC051635	18	ENSG00000287673	lncRNA	0	0	0	0	0	0	0	1
AC053503	2	ENSG00000232789	unprocessed_pseudogene	0	0	1	0	0	0	0	0
AC055714	3	ENSG00000287899	lncRNA	0	0	0	0	0	1	0	1
AC055720	12	ENSG00000288532	lncRNA	0	0	0	0	0	0	0	1
AC055855	15	ENSG00000261318	lncRNA	0	0	0	0	0	1	0	1
AC060765	8	ENSG00000253503	lncRNA	0	0	0	0	0	1	1	1
AC060766	17	ENSG00000267711	lncRNA	0	0	0	0	0	0	1	0
AC060834	7	ENSG00000234710	lncRNA	0	0	0	0	0	1	0	1
AC061709	12	ENSG00000276487	lncRNA	1	1	0	0	0	0	0	0
AC061958	3	ENSG00000287069	lncRNA	0	0	0	0	0	1	0	1
AC061997	11	ENSG00000251838	snoRNA	0	0	1	0	0	0	0	0
AC062004	8	ENSG00000254366	lncRNA	0	0	0	0	1	0	0	0
AC063919	3	ENSG00000287440	lncRNA	0	0	1	0	0	1	0	1
AC063938	3	ENSG00000241754	lncRNA	0	0	1	0	0	0	0	0
AC063976	5	ENSG00000227616	unprocessed_pseudogene	0	0	1	0	0	0	0	0
AC064807	8	ENSG00000228801	lncRNA	0	0	0	0	0	1	0	1
AC064834	2	ENSG00000271893	lncRNA	0	0	0	0	0	0	0	1
AC066615	15	ENSG00000284540	TEC	1	1	1	1	1	1	1	1
AC067751	10	ENSG00000238280	lncRNA	0	0	0	0	0	0	0	1
AC067942	4	ENSG00000248113	processed_pseudogene	0	0	0	0	0	0	0	1
AC068051	2	ENSG00000197585	lncRNA	0	0	1	0	1	1	1	1
AC068112	18	ENSG00000264869	lncRNA	0	0	0	0	0	1	0	1
AC068196	2	ENSG00000238171	lncRNA	1	0	0	0	0	0	0	0
AC068286	2	ENSG00000235127	lncRNA	0	0	1	0	0	0	0	0
AC068305	12	ENSG00000257443	lncRNA	0	0	0	0	1	0	0	0
AC068308	3	ENSG00000241231	lncRNA	0	0	0	0	0	1	0	1
AC068408	18	ENSG00000286465	lncRNA	0	0	0	0	0	1	0	1
AC068481	2	ENSG00000223884	lncRNA	0	0	0	0	0	1	0	1
AC068506	18	ENSG00000278464	lncRNA	0	0	1	0	0	0	0	0
AC068580	11	ENSG00000287484	lncRNA	0	0	0	0	0	0	0	1
AC068631	3	ENSG00000197099	lncRNA	0	0	0	0	0	1	0	1
AC068633	3	ENSG00000243276	lncRNA	0	0	0	0	1	0	0	0
AC068643	12	ENSG00000257860	lncRNA	0	0	0	0	1	0	0	0
AC068672	8	ENSG00000254095	lncRNA	0	0	0	1	0	0	0	0
AC068721	4	ENSG00000248567	lncRNA	0	0	0	0	1	0	0	0
AC068722	15	ENSG00000259200	lncRNA	0	0	0	0	0	1	0	1
AC068759	3	ENSG00000237473	lncRNA	0	0	0	0	0	1	0	1
AC068769	3	ENSG00000243584	processed_pseudogene	0	0	0	0	0	1	0	1
AC068787	12	ENSG00000286922	lncRNA	0	0	0	0	1	0	0	0
AC069120	8	ENSG00000253361	lncRNA	1	0	0	0	0	0	0	0
AC069154	2	ENSG00000229326	processed_pseudogene	0	0	0	0	0	1	0	1
AC069157	2	ENSG00000223897	processed_pseudogene	0	0	0	0	1	1	0	1
AC069213	3	ENSG00000236425	processed_pseudogene	0	0	0	0	0	0	0	1
AC069240	12	ENSG00000255830	processed_pseudogene	1	1	1	0	0	0	0	0
AC069304	7	ENSG00000232361	processed_pseudogene	1	0	0	0	0	0	0	0
AC069360	11	ENSG00000250041	lncRNA	0	0	0	0	0	1	0	1
AC069439	3	ENSG00000240033	lncRNA	0	0	0	0	0	0	0	1
AC069540	10	ENSG00000223565	processed_pseudogene	0	0	0	0	0	1	0	1
AC072046	3	ENSG00000240458	processed_pseudogene	0	0	1	0	0	0	0	0
AC073071	7	ENSG00000234273	lncRNA	0	0	0	0	1	1	0	1
AC073072	7	ENSG00000234513	processed_pseudogene	0	0	1	0	1	1	0	1
AC073114	7	ENSG00000226965	lncRNA	0	0	0	0	0	1	0	1
AC073143	2	ENSG00000228585	processed_pseudogene	0	0	1	0	0	0	0	0
AC073150	7	ENSG00000235574	processed_pseudogene	0	0	0	0	0	1	0	1
AC073188	7	ENSG00000232817	lncRNA	0	0	0	0	0	0	1	0
AC073218	2	ENSG00000272027	lncRNA	0	0	0	0	0	1	1	1
AC073225	2	ENSG00000286679	lncRNA	0	0	1	0	0	0	0	0
AC073236	7	ENSG00000285524	lncRNA	0	0	1	0	1	0	0	0
AC073254	2	ENSG00000237126	lncRNA	0	0	0	0	0	0	0	1
AC073263	2	ENSG00000217702	lncRNA	0	0	0	0	0	0	0	1
AC073270	7	ENSG00000287985	lncRNA	0	0	1	0	0	0	0	0
AC073311	7	ENSG00000226680	lncRNA	0	0	0	0	0	0	0	1
AC073316	7	ENSG00000231892	lncRNA	0	0	0	1	0	0	0	0
AC073321	2	ENSG00000225794	lncRNA	0	0	0	0	1	0	0	0
AC073343	7	ENSG00000228010	lncRNA	0	0	0	0	0	1	0	0
AC073348	7	ENSG00000287592	lncRNA	1	1	1	1	1	1	1	1
AC073359	3	ENSG00000243969	lncRNA	0	0	0	0	1	0	0	0
AC073365	3	ENSG00000223812	lncRNA	0	0	1	0	0	1	0	1
AC073409	2	ENSG00000226708	lncRNA	0	0	0	0	0	1	0	1
AC073429	4	ENSG00000250665	lncRNA	0	0	0	0	0	1	0	1
AC073475	4	ENSG00000250938	lncRNA	0	0	1	0	0	0	0	0
AC073508	17	ENSG00000224244	unprocessed_pseudogene	0	0	1	0	0	0	0	0
AC073525	12	ENSG00000257434	lncRNA	0	0	0	0	0	1	0	1
AC073529	X	ENSG00000234129	lncRNA	1	1	0	0	0	0	0	0
AC073578	12	ENSG00000275232	lncRNA	0	0	0	0	0	0	0	1
AC073585	10	ENSG00000255624	processed_transcript	0	0	0	0	1	0	0	0
AC073614	X	ENSG00000228464	processed_pseudogene	1	1	1	1	1	1	1	1
AC073842	7	ENSG00000235077	lncRNA	1	1	0	0	1	0	0	0
AC073901	7	ENSG00000244565	processed_pseudogene	0	0	1	0	0	1	0	1
AC073913	12	ENSG00000256496	unprocessed_pseudogene	0	0	0	0	0	1	0	0
AC074008	2	ENSG00000285068	lncRNA	0	0	0	0	0	0	0	1
AC074021	7	ENSG00000213167	misc_RNA	0	0	0	0	0	0	0	1
AC074043	3	ENSG00000239455	processed_pseudogene	0	0	0	0	0	1	0	1
AC074051	16	ENSG00000285567	lncRNA	0	0	0	0	0	1	0	1
AC074131	5	ENSG00000250831	lncRNA	0	0	0	0	0	0	0	1
AC074134	5	ENSG00000249142	processed_pseudogene	0	0	0	0	0	1	0	1
AC074139	19	ENSG00000286041	lncRNA	0	0	0	0	0	1	0	1
AC074237	18	ENSG00000265980	lncRNA	0	0	0	0	0	1	0	1
AC074254	4	ENSG00000251176	lncRNA	0	0	0	0	0	1	0	1
AC076968	12	ENSG00000286069	lncRNA	0	0	0	0	0	1	0	1
AC078788	3	ENSG00000241912	lncRNA	0	0	0	0	0	1	0	0
AC078814	12	ENSG00000257779	processed_pseudogene	0	0	0	0	0	1	0	1
AC078820	12	ENSG00000286259	lncRNA	0	0	0	0	0	1	0	1
AC078845	7	ENSG00000232053	lncRNA	0	0	0	0	0	1	0	1
AC078860	12	ENSG00000257761	lncRNA	0	0	0	0	0	0	0	1
AC078878	12	ENSG00000256286	lncRNA	0	0	0	0	1	0	0	1
AC078880	12	ENSG00000257726	lncRNA	0	0	0	0	1	0	0	0
AC078905	15	ENSG00000259761	lncRNA	0	0	0	0	1	1	0	1
AC078974	2	ENSG00000235463	processed_pseudogene	0	0	0	1	0	0	0	0
AC079015	8	ENSG00000253988	lncRNA	0	0	0	0	0	0	0	1
AC079031	12	ENSG00000256783	lncRNA	1	1	0	0	0	0	0	0
AC079089	8	ENSG00000246528	lncRNA	0	0	0	0	1	1	0	1
AC079142	X	ENSG00000285679	lncRNA	0	0	0	0	0	1	0	1
AC079160	4	ENSG00000250546	lncRNA	0	0	1	1	1	1	1	1
AC079163	2	ENSG00000226218	lncRNA	0	0	0	0	1	0	0	0
AC079168	X	ENSG00000236487	processed_pseudogene	0	0	0	0	0	1	0	1
AC079209	8	ENSG00000253214	lncRNA	1	1	0	0	0	1	0	1
AC079248	2	ENSG00000233842	lncRNA	0	0	1	0	0	0	0	0
AC079313	12	ENSG00000258137	lncRNA	1	1	0	0	0	0	0	0
AC079340	4	ENSG00000251377	lncRNA	0	0	0	0	0	1	0	1
AC079380	4	ENSG00000251388	lncRNA	0	0	0	0	0	1	0	1
AC079382	3	ENSG00000286854	lncRNA	0	0	0	0	1	0	0	0
AC079414	16	ENSG00000261540	lncRNA	0	0	0	0	1	0	0	0
AC079447	2	ENSG00000241962	nonsense_mediated_decay	0	1	0	0	0	0	0	0
AC079466	19	ENSG00000266976	lncRNA	0	0	0	0	0	1	0	1
AC079467	5	ENSG00000250978	retained_intron	0	0	0	1	0	0	0	0
AC079753	2	ENSG00000287937	lncRNA	0	0	0	0	0	0	0	1
AC079760	7	ENSG00000243144	lncRNA	0	0	0	0	0	0	0	1
AC079768	4	ENSG00000248625	processed_pseudogene	0	0	0	0	1	0	0	0
AC079772	4	ENSG00000288321	lncRNA	0	0	1	0	0	1	0	1
AC079779	2	ENSG00000235779	lncRNA	0	0	1	0	1	0	0	0
AC079780	7	ENSG00000236654	processed_pseudogene	0	0	0	0	1	1	0	1
AC079802	2	ENSG00000212455	snoRNA	0	0	0	0	1	0	0	0
AC079880	4	ENSG00000270228	processed_pseudogene	0	0	1	0	0	0	0	0
AC079896	2	ENSG00000231781	lncRNA	0	0	0	1	1	1	0	1
AC079905	12	ENSG00000237176	processed_pseudogene	0	0	0	0	0	1	0	1
AC079942	3	ENSG00000249725	lncRNA	0	0	1	0	0	0	0	0
AC079943	3	ENSG00000242536	lncRNA	0	0	0	0	0	1	0	1
AC079949	12	ENSG00000286016	lncRNA	0	0	1	0	0	1	0	1
AC079950	12	ENSG00000283545	snRNA	1	1	1	1	1	1	1	1
AC080005	3	ENSG00000286806	lncRNA	0	0	1	0	0	0	0	0
AC080068	7	ENSG00000285592	lncRNA	0	0	0	0	0	1	0	1
AC080132	4	ENSG00000286891	lncRNA	0	0	1	0	0	0	0	0
AC082651	2	ENSG00000244260	lncRNA	0	0	0	0	0	0	0	1
AC083795	4	ENSG00000248656	lncRNA	1	1	0	0	0	0	0	0
AC083805	12	ENSG00000245651	lncRNA	0	0	0	0	0	1	0	1
AC083837	8	ENSG00000285744	lncRNA	0	0	0	0	0	0	0	1
AC083864	7	ENSG00000285573	lncRNA	0	0	0	0	0	0	0	1
AC083873	7	ENSG00000237821	processed_pseudogene	0	0	0	0	1	1	0	1
AC083967	8	ENSG00000254337	lncRNA	0	0	0	0	0	1	0	1
AC084030	2	ENSG00000232328	lncRNA	0	0	0	0	0	1	0	1
AC084033	12	ENSG00000257668	processed_pseudogene	0	0	0	0	0	1	0	1
AC084335	18	ENSG00000286976	lncRNA	0	0	1	0	0	0	0	0
AC084346	8	ENSG00000254057	lncRNA	0	0	1	0	1	1	1	1
AC084357	12	ENSG00000240027	processed_pseudogene	0	0	1	0	0	0	0	0
AC084364	12	ENSG00000286197	lncRNA	0	0	0	0	0	0	0	1
AC084375	12	ENSG00000256969	lncRNA	0	0	1	0	1	1	1	1
AC084734	8	ENSG00000254380	lncRNA	0	0	0	0	0	1	0	1
AC084759	15	ENSG00000259669	lncRNA	0	0	0	0	1	1	0	1
AC084816	12	ENSG00000256995	lncRNA	0	0	0	0	1	1	1	1
AC084866	4	ENSG00000251200	lncRNA	0	0	1	0	0	0	0	0
AC084879	12	ENSG00000258313	lncRNA	0	0	1	0	1	1	1	1
AC087203	8	ENSG00000255556	processed_pseudogene	0	0	1	0	0	0	0	0
AC087235	12	ENSG00000115934	lncRNA	0	0	0	0	0	1	0	1
AC087280	11	ENSG00000283415	lncRNA	0	0	0	0	0	0	0	1
AC087283	15	ENSG00000274216	misc_RNA	0	0	0	0	0	1	0	1
AC087294	17	ENSG00000235530	lncRNA	0	0	0	0	0	1	0	1
AC087343	8	ENSG00000243181	processed_pseudogene	0	0	1	0	1	1	1	1
AC087354	8	ENSG00000254258	lncRNA	1	1	1	1	1	1	1	1
AC087369	8	ENSG00000253571	processed_pseudogene	0	0	1	0	0	0	0	0
AC087379	11	ENSG00000254645	lncRNA	0	0	0	1	0	0	0	0
AC087473	15	ENSG00000259380	lncRNA	0	0	1	0	1	1	1	1
AC087477	15	ENSG00000274079	misc_RNA	0	0	1	0	0	1	0	1
AC087564	16	ENSG00000285367	lncRNA	0	0	0	0	1	0	0	0
AC087612	15	ENSG00000259672	lncRNA	0	0	0	0	0	0	0	1
AC087633	15	ENSG00000258433	lncRNA	0	0	1	0	1	1	0	1
AC087639	15	ENSG00000285919	lncRNA	0	0	0	0	0	0	0	1
AC087763	8	ENSG00000270966	processed_pseudogene	0	0	1	0	1	1	1	1
AC087855	8	ENSG00000254033	lncRNA	0	0	0	0	1	1	0	1
AC087863	12	ENSG00000256149	lncRNA	0	0	0	0	1	0	0	0
AC087894	12	ENSG00000286662	lncRNA	0	0	0	0	1	1	0	1
AC087897	12	ENSG00000258119	lncRNA	0	0	0	0	0	1	0	1
AC090015	12	ENSG00000251138	lncRNA	0	0	0	0	1	1	1	1
AC090017	12	ENSG00000257308	processed_pseudogene	0	0	1	0	0	0	0	0
AC090023	12	ENSG00000256915	lncRNA	0	0	0	0	0	1	0	0
AC090095	8	ENSG00000254189	processed_pseudogene	0	0	0	0	0	0	0	1
AC090099	11	ENSG00000255470	lncRNA	0	0	0	0	1	0	0	0
AC090109	12	ENSG00000258115	lncRNA	0	0	0	0	1	1	0	1
AC090124	11	ENSG00000255227	lncRNA	0	0	0	0	1	0	0	0
AC090136	8	ENSG00000253750	processed_pseudogene	0	0	0	0	0	1	0	1
AC090150	8	ENSG00000253903	lncRNA	0	0	0	0	0	1	0	1
AC090164	15	ENSG00000286733	lncRNA	0	0	0	0	0	1	0	1
AC090192	8	ENSG00000253227	lncRNA	0	0	0	0	0	1	0	1
AC090241	18	ENSG00000270112	lncRNA	0	0	0	0	0	1	0	1
AC090286	17	ENSG00000212618	snoRNA	0	0	0	0	1	0	0	0
AC090287	17	ENSG00000202389	snoRNA	0	0	0	0	1	0	0	0
AC090360	18	ENSG00000267127	nonsense_mediated_decay	0	0	0	0	1	1	0	0
AC090403	18	ENSG00000264151	lncRNA	0	0	1	0	0	0	1	0
AC090415	18	ENSG00000265781	lncRNA	0	0	0	0	0	0	0	1
AC090502	12	ENSG00000257183	lncRNA	0	0	0	0	0	0	0	1
AC090505	3	ENSG00000238031	lncRNA	0	0	0	0	0	0	0	1
AC090506	18	ENSG00000279734	TEC	0	0	0	0	1	0	0	0
AC090515	15	ENSG00000259173	processed_pseudogene	0	0	0	0	0	0	0	1
AC090517	15	ENSG00000285253	protein_coding	0	0	1	0	0	0	0	0
AC090525	12	ENSG00000257813	processed_pseudogene	0	0	0	0	0	1	0	1
AC090572	8	ENSG00000253778	lncRNA	0	0	0	0	0	1	0	0
AC090578	8	ENSG00000253553	lncRNA	0	0	0	1	1	1	0	1
AC090621	18	ENSG00000267401	lncRNA	0	0	0	0	1	1	0	1
AC090629	12	ENSG00000286402	lncRNA	0	0	0	0	1	1	0	0
AC090692	11	ENSG00000285705	lncRNA	0	0	0	0	0	0	0	1
AC090771	18	ENSG00000267620	processed_pseudogene	0	0	0	0	0	1	0	1
AC090791	11	ENSG00000254526	lncRNA	0	0	0	0	0	1	0	0
AC090809	8	ENSG00000253363	lncRNA	0	0	0	0	1	1	0	1
AC090825	15	ENSG00000259363	lncRNA	0	0	0	0	1	0	0	0
AC090907	15	ENSG00000259755	lncRNA	0	0	0	0	0	1	0	1
AC090912	18	ENSG00000266850	lncRNA	0	0	0	0	0	1	0	0
AC090993	8	ENSG00000253108	lncRNA	0	0	0	0	0	1	0	1
AC091042	18	ENSG00000265936	processed_pseudogene	0	0	0	0	0	1	1	1
AC091045	15	ENSG00000203573	misc_RNA	0	0	0	0	0	0	0	1
AC091074	15	ENSG00000285934	lncRNA	0	0	0	0	1	1	0	1
AC091078	15	ENSG00000257060	lncRNA	0	0	1	0	0	0	0	1
AC091096	8	ENSG00000253634	lncRNA	0	0	0	0	0	1	0	1
AC091114	8	ENSG00000253111	lncRNA	0	0	0	0	1	0	0	0
AC091182	8	ENSG00000253746	lncRNA	0	0	0	0	0	0	0	1
AC091429	5	ENSG00000242477	processed_pseudogene	0	0	0	0	1	1	0	1
AC091489	16	ENSG00000260242	lncRNA	0	0	0	0	0	1	0	1
AC091544	15	ENSG00000258676	lncRNA	0	0	0	0	1	0	0	1
AC091691	18	ENSG00000265484	lncRNA	0	0	0	0	0	1	0	1
AC091730	7	ENSG00000234686	lncRNA	0	0	0	0	1	1	0	1
AC091806	X	ENSG00000236393	lncRNA	0	0	0	0	0	1	0	0
AC091893	5	ENSG00000286454	lncRNA	0	0	0	0	0	1	0	1
AC091912	5	ENSG00000288002	lncRNA	0	0	1	0	0	0	0	0
AC091946	5	ENSG00000253766	lncRNA	0	0	1	0	0	0	0	0
AC091948	5	ENSG00000283653	unprocessed_pseudogene	0	0	0	0	0	0	0	1
AC091951	5	ENSG00000237611	misc_RNA	0	0	0	0	1	0	0	1
AC091953	5	ENSG00000249782	lncRNA	0	0	0	0	0	1	0	1
AC091987	5	ENSG00000253584	lncRNA	0	0	1	1	1	1	1	1
AC092017	1	ENSG00000283952	protein_coding	0	0	0	0	1	0	0	0
AC092078	15	ENSG00000287439	lncRNA	0	0	0	1	0	0	0	0
AC092100	7	ENSG00000225718	lncRNA	0	0	0	0	0	1	0	1
AC092121	16	ENSG00000261144	processed_pseudogene	0	0	1	0	0	0	0	0
AC092125	16	ENSG00000286653	lncRNA	0	0	0	0	0	1	0	0
AC092138	16	ENSG00000261818	lncRNA	0	0	0	0	0	1	0	1
AC092155	2	ENSG00000229503	processed_pseudogene	0	0	0	0	1	1	0	1
AC092159	2	ENSG00000227713	lncRNA	1	1	0	0	0	0	0	0
AC092164	2	ENSG00000226833	lncRNA	0	0	0	0	0	0	0	1
AC092168	2	ENSG00000286737	lncRNA	0	0	0	0	0	1	0	1
AC092170	2	ENSG00000227291	processed_pseudogene	0	0	0	0	1	1	0	1
AC092268	X	ENSG00000287549	lncRNA	0	0	1	0	0	0	0	0
AC092324	16	ENSG00000241932	processed_pseudogene	0	0	0	0	0	1	0	1
AC092327	16	ENSG00000268473	processed_pseudogene	0	0	0	0	0	1	0	1
AC092329	19	ENSG00000283201	protein_coding	0	0	0	1	0	0	0	0
AC092353	5	ENSG00000251391	lncRNA	0	0	1	0	0	0	0	0
AC092364	19	ENSG00000268184	lncRNA	0	0	0	0	1	0	0	0
AC092436	4	ENSG00000249277	processed_pseudogene	0	0	1	0	0	0	0	0
AC092445	4	ENSG00000286147	lncRNA	0	0	1	0	1	1	1	1
AC092506	1	ENSG00000215869	processed_transcript	0	0	1	0	0	0	0	0
AC092596	4	ENSG00000201676	misc_RNA	0	0	0	0	0	1	0	1
AC092598	2	ENSG00000223523	lncRNA	0	0	0	0	0	1	0	1
AC092650	2	ENSG00000230773	lncRNA	1	1	0	1	0	1	0	1
AC092673	4	ENSG00000249458	lncRNA	0	0	0	0	0	1	0	1
AC092674	4	ENSG00000249036	lncRNA	0	0	0	0	1	0	0	0
AC092691	3	ENSG00000242816	lncRNA	0	0	0	0	0	1	0	1
AC092723	16	ENSG00000285040	lncRNA	0	0	1	0	0	0	0	0
AC092747	12	ENSG00000256625	unprocessed_pseudogene	0	0	0	1	0	0	1	0
AC092803	1	ENSG00000286213	lncRNA	0	0	0	0	0	1	0	1
AC092809	1	ENSG00000232628	lncRNA	0	0	0	0	0	0	0	1
AC092810	1	ENSG00000287046	lncRNA	1	1	0	0	1	1	0	1
AC092811	1	ENSG00000282418	lncRNA	0	0	0	0	0	0	0	1
AC092813	1	ENSG00000225605	lncRNA	0	0	0	0	0	0	0	1
AC092819	8	ENSG00000286578	lncRNA	0	0	0	0	0	1	1	1
AC092821	12	ENSG00000214776	transcribed_unprocessed_pseudogene	0	1	1	0	0	0	0	0
AC092845	2	ENSG00000287832	lncRNA	0	0	1	0	0	0	0	1
AC092850	12	ENSG00000286462	lncRNA	0	0	1	0	0	0	0	0
AC092894	3	ENSG00000243081	lncRNA	0	0	0	0	0	0	0	1
AC092910	3	ENSG00000242622	lncRNA	0	0	0	0	0	1	0	1
AC092958	3	ENSG00000241792	lncRNA	0	0	1	0	0	0	0	0
AC093151	1	ENSG00000213987	processed_pseudogene	0	0	0	0	1	0	0	0
AC093152	1	ENSG00000278610	lncRNA	0	0	0	0	0	1	0	1
AC093157	1	ENSG00000233184	lncRNA	0	0	0	0	0	0	1	0
AC093159	2	ENSG00000270335	processed_pseudogene	0	0	0	0	1	0	0	0
AC093274	5	ENSG00000249359	lncRNA	0	0	0	0	0	0	0	1
AC093496	3	ENSG00000255021	lncRNA	0	0	0	0	1	1	0	1
AC093519	16	ENSG00000287161	lncRNA	0	0	0	0	0	0	0	1
AC093523	5	ENSG00000212249	snoRNA	0	0	0	0	0	1	0	1
AC093536	16	ENSG00000260668	processed_pseudogene	0	0	0	0	0	1	0	0
AC093577	1	ENSG00000287797	lncRNA	0	0	1	0	0	0	0	0
AC093606	4	ENSG00000287968	lncRNA	0	0	0	0	1	1	0	1
AC093608	4	ENSG00000283666	snRNA	0	0	1	0	0	0	0	0
AC093627	7	ENSG00000242611	lncRNA	0	0	1	0	0	0	0	0
AC093642	2	ENSG00000287971	lncRNA	0	0	0	0	1	0	0	0
AC093720	4	ENSG00000250376	unprocessed_pseudogene	1	1	0	0	0	0	0	0
AC093722	4	ENSG00000249000	lncRNA	0	0	0	0	1	0	0	0
AC093725	4	ENSG00000249831	lncRNA	0	0	1	0	1	1	1	1
AC093730	4	ENSG00000250775	lncRNA	0	0	1	0	1	0	0	0
AC093765	4	ENSG00000287845	lncRNA	1	1	1	0	1	0	1	1
AC093767	4	ENSG00000250458	processed_pseudogene	0	0	0	0	0	1	0	0
AC093772	4	ENSG00000248491	lncRNA	0	0	1	0	0	0	0	0
AC093777	4	ENSG00000202449	snoRNA	0	0	0	0	0	1	0	1
AC093791	4	ENSG00000286321	lncRNA	0	0	1	0	0	0	0	0
AC093798	2	ENSG00000286829	lncRNA	0	0	0	0	1	1	0	1
AC093802	2	ENSG00000220256	lncRNA	0	0	0	0	0	0	0	1
AC093810	4	ENSG00000249052	lncRNA	0	0	1	0	0	0	0	0
AC093849	4	ENSG00000286226	lncRNA	0	0	0	0	0	1	0	1
AC093852	4	ENSG00000251159	processed_pseudogene	0	0	0	0	0	1	0	1
AC093853	4	ENSG00000250997	processed_pseudogene	0	0	0	0	0	1	0	1
AC093870	4	ENSG00000250560	processed_pseudogene	0	0	0	0	0	1	0	0
AC093878	4	ENSG00000249452	processed_pseudogene	0	0	1	0	0	0	0	0
AC093895	4	ENSG00000200024	misc_RNA	0	0	1	0	0	1	0	1
AC093898	4	ENSG00000286046	lncRNA	0	0	0	0	0	1	0	1
AC093909	4	ENSG00000249269	lncRNA	0	0	0	0	0	0	1	0
AC093912	2	ENSG00000285876	lncRNA	0	0	1	0	0	0	0	0
AC093913	4	ENSG00000275250	processed_pseudogene	0	0	1	0	0	0	0	0
AC093916	4	ENSG00000251598	lncRNA	0	0	0	0	0	1	0	1
AC094019	3	ENSG00000201701	snoRNA	0	0	0	0	0	0	0	1
AC094104	5	ENSG00000250242	lncRNA	0	0	1	0	0	0	0	0
AC094105	5	ENSG00000248736	lncRNA	0	0	1	0	0	0	0	0
AC095032	1	ENSG00000224613	lncRNA	0	0	0	0	1	0	0	0
AC096531	1	ENSG00000237413	lncRNA	0	0	0	0	0	1	0	0
AC096543	1	ENSG00000228734	lncRNA	0	0	0	0	0	1	0	1
AC096554	2	ENSG00000228968	lncRNA	0	0	0	0	0	1	0	0
AC096555	2	ENSG00000286152	lncRNA	1	1	0	0	0	1	0	1
AC096570	2	ENSG00000228999	lncRNA	0	0	1	0	0	0	0	0
AC096577	4	ENSG00000248373	lncRNA	0	0	0	0	0	1	0	1
AC096588	4	ENSG00000249392	lncRNA	0	0	0	0	0	1	0	1
AC096637	1	ENSG00000226868	lncRNA	0	0	1	0	0	0	0	0
AC096664	2	ENSG00000234488	processed_pseudogene	0	0	0	0	1	1	0	1
AC096746	4	ENSG00000246541	lncRNA	0	0	0	0	0	1	0	0
AC096747	4	ENSG00000287775	lncRNA	0	0	0	0	1	0	0	0
AC096992	3	ENSG00000286915	lncRNA	1	0	1	0	0	0	0	0
AC097110	4	ENSG00000251527	lncRNA	0	0	0	0	0	1	0	1
AC097263	X	ENSG00000228519	processed_pseudogene	0	0	0	1	0	0	0	0
AC097376	4	ENSG00000239005	snoRNA	0	0	0	0	0	1	0	1
AC097450	4	ENSG00000286371	lncRNA	0	0	0	0	0	1	0	0
AC097462	4	ENSG00000287021	lncRNA	0	0	0	0	1	0	1	0
AC097468	2	ENSG00000286606	lncRNA	0	0	0	0	0	1	0	1
AC097487	4	ENSG00000249675	lncRNA	0	0	0	0	0	0	0	1
AC097491	4	ENSG00000251055	lncRNA	0	0	0	0	1	0	0	0
AC097504	4	ENSG00000272632	lncRNA	0	0	0	0	0	1	0	1
AC097510	4	ENSG00000249564	processed_pseudogene	0	0	0	0	0	1	0	1
AC097518	4	ENSG00000287544	lncRNA	0	0	1	0	0	0	0	0
AC097520	4	ENSG00000287392	lncRNA	0	0	0	0	1	1	0	1
AC097521	4	ENSG00000249642	lncRNA	0	0	1	1	1	1	0	1
AC097533	4	ENSG00000237868	processed_pseudogene	0	0	1	1	1	1	1	1
AC097535	4	ENSG00000248417	lncRNA	0	0	0	0	1	0	0	0
AC097652	4	ENSG00000250658	lncRNA	1	1	1	1	1	1	1	1
AC097654	4	ENSG00000286212	lncRNA	0	0	0	0	0	0	0	1
AC097717	2	ENSG00000232732	lncRNA	0	0	0	0	0	1	0	0
AC098487	4	ENSG00000248161	lncRNA	0	0	0	0	0	1	0	1
AC098588	4	ENSG00000285783	lncRNA	0	0	0	0	1	0	0	0
AC098657	1	ENSG00000235756	processed_pseudogene	0	0	1	0	0	0	0	0
AC098799	4	ENSG00000250642	unprocessed_pseudogene	0	0	0	0	1	0	0	0
AC098817	2	ENSG00000286211	lncRNA	0	0	1	0	0	0	0	0
AC098825	4	ENSG00000287375	lncRNA	0	0	0	0	0	1	0	1
AC098828	2	ENSG00000234378	lncRNA	0	0	1	0	1	1	0	1
AC098847	18	ENSG00000267669	transcribed_processed_pseudogene	0	0	0	0	0	1	0	1
AC098859	4	ENSG00000248795	processed_pseudogene	0	0	1	0	1	1	1	1
AC098862	4	ENSG00000250611	processed_pseudogene	0	0	0	0	1	0	0	0
AC098934	1	ENSG00000214796	transcribed_unprocessed_pseudogene	0	0	0	0	0	0	0	1
AC098976	4	ENSG00000249563	unprocessed_pseudogene	1	0	0	0	0	0	0	0
AC099066	1	ENSG00000227496	lncRNA	0	0	0	0	0	1	0	1
AC099487	5	ENSG00000247402	lncRNA	0	0	0	0	0	1	0	1
AC099508	16	ENSG00000261058	lncRNA	0	0	0	0	1	0	0	0
AC099517	5	ENSG00000287176	lncRNA	0	0	0	0	0	0	1	0
AC099518	16	ENSG00000260430	lncRNA	0	0	0	0	0	1	0	1
AC099520	5	ENSG00000251574	lncRNA	0	0	1	1	0	0	0	0
AC099522	5	ENSG00000249149	processed_transcript	0	0	0	0	0	1	0	1
AC099542	3	ENSG00000241593	lncRNA	0	0	0	0	1	1	0	0
AC099552	7	ENSG00000225612	lncRNA	0	0	1	0	1	0	0	0
AC099565	1	ENSG00000287703	lncRNA	0	0	1	0	0	0	0	0
AC099567	1	ENSG00000230864	lncRNA	0	0	0	0	1	0	0	0
AC099791	1	ENSG00000223920	processed_pseudogene	0	0	0	0	0	1	0	0
AC099796	1	ENSG00000287582	lncRNA	0	0	1	0	0	0	0	0
AC100810	8	ENSG00000254265	processed_pseudogene	0	0	0	0	0	0	1	0
AC100849	8	ENSG00000253557	lncRNA	0	0	0	0	0	1	0	0
AC100858	8	ENSG00000250428	processed_pseudogene	0	0	0	0	0	1	0	1
AC100863	18	ENSG00000265844	lncRNA	0	0	0	0	0	1	0	1
AC100868	8	ENSG00000258417	protein_coding	0	0	1	0	1	1	1	1
AC103409	8	ENSG00000253901	lncRNA	0	0	1	0	1	1	0	1
AC103563	2	ENSG00000287362	lncRNA	0	0	0	0	0	1	0	1
AC103764	8	ENSG00000251218	lncRNA	0	0	0	0	0	1	0	0
AC103808	18	ENSG00000266014	lncRNA	0	0	0	0	1	0	0	0
AC103855	11	ENSG00000254514	lncRNA	0	0	0	0	0	1	0	1
AC103876	15	ENSG00000259986	lncRNA	0	0	0	0	0	1	0	1
AC103957	8	ENSG00000253505	lncRNA	0	0	0	0	0	1	0	1
AC103996	15	ENSG00000258831	lncRNA	0	0	0	0	0	1	0	1
AC104012	8	ENSG00000200191	snoRNA	0	0	1	1	0	1	0	0
AC104041	15	ENSG00000259692	lncRNA	0	0	1	0	1	1	1	1
AC104051	8	ENSG00000254139	lncRNA	0	0	0	0	0	1	0	1
AC104071	4	ENSG00000251434	lncRNA	0	0	0	0	0	1	0	1
AC104088	2	ENSG00000232555	lncRNA	0	0	0	0	0	0	0	1
AC104108	5	ENSG00000251605	processed_pseudogene	1	1	0	0	0	0	0	0
AC104123	5	ENSG00000251314	lncRNA	0	0	0	0	0	1	0	1
AC104135	2	ENSG00000236209	lncRNA	0	0	1	0	0	0	0	0
AC104137	4	ENSG00000248479	lncRNA	0	0	0	0	1	0	0	0
AC104162	3	ENSG00000224479	transcribed_unitary_pseudogene	1	1	0	0	0	0	0	0
AC104212	8	ENSG00000241746	processed_pseudogene	0	0	0	0	0	0	0	1
AC104248	8	ENSG00000253796	lncRNA	0	0	0	0	1	0	0	1
AC104257	8	ENSG00000253507	lncRNA	0	0	0	0	1	0	0	0
AC104304	3	ENSG00000286570	lncRNA	0	0	0	0	0	1	0	0
AC104335	1	ENSG00000287116	lncRNA	0	0	0	0	1	0	0	0
AC104339	8	ENSG00000233778	processed_pseudogene	0	0	0	0	1	1	0	1
AC104435	3	ENSG00000244345	lncRNA	0	0	0	0	0	1	0	1
AC104454	1	ENSG00000285201	lncRNA	1	1	1	0	0	1	0	1
AC104457	1	ENSG00000215871	processed_pseudogene	0	0	0	0	0	1	0	1
AC104563	11	ENSG00000240036	processed_pseudogene	0	0	0	0	1	1	0	1
AC104574	15	ENSG00000259616	lncRNA	0	0	0	0	0	1	0	1
AC104619	4	ENSG00000241411	processed_pseudogene	0	0	1	0	1	1	0	1
AC104771	4	ENSG00000271676	processed_pseudogene	0	0	0	0	0	0	0	1
AC104803	4	ENSG00000249883	lncRNA	0	0	0	0	1	0	0	0
AC104806	4	ENSG00000250075	lncRNA	0	0	0	0	1	1	0	1
AC104823	2	ENSG00000224099	lncRNA	0	0	0	0	1	0	0	0
AC104964	8	ENSG00000253678	lncRNA	0	0	0	0	1	0	0	0
AC105021	17	ENSG00000236319	processed_transcript	0	0	0	0	0	1	0	1
AC105031	8	ENSG00000253836	lncRNA	0	0	0	0	1	1	0	1
AC105227	18	ENSG00000267695	lncRNA	0	0	1	0	1	1	1	1
AC105343	4	ENSG00000250704	lncRNA	0	0	1	0	0	0	0	1
AC105345	4	ENSG00000205959	lncRNA	0	0	0	0	0	1	1	0
AC105362	4	ENSG00000250865	lncRNA	0	0	0	0	0	1	0	1
AC105398	2	ENSG00000229224	lncRNA	0	0	0	0	0	1	0	1
AC105399	2	ENSG00000237077	processed_transcript	0	0	0	0	1	1	0	1
AC105411	16	ENSG00000259867	lncRNA	0	0	0	0	0	1	0	1
AC105416	4	ENSG00000248305	processed_pseudogene	0	0	0	0	0	1	0	1
AC105430	16	ENSG00000261313	lncRNA	0	0	0	0	0	1	0	1
AC105443	7	ENSG00000229532	processed_pseudogene	0	0	1	0	0	0	0	0
AC105760	2	ENSG00000124835	lncRNA	0	0	0	0	0	0	1	0
AC105918	4	ENSG00000244470	processed_pseudogene	0	0	0	0	1	0	0	0
AC105999	8	ENSG00000253354	lncRNA	0	0	0	0	0	1	0	1
AC106053	2	ENSG00000224626	lncRNA	0	0	0	0	0	1	0	0
AC106744	5	ENSG00000251487	lncRNA	1	0	0	0	0	0	0	0
AC106748	5	ENSG00000249977	processed_pseudogene	0	0	0	0	1	0	0	0
AC106791	5	ENSG00000287067	processed_transcript	0	0	0	0	0	1	0	1
AC106799	5	ENSG00000248973	lncRNA	0	0	0	0	1	1	1	1
AC106865	4	ENSG00000287216	lncRNA	0	0	0	0	0	1	0	1
AC106868	4	ENSG00000248281	processed_pseudogene	0	0	0	0	0	1	0	1
AC106886	16	ENSG00000260082	processed_pseudogene	0	0	1	0	0	1	0	1
AC106892	4	ENSG00000250791	lncRNA	0	0	0	1	0	0	0	0
AC107032	12	ENSG00000243071	processed_pseudogene	0	0	0	0	0	1	0	1
AC107057	2	ENSG00000232835	lncRNA	0	0	0	0	1	0	0	0
AC107204	3	ENSG00000281392	lncRNA	0	0	0	0	0	1	0	1
AC107223	4	ENSG00000251600	lncRNA	0	0	0	0	0	1	0	1
AC107373	8	ENSG00000253832	lncRNA	0	0	0	0	0	1	0	1
AC107398	4	ENSG00000282904	lncRNA	0	0	0	0	0	1	0	1
AC107419	X	ENSG00000228933	lncRNA	0	0	1	0	0	1	0	1
AC107892	18	ENSG00000266213	lncRNA	0	0	0	0	0	0	0	1
AC107934	8	ENSG00000253413	processed_pseudogene	0	0	0	0	0	1	0	1
AC108081	16	ENSG00000271456	processed_pseudogene	0	0	1	0	0	0	0	1
AC108114	5	ENSG00000240052	processed_pseudogene	0	0	0	0	1	1	0	1
AC108136	8	ENSG00000255325	lncRNA	0	0	0	0	0	1	0	1
AC108169	4	ENSG00000287083	lncRNA	0	0	0	0	0	0	1	0
AC108448	11	ENSG00000234791	lncRNA	0	0	0	0	0	0	1	0
AC108452	18	ENSG00000286716	lncRNA	0	0	0	0	1	1	0	1
AC108467	4	ENSG00000248744	lncRNA	0	0	1	0	0	0	0	0
AC108479	2	ENSG00000287670	lncRNA	0	0	0	0	1	0	0	0
AC108488	2	ENSG00000286905	nonsense_mediated_decay	0	0	0	0	1	0	0	0
AC108517	4	ENSG00000249111	lncRNA	0	0	0	0	1	0	0	0
AC108734	3	ENSG00000285336	lncRNA	0	0	0	1	0	0	0	0
AC108749	3	ENSG00000239572	lncRNA	0	0	1	0	1	1	1	1
AC108751	3	ENSG00000241929	processed_pseudogene	0	0	0	0	0	1	0	1
AC108865	4	ENSG00000250829	lncRNA	0	0	0	1	0	0	0	0
AC108941	4	ENSG00000251489	processed_pseudogene	0	0	0	0	1	0	0	0
AC109439	5	ENSG00000248616	processed_pseudogene	0	0	0	0	0	1	0	1
AC109446	16	ENSG00000260405	processed_pseudogene	0	0	0	0	1	1	0	1
AC109466	5	ENSG00000241956	lncRNA	0	0	1	0	1	1	1	1
AC109517	4	ENSG00000287667	lncRNA	1	1	0	0	0	0	0	0
AC109583	3	ENSG00000206549	protein_coding	0	0	0	0	0	0	0	1
AC109630	15	ENSG00000259269	lncRNA	0	0	0	0	0	1	0	1
AC109635	11	ENSG00000287538	lncRNA	0	0	1	0	0	0	0	0
AC110058	11	ENSG00000255029	lncRNA	0	0	0	0	0	1	0	1
AC110614	2	ENSG00000287474	lncRNA	0	0	0	0	1	1	0	1
AC110753	4	ENSG00000250609	processed_pseudogene	0	0	0	0	0	1	0	1
AC110772	4	ENSG00000249742	lncRNA	0	0	0	0	1	0	0	0
AC110995	X	ENSG00000236120	lncRNA	0	0	0	0	0	1	0	1
AC111000	4	ENSG00000250100	unprocessed_pseudogene	0	1	0	0	0	0	0	0
AC111152	15	ENSG00000259647	lncRNA	0	0	0	0	1	0	0	0
AC111188	11	ENSG00000254957	processed_pseudogene	0	0	0	0	0	0	0	1
AC111194	4	ENSG00000250646	lncRNA	0	0	0	0	1	0	0	0
AC112172	5	ENSG00000286182	lncRNA	0	0	1	0	0	0	0	0
AC112187	5	ENSG00000213956	processed_pseudogene	0	0	0	0	0	0	0	1
AC112203	5	ENSG00000251193	processed_pseudogene	0	0	0	0	1	0	0	0
AC112481	12	ENSG00000288102	lncRNA	0	0	0	0	0	1	0	1
AC112493	X	ENSG00000242021	lncRNA	0	0	0	0	0	1	0	1
AC112495	X	ENSG00000223742	lncRNA	0	0	1	0	0	0	0	0
AC112498	X	ENSG00000236929	processed_pseudogene	0	0	0	0	0	1	0	0
AC112693	15	ENSG00000258971	processed_pseudogene	0	0	0	0	0	1	0	0
AC112721	2	ENSG00000222022	lncRNA	0	0	0	0	0	1	0	1
AC112778	X	ENSG00000176812	processed_pseudogene	0	0	0	0	0	1	0	1
AC113192	11	ENSG00000255161	processed_pseudogene	0	0	0	0	1	1	0	1
AC113347	5	ENSG00000230571	processed_pseudogene	0	0	0	0	0	1	0	1
AC113355	5	ENSG00000248490	lncRNA	0	0	0	0	0	0	1	0
AC113391	5	ENSG00000251446	lncRNA	0	0	0	0	1	0	0	0
AC113414	5	ENSG00000254186	lncRNA	0	0	0	0	1	1	0	1
AC114267	19	ENSG00000186723	protein_coding	1	1	0	0	0	0	0	0
AC114321	5	ENSG00000254171	lncRNA	0	0	0	0	0	1	1	1
AC114485	1	ENSG00000233359	lncRNA	0	0	1	0	0	0	0	0
AC114491	1	ENSG00000224550	processed_pseudogene	0	0	0	0	1	1	0	1
AC114492	1	ENSG00000228776	processed_pseudogene	0	0	0	0	0	1	0	1
AC114550	8	ENSG00000253343	lncRNA	0	0	0	0	0	0	0	1
AC114689	18	ENSG00000265533	lncRNA	0	0	0	0	0	1	0	1
AC114728	4	ENSG00000241612	processed_pseudogene	0	0	0	0	1	1	0	1
AC114741	4	ENSG00000248369	lncRNA	0	0	0	1	0	0	0	0
AC114757	4	ENSG00000250863	lncRNA	0	0	0	0	0	1	0	1
AC114940	5	ENSG00000250145	processed_pseudogene	0	0	0	0	0	1	0	1
AC114971	5	ENSG00000287862	lncRNA	0	0	1	0	0	0	0	0
AC115100	18	ENSG00000286605	lncRNA	0	0	0	0	0	1	0	1
AC115618	X	ENSG00000204620	lncRNA	0	0	0	0	0	1	0	1
AC116035	3	ENSG00000227549	lncRNA	0	0	0	0	1	0	0	0
AC116049	4	ENSG00000236562	processed_pseudogene	0	0	0	0	0	0	0	1
AC116337	5	ENSG00000249856	lncRNA	0	0	0	0	0	1	0	1
AC116347	5	ENSG00000238000	processed_pseudogene	0	0	0	0	1	1	0	1
AC116353	5	ENSG00000283602	processed_transcript	0	0	1	0	1	1	1	1
AC116359	5	ENSG00000249541	processed_pseudogene	0	0	0	0	0	0	0	1
AC116362	5	ENSG00000248752	lncRNA	0	0	1	0	0	1	0	1
AC116535	11	ENSG00000246308	lncRNA	1	1	0	0	0	1	0	1
AC116563	4	ENSG00000250126	lncRNA	0	0	0	0	0	1	0	0
AC116611	4	ENSG00000286784	lncRNA	0	0	1	0	0	0	0	0
AC117453	3	ENSG00000223930	lncRNA	0	0	1	0	0	1	0	1
AC117462	3	ENSG00000240573	lncRNA	0	0	0	0	0	0	0	1
AC117464	3	ENSG00000287158	lncRNA	1	1	0	0	1	0	0	0
AC117522	5	ENSG00000250253	processed_pseudogene	0	0	1	0	0	1	0	0
AC117569	18	ENSG00000264587	lncRNA	0	0	0	0	1	0	0	0
AC118757	18	ENSG00000267627	lncRNA	0	0	0	0	0	1	0	0
AC119673	1	ENSG00000286619	lncRNA	0	0	1	0	0	0	0	0
AC119674	1	ENSG00000260971	lncRNA	0	0	0	0	1	1	0	1
AC120036	8	ENSG00000248347	unprocessed_pseudogene	1	1	0	1	0	0	0	0
AC121334	12	ENSG00000255991	processed_pseudogene	0	0	1	1	1	1	1	1
AC121758	12	ENSG00000258679	transcribed_processed_pseudogene	1	1	0	0	0	0	0	0
AC122138	4	ENSG00000250024	lncRNA	0	0	1	0	0	0	0	0
AC122685	12	ENSG00000258763	lncRNA	0	0	1	0	0	0	0	0
AC122688	12	ENSG00000256093	processed_pseudogene	1	1	1	0	0	0	0	0
AC122697	5	ENSG00000286953	lncRNA	0	0	0	0	0	0	0	1
AC123767	8	ENSG00000254067	processed_transcript	0	0	0	0	1	0	0	0
AC123777	8	ENSG00000254813	lncRNA	0	0	0	0	0	0	1	0
AC123904	12	ENSG00000257998	processed_pseudogene	0	0	0	0	1	0	0	0
AC124016	4	ENSG00000273156	lncRNA	0	0	0	0	0	1	0	1
AC124067	8	ENSG00000254111	lncRNA	0	0	0	0	0	0	1	0
AC124254	18	ENSG00000264015	lncRNA	0	0	0	0	1	0	0	0
AC124276	11	ENSG00000254991	lncRNA	0	0	0	0	0	1	0	1
AC124290	8	ENSG00000253452	lncRNA	0	0	0	1	0	1	0	1
AC124852	5	ENSG00000248994	lncRNA	0	0	0	0	0	1	0	1
AC124854	5	ENSG00000249776	lncRNA	0	0	0	0	0	0	0	1
AC124861	2	ENSG00000286325	lncRNA	0	0	1	0	1	0	0	0
AC124893	3	ENSG00000241882	lncRNA	0	0	0	0	0	1	0	1
AC124945	3	ENSG00000241257	processed_pseudogene	0	0	0	1	0	0	0	0
AC126177	12	ENSG00000257398	lncRNA	1	1	1	0	1	1	0	1
AC126323	15	ENSG00000259697	lncRNA	1	1	1	0	0	0	0	1
AC127496	17	ENSG00000262873	lncRNA	0	0	0	0	1	1	0	0
AC128657	12	ENSG00000258073	processed_pseudogene	0	0	0	0	0	1	0	1
AC128685	3	ENSG00000241168	lncRNA	0	0	0	0	1	0	1	0
AC128707	12	ENSG00000258084	lncRNA	0	0	0	0	0	1	0	1
AC128709	3	ENSG00000237167	lncRNA	0	0	0	0	0	1	0	1
AC130415	12	ENSG00000257879	lncRNA	0	0	0	0	0	0	0	1
AC130456	16	ENSG00000259925	lncRNA	0	0	0	0	0	0	1	1
AC130710	2	ENSG00000236989	lncRNA	0	0	0	0	0	0	0	1
AC131094	4	ENSG00000249945	lncRNA	1	1	0	0	0	0	0	0
AC131254	8	ENSG00000248964	lncRNA	0	0	0	0	0	0	0	1
AC131956	4	ENSG00000250034	lncRNA	0	0	1	0	1	1	1	1
AC132219	8	ENSG00000253334	lncRNA	0	0	0	0	0	1	0	1
AC132660	3	ENSG00000287273	lncRNA	0	0	0	0	0	1	0	0
AC132803	5	ENSG00000251031	lncRNA	0	0	0	0	0	1	0	1
AC132807	3	ENSG00000274840	lncRNA	0	0	0	0	1	0	0	0
AC132872	17	ENSG00000260563	lncRNA	0	0	1	0	0	0	0	0
AC133104	2	ENSG00000234903	unprocessed_pseudogene	0	0	1	0	0	0	0	0
AC133134	5	ENSG00000244245	processed_pseudogene	0	0	1	0	1	1	0	1
AC134312	16	ENSG00000260162	lncRNA	0	0	0	0	1	0	0	0
AC135166	8	ENSG00000253286	lncRNA	0	0	1	0	0	0	0	0
AC135506	3	ENSG00000270441	unprocessed_pseudogene	0	0	0	0	1	0	0	0
AC135628	15	ENSG00000260109	unprocessed_pseudogene	0	0	0	0	0	1	1	1
AC135895	12	ENSG00000198671	lncRNA	0	0	0	0	0	1	0	1
AC136188	12	ENSG00000257587	lncRNA	0	0	0	0	1	0	0	0
AC136489	X	ENSG00000229491	lncRNA	0	0	1	0	1	0	0	0
AC136628	5	ENSG00000250674	lncRNA	0	0	0	0	0	0	1	0
AC136632	5	ENSG00000218227	transcribed_processed_pseudogene	0	0	1	0	0	0	0	0
AC137735	17	ENSG00000266765	lncRNA	0	0	1	0	0	0	0	0
AC137936	3	ENSG00000283511	processed_transcript	0	0	0	0	1	0	0	0
AC138057	3	ENSG00000243903	lncRNA	0	0	0	0	0	1	0	1
AC138627	16	ENSG00000261404	lncRNA	0	0	0	0	0	1	0	1
AC138646	8	ENSG00000253659	lncRNA	0	0	0	0	0	0	1	0
AC139143	11	ENSG00000230080	processed_pseudogene	0	0	1	0	0	0	0	0
AC139426	15	ENSG00000271078	processed_pseudogene	0	0	1	0	1	1	0	1
AC139491	5	ENSG00000287579	lncRNA	0	0	0	1	0	0	1	0
AC139769	19	ENSG00000233836	transcribed_unprocessed_pseudogene	0	0	0	0	0	0	1	0
AC140119	3	ENSG00000200052	misc_RNA	0	0	0	0	0	1	0	1
AC145343	17	ENSG00000265055	lncRNA	0	0	0	0	0	0	1	0
AC147055	4	ENSG00000251101	processed_pseudogene	1	1	0	0	0	0	0	0
AC209005	4	ENSG00000250915	lncRNA	0	0	1	0	0	0	0	0
AC231759	X	ENSG00000276474	processed_pseudogene	0	0	0	0	0	0	1	0
AC231760	X	ENSG00000242186	processed_transcript	0	0	0	0	0	0	0	1
AC233289	X	ENSG00000220541	processed_pseudogene	0	0	0	0	0	0	0	1
AC233296	X	ENSG00000280870	lncRNA	0	0	0	0	0	0	1	0
AC233702	17	ENSG00000266466	lncRNA	0	0	0	0	1	0	0	0
AC233976	X	ENSG00000229151	lncRNA	0	0	0	0	0	0	0	1
AC234775	X	ENSG00000286000	lncRNA	0	0	0	0	0	1	0	0
AC234779	X	ENSG00000227779	processed_pseudogene	0	0	0	0	0	1	0	1
AC236972	X	ENSG00000278803	protein_coding	1	0	1	1	0	0	0	0
AC239584	4	ENSG00000249942	lncRNA	0	0	0	0	0	1	0	1
AC239801	1	ENSG00000223728	processed_pseudogene	0	0	0	0	0	0	0	1
AC240504	X	ENSG00000273788	snoRNA	0	0	0	0	0	0	0	1
AC240565	17	ENSG00000277613	snRNA	0	0	0	1	0	0	0	0
AC243571	17	ENSG00000277501	lncRNA	0	0	0	0	0	1	0	1
AC243772	1	ENSG00000234232	transcribed_unprocessed_pseudogene	0	0	0	0	0	0	1	0
AC243964	19	ENSG00000224366	unprocessed_pseudogene	0	0	0	0	1	0	0	0
AC244033	1	ENSG00000285184	lncRNA	0	0	0	0	0	0	0	1
AC244035	1	ENSG00000287432	lncRNA	0	0	0	0	0	0	0	1
AC244131	12	ENSG00000256657	unprocessed_pseudogene	0	0	0	0	1	0	0	0
AC244205	2	ENSG00000283270	processed_transcript	0	0	1	0	0	0	0	0
AC244250	22	ENSG00000223999	lncRNA	1	1	0	0	0	0	0	0
AC244452	14	ENSG00000228757	unprocessed_pseudogene	0	0	0	1	0	0	0	0
AC244517	5	ENSG00000279558	lncRNA	0	0	1	0	0	0	0	0
AC245036	19	ENSG00000235181	unprocessed_pseudogene	0	0	0	0	1	0	0	0
AC245054	22	ENSG00000237472	processed_pseudogene	0	0	1	0	1	0	0	0
AC245123	8	ENSG00000277526	lncRNA	0	0	0	0	0	0	0	1
AC245128	19	ENSG00000228790	unprocessed_pseudogene	0	0	1	0	0	0	0	0
AC245187	8	ENSG00000282142	lncRNA	0	0	1	0	0	0	0	0
AC245452	22	ENSG00000225544	processed_pseudogene	0	0	0	0	1	0	0	0
AC245884	19	ENSG00000240197	unprocessed_pseudogene	0	0	1	0	0	0	0	0
AC246817	8	ENSG00000254319	lncRNA	0	0	1	0	1	0	0	0
AC247036	14	ENSG00000271201	lncRNA	1	0	0	0	0	0	0	0
AC253576	4	ENSG00000250238	processed_pseudogene	0	0	1	0	0	0	0	0
ACACA	17	ENSG00000278540	protein_coding	0	0	0	0	1	0	0	0
ACADL	2	ENSG00000115361	protein_coding	0	0	0	0	0	1	0	0
ACAN	15	ENSG00000157766	protein_coding	0	0	1	0	1	1	0	1
ACBD4	17	ENSG00000181513	protein_coding	0	0	0	0	0	1	0	1
ACOT11	1	ENSG00000162390	protein_coding	0	0	1	0	0	0	0	0
ACOX3	4	ENSG00000087008	protein_coding	0	0	0	0	0	1	0	0
ACOXL	2	ENSG00000153093	protein_coding	0	0	0	0	1	0	0	0
ACRV1	11	ENSG00000134940	protein_coding	0	0	0	0	0	1	0	1
ACSM1	16	ENSG00000166743	protein_coding	1	1	0	0	0	0	0	0
ACTG1P19	9	ENSG00000237999	processed_pseudogene	0	0	1	0	0	0	0	0
ACTG1P23	3	ENSG00000230362	processed_pseudogene	0	0	0	0	0	0	0	1
ACTN2	1	ENSG00000077522	protein_coding	0	0	0	0	0	1	0	1
ACVR1	2	ENSG00000115170	protein_coding	0	0	0	0	0	1	0	1
ACVR1B	12	ENSG00000135503	protein_coding	0	0	0	0	1	0	0	0
ACYP2	2	ENSG00000170634	protein_coding	0	0	0	0	1	1	0	1
ADAM2	8	ENSG00000104755	protein_coding	0	0	0	1	0	0	0	0
ADAM20P1	14	ENSG00000259158	transcribed_unprocessed_pseudogene	0	0	0	0	0	1	0	0
ADAM29	4	ENSG00000168594	processed_transcript	0	0	0	0	0	0	0	1
ADAM3A	8	ENSG00000197475	processed_transcript	0	0	0	1	0	1	0	0
ADAMTS13	9	ENSG00000160323	protein_coding	1	1	0	0	0	0	0	0
ADAMTS20	12	ENSG00000173157	protein_coding	1	1	0	0	0	0	0	0
ADAMTS7P4	15	ENSG00000218052	processed_transcript	0	0	0	0	1	0	0	0
ADAMTS9-AS2	3	ENSG00000241684	lncRNA	0	0	0	0	1	0	0	0
ADAMTSL3	15	ENSG00000156218	protein_coding	0	0	0	0	0	0	1	0
ADAT2	6	ENSG00000189007	protein_coding	0	0	1	0	0	0	0	0
ADCY10P1	6	ENSG00000161912	processed_transcript	0	0	0	0	0	1	0	0
ADD3-AS1	10	ENSG00000203876	retained_intron	0	0	0	0	1	1	0	1
ADGRE1	19	ENSG00000174837	protein_coding	0	0	0	0	1	0	0	0
ADGRF1	6	ENSG00000153292	protein_coding	0	0	0	0	1	0	0	0
ADGRG2	X	ENSG00000173698	protein_coding	0	0	0	0	0	1	0	1
ADGRG4	X	ENSG00000156920	protein_coding	0	0	0	0	1	1	0	1
ADGRL4	1	ENSG00000162618	protein_coding	0	0	0	0	0	1	0	1
ADH5P4	6	ENSG00000233859	processed_pseudogene	0	0	0	0	1	1	0	1
ADH7	4	ENSG00000196344	protein_coding	0	0	0	0	0	1	0	0
ADI1P3	12	ENSG00000258369	processed_pseudogene	1	1	0	0	0	0	0	0
ADNP2	18	ENSG00000101544	protein_coding	0	0	0	0	0	1	0	0
ADORA2A-AS1	22	ENSG00000178803	lncRNA	0	0	0	0	0	1	0	1
ADPRM	17	ENSG00000170222	protein_coding	0	0	0	0	0	1	0	1
ADRA1A	8	ENSG00000120907	protein_coding	0	0	0	0	0	1	0	1
ADSS1	14	ENSG00000185100	protein_coding	0	0	0	0	0	1	0	1
AF038458	19	ENSG00000267388	lncRNA	0	0	0	0	0	0	0	1
AF064858	21	ENSG00000235888	lncRNA	0	0	0	0	1	1	0	1
AF064860	21	ENSG00000225330	lncRNA	0	0	1	0	0	0	0	0
AF121898	8	ENSG00000253500	lncRNA	0	0	0	0	0	1	0	1
AF127936	21	ENSG00000232884	lncRNA	0	0	0	0	0	1	0	1
AF201337	8	ENSG00000254332	processed_pseudogene	0	0	0	0	1	1	0	1
AF240627	21	ENSG00000230233	lncRNA	0	0	0	0	0	1	0	1
AF246928	21	ENSG00000280082	TEC	0	0	0	0	0	1	0	1
AF274853	X	ENSG00000287918	lncRNA	0	0	0	0	0	1	0	0
AF279873	8	ENSG00000253642	lncRNA	0	0	0	0	0	1	0	1
AFG3L1P	16	ENSG00000223959	retained_intron	1	1	0	0	0	0	0	0
AGAP11	10	ENSG00000271880	lncRNA	1	1	0	0	0	0	0	0
AGBL1	15	ENSG00000273540	protein_coding	0	0	0	0	0	1	0	0
AGL	1	ENSG00000162688	protein_coding	0	0	0	0	0	0	0	1
AGPAT3	21	ENSG00000160216	protein_coding	0	0	0	0	0	0	1	0
AHCTF1	1	ENSG00000153207	protein_coding	0	0	0	0	0	0	0	1
AHNAK	11	ENSG00000124942	protein_coding	0	0	1	0	0	0	1	1
AIMP1	4	ENSG00000164022	protein_coding	0	0	1	0	1	1	1	1
AIMP2	7	ENSG00000106305	protein_coding	1	1	0	0	0	0	0	0
AIPL1	17	ENSG00000129221	protein_coding	0	0	0	0	0	1	0	0
AJ009632	21	ENSG00000229425	lncRNA	0	0	0	0	0	0	0	1
AK4P3	12	ENSG00000233381	processed_pseudogene	0	0	0	0	0	1	0	1
AK4P4	9	ENSG00000223621	processed_pseudogene	0	0	0	0	0	1	0	1
AKAP1	17	ENSG00000121057	protein_coding	0	0	1	0	0	1	0	1
AKAP17BP	X	ENSG00000214992	unprocessed_pseudogene	0	0	0	0	1	0	0	0
AKAP3	12	ENSG00000111254	protein_coding	0	0	0	0	0	1	0	0
AKR1B15	7	ENSG00000227471	protein_coding	0	0	0	0	0	1	0	0
AKR1B1P6	18	ENSG00000225212	processed_pseudogene	0	0	0	0	0	0	0	1
AKR1C4	10	ENSG00000198610	protein_coding	0	0	0	0	1	0	0	0
AKR1E2	10	ENSG00000165568	protein_coding	0	0	0	0	0	1	0	1
AL008628	6	ENSG00000261003	lncRNA	0	0	1	0	0	0	0	0
AL008633	X	ENSG00000225689	lncRNA	0	0	0	0	1	1	0	1
AL008638	22	ENSG00000231405	lncRNA	0	0	0	0	0	0	1	0
AL008720	22	ENSG00000285707	lncRNA	0	0	1	0	0	0	0	1
AL008730	6	ENSG00000286616	lncRNA	0	0	0	0	0	1	0	1
AL009178	6	ENSG00000213065	processed_pseudogene	0	0	0	0	0	0	0	1
AL020995	1	ENSG00000236065	lncRNA	1	1	0	0	0	0	0	0
AL021155	1	ENSG00000285646	lncRNA	0	0	0	0	0	0	0	1
AL021937	22	ENSG00000230736	lncRNA	0	0	1	0	0	0	0	0
AL021939	6	ENSG00000213117	processed_pseudogene	0	0	0	0	0	1	0	1
AL022100	1	ENSG00000283255	lncRNA	0	0	0	0	0	1	1	1
AL022161	X	ENSG00000271094	processed_pseudogene	0	0	0	0	0	1	0	1
AL022170	6	ENSG00000286933	lncRNA	0	0	0	0	0	1	0	1
AL022313	22	ENSG00000229971	lncRNA	0	0	0	0	0	1	0	1
AL022332	22	ENSG00000233577	lncRNA	0	0	0	1	0	0	0	0
AL022718	X	ENSG00000226532	processed_pseudogene	0	0	0	0	0	1	0	1
AL023495	1	ENSG00000235303	lncRNA	0	0	0	0	0	1	0	1
AL023574	X	ENSG00000285899	lncRNA	0	0	1	0	0	0	0	0
AL023754	1	ENSG00000287902	lncRNA	0	0	0	0	0	0	0	1
AL023773	X	ENSG00000236205	unprocessed_pseudogene	1	1	0	0	0	0	0	0
AL023806	6	ENSG00000288056	lncRNA	0	0	1	0	0	1	0	0
AL023877	X	ENSG00000286767	lncRNA	0	0	0	0	1	0	0	0
AL031003	6	ENSG00000218499	processed_pseudogene	0	0	0	0	0	1	0	1
AL031133	6	ENSG00000219553	processed_pseudogene	0	0	0	0	1	1	0	1
AL031183	X	ENSG00000235329	processed_pseudogene	1	1	1	1	1	1	1	1
AL031289	1	ENSG00000237899	lncRNA	0	0	0	0	1	0	0	0
AL031291	1	ENSG00000284646	lncRNA	0	0	0	0	1	0	0	0
AL031599	1	ENSG00000224228	lncRNA	0	0	0	0	0	0	0	1
AL031663	20	ENSG00000237464	lncRNA	0	0	0	0	1	0	0	0
AL031674	20	ENSG00000232294	lncRNA	0	0	0	0	0	0	1	1
AL031686	20	ENSG00000283757	lncRNA	0	0	0	0	0	0	0	1
AL031729	1	ENSG00000235912	processed_pseudogene	0	0	1	0	1	1	1	1
AL031731	1	ENSG00000284708	lncRNA	0	0	0	0	0	1	0	1
AL031864	1	ENSG00000224600	processed_pseudogene	0	0	0	0	0	1	0	1
AL033530	1	ENSG00000285407	lncRNA	1	1	1	1	1	1	1	1
AL034397	X	ENSG00000217835	processed_pseudogene	0	0	0	1	0	0	0	0
AL034417	1	ENSG00000284716	lncRNA	0	0	1	0	0	0	0	0
AL034428	20	ENSG00000228809	lncRNA	0	0	0	0	1	0	0	0
AL035252	20	ENSG00000230725	lncRNA	0	0	1	0	0	0	1	1
AL035401	6	ENSG00000233358	lncRNA	0	0	0	0	0	1	0	1
AL035409	1	ENSG00000288543	lncRNA	0	0	0	0	1	0	0	0
AL035420	20	ENSG00000234139	lncRNA	1	0	0	0	0	1	0	1
AL035446	6	ENSG00000285875	lncRNA	0	0	0	1	0	0	0	0
AL035467	6	ENSG00000285963	lncRNA	0	0	0	0	0	1	0	0
AL035530	6	ENSG00000271913	lncRNA	0	0	1	0	0	0	0	0
AL035696	6	ENSG00000263667	lncRNA	1	1	1	1	1	1	1	1
AL049597	1	ENSG00000230721	processed_pseudogene	0	0	0	0	0	1	0	1
AL049646	20	ENSG00000230010	lncRNA	0	0	0	0	0	0	0	1
AL049737	20	ENSG00000225170	processed_pseudogene	0	0	0	0	1	1	0	1
AL049825	1	ENSG00000285698	lncRNA	0	0	0	0	1	0	0	0
AL049828	14	ENSG00000258526	lncRNA	0	0	1	1	1	1	1	1
AL049830	14	ENSG00000213867	processed_pseudogene	0	0	0	0	0	0	0	1
AL049839	14	ENSG00000288028	lncRNA	0	0	0	0	0	0	1	0
AL049871	14	ENSG00000258943	lncRNA	0	0	0	0	0	1	0	1
AL049873	14	ENSG00000213598	processed_pseudogene	0	0	1	0	1	1	1	1
AL049874	14	ENSG00000244756	processed_pseudogene	0	0	0	0	0	0	0	1
AL050309	X	ENSG00000227486	lncRNA	0	0	0	0	0	1	1	0
AL050403	20	ENSG00000232900	lncRNA	0	0	0	0	1	1	0	0
AL078590	6	ENSG00000232310	lncRNA	1	1	1	1	1	1	1	1
AL078604	6	ENSG00000216480	processed_pseudogene	0	0	0	0	1	1	0	1
AL078612	11	ENSG00000255375	lncRNA	0	0	0	0	1	0	0	0
AL079307	14	ENSG00000258535	lncRNA	0	0	0	0	0	1	0	1
AL079342	6	ENSG00000220130	processed_pseudogene	0	0	0	0	1	0	0	0
AL080313	6	ENSG00000234540	lncRNA	0	0	0	0	0	0	0	1
AL080316	6	ENSG00000226207	lncRNA	0	0	0	0	0	1	0	1
AL096803	1	ENSG00000229739	lncRNA	0	0	0	0	0	1	0	1
AL096828	20	ENSG00000286628	lncRNA	0	0	0	1	0	0	0	0
AL096854	6	ENSG00000286540	lncRNA	0	0	0	0	0	1	0	1
AL096861	X	ENSG00000274579	processed_pseudogene	0	0	0	0	0	1	0	1
AL096869	14	ENSG00000259789	lncRNA	0	0	0	0	0	1	0	1
AL109618	20	ENSG00000234241	processed_pseudogene	0	0	0	0	0	1	0	1
AL109620	X	ENSG00000275508	processed_pseudogene	0	0	0	1	0	0	0	0
AL109741	1	ENSG00000228399	processed_pseudogene	0	0	0	0	0	1	0	1
AL109809	20	ENSG00000232528	transcribed_unitary_pseudogene	1	1	0	0	0	0	0	0
AL109838	20	ENSG00000235292	lncRNA	0	0	0	0	0	1	0	1
AL109941	6	ENSG00000216523	processed_pseudogene	0	0	0	0	0	1	0	1
AL109955	20	ENSG00000286052	lncRNA	0	0	1	0	0	0	0	0
AL110114	20	ENSG00000286787	lncRNA	0	0	0	0	0	1	0	1
AL110118	14	ENSG00000258595	processed_pseudogene	0	0	1	0	0	0	0	0
AL110292	14	ENSG00000258081	lncRNA	1	1	0	0	1	1	1	1
AL110503	20	ENSG00000236151	lncRNA	0	0	0	0	1	0	0	0
AL117327	X	ENSG00000281091	lncRNA	0	0	0	0	1	1	0	1
AL117329	22	ENSG00000224271	lncRNA	1	1	1	0	0	0	0	0
AL117378	6	ENSG00000236673	lncRNA	0	0	1	0	1	1	1	1
AL117692	14	ENSG00000243038	processed_pseudogene	0	0	0	0	0	1	0	1
AL118496	X	ENSG00000233874	processed_pseudogene	0	0	0	0	0	1	0	0
AL118508	20	ENSG00000230387	lncRNA	0	0	0	0	0	0	0	1
AL118523	20	ENSG00000229976	lncRNA	0	0	0	0	0	1	0	1
AL118557	14	ENSG00000258440	processed_pseudogene	0	0	0	0	0	1	0	0
AL121579	14	ENSG00000258519	processed_pseudogene	0	0	0	0	0	1	0	0
AL121885	22	ENSG00000231495	lncRNA	0	0	0	0	0	1	0	1
AL121888	20	ENSG00000286063	lncRNA	0	0	0	0	0	1	0	1
AL121944	6	ENSG00000199851	snoRNA	0	0	1	0	0	0	0	0
AL121949	6	ENSG00000218048	unprocessed_pseudogene	0	0	0	0	1	0	0	0
AL121974	6	ENSG00000235122	lncRNA	0	0	0	0	1	1	0	1
AL121992	1	ENSG00000237301	lncRNA	0	0	1	0	0	0	0	0
AL132633	14	ENSG00000285633	lncRNA	0	0	0	0	1	0	0	0
AL132640	14	ENSG00000259502	processed_pseudogene	0	0	0	0	0	1	0	1
AL132708	14	ENSG00000256357	lncRNA	0	0	0	0	1	0	0	0
AL132711	14	ENSG00000258717	lncRNA	0	0	0	0	0	1	0	0
AL132712	14	ENSG00000287346	lncRNA	0	0	0	0	1	0	0	0
AL132775	6	ENSG00000287483	lncRNA	0	0	0	0	0	1	0	1
AL132796	14	ENSG00000259119	lncRNA	0	0	0	0	0	1	0	1
AL132875	6	ENSG00000220918	processed_pseudogene	0	0	1	0	0	0	0	0
AL133244	2	ENSG00000236854	lncRNA	0	0	0	0	0	1	0	0
AL133338	6	ENSG00000270987	processed_pseudogene	0	0	0	0	0	1	0	1
AL133372	14	ENSG00000248975	lncRNA	0	0	0	0	1	0	0	0
AL133393	6	ENSG00000270695	processed_pseudogene	0	0	0	0	0	1	0	0
AL133467	14	ENSG00000259084	lncRNA	0	0	0	0	0	0	1	0
AL133475	6	ENSG00000287816	lncRNA	0	0	0	0	0	0	1	0
AL133481	10	ENSG00000241317	lncRNA	1	1	0	0	0	0	0	0
AL133485	14	ENSG00000285747	lncRNA	0	0	0	0	0	1	0	0
AL133516	1	ENSG00000282564	lncRNA	0	0	0	0	0	1	0	1
AL133538	6	ENSG00000287877	lncRNA	0	0	0	0	0	0	0	1
AL135878	14	ENSG00000258028	lncRNA	0	0	0	0	0	1	0	1
AL135923	9	ENSG00000231902	lncRNA	0	0	0	0	1	0	0	0
AL135926	1	ENSG00000285622	lncRNA	0	0	1	0	1	1	0	1
AL135937	20	ENSG00000234900	lncRNA	0	0	0	0	0	1	0	1
AL135938	20	ENSG00000200494	misc_RNA	0	0	0	0	0	1	0	0
AL136084	9	ENSG00000267026	lncRNA	0	0	0	0	0	1	0	1
AL136099	6	ENSG00000235815	lncRNA	0	0	0	0	0	0	0	1
AL136114	1	ENSG00000227579	lncRNA	0	0	0	0	0	0	0	1
AL136126	11	ENSG00000241255	processed_pseudogene	0	0	0	0	0	1	0	0
AL136139	6	ENSG00000271245	processed_pseudogene	0	0	0	0	0	1	0	1
AL136140	6	ENSG00000237530	lncRNA	0	0	0	0	1	0	1	0
AL136226	6	ENSG00000216368	processed_pseudogene	0	0	0	0	0	1	0	0
AL136234	1	ENSG00000224326	lncRNA	0	0	0	0	1	1	0	1
AL136363	X	ENSG00000271056	processed_pseudogene	0	0	0	0	0	0	1	0
AL136372	1	ENSG00000285894	lncRNA	0	0	0	0	0	1	0	1
AL136441	13	ENSG00000285572	lncRNA	0	0	0	0	0	1	0	1
AL136456	1	ENSG00000227240	lncRNA	0	0	0	0	1	0	0	0
AL136501	14	ENSG00000259077	lncRNA	0	0	0	0	1	0	0	0
AL136972	6	ENSG00000237874	lncRNA	0	0	0	0	0	1	0	1
AL136985	1	ENSG00000283445	lncRNA	0	0	0	0	1	0	0	0
AL136987	1	ENSG00000236069	lncRNA	0	0	0	0	0	1	0	1
AL137005	6	ENSG00000285858	lncRNA	0	0	0	0	1	0	0	0
AL137025	10	ENSG00000228484	lncRNA	0	0	1	0	0	1	0	0
AL137078	20	ENSG00000274261	lncRNA	0	0	0	0	0	1	0	0
AL137100	14	ENSG00000286257	lncRNA	0	0	1	0	1	1	1	1
AL137191	14	ENSG00000259093	lncRNA	0	0	1	0	0	1	0	1
AL137220	6	ENSG00000225775	lncRNA	0	0	0	0	0	0	1	0
AL137786	14	ENSG00000258702	lncRNA	0	0	1	0	0	0	0	0
AL137792	1	ENSG00000214812	processed_pseudogene	0	0	1	0	0	0	0	0
AL137847	9	ENSG00000229109	lncRNA	0	0	0	0	0	0	1	0
AL138694	13	ENSG00000283384	lncRNA	0	0	0	0	0	0	0	1
AL138725	6	ENSG00000218976	unprocessed_pseudogene	0	0	0	0	0	1	0	1
AL138767	10	ENSG00000196566	lncRNA	1	1	0	0	0	0	0	0
AL138826	6	ENSG00000226733	lncRNA	0	0	0	0	0	1	0	0
AL138889	6	ENSG00000233183	lncRNA	0	0	1	0	0	0	0	0
AL138899	1	ENSG00000176320	lncRNA	0	0	0	0	0	0	0	1
AL139042	6	ENSG00000234426	lncRNA	1	1	0	0	1	1	0	0
AL139094	6	ENSG00000220685	processed_pseudogene	0	0	0	0	0	1	0	1
AL139095	6	ENSG00000285771	lncRNA	0	0	0	0	0	0	0	1
AL139100	6	ENSG00000217130	processed_pseudogene	0	0	0	0	1	1	0	1
AL139161	1	ENSG00000237845	lncRNA	0	0	0	0	0	1	0	1
AL139220	1	ENSG00000230615	lncRNA	0	0	0	0	0	1	0	1
AL139231	6	ENSG00000235743	lncRNA	0	0	0	0	0	0	0	1
AL139280	10	ENSG00000227338	lncRNA	0	0	0	0	0	0	1	0
AL139317	14	ENSG00000285664	lncRNA	0	0	0	0	0	1	0	1
AL139351	20	ENSG00000286179	lncRNA	0	0	0	0	0	1	0	1
AL139383	13	ENSG00000230490	lncRNA	0	0	1	0	1	1	1	1
AL139390	6	ENSG00000203498	lncRNA	0	0	0	0	1	1	0	1
AL139393	6	ENSG00000233342	lncRNA	0	0	0	0	0	1	0	0
AL139413	1	ENSG00000229440	processed_pseudogene	0	0	0	0	0	0	0	1
AL139806	6	ENSG00000220291	unprocessed_pseudogene	0	0	0	0	0	0	0	1
AL139811	X	ENSG00000286306	lncRNA	0	0	0	0	1	0	0	0
AL139824	20	ENSG00000235594	processed_pseudogene	0	0	0	0	0	1	0	1
AL157359	21	ENSG00000232193	lncRNA	0	0	1	0	0	0	0	0
AL157400	10	ENSG00000235100	lncRNA	0	0	0	0	0	1	0	1
AL157703	9	ENSG00000288042	lncRNA	0	0	0	0	1	0	0	0
AL157709	10	ENSG00000231601	lncRNA	0	0	1	0	0	0	0	0
AL157778	X	ENSG00000281566	lncRNA	0	0	1	0	0	1	1	1
AL157831	10	ENSG00000286832	lncRNA	0	0	0	0	0	0	0	1
AL157838	20	ENSG00000197670	lncRNA	0	0	0	0	0	0	0	1
AL157886	9	ENSG00000285987	lncRNA	0	0	0	0	0	1	0	1
AL158050	6	ENSG00000232702	processed_pseudogene	0	0	0	0	1	1	0	1
AL158058	14	ENSG00000258107	lncRNA	0	0	1	0	0	0	0	0
AL158064	13	ENSG00000284196	retained_intron	0	0	1	0	0	0	0	0
AL158077	9	ENSG00000276667	unprocessed_pseudogene	0	0	1	0	1	1	1	1
AL158152	9	ENSG00000286203	processed_transcript	0	0	1	0	0	0	0	0
AL158212	10	ENSG00000225292	lncRNA	0	0	0	0	0	1	0	1
AL158801	14	ENSG00000271180	processed_pseudogene	0	0	0	0	0	1	0	1
AL160237	14	ENSG00000258464	retained_intron	1	1	1	0	0	0	0	0
AL160272	9	ENSG00000285082	nonsense_mediated_decay	0	0	0	0	1	1	0	1
AL160314	14	ENSG00000258823	transcribed_unprocessed_pseudogene	1	1	0	0	0	0	0	0
AL160411	20	ENSG00000207282	misc_RNA	0	0	0	0	0	0	0	1
AL161449	9	ENSG00000285637	lncRNA	0	0	0	0	1	0	0	1
AL161616	13	ENSG00000277319	unprocessed_pseudogene	0	0	0	0	1	0	0	0
AL161637	1	ENSG00000283136	snRNA	0	0	0	1	0	0	0	0
AL161638	1	ENSG00000231949	lncRNA	0	0	0	0	0	1	0	1
AL161646	10	ENSG00000237761	lncRNA	0	0	0	0	0	1	0	1
AL161713	14	ENSG00000258549	processed_pseudogene	0	0	0	0	0	1	0	1
AL161756	14	ENSG00000284664	lncRNA	0	0	0	0	0	0	0	1
AL161785	9	ENSG00000224307	lncRNA	0	0	1	0	0	0	0	0
AL161912	9	ENSG00000270691	processed_pseudogene	0	0	0	0	0	0	0	1
AL162231	9	ENSG00000230074	lncRNA	0	0	0	0	0	1	0	0
AL162388	9	ENSG00000230276	processed_pseudogene	0	0	0	0	0	0	1	0
AL162511	14	ENSG00000258844	lncRNA	0	0	0	0	1	0	0	0
AL162573	13	ENSG00000288552	lncRNA	0	0	0	0	0	1	0	1
AL162632	14	ENSG00000258746	processed_pseudogene	0	0	1	0	0	0	0	0
AL162713	13	ENSG00000287029	lncRNA	0	0	0	1	0	0	0	0
AL162725	9	ENSG00000237153	lncRNA	0	0	0	0	0	1	0	1
AL162726	9	ENSG00000228430	processed_transcript	0	0	0	0	1	1	0	0
AL162872	14	ENSG00000258426	lncRNA	0	0	0	0	0	1	0	1
AL163642	14	ENSG00000258506	processed_pseudogene	0	0	0	0	0	1	0	1
AL163932	14	ENSG00000259097	lncRNA	0	0	1	0	0	0	0	0
AL353093	10	ENSG00000237936	processed_pseudogene	0	0	0	0	0	1	0	1
AL353132	20	ENSG00000228935	processed_pseudogene	0	0	0	0	0	0	0	1
AL353133	6	ENSG00000218561	processed_pseudogene	0	0	0	1	0	0	0	0
AL353151	9	ENSG00000220105	processed_pseudogene	0	0	0	0	1	0	0	0
AL353595	9	ENSG00000285784	lncRNA	0	0	0	0	1	1	0	1
AL353604	1	ENSG00000223944	lncRNA	0	0	1	0	0	0	1	0
AL353611	9	ENSG00000236403	lncRNA	0	0	0	0	1	1	0	1
AL353614	9	ENSG00000231052	lncRNA	0	0	0	0	0	1	0	1
AL353637	9	ENSG00000286332	lncRNA	0	0	0	0	0	1	0	1
AL353678	9	ENSG00000214908	processed_pseudogene	0	0	1	0	0	0	0	0
AL353681	1	ENSG00000235612	lncRNA	0	0	0	0	0	1	0	1
AL353705	9	ENSG00000233457	processed_pseudogene	0	0	0	0	0	1	0	1
AL353732	9	ENSG00000288541	lncRNA	0	0	0	0	1	0	0	0
AL353740	10	ENSG00000203434	lncRNA	0	0	0	0	1	0	0	0
AL353742	9	ENSG00000230030	lncRNA	0	0	0	0	0	0	0	1
AL353743	9	ENSG00000165121	processed_transcript	0	0	0	0	0	0	1	1
AL353752	9	ENSG00000228373	processed_pseudogene	0	0	0	0	0	0	0	1
AL353753	9	ENSG00000276759	lncRNA	0	0	0	0	0	0	0	1
AL353807	1	ENSG00000223503	processed_pseudogene	0	0	0	1	0	0	0	0
AL354685	X	ENSG00000233887	processed_pseudogene	0	0	1	0	1	1	1	1
AL354702	1	ENSG00000215895	processed_pseudogene	0	0	0	0	0	1	0	1
AL354714	1	ENSG00000198358	lncRNA	0	0	0	0	0	0	1	0
AL354809	13	ENSG00000273507	lncRNA	0	0	0	0	1	1	0	1
AL354810	13	ENSG00000273550	lncRNA	0	0	0	0	0	1	0	1
AL354861	9	ENSG00000268926	lncRNA	0	0	0	0	0	1	0	0
AL354863	10	ENSG00000238276	lncRNA	0	0	0	0	1	0	0	0
AL354919	1	ENSG00000203620	lncRNA	0	0	1	0	0	1	0	1
AL354989	9	ENSG00000239392	processed_pseudogene	0	0	0	0	0	0	0	1
AL354993	20	ENSG00000259723	lncRNA	0	0	1	1	1	1	1	1
AL355032	14	ENSG00000241494	processed_pseudogene	0	0	1	0	0	0	0	0
AL355076	14	ENSG00000258760	lncRNA	0	0	0	0	0	1	0	1
AL355306	1	ENSG00000237480	lncRNA	0	0	0	0	0	1	0	0
AL355309	X	ENSG00000214748	processed_pseudogene	0	0	1	0	1	1	1	1
AL355375	6	ENSG00000217067	unprocessed_pseudogene	0	0	0	0	1	1	0	1
AL355472	1	ENSG00000235605	processed_pseudogene	0	0	0	0	1	1	0	1
AL355499	6	ENSG00000232234	lncRNA	0	0	0	0	0	1	0	0
AL355592	9	ENSG00000225050	lncRNA	0	0	1	0	0	0	0	0
AL355602	1	ENSG00000284694	lncRNA	0	0	0	0	0	1	0	0
AL355612	6	ENSG00000271945	lncRNA	0	0	1	0	0	0	0	0
AL355798	10	ENSG00000284951	unitary_pseudogene	0	0	0	0	0	1	0	1
AL355834	14	ENSG00000286355	lncRNA	0	0	1	0	1	1	1	1
AL355835	14	ENSG00000259072	lncRNA	0	0	0	0	0	1	0	1
AL355836	14	ENSG00000288252	lncRNA	0	0	0	0	0	1	0	1
AL355838	14	ENSG00000259035	lncRNA	0	0	0	0	1	0	0	0
AL355870	10	ENSG00000286514	lncRNA	0	0	0	0	0	1	0	1
AL355981	1	ENSG00000284846	lncRNA	0	0	1	0	0	0	0	0
AL356010	1	ENSG00000234464	lncRNA	0	0	0	0	0	0	0	1
AL356094	6	ENSG00000280451	TEC	0	0	0	0	1	0	0	0
AL356108	1	ENSG00000236230	lncRNA	0	0	1	0	0	1	0	1
AL356123	6	ENSG00000287297	lncRNA	0	0	0	0	0	0	0	1
AL356277	6	ENSG00000272243	lncRNA	1	1	1	1	1	1	1	1
AL356313	13	ENSG00000287438	lncRNA	0	0	1	0	0	0	0	0
AL356417	6	ENSG00000224478	lncRNA	0	0	0	0	0	1	0	0
AL356433	10	ENSG00000286610	lncRNA	0	0	0	0	0	1	0	0
AL356534	6	ENSG00000286215	processed_transcript	0	0	1	0	1	1	0	1
AL356804	14	ENSG00000259033	lncRNA	0	0	0	0	0	0	0	1
AL356807	14	ENSG00000285826	lncRNA	0	0	0	0	1	0	0	1
AL357095	14	ENSG00000276782	misc_RNA	0	0	1	0	0	0	0	0
AL357153	14	ENSG00000257759	lncRNA	1	1	1	1	1	1	1	1
AL357172	14	ENSG00000259044	lncRNA	0	0	0	0	0	1	0	1
AL357514	6	ENSG00000232299	lncRNA	0	0	0	0	0	1	0	1
AL357520	10	ENSG00000234813	processed_pseudogene	0	0	0	0	0	0	0	1
AL357559	1	ENSG00000274702	processed_pseudogene	0	0	0	1	0	0	0	0
AL357833	10	ENSG00000236892	lncRNA	0	0	0	0	0	1	0	0
AL357874	9	ENSG00000231393	lncRNA	0	0	0	0	1	1	0	1
AL358332	14	ENSG00000258942	lncRNA	0	0	0	0	0	0	1	0
AL358780	10	ENSG00000199222	misc_RNA	0	0	1	0	0	0	0	0
AL358790	10	ENSG00000282772	lncRNA	0	0	0	0	1	1	0	1
AL358875	1	ENSG00000212538	snoRNA	0	0	0	0	1	0	0	0
AL358942	6	ENSG00000225580	processed_pseudogene	0	0	0	0	0	1	0	1
AL358944	11	ENSG00000254532	lncRNA	1	1	0	0	0	0	0	0
AL359081	1	ENSG00000223344	lncRNA	0	0	1	0	0	0	0	1
AL359091	9	ENSG00000228510	processed_pseudogene	0	0	0	0	0	1	0	1
AL359212	14	ENSG00000258639	processed_pseudogene	1	1	0	0	0	0	0	0
AL359237	14	ENSG00000258807	lncRNA	0	0	1	0	0	1	0	1
AL359313	6	ENSG00000236366	lncRNA	0	0	0	0	0	1	0	1
AL359378	6	ENSG00000234763	lncRNA	0	0	0	0	0	1	0	1
AL359508	10	ENSG00000285615	lncRNA	0	0	0	0	1	0	0	0
AL359511	20	ENSG00000220540	processed_pseudogene	0	0	0	0	0	1	0	1
AL359541	1	ENSG00000199595	misc_RNA	0	0	0	0	1	0	0	0
AL359551	1	ENSG00000231877	lncRNA	0	0	0	0	0	0	0	1
AL359632	9	ENSG00000287782	lncRNA	0	0	0	0	0	0	0	1
AL359636	9	ENSG00000234156	lncRNA	0	0	0	0	1	1	0	1
AL359641	X	ENSG00000252296	snoRNA	0	0	0	0	1	0	0	0
AL359643	6	ENSG00000217030	processed_pseudogene	0	0	0	0	0	0	0	1
AL359649	13	ENSG00000204398	lncRNA	0	0	0	0	1	1	0	1
AL359704	1	ENSG00000287627	lncRNA	1	1	0	0	1	1	0	1
AL359710	9	ENSG00000237461	lncRNA	0	0	0	0	0	1	1	1
AL359745	13	ENSG00000280455	lncRNA	0	0	0	0	1	0	0	0
AL359759	10	ENSG00000212325	misc_RNA	0	0	0	0	1	1	0	1
AL359764	1	ENSG00000287516	lncRNA	0	0	0	0	1	1	1	1
AL359813	6	ENSG00000287055	lncRNA	0	0	0	0	1	0	0	0
AL359885	X	ENSG00000231875	processed_pseudogene	0	0	0	0	0	0	0	1
AL359915	1	ENSG00000227712	lncRNA	0	0	0	0	0	1	0	1
AL359979	1	ENSG00000226601	lncRNA	0	0	0	0	0	0	0	1
AL360007	6	ENSG00000237494	lncRNA	0	0	0	0	0	1	0	1
AL365184	1	ENSG00000226919	lncRNA	0	0	0	0	1	0	0	0
AL365214	6	ENSG00000286914	lncRNA	0	0	0	0	0	0	0	1
AL365232	6	ENSG00000243501	nonsense_mediated_decay	0	0	0	0	0	0	0	1
AL365259	6	ENSG00000237742	lncRNA	0	0	0	0	0	0	1	0
AL365264	1	ENSG00000277141	misc_RNA	0	0	0	0	0	0	1	0
AL365295	14	ENSG00000237356	lncRNA	0	1	1	0	1	1	1	1
AL365396	9	ENSG00000234269	processed_pseudogene	0	0	0	1	0	0	0	0
AL365475	14	ENSG00000261208	processed_pseudogene	0	0	0	0	0	1	0	1
AL365496	10	ENSG00000233805	processed_pseudogene	0	0	0	0	0	0	0	1
AL389925	1	ENSG00000228523	processed_pseudogene	0	0	1	0	0	0	0	0
AL390066	1	ENSG00000286276	lncRNA	0	0	0	0	0	1	0	1
AL390123	10	ENSG00000270333	processed_pseudogene	0	0	0	0	0	1	0	1
AL390760	9	ENSG00000203364	lncRNA	0	0	0	0	1	0	0	0
AL390763	10	ENSG00000234640	lncRNA	1	1	1	1	1	1	1	1
AL390778	9	ENSG00000227958	lncRNA	0	0	0	0	0	0	1	0
AL390800	14	ENSG00000286099	lncRNA	0	0	1	1	1	0	0	0
AL390838	9	ENSG00000227463	lncRNA	0	0	0	0	0	1	0	1
AL390877	1	ENSG00000212266	snoRNA	0	0	0	0	0	0	0	1
AL390957	1	ENSG00000285280	lncRNA	0	0	1	0	0	0	1	0
AL391117	9	ENSG00000284418	lncRNA	0	0	0	0	0	1	0	1
AL391219	9	ENSG00000227399	processed_pseudogene	0	0	0	0	0	1	0	1
AL391358	X	ENSG00000270619	processed_pseudogene	0	0	1	0	1	1	1	1
AL391422	6	ENSG00000233068	lncRNA	0	0	0	0	0	1	0	1
AL391425	10	ENSG00000287936	lncRNA	0	0	1	0	0	0	0	0
AL391597	1	ENSG00000283044	lncRNA	0	0	1	0	0	0	0	0
AL391647	X	ENSG00000238426	misc_RNA	0	0	0	0	0	1	0	0
AL391704	10	ENSG00000224750	lncRNA	0	0	0	0	0	0	1	0
AL391811	1	ENSG00000286719	lncRNA	1	1	0	0	0	1	0	1
AL391840	6	ENSG00000231533	lncRNA	0	0	0	0	0	1	1	0
AL392003	1	ENSG00000230739	unprocessed_pseudogene	0	0	0	0	0	1	0	0
AL392023	14	ENSG00000259048	lncRNA	0	0	1	0	1	1	0	1
AL392086	10	ENSG00000287277	lncRNA	0	0	1	1	0	0	0	0
AL392112	X	ENSG00000271400	processed_pseudogene	0	0	0	0	1	1	0	1
AL442636	13	ENSG00000287460	lncRNA	0	0	1	0	1	1	1	1
AL445070	10	ENSG00000230121	lncRNA	0	0	0	0	0	1	0	1
AL445072	X	ENSG00000237208	lncRNA	0	0	1	0	1	1	1	1
AL445205	1	ENSG00000284928	lncRNA	0	0	0	0	0	1	0	1
AL445228	1	ENSG00000231791	lncRNA	0	0	1	0	0	0	0	0
AL445253	1	ENSG00000285873	lncRNA	0	0	1	0	0	0	0	0
AL445264	13	ENSG00000276841	unprocessed_pseudogene	0	0	0	0	0	1	0	1
AL445383	14	ENSG00000258406	processed_pseudogene	0	0	0	1	0	0	0	0
AL445430	6	ENSG00000242753	lncRNA	0	0	0	0	0	1	0	1
AL445433	1	ENSG00000232825	lncRNA	0	0	0	0	1	1	0	0
AL445588	13	ENSG00000288038	lncRNA	0	0	0	0	0	0	0	1
AL445668	13	ENSG00000286469	lncRNA	0	0	0	0	0	1	0	1
AL445686	1	ENSG00000239106	misc_RNA	0	0	0	1	0	0	0	0
AL445687	1	ENSG00000228530	processed_pseudogene	0	0	0	0	0	0	1	0
AL445883	14	ENSG00000275978	misc_RNA	0	0	1	0	0	0	0	0
AL449212	3	ENSG00000244932	unprocessed_pseudogene	0	0	1	0	0	0	0	0
AL449403	9	ENSG00000275465	lncRNA	0	0	0	0	0	1	0	1
AL450063	1	ENSG00000226970	processed_pseudogene	0	0	0	0	1	1	0	1
AL450332	6	ENSG00000226409	lncRNA	0	0	1	0	0	1	0	1
AL450345	6	ENSG00000287550	lncRNA	0	0	0	0	0	0	0	1
AL450423	13	ENSG00000273919	lncRNA	0	0	0	0	0	1	0	1
AL451000	1	ENSG00000229239	unprocessed_pseudogene	0	1	0	0	0	0	0	0
AL451061	6	ENSG00000219622	processed_pseudogene	0	0	0	0	0	1	0	1
AL451069	10	ENSG00000226900	lncRNA	0	0	0	0	1	0	0	0
AL451105	X	ENSG00000226854	lncRNA	0	0	0	0	0	0	1	0
AL451127	9	ENSG00000286840	lncRNA	0	0	0	1	0	0	0	0
AL451137	9	ENSG00000254261	lncRNA	0	0	0	1	0	0	0	0
AL451142	9	ENSG00000229288	processed_pseudogene	0	0	0	0	0	1	0	1
AL499605	1	ENSG00000270342	processed_pseudogene	0	0	1	0	0	0	0	0
AL512353	1	ENSG00000233708	processed_pseudogene	0	0	0	0	1	0	0	0
AL512361	14	ENSG00000258401	processed_pseudogene	0	0	1	0	0	0	0	0
AL512590	9	ENSG00000228957	unprocessed_pseudogene	0	0	0	0	1	0	0	0
AL512594	9	ENSG00000236701	processed_pseudogene	0	0	0	0	0	1	0	1
AL512603	10	ENSG00000287124	lncRNA	0	0	0	0	0	1	0	0
AL512634	9	ENSG00000260995	lncRNA	0	0	1	0	1	1	1	1
AL512635	9	ENSG00000237434	processed_pseudogene	0	0	0	0	0	0	0	1
AL512638	1	ENSG00000274468	unprocessed_pseudogene	0	0	0	0	0	0	0	1
AL512649	9	ENSG00000228143	processed_pseudogene	0	0	0	0	0	1	0	1
AL512844	1	ENSG00000232952	processed_pseudogene	0	0	0	0	0	0	0	1
AL513123	6	ENSG00000236347	lncRNA	0	0	1	1	1	1	1	1
AL513124	9	ENSG00000223368	processed_pseudogene	0	0	0	0	0	1	0	0
AL513166	1	ENSG00000286863	lncRNA	0	0	1	0	1	1	0	1
AL513185	10	ENSG00000238215	processed_pseudogene	0	0	0	0	1	0	0	1
AL513210	6	ENSG00000280665	TEC	0	0	1	0	0	0	0	0
AL513285	1	ENSG00000226208	lncRNA	0	0	0	0	0	1	1	1
AL513321	10	ENSG00000233724	processed_pseudogene	0	0	1	0	1	0	0	0
AL513323	1	ENSG00000228560	lncRNA	0	0	0	0	0	1	0	1
AL513524	6	ENSG00000286663	lncRNA	0	0	0	0	0	0	0	1
AL583808	1	ENSG00000225087	lncRNA	0	0	1	0	0	0	0	0
AL583809	14	ENSG00000286464	lncRNA	0	0	1	0	0	0	0	0
AL583839	9	ENSG00000201074	misc_RNA	0	0	1	0	0	0	0	0
AL583856	6	ENSG00000232389	processed_pseudogene	0	0	0	0	1	1	0	1
AL589647	6	ENSG00000217379	processed_pseudogene	0	0	0	0	0	1	0	1
AL589669	X	ENSG00000284377	lncRNA	0	0	0	0	0	0	1	0
AL589678	9	ENSG00000224935	lncRNA	0	0	1	0	0	0	0	0
AL589740	6	ENSG00000271860	lncRNA	0	0	0	0	0	0	0	1
AL589745	13	ENSG00000230731	lncRNA	0	0	0	0	1	0	0	0
AL589843	9	ENSG00000224848	lncRNA	0	0	1	0	0	0	0	0
AL589935	6	ENSG00000232295	lncRNA	0	0	0	0	0	1	0	1
AL589986	1	ENSG00000226716	lncRNA	1	1	0	0	0	1	0	0
AL589991	6	ENSG00000202200	misc_RNA	0	0	1	0	0	0	0	0
AL590027	13	ENSG00000286820	lncRNA	0	0	0	0	0	1	0	0
AL590068	10	ENSG00000230298	lncRNA	0	0	0	0	0	1	0	1
AL590135	1	ENSG00000227854	processed_pseudogene	0	0	0	0	1	1	0	1
AL590381	9	ENSG00000285483	lncRNA	0	0	0	0	0	1	0	1
AL590550	6	ENSG00000287097	lncRNA	0	0	1	0	0	0	0	0
AL590644	1	ENSG00000282843	lncRNA	0	0	1	0	0	0	0	0
AL590705	9	ENSG00000235494	lncRNA	0	0	0	1	0	0	0	0
AL590807	13	ENSG00000286746	lncRNA	0	0	0	0	1	1	0	1
AL590814	6	ENSG00000285961	lncRNA	0	0	0	0	0	1	0	1
AL590867	6	ENSG00000213121	lncRNA	0	0	0	0	0	1	0	1
AL590965	1	ENSG00000199241	misc_RNA	0	0	0	0	1	1	0	1
AL591030	6	ENSG00000280511	lncRNA	0	0	0	0	1	0	0	0
AL591043	1	ENSG00000236021	lncRNA	0	0	0	0	1	0	0	0
AL591074	20	ENSG00000230908	lncRNA	1	1	0	0	0	0	0	0
AL591135	6	ENSG00000288071	lncRNA	0	0	1	0	1	1	1	1
AL591501	X	ENSG00000233928	lncRNA	0	0	1	0	1	0	0	0
AL591519	6	ENSG00000287683	lncRNA	0	0	0	0	0	1	0	1
AL591742	1	ENSG00000270780	processed_pseudogene	0	0	0	0	0	1	0	1
AL591888	1	ENSG00000285981	lncRNA	0	0	0	0	1	1	0	1
AL592293	9	ENSG00000215237	unprocessed_pseudogene	0	0	0	0	1	0	0	0
AL592309	1	ENSG00000228823	unprocessed_pseudogene	0	0	0	1	0	0	0	0
AL592429	6	ENSG00000226571	lncRNA	0	0	0	0	1	1	0	1
AL592464	1	ENSG00000231630	lncRNA	0	0	0	1	0	0	0	0
AL592466	10	ENSG00000235356	lncRNA	0	0	0	0	1	0	0	0
AL592546	10	ENSG00000212589	snoRNA	0	0	0	0	0	1	0	1
AL596214	1	ENSG00000286548	lncRNA	0	0	1	0	0	0	0	0
AL596268	X	ENSG00000229347	processed_pseudogene	0	0	1	0	0	0	0	0
AL596275	1	ENSG00000234080	processed_pseudogene	0	0	0	0	0	1	0	1
AL596276	1	ENSG00000234108	processed_pseudogene	0	0	0	0	0	1	0	1
AL596448	9	ENSG00000225947	processed_pseudogene	0	0	0	0	0	1	0	1
AL603764	10	ENSG00000286114	unprocessed_pseudogene	0	0	0	0	0	0	0	1
AL603766	6	ENSG00000219487	processed_pseudogene	0	0	0	0	0	1	0	1
AL603825	1	ENSG00000230199	processed_pseudogene	0	0	0	0	1	0	0	0
AL603840	1	ENSG00000234810	lncRNA	0	0	0	0	1	1	0	1
AL603841	1	ENSG00000225122	unprocessed_pseudogene	0	0	0	0	0	1	0	1
AL606468	1	ENSG00000229983	lncRNA	0	0	0	0	0	1	0	1
AL606753	1	ENSG00000226843	processed_pseudogene	0	0	0	0	0	0	1	0
AL606760	1	ENSG00000277397	unprocessed_pseudogene	0	0	0	0	0	1	0	0
AL627223	9	ENSG00000274510	misc_RNA	0	0	0	0	0	1	0	1
AL627316	1	ENSG00000287372	lncRNA	0	0	1	0	0	0	0	0
AL627389	X	ENSG00000234969	processed_pseudogene	0	0	0	1	0	0	0	0
AL645568	1	ENSG00000203739	lncRNA	0	0	0	0	1	1	0	1
AL645929	6	ENSG00000285799	transcribed_unprocessed_pseudogene	1	1	0	0	0	0	0	0
AL645944	1	ENSG00000284676	lncRNA	0	0	0	0	0	0	0	1
AL646090	6	ENSG00000285838	lncRNA	0	0	0	0	0	1	0	1
AL662814	X	ENSG00000274631	processed_pseudogene	0	0	0	0	0	1	0	1
AL662907	1	ENSG00000284721	lncRNA	0	0	0	0	0	1	0	1
AL663109	1	ENSG00000226773	processed_pseudogene	0	0	0	0	0	0	0	1
AL669983	9	ENSG00000169253	processed_pseudogene	0	0	0	0	1	1	0	1
AL671862	1	ENSG00000225011	unprocessed_pseudogene	0	0	1	0	1	0	0	0
AL672138	X	ENSG00000225925	processed_pseudogene	1	1	1	1	1	1	1	1
AL672212	6	ENSG00000213461	processed_pseudogene	0	0	0	0	0	0	0	1
AL683807	X	ENSG00000223511	lncRNA	0	0	1	0	0	0	0	0
AL683887	1	ENSG00000271252	lncRNA	0	0	0	0	0	0	0	1
AL691482	1	ENSG00000232296	processed_pseudogene	0	0	0	0	0	0	0	1
AL691520	1	ENSG00000285473	lncRNA	0	0	1	0	0	0	0	0
AL713851	10	ENSG00000235281	lncRNA	0	0	0	0	0	1	0	1
AL713852	1	ENSG00000285847	lncRNA	0	0	0	0	0	1	0	1
AL713923	X	ENSG00000234712	lncRNA	0	0	0	0	1	1	0	1
AL714022	1	ENSG00000229067	processed_pseudogene	0	0	0	0	0	1	0	1
AL731533	10	ENSG00000287560	lncRNA	1	1	0	0	1	0	0	0
AL732292	1	ENSG00000233018	processed_pseudogene	0	0	0	0	0	0	0	1
AL732437	10	ENSG00000287566	lncRNA	0	0	1	0	1	1	1	1
AL772161	9	ENSG00000201843	misc_RNA	0	0	0	0	0	0	1	0
AL772284	X	ENSG00000231270	processed_pseudogene	0	0	0	0	0	1	0	0
AL772337	9	ENSG00000276478	unprocessed_pseudogene	1	1	0	0	1	0	0	0
AL807742	X	ENSG00000283380	lncRNA	0	0	0	0	0	1	0	0
AL807761	9	ENSG00000230782	lncRNA	0	0	1	0	1	1	0	1
AL844175	X	ENSG00000230668	lncRNA	0	0	0	1	1	0	0	0
AL929091	1	ENSG00000287338	lncRNA	0	0	0	0	0	1	0	1
AL929302	X	ENSG00000199410	misc_RNA	0	0	1	0	0	0	0	0
ALDH1L1-AS2	3	ENSG00000246022	lncRNA	0	0	0	0	1	0	0	0
ALDH5A1	6	ENSG00000112294	protein_coding	0	0	0	0	1	0	0	0
ALDH7A1	5	ENSG00000164904	protein_coding	0	0	0	0	0	0	0	1
ALG10B	12	ENSG00000175548	protein_coding	0	0	0	0	0	1	0	1
ALG8	11	ENSG00000159063	protein_coding	0	0	0	0	1	1	0	1
ALLC	2	ENSG00000151360	protein_coding	0	0	0	0	0	1	0	1
ALMS1	2	ENSG00000116127	nonsense_mediated_decay	0	0	1	0	0	0	0	0
ALOX12P2	17	ENSG00000262943	processed_transcript	0	0	0	0	0	0	1	0
ALOX15B	17	ENSG00000179593	protein_coding	0	0	1	0	0	0	0	0
ALPK1	4	ENSG00000073331	protein_coding	0	0	0	0	0	1	0	0
AMD1P1	10	ENSG00000228339	processed_pseudogene	0	0	0	0	0	1	0	1
AMD1P3	5	ENSG00000249286	processed_pseudogene	0	0	0	0	0	1	0	1
ANAPC11	17	ENSG00000141552	protein_coding	0	0	0	0	0	1	0	1
ANK2	4	ENSG00000145362	protein_coding	0	0	0	0	1	0	0	0
ANKAR	2	ENSG00000151687	protein_coding	0	0	0	0	0	1	0	0
ANKRD20A11P	21	ENSG00000215559	processed_transcript	1	1	0	0	0	0	0	0
ANKRD20A5P	18	ENSG00000186481	transcribed_unprocessed_pseudogene	1	0	0	0	0	0	0	0
ANKRD26P1	16	ENSG00000261239	processed_transcript	0	0	0	0	0	1	0	0
ANKRD30A	10	ENSG00000148513	protein_coding	0	0	1	0	0	0	0	0
ANKRD36C	2	ENSG00000174501	protein_coding	0	1	1	1	0	0	0	0
ANKRD66	6	ENSG00000230062	protein_coding	0	0	0	0	0	1	0	0
ANKRD7	7	ENSG00000106013	processed_transcript	0	0	1	0	0	1	0	1
ANP32AP1	15	ENSG00000259516	transcribed_processed_pseudogene	0	0	0	0	1	1	0	1
ANP32D	12	ENSG00000139223	protein_coding	0	0	0	0	0	0	1	0
ANTXR2	4	ENSG00000163297	processed_transcript	0	0	0	0	0	1	0	1
ANTXRLP1	10	ENSG00000263482	unprocessed_pseudogene	0	0	1	0	0	0	0	0
AOX3P	2	ENSG00000244301	transcribed_unprocessed_pseudogene	0	0	0	0	1	0	0	0
AOX3P-AOX2P	2	ENSG00000284084	lncRNA	0	0	1	0	0	0	0	0
AP000146	21	ENSG00000230379	lncRNA	0	0	0	0	0	1	0	1
AP000229	21	ENSG00000273492	lncRNA	0	0	0	0	0	1	0	0
AP000235	21	ENSG00000244278	lncRNA	0	0	0	0	1	0	0	0
AP000289	21	ENSG00000226527	lncRNA	0	0	0	0	0	1	0	1
AP000311	21	ENSG00000249209	protein_coding	0	0	1	0	1	1	1	1
AP000357	22	ENSG00000282012	lncRNA	1	1	0	0	0	0	0	0
AP000424	8	ENSG00000253666	lncRNA	1	1	0	0	1	0	0	0
AP000431	21	ENSG00000235965	lncRNA	0	0	0	0	0	1	0	1
AP000459	21	ENSG00000228592	lncRNA	0	0	0	0	1	0	0	0
AP000477	21	ENSG00000226996	lncRNA	0	0	1	0	1	1	1	1
AP000640	11	ENSG00000255355	lncRNA	0	0	0	0	1	0	0	0
AP000676	11	ENSG00000285835	lncRNA	0	0	0	0	0	0	1	0
AP000688	21	ENSG00000236119	lncRNA	0	0	1	0	0	0	0	0
AP000705	21	ENSG00000234340	processed_pseudogene	0	0	0	0	1	0	0	0
AP000755	11	ENSG00000255015	lncRNA	0	0	0	0	0	1	0	1
AP000777	11	ENSG00000255845	lncRNA	0	0	1	0	0	0	0	0
AP000790	11	ENSG00000255331	processed_pseudogene	0	0	0	0	0	0	0	1
AP000894	18	ENSG00000264179	processed_pseudogene	0	0	0	0	0	0	0	1
AP000959	21	ENSG00000234034	lncRNA	0	0	1	0	0	0	0	0
AP001011	18	ENSG00000266049	lncRNA	0	0	0	0	0	0	0	1
AP001029	18	ENSG00000267108	lncRNA	0	0	0	0	0	1	0	1
AP001033	18	ENSG00000264964	lncRNA	0	0	0	0	0	1	0	1
AP001042	21	ENSG00000287082	lncRNA	0	0	0	0	1	0	0	0
AP001085	11	ENSG00000255440	lncRNA	0	0	0	0	0	1	0	1
AP001116	21	ENSG00000230972	lncRNA	0	1	0	0	0	0	0	0
AP001172	21	ENSG00000270071	lncRNA	0	0	0	0	0	1	0	1
AP001208	8	ENSG00000254084	lncRNA	0	0	1	0	0	0	0	0
AP001266	11	ENSG00000255557	lncRNA	0	0	1	0	0	0	0	0
AP001324	11	ENSG00000241097	processed_pseudogene	0	0	0	0	1	0	0	0
AP001330	8	ENSG00000253942	processed_pseudogene	1	1	0	0	0	0	0	0
AP001342	21	ENSG00000237444	processed_pseudogene	0	0	0	0	0	0	0	1
AP001347	21	ENSG00000224905	lncRNA	0	1	0	0	0	0	0	0
AP001357	18	ENSG00000267656	processed_pseudogene	0	0	0	0	1	0	0	0
AP001485	11	ENSG00000270449	processed_pseudogene	0	0	0	0	0	1	0	0
AP001486	11	ENSG00000276521	unprocessed_pseudogene	0	0	0	0	1	0	0	0
AP001582	11	ENSG00000254992	processed_pseudogene	0	0	0	0	0	0	0	1
AP001596	21	ENSG00000232692	lncRNA	0	0	0	1	0	1	0	1
AP001631	21	ENSG00000228120	lncRNA	0	0	0	0	0	0	1	0
AP001636	11	ENSG00000254786	unprocessed_pseudogene	0	0	0	1	0	0	0	0
AP001767	11	ENSG00000255503	lncRNA	0	0	0	0	0	0	1	0
AP001790	11	ENSG00000250390	lncRNA	1	1	1	1	1	1	1	1
AP001804	11	ENSG00000285561	lncRNA	0	0	0	0	0	1	0	1
AP001831	11	ENSG00000254733	lncRNA	0	0	0	0	1	1	0	1
AP001977	11	ENSG00000286044	lncRNA	0	0	1	0	0	0	0	0
AP001993	11	ENSG00000255087	lncRNA	0	0	1	0	0	0	0	0
AP001994	11	ENSG00000287545	lncRNA	0	0	0	0	1	0	0	0
AP001999	11	ENSG00000254989	lncRNA	0	0	1	0	0	0	0	0
AP002001	11	ENSG00000254811	processed_transcript	0	0	0	0	0	1	0	1
AP002353	11	ENSG00000254702	processed_pseudogene	0	0	0	0	0	0	0	1
AP002518	11	ENSG00000256195	lncRNA	0	0	0	0	0	1	0	1
AP002784	11	ENSG00000256745	processed_pseudogene	0	0	0	0	1	1	0	1
AP002802	11	ENSG00000254511	lncRNA	0	0	1	0	0	0	0	0
AP002813	11	ENSG00000286369	lncRNA	0	0	0	0	1	0	0	0
AP002852	8	ENSG00000253633	lncRNA	0	0	0	0	0	1	0	1
AP003038	11	ENSG00000254939	processed_pseudogene	0	0	0	0	0	1	0	1
AP003040	11	ENSG00000213184	processed_pseudogene	0	0	0	0	0	0	0	1
AP003041	11	ENSG00000255535	processed_pseudogene	0	0	0	0	1	0	0	0
AP003059	11	ENSG00000255250	lncRNA	0	0	0	0	0	0	0	1
AP003066	11	ENSG00000254587	lncRNA	0	0	0	0	0	1	0	1
AP003072	11	ENSG00000279269	TEC	0	0	0	0	0	1	0	1
AP003080	11	ENSG00000254506	transcribed_processed_pseudogene	1	0	0	0	0	0	0	0
AP003100	11	ENSG00000287006	lncRNA	0	0	0	0	0	0	1	1
AP003171	11	ENSG00000255127	transcribed_unprocessed_pseudogene	0	0	0	0	0	1	0	1
AP003173	11	ENSG00000287802	lncRNA	0	0	0	0	0	1	0	0
AP003351	8	ENSG00000253585	lncRNA	0	0	0	0	0	1	0	1
AP003354	8	ENSG00000201216	misc_RNA	0	0	1	0	0	1	0	1
AP003398	11	ENSG00000285568	lncRNA	0	0	0	0	0	0	0	1
AP003464	11	ENSG00000287912	lncRNA	0	0	0	0	0	1	0	1
AP003469	8	ENSG00000253355	retained_intron	0	0	0	0	0	1	0	1
AP003499	11	ENSG00000255515	processed_pseudogene	0	0	0	0	0	1	0	1
AP003557	11	ENSG00000285895	lncRNA	0	0	0	0	0	1	0	1
AP003715	11	ENSG00000254599	lncRNA	0	1	0	0	0	0	0	0
AP003969	11	ENSG00000255233	lncRNA	0	0	1	0	0	0	0	0
AP003973	11	ENSG00000287028	lncRNA	0	0	0	0	0	1	0	1
AP004195	8	ENSG00000202001	misc_RNA	0	0	0	0	0	1	0	1
AP004245	11	ENSG00000238041	processed_pseudogene	0	0	1	0	0	0	0	0
AP004606	11	ENSG00000287068	lncRNA	0	0	0	0	0	0	1	0
AP004833	11	ENSG00000250946	unprocessed_pseudogene	0	0	1	0	0	0	0	0
AP005119	18	ENSG00000265417	processed_pseudogene	0	0	0	0	0	1	0	1
AP005139	18	ENSG00000263682	unprocessed_pseudogene	0	0	0	0	1	1	0	1
AP005203	18	ENSG00000266268	lncRNA	0	0	1	0	1	1	1	1
AP005209	18	ENSG00000264876	lncRNA	0	0	0	0	1	1	0	1
AP005230	18	ENSG00000263745	lncRNA	0	0	0	0	1	0	0	1
AP005262	18	ENSG00000266602	lncRNA	0	0	1	0	1	0	0	1
AP005270	18	ENSG00000212626	snoRNA	0	0	0	0	0	0	0	1
AP005271	18	ENSG00000265554	lncRNA	0	0	0	0	0	1	0	1
AP005482	18	ENSG00000266961	lncRNA	0	0	1	0	0	1	0	1
AP005597	11	ENSG00000255283	unprocessed_pseudogene	1	1	0	0	0	0	0	0
AP006219	18	ENSG00000287563	lncRNA	0	0	0	0	1	0	0	0
AP006245	8	ENSG00000254320	processed_pseudogene	0	0	0	0	0	1	0	1
AP006296	11	ENSG00000257043	processed_pseudogene	0	0	0	0	1	0	0	0
AP006748	21	ENSG00000223400	lncRNA	0	0	0	0	0	0	0	1
AP1B1	22	ENSG00000100280	protein_coding	0	0	0	0	0	1	0	0
APLP2	11	ENSG00000084234	protein_coding	0	0	0	0	0	1	0	1
APOBR	16	ENSG00000184730	protein_coding	0	0	0	0	1	0	0	0
APOC1P1	19	ENSG00000214855	processed_transcript	0	0	1	0	0	0	0	0
APOL1	22	ENSG00000100342	protein_coding	0	0	1	0	0	0	0	0
APOL3	22	ENSG00000128284	protein_coding	0	0	1	0	0	0	0	0
APOL4	22	ENSG00000100336	protein_coding	1	1	0	0	0	0	0	0
APOOP5	16	ENSG00000260240	processed_transcript	0	0	0	0	0	1	0	1
AR	X	ENSG00000169083	protein_coding	0	0	1	0	1	1	0	1
ARAP2	4	ENSG00000047365	processed_transcript	0	0	1	0	1	0	0	0
ARGFX	3	ENSG00000186103	protein_coding	0	0	0	0	0	1	0	1
ARGFXP1	5	ENSG00000240058	processed_pseudogene	0	0	0	0	0	1	0	1
ARHGAP16P	14	ENSG00000258894	processed_pseudogene	0	0	1	0	0	0	0	0
ARHGAP21	10	ENSG00000107863	protein_coding	0	0	0	0	0	0	1	0
ARHGAP25	2	ENSG00000163219	nonsense_mediated_decay	0	0	1	0	0	1	0	0
ARHGAP29	1	ENSG00000137962	retained_intron	0	0	0	0	0	1	0	1
ARHGAP29-AS1	1	ENSG00000226835	lncRNA	0	0	1	0	0	1	0	1
ARHGAP4	X	ENSG00000089820	protein_coding	0	0	0	0	0	0	1	0
ARHGAP42P2	2	ENSG00000231147	unprocessed_pseudogene	0	0	1	0	0	0	0	0
ARHGAP9	12	ENSG00000123329	protein_coding	0	0	0	1	0	0	0	0
ARHGEF18	19	ENSG00000104880	protein_coding	0	0	0	0	0	0	0	1
ARHGEF26-AS1	3	ENSG00000243069	lncRNA	0	0	0	0	0	1	0	1
ARHGEF9	X	ENSG00000131089	protein_coding	0	0	0	0	1	0	1	0
ARL13B	3	ENSG00000169379	protein_coding	0	0	0	0	0	1	0	0
ARL2BPP1	18	ENSG00000265934	processed_pseudogene	0	0	0	0	0	1	0	1
ARL2BPP3	13	ENSG00000215486	transcribed_processed_pseudogene	0	0	1	0	1	1	1	1
ARL2BPP6	5	ENSG00000248355	processed_pseudogene	0	0	0	0	0	1	0	1
ARL6IP1P2	10	ENSG00000225355	processed_pseudogene	1	0	0	0	0	0	0	0
ARMCX4	X	ENSG00000196440	nonsense_mediated_decay	0	0	0	0	1	1	0	1
ARNT	1	ENSG00000143437	protein_coding	0	0	0	0	1	0	0	0
ARNTL2-AS1	12	ENSG00000245311	lncRNA	0	0	1	0	0	0	0	0
ARSB	5	ENSG00000113273	protein_coding	0	0	0	1	0	0	0	0
ARSF	X	ENSG00000062096	protein_coding	0	0	1	0	0	0	0	0
ART5	11	ENSG00000167311	protein_coding	0	0	1	0	0	0	0	0
ASB14	3	ENSG00000239388	protein_coding	0	0	0	0	0	1	0	0
ASB15	7	ENSG00000146809	protein_coding	1	1	0	0	0	0	0	0
ASNSP1	8	ENSG00000248498	transcribed_unprocessed_pseudogene	1	1	0	0	0	0	0	0
ASPG	14	ENSG00000166183	protein_coding	0	0	0	0	0	1	0	0
ASS1P11	7	ENSG00000225308	processed_pseudogene	0	0	0	0	0	1	0	1
ASS1P12	9	ENSG00000237437	processed_pseudogene	0	0	0	0	0	0	0	1
ASS1P4	X	ENSG00000213487	processed_pseudogene	0	0	0	1	0	0	0	0
ASTN2	9	ENSG00000148219	protein_coding	0	0	0	0	1	1	0	1
ATAD2	8	ENSG00000156802	protein_coding	0	0	0	0	0	0	0	1
ATAD3C	1	ENSG00000215915	protein_coding	1	1	0	0	0	0	1	0
ATE1-AS1	10	ENSG00000226864	transcribed_unitary_pseudogene	0	0	0	0	0	0	1	0
ATF5	19	ENSG00000169136	protein_coding	0	0	0	0	0	1	0	0
ATG10	5	ENSG00000152348	protein_coding	0	0	1	0	1	1	0	1
ATP11A	13	ENSG00000068650	protein_coding	0	0	0	1	0	1	0	0
ATP11AUN	13	ENSG00000197595	lncRNA	0	0	0	0	1	0	0	0
ATP1A2	1	ENSG00000018625	protein_coding	0	0	0	0	0	0	0	1
ATP1A4	1	ENSG00000132681	protein_coding	0	0	0	0	0	0	0	1
ATP5IF1	1	ENSG00000130770	protein_coding	0	0	0	0	0	1	0	1
ATP5MC1P7	10	ENSG00000232734	processed_pseudogene	0	0	0	0	0	1	0	1
ATP5MC2	12	ENSG00000135390	protein_coding	0	0	0	0	0	1	0	1
ATP5MC2P4	X	ENSG00000228847	processed_pseudogene	0	0	0	0	0	1	0	1
ATP5MDP1	X	ENSG00000231549	processed_pseudogene	0	0	0	0	0	0	0	1
ATP5MGP2	6	ENSG00000232362	processed_pseudogene	0	0	0	0	1	1	0	1
ATP6V0A1	17	ENSG00000033627	protein_coding	0	0	0	0	0	1	0	1
ATP6V0A4	7	ENSG00000105929	protein_coding	0	0	0	0	0	0	1	0
ATP6V1E1P1	1	ENSG00000225099	processed_pseudogene	0	0	0	0	0	1	0	1
ATP8A2P3	13	ENSG00000233963	unprocessed_pseudogene	0	0	1	0	0	0	0	0
ATXN1	6	ENSG00000124788	protein_coding	0	0	0	0	0	1	0	1
ATXN3	14	ENSG00000066427	retained_intron	0	0	0	0	0	1	0	1
ATXN8OS	13	ENSG00000230223	lncRNA	0	0	0	0	1	0	0	0
AURKA	20	ENSG00000087586	protein_coding	0	0	0	0	0	1	0	1
AVPR1B	1	ENSG00000198049	protein_coding	0	0	0	0	0	1	0	0
AXIN1	16	ENSG00000103126	protein_coding	0	1	0	0	0	0	0	0
AZIN1-AS1	8	ENSG00000253320	lncRNA	0	0	0	0	0	0	0	1
B3GALNT1	3	ENSG00000169255	protein_coding	0	0	0	0	1	0	0	0
B3GALNT2	1	ENSG00000162885	protein_coding	0	0	0	0	0	1	0	1
B3GALT5	21	ENSG00000183778	protein_coding	0	0	0	0	0	1	0	1
B3GAT1	11	ENSG00000109956	protein_coding	0	0	1	0	0	0	0	0
B3GAT3	11	ENSG00000149541	protein_coding	0	0	0	0	0	1	0	1
B3GNT2	2	ENSG00000170340	protein_coding	0	0	0	0	0	1	0	0
B3GNTL1P2	6	ENSG00000271328	processed_pseudogene	0	0	1	0	0	0	0	0
B4GALNT2P1	17	ENSG00000248883	unprocessed_pseudogene	0	0	0	0	0	0	0	1
B4GALT5	20	ENSG00000158470	protein_coding	0	0	0	0	0	1	0	0
BAALC-AS1	8	ENSG00000247081	lncRNA	0	0	0	0	0	1	0	0
BACH1	21	ENSG00000156273	protein_coding	0	0	0	0	0	1	0	0
BANF1P5	7	ENSG00000225935	processed_pseudogene	0	0	0	0	0	1	0	0
BANK1	4	ENSG00000153064	protein_coding	0	0	0	0	0	1	0	0
BARD1	2	ENSG00000138376	protein_coding	0	0	0	0	0	1	0	1
BBOX1-AS1	11	ENSG00000254560	lncRNA	0	0	1	0	1	1	1	1
BBS9	7	ENSG00000122507	protein_coding	0	0	0	0	0	0	1	0
BBX	3	ENSG00000114439	protein_coding	0	0	0	0	0	0	0	1
BCAP29	7	ENSG00000075790	protein_coding	0	0	0	0	0	0	0	1
BCAR4	16	ENSG00000262117	lncRNA	1	1	0	0	0	0	0	0
BCAS2P1	11	ENSG00000255051	processed_pseudogene	1	1	1	1	1	1	1	1
BCDIN3D	12	ENSG00000186666	protein_coding	0	0	0	0	0	1	0	1
BCL2L13	22	ENSG00000099968	protein_coding	0	0	0	0	0	1	0	1
BCLAF1P1	5	ENSG00000248966	processed_pseudogene	0	0	0	0	0	1	0	1
BCRP2	22	ENSG00000169668	processed_transcript	0	1	0	0	0	0	0	0
BDP1	5	ENSG00000145734	protein_coding	0	0	0	0	0	1	0	1
BEST1	11	ENSG00000167995	protein_coding	0	0	1	0	1	1	1	1
BHLHE23	20	ENSG00000125533	protein_coding	0	0	0	0	0	1	0	1
BHMG1	19	ENSG00000237452	protein_coding	0	0	0	0	0	1	0	1
BIN2P2	5	ENSG00000248684	processed_pseudogene	0	0	0	0	0	1	0	1
BIRC5	17	ENSG00000089685	protein_coding	0	0	0	0	1	1	0	1
BLACE	7	ENSG00000204960	lncRNA	0	0	0	0	1	0	0	0
BLVRA	7	ENSG00000106605	protein_coding	0	0	0	0	0	1	0	1
BMPR1AP2	11	ENSG00000232460	processed_pseudogene	1	1	1	1	1	1	1	1
BMS1P19	2	ENSG00000231099	processed_pseudogene	1	1	0	0	0	0	0	0
BNIP1	5	ENSG00000113734	protein_coding	0	0	0	0	0	1	0	1
BOLL	2	ENSG00000152430	protein_coding	0	0	0	0	0	1	0	1
BPIFB5P	20	ENSG00000233146	unitary_pseudogene	0	0	0	1	0	0	0	0
BPTF	17	ENSG00000171634	protein_coding	0	0	0	0	1	0	0	0
BRAFP1	X	ENSG00000224775	unprocessed_pseudogene	0	0	0	0	0	0	1	0
BRCC3	X	ENSG00000185515	protein_coding	0	0	0	0	1	0	0	0
BRDT	1	ENSG00000137948	protein_coding	0	0	0	0	1	0	0	0
BSG	19	ENSG00000172270	protein_coding	0	0	1	0	0	0	0	0
BTBD9	6	ENSG00000183826	protein_coding	0	0	1	0	0	0	0	0
BTF3L4P3	6	ENSG00000213108	processed_pseudogene	0	0	0	0	0	1	0	1
BTG1P1	12	ENSG00000256720	processed_pseudogene	0	0	0	0	0	0	0	1
BTN1A1	6	ENSG00000124557	protein_coding	0	0	0	0	0	0	0	1
BTN2A1	6	ENSG00000112763	protein_coding	0	0	0	0	1	0	0	0
BTNL2	6	ENSG00000204290	protein_coding	1	1	0	0	0	0	0	0
BUD13	11	ENSG00000137656	protein_coding	0	0	0	0	0	1	0	1
BX005214	9	ENSG00000224038	lncRNA	0	0	1	0	0	0	0	0
BX072579	13	ENSG00000237699	lncRNA	0	0	1	0	0	0	0	0
BX119321	1	ENSG00000233235	unprocessed_pseudogene	1	1	0	0	0	0	0	0
BX119917	X	ENSG00000225471	transcribed_processed_pseudogene	0	0	0	0	0	1	0	1
BX322639	10	ENSG00000215146	processed_transcript	1	1	0	0	0	0	0	0
BX322650	X	ENSG00000183171	processed_pseudogene	0	0	0	0	0	1	0	1
BX323845	X	ENSG00000229037	processed_pseudogene	0	0	0	0	0	1	0	1
BX324167	22	ENSG00000235091	lncRNA	0	0	0	0	1	0	0	0
BX510359	X	ENSG00000224556	unprocessed_pseudogene	0	0	1	0	0	0	1	0
BX546450	X	ENSG00000214915	lncRNA	0	0	0	0	0	1	0	1
BX640514	20	ENSG00000273812	lncRNA	0	0	1	0	0	0	0	0
BX890604	X	ENSG00000285756	lncRNA	0	0	1	0	0	0	0	0
C10ORF113	10	ENSG00000204683	protein_coding	0	0	0	0	0	1	0	1
C10ORF67	10	ENSG00000179133	protein_coding	0	0	1	0	0	0	0	0
C10ORF95	10	ENSG00000120055	protein_coding	0	0	0	0	1	0	0	0
C11ORF21	11	ENSG00000110665	protein_coding	0	0	0	0	0	0	0	1
C11ORF24	11	ENSG00000171067	protein_coding	0	0	0	0	0	0	1	0
C11ORF40	11	ENSG00000171987	lncRNA	0	0	0	0	0	0	1	0
C11ORF65	11	ENSG00000166323	protein_coding	0	0	0	0	0	1	0	0
C11ORF71	11	ENSG00000180425	protein_coding	0	0	0	0	1	0	0	0
C12ORF42	12	ENSG00000179088	nonsense_mediated_decay	0	0	0	0	1	1	0	1
C12ORF54	12	ENSG00000177627	protein_coding	1	1	0	0	0	0	0	0
C12ORF60	12	ENSG00000182993	protein_coding	1	1	0	0	0	1	0	1
C12ORF65	12	ENSG00000130921	protein_coding	0	0	0	0	0	1	0	1
C12ORF76	12	ENSG00000174456	protein_coding	0	0	0	0	0	1	0	0
C12ORF77	12	ENSG00000226397	lncRNA	0	0	1	0	0	0	0	0
C13ORF42	13	ENSG00000226792	processed_transcript	0	0	1	0	1	1	1	1
C15ORF39	15	ENSG00000167173	protein_coding	0	0	0	0	0	1	0	0
C15ORF41	15	ENSG00000186073	protein_coding	0	0	0	0	0	1	0	1
C16ORF87	16	ENSG00000155330	protein_coding	0	0	0	0	0	1	0	0
C16ORF89	16	ENSG00000153446	protein_coding	0	0	0	0	0	1	0	0
C16ORF95	16	ENSG00000260456	protein_coding	0	0	0	0	0	1	0	1
C16ORF96	16	ENSG00000205832	protein_coding	0	0	0	1	0	0	0	0
C16ORF97	16	ENSG00000261190	lncRNA	0	0	0	0	1	0	0	0
C17ORF67	17	ENSG00000214226	protein_coding	0	0	0	0	0	1	0	1
C17ORF97	17	ENSG00000187624	protein_coding	0	0	0	0	0	0	1	0
C1ORF105	1	ENSG00000180999	protein_coding	0	0	0	0	0	0	0	1
C1ORF143	1	ENSG00000228208	lncRNA	0	0	0	0	0	1	0	1
C1ORF220	1	ENSG00000213057	lncRNA	0	0	0	0	0	0	0	1
C20ORF203	20	ENSG00000198547	protein_coding	0	0	0	0	0	1	0	1
C21ORF59-TCP10L	21	ENSG00000265590	nonsense_mediated_decay	0	0	0	0	0	1	0	1
C21ORF62-AS1	21	ENSG00000205930	lncRNA	0	0	1	0	0	1	0	0
C21ORF91-OT1	21	ENSG00000240770	lncRNA	0	0	0	0	0	1	0	1
C22ORF34	22	ENSG00000188511	lncRNA	1	1	0	0	1	0	1	0
C2ORF16	2	ENSG00000221843	protein_coding	0	0	1	0	0	1	0	0
C2ORF27AP2	9	ENSG00000239792	unprocessed_pseudogene	0	0	0	0	0	0	0	1
C2ORF50	2	ENSG00000150873	protein_coding	0	0	1	0	0	0	0	0
C2ORF83	2	ENSG00000042304	transcribed_unprocessed_pseudogene	0	0	1	0	0	1	0	1
C3ORF35	3	ENSG00000198590	lncRNA	1	1	1	0	0	0	0	0
C3ORF52	3	ENSG00000114529	protein_coding	0	0	0	0	0	1	0	0
C3ORF67	3	ENSG00000163689	protein_coding	0	0	0	0	0	0	0	1
C3ORF79	3	ENSG00000237787	lncRNA	0	0	0	0	1	1	0	1
C3P1	19	ENSG00000167798	transcribed_unprocessed_pseudogene	1	1	0	0	0	0	0	0
C4BPAP2	1	ENSG00000232621	unprocessed_pseudogene	0	0	0	0	0	1	0	1
C4ORF36	4	ENSG00000163633	protein_coding	0	0	0	0	1	1	0	1
C5ORF64	5	ENSG00000178722	lncRNA	0	0	0	0	0	1	0	1
C5ORF66-AS2	5	ENSG00000249647	lncRNA	0	0	0	0	0	1	0	1
C5ORF67	5	ENSG00000225940	protein_coding	0	0	0	0	0	1	0	0
C6ORF15	6	ENSG00000204542	protein_coding	1	0	0	0	0	0	0	0
C6ORF99	6	ENSG00000203711	lncRNA	0	0	0	1	0	0	0	0
C7ORF77	7	ENSG00000275356	protein_coding	0	0	0	0	1	0	0	0
C8ORF34-AS1	8	ENSG00000248801	lncRNA	0	0	1	0	0	0	0	1
C8ORF87	8	ENSG00000279847	lncRNA	0	0	1	0	0	0	0	0
C9ORF131	9	ENSG00000174038	protein_coding	0	0	0	0	0	1	0	1
C9ORF152	9	ENSG00000188959	processed_transcript	0	0	0	0	0	1	0	1
C9ORF43	9	ENSG00000157653	protein_coding	0	1	0	0	0	1	0	0
C9ORF57	9	ENSG00000204669	protein_coding	0	0	0	0	1	1	0	1
C9ORF62	9	ENSG00000178243	lncRNA	0	0	1	0	0	0	0	0
C9ORF85	9	ENSG00000155621	protein_coding	0	0	0	0	0	1	0	1
CA1	8	ENSG00000133742	protein_coding	0	0	0	0	0	1	0	0
CA5B	X	ENSG00000169239	protein_coding	0	0	0	0	1	1	0	1
CABYRP1	3	ENSG00000242983	processed_pseudogene	0	0	0	0	0	1	0	1
CACYBPP2	2	ENSG00000177855	processed_pseudogene	0	0	0	0	1	1	0	1
CALCR	7	ENSG00000004948	protein_coding	0	0	0	0	0	1	0	0
CALD1	7	ENSG00000122786	protein_coding	0	0	1	0	0	0	0	1
CALM1P1	X	ENSG00000223467	processed_pseudogene	0	0	0	0	1	0	0	0
CALM1P2	7	ENSG00000230564	processed_pseudogene	0	0	0	0	0	1	0	1
CANT1	17	ENSG00000171302	protein_coding	0	0	0	0	0	1	0	0
CAPN5	11	ENSG00000149260	protein_coding	0	0	0	1	0	0	0	0
CAPZA1P	X	ENSG00000230956	processed_pseudogene	0	0	0	1	0	0	0	0
CARD18	11	ENSG00000255501	processed_transcript	0	0	0	0	0	0	0	1
CARD6	5	ENSG00000132357	protein_coding	0	0	0	0	1	0	0	0
CARM1P1	9	ENSG00000227835	processed_transcript	0	0	0	0	1	1	0	1
CARNS1	11	ENSG00000172508	protein_coding	0	0	0	0	0	0	0	1
CARS1P1	15	ENSG00000271232	processed_pseudogene	0	0	0	0	0	1	0	1
CASC1	12	ENSG00000118307	protein_coding	0	0	0	0	0	0	1	0
CASC15	6	ENSG00000272168	lncRNA	0	0	0	0	1	1	0	1
CASC19	8	ENSG00000254166	lncRNA	0	0	0	0	1	1	0	1
CASC8	8	ENSG00000246228	lncRNA	0	0	0	0	0	1	0	1
CASP12	11	ENSG00000204403	protein_coding	0	0	0	0	0	0	0	1
CASP5	11	ENSG00000137757	protein_coding	0	0	0	0	1	1	0	1
CASS4	20	ENSG00000087589	protein_coding	0	0	1	0	0	0	0	0
CATSPER1	11	ENSG00000175294	protein_coding	0	0	0	0	0	0	1	0
CAV2	7	ENSG00000105971	processed_transcript	0	0	0	0	1	1	0	1
CBX1P1	X	ENSG00000230823	processed_pseudogene	0	0	0	0	1	0	0	0
CBX1P3	1	ENSG00000237379	processed_pseudogene	0	0	0	0	0	0	0	1
CBY2	13	ENSG00000174015	protein_coding	0	0	0	0	0	0	0	1
CCDC138	2	ENSG00000163006	protein_coding	0	0	1	0	0	0	0	0
CCDC144NL-AS1	17	ENSG00000233098	lncRNA	0	0	0	1	0	0	0	0
CCDC150	2	ENSG00000144395	protein_coding	0	0	1	0	0	0	0	0
CCDC153	11	ENSG00000248712	protein_coding	0	0	0	0	0	1	0	0
CCDC157	22	ENSG00000187860	protein_coding	0	0	0	0	0	1	0	1
CCDC163	1	ENSG00000280670	protein_coding	0	0	1	1	1	1	1	1
CCDC168	13	ENSG00000175820	protein_coding	0	0	0	0	1	1	0	1
CCDC169	13	ENSG00000242715	protein_coding	0	0	0	0	1	0	0	0
CCDC171	9	ENSG00000164989	protein_coding	0	0	0	1	0	0	0	0
CCDC187	9	ENSG00000260220	protein_coding	0	0	1	0	0	1	0	0
CCDC196	14	ENSG00000196553	processed_transcript	0	0	0	0	1	1	0	1
CCDC197	14	ENSG00000175699	protein_coding	0	0	1	0	0	0	0	0
CCDC198	14	ENSG00000100557	protein_coding	0	0	0	0	0	1	0	1
CCDC26	8	ENSG00000229140	lncRNA	0	0	0	0	1	1	0	1
CCDC30	1	ENSG00000186409	protein_coding	0	0	1	0	0	1	0	0
CCDC40	17	ENSG00000141519	protein_coding	1	1	0	0	0	0	0	1
CCDC57	17	ENSG00000176155	protein_coding	0	0	0	0	1	1	0	1
CCDC7	10	ENSG00000216937	protein_coding	0	0	1	0	0	0	1	0
CCDC77	12	ENSG00000120647	protein_coding	0	0	0	0	1	0	0	0
CCDC91	12	ENSG00000123106	protein_coding	0	0	0	0	0	0	1	0
CCNB3	X	ENSG00000147082	protein_coding	0	0	0	0	1	1	0	1
CCNB3P1	5	ENSG00000249616	processed_pseudogene	0	0	1	0	0	0	0	0
CCND3P1	10	ENSG00000224473	processed_pseudogene	0	0	1	0	0	0	0	0
CCND3P2	18	ENSG00000265836	processed_pseudogene	0	0	1	0	0	0	0	0
CCNQP1	1	ENSG00000233827	processed_pseudogene	0	0	0	0	0	1	0	0
CCNT2-AS1	2	ENSG00000224043	lncRNA	0	0	0	0	0	1	0	1
CCNYL2	10	ENSG00000182632	processed_transcript	0	0	0	1	0	0	0	0
CCR3	3	ENSG00000183625	protein_coding	0	0	0	0	1	0	0	0
CCR5AS	3	ENSG00000223552	lncRNA	0	0	0	0	1	0	0	0
CCT6B	17	ENSG00000132141	protein_coding	0	0	0	0	0	0	0	1
CCT6P2	5	ENSG00000250526	processed_pseudogene	0	0	0	1	0	0	0	0
CCT8L2	22	ENSG00000198445	protein_coding	0	0	0	0	0	0	0	1
CD163L1	12	ENSG00000177675	protein_coding	0	0	0	0	0	0	1	0
CD177	19	ENSG00000204936	protein_coding	0	0	0	0	0	0	0	1
CD2	1	ENSG00000116824	protein_coding	0	0	1	0	1	1	1	1
CD200	3	ENSG00000091972	protein_coding	0	0	0	0	0	1	0	1
CD200R1L	3	ENSG00000206531	protein_coding	0	0	0	0	0	1	0	1
CD209	19	ENSG00000090659	protein_coding	0	0	1	0	0	0	0	0
CD300C	17	ENSG00000167850	protein_coding	0	0	1	0	0	0	0	0
CD300E	17	ENSG00000186407	protein_coding	0	0	0	0	0	1	0	1
CD300H	17	ENSG00000284690	protein_coding	0	0	0	0	0	0	0	1
CD300LB	17	ENSG00000178789	protein_coding	0	0	1	0	1	1	0	1
CD300LD	17	ENSG00000204345	protein_coding	0	0	1	0	0	0	0	0
CD300LF	17	ENSG00000186074	protein_coding	0	0	0	0	0	1	0	0
CD300LG	17	ENSG00000161649	protein_coding	0	0	0	0	0	0	0	1
CD320	19	ENSG00000167775	protein_coding	0	0	1	0	0	0	0	0
CD5	11	ENSG00000110448	protein_coding	0	0	1	0	0	0	0	0
CD53	1	ENSG00000143119	protein_coding	0	0	0	0	0	1	0	0
CD55	1	ENSG00000196352	protein_coding	0	0	0	0	1	0	0	1
CD59	11	ENSG00000085063	protein_coding	0	0	0	0	1	0	0	0
CD84	1	ENSG00000066294	protein_coding	0	0	0	0	0	1	0	1
CD96	3	ENSG00000153283	protein_coding	0	0	0	0	0	1	0	0
CD99P1	X	ENSG00000223773	retained_intron	0	0	0	0	1	0	1	0
CDC20P1	9	ENSG00000231007	processed_pseudogene	0	0	0	0	1	1	0	1
CDC42	1	ENSG00000070831	protein_coding	0	0	1	0	0	0	0	0
CDC42EP1	22	ENSG00000128283	protein_coding	0	0	0	0	0	1	0	1
CDC42SE2	5	ENSG00000158985	processed_transcript	0	0	1	0	0	0	0	0
CDH11	16	ENSG00000140937	protein_coding	0	0	0	0	0	1	0	0
CDH18	5	ENSG00000145526	protein_coding	0	0	0	0	0	1	0	1
CDH3	16	ENSG00000062038	protein_coding	0	0	1	0	0	0	0	0
CDHR2	5	ENSG00000074276	protein_coding	0	0	0	0	1	0	0	0
CDHR3	7	ENSG00000128536	processed_transcript	0	0	1	0	0	0	0	0
CDHR4	3	ENSG00000187492	protein_coding	0	0	0	0	1	0	0	0
CDKN1C	11	ENSG00000129757	protein_coding	0	0	0	0	0	1	0	1
CDKN2B-AS1	9	ENSG00000240498	lncRNA	0	0	0	0	0	1	0	1
CDR2	16	ENSG00000140743	protein_coding	0	0	0	1	0	0	0	0
CEACAM3	19	ENSG00000170956	protein_coding	0	0	1	0	0	0	0	0
CEACAMP5	19	ENSG00000231561	unprocessed_pseudogene	0	0	1	0	0	0	0	0
CEBPZOS	2	ENSG00000218739	protein_coding	0	0	0	0	0	1	0	1
CECR2	22	ENSG00000099954	protein_coding	0	0	0	0	1	0	0	0
CELP	9	ENSG00000170827	processed_transcript	0	0	1	0	0	0	0	0
CENPF	1	ENSG00000117724	protein_coding	0	0	0	0	0	1	0	0
CENPIP1	13	ENSG00000224778	unprocessed_pseudogene	1	1	0	0	0	0	0	0
CEP164P1	10	ENSG00000226937	processed_transcript	0	0	0	1	0	0	0	0
CEP192	18	ENSG00000101639	protein_coding	0	0	0	1	0	0	0	0
CEP295	11	ENSG00000166004	protein_coding	0	0	0	0	0	1	0	0
CEP57	11	ENSG00000166037	protein_coding	0	0	0	0	0	1	0	0
CERS3-AS1	15	ENSG00000259430	lncRNA	1	1	0	0	0	0	0	0
CERS5	12	ENSG00000139624	protein_coding	0	0	0	0	0	1	0	1
CES4A	16	ENSG00000172824	protein_coding	0	0	1	0	1	0	0	0
CES5A	16	ENSG00000159398	protein_coding	0	0	0	0	1	0	0	0
CFAP157	9	ENSG00000160401	protein_coding	0	0	0	0	0	1	0	1
CFAP161	15	ENSG00000156206	protein_coding	0	0	1	0	1	1	0	1
CFAP46	10	ENSG00000171811	protein_coding	0	1	0	0	0	0	0	0
CFHR2	1	ENSG00000080910	protein_coding	0	0	0	1	0	0	0	0
CFL1	11	ENSG00000172757	processed_transcript	0	0	1	0	0	0	0	0
CFL1P8	13	ENSG00000234239	processed_pseudogene	0	0	0	0	0	1	0	1
CGREF1	2	ENSG00000138028	protein_coding	0	0	0	0	1	1	0	1
CGRRF1	14	ENSG00000100532	protein_coding	0	0	1	1	1	1	1	1
CHCHD2P9	9	ENSG00000186940	processed_pseudogene	0	0	0	0	1	1	0	1
CHI3L2	1	ENSG00000064886	protein_coding	0	0	0	0	0	1	0	1
CHODL	21	ENSG00000154645	protein_coding	0	0	0	0	0	1	0	1
CHRM5	15	ENSG00000184984	protein_coding	0	0	0	0	1	0	0	0
CHRNA7	15	ENSG00000175344	protein_coding	0	0	0	0	0	1	0	1
CHRNB4	15	ENSG00000117971	nonsense_mediated_decay	0	0	0	0	0	0	0	1
CIR1P1	5	ENSG00000253146	processed_pseudogene	0	0	0	0	0	1	0	1
CKS1BP6	X	ENSG00000178556	processed_pseudogene	0	0	0	0	1	1	0	1
CLASP2	3	ENSG00000163539	protein_coding	0	0	0	0	1	0	0	0
CLCA4-AS1	1	ENSG00000236915	lncRNA	0	1	0	0	0	0	0	1
CLCN3P1	9	ENSG00000232000	processed_transcript	0	0	0	0	0	1	0	1
CLDN16	3	ENSG00000113946	processed_transcript	0	0	0	0	0	1	0	0
CLDN4	7	ENSG00000189143	protein_coding	0	0	0	0	0	1	0	1
CLEC12A	12	ENSG00000172322	protein_coding	0	0	0	1	1	0	0	0
CLEC3A	16	ENSG00000166509	nonsense_mediated_decay	0	0	0	0	1	0	0	0
CLEC4F	2	ENSG00000152672	protein_coding	0	0	1	0	0	0	0	0
CLEC9A	12	ENSG00000197992	protein_coding	0	0	0	0	0	0	0	1
CLIC1P1	12	ENSG00000231313	processed_pseudogene	0	0	0	0	0	0	0	1
CLIP2	7	ENSG00000106665	protein_coding	0	0	0	0	0	1	0	0
CLN5	13	ENSG00000102805	protein_coding	0	0	0	0	0	1	0	1
CLPB	11	ENSG00000162129	protein_coding	1	1	1	1	1	1	1	1
CLPS	6	ENSG00000137392	protein_coding	0	0	0	0	0	1	0	1
CLUHP3	16	ENSG00000131797	processed_transcript	0	0	0	0	1	0	0	0
CLUL1	18	ENSG00000079101	protein_coding	0	0	0	0	0	1	0	1
CMAHP	6	ENSG00000168405	processed_transcript	0	0	0	0	1	0	0	0
CMPK2	2	ENSG00000134326	protein_coding	0	0	0	0	0	1	0	1
CMTM2	16	ENSG00000140932	protein_coding	0	0	0	0	0	1	0	0
CMTR1	6	ENSG00000137200	protein_coding	0	0	1	0	0	0	0	0
CMYA5	5	ENSG00000164309	protein_coding	0	0	0	0	1	0	0	0
CNBD1	8	ENSG00000176571	protein_coding	0	0	0	0	0	1	0	0
CNGB1	16	ENSG00000070729	protein_coding	0	0	0	0	0	0	0	1
CNGB3	8	ENSG00000170289	protein_coding	0	0	0	0	0	1	0	0
CNOT2-DT	12	ENSG00000257815	lncRNA	0	0	0	0	0	1	0	1
CNRIP1	2	ENSG00000119865	protein_coding	0	0	0	0	0	1	0	0
CNTNAP2	7	ENSG00000174469	protein_coding	0	0	1	0	0	0	0	0
CNTROB	17	ENSG00000170037	protein_coding	0	0	0	0	0	0	1	0
COL17A1	10	ENSG00000065618	protein_coding	0	0	0	0	1	0	0	0
COL25A1-DT	4	ENSG00000246774	lncRNA	0	0	0	0	1	0	0	0
COL6A4P1	3	ENSG00000230524	transcribed_unprocessed_pseudogene	1	1	1	1	1	1	1	1
COL6A4P2	3	ENSG00000228252	transcribed_unitary_pseudogene	0	0	0	1	0	0	0	0
COL6A5	3	ENSG00000172752	protein_coding	0	0	1	0	0	0	0	0
COLEC11	2	ENSG00000118004	protein_coding	0	0	0	0	0	1	0	1
COMMD1	2	ENSG00000173163	protein_coding	0	0	1	0	1	1	0	1
COPS2	15	ENSG00000166200	nonsense_mediated_decay	0	0	0	0	0	1	0	1
CORO2B	15	ENSG00000103647	protein_coding	0	0	0	0	0	0	0	1
COTL1P2	17	ENSG00000235323	processed_pseudogene	0	0	0	0	0	0	1	0
COX14	12	ENSG00000178449	protein_coding	0	0	0	0	0	1	0	1
COX6B2	19	ENSG00000160471	protein_coding	0	0	0	0	1	0	0	0
COX7A2P2	4	ENSG00000236764	processed_pseudogene	0	0	0	0	1	1	0	1
COX7B2	4	ENSG00000170516	protein_coding	0	0	0	0	0	1	0	1
CPEB1	15	ENSG00000214575	protein_coding	0	0	0	0	0	1	0	1
CPEB2-DT	4	ENSG00000247624	lncRNA	0	0	0	0	0	1	0	0
CPQ	8	ENSG00000104324	protein_coding	0	0	0	0	0	1	0	0
CPS1	2	ENSG00000021826	protein_coding	0	0	0	0	0	0	0	1
CPXCR1	X	ENSG00000147183	protein_coding	0	0	1	0	1	1	1	1
CRACD	4	ENSG00000109265	protein_coding	0	0	0	0	0	0	0	1
CRB2	9	ENSG00000148204	protein_coding	0	0	0	0	0	0	0	1
CRHBP	5	ENSG00000145708	processed_transcript	0	0	0	0	1	0	0	0
CRIP1P2	3	ENSG00000238225	processed_pseudogene	0	0	0	0	0	1	0	1
CRISP1	6	ENSG00000124812	protein_coding	0	0	1	0	0	0	0	0
CRLF3	17	ENSG00000176390	protein_coding	0	0	0	1	0	0	0	0
CRNN	1	ENSG00000143536	protein_coding	0	0	0	0	0	1	0	0
CROCC2	2	ENSG00000226321	protein_coding	0	0	0	0	1	0	0	0
CROCCP3	1	ENSG00000080947	processed_transcript	0	0	1	0	0	0	0	0
CRX	19	ENSG00000105392	protein_coding	0	0	0	0	1	0	0	0
CRYBB2P1	22	ENSG00000100058	processed_transcript	0	0	0	0	0	0	0	1
CRYBG3	3	ENSG00000080200	protein_coding	0	0	0	1	0	1	0	1
CRYGEP	2	ENSG00000229150	transcribed_unprocessed_pseudogene	0	0	1	0	0	0	0	0
CRYZL2P	1	ENSG00000242193	processed_transcript	0	0	0	0	0	0	0	1
CRYZL2P-SEC16B	1	ENSG00000254154	lncRNA	0	0	0	0	0	1	0	0
CSF2RBP1	22	ENSG00000232254	unprocessed_pseudogene	1	1	0	0	0	0	0	0
CSGALNACT1	8	ENSG00000147408	protein_coding	0	0	0	0	1	0	0	0
CSNK1A1P1	15	ENSG00000223518	processed_transcript	0	0	0	0	0	0	0	1
CSNK1A1P3	5	ENSG00000250162	processed_pseudogene	0	0	0	0	0	0	0	1
CST4	20	ENSG00000101441	protein_coding	0	0	0	0	0	0	0	1
CT69	6	ENSG00000231971	lncRNA	0	0	0	0	0	1	0	1
CT75	2	ENSG00000237732	processed_transcript	0	0	0	0	1	0	0	0
CTAGE11P	13	ENSG00000214249	processed_pseudogene	0	0	1	0	0	0	0	0
CTAGE14P	2	ENSG00000214211	processed_pseudogene	0	0	0	0	1	1	0	1
CTBP2P2	10	ENSG00000235746	processed_pseudogene	0	0	0	0	0	0	1	0
CTCFL	20	ENSG00000124092	protein_coding	0	0	0	0	0	0	0	1
CTNNA2	2	ENSG00000066032	protein_coding	0	0	0	0	0	0	0	1
CTSV	9	ENSG00000136943	protein_coding	0	0	0	0	1	0	0	0
CUEDC1	17	ENSG00000180891	protein_coding	0	0	1	0	0	0	0	0
CWC22	2	ENSG00000163510	protein_coding	0	0	0	0	0	1	0	0
CXXC1P1	X	ENSG00000187893	transcribed_unprocessed_pseudogene	0	0	0	0	0	1	0	0
CXXC4-AS1	4	ENSG00000245384	lncRNA	0	0	0	0	1	0	0	0
CYCSP33	13	ENSG00000233545	processed_pseudogene	0	0	0	1	0	0	0	0
CYCSP39	16	ENSG00000260690	processed_pseudogene	0	0	0	0	0	0	0	1
CYCSP6	2	ENSG00000214429	processed_pseudogene	0	0	0	0	0	1	0	1
CYLC1	X	ENSG00000183035	protein_coding	0	0	0	0	0	1	0	0
CYMP	1	ENSG00000240194	transcribed_unitary_pseudogene	0	0	0	0	1	0	0	0
CYP1B1-AS1	2	ENSG00000232973	lncRNA	0	0	0	0	0	1	0	1
CYP2B7P	19	ENSG00000256612	processed_transcript	0	0	0	1	0	0	0	0
CYP2C18	10	ENSG00000108242	protein_coding	0	0	1	0	0	0	0	0
CYP2W1	7	ENSG00000073067	protein_coding	0	1	0	0	0	0	0	0
CYP4B1	1	ENSG00000142973	protein_coding	0	0	0	1	0	1	0	0
CYP4F23P	19	ENSG00000269516	transcribed_unprocessed_pseudogene	1	1	0	0	0	0	0	0
CYTIP	2	ENSG00000115165	protein_coding	0	0	0	0	0	1	0	0
CYYR1	21	ENSG00000166265	protein_coding	0	0	0	1	0	0	0	0
DANT2	X	ENSG00000235244	lncRNA	0	1	1	0	0	0	0	0
DAPL1	2	ENSG00000163331	protein_coding	0	0	1	0	0	0	0	0
DAZL	3	ENSG00000092345	protein_coding	0	0	1	0	0	0	0	0
DCDC1	11	ENSG00000170959	protein_coding	0	0	0	0	0	0	0	1
DCTN5	16	ENSG00000166847	protein_coding	0	0	0	0	0	0	0	1
DCUN1D1	3	ENSG00000043093	protein_coding	0	0	0	0	0	1	0	1
DDX10P2	9	ENSG00000230360	processed_pseudogene	0	0	0	0	0	1	0	1
DDX3X	X	ENSG00000215301	protein_coding	0	0	0	0	0	0	0	1
DDX4	5	ENSG00000152670	protein_coding	0	0	0	0	0	1	0	1
DDX51	12	ENSG00000185163	protein_coding	0	0	0	0	0	1	0	1
DDX53	X	ENSG00000184735	protein_coding	0	0	0	0	0	0	0	1
DDX55P1	12	ENSG00000270863	processed_pseudogene	0	0	0	0	0	0	1	0
DDX59-AS1	1	ENSG00000260088	lncRNA	0	0	0	0	0	1	0	1
DDX60	4	ENSG00000137628	protein_coding	0	0	0	0	0	1	0	0
DDX6P2	13	ENSG00000277914	processed_pseudogene	0	0	0	0	0	0	0	1
DEDD	1	ENSG00000158796	protein_coding	0	0	0	0	0	1	0	1
DEFA4	8	ENSG00000164821	protein_coding	0	0	0	0	1	0	0	0
DEFB119	20	ENSG00000180483	protein_coding	0	0	0	0	0	0	0	1
DEFB124	20	ENSG00000180383	protein_coding	0	0	0	1	0	0	0	0
DEFB135	8	ENSG00000205883	protein_coding	0	0	0	0	0	0	1	0
DEFT1P	8	ENSG00000215378	unprocessed_pseudogene	0	0	0	0	0	0	1	0
DENND2C	1	ENSG00000175984	protein_coding	0	0	0	0	0	1	0	1
DENND5B-AS1	12	ENSG00000255867	lncRNA	0	0	0	0	1	0	0	0
DEPDC1-AS1	1	ENSG00000234264	lncRNA	0	0	1	0	0	0	0	0
DEPDC4	12	ENSG00000166153	nonsense_mediated_decay	0	0	0	0	1	0	0	0
DGKK	X	ENSG00000274588	protein_coding	0	0	0	0	0	1	0	1
DGKZP1	13	ENSG00000179611	processed_pseudogene	1	1	1	1	1	1	1	1
DGLUCY	14	ENSG00000133943	protein_coding	1	1	1	1	1	1	1	1
DHTKD1	10	ENSG00000181192	protein_coding	0	0	0	0	1	1	0	1
DHX9	1	ENSG00000135829	protein_coding	0	0	0	0	0	1	0	1
DIAPH1	5	ENSG00000131504	protein_coding	0	0	0	0	0	1	0	0
DIAPH2-AS1	X	ENSG00000236256	lncRNA	0	0	0	0	1	1	0	1
DIRC3	2	ENSG00000231672	lncRNA	0	0	0	0	0	1	0	1
DIS3L2	2	ENSG00000144535	protein_coding	0	0	0	0	0	0	1	0
DISP1	1	ENSG00000154309	processed_transcript	0	0	1	0	1	1	0	1
DISP3	1	ENSG00000204624	protein_coding	0	0	0	0	0	1	0	0
DLAT	11	ENSG00000150768	protein_coding	0	0	1	1	1	1	1	1
DLEU1	13	ENSG00000176124	lncRNA	0	0	1	0	1	1	1	1
DLEU2	13	ENSG00000231607	lncRNA	0	0	0	1	0	0	0	0
DLGAP2	8	ENSG00000198010	protein_coding	0	0	1	0	0	0	0	0
DLGAP4-AS1	20	ENSG00000232907	lncRNA	0	0	1	0	0	0	0	0
DMAC1	9	ENSG00000137038	processed_transcript	0	0	1	0	0	0	0	0
DMAC2	19	ENSG00000105341	protein_coding	0	0	0	0	0	0	0	1
DMAC2L	14	ENSG00000125375	protein_coding	0	0	0	0	0	0	0	1
DMBT1	10	ENSG00000187908	protein_coding	0	0	1	0	0	0	0	0
DMBT1P1	10	ENSG00000176584	transcribed_unitary_pseudogene	0	0	1	0	1	1	0	1
DMKN	19	ENSG00000161249	protein_coding	0	0	0	0	1	0	0	0
DNAH1	3	ENSG00000114841	protein_coding	0	0	0	0	0	0	1	0
DNAH12	3	ENSG00000174844	protein_coding	0	0	0	0	1	1	1	0
DNAH14	1	ENSG00000185842	protein_coding	0	0	0	0	1	0	0	1
DNAH17	17	ENSG00000187775	protein_coding	0	0	0	0	1	0	0	1
DNAH3	16	ENSG00000158486	protein_coding	0	0	0	0	1	0	0	1
DNAH6	2	ENSG00000115423	protein_coding	0	0	0	1	0	0	0	0
DNAJA4	15	ENSG00000140403	protein_coding	0	0	0	0	0	0	0	1
DNAJB5P1	9	ENSG00000230335	processed_pseudogene	0	0	0	0	0	1	0	1
DNAJB7	22	ENSG00000172404	protein_coding	0	0	0	0	0	1	0	0
DNAJC19P9	14	ENSG00000258608	processed_pseudogene	0	0	0	0	0	1	0	1
DNAJC27-AS1	2	ENSG00000224165	lncRNA	1	0	0	0	0	0	0	0
DNAJC5G	2	ENSG00000163793	protein_coding	0	0	0	0	0	1	0	1
DPP3P1	4	ENSG00000250768	processed_pseudogene	0	0	0	0	0	0	0	1
DPP3P2	9	ENSG00000221844	processed_pseudogene	0	0	0	0	0	1	0	1
DPP6	7	ENSG00000130226	protein_coding	0	0	0	0	1	0	0	0
DPPA3P2	14	ENSG00000188831	transcribed_unprocessed_pseudogene	0	0	1	1	1	1	1	1
DPY19L1P1	7	ENSG00000229358	unprocessed_pseudogene	0	0	1	0	0	0	0	0
DPY19L2P3	7	ENSG00000227855	transcribed_unprocessed_pseudogene	0	0	1	1	0	0	0	0
DRAIC	15	ENSG00000245750	lncRNA	0	0	0	0	0	1	1	1
DROSHA	5	ENSG00000113360	protein_coding	0	0	1	0	0	0	0	0
DTD1	20	ENSG00000125821	protein_coding	0	0	0	0	0	1	0	1
DTD2	14	ENSG00000129480	protein_coding	0	0	0	0	0	1	0	1
DUBR	3	ENSG00000243701	lncRNA	0	0	0	0	0	1	0	1
DUSP5P2	3	ENSG00000235338	processed_pseudogene	0	0	1	0	0	0	0	0
DUXAP11	16	ENSG00000270222	processed_pseudogene	0	0	1	0	1	1	1	1
DUXAP9	14	ENSG00000225210	processed_transcript	0	1	0	0	0	0	0	0
DYNLL1P1	14	ENSG00000205579	processed_pseudogene	0	0	0	0	1	1	0	1
DYNLL1P7	7	ENSG00000230614	processed_pseudogene	0	0	0	0	0	1	0	1
EBLN3P	9	ENSG00000281649	lncRNA	0	0	0	0	0	1	0	0
EBNA1BP2	1	ENSG00000117395	processed_transcript	0	0	0	0	0	1	0	1
ECM1P1	9	ENSG00000270639	processed_pseudogene	0	0	1	0	0	0	0	0
ECM1P2	4	ENSG00000249995	processed_pseudogene	1	1	1	1	1	1	1	1
ECT2	3	ENSG00000114346	protein_coding	0	0	0	0	0	1	0	1
ECT2L	6	ENSG00000203734	protein_coding	0	0	0	0	0	1	0	1
EDA	X	ENSG00000158813	protein_coding	0	0	0	0	1	0	0	0
EDNRB	13	ENSG00000136160	protein_coding	0	0	0	0	0	1	0	1
EEF1A1P11	1	ENSG00000228502	processed_pseudogene	0	0	1	0	1	1	0	1
EEF1A1P12	2	ENSG00000214199	processed_pseudogene	0	0	1	0	0	0	0	0
EEF1A1P13	5	ENSG00000250182	processed_pseudogene	0	0	1	0	1	1	1	1
EEF1A1P30	X	ENSG00000237757	processed_pseudogene	0	0	0	0	0	1	0	1
EEF1A1P33	12	ENSG00000258846	processed_pseudogene	0	0	0	0	0	0	0	1
EEF1A1P38	16	ENSG00000261557	processed_pseudogene	0	0	1	0	0	0	0	0
EEF1A1P40	X	ENSG00000231144	processed_pseudogene	0	0	0	0	1	0	0	0
EEF1A1P42	6	ENSG00000277043	processed_pseudogene	0	0	0	1	0	0	1	0
EEF1A1P7	19	ENSG00000268222	processed_pseudogene	0	0	0	0	0	0	0	1
EEF1AKMT2	10	ENSG00000203791	protein_coding	0	0	0	0	0	1	0	1
EEF1D	8	ENSG00000104529	protein_coding	0	0	0	0	1	0	0	0
EEF1E1	6	ENSG00000124802	protein_coding	0	0	0	0	0	1	0	0
EFCAB1	8	ENSG00000034239	protein_coding	0	0	0	0	1	1	0	1
EFCAB13	17	ENSG00000178852	protein_coding	0	1	1	0	1	0	0	0
EFCAB3	17	ENSG00000172421	protein_coding	0	0	1	0	0	0	0	1
EFCAB6-AS1	22	ENSG00000223843	lncRNA	0	0	0	0	0	0	1	0
EFCAB8	20	ENSG00000215529	protein_coding	0	0	0	0	0	0	0	1
EFHD1	2	ENSG00000115468	protein_coding	0	0	0	0	0	1	0	0
EFL1P1	15	ENSG00000259404	transcribed_unprocessed_pseudogene	0	0	0	0	0	0	1	0
EFNA2	19	ENSG00000099617	protein_coding	0	0	0	0	0	1	0	0
EGR2	10	ENSG00000122877	processed_transcript	0	0	0	0	0	1	0	1
EHBP1L1	11	ENSG00000173442	protein_coding	0	0	0	0	0	1	0	1
EHMT1	9	ENSG00000181090	protein_coding	0	0	1	0	0	0	0	0
EIF1P2	1	ENSG00000235549	processed_pseudogene	0	0	1	0	0	0	0	0
EIF1P3	1	ENSG00000231684	processed_pseudogene	0	0	0	0	0	1	0	1
EIF2S3B	12	ENSG00000180574	protein_coding	0	0	0	0	1	0	0	0
EIF3F	11	ENSG00000175390	protein_coding	0	0	0	0	0	1	0	1
EIF3FP3	2	ENSG00000233426	processed_pseudogene	0	0	0	0	1	0	0	0
EIF4A1P9	17	ENSG00000262953	processed_pseudogene	0	0	1	0	0	0	0	0
EIF4A3	17	ENSG00000141543	protein_coding	0	0	1	1	1	1	1	1
EIF4BP3	9	ENSG00000224546	processed_pseudogene	0	0	1	0	1	1	1	1
EIF4BP8	3	ENSG00000243918	processed_pseudogene	0	0	0	0	0	1	0	1
EIF4EP2	17	ENSG00000229944	processed_pseudogene	0	0	1	0	1	1	1	1
EIF4EP4	7	ENSG00000232968	processed_pseudogene	0	0	0	0	1	0	0	0
ELMOD3	2	ENSG00000115459	protein_coding	0	0	0	0	0	1	0	1
ELN	7	ENSG00000049540	protein_coding	0	0	0	0	0	0	1	1
ELOA2	18	ENSG00000206181	protein_coding	0	0	1	0	0	0	0	0
ELP4	11	ENSG00000109911	protein_coding	0	0	0	0	0	1	0	1
ELP5	17	ENSG00000170291	protein_coding	0	0	0	0	0	0	1	0
EMCN	4	ENSG00000164035	processed_transcript	1	1	0	0	0	1	0	1
EML4-AS1	2	ENSG00000224875	lncRNA	0	0	0	0	0	1	0	1
EMX2OS	10	ENSG00000229847	lncRNA	0	0	0	0	1	0	0	0
ENTHD1	22	ENSG00000176177	protein_coding	0	0	0	0	0	1	0	1
ENTPD1-AS1	10	ENSG00000226688	lncRNA	0	0	0	0	0	0	0	1
ENTR1P2	1	ENSG00000181101	processed_pseudogene	0	0	0	0	0	1	0	1
EP400	12	ENSG00000183495	protein_coding	0	0	0	0	0	0	0	1
EPB41L3	18	ENSG00000082397	protein_coding	0	0	0	0	0	1	0	0
EPHX1	1	ENSG00000143819	protein_coding	0	0	1	0	1	1	1	1
EPM2A	6	ENSG00000112425	protein_coding	0	0	1	0	0	0	0	0
EPPIN-WFDC6	20	ENSG00000249139	protein_coding	0	0	1	0	0	0	0	0
EPSTI1	13	ENSG00000133106	protein_coding	0	0	0	0	0	1	0	0
ERCC6L2	9	ENSG00000182150	nonsense_mediated_decay	1	1	0	0	0	1	0	0
ERI1	8	ENSG00000104626	processed_transcript	0	0	0	0	1	1	0	1
ERICH1	8	ENSG00000104714	protein_coding	0	1	0	0	0	0	0	0
ERVMER61-1	1	ENSG00000230426	lncRNA	0	0	0	0	1	1	0	1
ERVV-1	19	ENSG00000269526	protein_coding	0	0	0	0	0	0	1	0
ETDC	X	ENSG00000283644	protein_coding	0	0	0	0	0	0	1	0
ETV7	6	ENSG00000010030	protein_coding	0	0	0	0	1	0	0	0
EVA1A	2	ENSG00000115363	protein_coding	0	0	1	0	0	0	0	0
EXD2	14	ENSG00000081177	protein_coding	0	0	0	0	0	0	0	1
EXOC5P1	4	ENSG00000180673	processed_pseudogene	0	0	0	0	1	1	0	1
EXOC6	10	ENSG00000138190	protein_coding	0	0	0	0	0	0	0	1
EXPH5	11	ENSG00000110723	protein_coding	0	0	1	0	1	1	1	1
EYA1	8	ENSG00000104313	retained_intron	0	0	0	0	1	1	0	1
EZHIP	X	ENSG00000187690	protein_coding	0	0	0	0	0	0	0	1
F11-AS1	4	ENSG00000251165	lncRNA	0	0	0	0	1	0	0	0
F5	1	ENSG00000198734	protein_coding	0	0	0	0	1	0	0	1
F8	X	ENSG00000185010	protein_coding	0	0	0	0	0	1	0	1
FABP9	8	ENSG00000205186	protein_coding	0	0	0	0	0	0	0	1
FAF2P1	10	ENSG00000228759	processed_pseudogene	0	0	0	0	0	1	0	1
FAHD2A	2	ENSG00000115042	protein_coding	0	0	0	0	1	0	0	0
FAIM	3	ENSG00000158234	protein_coding	0	0	0	1	0	0	0	0
FAM110A	20	ENSG00000125898	protein_coding	0	0	0	0	0	1	0	1
FAM111A	11	ENSG00000166801	protein_coding	0	0	0	0	1	0	0	0
FAM122C	X	ENSG00000156500	protein_coding	0	0	0	0	0	1	0	1
FAM133DP	2	ENSG00000230562	processed_pseudogene	0	0	1	1	1	1	1	1
FAM13C	10	ENSG00000148541	protein_coding	0	0	0	0	0	1	0	1
FAM156A	X	ENSG00000268350	protein_coding	0	0	0	0	1	0	0	1
FAM156B	X	ENSG00000179304	protein_coding	0	0	0	0	1	0	0	1
FAM157A	3	ENSG00000236438	processed_transcript	0	0	0	1	0	0	0	0
FAM161B	14	ENSG00000156050	protein_coding	0	0	0	1	0	0	0	0
FAM170B	10	ENSG00000172538	protein_coding	0	1	0	0	0	0	0	0
FAM170B-AS1	10	ENSG00000234736	lncRNA	0	0	0	0	0	0	0	1
FAM177A1P1	4	ENSG00000214886	processed_pseudogene	0	0	0	0	1	0	0	0
FAM186A	12	ENSG00000185958	protein_coding	0	0	0	0	1	1	0	1
FAM189A1	15	ENSG00000104059	protein_coding	0	0	0	0	0	1	0	1
FAM189A2	9	ENSG00000135063	protein_coding	0	0	0	0	0	1	0	1
FAM192BP	4	ENSG00000231841	processed_pseudogene	0	0	0	0	0	1	0	1
FAM193A	4	ENSG00000125386	protein_coding	0	0	1	0	0	0	0	0
FAM205A	9	ENSG00000205108	protein_coding	0	0	1	0	0	0	0	0
FAM207CP	21	ENSG00000232797	processed_pseudogene	0	0	0	0	0	0	1	0
FAM225A	9	ENSG00000231528	lncRNA	0	0	1	0	0	0	0	0
FAM225B	9	ENSG00000225684	lncRNA	0	0	1	0	0	0	0	0
FAM228A	2	ENSG00000186453	protein_coding	0	0	0	0	0	1	0	1
FAM240B	9	ENSG00000283329	protein_coding	0	0	0	0	0	1	0	1
FAM3C2	X	ENSG00000174028	processed_pseudogene	1	1	1	1	1	1	1	1
FAM47A	X	ENSG00000185448	protein_coding	0	0	0	0	0	0	0	1
FAM47B	X	ENSG00000189132	protein_coding	0	0	0	0	0	0	0	1
FAM47C	X	ENSG00000198173	protein_coding	0	0	0	1	0	0	0	0
FAM47E	4	ENSG00000189157	protein_coding	0	0	0	0	0	0	0	1
FAM66D	8	ENSG00000255052	lncRNA	0	0	0	0	1	0	0	0
FAM71C	12	ENSG00000180219	protein_coding	0	0	0	0	0	1	0	0
FAM92A1P2	4	ENSG00000230219	processed_transcript	0	0	1	0	0	0	0	0
FAM9A	X	ENSG00000183304	protein_coding	0	0	0	0	1	0	0	1
FAM9C	X	ENSG00000187268	protein_coding	0	0	0	0	0	1	0	1
FANCD2P2	3	ENSG00000230342	unprocessed_pseudogene	0	0	0	0	0	0	1	0
FARP1	13	ENSG00000152767	protein_coding	0	0	0	0	0	1	0	1
FARP2	2	ENSG00000006607	protein_coding	0	0	0	0	1	0	0	0
FAT1P1	20	ENSG00000217809	processed_pseudogene	0	0	0	0	0	1	0	1
FAUP1	18	ENSG00000235297	processed_pseudogene	0	0	1	0	0	0	0	0
FBH1	10	ENSG00000134452	protein_coding	0	0	0	0	0	0	1	0
FBXL13	7	ENSG00000161040	protein_coding	0	0	0	0	0	0	0	1
FBXO27	19	ENSG00000161243	protein_coding	0	0	1	1	0	0	0	0
FBXO39	17	ENSG00000177294	protein_coding	0	0	0	0	0	0	1	0
FCHO2	5	ENSG00000157107	protein_coding	0	0	0	0	1	0	0	0
FCRL3	1	ENSG00000160856	protein_coding	0	0	0	0	0	0	0	1
FCRL6	1	ENSG00000181036	protein_coding	0	0	1	0	0	0	0	0
FCRLA	1	ENSG00000132185	protein_coding	0	0	0	1	0	0	0	0
FDPSP5	X	ENSG00000215035	processed_pseudogene	0	0	0	0	0	1	0	1
FEZ1	11	ENSG00000149557	protein_coding	0	0	0	0	0	0	0	1
FGA	4	ENSG00000171560	protein_coding	0	0	1	0	1	1	1	1
FGD5P1	3	ENSG00000275340	transcribed_unprocessed_pseudogene	0	0	0	0	0	0	1	0
FGGY	1	ENSG00000172456	nonsense_mediated_decay	0	0	0	0	0	1	0	1
FGL1	8	ENSG00000104760	protein_coding	0	0	1	0	1	1	0	1
FHL1	X	ENSG00000022267	protein_coding	0	0	0	0	0	0	0	1
FHL2	2	ENSG00000115641	protein_coding	0	0	0	0	0	1	0	1
FILNC1	6	ENSG00000231426	lncRNA	0	0	0	0	0	1	0	1
FIRRE	X	ENSG00000213468	lncRNA	0	0	0	0	1	1	0	1
FKBP1C	6	ENSG00000198225	protein_coding	0	0	0	0	1	1	0	1
FKRP	19	ENSG00000181027	protein_coding	0	0	0	0	0	0	0	1
FLG-AS1	1	ENSG00000237975	lncRNA	1	0	0	0	0	1	0	1
FLT1	13	ENSG00000102755	protein_coding	0	0	0	0	1	0	0	0
FLT1P1	3	ENSG00000229515	processed_pseudogene	0	0	0	1	0	0	0	0
FLT3LG	19	ENSG00000090554	protein_coding	0	0	0	0	0	1	0	1
FLT4	5	ENSG00000037280	protein_coding	0	0	0	0	0	1	0	1
FMO1	1	ENSG00000010932	protein_coding	1	0	0	0	0	0	0	0
FMO10P	1	ENSG00000234984	unprocessed_pseudogene	0	0	0	0	1	0	1	0
FMO11P	1	ENSG00000232148	unprocessed_pseudogene	0	1	0	0	0	0	0	0
FMO6P	1	ENSG00000117507	transcribed_unitary_pseudogene	0	0	1	0	0	0	0	0
FMO8P	1	ENSG00000238087	unprocessed_pseudogene	0	0	0	1	0	0	0	0
FMR1NB	X	ENSG00000176988	protein_coding	0	0	0	0	0	1	0	0
FNDC1	6	ENSG00000164694	protein_coding	0	0	0	1	0	0	0	0
FO393411	6	ENSG00000180211	processed_pseudogene	0	0	0	0	1	1	0	1
FP325330	22	ENSG00000235154	lncRNA	0	0	0	0	0	0	0	1
FPR1	19	ENSG00000171051	protein_coding	0	0	0	0	0	0	0	1
FRMD1	6	ENSG00000153303	protein_coding	0	0	0	0	1	0	0	0
FSCB	14	ENSG00000189139	protein_coding	0	0	0	0	0	1	0	0
FSIP2	2	ENSG00000188738	protein_coding	1	1	1	1	1	1	1	1
FTH1P10	5	ENSG00000223361	processed_transcript	0	0	1	0	1	1	0	1
FTH1P2	1	ENSG00000234975	processed_pseudogene	0	0	1	0	0	0	0	0
FTH1P20	2	ENSG00000226564	processed_pseudogene	0	0	0	0	1	0	0	0
FTH1P21	4	ENSG00000249013	processed_pseudogene	0	0	0	0	1	0	0	0
FTH1P6	2	ENSG00000233083	processed_pseudogene	0	0	0	1	0	0	0	0
FTLP18	1	ENSG00000230214	processed_pseudogene	0	0	0	0	0	1	0	1
FTX	X	ENSG00000230590	lncRNA	0	0	1	0	1	0	0	0
FUT1	19	ENSG00000174951	protein_coding	0	0	0	0	0	1	0	1
FUT2	19	ENSG00000176920	protein_coding	0	0	0	0	1	1	0	1
FUT5	19	ENSG00000130383	protein_coding	0	0	0	0	1	0	0	0
FYN	6	ENSG00000010810	protein_coding	0	0	0	0	1	0	0	0
FZD10-AS1	12	ENSG00000250208	lncRNA	0	0	0	0	0	0	0	1
FZD6	8	ENSG00000164930	protein_coding	0	0	0	0	0	1	0	1
FZR1	19	ENSG00000105325	protein_coding	0	0	1	0	1	1	1	1
G2E3-AS1	14	ENSG00000257636	lncRNA	1	1	0	0	0	1	0	1
GABRA6	5	ENSG00000145863	processed_transcript	0	0	1	0	0	0	0	0
GALNT2	1	ENSG00000143641	processed_transcript	0	0	0	0	0	1	0	1
GANC	15	ENSG00000214013	protein_coding	0	0	0	0	0	1	0	1
GAPDHP1	X	ENSG00000228232	processed_pseudogene	0	0	0	0	1	1	0	1
GAPDHP26	9	ENSG00000229541	processed_pseudogene	0	0	0	0	0	1	0	1
GAPDHP63	6	ENSG00000218582	processed_pseudogene	0	0	0	0	0	0	0	1
GAPDHP65	X	ENSG00000235587	processed_pseudogene	0	0	0	0	0	0	0	1
GAPDHP70	11	ENSG00000249489	processed_pseudogene	0	0	0	0	1	0	0	0
GAPLINC	18	ENSG00000266835	lncRNA	0	0	0	0	0	1	0	1
GAPVD1	9	ENSG00000165219	protein_coding	0	0	0	0	0	1	0	0
GARS-DT	7	ENSG00000196295	retained_intron	1	1	0	0	0	0	0	0
GATD3A	21	ENSG00000160221	protein_coding	0	0	1	0	0	0	0	0
GBP1P1	1	ENSG00000225492	transcribed_unprocessed_pseudogene	0	0	1	0	0	0	1	0
GBP2	1	ENSG00000162645	protein_coding	0	0	0	0	0	1	0	0
GBP5	1	ENSG00000154451	protein_coding	0	0	1	0	0	0	0	0
GCNA	X	ENSG00000147174	protein_coding	0	0	0	0	0	0	0	1
GCNAP1	12	ENSG00000256912	processed_pseudogene	0	0	0	0	1	0	0	0
GCNT1	9	ENSG00000187210	protein_coding	0	0	0	0	0	1	0	1
GDA	9	ENSG00000119125	protein_coding	0	0	1	0	0	0	0	0
GDF5	20	ENSG00000125965	protein_coding	0	0	0	0	0	1	0	1
GDNF-AS1	5	ENSG00000248587	lncRNA	0	0	0	0	1	0	0	0
GDPD2	X	ENSG00000130055	protein_coding	0	0	0	0	0	0	1	0
GEMIN2P1	1	ENSG00000235015	processed_pseudogene	0	0	1	0	0	0	0	0
GEMIN2P2	3	ENSG00000235339	processed_pseudogene	0	0	1	0	0	0	0	0
GEMIN6	2	ENSG00000152147	protein_coding	0	0	1	0	0	1	0	1
GFRA4	20	ENSG00000125861	protein_coding	0	0	0	0	0	0	0	1
GID8	20	ENSG00000101193	protein_coding	0	0	0	0	0	0	0	1
GIMAP6	7	ENSG00000133561	protein_coding	0	0	0	0	0	1	0	0
GJB7	6	ENSG00000164411	protein_coding	0	0	1	0	1	1	1	1
GLB1L2	11	ENSG00000149328	protein_coding	1	1	0	0	0	0	0	0
GLRXP3	5	ENSG00000118990	processed_pseudogene	0	0	0	0	1	1	0	1
GLT6D1	9	ENSG00000204007	protein_coding	1	1	0	1	0	0	0	0
GLUD2	X	ENSG00000182890	protein_coding	0	0	0	0	1	1	0	1
GLULP4	9	ENSG00000178723	processed_pseudogene	0	0	0	0	0	0	0	1
GLYAT	11	ENSG00000149124	protein_coding	0	0	0	0	0	0	0	1
GLYATL2	11	ENSG00000156689	protein_coding	0	0	0	0	0	0	0	1
GM2AP1	3	ENSG00000241695	processed_pseudogene	0	0	0	0	0	0	0	1
GMCL2	5	ENSG00000244234	protein_coding	0	0	0	0	0	0	0	1
GMDS-DT	6	ENSG00000250903	lncRNA	0	0	1	0	0	1	1	1
GNA12	7	ENSG00000146535	protein_coding	0	0	1	0	0	0	0	0
GNAI1	7	ENSG00000127955	protein_coding	0	0	1	0	0	0	0	0
GNGT1	7	ENSG00000127928	protein_coding	0	0	1	0	1	1	1	1
GNPNAT1	14	ENSG00000100522	protein_coding	0	0	0	0	0	1	0	1
GNRHR2P1	14	ENSG00000259169	unprocessed_pseudogene	0	0	0	1	0	0	0	0
GOLGA2P11	15	ENSG00000260062	transcribed_unprocessed_pseudogene	1	1	0	0	0	1	0	0
GOLGA2P5	12	ENSG00000238105	retained_intron	0	0	0	0	0	1	0	1
GOLGA4	3	ENSG00000144674	protein_coding	0	0	0	0	0	0	0	1
GOLGA6L10	15	ENSG00000278662	protein_coding	0	0	1	0	0	0	0	0
GORAB-AS1	1	ENSG00000231407	lncRNA	0	0	0	0	1	0	0	0
GOSR2	17	ENSG00000108433	protein_coding	0	0	0	0	1	0	0	0
GPR142	17	ENSG00000257008	protein_coding	0	0	0	0	1	0	0	1
GPR179	17	ENSG00000277399	protein_coding	0	0	0	0	0	1	0	0
GPR78	4	ENSG00000155269	protein_coding	0	0	0	0	0	1	0	1
GPX1P1	X	ENSG00000197582	processed_pseudogene	0	0	1	0	1	1	1	1
GRAMD1C	3	ENSG00000178075	processed_transcript	0	0	0	0	0	0	0	1
GRHL3-AS1	1	ENSG00000232298	lncRNA	0	0	0	0	0	0	0	1
GRHPR	9	ENSG00000137106	protein_coding	0	0	0	0	0	1	0	1
GRIA2	4	ENSG00000120251	processed_transcript	0	0	0	0	1	0	0	0
GRK2	11	ENSG00000173020	protein_coding	0	0	0	0	0	1	0	1
GRM7	3	ENSG00000196277	protein_coding	0	0	1	0	1	1	1	1
GRM7-AS3	3	ENSG00000226258	lncRNA	1	1	0	0	1	0	0	0
GSDMA	17	ENSG00000167914	protein_coding	0	0	0	0	1	0	0	0
GSTA7P	6	ENSG00000237674	unprocessed_pseudogene	0	0	1	0	0	1	0	1
GSTA8P	6	ENSG00000220377	unprocessed_pseudogene	0	0	0	0	1	0	0	0
GSTA9P	6	ENSG00000243236	transcribed_unprocessed_pseudogene	1	1	1	0	0	0	0	0
GSTK1	7	ENSG00000197448	protein_coding	0	0	0	0	0	1	0	0
GSTM5P1	3	ENSG00000236062	processed_pseudogene	0	0	0	0	0	1	0	1
GTF2H2C	5	ENSG00000183474	protein_coding	0	0	0	0	0	1	0	1
GTF2IP13	7	ENSG00000272556	processed_transcript	0	0	0	1	0	0	0	0
GTF2IP8	18	ENSG00000276318	unprocessed_pseudogene	0	0	0	0	1	0	0	0
GTF3AP1	9	ENSG00000237274	processed_pseudogene	0	0	1	0	0	0	0	0
GUCY2EP	11	ENSG00000204529	transcribed_unprocessed_pseudogene	0	0	0	0	0	1	0	1
GUCY2GP	10	ENSG00000243316	transcribed_unitary_pseudogene	0	0	0	0	1	1	0	1
GULOP	8	ENSG00000234770	unitary_pseudogene	0	0	1	0	0	0	0	0
GUSBP12	7	ENSG00000169325	unprocessed_pseudogene	1	1	0	0	0	0	0	0
GVQW2	6	ENSG00000279968	protein_coding	0	0	0	0	0	1	0	1
GZMAP1	5	ENSG00000249454	unprocessed_pseudogene	0	0	1	0	0	0	1	0
GZMB	14	ENSG00000100453	protein_coding	0	0	0	0	0	1	0	1
H2BP3	3	ENSG00000240912	processed_pseudogene	0	0	0	0	0	1	0	1
H2BP8	X	ENSG00000235976	processed_pseudogene	0	0	0	1	0	0	0	0
H3P15	4	ENSG00000251005	processed_pseudogene	0	0	0	0	1	0	0	0
H3P22	5	ENSG00000250715	processed_pseudogene	0	0	0	0	1	0	0	0
H3P27	6	ENSG00000220730	processed_pseudogene	0	0	0	0	0	0	0	1
H3P30	9	ENSG00000227443	processed_pseudogene	1	1	0	1	0	0	0	0
H3P40	15	ENSG00000258570	processed_pseudogene	0	0	0	0	0	1	0	1
H3P47	X	ENSG00000179101	processed_pseudogene	0	0	0	0	1	1	0	1
H3P6	2	ENSG00000235655	processed_pseudogene	1	0	0	0	0	0	0	0
HADHA	2	ENSG00000084754	protein_coding	0	0	0	0	0	1	0	1
HAND2-AS1	4	ENSG00000237125	lncRNA	0	0	0	0	1	1	0	1
HAP1	17	ENSG00000173805	protein_coding	0	0	0	0	1	0	0	1
HAPLN3	15	ENSG00000140511	protein_coding	0	0	0	0	0	0	0	1
HAR1B	20	ENSG00000231133	lncRNA	0	0	0	0	0	1	0	1
HAS2-AS1	8	ENSG00000248690	lncRNA	0	0	0	0	0	1	0	1
HAVCR1	5	ENSG00000113249	protein_coding	0	0	0	0	0	0	0	1
HBG2	11	ENSG00000196565	protein_coding	0	0	0	0	0	0	0	1
HCFC2P1	13	ENSG00000232087	processed_pseudogene	0	0	1	0	0	0	0	0
HCG14	6	ENSG00000224157	lncRNA	0	0	1	0	0	0	0	0
HCG18	6	ENSG00000231074	lncRNA	0	0	0	0	0	0	1	0
HEATR6	17	ENSG00000068097	protein_coding	0	0	0	0	1	0	0	0
HEIH	5	ENSG00000278970	lncRNA	0	0	1	0	1	1	1	1
HELLS	10	ENSG00000119969	protein_coding	0	0	0	0	1	0	0	1
HELZ2	20	ENSG00000130589	protein_coding	0	0	0	0	0	1	0	0
HIBADH	7	ENSG00000106049	protein_coding	0	0	0	0	0	0	0	1
HIGD1AP6	8	ENSG00000253229	processed_pseudogene	0	0	0	0	0	1	0	1
HJURP	2	ENSG00000123485	protein_coding	0	0	0	0	1	0	0	0
HLA-DQA1	6	ENSG00000196735	protein_coding	0	0	0	0	0	0	0	1
HLA-DQB3	6	ENSG00000226030	unprocessed_pseudogene	0	0	1	0	0	0	0	0
HLA-F	6	ENSG00000204642	protein_coding	0	0	1	0	0	0	0	0
HMG20A	15	ENSG00000140382	protein_coding	0	1	0	0	0	0	0	0
HMGA1P6	13	ENSG00000233440	processed_pseudogene	0	0	0	0	0	1	0	1
HMGB1P1	20	ENSG00000124097	processed_pseudogene	0	0	0	0	1	1	0	1
HMGB1P26	1	ENSG00000225984	processed_pseudogene	0	0	1	0	0	0	0	0
HMGB1P40	11	ENSG00000255291	processed_pseudogene	0	0	0	0	1	1	0	1
HMGB1P5	3	ENSG00000132967	transcribed_processed_pseudogene	0	0	1	1	1	1	1	1
HMGB1P50	10	ENSG00000271237	processed_pseudogene	0	0	0	0	0	0	0	1
HMGB1P9	2	ENSG00000224159	processed_pseudogene	0	0	0	0	0	1	0	0
HMGB3P11	2	ENSG00000213301	processed_pseudogene	0	0	0	0	0	1	0	1
HMGB3P3	5	ENSG00000250730	processed_pseudogene	0	0	1	0	1	1	1	1
HMGB3P6	1	ENSG00000213070	processed_pseudogene	0	0	0	0	1	1	0	1
HMGN1P17	5	ENSG00000250787	processed_pseudogene	0	0	0	0	0	1	0	0
HMGN1P26	15	ENSG00000259557	processed_pseudogene	0	0	0	0	0	1	0	1
HMGN2P13	3	ENSG00000241810	processed_pseudogene	0	0	0	0	1	1	0	1
HMGN2P17	1	ENSG00000238249	processed_pseudogene	0	0	1	0	1	0	0	0
HMGN2P24	3	ENSG00000229072	processed_pseudogene	0	0	0	0	0	1	0	1
HMGN2P46	15	ENSG00000179362	processed_transcript	0	0	0	0	0	0	0	1
HMGN2P7	3	ENSG00000226427	processed_pseudogene	0	0	0	0	1	1	0	1
HMX1	4	ENSG00000215612	protein_coding	0	0	0	0	0	1	0	1
HNF4G	8	ENSG00000164749	protein_coding	0	0	1	0	0	0	0	0
HNRNPA1P27	X	ENSG00000233680	processed_pseudogene	0	0	0	0	0	1	0	1
HNRNPA1P28	X	ENSG00000230170	processed_pseudogene	0	0	0	0	0	1	0	1
HNRNPA1P4	8	ENSG00000206228	processed_pseudogene	0	0	1	0	1	1	0	1
HNRNPA1P51	2	ENSG00000234491	processed_pseudogene	0	0	0	0	0	1	0	1
HNRNPA1P56	4	ENSG00000248640	processed_pseudogene	0	0	0	0	0	0	0	1
HNRNPA1P6	1	ENSG00000229887	processed_transcript	0	0	0	0	0	1	0	1
HNRNPA1P63	1	ENSG00000227453	processed_pseudogene	0	0	1	0	0	0	0	0
HNRNPA1P8	7	ENSG00000229251	processed_pseudogene	0	0	0	0	1	0	0	0
HNRNPA3P1	10	ENSG00000226790	processed_pseudogene	0	0	0	0	0	1	0	1
HNRNPA3P12	1	ENSG00000219102	processed_pseudogene	0	0	1	0	0	0	0	0
HNRNPA3P3	X	ENSG00000214653	processed_pseudogene	0	0	0	0	1	1	0	1
HNRNPA3P4	6	ENSG00000226068	processed_pseudogene	0	0	0	0	0	1	0	1
HNRNPCP2	2	ENSG00000204253	processed_pseudogene	1	1	1	1	1	1	1	1
HNRNPCP8	11	ENSG00000254748	processed_pseudogene	0	0	0	0	0	0	0	1
HNRNPH3P1	X	ENSG00000230247	processed_pseudogene	0	0	0	0	1	0	0	0
HNRNPKP2	2	ENSG00000227347	processed_pseudogene	0	0	0	0	0	1	0	1
HNRNPLP1	6	ENSG00000233503	processed_pseudogene	0	0	0	0	0	0	0	1
HOXB6	17	ENSG00000108511	protein_coding	0	0	1	0	0	0	0	0
HPN-AS1	19	ENSG00000227392	lncRNA	0	0	0	0	0	0	1	0
HPYR1	8	ENSG00000253521	lncRNA	0	0	0	0	1	0	0	0
HRG	3	ENSG00000113905	protein_coding	0	0	1	0	0	0	0	0
HRH4	18	ENSG00000134489	protein_coding	0	0	1	0	0	0	0	0
HRNR	1	ENSG00000197915	protein_coding	0	0	0	0	1	1	0	1
HSD17B6	12	ENSG00000025423	protein_coding	0	1	0	0	0	0	0	0
HSD3BP4	1	ENSG00000203855	unprocessed_pseudogene	0	0	0	0	1	0	0	0
HSP90AA2P	11	ENSG00000224411	processed_pseudogene	0	0	1	0	1	1	1	1
HSP90AA5P	3	ENSG00000205955	transcribed_processed_pseudogene	0	0	1	0	0	0	0	0
HSP90B3P	1	ENSG00000203914	processed_pseudogene	0	0	0	0	0	1	0	1
HSPA4	5	ENSG00000170606	protein_coding	0	0	0	0	1	0	0	0
HSPA8P11	8	ENSG00000248159	processed_pseudogene	0	0	0	0	0	0	0	1
HSPA8P20	X	ENSG00000234564	processed_pseudogene	0	0	0	0	1	0	0	0
HSPA8P8	7	ENSG00000229091	processed_pseudogene	0	0	0	0	1	0	0	0
HSPA8P9	3	ENSG00000241478	processed_pseudogene	0	0	0	0	0	1	0	1
HSPA9P1	2	ENSG00000226666	processed_pseudogene	0	0	0	0	0	1	0	1
HSPD1P5	4	ENSG00000249193	processed_pseudogene	0	0	0	0	0	1	0	1
HSPD1P8	13	ENSG00000215357	processed_pseudogene	1	1	1	1	1	1	1	1
HSPE1P6	1	ENSG00000232917	processed_pseudogene	0	0	0	0	0	0	0	1
HSPE1P7	16	ENSG00000270945	processed_pseudogene	0	0	0	0	1	0	0	0
HTD2	3	ENSG00000255154	protein_coding	0	0	0	0	0	1	0	1
HTR3C	3	ENSG00000178084	protein_coding	0	0	0	0	1	0	0	0
HTR3C2P	3	ENSG00000233576	unprocessed_pseudogene	0	0	1	0	0	0	0	0
HTR3D	3	ENSG00000186090	protein_coding	0	1	1	0	0	1	0	1
HTR3E	3	ENSG00000186038	protein_coding	0	0	0	0	1	0	0	0
HULC	6	ENSG00000285219	lncRNA	0	0	1	0	1	1	0	1
HYAL1	3	ENSG00000114378	protein_coding	0	0	0	0	0	0	0	1
HYLS1	11	ENSG00000198331	protein_coding	0	0	0	0	0	0	0	1
ICAM1	19	ENSG00000090339	protein_coding	0	0	0	0	0	0	0	1
IDH2	15	ENSG00000182054	protein_coding	0	0	0	0	0	0	0	1
IDH2-DT	15	ENSG00000259685	lncRNA	1	1	1	0	0	0	0	0
IDS	X	ENSG00000010404	protein_coding	0	0	0	0	1	0	0	0
IFI16	1	ENSG00000163565	protein_coding	0	0	0	0	0	0	0	1
IFI27L1	14	ENSG00000165948	protein_coding	0	0	0	0	1	0	0	0
IFI44L	1	ENSG00000137959	protein_coding	0	0	1	0	0	0	0	0
IFIT1	10	ENSG00000185745	protein_coding	0	0	0	0	0	1	0	1
IFIT1B	10	ENSG00000204010	protein_coding	0	0	0	0	0	0	0	1
IFIT2	10	ENSG00000119922	protein_coding	0	0	0	0	0	0	0	1
IFITM9P	11	ENSG00000213275	processed_pseudogene	0	0	0	0	1	0	0	0
IFNGR2	21	ENSG00000159128	protein_coding	0	0	0	0	1	0	0	0
IFNL3P1	19	ENSG00000268510	unprocessed_pseudogene	0	0	0	0	0	0	1	0
IFT122	3	ENSG00000163913	protein_coding	0	0	0	0	0	1	0	0
IFT52	20	ENSG00000101052	protein_coding	0	0	0	0	0	0	0	1
IFT74	9	ENSG00000096872	protein_coding	0	0	0	0	0	1	0	1
IGFL4	19	ENSG00000204869	protein_coding	0	0	0	0	1	0	0	0
IGFN1	1	ENSG00000163395	protein_coding	0	0	0	0	0	0	0	1
IGHGP	14	ENSG00000253755	IG_C_pseudogene	0	0	1	0	0	0	0	0
IGHV3-48	14	ENSG00000211964	IG_V_gene	1	1	0	0	0	0	0	0
IGHV3-50	14	ENSG00000253241	IG_V_pseudogene	0	0	1	0	0	0	0	0
IGHV3-52	14	ENSG00000253545	IG_V_pseudogene	0	0	1	0	0	0	0	0
IGHV3-60	14	ENSG00000253742	IG_V_pseudogene	1	0	0	0	0	0	0	0
IGHV3-75	14	ENSG00000254176	IG_V_pseudogene	1	1	0	0	0	0	0	0
IGKV2-26	2	ENSG00000254098	IG_V_pseudogene	0	0	1	0	1	0	0	0
IGKV5-2	2	ENSG00000211599	IG_V_gene	0	0	1	0	0	0	0	0
IGLV3-12	22	ENSG00000211667	IG_V_gene	1	1	0	0	0	0	0	0
IGLV4-69	22	ENSG00000211637	IG_V_gene	0	0	0	0	1	0	0	0
IGSF1	X	ENSG00000147255	protein_coding	0	0	1	0	1	1	0	1
IL12A-AS1	3	ENSG00000244040	lncRNA	0	0	0	0	1	1	0	1
IL15	4	ENSG00000164136	protein_coding	0	0	1	0	0	0	0	0
IL16	15	ENSG00000172349	protein_coding	0	0	0	0	0	1	0	1
IL32	16	ENSG00000008517	protein_coding	0	0	0	0	1	0	0	0
IL37	2	ENSG00000125571	protein_coding	1	1	0	0	0	0	0	0
IL6R	1	ENSG00000160712	protein_coding	1	0	0	0	0	0	0	0
IMMP1L	11	ENSG00000148950	protein_coding	0	0	0	0	0	1	0	1
INCA1	17	ENSG00000196388	protein_coding	0	0	0	0	0	1	0	1
ING5	2	ENSG00000168395	protein_coding	0	0	0	1	1	0	0	0
INHBA-AS1	7	ENSG00000224116	lncRNA	0	0	0	0	0	0	1	1
INTS10	8	ENSG00000104613	protein_coding	0	0	0	0	0	1	0	1
INTS4P1	7	ENSG00000164669	processed_transcript	0	0	0	1	0	0	0	0
INTS6-AS1	13	ENSG00000236778	lncRNA	0	0	0	0	1	1	0	1
INTS6P1	5	ENSG00000250492	processed_pseudogene	0	0	0	0	0	1	0	1
IP6K2	3	ENSG00000068745	protein_coding	0	0	0	0	0	1	0	0
IPO11	5	ENSG00000086200	protein_coding	0	0	0	0	0	1	0	1
IQCF3	3	ENSG00000229972	protein_coding	0	0	1	0	0	0	0	0
IQCM	4	ENSG00000234828	processed_transcript	0	0	0	0	1	1	0	1
IQCN	19	ENSG00000130518	protein_coding	0	0	0	1	0	1	0	1
IQUB	7	ENSG00000164675	protein_coding	0	0	1	0	1	1	1	1
ISCA1P1	5	ENSG00000217416	processed_pseudogene	0	0	0	0	1	1	0	1
ISCA1P6	2	ENSG00000227653	processed_pseudogene	0	0	0	0	1	1	0	1
ISCU	12	ENSG00000136003	protein_coding	0	0	1	0	0	0	0	0
ISY1	3	ENSG00000240682	protein_coding	0	0	0	0	1	0	0	0
ITFG2	12	ENSG00000111203	protein_coding	1	1	1	1	1	1	1	1
ITFG2-AS1	12	ENSG00000256150	lncRNA	0	0	0	0	1	0	0	0
ITGAD	16	ENSG00000156886	protein_coding	0	0	0	0	0	1	0	0
ITPRID1	7	ENSG00000180347	protein_coding	0	0	0	0	0	1	0	1
JAM2	21	ENSG00000154721	protein_coding	0	0	0	0	0	1	0	1
JPX	X	ENSG00000225470	lncRNA	0	0	1	0	0	0	0	0
JRKL-AS1	11	ENSG00000255679	lncRNA	0	0	1	0	0	0	0	0
KANTR	X	ENSG00000232593	processed_transcript	0	0	0	0	0	1	0	1
KATNBL1P4	5	ENSG00000249270	processed_pseudogene	0	0	0	0	0	1	0	1
KBTBD7	13	ENSG00000120696	protein_coding	0	0	0	0	0	1	0	0
KCMF1	2	ENSG00000176407	protein_coding	0	0	1	0	0	0	0	0
KCNE4	2	ENSG00000152049	processed_transcript	0	0	0	0	1	1	0	1
KCNK17	6	ENSG00000124780	protein_coding	0	0	0	0	0	1	0	1
KCNMB2-AS1	3	ENSG00000237978	lncRNA	0	0	0	0	1	0	0	0
KCNRG	13	ENSG00000198553	protein_coding	0	0	1	0	0	0	0	0
KCNS3	2	ENSG00000170745	processed_transcript	0	0	0	0	0	1	0	0
KCNT1	9	ENSG00000107147	protein_coding	0	0	0	0	0	0	1	0
KCTD9P3	9	ENSG00000187988	processed_pseudogene	0	0	0	0	0	0	0	1
KCTD9P6	8	ENSG00000229211	processed_pseudogene	0	0	0	0	0	0	0	1
KDM5A	12	ENSG00000073614	protein_coding	0	0	0	0	1	0	0	0
KHDC1	6	ENSG00000135314	protein_coding	0	0	0	0	0	0	1	0
KIAA1210	X	ENSG00000250423	protein_coding	0	0	0	0	0	1	0	1
KIAA1257	3	ENSG00000114656	protein_coding	0	0	0	0	0	1	0	1
KIAA1586	6	ENSG00000168116	protein_coding	0	0	0	0	0	1	0	0
KIAA2026	9	ENSG00000183354	nonsense_mediated_decay	0	0	0	0	0	1	0	1
KIDINS220	2	ENSG00000134313	protein_coding	0	0	0	0	0	1	0	1
KIF19	17	ENSG00000196169	protein_coding	0	0	1	0	0	0	0	0
KIF1B	1	ENSG00000054523	protein_coding	0	0	0	0	0	1	0	1
KIF20B	10	ENSG00000138182	protein_coding	0	0	0	0	0	1	0	0
KIF25	6	ENSG00000125337	protein_coding	0	0	1	0	0	0	0	0
KIF28P	1	ENSG00000223519	transcribed_unitary_pseudogene	0	0	1	0	0	0	1	0
KIFBP	10	ENSG00000198954	protein_coding	0	0	0	0	1	0	0	0
KIFC3	16	ENSG00000140859	protein_coding	0	0	0	0	0	1	0	0
KLF3-AS1	4	ENSG00000231160	lncRNA	0	0	1	0	1	1	0	1
KLF7P1	3	ENSG00000240704	processed_pseudogene	0	0	0	0	1	0	0	0
KLHDC8A	1	ENSG00000162873	protein_coding	1	0	0	0	0	0	0	0
KLHL17	1	ENSG00000187961	protein_coding	0	0	0	0	1	0	0	0
KLHL23	2	ENSG00000213160	protein_coding	0	0	0	0	0	0	0	1
KLHL2P1	4	ENSG00000250412	unprocessed_pseudogene	0	0	0	1	0	0	0	0
KLKP1	19	ENSG00000197588	processed_transcript	0	0	1	0	0	0	0	0
KLRC1	12	ENSG00000134545	protein_coding	0	0	0	0	0	1	0	0
KLRC2	12	ENSG00000205809	protein_coding	0	0	1	0	0	0	0	0
KLRC3	12	ENSG00000205810	protein_coding	0	0	0	1	0	0	0	0
KMT2D	12	ENSG00000167548	protein_coding	0	0	0	0	0	1	0	1
KNL1	15	ENSG00000137812	protein_coding	0	0	0	0	0	1	0	1
KRBA1	7	ENSG00000133619	protein_coding	0	0	0	0	0	1	0	1
KRT126P	12	ENSG00000257402	unprocessed_pseudogene	0	0	0	0	0	1	0	1
KRT128P	12	ENSG00000258120	unprocessed_pseudogene	0	0	0	0	1	0	0	0
KRT18P16	5	ENSG00000235275	processed_pseudogene	0	0	0	0	0	1	0	0
KRT18P19	2	ENSG00000213601	processed_pseudogene	0	0	0	0	0	1	0	1
KRT18P24	9	ENSG00000226234	processed_pseudogene	0	0	0	0	0	1	0	1
KRT18P27	13	ENSG00000224419	processed_pseudogene	0	0	0	0	0	1	0	1
KRT18P3	20	ENSG00000215553	processed_pseudogene	0	0	0	0	0	0	0	1
KRT18P32	1	ENSG00000215149	processed_pseudogene	0	0	0	0	0	1	0	0
KRT18P43	3	ENSG00000240128	processed_pseudogene	0	0	1	0	0	0	0	0
KRT18P51	4	ENSG00000250504	processed_pseudogene	0	0	0	0	0	1	0	1
KRT18P8	18	ENSG00000264644	processed_pseudogene	0	0	0	0	0	1	0	1
KRT19P4	10	ENSG00000234102	processed_pseudogene	0	0	0	0	0	1	0	1
KRT43P	17	ENSG00000236473	unprocessed_pseudogene	0	0	0	0	1	1	0	1
KRT82	12	ENSG00000161850	protein_coding	0	0	0	0	0	1	0	1
KRT8P18	3	ENSG00000228767	processed_pseudogene	0	0	0	0	0	1	0	1
KRT8P20	7	ENSG00000227404	processed_pseudogene	0	0	0	0	0	1	0	1
KRT8P32	5	ENSG00000250221	processed_pseudogene	0	0	0	0	0	1	0	1
KRT9	17	ENSG00000171403	protein_coding	0	0	0	0	1	0	0	0
KRT90P	12	ENSG00000257844	unprocessed_pseudogene	0	0	0	0	1	0	0	0
KRTAP1-1	17	ENSG00000188581	protein_coding	0	0	0	0	0	1	0	0
KRTAP1-5	17	ENSG00000221852	protein_coding	0	0	0	0	0	1	0	0
KRTAP12-4	21	ENSG00000212933	protein_coding	0	0	0	0	0	0	0	1
KRTAP19-6	21	ENSG00000186925	protein_coding	1	1	0	0	0	0	0	0
KRTAP20-2	21	ENSG00000184032	protein_coding	0	0	0	0	0	0	0	1
KRTAP25-1	21	ENSG00000232263	protein_coding	0	0	0	0	0	1	0	1
KRTAP4-6	17	ENSG00000198090	protein_coding	0	0	0	0	0	0	0	1
KRTAP6-3	21	ENSG00000212938	protein_coding	0	0	0	0	1	0	0	0
KRTAP9-2	17	ENSG00000239886	protein_coding	0	0	0	0	1	0	0	0
L1TD1	1	ENSG00000240563	protein_coding	0	0	0	0	1	0	0	0
LAIR1	19	ENSG00000167613	protein_coding	0	0	1	0	0	0	0	1
LAMTOR5-AS1	1	ENSG00000224699	lncRNA	0	0	0	0	0	1	0	1
LARP1B	4	ENSG00000138709	processed_transcript	0	0	0	0	0	1	0	1
LARP7P3	18	ENSG00000265698	processed_pseudogene	0	0	1	0	0	0	0	0
LARP7P4	3	ENSG00000244024	processed_pseudogene	0	0	1	0	0	0	0	0
LARS2	3	ENSG00000011376	protein_coding	0	0	0	0	0	0	0	1
LBX1-AS1	10	ENSG00000227128	lncRNA	0	0	0	0	1	0	0	0
LCA5L	21	ENSG00000157578	protein_coding	0	0	1	0	0	0	0	0
LCE2D	1	ENSG00000187223	protein_coding	0	0	0	0	0	0	1	0
LCE5A	1	ENSG00000186207	protein_coding	1	0	0	0	0	0	0	0
LCNL1	9	ENSG00000214402	protein_coding	0	0	0	0	1	0	0	0
LDHAP4	9	ENSG00000214110	transcribed_processed_pseudogene	0	0	0	0	1	1	0	1
LDHAP5	10	ENSG00000213574	processed_pseudogene	0	0	0	0	1	0	0	0
LDHB	12	ENSG00000111716	protein_coding	0	0	0	0	0	1	0	1
LEPR	1	ENSG00000116678	protein_coding	0	0	0	0	1	0	0	0
LGALS3	14	ENSG00000131981	protein_coding	0	0	0	0	0	1	0	1
LGALS8	1	ENSG00000116977	protein_coding	0	0	0	0	0	1	0	0
LHFPL5	6	ENSG00000197753	protein_coding	0	0	0	0	0	0	0	1
LHFPL6	13	ENSG00000183722	nonsense_mediated_decay	0	0	1	0	1	1	0	1
LIMK1	7	ENSG00000106683	protein_coding	0	0	0	0	0	0	0	1
LIMK2	22	ENSG00000182541	protein_coding	0	0	0	0	1	1	0	1
LIN28A	1	ENSG00000131914	protein_coding	0	0	0	0	0	1	0	1
LIN28B-AS1	6	ENSG00000203809	lncRNA	0	0	0	0	0	1	0	1
LINC-ROR	18	ENSG00000258609	lncRNA	0	0	0	0	1	1	0	1
LINC00111	21	ENSG00000227702	lncRNA	0	0	1	0	0	1	0	0
LINC00114	21	ENSG00000223806	lncRNA	0	0	0	0	0	1	0	0
LINC00158	21	ENSG00000185433	lncRNA	0	0	0	0	0	1	0	1
LINC00211	2	ENSG00000237803	lncRNA	0	0	0	0	0	1	0	0
LINC00221	14	ENSG00000270816	lncRNA	1	1	0	0	0	0	0	0
LINC00222	6	ENSG00000203801	lncRNA	0	0	0	0	0	1	0	0
LINC00229	22	ENSG00000234300	lncRNA	0	0	0	0	0	0	0	1
LINC00240	6	ENSG00000224843	lncRNA	1	1	0	0	0	0	0	0
LINC00251	8	ENSG00000280725	lncRNA	1	1	1	1	1	1	1	1
LINC00265	7	ENSG00000188185	lncRNA	0	0	0	0	0	1	0	1
LINC00271	6	ENSG00000231028	lncRNA	1	1	0	0	0	1	0	1
LINC00308	21	ENSG00000184856	lncRNA	1	1	0	0	0	1	0	1
LINC00313	21	ENSG00000185186	lncRNA	0	0	0	0	0	0	1	0
LINC00315	21	ENSG00000184274	lncRNA	0	0	0	0	0	0	1	1
LINC00317	21	ENSG00000238265	lncRNA	0	0	0	0	0	0	0	1
LINC00320	21	ENSG00000224924	lncRNA	0	0	1	0	1	1	0	1
LINC00327	13	ENSG00000232977	lncRNA	0	0	0	0	1	0	0	0
LINC00333	13	ENSG00000233349	lncRNA	0	0	0	0	0	1	0	1
LINC00343	13	ENSG00000226620	lncRNA	0	0	0	0	1	0	0	1
LINC00348	13	ENSG00000226846	lncRNA	0	0	0	0	0	1	0	1
LINC00352	13	ENSG00000227893	lncRNA	0	0	0	0	0	1	0	1
LINC00353	13	ENSG00000236176	lncRNA	0	0	0	0	0	0	0	1
LINC00355	13	ENSG00000227674	lncRNA	0	0	0	0	1	0	0	0
LINC00364	13	ENSG00000230040	lncRNA	0	0	1	0	0	0	0	0
LINC00368	13	ENSG00000225870	lncRNA	0	0	0	0	0	1	0	0
LINC00376	13	ENSG00000227564	lncRNA	0	0	1	0	0	0	1	0
LINC00378	13	ENSG00000225249	lncRNA	0	0	0	0	0	1	0	1
LINC00379	13	ENSG00000229557	lncRNA	0	0	1	0	0	0	0	0
LINC00381	13	ENSG00000226240	lncRNA	0	0	0	0	0	1	0	1
LINC00392	13	ENSG00000228295	lncRNA	1	1	1	1	1	1	1	1
LINC00393	13	ENSG00000224853	lncRNA	0	0	0	0	0	1	1	1
LINC00395	13	ENSG00000231061	lncRNA	1	0	0	0	1	1	0	1
LINC00397	13	ENSG00000223404	lncRNA	0	0	0	0	0	0	1	0
LINC00410	13	ENSG00000231674	lncRNA	0	0	1	0	1	0	0	0
LINC00426	13	ENSG00000238121	lncRNA	0	0	0	0	0	0	0	1
LINC00431	13	ENSG00000225760	processed_transcript	0	1	1	0	0	1	0	1
LINC00433	13	ENSG00000229443	lncRNA	0	0	0	0	0	1	0	1
LINC00440	13	ENSG00000234660	lncRNA	0	0	0	0	0	0	0	1
LINC00448	13	ENSG00000228669	lncRNA	0	0	1	0	0	0	0	0
LINC00457	13	ENSG00000225179	lncRNA	0	0	0	0	1	0	0	0
LINC00458	13	ENSG00000234787	lncRNA	0	0	0	0	1	1	0	1
LINC00466	1	ENSG00000224209	lncRNA	0	0	0	1	0	0	0	0
LINC00467	1	ENSG00000153363	lncRNA	0	0	0	1	0	0	0	0
LINC00470	18	ENSG00000132204	lncRNA	0	0	0	0	1	0	0	0
LINC00472	6	ENSG00000233237	lncRNA	0	0	0	0	0	1	0	1
LINC00476	9	ENSG00000175611	lncRNA	0	0	0	0	0	1	0	1
LINC00491	5	ENSG00000250682	lncRNA	0	0	1	0	1	1	1	1
LINC00494	20	ENSG00000235621	lncRNA	0	0	0	0	0	1	0	0
LINC00499	4	ENSG00000251372	lncRNA	0	0	0	0	0	0	0	1
LINC00504	4	ENSG00000248360	lncRNA	0	0	1	0	1	1	1	1
LINC00507	12	ENSG00000256193	lncRNA	0	0	0	0	0	1	0	1
LINC00511	17	ENSG00000227036	lncRNA	0	0	0	0	0	1	0	1
LINC00514	16	ENSG00000262152	protein_coding	0	0	0	0	0	0	0	1
LINC00534	8	ENSG00000253394	lncRNA	1	0	0	0	0	1	0	1
LINC00535	8	ENSG00000246662	lncRNA	0	0	0	0	1	0	0	0
LINC00536	8	ENSG00000249917	lncRNA	0	0	0	0	1	0	0	0
LINC00544	13	ENSG00000122043	lncRNA	0	0	1	0	0	0	0	0
LINC00550	13	ENSG00000281778	lncRNA	0	0	1	0	0	0	0	0
LINC00551	13	ENSG00000272274	lncRNA	0	1	0	0	1	0	0	0
LINC00552	13	ENSG00000279770	TEC	0	0	0	0	1	0	0	0
LINC00558	13	ENSG00000261517	lncRNA	0	0	0	0	0	1	0	1
LINC00570	2	ENSG00000224177	lncRNA	0	0	0	0	0	0	0	1
LINC00578	3	ENSG00000228221	lncRNA	0	0	0	0	0	0	0	1
LINC00595	10	ENSG00000230417	lncRNA	0	0	0	0	0	1	0	0
LINC00598	13	ENSG00000215483	lncRNA	0	0	1	0	1	1	0	1
LINC00603	5	ENSG00000250048	lncRNA	0	0	0	0	1	0	0	0
LINC00604	5	ENSG00000250585	lncRNA	0	0	0	0	1	1	0	1
LINC00607	2	ENSG00000235770	lncRNA	0	0	0	0	0	1	0	1
LINC00616	4	ENSG00000248307	lncRNA	0	0	0	0	0	1	0	1
LINC00624	1	ENSG00000278811	lncRNA	0	0	0	0	0	1	0	0
LINC00626	1	ENSG00000225826	lncRNA	0	0	0	0	0	1	0	1
LINC00630	X	ENSG00000223546	lncRNA	0	0	1	0	0	0	0	1
LINC00632	X	ENSG00000203930	lncRNA	0	0	1	0	0	1	0	1
LINC00635	3	ENSG00000241469	lncRNA	0	0	0	0	0	0	0	1
LINC00639	14	ENSG00000259070	lncRNA	0	0	1	0	1	0	0	1
LINC00640	14	ENSG00000258479	lncRNA	0	0	0	0	0	0	1	0
LINC00645	14	ENSG00000258548	lncRNA	0	0	0	0	0	0	0	1
LINC00648	14	ENSG00000259129	lncRNA	0	0	1	0	1	1	1	1
LINC00652	20	ENSG00000179935	lncRNA	0	0	0	0	0	0	0	1
LINC00654	20	ENSG00000205181	lncRNA	1	1	0	0	0	0	0	0
LINC00658	20	ENSG00000226995	lncRNA	0	0	0	0	1	0	0	0
LINC00659	20	ENSG00000228705	lncRNA	0	0	0	1	0	0	0	0
LINC00662	19	ENSG00000261824	lncRNA	0	0	0	0	0	0	1	0
LINC00665	19	ENSG00000232677	lncRNA	1	1	0	0	0	0	0	0
LINC00671	17	ENSG00000213373	lncRNA	1	1	0	0	0	0	0	0
LINC00674	17	ENSG00000237854	processed_transcript	0	0	0	0	1	0	0	0
LINC00678	11	ENSG00000254934	lncRNA	0	0	1	0	1	1	1	1
LINC00683	18	ENSG00000266256	lncRNA	0	0	0	0	1	0	0	0
LINC00690	3	ENSG00000233570	lncRNA	0	0	0	0	0	1	0	1
LINC00698	3	ENSG00000244342	lncRNA	0	0	0	0	0	1	0	1
LINC00700	10	ENSG00000234962	lncRNA	1	1	0	0	0	1	0	0
LINC00706	10	ENSG00000281186	lncRNA	0	0	1	0	0	0	0	0
LINC00707	10	ENSG00000238266	lncRNA	0	0	0	0	0	1	0	1
LINC00708	10	ENSG00000232170	lncRNA	0	0	0	0	0	1	0	1
LINC00824	8	ENSG00000254275	lncRNA	0	0	0	0	0	1	0	1
LINC00836	10	ENSG00000280809	lncRNA	0	0	0	0	1	1	0	1
LINC00847	5	ENSG00000245060	lncRNA	0	0	0	0	0	0	0	1
LINC00850	X	ENSG00000280752	lncRNA	0	0	0	0	1	0	0	0
LINC00858	10	ENSG00000229404	lncRNA	0	0	1	0	1	1	1	1
LINC00861	8	ENSG00000245164	lncRNA	0	0	0	0	0	1	0	1
LINC00862	1	ENSG00000203721	lncRNA	0	0	0	0	0	1	0	0
LINC00865	10	ENSG00000232229	lncRNA	0	0	1	0	0	0	0	0
LINC00866	10	ENSG00000227356	lncRNA	0	0	0	0	0	0	0	1
LINC00868	17	ENSG00000267535	lncRNA	0	0	0	0	1	0	0	0
LINC00871	14	ENSG00000258700	lncRNA	0	0	0	0	0	0	0	1
LINC00879	3	ENSG00000239589	lncRNA	0	0	0	0	1	0	0	0
LINC00882	3	ENSG00000242759	lncRNA	0	0	1	0	1	1	0	1
LINC00894	X	ENSG00000235703	lncRNA	0	0	0	0	0	1	0	0
LINC00905	19	ENSG00000167459	lncRNA	0	0	0	0	1	0	0	0
LINC00907	18	ENSG00000267586	lncRNA	0	0	0	0	1	1	0	1
LINC00910	17	ENSG00000188825	lncRNA	0	0	0	0	1	0	0	1
LINC00917	16	ENSG00000168367	lncRNA	0	0	1	0	0	0	0	0
LINC00922	16	ENSG00000261742	lncRNA	0	0	0	0	0	1	0	1
LINC00923	15	ENSG00000251209	lncRNA	0	0	0	0	1	1	0	1
LINC00924	15	ENSG00000259134	lncRNA	0	0	0	0	0	0	0	1
LINC00927	15	ENSG00000259361	lncRNA	0	0	0	0	1	0	1	0
LINC00929	15	ENSG00000259150	lncRNA	0	0	0	0	1	0	0	0
LINC00930	15	ENSG00000258647	lncRNA	0	0	0	0	0	0	0	1
LINC00939	12	ENSG00000249267	lncRNA	0	0	0	0	1	1	0	1
LINC00944	12	ENSG00000256128	lncRNA	0	0	0	0	1	0	0	0
LINC00958	11	ENSG00000251381	lncRNA	0	0	0	0	1	0	0	0
LINC00964	8	ENSG00000249816	lncRNA	0	0	0	0	0	1	0	1
LINC00968	8	ENSG00000246430	lncRNA	0	0	0	0	0	1	0	1
LINC00970	1	ENSG00000203601	lncRNA	0	0	0	0	0	1	0	1
LINC00971	3	ENSG00000242641	lncRNA	0	0	0	0	0	1	0	1
LINC00972	7	ENSG00000225128	lncRNA	0	0	0	0	0	1	1	1
LINC00989	4	ENSG00000250334	lncRNA	0	0	0	0	0	1	0	1
LINC01004	7	ENSG00000228393	lncRNA	0	0	0	0	0	1	0	1
LINC01005	7	ENSG00000228564	lncRNA	0	0	1	0	0	0	0	0
LINC01017	5	ENSG00000250716	lncRNA	0	0	0	0	0	1	0	1
LINC01030	8	ENSG00000253799	lncRNA	0	0	0	0	1	1	0	1
LINC01031	1	ENSG00000232077	lncRNA	0	0	1	0	0	0	0	0
LINC01035	1	ENSG00000226486	lncRNA	1	1	0	0	0	0	0	1
LINC01047	13	ENSG00000232225	lncRNA	0	0	0	0	0	1	0	1
LINC01050	13	ENSG00000271216	lncRNA	0	0	0	0	0	1	0	1
LINC01052	13	ENSG00000234767	lncRNA	0	0	1	0	0	0	0	0
LINC01060	4	ENSG00000249378	lncRNA	0	0	0	0	1	0	0	0
LINC01065	13	ENSG00000237092	lncRNA	0	0	0	0	0	0	0	1
LINC01068	13	ENSG00000227676	lncRNA	0	0	0	0	0	1	0	1
LINC01070	13	ENSG00000260102	lncRNA	0	0	0	0	0	1	0	0
LINC01088	4	ENSG00000249307	lncRNA	0	0	0	0	1	1	0	1
LINC01090	2	ENSG00000231689	lncRNA	0	0	0	0	0	1	0	0
LINC01091	4	ENSG00000249464	lncRNA	0	0	0	0	0	0	0	1
LINC01099	4	ENSG00000251504	lncRNA	0	0	1	0	0	1	0	1
LINC01115	2	ENSG00000237667	lncRNA	0	0	0	1	0	0	0	0
LINC01118	2	ENSG00000222005	lncRNA	0	0	0	0	0	1	0	0
LINC01120	2	ENSG00000223631	lncRNA	0	0	0	0	0	0	1	0
LINC01122	2	ENSG00000233723	lncRNA	0	0	0	0	1	1	0	1
LINC01127	2	ENSG00000281162	lncRNA	0	0	0	0	1	0	0	0
LINC01128	1	ENSG00000228794	lncRNA	0	0	0	0	0	0	1	0
LINC01133	1	ENSG00000224259	lncRNA	0	0	0	0	0	1	0	1
LINC01146	14	ENSG00000258867	lncRNA	0	0	0	0	1	1	0	1
LINC01152	17	ENSG00000256124	lncRNA	0	0	0	0	0	1	0	1
LINC01170	5	ENSG00000253807	lncRNA	0	0	0	0	1	1	0	1
LINC01177	16	ENSG00000261397	lncRNA	0	0	0	0	0	1	0	1
LINC01180	17	ENSG00000266979	lncRNA	0	0	0	0	0	0	0	1
LINC01181	8	ENSG00000250929	lncRNA	0	0	0	0	0	0	0	1
LINC01184	5	ENSG00000245937	lncRNA	0	0	0	0	0	1	0	0
LINC01185	2	ENSG00000228414	lncRNA	0	0	0	0	1	0	0	0
LINC01192	3	ENSG00000241369	lncRNA	0	0	1	0	1	0	0	0
LINC01194	5	ENSG00000248131	lncRNA	1	1	0	0	0	0	0	0
LINC01198	13	ENSG00000231817	lncRNA	0	0	0	0	0	1	0	1
LINC01204	X	ENSG00000229563	lncRNA	0	0	0	0	0	1	0	1
LINC01205	3	ENSG00000228980	lncRNA	0	0	0	0	0	1	0	1
LINC01206	3	ENSG00000242512	lncRNA	0	0	0	0	1	0	0	0
LINC01208	3	ENSG00000223715	lncRNA	0	0	1	0	0	1	0	1
LINC01209	3	ENSG00000228308	lncRNA	0	0	1	0	1	1	0	1
LINC01218	4	ENSG00000251636	lncRNA	0	0	0	0	0	1	0	0
LINC01222	1	ENSG00000233410	lncRNA	0	0	0	1	0	0	0	0
LINC01224	19	ENSG00000269416	lncRNA	0	0	1	0	0	0	0	0
LINC01226	1	ENSG00000284543	lncRNA	0	0	0	0	1	0	0	0
LINC01228	16	ENSG00000261082	lncRNA	0	0	0	1	0	0	0	0
LINC01229	16	ENSG00000260876	lncRNA	1	1	1	1	1	1	1	1
LINC01231	9	ENSG00000236511	lncRNA	0	0	0	0	0	0	0	1
LINC01234	12	ENSG00000249550	lncRNA	0	0	0	0	1	0	0	1
LINC01235	9	ENSG00000270547	lncRNA	0	0	0	0	0	1	0	1
LINC01239	9	ENSG00000234840	retained_intron	0	0	1	0	0	1	0	1
LINC01247	2	ENSG00000227007	lncRNA	0	0	1	0	0	0	0	0
LINC01248	2	ENSG00000224128	lncRNA	0	0	1	0	0	0	0	0
LINC01252	12	ENSG00000247157	lncRNA	0	0	0	0	0	1	0	0
LINC01255	18	ENSG00000267252	lncRNA	0	0	0	0	0	0	0	1
LINC01266	3	ENSG00000224957	lncRNA	0	0	0	0	0	1	0	1
LINC01267	3	ENSG00000251576	lncRNA	0	0	0	1	0	0	0	0
LINC01269	14	ENSG00000258689	lncRNA	0	0	0	1	0	0	0	0
LINC01273	20	ENSG00000231742	lncRNA	0	0	0	0	0	1	0	0
LINC01278	X	ENSG00000235437	lncRNA	0	0	0	0	1	1	0	1
LINC01280	2	ENSG00000224391	lncRNA	0	0	0	0	0	1	0	1
LINC01282	X	ENSG00000236747	lncRNA	0	0	0	0	1	0	0	0
LINC01285	X	ENSG00000203650	lncRNA	0	0	0	1	0	1	0	0
LINC01287	7	ENSG00000234722	lncRNA	0	0	0	0	0	1	0	1
LINC01293	2	ENSG00000230836	lncRNA	0	0	0	0	1	0	0	0
LINC01299	8	ENSG00000254081	lncRNA	0	0	0	0	0	1	0	1
LINC01300	8	ENSG00000253595	lncRNA	0	0	1	0	0	0	0	0
LINC01301	8	ENSG00000251396	lncRNA	0	0	0	0	1	1	0	1
LINC01304	2	ENSG00000237401	lncRNA	0	0	0	0	0	1	0	0
LINC01310	22	ENSG00000205632	lncRNA	0	0	0	0	1	0	0	0
LINC01320	2	ENSG00000228262	lncRNA	1	0	0	0	1	1	0	1
LINC01322	3	ENSG00000244128	lncRNA	0	0	1	0	1	1	1	1
LINC01323	3	ENSG00000241636	lncRNA	0	0	0	0	1	0	0	0
LINC01324	3	ENSG00000241767	lncRNA	0	0	0	0	1	0	0	0
LINC01327	3	ENSG00000241669	lncRNA	0	0	0	0	0	1	0	1
LINC01333	5	ENSG00000249343	lncRNA	0	0	0	0	0	1	0	1
LINC01340	5	ENSG00000250331	lncRNA	0	0	0	0	1	0	0	0
LINC01344	1	ENSG00000228918	lncRNA	0	0	0	1	0	0	0	1
LINC01350	1	ENSG00000228309	lncRNA	1	1	0	0	0	0	0	0
LINC01354	1	ENSG00000231768	lncRNA	0	0	0	0	1	0	0	0
LINC01358	1	ENSG00000237352	lncRNA	0	0	1	0	0	1	0	1
LINC01364	1	ENSG00000227290	lncRNA	0	0	1	0	0	0	0	0
LINC01378	4	ENSG00000236922	lncRNA	0	0	0	0	0	1	0	1
LINC01386	5	ENSG00000251324	lncRNA	0	0	0	1	0	0	0	0
LINC01387	18	ENSG00000265944	lncRNA	0	0	0	0	0	1	0	0
LINC01393	7	ENSG00000225535	lncRNA	0	0	1	0	1	1	1	1
LINC01399	22	ENSG00000233080	processed_transcript	0	0	1	0	0	0	0	0
LINC01411	5	ENSG00000249306	lncRNA	1	1	0	0	0	0	0	0
LINC01414	8	ENSG00000253554	lncRNA	0	0	1	0	1	1	1	1
LINC01422	22	ENSG00000223704	lncRNA	0	0	0	0	1	0	0	0
LINC01426	21	ENSG00000234380	lncRNA	0	0	0	0	0	1	0	1
LINC01432	20	ENSG00000234435	lncRNA	0	0	0	0	0	1	0	1
LINC01435	10	ENSG00000229981	lncRNA	0	0	0	0	1	1	0	0
LINC01444	18	ENSG00000264301	lncRNA	0	0	0	0	0	1	0	0
LINC01445	7	ENSG00000231427	lncRNA	0	0	0	0	1	1	0	1
LINC01446	7	ENSG00000205628	lncRNA	0	0	1	0	0	1	0	0
LINC01447	7	ENSG00000236078	lncRNA	0	0	0	0	1	0	0	0
LINC01448	7	ENSG00000238284	lncRNA	0	0	1	0	0	1	0	0
LINC01449	7	ENSG00000224017	lncRNA	0	0	0	0	1	0	0	0
LINC01456	X	ENSG00000225882	lncRNA	0	0	1	0	1	1	1	1
LINC01470	5	ENSG00000249484	lncRNA	0	0	0	0	0	1	0	1
LINC01473	2	ENSG00000237877	lncRNA	0	0	1	1	1	1	0	1
LINC01474	9	ENSG00000236849	lncRNA	0	0	0	0	0	0	0	1
LINC01476	17	ENSG00000265313	lncRNA	0	0	0	0	0	1	0	1
LINC01478	18	ENSG00000267337	lncRNA	0	0	0	1	0	0	0	0
LINC01482	17	ENSG00000267659	lncRNA	0	0	0	0	0	0	0	1
LINC01485	5	ENSG00000254211	lncRNA	0	0	0	0	0	1	0	1
LINC01487	3	ENSG00000241336	lncRNA	0	0	0	0	0	0	1	0
LINC01491	15	ENSG00000259572	lncRNA	0	0	0	0	0	1	0	0
LINC01493	11	ENSG00000254562	lncRNA	0	0	0	0	0	0	0	1
LINC01497	17	ENSG00000237560	lncRNA	0	0	0	0	0	0	0	1
LINC01498	12	ENSG00000247213	lncRNA	0	0	0	0	0	1	0	1
LINC01499	11	ENSG00000255171	lncRNA	0	0	0	0	1	1	0	1
LINC01500	14	ENSG00000258583	lncRNA	0	0	0	0	0	1	0	1
LINC01501	9	ENSG00000229613	lncRNA	0	0	0	0	1	0	1	0
LINC01505	9	ENSG00000234323	lncRNA	0	0	0	1	1	1	0	1
LINC01507	9	ENSG00000230945	lncRNA	0	0	1	0	0	0	0	0
LINC01508	9	ENSG00000231107	lncRNA	1	0	0	0	0	1	0	1
LINC01509	9	ENSG00000226825	lncRNA	0	0	0	0	0	0	0	1
LINC01515	10	ENSG00000228065	lncRNA	0	0	1	0	1	1	0	1
LINC01517	10	ENSG00000232624	lncRNA	1	1	0	0	0	1	0	1
LINC01520	10	ENSG00000230962	lncRNA	0	0	0	0	1	0	0	0
LINC01522	20	ENSG00000237423	lncRNA	0	0	0	0	0	1	0	1
LINC01524	20	ENSG00000234948	lncRNA	0	0	1	0	1	1	0	1
LINC01527	1	ENSG00000224308	lncRNA	0	0	0	0	1	1	0	1
LINC01531	19	ENSG00000205786	lncRNA	0	0	1	0	1	0	0	0
LINC01539	18	ENSG00000267712	lncRNA	0	0	1	0	0	0	0	0
LINC01543	18	ENSG00000263862	lncRNA	0	0	0	0	0	0	0	1
LINC01545	X	ENSG00000204904	lncRNA	0	0	0	0	0	1	0	1
LINC01546	X	ENSG00000228459	lncRNA	0	0	0	0	0	1	0	1
LINC01548	21	ENSG00000229086	lncRNA	0	0	0	0	1	0	0	0
LINC01550	14	ENSG00000246223	lncRNA	0	0	0	0	0	1	0	1
LINC01551	14	ENSG00000186960	lncRNA	0	0	0	0	0	0	0	1
LINC01555	1	ENSG00000180869	lncRNA	0	0	0	0	0	1	0	1
LINC01558	6	ENSG00000146521	lncRNA	0	0	0	0	1	1	0	1
LINC01562	1	ENSG00000203356	lncRNA	0	0	0	0	1	0	0	0
LINC01563	17	ENSG00000236819	lncRNA	0	0	1	0	0	0	0	0
LINC01572	16	ENSG00000261008	lncRNA	0	0	1	0	0	0	1	0
LINC01579	15	ENSG00000258754	lncRNA	0	0	0	0	0	1	0	1
LINC01583	15	ENSG00000259518	lncRNA	0	0	0	0	0	1	0	1
LINC01588	14	ENSG00000214900	lncRNA	0	0	0	0	1	0	0	1
LINC01592	8	ENSG00000253658	lncRNA	0	0	0	0	0	1	0	0
LINC01593	2	ENSG00000231221	lncRNA	0	0	0	0	0	1	0	1
LINC01603	8	ENSG00000253479	lncRNA	0	0	0	0	0	1	0	0
LINC01605	8	ENSG00000253161	lncRNA	0	0	0	0	0	1	0	0
LINC01608	8	ENSG00000253877	lncRNA	0	0	1	0	0	0	0	1
LINC01609	8	ENSG00000253103	lncRNA	0	0	1	0	0	1	0	0
LINC01611	6	ENSG00000231776	lncRNA	0	0	1	0	0	0	0	0
LINC01618	4	ENSG00000250302	lncRNA	0	0	0	0	1	1	0	0
LINC01621	6	ENSG00000235357	lncRNA	0	0	0	0	0	1	0	1
LINC01622	6	ENSG00000286785	lncRNA	0	0	0	0	1	0	0	1
LINC01633	1	ENSG00000260976	lncRNA	0	0	1	0	1	1	1	1
LINC01638	22	ENSG00000233521	lncRNA	0	0	0	0	0	1	0	1
LINC01639	22	ENSG00000236117	lncRNA	0	0	0	1	0	1	0	0
LINC01644	22	ENSG00000218357	lncRNA	0	0	0	0	0	0	0	1
LINC01645	1	ENSG00000224968	lncRNA	0	0	0	1	0	0	0	0
LINC01653	1	ENSG00000232100	lncRNA	0	0	0	0	0	1	0	1
LINC01661	1	ENSG00000237460	lncRNA	0	0	0	0	0	1	0	1
LINC01672	1	ENSG00000228750	lncRNA	0	0	0	0	0	1	0	1
LINC01676	1	ENSG00000230768	lncRNA	0	0	0	1	0	0	0	1
LINC01682	1	ENSG00000227043	lncRNA	0	0	0	0	0	0	0	1
LINC01684	21	ENSG00000237484	lncRNA	0	0	1	1	1	0	0	0
LINC01687	21	ENSG00000233215	lncRNA	0	0	0	0	0	0	0	1
LINC01689	21	ENSG00000224832	lncRNA	0	0	0	0	0	1	0	1
LINC01693	1	ENSG00000227764	lncRNA	0	0	0	0	0	1	0	1
LINC01694	21	ENSG00000233922	lncRNA	0	0	0	0	0	0	0	1
LINC01695	21	ENSG00000236532	lncRNA	0	0	0	0	1	1	0	1
LINC01697	21	ENSG00000232079	lncRNA	0	0	0	0	1	1	0	1
LINC01701	1	ENSG00000232212	lncRNA	0	0	1	0	0	0	0	0
LINC01702	1	ENSG00000235200	lncRNA	0	0	0	0	1	1	0	1
LINC01706	20	ENSG00000224711	lncRNA	0	0	1	0	0	0	0	0
LINC01709	1	ENSG00000226715	lncRNA	0	0	0	0	0	1	0	1
LINC01717	1	ENSG00000232812	lncRNA	0	0	1	0	0	1	0	1
LINC01721	20	ENSG00000230133	lncRNA	0	0	0	0	1	0	1	1
LINC01722	20	ENSG00000233048	lncRNA	0	0	0	0	1	1	0	1
LINC01726	20	ENSG00000280350	lncRNA	0	0	0	0	0	1	0	0
LINC01739	1	ENSG00000229537	lncRNA	0	0	0	1	0	0	0	0
LINC01741	1	ENSG00000236720	lncRNA	0	0	0	0	0	0	1	0
LINC01743	1	ENSG00000242042	lncRNA	0	0	1	0	0	0	0	0
LINC01745	1	ENSG00000225919	lncRNA	0	0	0	0	0	1	0	1
LINC01748	1	ENSG00000226476	lncRNA	0	0	1	0	1	1	1	1
LINC01755	1	ENSG00000233079	lncRNA	0	0	1	0	0	0	0	0
LINC01762	1	ENSG00000233154	lncRNA	0	0	1	0	0	0	0	0
LINC01764	19	ENSG00000267308	lncRNA	0	0	0	0	0	0	1	0
LINC01768	1	ENSG00000228420	lncRNA	0	0	1	0	0	0	0	0
LINC01776	1	ENSG00000226053	lncRNA	0	0	0	0	1	0	0	0
LINC01778	1	ENSG00000223382	lncRNA	0	0	0	0	0	1	0	1
LINC01780	1	ENSG00000232650	lncRNA	0	0	0	0	1	0	0	0
LINC01788	1	ENSG00000229051	lncRNA	0	0	1	0	0	1	1	0
LINC01798	2	ENSG00000232046	lncRNA	0	0	0	0	0	1	0	1
LINC01801	19	ENSG00000267767	lncRNA	0	0	0	0	1	0	0	0
LINC01804	2	ENSG00000231031	lncRNA	0	0	0	0	1	1	0	1
LINC01807	2	ENSG00000232023	lncRNA	0	0	1	0	1	1	1	1
LINC01811	3	ENSG00000226320	lncRNA	0	0	1	0	0	1	0	1
LINC01814	2	ENSG00000236008	lncRNA	0	0	1	0	0	0	0	0
LINC01818	2	ENSG00000230645	lncRNA	0	0	0	0	0	1	0	0
LINC01823	2	ENSG00000224655	lncRNA	0	0	1	0	0	0	0	1
LINC01826	2	ENSG00000232740	lncRNA	1	1	0	0	0	0	0	0
LINC01828	2	ENSG00000235885	lncRNA	1	0	0	0	0	0	0	0
LINC01837	19	ENSG00000267489	lncRNA	0	0	0	0	0	1	0	1
LINC01841	19	ENSG00000266913	lncRNA	0	0	0	0	1	0	0	0
LINC01850	2	ENSG00000227708	lncRNA	0	0	1	0	0	0	0	0
LINC01872	19	ENSG00000268318	lncRNA	1	1	0	0	0	0	0	0
LINC01874	2	ENSG00000223985	lncRNA	0	0	0	0	1	0	0	0
LINC01876	2	ENSG00000226383	lncRNA	0	0	0	0	0	1	0	1
LINC01877	2	ENSG00000238217	lncRNA	0	0	0	0	0	0	0	1
LINC01885	2	ENSG00000237880	lncRNA	0	0	1	0	0	0	0	0
LINC01891	2	ENSG00000231682	lncRNA	0	0	1	0	0	0	0	0
LINC01897	18	ENSG00000267209	lncRNA	0	0	0	0	0	0	0	1
LINC01898	18	ENSG00000261194	lncRNA	0	0	0	0	0	1	0	0
LINC01899	18	ENSG00000265352	lncRNA	0	0	0	0	0	0	0	1
LINC01900	18	ENSG00000265758	lncRNA	0	0	0	0	0	0	0	1
LINC01901	18	ENSG00000267413	lncRNA	0	0	0	0	1	0	0	0
LINC01903	18	ENSG00000265555	lncRNA	0	0	0	0	1	0	0	0
LINC01907	2	ENSG00000226125	lncRNA	0	0	0	0	0	1	0	1
LINC01909	18	ENSG00000266258	lncRNA	0	0	0	0	1	1	0	1
LINC01911	2	ENSG00000231040	lncRNA	0	0	0	0	0	1	0	1
LINC01934	2	ENSG00000234663	lncRNA	0	0	0	0	0	1	0	1
LINC01939	2	ENSG00000228799	lncRNA	0	0	0	1	0	0	0	0
LINC01941	2	ENSG00000226813	lncRNA	0	0	0	0	0	0	1	0
LINC01947	5	ENSG00000254130	lncRNA	0	0	0	0	1	1	0	1
LINC01948	5	ENSG00000248727	lncRNA	0	0	0	0	0	1	0	0
LINC01950	5	ENSG00000251027	lncRNA	0	0	1	0	1	1	0	1
LINC01962	5	ENSG00000248473	lncRNA	0	0	1	0	0	0	0	0
LINC01965	2	ENSG00000256637	lncRNA	0	0	1	0	0	0	0	0
LINC01967	3	ENSG00000235493	lncRNA	0	0	1	0	1	1	1	1
LINC01992	17	ENSG00000260019	lncRNA	0	0	0	0	0	1	0	1
LINC01993	17	ENSG00000204277	lncRNA	0	0	1	0	0	0	0	0
LINC01997	3	ENSG00000241383	lncRNA	0	0	1	0	1	1	0	1
LINC02008	3	ENSG00000239440	lncRNA	0	0	0	0	0	1	0	0
LINC02013	3	ENSG00000228730	lncRNA	0	0	0	0	1	0	0	0
LINC02020	3	ENSG00000234548	lncRNA	0	0	1	0	0	0	0	0
LINC02022	3	ENSG00000232746	lncRNA	0	0	0	0	0	0	1	0
LINC02024	3	ENSG00000241213	lncRNA	0	0	0	0	0	1	0	1
LINC02025	3	ENSG00000242339	lncRNA	0	0	0	0	0	1	0	1
LINC02027	3	ENSG00000243694	lncRNA	0	0	0	0	0	1	0	1
LINC02028	3	ENSG00000230102	lncRNA	0	0	0	0	1	0	0	1
LINC02031	3	ENSG00000238837	lncRNA	0	0	1	0	0	0	0	0
LINC02042	3	ENSG00000240893	lncRNA	0	0	0	0	0	0	0	1
LINC02046	3	ENSG00000242440	lncRNA	0	0	0	0	1	1	0	1
LINC02049	3	ENSG00000243593	lncRNA	0	0	0	0	0	1	0	1
LINC02050	3	ENSG00000242781	lncRNA	0	0	0	0	1	1	0	1
LINC02053	3	ENSG00000241696	lncRNA	0	0	0	0	1	0	0	0
LINC02055	8	ENSG00000254101	lncRNA	0	0	1	0	1	1	1	1
LINC02062	5	ENSG00000248489	lncRNA	0	0	0	0	0	1	0	1
LINC02064	5	ENSG00000248391	lncRNA	0	0	1	0	0	0	0	0
LINC02077	3	ENSG00000244461	lncRNA	0	0	0	1	0	0	0	0
LINC02080	17	ENSG00000267065	lncRNA	0	0	1	0	1	0	0	0
LINC02082	3	ENSG00000242268	lncRNA	0	0	0	0	0	1	0	1
LINC02086	17	ENSG00000244649	lncRNA	0	0	0	0	0	0	0	1
LINC02087	17	ENSG00000237057	lncRNA	0	0	0	1	0	0	0	1
LINC02092	17	ENSG00000234721	lncRNA	0	0	0	0	0	1	0	1
LINC02093	17	ENSG00000234634	lncRNA	0	0	0	0	0	1	0	1
LINC02100	5	ENSG00000248693	lncRNA	0	0	1	0	0	0	0	0
LINC02103	5	ENSG00000249785	lncRNA	0	0	0	0	0	1	0	1
LINC02108	5	ENSG00000250127	lncRNA	0	0	0	0	0	1	0	1
LINC02109	5	ENSG00000259786	lncRNA	0	0	0	0	0	1	0	1
LINC02111	5	ENSG00000250822	lncRNA	0	0	0	0	0	0	0	1
LINC02117	5	ENSG00000248539	lncRNA	0	0	0	0	0	0	1	0
LINC02120	5	ENSG00000248279	lncRNA	0	0	1	0	1	1	1	1
LINC02125	16	ENSG00000250514	lncRNA	0	0	0	0	0	1	0	1
LINC02128	16	ENSG00000261241	lncRNA	0	0	0	0	1	0	0	0
LINC02137	16	ENSG00000260186	lncRNA	0	0	0	0	0	0	0	1
LINC02144	5	ENSG00000248708	lncRNA	0	0	0	0	0	1	0	0
LINC02146	5	ENSG00000249490	lncRNA	0	0	0	0	0	1	0	1
LINC02147	5	ENSG00000249797	lncRNA	0	0	0	0	0	0	0	1
LINC02148	5	ENSG00000250427	lncRNA	1	1	1	1	1	1	1	1
LINC02150	5	ENSG00000248150	lncRNA	0	0	1	0	1	1	0	1
LINC02154	X	ENSG00000235385	lncRNA	0	0	0	0	0	1	0	1
LINC02156	12	ENSG00000257906	lncRNA	0	0	0	0	0	1	0	1
LINC02160	5	ENSG00000251443	lncRNA	0	0	0	0	0	1	0	1
LINC02161	5	ENSG00000250437	lncRNA	0	0	0	0	1	0	0	0
LINC02169	16	ENSG00000259517	lncRNA	0	0	0	0	0	1	0	1
LINC02174	4	ENSG00000249297	lncRNA	0	0	1	0	1	0	0	0
LINC02183	16	ENSG00000283304	lncRNA	0	0	0	0	0	1	0	1
LINC02188	16	ENSG00000261175	lncRNA	0	0	0	0	0	0	0	1
LINC02190	16	ENSG00000261475	lncRNA	0	0	0	1	1	0	0	0
LINC02196	5	ENSG00000250974	lncRNA	0	0	0	0	1	1	0	1
LINC02199	5	ENSG00000250198	lncRNA	0	0	0	0	0	1	0	1
LINC02207	15	ENSG00000258476	lncRNA	0	0	0	0	0	1	0	1
LINC02208	5	ENSG00000250891	lncRNA	0	0	0	0	1	0	0	0
LINC02209	8	ENSG00000253279	lncRNA	0	0	0	0	1	0	0	0
LINC02211	5	ENSG00000245662	lncRNA	0	0	0	0	0	0	1	0
LINC02214	5	ENSG00000251311	lncRNA	0	0	0	0	1	1	0	1
LINC02216	5	ENSG00000249551	lncRNA	0	0	0	0	0	1	0	1
LINC02218	5	ENSG00000249662	protein_coding	0	0	1	0	0	0	0	0
LINC02219	5	ENSG00000253787	lncRNA	0	0	0	0	0	1	0	1
LINC02220	5	ENSG00000248457	lncRNA	0	0	0	1	1	0	0	0
LINC02223	5	ENSG00000249937	lncRNA	0	0	0	0	0	1	0	1
LINC02228	5	ENSG00000251273	lncRNA	0	0	1	0	0	0	0	0
LINC02231	12	ENSG00000248995	lncRNA	0	0	0	0	0	0	0	1
LINC02232	4	ENSG00000250125	lncRNA	0	0	1	0	0	0	0	0
LINC02234	5	ENSG00000248202	lncRNA	0	0	1	0	1	1	1	1
LINC02235	8	ENSG00000254689	lncRNA	0	0	0	0	0	1	0	1
LINC02236	5	ENSG00000251365	lncRNA	0	0	0	0	1	0	0	0
LINC02237	8	ENSG00000253434	lncRNA	0	0	1	0	0	0	0	1
LINC02240	5	ENSG00000260192	lncRNA	0	0	0	0	1	1	0	1
LINC02241	5	ENSG00000251629	lncRNA	0	0	1	0	0	1	0	1
LINC02242	5	ENSG00000249736	lncRNA	1	1	1	1	1	1	1	1
LINC02245	2	ENSG00000237638	lncRNA	0	0	0	0	0	0	0	1
LINC02246	21	ENSG00000281903	lncRNA	0	0	0	0	0	1	0	1
LINC02252	15	ENSG00000261304	lncRNA	0	0	0	0	0	1	0	1
LINC02253	15	ENSG00000259485	lncRNA	0	0	1	0	1	1	1	1
LINC02261	4	ENSG00000249699	lncRNA	0	0	0	0	1	1	0	1
LINC02263	4	ENSG00000228358	lncRNA	0	0	1	0	1	1	1	1
LINC02269	4	ENSG00000250708	lncRNA	0	0	0	0	1	1	0	1
LINC02272	4	ENSG00000251283	lncRNA	0	0	0	0	0	1	0	1
LINC02286	14	ENSG00000258098	lncRNA	0	1	0	0	0	0	0	0
LINC02290	14	ENSG00000258502	lncRNA	0	0	0	0	0	0	0	1
LINC02296	14	ENSG00000258859	lncRNA	0	0	1	0	0	0	0	0
LINC02301	14	ENSG00000258743	lncRNA	0	0	1	0	0	0	0	1
LINC02303	14	ENSG00000258616	lncRNA	0	0	1	0	0	1	0	1
LINC02304	14	ENSG00000259110	lncRNA	0	0	0	0	1	0	0	0
LINC02305	14	ENSG00000258532	lncRNA	0	0	0	0	1	0	0	0
LINC02307	14	ENSG00000258969	lncRNA	0	0	1	0	1	1	0	1
LINC02308	14	ENSG00000258675	lncRNA	0	0	0	0	0	1	0	0
LINC02309	14	ENSG00000258994	lncRNA	0	0	0	0	0	1	0	1
LINC02310	14	ENSG00000258808	lncRNA	0	0	1	0	1	1	0	1
LINC02311	14	ENSG00000258718	lncRNA	0	0	0	0	0	0	1	0
LINC02312	14	ENSG00000258869	lncRNA	0	0	0	0	0	1	0	1
LINC02319	14	ENSG00000258694	lncRNA	0	1	0	0	0	0	0	0
LINC02320	14	ENSG00000258404	lncRNA	0	0	0	0	0	0	1	0
LINC02321	14	ENSG00000258884	lncRNA	0	0	0	0	1	0	0	1
LINC02324	14	ENSG00000255002	lncRNA	0	0	0	0	0	1	0	1
LINC02327	14	ENSG00000258038	lncRNA	0	0	0	0	0	1	0	1
LINC02328	14	ENSG00000258733	lncRNA	0	0	0	0	0	0	0	1
LINC02334	13	ENSG00000274317	lncRNA	0	0	1	0	1	1	1	1
LINC02338	13	ENSG00000277448	lncRNA	0	0	0	0	0	1	0	1
LINC02340	13	ENSG00000275294	lncRNA	0	0	0	0	0	1	1	1
LINC02341	13	ENSG00000283554	lncRNA	1	1	1	1	1	1	1	1
LINC02345	15	ENSG00000259225	lncRNA	0	0	0	0	0	1	0	1
LINC02346	15	ENSG00000206187	lncRNA	0	0	1	0	1	0	0	0
LINC02347	12	ENSG00000214043	lncRNA	0	0	0	0	1	0	0	0
LINC02349	15	ENSG00000259284	lncRNA	0	0	0	0	0	1	0	0
LINC02355	4	ENSG00000248210	lncRNA	0	0	1	0	1	0	0	0
LINC02359	12	ENSG00000284848	lncRNA	0	0	0	0	0	1	0	1
LINC02360	4	ENSG00000248300	lncRNA	0	0	0	0	0	0	1	0
LINC02362	4	ENSG00000249096	lncRNA	0	0	1	0	0	0	0	0
LINC02363	4	ENSG00000180712	lncRNA	0	0	0	0	0	1	0	1
LINC02364	4	ENSG00000250190	lncRNA	0	0	1	0	1	1	0	0
LINC02372	12	ENSG00000249873	lncRNA	0	0	0	0	0	0	0	1
LINC02374	4	ENSG00000249747	lncRNA	0	0	0	0	0	1	0	1
LINC02376	12	ENSG00000256292	lncRNA	0	0	0	0	0	0	1	0
LINC02377	4	ENSG00000250102	lncRNA	0	0	0	0	1	0	0	0
LINC02379	4	ENSG00000251649	lncRNA	0	0	0	0	0	1	0	1
LINC02380	4	ENSG00000248505	lncRNA	0	0	0	0	0	1	0	1
LINC02382	4	ENSG00000250968	lncRNA	0	0	0	0	0	0	0	1
LINC02383	4	ENSG00000248143	lncRNA	0	0	0	0	0	0	0	1
LINC02384	12	ENSG00000251301	lncRNA	0	0	1	0	0	0	0	0
LINC02389	12	ENSG00000255693	lncRNA	0	0	0	0	0	0	0	1
LINC02392	12	ENSG00000258183	lncRNA	0	0	0	0	1	1	0	1
LINC02394	12	ENSG00000258332	lncRNA	0	0	0	0	0	1	0	1
LINC02395	12	ENSG00000257771	lncRNA	0	0	0	0	0	1	0	1
LINC02396	12	ENSG00000258135	lncRNA	0	0	0	0	0	1	0	1
LINC02401	12	ENSG00000257762	lncRNA	0	0	0	0	0	1	0	1
LINC02402	12	ENSG00000257510	lncRNA	0	0	0	0	0	1	0	1
LINC02404	12	ENSG00000257893	lncRNA	0	0	0	0	0	1	0	0
LINC02405	12	ENSG00000249345	lncRNA	0	0	0	0	1	1	0	0
LINC02408	12	ENSG00000203585	lncRNA	0	0	0	0	0	0	0	1
LINC02416	12	ENSG00000257924	lncRNA	0	0	0	0	0	0	0	1
LINC02419	12	ENSG00000256906	lncRNA	0	0	1	0	0	0	0	0
LINC02421	12	ENSG00000255970	lncRNA	0	0	1	0	1	1	1	1
LINC02428	4	ENSG00000248740	lncRNA	0	0	1	0	0	0	0	0
LINC02432	4	ENSG00000248810	lncRNA	0	0	0	0	1	1	0	1
LINC02436	4	ENSG00000250754	lncRNA	0	0	0	1	1	1	1	1
LINC02444	12	ENSG00000258123	lncRNA	0	0	0	0	0	0	1	0
LINC02446	12	ENSG00000256039	lncRNA	0	0	0	0	1	1	0	1
LINC02447	4	ENSG00000245468	lncRNA	0	0	1	0	0	0	0	0
LINC02448	12	ENSG00000257230	lncRNA	0	0	0	0	0	1	0	1
LINC02450	12	ENSG00000257114	lncRNA	0	0	1	0	0	0	0	0
LINC02451	12	ENSG00000257164	lncRNA	0	0	0	0	0	0	0	1
LINC02462	4	ENSG00000251291	lncRNA	0	0	0	0	1	0	0	0
LINC02465	4	ENSG00000249618	lncRNA	0	0	0	0	1	1	0	1
LINC02466	4	ENSG00000246876	lncRNA	0	0	0	1	0	1	0	1
LINC02469	4	ENSG00000248408	lncRNA	0	0	0	0	0	0	0	1
LINC02474	1	ENSG00000228437	lncRNA	0	0	0	0	0	0	0	1
LINC02477	4	ENSG00000249425	lncRNA	0	0	0	0	0	0	1	0
LINC02482	4	ENSG00000251580	lncRNA	0	0	0	0	0	0	0	1
LINC02483	4	ENSG00000251383	lncRNA	0	0	0	0	1	0	0	0
LINC02484	4	ENSG00000248685	lncRNA	0	0	1	0	0	0	1	0
LINC02488	5	ENSG00000249362	lncRNA	0	0	1	0	0	0	0	0
LINC02492	4	ENSG00000250590	lncRNA	0	0	0	0	0	0	0	1
LINC02495	4	ENSG00000249896	processed_transcript	0	0	0	0	0	0	0	1
LINC02497	4	ENSG00000251182	lncRNA	0	0	1	0	0	0	0	0
LINC02501	4	ENSG00000249882	lncRNA	0	0	1	0	1	1	0	1
LINC02505	4	ENSG00000248215	lncRNA	0	0	0	0	0	1	0	1
LINC02507	4	ENSG00000251688	lncRNA	0	0	0	0	0	1	0	0
LINC02511	4	ENSG00000248869	lncRNA	0	0	1	0	0	0	0	0
LINC02515	4	ENSG00000250620	lncRNA	0	0	0	0	0	0	0	1
LINC02516	4	ENSG00000261083	lncRNA	0	0	0	0	1	0	0	0
LINC02521	6	ENSG00000228718	lncRNA	1	0	0	0	0	0	0	0
LINC02522	6	ENSG00000231056	lncRNA	0	0	1	0	0	0	0	0
LINC02525	6	ENSG00000230269	lncRNA	0	0	0	0	0	1	0	1
LINC02531	6	ENSG00000220908	lncRNA	0	0	0	0	1	1	0	1
LINC02532	6	ENSG00000235142	lncRNA	0	0	0	0	0	1	0	1
LINC02542	6	ENSG00000226453	lncRNA	0	0	1	0	1	1	1	1
LINC02546	11	ENSG00000255117	lncRNA	0	0	0	0	0	1	0	1
LINC02548	11	ENSG00000255411	lncRNA	0	0	0	0	1	0	0	0
LINC02549	6	ENSG00000226497	lncRNA	0	0	0	0	0	1	0	1
LINC02552	11	ENSG00000256422	lncRNA	0	0	0	0	1	1	0	1
LINC02568	15	ENSG00000259459	lncRNA	0	0	0	0	0	1	0	1
LINC02569	6	ENSG00000235781	lncRNA	0	0	0	0	1	0	0	0
LINC02572	2	ENSG00000229536	lncRNA	0	0	0	0	1	0	0	0
LINC02577	7	ENSG00000228742	lncRNA	0	0	0	0	0	1	0	1
LINC02594	17	ENSG00000267440	lncRNA	0	0	0	0	0	1	0	1
LINC02607	1	ENSG00000228971	lncRNA	0	0	1	0	0	1	0	1
LINC02621	10	ENSG00000234756	lncRNA	0	0	0	0	1	1	0	1
LINC02624	10	ENSG00000229775	lncRNA	0	0	0	0	0	1	0	1
LINC02625	10	ENSG00000233643	lncRNA	0	0	0	0	1	0	0	0
LINC02628	10	ENSG00000226412	lncRNA	0	0	0	0	0	1	0	1
LINC02633	10	ENSG00000224265	lncRNA	0	0	0	0	0	0	0	1
LINC02641	10	ENSG00000230131	lncRNA	0	0	0	0	0	1	0	1
LINC02642	10	ENSG00000232591	lncRNA	0	0	0	0	0	0	0	1
LINC02645	10	ENSG00000234170	lncRNA	0	0	0	0	1	0	0	1
LINC02649	10	ENSG00000215244	lncRNA	1	0	0	0	0	1	0	1
LINC02652	10	ENSG00000237128	lncRNA	0	0	0	0	0	0	0	1
LINC02653	10	ENSG00000236373	lncRNA	0	0	0	0	0	0	1	0
LINC02661	10	ENSG00000223381	lncRNA	0	0	0	0	0	1	0	1
LINC02663	10	ENSG00000228636	lncRNA	0	0	0	0	1	0	0	0
LINC02668	10	ENSG00000226762	lncRNA	0	0	0	0	1	0	0	1
LINC02671	10	ENSG00000224714	lncRNA	0	0	1	0	0	0	0	0
LINC02674	10	ENSG00000234952	lncRNA	0	0	0	0	1	0	0	0
LINC02682	11	ENSG00000254661	lncRNA	0	0	0	0	0	1	0	0
LINC02693	17	ENSG00000212719	lncRNA	0	0	0	0	0	1	0	1
LINC02694	15	ENSG00000175779	lncRNA	0	0	0	0	0	0	0	1
LINC02697	11	ENSG00000255327	lncRNA	1	1	0	0	0	1	0	0
LINC02698	11	ENSG00000256717	lncRNA	0	0	0	0	0	0	0	1
LINC02699	11	ENSG00000254456	lncRNA	0	0	0	1	1	0	1	0
LINC02704	11	ENSG00000255079	lncRNA	0	0	1	0	0	0	0	0
LINC02715	11	ENSG00000254659	lncRNA	0	0	0	0	0	1	0	1
LINC02718	11	ENSG00000255418	lncRNA	0	0	0	0	0	1	0	1
LINC02725	11	ENSG00000273415	lncRNA	0	0	1	0	0	0	0	0
LINC02740	11	ENSG00000255109	lncRNA	0	0	1	0	1	1	1	1
LINC02741	11	ENSG00000255388	lncRNA	0	0	1	0	0	0	0	0
LINC02742	11	ENSG00000249867	lncRNA	0	0	0	0	0	1	0	1
LINC02748	11	ENSG00000255187	lncRNA	0	0	0	0	0	1	0	1
LINC02749	11	ENSG00000254480	lncRNA	0	0	0	0	0	1	0	1
LINC02751	11	ENSG00000254946	lncRNA	0	0	0	0	1	1	0	1
LINC02755	11	ENSG00000254530	lncRNA	0	0	0	0	0	0	1	0
LINC02756	11	ENSG00000255332	lncRNA	0	0	1	0	0	0	0	0
LINC02757	11	ENSG00000255363	lncRNA	0	0	1	0	1	1	1	1
LINC02759	11	ENSG00000255175	lncRNA	0	0	0	0	0	1	0	1
LINC02763	11	ENSG00000254968	lncRNA	0	0	1	0	1	0	0	0
LINC02765	1	ENSG00000234476	lncRNA	0	0	0	0	1	0	0	0
LINC02770	1	ENSG00000228215	lncRNA	0	0	0	0	0	1	0	1
LINC02775	1	ENSG00000283518	lncRNA	0	0	0	0	0	1	0	1
LINC02780	1	ENSG00000284668	lncRNA	0	0	0	0	0	1	0	1
LINC02782	1	ENSG00000231510	lncRNA	0	0	0	0	0	1	0	1
LINC02783	1	ENSG00000204362	lncRNA	0	0	1	0	0	0	0	0
LINC02790	1	ENSG00000237435	lncRNA	0	0	0	0	0	1	0	0
LINC02791	1	ENSG00000235446	lncRNA	0	0	0	0	0	1	0	1
LINC02796	1	ENSG00000227016	lncRNA	0	0	1	0	0	0	0	0
LINC02797	1	ENSG00000285808	lncRNA	0	0	0	0	0	1	0	1
LINC02808	1	ENSG00000284696	lncRNA	0	0	0	0	1	0	0	0
LINC02814	1	ENSG00000236975	lncRNA	0	0	0	0	0	1	0	1
LINC02815	1	ENSG00000282111	lncRNA	0	0	0	0	0	1	0	1
LINC02820	12	ENSG00000258815	lncRNA	0	0	1	0	1	1	1	1
LINC02822	12	ENSG00000286021	lncRNA	0	0	0	0	0	1	0	1
LINC02824	12	ENSG00000255998	lncRNA	0	0	1	0	0	0	0	0
LINC02826	12	ENSG00000275212	lncRNA	0	0	0	0	0	1	0	1
LINC02829	6	ENSG00000229274	lncRNA	1	1	1	0	0	0	0	0
LINC02831	2	ENSG00000224173	lncRNA	0	0	0	0	0	1	0	0
LINC02832	2	ENSG00000227308	lncRNA	0	0	0	0	1	0	0	0
LINC02839	8	ENSG00000254123	lncRNA	0	0	0	0	0	1	0	1
LINC02840	6	ENSG00000224893	lncRNA	0	0	0	0	0	1	0	1
LINC02842	8	ENSG00000254119	lncRNA	0	0	1	0	1	1	0	1
LINC02847	8	ENSG00000253702	lncRNA	0	0	1	0	0	0	0	0
LINC02849	8	ENSG00000285768	lncRNA	0	0	0	0	0	1	0	1
LINC02853	15	ENSG00000259245	lncRNA	0	0	0	0	0	1	0	1
LINC02854	7	ENSG00000238131	lncRNA	0	0	0	0	0	0	0	1
LINC02855	8	ENSG00000254209	lncRNA	0	0	1	0	0	1	0	1
LINC02857	6	ENSG00000230852	lncRNA	1	1	0	0	0	0	0	0
LINC02858	16	ENSG00000285869	lncRNA	1	1	0	0	0	0	0	0
LINC02860	7	ENSG00000222004	lncRNA	0	0	0	0	0	0	0	1
LINC02864	18	ENSG00000263711	lncRNA	0	0	0	0	0	0	0	1
LINC2194	16	ENSG00000260264	lncRNA	0	0	0	0	0	1	0	1
LINP1	10	ENSG00000223784	lncRNA	0	0	0	1	0	0	0	0
LIPC	15	ENSG00000166035	protein_coding	0	0	0	0	0	0	0	1
LIPE-AS1	19	ENSG00000213904	lncRNA	0	0	1	0	0	0	0	0
LIPI	21	ENSG00000188992	protein_coding	0	0	1	0	0	0	0	0
LIPJ	10	ENSG00000204022	protein_coding	0	0	0	0	0	1	0	1
LITAFD	16	ENSG00000283516	protein_coding	0	0	0	1	0	0	0	0
LMAN1L	15	ENSG00000140506	protein_coding	0	0	0	0	1	0	0	0
LMBR1	7	ENSG00000105983	protein_coding	0	0	0	1	0	0	0	0
LMBRD1	6	ENSG00000168216	protein_coding	0	0	0	0	0	1	0	1
LMCD1-AS1	3	ENSG00000227110	lncRNA	0	0	0	0	0	1	0	1
LMLN	3	ENSG00000185621	protein_coding	0	0	0	0	1	0	0	0
LMO7	13	ENSG00000136153	protein_coding	0	0	0	0	0	0	0	1
LNC-LBCS	6	ENSG00000228412	lncRNA	0	0	0	0	0	1	0	1
LNCAROD	10	ENSG00000231131	lncRNA	0	0	0	0	0	0	0	1
LNCARSR	9	ENSG00000233086	lncRNA	0	0	0	0	0	1	0	1
LNCOC1	8	ENSG00000253741	lncRNA	0	0	0	0	1	0	0	0
LNCOG	12	ENSG00000257219	lncRNA	0	0	0	0	0	1	0	1
LNCPRESS2	4	ENSG00000249152	lncRNA	0	0	1	0	1	1	1	1
LNPK	2	ENSG00000144320	protein_coding	0	0	1	0	0	0	0	0
LNX1	4	ENSG00000072201	protein_coding	0	0	0	0	1	0	0	0
LOR	1	ENSG00000203782	protein_coding	0	0	0	0	0	1	0	1
LPAL2	6	ENSG00000213071	transcribed_unprocessed_pseudogene	0	0	0	0	0	0	1	0
LPIN1	2	ENSG00000134324	protein_coding	0	0	1	0	0	0	0	0
LRATD1	2	ENSG00000162981	processed_transcript	0	0	0	0	0	1	0	1
LRIG2-DT	1	ENSG00000238198	lncRNA	0	0	0	0	1	0	0	0
LRP2BP	4	ENSG00000109771	protein_coding	0	0	1	0	0	0	0	0
LRRC34P1	12	ENSG00000256371	processed_pseudogene	0	0	0	0	1	1	0	1
LRRC36	16	ENSG00000159708	protein_coding	0	0	1	0	0	0	0	0
LRRC37A11P	17	ENSG00000214553	transcribed_unprocessed_pseudogene	0	0	0	0	0	0	1	0
LRRC37A12P	1	ENSG00000229259	unprocessed_pseudogene	0	0	1	0	0	0	0	0
LRRC37A3	17	ENSG00000176809	protein_coding	0	0	0	0	1	0	0	0
LRRC39	1	ENSG00000122477	protein_coding	0	0	0	0	0	0	0	1
LRRC49	15	ENSG00000137821	protein_coding	0	0	0	0	0	1	0	1
LRRC4C	11	ENSG00000148948	protein_coding	0	0	1	0	1	1	1	1
LRRC52-AS1	1	ENSG00000237463	lncRNA	0	0	0	0	0	1	0	0
LRRC63	13	ENSG00000173988	protein_coding	0	0	1	0	0	0	0	0
LRRC66	4	ENSG00000188993	protein_coding	0	0	0	0	0	1	0	1
LRRC71	1	ENSG00000160838	protein_coding	0	0	0	0	0	0	0	1
LRRC8C	1	ENSG00000171488	processed_transcript	0	0	0	0	0	0	1	0
LRRC8E	19	ENSG00000171017	protein_coding	0	0	0	0	0	1	0	1
LRRTM4	2	ENSG00000176204	protein_coding	0	0	1	0	1	1	1	1
LSM3P3	2	ENSG00000225787	processed_pseudogene	0	0	1	0	0	0	0	0
LTBP1	2	ENSG00000049323	protein_coding	0	0	0	0	0	1	0	0
LTBP4	19	ENSG00000090006	protein_coding	0	0	0	0	0	1	0	1
LUADT1	6	ENSG00000196634	lncRNA	0	0	0	0	1	0	0	0
LUCAT1	5	ENSG00000248323	lncRNA	0	0	0	0	0	1	0	1
LUNAR1	15	ENSG00000278090	lncRNA	0	0	0	0	0	0	1	0
LUZP4	X	ENSG00000102021	protein_coding	0	0	0	0	0	1	0	0
LY6K	8	ENSG00000160886	protein_coding	0	0	0	0	0	0	0	1
LY9	1	ENSG00000122224	protein_coding	0	0	0	0	0	1	0	1
LYG1	2	ENSG00000144214	protein_coding	0	0	0	0	0	0	0	1
LYPD4	19	ENSG00000273111	protein_coding	0	0	0	0	0	0	0	1
LYPD6	2	ENSG00000187123	protein_coding	1	1	0	0	0	0	0	0
LYPLA1P3	6	ENSG00000218350	processed_pseudogene	0	0	1	0	1	1	1	1
LYPLA2P3	9	ENSG00000236604	processed_pseudogene	0	0	0	0	1	0	0	0
LYPLAL1	1	ENSG00000143353	protein_coding	0	0	0	0	0	1	0	0
LYPLAL1-AS1	1	ENSG00000228536	lncRNA	0	0	1	0	1	1	1	1
LZIC	1	ENSG00000162441	protein_coding	0	0	0	0	0	0	0	1
MACC1	7	ENSG00000183742	protein_coding	0	0	0	0	0	0	0	1
MACF1	1	ENSG00000127603	protein_coding	0	0	0	0	0	1	0	0
MACROD2	20	ENSG00000172264	protein_coding	0	0	0	0	0	0	0	1
MADD	11	ENSG00000110514	protein_coding	0	0	0	1	0	0	0	0
MAFA-AS1	8	ENSG00000254338	lncRNA	0	0	0	0	1	0	0	0
MAFTRR	16	ENSG00000261390	lncRNA	0	0	0	0	0	1	0	0
MAGEA10-MAGEA5	X	ENSG00000266560	lncRNA	0	0	1	0	0	0	0	0
MAGEA4-AS1	X	ENSG00000229967	lncRNA	0	0	0	0	0	1	0	1
MAGEB16	X	ENSG00000189023	protein_coding	0	0	0	0	1	0	0	0
MAGEB17	X	ENSG00000182798	protein_coding	0	0	0	0	0	1	0	0
MAGEB3	X	ENSG00000198798	protein_coding	0	0	1	0	1	1	0	1
MAGEB5	X	ENSG00000188408	protein_coding	0	0	1	0	0	1	0	1
MAGEB6	X	ENSG00000176746	protein_coding	0	0	0	0	1	1	0	1
MAGEC1	X	ENSG00000155495	protein_coding	1	1	0	0	1	0	0	0
MAGEC3	X	ENSG00000165509	protein_coding	0	0	0	0	0	0	0	1
MAGI2-AS3	7	ENSG00000234456	lncRNA	0	0	0	0	0	1	0	1
MAGOH3P	14	ENSG00000270975	unprocessed_pseudogene	0	0	0	0	0	1	0	1
MAL2	8	ENSG00000147676	protein_coding	1	1	1	1	1	1	1	1
MALRD1	10	ENSG00000204740	protein_coding	1	0	0	0	0	0	0	0
MAMDC4	9	ENSG00000177943	protein_coding	0	0	0	0	0	0	1	0
MAN1A2	1	ENSG00000198162	protein_coding	0	0	0	0	0	1	0	0
MAN2B2	4	ENSG00000013288	protein_coding	0	0	0	0	0	1	0	1
MAP1LC3BP1	9	ENSG00000231909	transcribed_processed_pseudogene	0	0	0	0	0	0	0	1
MAP4K1	19	ENSG00000104814	protein_coding	1	1	0	0	0	0	0	0
MAP4K3-DT	2	ENSG00000231312	lncRNA	0	0	0	0	0	1	0	0
MAP6	11	ENSG00000171533	protein_coding	0	0	0	0	0	0	0	1
MAP7	6	ENSG00000135525	protein_coding	0	1	0	0	0	0	0	0
MAPK6P6	10	ENSG00000226389	processed_pseudogene	0	0	0	0	0	1	0	1
MAPK8IP2	22	ENSG00000008735	protein_coding	0	0	0	0	0	0	1	0
MARK2P10	7	ENSG00000227284	processed_pseudogene	0	0	0	0	0	1	0	1
MARK2P11	5	ENSG00000253743	unprocessed_pseudogene	0	0	0	0	0	1	0	0
MARK2P14	3	ENSG00000231897	unprocessed_pseudogene	0	0	0	1	0	0	0	0
MAS1L	6	ENSG00000204687	protein_coding	0	0	0	0	0	0	1	0
MAST2	1	ENSG00000086015	processed_transcript	0	0	1	0	0	0	0	0
MCF2L	13	ENSG00000126217	protein_coding	0	0	0	0	0	1	0	0
MCHR2-AS1	6	ENSG00000229315	lncRNA	1	1	1	1	1	1	1	1
MCM4	8	ENSG00000104738	protein_coding	0	0	0	0	0	1	0	0
MCRIP1	17	ENSG00000225663	protein_coding	0	0	1	0	0	0	0	0
MCTP2	15	ENSG00000140563	protein_coding	0	0	0	0	0	0	1	0
MCTS1	X	ENSG00000232119	processed_transcript	0	0	0	0	0	1	0	1
MDS2	1	ENSG00000197880	lncRNA	0	0	0	0	0	1	0	0
MED16	19	ENSG00000175221	protein_coding	0	0	0	0	0	0	1	0
MED18	1	ENSG00000130772	protein_coding	0	0	0	0	0	0	0	1
MEF2BNBP1	12	ENSG00000256844	processed_pseudogene	0	0	1	0	0	0	0	0
MEF2C-AS1	5	ENSG00000248309	lncRNA	0	0	1	0	0	1	0	1
MEG8	14	ENSG00000225746	lncRNA	0	0	1	0	0	0	0	1
MEGF10	5	ENSG00000145794	protein_coding	0	0	0	0	0	1	0	1
MEMO1P3	3	ENSG00000239238	processed_pseudogene	0	0	0	0	0	1	0	1
MEMO1P5	13	ENSG00000271492	processed_pseudogene	0	0	0	0	1	0	0	0
MEP1AP1	9	ENSG00000283246	unprocessed_pseudogene	0	0	0	1	0	0	0	0
MEPE	4	ENSG00000152595	protein_coding	0	0	0	0	1	0	0	0
MESP2	15	ENSG00000188095	protein_coding	0	0	0	0	0	0	0	1
METRN	16	ENSG00000103260	protein_coding	0	0	0	0	0	1	0	0
METTL15	11	ENSG00000169519	nonsense_mediated_decay	0	0	0	0	0	1	0	0
METTL27	7	ENSG00000165171	protein_coding	0	0	0	0	1	0	0	0
MFAP5	12	ENSG00000197614	protein_coding	0	0	0	0	0	1	0	1
MFSD13A	10	ENSG00000138111	protein_coding	0	0	0	0	1	0	0	0
MGAM	7	ENSG00000257335	protein_coding	0	0	0	0	0	0	0	1
MGAM2	7	ENSG00000257743	protein_coding	0	0	0	0	0	1	0	1
MGAT4D	4	ENSG00000205301	protein_coding	0	0	1	0	0	1	0	0
MGAT4FP	1	ENSG00000234761	transcribed_unprocessed_pseudogene	0	0	1	0	0	0	0	0
MIA3	1	ENSG00000154305	protein_coding	0	0	0	0	1	1	0	0
MIATNB	22	ENSG00000244625	lncRNA	0	0	0	0	0	1	0	1
MID1	X	ENSG00000101871	protein_coding	0	0	0	0	1	1	0	1
MIER3	5	ENSG00000155545	protein_coding	0	0	0	0	0	1	0	0
MIGA2	9	ENSG00000148343	protein_coding	0	0	0	0	0	1	0	0
MILR1	17	ENSG00000271605	protein_coding	0	0	0	0	0	0	0	1
MIPEPP1	7	ENSG00000225358	processed_pseudogene	0	0	1	0	1	1	1	1
MIPEPP2	1	ENSG00000224783	processed_pseudogene	0	0	0	0	1	1	0	0
MIR100HG	11	ENSG00000255248	lncRNA	0	0	1	0	0	0	0	0
MIR122HG	18	ENSG00000267391	lncRNA	0	0	0	0	0	1	0	0
MIR1302-4	2	ENSG00000221628	miRNA	1	0	0	0	0	0	0	0
MIR1321	X	ENSG00000283435	miRNA	0	0	0	0	1	0	0	0
MIR137HG	1	ENSG00000225206	lncRNA	0	0	0	0	0	1	0	1
MIR193BHG	16	ENSG00000262454	lncRNA	0	0	1	0	0	0	0	0
MIR2052HG	8	ENSG00000254349	lncRNA	0	0	1	0	1	1	1	1
MIR2117HG	17	ENSG00000267151	lncRNA	1	1	1	1	1	1	1	1
MIR3144	6	ENSG00000265725	miRNA	0	0	1	0	0	0	0	0
MIR3168	13	ENSG00000264226	miRNA	0	0	0	0	1	0	0	0
MIR3681HG	2	ENSG00000224184	lncRNA	0	0	0	0	1	1	0	1
MIR3683	7	ENSG00000266287	miRNA	0	0	0	1	0	0	0	0
MIR378F	1	ENSG00000264926	miRNA	0	0	1	0	0	0	0	0
MIR3936HG	5	ENSG00000233006	lncRNA	0	0	0	0	0	1	0	0
MIR3976HG	18	ENSG00000261738	lncRNA	0	0	0	0	1	0	0	0
MIR4255	1	ENSG00000264698	miRNA	0	0	0	0	0	1	0	1
MIR4290HG	9	ENSG00000227555	lncRNA	0	0	1	0	1	1	0	1
MIR4300HG	11	ENSG00000245832	lncRNA	0	0	1	0	1	1	0	1
MIR4325	20	ENSG00000266666	miRNA	0	0	0	0	0	1	0	1
MIR4421	1	ENSG00000265538	miRNA	0	0	1	0	0	0	0	0
MIR4424	1	ENSG00000266417	miRNA	0	0	0	0	0	0	0	1
MIR4478	9	ENSG00000266583	miRNA	0	0	0	0	0	0	0	1
MIR4500HG	13	ENSG00000228824	lncRNA	0	0	0	0	1	1	0	1
MIR4527HG	18	ENSG00000267761	lncRNA	0	0	1	0	0	0	0	0
MIR548AE2	5	ENSG00000265699	miRNA	0	0	1	0	0	0	0	0
MIR548X2	13	ENSG00000263581	miRNA	0	0	0	0	1	0	0	0
MIR572	4	ENSG00000207716	miRNA	0	0	0	0	0	1	0	1
MIR6078	10	ENSG00000274809	miRNA	0	0	0	0	0	1	0	1
MIR646HG	20	ENSG00000228340	lncRNA	0	0	1	0	1	1	0	1
MIR663AHG	20	ENSG00000227195	lncRNA	0	0	0	1	0	0	0	0
MIR7-3HG	19	ENSG00000176840	lncRNA	0	0	1	0	0	0	0	0
MIR924HG	18	ENSG00000267374	lncRNA	0	0	0	0	0	1	0	0
MIR99AHG	21	ENSG00000215386	lncRNA	0	0	1	0	1	1	0	1
MKI67P1	X	ENSG00000270499	processed_pseudogene	0	0	0	0	0	0	0	1
MKNK2P1	10	ENSG00000233533	processed_pseudogene	0	0	0	1	0	0	0	0
MKRN7P	20	ENSG00000225849	processed_transcript	0	0	0	0	1	0	1	0
MKX-AS1	10	ENSG00000230500	lncRNA	0	0	0	0	0	1	0	1
MLH1	3	ENSG00000076242	protein_coding	0	0	0	0	0	1	0	1
MLLT10	10	ENSG00000078403	protein_coding	0	0	0	0	0	1	0	1
MNS1	15	ENSG00000138587	protein_coding	0	0	0	1	0	0	0	0
MOBP	3	ENSG00000168314	protein_coding	0	0	0	0	0	1	0	1
MOGAT1	2	ENSG00000124003	protein_coding	0	0	0	0	0	0	1	0
MORC2	22	ENSG00000133422	protein_coding	0	0	0	0	1	1	0	1
MORF4L1P5	X	ENSG00000231857	processed_pseudogene	0	0	1	0	0	0	0	0
MORF4L1P6	X	ENSG00000233162	processed_pseudogene	0	0	1	0	0	0	0	0
MPP4	2	ENSG00000082126	protein_coding	0	0	1	0	0	0	0	0
MPPE1	18	ENSG00000154889	protein_coding	0	0	1	0	0	0	0	0
MRAP	21	ENSG00000170262	protein_coding	0	0	1	0	0	0	0	0
MREG	2	ENSG00000118242	protein_coding	0	0	0	0	0	1	0	1
MRLN	10	ENSG00000227877	protein_coding	0	0	1	0	0	1	0	1
MROH2A	2	ENSG00000185038	protein_coding	1	1	1	0	0	1	0	0
MRPL35P2	10	ENSG00000232075	processed_pseudogene	0	0	0	0	0	0	0	1
MRPL3P1	13	ENSG00000215349	processed_pseudogene	0	0	0	1	0	0	0	0
MRPL42P3	6	ENSG00000219297	processed_pseudogene	0	0	0	0	0	0	0	1
MRPL43	10	ENSG00000055950	protein_coding	0	0	0	0	0	1	0	0
MRPS11P1	20	ENSG00000225803	processed_pseudogene	0	0	0	0	0	0	0	1
MRPS18BP2	2	ENSG00000235232	processed_pseudogene	0	0	0	0	0	1	0	0
MRPS31P5	13	ENSG00000243406	processed_transcript	0	0	0	1	1	0	0	0
MRPS5P3	5	ENSG00000214743	processed_pseudogene	0	0	0	0	0	1	0	1
MRRFP1	X	ENSG00000224236	processed_pseudogene	0	0	0	0	1	0	0	1
MS4A15	11	ENSG00000166961	protein_coding	0	0	0	0	0	0	0	1
MS4A18	11	ENSG00000214782	protein_coding	0	0	0	0	0	0	0	1
MS4A4E	11	ENSG00000214787	protein_coding	0	0	0	0	0	0	1	0
MSANTD1	4	ENSG00000188981	protein_coding	0	0	0	0	0	0	0	1
MSANTD2P1	21	ENSG00000231058	processed_pseudogene	0	0	0	0	1	1	0	1
MSC-AS1	8	ENSG00000235531	lncRNA	0	0	0	0	0	1	0	1
MSH2	2	ENSG00000095002	nonsense_mediated_decay	0	0	0	0	1	0	0	0
MSR1	8	ENSG00000038945	protein_coding	0	0	0	0	0	1	0	1
MSRB3	12	ENSG00000174099	protein_coding	0	0	0	0	0	1	0	1
MT1HL1	1	ENSG00000244020	protein_coding	0	0	0	0	1	1	0	1
MT2P1	4	ENSG00000162840	processed_pseudogene	0	0	0	0	1	1	0	1
MTCL1P1	13	ENSG00000226554	processed_pseudogene	0	0	0	0	0	1	0	1
MTCO1P21	1	ENSG00000226960	unprocessed_pseudogene	0	0	1	0	0	0	0	0
MTCO1P56	6	ENSG00000220340	processed_pseudogene	0	0	0	0	0	1	0	1
MTCO2P30	5	ENSG00000250808	processed_pseudogene	0	0	0	0	0	1	0	1
MTCYBP19	8	ENSG00000253504	unprocessed_pseudogene	0	0	0	0	0	1	0	1
MTCYBP21	21	ENSG00000224747	processed_pseudogene	0	0	0	1	0	0	0	0
MTCYBP24	7	ENSG00000236232	unprocessed_pseudogene	0	0	0	0	0	1	0	1
MTCYBP41	11	ENSG00000254650	processed_pseudogene	0	0	0	0	0	1	0	1
MTERF1	7	ENSG00000127989	protein_coding	0	0	0	0	0	1	0	1
MTG1	10	ENSG00000148824	protein_coding	0	0	1	0	0	0	0	0
MTHFD1	14	ENSG00000100714	protein_coding	0	0	0	0	0	1	0	1
MTHFD1L	6	ENSG00000120254	protein_coding	0	0	0	0	0	1	0	1
MTHFD2L	4	ENSG00000163738	nonsense_mediated_decay	0	0	0	0	0	1	0	1
MTHFD2P1	3	ENSG00000244681	processed_transcript	0	0	0	0	1	1	0	1
MTHFD2P7	3	ENSG00000181260	processed_pseudogene	0	0	0	0	0	0	0	1
MTLN	2	ENSG00000175701	protein_coding	0	0	0	0	1	0	0	0
MTND1P29	2	ENSG00000237722	unprocessed_pseudogene	0	0	1	0	0	0	0	0
MTND2P7	8	ENSG00000253970	processed_pseudogene	0	0	0	0	0	1	0	1
MTND2P9	9	ENSG00000225901	unprocessed_pseudogene	0	0	0	0	0	0	0	1
MTND4P6	7	ENSG00000224042	processed_pseudogene	0	0	0	0	0	0	0	1
MTND4P9	4	ENSG00000250050	unprocessed_pseudogene	0	0	0	0	0	1	0	1
MTO1	6	ENSG00000135297	protein_coding	0	0	0	0	0	1	0	1
MTRF1LP2	8	ENSG00000224110	processed_pseudogene	0	0	0	0	1	0	0	0
MTRNR2L13	4	ENSG00000270394	protein_coding	0	0	1	0	0	0	0	0
MTRNR2L9	6	ENSG00000255633	processed_pseudogene	0	0	0	0	0	0	0	1
MUC12	7	ENSG00000205277	protein_coding	1	1	0	0	1	0	0	0
MUC13	3	ENSG00000173702	processed_transcript	0	0	0	0	1	0	0	0
MUC16	19	ENSG00000181143	protein_coding	0	0	1	0	1	1	0	1
MUC17	7	ENSG00000169876	protein_coding	0	0	1	0	0	0	0	0
MUC19	12	ENSG00000205592	processed_transcript	0	0	0	1	0	1	1	1
MUC20-OT1	3	ENSG00000242086	lncRNA	0	0	1	0	0	0	0	0
MUC22	6	ENSG00000261272	protein_coding	0	0	0	0	1	1	0	1
MUC4	3	ENSG00000145113	protein_coding	1	1	0	0	0	0	0	0
MUC5AC	11	ENSG00000215182	protein_coding	0	0	1	0	0	0	1	0
MUC5B	11	ENSG00000117983	protein_coding	0	0	1	0	0	1	1	1
MUCL1	12	ENSG00000172551	processed_transcript	0	0	0	0	0	1	0	1
MYEOV	11	ENSG00000172927	protein_coding	0	0	0	0	0	1	0	0
MYH15	3	ENSG00000144821	protein_coding	0	0	0	0	1	1	0	1
MYH9	22	ENSG00000100345	protein_coding	0	0	0	0	0	0	0	1
MYHAS	17	ENSG00000272975	lncRNA	0	0	0	0	0	1	0	0
MYL12AP1	8	ENSG00000254387	processed_pseudogene	0	0	0	0	0	1	0	1
MYL12BP2	4	ENSG00000227765	processed_pseudogene	0	0	0	0	1	0	0	1
MYLK	3	ENSG00000065534	protein_coding	0	0	0	0	0	1	0	1
MYLK3	16	ENSG00000140795	protein_coding	0	0	1	0	0	0	0	0
MYLKP1	3	ENSG00000228868	unprocessed_pseudogene	0	0	0	1	0	0	0	0
MYO3A	10	ENSG00000095777	protein_coding	0	0	0	0	1	0	0	0
MYO7A	11	ENSG00000137474	protein_coding	0	0	0	0	0	1	0	0
MYO9B	19	ENSG00000099331	protein_coding	0	0	0	0	1	0	0	0
MYOCOS	1	ENSG00000283683	protein_coding	0	0	0	0	1	0	0	0
N4BP1	16	ENSG00000102921	retained_intron	0	0	0	0	0	1	0	1
NAA25	12	ENSG00000111300	protein_coding	0	0	0	0	0	1	0	0
NAA80	3	ENSG00000243477	protein_coding	0	0	0	0	0	1	0	1
NAALADL2	3	ENSG00000177694	protein_coding	0	0	0	0	0	1	0	1
NACA2	17	ENSG00000253506	protein_coding	0	0	0	0	0	0	0	1
NANOGNBP1	2	ENSG00000226034	processed_pseudogene	0	0	0	0	0	0	0	1
NANOGP1	12	ENSG00000176654	processed_transcript	0	0	0	0	1	0	0	0
NANS	9	ENSG00000095380	protein_coding	0	0	0	0	0	0	0	1
NAP1L3	X	ENSG00000186310	protein_coding	0	0	0	0	0	1	0	1
NAPGP1	10	ENSG00000271408	processed_pseudogene	0	0	0	0	0	0	0	1
NARS1P2	8	ENSG00000253789	transcribed_processed_pseudogene	0	0	1	0	0	0	0	0
NAT16	7	ENSG00000167011	protein_coding	1	1	1	1	1	1	1	1
NBEA	13	ENSG00000172915	protein_coding	0	0	0	0	0	1	0	0
NBPF1	1	ENSG00000219481	protein_coding	0	0	1	1	0	0	0	0
NBPF11	1	ENSG00000263956	protein_coding	0	0	0	0	0	0	1	0
NBPF13P	1	ENSG00000227242	unprocessed_pseudogene	1	1	0	0	0	0	0	0
NBPF21P	3	ENSG00000231382	unprocessed_pseudogene	0	0	1	0	0	0	0	0
NBPF3	1	ENSG00000142794	protein_coding	0	0	0	1	0	0	0	0
NCF4-AS1	22	ENSG00000183822	lncRNA	0	0	0	0	0	0	0	1
NCR2	6	ENSG00000096264	protein_coding	0	0	0	0	1	0	0	0
NCR3LG1	11	ENSG00000188211	protein_coding	0	0	0	0	0	1	0	1
NDUFA4P2	3	ENSG00000236691	processed_pseudogene	0	0	1	0	0	1	0	1
NDUFA6-DT	22	ENSG00000237037	retained_intron	0	0	0	0	1	0	0	0
NDUFAF6	8	ENSG00000156170	processed_transcript	0	0	0	0	0	0	0	1
NDUFB10P1	15	ENSG00000260870	processed_pseudogene	0	0	0	0	1	1	0	1
NDUFB4P12	4	ENSG00000124399	processed_pseudogene	0	0	1	0	0	0	0	0
NDUFB9P2	7	ENSG00000236281	processed_pseudogene	0	0	0	0	0	1	0	1
NDUFC2	11	ENSG00000151366	protein_coding	0	0	0	0	0	1	0	1
NDUFC2-KCTD14	11	ENSG00000259112	protein_coding	0	0	0	0	0	0	0	1
NDUFS5P4	4	ENSG00000251437	processed_pseudogene	0	0	0	0	0	1	0	1
NDUFV2P1	19	ENSG00000267809	processed_pseudogene	0	0	0	0	1	0	0	0
NEBL	10	ENSG00000078114	protein_coding	0	0	0	0	0	1	0	1
NECTIN3-AS1	3	ENSG00000242242	lncRNA	0	0	1	0	1	1	1	1
NEFHP1	1	ENSG00000223489	processed_pseudogene	0	0	0	0	0	1	0	1
NEFM	8	ENSG00000104722	protein_coding	0	0	0	0	0	1	0	1
NEK11	3	ENSG00000114670	protein_coding	0	0	0	0	0	1	0	1
NEK4	3	ENSG00000114904	protein_coding	0	0	0	0	1	0	0	0
NEK5	13	ENSG00000197168	protein_coding	0	0	0	0	0	0	0	1
NELFB	9	ENSG00000188986	protein_coding	0	0	0	0	0	0	0	1
NES	1	ENSG00000132688	protein_coding	0	0	0	0	0	1	0	0
NEURL3	2	ENSG00000163121	protein_coding	0	0	0	0	1	1	0	1
NF1P5	18	ENSG00000175319	processed_pseudogene	0	0	1	0	0	0	0	0
NFYC	1	ENSG00000066136	protein_coding	0	0	0	0	0	1	0	0
NGLY1	3	ENSG00000151092	protein_coding	0	0	0	0	0	0	0	1
NIFK-AS1	2	ENSG00000236859	lncRNA	0	0	0	0	1	0	0	0
NIFKP7	3	ENSG00000251590	unprocessed_pseudogene	0	0	0	0	0	1	0	1
NIPA2P5	13	ENSG00000236277	processed_pseudogene	0	0	1	0	1	1	0	1
NIPAL3	1	ENSG00000001461	protein_coding	0	0	0	0	0	0	0	1
NKAPP1	X	ENSG00000233382	processed_transcript	0	0	0	0	1	0	1	0
NKRF	X	ENSG00000186416	protein_coding	0	0	0	0	0	0	0	1
NLN	5	ENSG00000123213	protein_coding	0	0	1	0	0	1	0	0
NLRP1	17	ENSG00000091592	protein_coding	0	0	0	0	0	1	0	1
NLRP10	11	ENSG00000182261	protein_coding	1	1	1	1	1	1	1	1
NLRP4	19	ENSG00000160505	protein_coding	1	1	0	0	0	0	0	0
NLRP9	19	ENSG00000185792	protein_coding	0	0	1	0	0	0	0	0
NLRP9P1	12	ENSG00000256581	unprocessed_pseudogene	0	0	0	1	0	0	0	0
NMNAT1P5	15	ENSG00000259573	processed_pseudogene	0	0	0	0	0	0	0	1
NMNAT3	3	ENSG00000163864	protein_coding	0	0	1	0	1	1	0	1
NMT1	17	ENSG00000136448	protein_coding	0	0	0	0	0	1	0	1
NOP53-AS1	19	ENSG00000269656	lncRNA	0	0	1	0	1	0	0	0
NOSTRIN	2	ENSG00000163072	protein_coding	0	0	0	0	0	1	0	1
NOX4	11	ENSG00000086991	protein_coding	0	0	0	0	0	0	0	1
NPAP1	15	ENSG00000185823	protein_coding	0	0	0	0	0	0	0	1
NPAP1P2	10	ENSG00000214695	processed_pseudogene	0	0	0	1	0	0	0	0
NPC1L1	7	ENSG00000015520	protein_coding	0	0	0	0	0	1	0	1
NPHP3-AS1	3	ENSG00000248724	lncRNA	0	0	1	0	0	0	0	0
NPIPB13	16	ENSG00000198064	protein_coding	0	0	0	1	0	0	0	0
NPM1P10	6	ENSG00000214428	processed_pseudogene	0	0	0	0	0	0	0	1
NPM1P14	7	ENSG00000182965	processed_pseudogene	0	0	0	0	0	1	0	1
NPM1P17	3	ENSG00000242070	processed_pseudogene	0	0	0	0	0	1	0	1
NPM1P18	7	ENSG00000225739	processed_pseudogene	0	0	0	0	1	0	0	0
NPM1P2	18	ENSG00000266227	processed_pseudogene	0	0	0	0	0	1	0	0
NPM1P33	2	ENSG00000213925	processed_pseudogene	0	0	0	0	0	1	0	1
NPM1P46	2	ENSG00000213104	processed_pseudogene	0	0	0	0	0	1	0	1
NPM1P51	6	ENSG00000230913	processed_pseudogene	0	0	0	0	1	0	0	0
NPM1P9	X	ENSG00000231066	processed_pseudogene	0	0	0	0	0	1	0	1
NPSR1	7	ENSG00000187258	protein_coding	0	0	1	0	0	0	0	0
NPSR1-AS1	7	ENSG00000197085	lncRNA	0	0	0	0	0	0	0	1
NPW	16	ENSG00000183971	protein_coding	0	0	0	0	1	0	0	0
NPY4R	10	ENSG00000204174	protein_coding	0	0	0	0	0	1	0	0
NPY6R	5	ENSG00000226306	processed_transcript	0	0	0	0	0	1	0	1
NR1H5P	1	ENSG00000227970	unitary_pseudogene	0	0	0	0	1	0	0	0
NR2F1-AS1	5	ENSG00000237187	lncRNA	0	0	0	0	0	1	0	1
NR2F2-AS1	15	ENSG00000247809	lncRNA	0	0	0	0	0	1	0	1
NRG1	8	ENSG00000157168	protein_coding	1	1	0	0	0	0	0	0
NRG4	15	ENSG00000169752	protein_coding	0	0	0	1	1	0	0	0
NRIR	2	ENSG00000225964	lncRNA	0	0	0	0	0	1	1	1
NRM	6	ENSG00000137404	protein_coding	0	0	0	0	0	1	0	0
NRXN1	2	ENSG00000179915	protein_coding	0	0	0	0	0	0	0	1
NSD2	4	ENSG00000109685	protein_coding	0	0	1	0	0	0	0	0
NSG1	4	ENSG00000168824	protein_coding	0	0	0	0	0	0	0	1
NSL1	1	ENSG00000117697	protein_coding	0	0	0	0	0	1	0	1
NSMCE1-DT	16	ENSG00000245888	lncRNA	0	0	0	0	0	0	0	1
NUBPL	14	ENSG00000151413	protein_coding	0	0	0	0	1	1	0	1
NUDT2	9	ENSG00000164978	protein_coding	0	0	0	0	0	0	0	1
NUMA1	11	ENSG00000137497	protein_coding	0	0	0	0	0	1	0	1
NUP210P1	3	ENSG00000198284	processed_transcript	0	0	0	0	0	0	1	0
NUP35	2	ENSG00000163002	protein_coding	0	0	0	0	0	0	0	1
NUP35P2	7	ENSG00000226285	processed_pseudogene	0	0	0	0	0	0	0	1
NUS1P1	X	ENSG00000235636	processed_pseudogene	0	0	1	0	0	0	0	0
NUTF2P2	14	ENSG00000258300	processed_pseudogene	0	0	0	0	0	1	0	0
NUTM2A-AS1	10	ENSG00000223482	lncRNA	0	0	0	1	1	0	0	0
NUTM2F	9	ENSG00000130950	protein_coding	0	0	1	0	0	0	0	0
NWD1	19	ENSG00000188039	protein_coding	1	0	0	0	0	0	0	0
NXNL2	9	ENSG00000130045	protein_coding	0	0	0	0	0	0	1	0
NXPE1	11	ENSG00000095110	protein_coding	0	0	0	0	1	0	0	0
NXT1P1	13	ENSG00000214823	processed_pseudogene	0	0	1	0	0	0	0	0
NXT2	X	ENSG00000101888	protein_coding	0	0	0	0	0	0	0	1
OACYLP	18	ENSG00000224367	transcribed_unitary_pseudogene	0	0	0	0	0	1	0	1
OASL2P	12	ENSG00000283542	unitary_pseudogene	0	0	0	0	0	0	0	1
OBI1-AS1	13	ENSG00000234377	lncRNA	0	0	1	0	1	1	0	1
OBP2B	9	ENSG00000171102	protein_coding	0	0	0	0	1	0	0	0
OFCC1	6	ENSG00000181355	processed_transcript	0	0	0	0	1	1	0	1
OLA1P3	12	ENSG00000257966	processed_pseudogene	0	0	1	0	0	0	0	0
OLFML2A	9	ENSG00000185585	protein_coding	0	0	0	0	0	1	0	1
OLMALINC	10	ENSG00000235823	lncRNA	0	0	1	0	0	0	0	1
OOSP1	11	ENSG00000284873	protein_coding	0	0	0	0	1	0	0	0
OOSP3	11	ENSG00000285231	protein_coding	0	0	0	1	1	0	0	0
OR10A7	12	ENSG00000179919	protein_coding	0	0	0	0	1	0	0	0
OR10AD1	12	ENSG00000172640	protein_coding	0	0	0	0	0	1	0	0
OR10G2	14	ENSG00000255582	protein_coding	0	0	1	0	0	0	0	0
OR10G4	11	ENSG00000254737	protein_coding	1	1	0	0	0	0	0	0
OR10J4	1	ENSG00000249730	polymorphic_pseudogene	0	0	0	0	0	0	0	1
OR10K1	1	ENSG00000173285	protein_coding	0	0	0	1	0	0	0	0
OR10R1P	1	ENSG00000227445	unprocessed_pseudogene	0	0	0	0	1	0	0	0
OR11A1	6	ENSG00000204694	protein_coding	1	0	0	0	0	0	0	0
OR2AD1P	6	ENSG00000223677	unprocessed_pseudogene	0	0	0	0	1	0	0	0
OR2B11	1	ENSG00000177535	protein_coding	0	0	1	0	0	0	0	0
OR2B2	6	ENSG00000168131	protein_coding	0	0	1	0	0	0	0	0
OR2B6	6	ENSG00000124657	protein_coding	0	0	0	0	1	0	0	0
OR2J3	6	ENSG00000204701	protein_coding	0	0	0	0	0	0	1	0
OR2M7	1	ENSG00000177186	protein_coding	0	0	0	0	0	0	1	0
OR2T10	1	ENSG00000184022	protein_coding	1	1	1	0	1	0	0	0
OR2T33	1	ENSG00000177212	protein_coding	0	0	0	1	0	0	0	0
OR2T35	1	ENSG00000177151	protein_coding	0	0	0	0	0	0	1	0
OR2W5	1	ENSG00000203664	processed_transcript	0	0	0	1	0	0	0	0
OR3A2	17	ENSG00000221882	protein_coding	0	0	0	0	0	0	1	0
OR4C14P	11	ENSG00000233301	unprocessed_pseudogene	0	0	1	0	0	0	0	0
OR4D9	11	ENSG00000172742	protein_coding	0	0	1	0	0	0	0	0
OR4E2	14	ENSG00000221977	protein_coding	0	0	0	0	0	1	0	1
OR4K2	14	ENSG00000165762	protein_coding	0	0	0	0	0	1	0	1
OR4X1	11	ENSG00000176567	protein_coding	0	0	0	0	1	0	0	0
OR51F2	11	ENSG00000176925	protein_coding	0	0	1	0	0	0	0	0
OR52E2	11	ENSG00000176787	protein_coding	0	0	0	0	1	0	0	0
OR52K3P	11	ENSG00000225101	processed_transcript	0	0	1	0	0	0	0	0
OR52Z1	11	ENSG00000176748	unprocessed_pseudogene	1	1	0	0	0	0	0	0
OR56A3	11	ENSG00000184478	protein_coding	0	0	0	0	0	1	0	0
OR56A7P	11	ENSG00000255481	unprocessed_pseudogene	0	0	0	0	1	0	0	0
OR56B1	11	ENSG00000181023	protein_coding	0	0	0	0	0	1	0	1
OR5AU1	14	ENSG00000169327	protein_coding	0	0	1	0	0	0	0	0
OR5D16	11	ENSG00000205029	protein_coding	0	0	0	0	1	0	0	0
OR5G5P	11	ENSG00000205025	processed_transcript	0	0	0	0	0	0	1	0
OR5P3	11	ENSG00000182334	protein_coding	0	0	1	0	0	0	0	0
OR5S1P	2	ENSG00000213048	unitary_pseudogene	0	0	0	0	1	0	0	0
OR6B2	2	ENSG00000182083	protein_coding	0	0	0	0	0	0	1	0
OR6C1	12	ENSG00000205330	protein_coding	0	0	0	1	0	0	0	0
OR6C6	12	ENSG00000188324	protein_coding	0	0	0	0	1	0	0	0
OR6C65	12	ENSG00000205328	protein_coding	0	0	0	0	0	0	1	0
OR6C71P	12	ENSG00000203408	processed_transcript	0	0	0	1	0	0	0	0
OR6K2	1	ENSG00000196171	protein_coding	0	0	0	0	0	1	0	0
OR6K5P	1	ENSG00000226949	unprocessed_pseudogene	0	0	0	0	0	0	0	1
OR6N1	1	ENSG00000197403	protein_coding	0	0	0	0	0	1	0	1
OR6N2	1	ENSG00000188340	protein_coding	0	0	1	0	0	0	0	0
OR6P1	1	ENSG00000186440	protein_coding	0	0	1	0	1	1	1	1
OR7A17	19	ENSG00000185385	protein_coding	0	1	0	0	0	0	0	0
OR7C1	19	ENSG00000127530	protein_coding	1	1	0	0	0	0	0	0
OR7E104P	13	ENSG00000219926	processed_transcript	1	1	0	0	0	0	0	0
OR7E108P	9	ENSG00000270432	unprocessed_pseudogene	1	1	0	0	0	0	0	0
OR7E14P	11	ENSG00000184669	transcribed_unprocessed_pseudogene	0	0	0	0	1	1	1	1
OR8B1P	11	ENSG00000227737	processed_transcript	0	0	1	0	0	0	0	0
OR8B6P	11	ENSG00000255225	unprocessed_pseudogene	1	0	0	0	0	0	0	0
OR8D4	11	ENSG00000181518	protein_coding	0	0	1	0	0	0	0	0
OR9A2	7	ENSG00000179468	protein_coding	0	0	0	0	0	0	1	0
ORC4	2	ENSG00000115947	protein_coding	0	0	0	0	0	1	0	1
OSCAR	19	ENSG00000170909	protein_coding	1	1	0	0	0	0	0	0
OSER1-DT	20	ENSG00000223891	lncRNA	0	0	0	0	1	0	0	0
OSGEPL1	2	ENSG00000128694	protein_coding	0	0	0	0	0	1	0	1
OSMR-AS1	5	ENSG00000249740	lncRNA	0	0	1	0	0	0	0	0
OSTC	4	ENSG00000198856	protein_coding	0	0	0	0	0	0	0	1
OSTCP1	6	ENSG00000243775	processed_transcript	0	0	0	0	0	1	0	1
OVCH1	12	ENSG00000187950	protein_coding	0	0	0	0	0	0	0	1
OXNAD1	3	ENSG00000154814	protein_coding	0	0	0	0	0	1	0	0
P3H2-AS1	3	ENSG00000225764	lncRNA	0	0	0	0	0	0	0	1
P3H3	12	ENSG00000110811	protein_coding	0	0	1	0	0	0	0	0
PA2G4P2	20	ENSG00000235698	processed_pseudogene	0	0	0	0	0	1	0	1
PACRGL	4	ENSG00000163138	protein_coding	0	0	0	0	0	1	0	1
PAEPP1	9	ENSG00000224045	transcribed_unprocessed_pseudogene	1	1	0	0	0	0	0	0
PAICS	4	ENSG00000128050	protein_coding	0	0	0	0	0	1	0	1
PAICSP5	7	ENSG00000229877	processed_pseudogene	0	0	0	0	1	1	0	1
PARP11	12	ENSG00000111224	protein_coding	0	0	0	0	0	1	0	0
PARP4P2	13	ENSG00000224976	unprocessed_pseudogene	0	0	0	0	0	1	0	0
PASD1	X	ENSG00000166049	protein_coding	0	0	0	0	0	0	0	1
PBX1	1	ENSG00000185630	processed_transcript	0	0	0	0	0	1	0	1
PBX2P1	3	ENSG00000244171	processed_pseudogene	1	1	1	1	1	1	1	1
PCAT1	8	ENSG00000253438	lncRNA	0	0	0	0	1	1	0	1
PCBP1-AS1	2	ENSG00000179818	lncRNA	0	0	0	0	0	1	1	1
PCCA-DT	13	ENSG00000274605	lncRNA	0	0	1	0	0	0	0	0
PCDH15	10	ENSG00000150275	protein_coding	1	1	0	0	0	0	0	0
PCDHB6	5	ENSG00000113211	protein_coding	0	0	0	0	0	0	1	0
PCDHB8	5	ENSG00000120322	protein_coding	0	0	0	0	0	1	0	0
PCDHGA12	5	ENSG00000253159	protein_coding	0	0	0	0	1	0	0	0
PCDHGA9	5	ENSG00000261934	protein_coding	0	0	0	0	0	1	0	0
PCNPP3	12	ENSG00000213344	processed_pseudogene	0	0	0	0	0	0	0	1
PCNX2	1	ENSG00000135749	protein_coding	0	0	0	0	0	1	0	1
PDCL3P7	12	ENSG00000256777	processed_pseudogene	0	0	0	0	1	0	0	0
PDE10A	6	ENSG00000112541	protein_coding	0	0	0	0	1	0	0	0
PDE11A	2	ENSG00000284741	protein_coding	0	0	0	0	1	0	0	0
PDIA2	16	ENSG00000185615	protein_coding	0	0	0	0	1	0	0	0
PDLIM5	4	ENSG00000163110	protein_coding	0	0	0	0	0	1	0	1
PDP1	8	ENSG00000164951	processed_transcript	0	0	0	0	0	1	0	1
PDZD2	5	ENSG00000133401	protein_coding	0	0	0	0	0	0	1	0
PECAM1	17	ENSG00000261371	protein_coding	0	0	0	0	0	0	0	1
PEG3	19	ENSG00000198300	protein_coding	0	0	0	0	0	1	0	1
PER3	1	ENSG00000049246	protein_coding	0	0	0	0	0	1	0	1
PEX5	12	ENSG00000139197	protein_coding	0	0	1	0	1	1	1	1
PF4V1	4	ENSG00000109272	protein_coding	0	0	0	0	0	0	0	1
PFN2	3	ENSG00000070087	protein_coding	0	0	0	0	1	0	0	0
PGBD4P8	1	ENSG00000229332	processed_pseudogene	0	0	0	0	1	0	0	0
PHBP11	1	ENSG00000227621	processed_pseudogene	0	0	0	0	0	1	0	1
PHBP14	4	ENSG00000248913	processed_pseudogene	1	0	0	0	0	0	0	0
PHBP21	16	ENSG00000260326	processed_pseudogene	0	0	0	0	0	1	0	1
PHBP3	1	ENSG00000228121	processed_pseudogene	0	0	0	0	0	1	0	1
PHGDH	1	ENSG00000092621	protein_coding	0	0	1	0	0	0	0	0
PHKA1P1	1	ENSG00000232882	processed_pseudogene	1	1	1	1	1	1	1	1
PIEZO1	16	ENSG00000103335	protein_coding	0	0	1	0	1	1	0	1
PIGT	20	ENSG00000124155	protein_coding	0	0	0	0	0	1	0	1
PIK3C2B	1	ENSG00000133056	protein_coding	0	0	0	0	1	0	0	0
PINCR	X	ENSG00000224294	lncRNA	0	0	1	0	0	0	0	1
PIWIL1	12	ENSG00000125207	protein_coding	0	0	0	0	0	1	0	1
PKD1L1	7	ENSG00000158683	protein_coding	0	0	1	0	1	1	1	1
PKD1L2	16	ENSG00000166473	polymorphic_pseudogene	0	0	0	1	0	0	0	0
PKHD1L1	8	ENSG00000205038	protein_coding	0	0	0	0	0	0	1	0
PKIA-AS1	8	ENSG00000254266	lncRNA	0	0	0	0	1	0	0	0
PKMP1	1	ENSG00000236480	processed_pseudogene	0	0	1	0	0	1	0	1
PKN2-AS1	1	ENSG00000237505	lncRNA	0	0	1	0	0	0	0	0
PLA2G2C	1	ENSG00000187980	protein_coding	0	0	0	0	0	1	0	1
PLA2G5	1	ENSG00000127472	processed_transcript	0	0	1	0	0	1	0	1
PLA2G6	22	ENSG00000184381	protein_coding	1	1	0	0	0	0	0	0
PLAC8	4	ENSG00000145287	protein_coding	0	0	0	0	1	0	0	0
PLCB1	20	ENSG00000182621	nonsense_mediated_decay	0	0	0	0	1	0	0	0
PLEKHA5	12	ENSG00000052126	protein_coding	0	0	1	0	0	0	0	0
PLEKHA8	7	ENSG00000106086	protein_coding	0	0	0	0	0	1	0	1
PLEKHA8P1	12	ENSG00000134297	processed_transcript	0	0	1	0	1	1	0	1
PLEKHG1	6	ENSG00000120278	protein_coding	0	0	1	0	0	0	0	0
PLEKHG2	19	ENSG00000090924	protein_coding	0	0	0	0	0	1	0	0
PLEKHG4B	5	ENSG00000153404	protein_coding	0	0	1	0	1	0	0	0
PLEKHH2	2	ENSG00000152527	protein_coding	0	0	0	0	1	0	0	0
PLPP7	9	ENSG00000160539	nonsense_mediated_decay	0	0	0	0	0	0	0	1
PLS1	3	ENSG00000120756	protein_coding	0	0	0	0	1	0	0	0
PLSCR2	3	ENSG00000163746	protein_coding	0	0	0	0	0	0	0	1
PMF1	1	ENSG00000160783	protein_coding	0	0	1	0	0	0	0	0
PNLIPRP3	10	ENSG00000203837	protein_coding	0	0	0	0	0	1	0	1
PNPLA8	7	ENSG00000135241	protein_coding	0	0	1	0	0	0	0	0
PNRC2	1	ENSG00000189266	protein_coding	0	0	0	0	0	1	0	0
POLD2P1	5	ENSG00000213730	processed_pseudogene	0	0	0	0	0	1	0	1
POLQ	3	ENSG00000051341	protein_coding	0	0	0	0	0	1	0	0
POLR1C	6	ENSG00000171453	protein_coding	0	0	0	0	0	1	0	1
POLR2B	4	ENSG00000047315	protein_coding	0	0	1	0	1	1	0	1
POLR2M	15	ENSG00000255529	nonsense_mediated_decay	0	0	0	0	0	1	0	0
POLR3F	20	ENSG00000132664	protein_coding	0	0	1	0	0	0	0	0
POR	7	ENSG00000127948	protein_coding	0	0	0	0	0	0	0	1
POT1	7	ENSG00000128513	protein_coding	0	0	0	0	0	1	0	1
POT1-AS1	7	ENSG00000224897	lncRNA	0	0	1	0	1	1	0	1
POTED	21	ENSG00000166351	protein_coding	0	0	0	1	0	0	0	0
POTEF	2	ENSG00000196604	protein_coding	0	0	1	0	0	0	0	0
POU5F1B	8	ENSG00000212993	protein_coding	0	0	1	0	1	1	0	1
PPATP1	3	ENSG00000241293	processed_pseudogene	0	0	0	0	1	1	0	1
PPDPFL	8	ENSG00000168333	protein_coding	0	0	1	0	0	0	0	0
PPIAP22	21	ENSG00000198618	processed_pseudogene	0	0	1	0	1	1	1	1
PPIAP72	3	ENSG00000174715	processed_pseudogene	0	0	0	0	0	0	0	1
PPIAP78	5	ENSG00000234838	processed_pseudogene	0	0	0	0	0	1	0	1
PPIAP79	5	ENSG00000214853	processed_pseudogene	0	0	0	0	0	1	0	1
PPP1R11P2	X	ENSG00000231765	processed_pseudogene	0	0	0	0	0	0	1	0
PPP1R13L	19	ENSG00000104881	protein_coding	0	0	1	0	0	0	0	0
PPP1R14D	15	ENSG00000166143	protein_coding	0	0	0	0	0	1	0	1
PPP1R1C	2	ENSG00000150722	processed_transcript	0	0	0	0	0	1	0	0
PPP1R2B	5	ENSG00000231989	protein_coding	0	0	0	0	1	1	0	1
PPP1R36	14	ENSG00000165807	protein_coding	0	0	0	0	0	1	0	0
PPP4R3C	X	ENSG00000224960	protein_coding	0	0	0	0	0	1	0	1
PPP5D1	19	ENSG00000230510	protein_coding	0	0	0	0	1	0	0	0
PRAM1	19	ENSG00000133246	protein_coding	0	0	0	0	0	0	0	1
PRB2	12	ENSG00000121335	protein_coding	0	0	1	0	0	0	1	0
PRDM9	5	ENSG00000164256	protein_coding	0	0	0	0	0	0	1	0
PRDX2P2	10	ENSG00000213724	processed_pseudogene	0	0	0	0	1	0	0	0
PRDX4P1	4	ENSG00000248987	processed_pseudogene	0	0	0	0	0	1	0	0
PRELID3BP1	1	ENSG00000226226	processed_pseudogene	0	0	1	0	0	0	0	0
PRF1	10	ENSG00000180644	protein_coding	0	0	0	0	0	0	1	0
PRH2	12	ENSG00000134551	protein_coding	1	0	0	0	0	0	0	0
PRIMPOL	4	ENSG00000164306	protein_coding	0	0	0	0	0	0	0	1
PRKAR1A	17	ENSG00000108946	protein_coding	0	0	0	0	0	0	0	1
PRKD1	14	ENSG00000184304	protein_coding	0	0	0	0	1	0	0	0
PRMT2	21	ENSG00000160310	protein_coding	1	1	0	0	0	0	0	0
PRMT6	1	ENSG00000198890	nonsense_mediated_decay	0	0	0	0	0	1	0	1
PRODH2	19	ENSG00000250799	protein_coding	0	0	0	1	0	0	0	0
PROS2P	3	ENSG00000189002	unprocessed_pseudogene	0	0	1	0	0	0	0	0
PROX1-AS1	1	ENSG00000230461	lncRNA	0	0	0	0	0	1	0	1
PRPF38AP2	10	ENSG00000236582	processed_pseudogene	0	0	0	0	0	1	0	1
PRPF6	20	ENSG00000101161	protein_coding	0	0	0	0	1	1	0	1
PRR16	5	ENSG00000184838	protein_coding	0	0	0	0	0	1	0	1
PRR26	10	ENSG00000180525	protein_coding	0	0	0	0	0	1	0	1
PRR27	4	ENSG00000187533	protein_coding	0	0	0	0	0	1	0	0
PRR36	19	ENSG00000183248	protein_coding	0	0	0	0	0	1	0	1
PRR5	22	ENSG00000186654	protein_coding	0	0	0	0	0	0	0	1
PRSS40A	2	ENSG00000183292	processed_transcript	0	0	0	0	1	0	0	0
PRSS50	3	ENSG00000283706	protein_coding	0	0	0	0	1	0	0	0
PRSS55	8	ENSG00000184647	protein_coding	0	0	0	0	0	1	0	1
PRX	19	ENSG00000105227	protein_coding	0	0	0	0	1	0	0	0
PRXL2AP2	8	ENSG00000254213	processed_pseudogene	0	0	0	0	0	1	0	1
PSAT1P1	8	ENSG00000253810	processed_pseudogene	0	0	0	0	0	1	0	1
PSAT1P4	3	ENSG00000224962	processed_pseudogene	0	0	0	0	0	0	0	1
PSLNR	22	ENSG00000225255	lncRNA	0	0	0	1	0	0	0	0
PSMA3-AS1	14	ENSG00000257621	lncRNA	0	0	0	0	0	1	0	0
PSMA3P	14	ENSG00000258563	processed_pseudogene	0	0	0	0	0	1	0	1
PSMC1P10	2	ENSG00000236348	processed_pseudogene	0	0	0	0	0	1	0	1
PSMC1P3	7	ENSG00000231244	processed_pseudogene	0	0	0	0	0	1	0	1
PSMC1P8	12	ENSG00000256896	processed_pseudogene	0	0	0	0	0	1	0	0
PSMD6	3	ENSG00000163636	protein_coding	0	0	1	0	0	0	0	0
PSME2P2	13	ENSG00000225131	processed_pseudogene	0	0	0	0	1	1	0	1
PSME2P6	10	ENSG00000227462	processed_pseudogene	0	0	1	0	1	1	0	1
PSME3	17	ENSG00000131467	protein_coding	0	0	0	0	0	1	0	1
PSORS1C1	6	ENSG00000204540	protein_coding	0	0	1	0	0	0	0	1
PTBP1P	14	ENSG00000259078	processed_pseudogene	0	0	0	0	0	1	0	1
PTCD2P1	14	ENSG00000258456	processed_pseudogene	0	0	0	0	0	1	0	0
PTCHD3	10	ENSG00000182077	protein_coding	0	0	0	0	0	0	0	1
PTCSC2	9	ENSG00000236130	lncRNA	0	0	0	0	1	0	0	0
PTCSC3	14	ENSG00000259104	lncRNA	0	0	0	0	0	1	0	0
PTER	10	ENSG00000165983	protein_coding	0	0	0	0	0	0	0	1
PTGFR	1	ENSG00000122420	protein_coding	0	0	1	0	0	0	0	0
PTH2R	2	ENSG00000144407	processed_transcript	0	0	0	0	1	0	0	0
PTMAP5	13	ENSG00000214182	processed_transcript	0	0	1	0	1	1	1	1
PTMAP6	20	ENSG00000237000	processed_pseudogene	0	0	0	0	0	1	0	1
PTP4A2	1	ENSG00000184007	protein_coding	0	0	1	0	1	1	1	1
PTPN18	2	ENSG00000072135	protein_coding	0	0	0	0	0	0	0	1
PTPRF	1	ENSG00000142949	processed_transcript	0	0	0	0	1	0	0	0
PTPRVP	1	ENSG00000243323	processed_transcript	0	0	0	0	1	1	0	1
PUDPP2	1	ENSG00000233792	processed_transcript	0	0	1	0	1	1	1	1
PURPL	5	ENSG00000250337	lncRNA	0	0	1	0	1	1	1	1
PVT1	8	ENSG00000249859	lncRNA	0	0	0	0	1	0	0	0
PWRN4	15	ENSG00000260232	lncRNA	0	0	1	0	0	0	0	0
PYDC1	16	ENSG00000169900	protein_coding	0	0	0	0	1	0	0	0
PYHIN1	1	ENSG00000163564	protein_coding	0	0	0	0	0	0	1	0
PYHIN5P	1	ENSG00000229849	unprocessed_pseudogene	0	0	1	0	0	0	0	0
PYY3	X	ENSG00000181977	processed_pseudogene	0	0	0	0	0	1	0	0
QRICH2	17	ENSG00000129646	protein_coding	0	0	0	0	0	1	0	1
RAB1C	9	ENSG00000233111	processed_pseudogene	0	0	1	0	1	1	0	1
RAB30-DT	11	ENSG00000246067	lncRNA	0	0	0	0	0	1	0	1
RAB43	3	ENSG00000172780	protein_coding	0	0	0	0	0	0	0	1
RABGEF1	7	ENSG00000154710	nonsense_mediated_decay	0	0	0	0	0	0	1	0
RAC1P2	4	ENSG00000249936	processed_pseudogene	0	0	0	0	0	1	0	1
RACGAP1	12	ENSG00000161800	protein_coding	0	0	0	0	1	0	0	0
RAD51	15	ENSG00000051180	protein_coding	0	0	0	0	0	1	0	0
RAD51D	17	ENSG00000185379	protein_coding	0	0	0	1	0	0	0	0
RAET1E	6	ENSG00000164520	protein_coding	0	0	0	0	0	0	1	0
RAET1G	6	ENSG00000203722	protein_coding	0	0	0	0	0	0	0	1
RAET1K	6	ENSG00000218358	processed_transcript	0	0	1	0	0	0	0	0
RALBP1	18	ENSG00000017797	protein_coding	0	0	0	0	1	0	0	0
RAMP3	7	ENSG00000122679	protein_coding	0	0	1	0	0	0	0	0
RANBP2	2	ENSG00000153201	protein_coding	0	0	0	1	0	0	1	1
RAP1GAP	1	ENSG00000076864	protein_coding	0	0	0	0	0	1	0	0
RAP2A	13	ENSG00000125249	protein_coding	0	0	0	0	0	0	1	0
RASGRF2-AS1	5	ENSG00000251450	lncRNA	0	0	0	0	0	1	1	1
RB1	13	ENSG00000139687	protein_coding	0	0	0	0	0	1	0	1
RB1-DT	13	ENSG00000231473	lncRNA	0	0	0	0	0	1	0	0
RBBP8NL	20	ENSG00000130701	protein_coding	0	0	0	0	1	0	0	0
RBCK1	20	ENSG00000125826	protein_coding	0	0	0	0	0	1	0	0
RBM11	21	ENSG00000185272	protein_coding	0	0	0	0	0	1	0	1
RBM12	20	ENSG00000244462	protein_coding	0	0	0	0	0	1	0	0
RBM17	10	ENSG00000134453	protein_coding	0	0	1	0	0	0	0	0
RBMX2P2	X	ENSG00000213423	processed_pseudogene	0	0	0	0	1	1	0	1
RCAN3	1	ENSG00000117602	protein_coding	0	0	1	0	0	0	0	0
RCC2P3	7	ENSG00000233951	processed_pseudogene	0	0	0	0	0	1	0	0
RCC2P7	6	ENSG00000220666	processed_pseudogene	0	0	0	0	0	1	0	1
RCCD1	15	ENSG00000166965	protein_coding	0	0	0	0	1	0	0	0
RDX	11	ENSG00000137710	nonsense_mediated_decay	0	0	0	0	0	1	0	1
REG1CP	2	ENSG00000204787	processed_transcript	0	0	1	0	0	0	0	0
RERGL	12	ENSG00000111404	processed_transcript	0	0	0	0	0	1	0	1
RESF1	12	ENSG00000174718	protein_coding	0	0	0	0	0	0	0	1
RET	10	ENSG00000165731	protein_coding	0	0	0	0	0	0	0	1
REV1	2	ENSG00000135945	protein_coding	0	0	0	0	0	1	0	0
RFC5P1	9	ENSG00000233526	processed_pseudogene	0	0	0	0	1	0	0	0
RFPL1	22	ENSG00000128250	protein_coding	1	1	0	0	0	0	0	0
RFPL1S	22	ENSG00000225465	lncRNA	0	0	1	0	0	1	0	1
RFPL4B	6	ENSG00000251258	protein_coding	0	0	0	0	0	0	0	1
RFWD3	16	ENSG00000168411	protein_coding	0	0	0	0	0	1	0	1
RFX3-AS1	9	ENSG00000232104	lncRNA	0	0	0	0	1	0	0	0
RFX4	12	ENSG00000111783	protein_coding	0	0	0	0	0	1	0	0
RGS3	9	ENSG00000138835	protein_coding	0	0	0	0	0	1	0	1
RHOA	3	ENSG00000067560	protein_coding	0	0	0	0	0	1	0	1
RHOBTB3	5	ENSG00000164292	processed_transcript	0	0	0	0	1	1	0	1
RHOXF1P2	X	ENSG00000282850	unprocessed_pseudogene	1	0	0	0	0	0	0	0
RIBC2	22	ENSG00000128408	protein_coding	0	0	0	0	0	1	0	0
RIPK3	14	ENSG00000129465	protein_coding	0	0	0	0	0	1	0	1
RN7SKP1	13	ENSG00000202395	misc_RNA	1	1	0	0	0	0	0	0
RN7SKP111	20	ENSG00000222281	misc_RNA	0	0	0	0	0	1	0	1
RN7SKP144	3	ENSG00000223040	misc_RNA	0	0	0	0	0	1	0	1
RN7SKP149	X	ENSG00000199878	misc_RNA	0	0	0	0	1	0	0	0
RN7SKP181	15	ENSG00000223120	misc_RNA	0	0	0	0	0	0	1	0
RN7SKP188	4	ENSG00000222721	misc_RNA	0	0	0	0	1	0	0	0
RN7SKP203	2	ENSG00000200488	misc_RNA	0	0	0	0	1	0	0	0
RN7SKP21	14	ENSG00000252312	misc_RNA	0	0	0	0	0	1	0	1
RN7SKP246	5	ENSG00000201423	misc_RNA	0	0	0	0	0	1	0	1
RN7SKP27	2	ENSG00000222616	misc_RNA	0	0	0	0	0	0	0	1
RN7SKP294	8	ENSG00000199640	misc_RNA	0	0	0	0	0	0	1	0
RN7SKP44	18	ENSG00000200472	misc_RNA	0	0	0	0	0	0	0	1
RN7SKP65	12	ENSG00000222210	misc_RNA	0	0	1	0	0	0	0	0
RN7SL261P	1	ENSG00000277762	misc_RNA	0	0	0	0	0	1	0	1
RN7SL26P	6	ENSG00000242014	misc_RNA	0	0	0	0	0	0	1	0
RN7SL310P	18	ENSG00000240663	misc_RNA	0	0	0	0	0	1	0	1
RN7SL339P	5	ENSG00000265740	misc_RNA	0	0	1	0	0	0	0	0
RN7SL33P	17	ENSG00000243049	misc_RNA	0	0	0	0	1	0	0	0
RN7SL352P	6	ENSG00000243439	misc_RNA	0	0	0	0	0	0	0	1
RN7SL468P	2	ENSG00000264833	misc_RNA	0	0	0	0	0	1	0	0
RN7SL547P	20	ENSG00000240584	misc_RNA	0	0	0	0	0	1	0	1
RN7SL564P	6	ENSG00000240606	misc_RNA	0	0	0	0	0	1	0	1
RN7SL571P	13	ENSG00000243274	misc_RNA	0	0	0	0	0	0	0	1
RN7SL58P	5	ENSG00000241552	misc_RNA	0	0	0	1	0	0	0	0
RN7SL680P	20	ENSG00000275337	misc_RNA	0	0	0	0	0	1	0	1
RN7SL797P	6	ENSG00000242560	misc_RNA	0	0	0	0	0	0	0	1
RN7SL837P	1	ENSG00000240502	misc_RNA	0	0	1	0	0	0	0	0
RN7SL868P	5	ENSG00000242928	misc_RNA	0	0	1	0	0	0	0	0
RNA5SP177	5	ENSG00000222054	rRNA_pseudogene	0	0	0	0	0	1	0	1
RNA5SP182	5	ENSG00000251873	rRNA_pseudogene	0	0	0	0	1	0	0	0
RNA5SP190	5	ENSG00000202092	rRNA_pseudogene	0	0	0	0	0	0	1	0
RNA5SP273	8	ENSG00000199354	rRNA_pseudogene	0	0	0	0	0	0	0	1
RNA5SP377	12	ENSG00000212154	rRNA_pseudogene	0	0	1	0	0	0	0	0
RNA5SP487	20	ENSG00000222118	rRNA_pseudogene	0	0	0	0	1	0	0	0
RNA5SP510	X	ENSG00000201567	rRNA_pseudogene	0	0	0	0	0	0	1	0
RNA5SP511	X	ENSG00000222419	rRNA_pseudogene	0	0	1	0	0	0	0	0
RNA5SP517	X	ENSG00000201594	rRNA_pseudogene	0	0	1	0	0	0	0	0
RNASEH2B-AS1	13	ENSG00000233672	lncRNA	0	0	0	0	1	1	0	0
RNF217-AS1	6	ENSG00000236548	lncRNA	0	0	0	0	0	0	0	1
RNF5P1	8	ENSG00000253570	processed_pseudogene	0	0	1	1	1	1	1	1
RNU1-104P	12	ENSG00000253089	snRNA	0	0	0	0	1	0	0	0
RNU1-112P	X	ENSG00000201271	snRNA	0	0	0	0	0	1	0	1
RNU1-131P	20	ENSG00000238833	snRNA	0	0	0	0	0	1	0	1
RNU1-136P	6	ENSG00000206908	snRNA	0	0	0	0	0	1	0	1
RNU1-139P	21	ENSG00000212609	snRNA	0	0	0	0	1	0	0	0
RNU1-17P	5	ENSG00000199892	snRNA	0	0	0	0	1	0	0	0
RNU1-18P	6	ENSG00000199932	snRNA	0	0	0	0	0	1	0	1
RNU1-29P	7	ENSG00000271739	snRNA	0	0	0	0	0	1	0	0
RNU1-44P	4	ENSG00000207182	snRNA	0	0	0	0	0	0	0	1
RNU1-57P	X	ENSG00000207220	snRNA	0	0	0	0	0	1	0	0
RNU1-63P	4	ENSG00000206629	snRNA	0	0	1	0	0	0	0	0
RNU1-64P	6	ENSG00000202313	snRNA	0	0	0	0	0	1	0	1
RNU1-89P	4	ENSG00000207322	snRNA	0	0	0	0	1	1	0	1
RNU11-4P	8	ENSG00000212451	snRNA	1	1	0	0	0	0	0	0
RNU2-3P	15	ENSG00000222076	snRNA	0	0	0	0	0	1	0	1
RNU2-54P	8	ENSG00000222231	snRNA	0	0	0	0	0	1	0	1
RNU2-64P	3	ENSG00000223247	snRNA	0	0	0	0	0	1	0	1
RNU4-12P	6	ENSG00000202103	snRNA	0	0	0	0	1	0	0	0
RNU4ATAC9P	4	ENSG00000252955	snRNA	0	0	0	0	1	0	0	0
RNU5B-6P	10	ENSG00000252574	snRNA	0	0	0	0	1	1	0	1
RNU6-1001P	2	ENSG00000223197	snRNA	0	0	1	0	0	0	0	0
RNU6-1004P	12	ENSG00000252393	snRNA	0	0	0	0	1	0	0	0
RNU6-1012P	12	ENSG00000252415	snRNA	0	0	0	0	0	0	0	1
RNU6-1017P	12	ENSG00000200483	snRNA	0	0	1	0	0	0	0	0
RNU6-1060P	6	ENSG00000207394	snRNA	0	0	0	0	0	1	0	1
RNU6-1067P	10	ENSG00000207483	snRNA	0	0	0	0	0	1	0	1
RNU6-1084P	8	ENSG00000199368	snRNA	0	0	0	0	0	1	0	1
RNU6-1090P	10	ENSG00000200935	snRNA	0	0	1	0	0	0	0	0
RNU6-1103P	7	ENSG00000206877	snRNA	0	0	0	0	0	1	0	1
RNU6-1104P	7	ENSG00000207454	snRNA	0	0	0	0	0	0	0	1
RNU6-1119P	5	ENSG00000207077	snRNA	0	0	1	0	0	0	0	0
RNU6-1130P	X	ENSG00000202304	snRNA	0	0	0	0	0	0	0	1
RNU6-1135P	11	ENSG00000223015	snRNA	0	0	0	0	0	1	0	0
RNU6-1146P	20	ENSG00000252091	snRNA	0	0	1	0	0	0	0	0
RNU6-1148P	5	ENSG00000222924	snRNA	1	0	0	0	0	0	0	0
RNU6-1163P	6	ENSG00000201386	snRNA	0	0	0	0	0	1	0	1
RNU6-1249P	17	ENSG00000200107	snRNA	0	0	0	0	0	1	0	1
RNU6-1286P	6	ENSG00000206598	snRNA	1	0	0	0	0	0	0	0
RNU6-12P	8	ENSG00000207334	snRNA	0	0	1	0	1	1	1	1
RNU6-1326P	21	ENSG00000212564	snRNA	0	0	0	0	0	1	0	1
RNU6-15P	10	ENSG00000207264	snRNA	0	0	0	0	0	0	0	1
RNU6-164P	5	ENSG00000201474	snRNA	0	0	0	0	1	1	0	1
RNU6-206P	7	ENSG00000206843	snRNA	0	0	0	0	1	0	0	0
RNU6-210P	1	ENSG00000252752	snRNA	0	0	0	0	0	1	0	0
RNU6-21P	16	ENSG00000207441	snRNA	0	0	1	0	1	1	1	1
RNU6-271P	10	ENSG00000200728	snRNA	0	0	0	0	0	1	0	0
RNU6-30P	X	ENSG00000207291	snRNA	0	0	0	0	0	1	0	1
RNU6-316P	18	ENSG00000212329	snRNA	0	0	0	1	0	0	0	0
RNU6-346P	18	ENSG00000252097	snRNA	0	0	0	0	0	0	0	1
RNU6-36P	12	ENSG00000206899	snRNA	0	0	1	0	1	1	1	1
RNU6-38P	13	ENSG00000206812	snRNA	0	0	0	0	0	1	0	1
RNU6-391P	6	ENSG00000202050	snRNA	0	0	0	0	0	0	1	0
RNU6-3P	X	ENSG00000207041	snRNA	0	0	0	0	0	0	0	1
RNU6-408P	18	ENSG00000251719	snRNA	0	0	0	0	1	0	0	0
RNU6-40P	1	ENSG00000206981	snRNA	0	0	1	0	0	0	0	0
RNU6-439P	2	ENSG00000206915	snRNA	0	0	0	0	0	1	0	1
RNU6-477P	5	ENSG00000206614	snRNA	0	0	0	0	0	1	0	1
RNU6-478P	10	ENSG00000200774	snRNA	0	0	0	0	0	0	0	1
RNU6-492P	9	ENSG00000199905	snRNA	0	0	0	0	0	1	0	1
RNU6-4P	3	ENSG00000206932	snRNA	0	0	1	0	1	1	1	1
RNU6-543P	10	ENSG00000199446	snRNA	0	0	1	0	0	0	0	0
RNU6-54P	13	ENSG00000202433	snRNA	0	0	0	0	1	0	0	0
RNU6-552P	14	ENSG00000199739	snRNA	0	0	0	0	0	1	0	1
RNU6-582P	4	ENSG00000199859	snRNA	0	0	0	0	0	1	0	1
RNU6-635P	4	ENSG00000252460	snRNA	0	0	0	0	0	0	0	1
RNU6-63P	13	ENSG00000252499	snRNA	0	0	0	0	1	0	0	0
RNU6-643P	6	ENSG00000206745	snRNA	0	0	1	0	0	0	0	0
RNU6-709P	10	ENSG00000253066	snRNA	0	0	0	0	0	0	0	1
RNU6-713P	12	ENSG00000207492	snRNA	0	0	0	0	0	1	0	1
RNU6-715P	2	ENSG00000202074	snRNA	0	0	0	0	1	0	0	0
RNU6-725P	1	ENSG00000252371	snRNA	0	0	1	0	1	1	1	1
RNU6-73P	13	ENSG00000207330	snRNA	0	0	0	0	0	1	0	1
RNU6-772P	21	ENSG00000251851	snRNA	0	0	0	0	0	0	0	1
RNU6-812P	2	ENSG00000200048	snRNA	0	0	0	0	0	1	0	1
RNU6-830P	1	ENSG00000252162	snRNA	0	0	0	1	0	0	0	0
RNU6-842P	8	ENSG00000206996	snRNA	0	0	0	0	1	1	0	1
RNU6-860P	3	ENSG00000222792	snRNA	0	0	0	1	0	0	0	0
RNU6-867P	X	ENSG00000201826	snRNA	0	0	1	0	0	0	0	0
RNU6-909P	5	ENSG00000252867	snRNA	0	0	1	0	0	0	0	0
RNU6-919P	20	ENSG00000252540	snRNA	0	0	0	0	0	0	0	1
RNU6-931P	4	ENSG00000200720	snRNA	0	0	0	0	0	0	0	1
RNU6-939P	2	ENSG00000207364	snRNA	0	0	0	0	1	0	0	0
RNU6-955P	17	ENSG00000222429	snRNA	0	0	0	0	1	0	0	0
RNU6-968P	1	ENSG00000206803	snRNA	0	0	0	0	0	1	0	1
RNU6-976P	14	ENSG00000251895	snRNA	0	0	0	0	1	0	0	0
RNU6-985P	X	ENSG00000222114	snRNA	0	0	0	0	0	1	0	1
RNU6ATAC2P	5	ENSG00000210678	snRNA	0	0	1	0	1	1	1	1
RNU6ATAC42P	12	ENSG00000221564	snRNA	0	0	0	0	0	1	0	1
RNU6ATAC4P	3	ENSG00000210181	snRNA	0	0	0	0	1	0	0	0
RNU6ATAC8P	8	ENSG00000221387	snRNA	0	0	0	0	0	0	0	1
RNU7-116P	14	ENSG00000252749	snRNA	0	0	0	0	0	0	0	1
RNU7-167P	22	ENSG00000238584	snRNA	0	0	0	0	0	0	0	1
RNU7-62P	1	ENSG00000238653	snRNA	0	0	1	0	0	0	0	0
RNU7-69P	X	ENSG00000252178	snRNA	0	0	0	0	0	1	0	1
RNU7-74P	4	ENSG00000239010	snRNA	0	0	0	0	0	1	0	0
RNU7-90P	16	ENSG00000238731	snRNA	0	0	0	0	1	0	0	0
RNY4P29	13	ENSG00000222733	misc_RNA	0	0	1	0	1	1	0	1
ROBO2P1	7	ENSG00000229478	processed_pseudogene	0	0	0	0	1	1	0	1
ROPN1	3	ENSG00000065371	protein_coding	0	0	0	0	0	1	0	1
RP1	8	ENSG00000104237	processed_transcript	0	0	0	0	0	1	0	1
RP1L1	8	ENSG00000183638	protein_coding	0	0	0	0	0	1	0	1
RP9P	7	ENSG00000205763	processed_transcript	0	0	1	0	0	0	0	1
RPE	2	ENSG00000197713	protein_coding	0	0	0	0	0	0	0	1
RPGRIP1L	16	ENSG00000103494	protein_coding	0	0	0	0	0	1	0	1
RPL10P19	8	ENSG00000233609	processed_transcript	0	0	0	0	0	0	0	1
RPL10P9	5	ENSG00000233913	processed_pseudogene	1	1	1	1	1	1	1	1
RPL12P17	2	ENSG00000224839	processed_pseudogene	0	0	0	0	0	1	0	1
RPL12P4	20	ENSG00000185834	processed_pseudogene	0	0	1	0	1	1	1	1
RPL13AP3	14	ENSG00000177350	transcribed_processed_pseudogene	0	0	0	0	0	1	0	1
RPL13AP7	21	ENSG00000213885	transcribed_processed_pseudogene	0	0	1	0	1	1	0	1
RPL13P12	17	ENSG00000215030	processed_pseudogene	0	0	1	0	1	1	1	1
RPL14P1	12	ENSG00000139239	processed_pseudogene	1	1	1	1	1	1	1	1
RPL15P2	14	ENSG00000240914	processed_pseudogene	0	0	0	0	0	0	0	1
RPL15P21	17	ENSG00000244753	processed_pseudogene	0	0	0	0	0	0	1	0
RPL15P3	6	ENSG00000212802	processed_pseudogene	1	1	1	1	1	1	1	1
RPL17P34	10	ENSG00000213432	processed_pseudogene	0	0	1	0	1	1	0	1
RPL17P36	10	ENSG00000236058	processed_pseudogene	0	0	1	1	1	1	1	1
RPL17P43	17	ENSG00000228331	processed_pseudogene	0	0	0	0	0	1	0	1
RPL18P13	16	ENSG00000244485	processed_pseudogene	0	0	0	0	0	0	0	1
RPL19P20	X	ENSG00000229168	processed_pseudogene	0	0	0	0	1	0	0	0
RPL21P103	12	ENSG00000241423	processed_pseudogene	0	0	0	0	1	0	0	0
RPL21P11	14	ENSG00000242571	processed_pseudogene	0	0	1	0	1	1	1	1
RPL21P131	19	ENSG00000232429	processed_pseudogene	0	0	0	0	1	1	0	1
RPL21P16	10	ENSG00000220842	processed_pseudogene	1	1	1	1	1	1	1	1
RPL21P17	3	ENSG00000214073	processed_pseudogene	0	0	0	0	1	1	0	1
RPL21P18	12	ENSG00000213343	processed_pseudogene	0	0	0	0	0	0	0	1
RPL21P2	20	ENSG00000215063	processed_pseudogene	0	0	0	0	0	1	0	1
RPL21P39	3	ENSG00000239797	processed_pseudogene	0	0	0	0	1	0	0	0
RPL21P41	3	ENSG00000214560	processed_pseudogene	0	0	0	0	0	1	0	1
RPL21P7	14	ENSG00000258613	processed_pseudogene	0	0	0	0	1	1	0	1
RPL21P75	7	ENSG00000213860	processed_pseudogene	1	1	1	1	1	1	1	1
RPL22P22	X	ENSG00000213653	processed_pseudogene	0	0	1	0	0	0	0	0
RPL23AP12	21	ENSG00000228861	processed_pseudogene	0	0	0	0	0	0	0	1
RPL23AP16	1	ENSG00000228190	processed_pseudogene	0	0	0	0	0	0	0	1
RPL23AP3	21	ENSG00000214914	processed_pseudogene	0	0	0	0	0	0	0	1
RPL23AP41	3	ENSG00000224085	processed_pseudogene	0	0	0	0	0	0	1	0
RPL23AP42	3	ENSG00000234851	processed_pseudogene	0	0	1	0	1	1	1	1
RPL23AP43	3	ENSG00000227337	processed_pseudogene	0	0	0	0	1	0	0	0
RPL23AP46	6	ENSG00000213122	processed_pseudogene	0	0	0	0	0	1	0	1
RPL23AP54	8	ENSG00000240486	processed_pseudogene	0	0	0	0	1	0	0	0
RPL23AP65	11	ENSG00000243964	processed_pseudogene	0	0	1	0	1	1	0	1
RPL23AP73	17	ENSG00000244283	processed_pseudogene	0	0	0	0	0	1	0	0
RPL23AP96	8	ENSG00000250752	processed_pseudogene	1	1	0	0	0	0	0	0
RPL24P2	20	ENSG00000235065	processed_pseudogene	0	0	0	0	0	1	0	1
RPL26L1	5	ENSG00000037241	protein_coding	0	0	1	0	0	0	0	0
RPL26P19	5	ENSG00000226221	processed_pseudogene	0	0	1	0	1	1	1	1
RPL27AP5	5	ENSG00000182383	processed_pseudogene	0	0	0	0	0	1	0	1
RPL28	19	ENSG00000108107	protein_coding	0	0	0	0	0	1	0	1
RPL30P11	12	ENSG00000244573	transcribed_processed_pseudogene	0	0	0	0	0	0	0	1
RPL30P7	5	ENSG00000244361	processed_pseudogene	0	0	0	0	0	0	0	1
RPL31P28	6	ENSG00000219863	processed_pseudogene	0	0	0	0	0	1	0	1
RPL31P35	7	ENSG00000232612	processed_pseudogene	0	0	0	0	0	1	0	1
RPL31P59	18	ENSG00000240364	processed_pseudogene	0	0	0	0	1	0	0	0
RPL34	4	ENSG00000109475	protein_coding	0	0	0	0	0	1	0	1
RPL34P18	8	ENSG00000240509	processed_pseudogene	0	0	0	0	0	1	0	1
RPL35AP	20	ENSG00000234075	processed_pseudogene	0	0	0	0	1	0	0	0
RPL35AP15	5	ENSG00000243758	processed_pseudogene	0	0	0	0	1	0	0	0
RPL35AP21	9	ENSG00000229814	processed_pseudogene	0	0	1	0	0	1	0	1
RPL35P1	1	ENSG00000237991	processed_pseudogene	0	0	0	0	1	1	0	1
RPL35P4	7	ENSG00000213783	processed_pseudogene	0	0	0	0	0	1	0	1
RPL36AP21	5	ENSG00000240785	transcribed_processed_pseudogene	0	0	0	0	1	1	0	1
RPL36AP35	9	ENSG00000231810	processed_pseudogene	0	0	0	0	0	1	0	1
RPL36AP39	11	ENSG00000230980	processed_pseudogene	0	0	0	0	0	0	0	1
RPL37A	2	ENSG00000197756	protein_coding	0	0	0	0	0	0	0	1
RPL3P3	14	ENSG00000243388	processed_pseudogene	0	0	0	0	0	1	0	1
RPL3P4	14	ENSG00000232573	processed_pseudogene	1	1	1	1	1	1	1	1
RPL3P8	7	ENSG00000232199	processed_pseudogene	0	0	0	0	0	1	0	1
RPL41P5	12	ENSG00000256393	processed_pseudogene	1	1	1	1	1	1	1	1
RPL4P5	9	ENSG00000230207	processed_pseudogene	0	0	0	0	1	1	0	1
RPL5P22	8	ENSG00000239198	processed_pseudogene	0	0	0	0	0	1	0	1
RPL5P34	22	ENSG00000234009	processed_pseudogene	0	0	0	0	1	0	0	0
RPL6P25	12	ENSG00000213270	processed_pseudogene	0	0	0	0	0	1	0	1
RPL7AP30	4	ENSG00000241741	processed_pseudogene	0	0	1	0	1	1	0	1
RPL7AP66	18	ENSG00000175886	processed_pseudogene	0	0	1	0	1	1	1	1
RPL7AP8	10	ENSG00000230507	processed_pseudogene	0	0	0	0	0	0	0	1
RPL7L1P10	2	ENSG00000237322	processed_pseudogene	0	0	0	0	1	0	0	0
RPL7P12	2	ENSG00000227770	processed_pseudogene	0	0	0	0	0	1	0	1
RPL7P13	2	ENSG00000234253	processed_pseudogene	0	0	0	0	0	1	0	1
RPL7P22	5	ENSG00000226544	processed_pseudogene	0	0	0	0	1	1	0	1
RPL7P27	6	ENSG00000220069	processed_pseudogene	0	0	0	0	0	0	1	0
RPL7P33	9	ENSG00000215236	processed_pseudogene	0	0	1	0	0	0	0	0
RPL7P34	10	ENSG00000237205	processed_pseudogene	0	0	1	0	0	0	0	0
RPL7P40	12	ENSG00000242991	processed_pseudogene	0	0	1	0	0	0	0	0
RPL7P47	16	ENSG00000228071	processed_pseudogene	0	0	1	0	1	1	1	1
RPL7P48	17	ENSG00000187504	processed_pseudogene	0	0	0	0	0	1	0	1
RPL7P6	12	ENSG00000227525	processed_pseudogene	0	0	0	0	1	1	0	1
RPL7P61	2	ENSG00000230282	processed_pseudogene	0	0	1	0	0	0	0	0
RPL7P9	1	ENSG00000137970	processed_pseudogene	1	1	1	1	1	1	1	1
RPL8P2	21	ENSG00000225267	processed_pseudogene	0	0	1	0	0	0	0	0
RPL9P21	10	ENSG00000214089	processed_pseudogene	0	0	0	0	0	1	0	0
RPLP0P2	11	ENSG00000243742	processed_transcript	0	0	0	0	0	0	1	0
RPLP0P6	2	ENSG00000213553	processed_pseudogene	0	0	1	0	1	1	1	1
RPRD1A	18	ENSG00000141425	protein_coding	0	0	0	0	0	0	0	1
RPS10P27	18	ENSG00000267752	processed_pseudogene	0	0	0	0	0	0	0	1
RPS10P7	1	ENSG00000223396	processed_transcript	0	0	0	0	0	0	0	1
RPS15AP17	4	ENSG00000225405	processed_pseudogene	0	0	0	0	0	1	0	1
RPS17P2	5	ENSG00000197575	processed_pseudogene	0	0	0	0	1	1	0	1
RPS17P5	6	ENSG00000060303	processed_pseudogene	0	0	0	0	0	1	0	1
RPS18P12	17	ENSG00000230897	processed_pseudogene	0	0	0	0	1	1	0	1
RPS20P10	2	ENSG00000233971	processed_pseudogene	0	0	0	0	0	1	0	1
RPS20P14	3	ENSG00000223803	processed_pseudogene	0	0	1	0	1	1	1	1
RPS23P8	X	ENSG00000230629	processed_pseudogene	0	0	1	1	1	1	1	1
RPS26P13	1	ENSG00000227887	processed_pseudogene	0	0	0	0	0	1	0	1
RPS26P2	9	ENSG00000233278	processed_pseudogene	0	0	0	0	1	1	0	1
RPS26P35	8	ENSG00000242206	processed_pseudogene	0	0	0	0	1	1	0	1
RPS26P54	18	ENSG00000224161	processed_pseudogene	0	0	0	0	0	1	0	1
RPS26P6	8	ENSG00000212994	processed_pseudogene	1	1	1	1	1	1	1	1
RPS27AP11	6	ENSG00000218208	processed_pseudogene	0	0	0	0	1	1	0	1
RPS27AP16	16	ENSG00000224631	processed_transcript	0	0	0	0	0	1	0	1
RPS27P20	11	ENSG00000240121	processed_pseudogene	0	0	0	0	1	0	0	0
RPS27P21	12	ENSG00000240759	processed_pseudogene	0	0	0	0	1	1	0	1
RPS29P17	9	ENSG00000227852	processed_pseudogene	0	0	0	0	0	1	0	1
RPS29P8	2	ENSG00000232238	processed_pseudogene	0	0	0	0	0	0	0	1
RPS2P55	X	ENSG00000216866	processed_pseudogene	0	0	0	0	0	1	0	1
RPS3AP1	21	ENSG00000233206	processed_pseudogene	0	0	1	0	0	0	0	0
RPS3AP17	4	ENSG00000244031	processed_pseudogene	0	0	0	0	0	1	0	1
RPS3AP24	6	ENSG00000217684	processed_pseudogene	0	0	0	1	0	0	0	0
RPS3AP4	14	ENSG00000259105	processed_pseudogene	0	0	0	0	0	1	0	1
RPS3AP50	19	ENSG00000243864	processed_pseudogene	0	0	0	0	0	0	0	1
RPS4XP11	10	ENSG00000234335	processed_pseudogene	0	0	0	0	0	1	0	1
RPS4XP15	12	ENSG00000240721	processed_pseudogene	0	0	0	0	0	0	0	1
RPS4XP16	13	ENSG00000224892	transcribed_processed_pseudogene	0	0	0	0	0	1	0	1
RPS4XP6	5	ENSG00000244073	processed_pseudogene	0	0	0	0	0	0	0	1
RPS4XP8	6	ENSG00000219146	processed_pseudogene	0	0	0	0	0	1	0	1
RPS4XP9	6	ENSG00000217404	processed_pseudogene	0	0	0	0	0	0	0	1
RPS7P10	13	ENSG00000226525	processed_pseudogene	0	0	1	0	1	1	0	1
RPS7P14	X	ENSG00000213695	processed_pseudogene	0	0	0	0	0	0	0	1
RPS7P4	1	ENSG00000229133	processed_pseudogene	0	0	1	0	1	1	0	1
RPS7P6	4	ENSG00000215278	processed_pseudogene	0	0	1	0	0	0	0	0
RPS8P4	10	ENSG00000227437	processed_pseudogene	0	0	0	0	0	0	0	1
RPSAP15	X	ENSG00000237506	processed_pseudogene	1	1	0	0	0	0	0	0
RPSAP29	3	ENSG00000244722	processed_pseudogene	0	0	0	0	1	1	0	1
RPSAP3	14	ENSG00000242952	transcribed_processed_pseudogene	0	0	1	0	1	1	1	1
RPSAP4	14	ENSG00000239269	processed_pseudogene	0	0	1	0	1	1	0	1
RPSAP5	14	ENSG00000243904	processed_pseudogene	0	0	0	0	0	1	0	1
RPSAP53	13	ENSG00000214263	processed_pseudogene	0	0	0	0	1	1	0	1
RPSAP61	X	ENSG00000214016	processed_pseudogene	0	0	0	0	0	1	0	1
RPSAP67	17	ENSG00000266858	unprocessed_pseudogene	0	0	0	0	0	0	0	1
RPSAP69	3	ENSG00000233487	processed_transcript	0	0	0	0	0	1	0	1
RPTN	1	ENSG00000215853	protein_coding	0	0	1	0	0	0	0	0
RPUSD3	3	ENSG00000156990	protein_coding	0	0	0	0	0	0	0	1
RRM2	2	ENSG00000171848	protein_coding	0	0	0	0	0	0	0	1
RRP8	11	ENSG00000132275	protein_coding	1	0	0	0	0	0	0	0
RSL24D1P11	18	ENSG00000231544	processed_pseudogene	0	0	0	0	0	1	0	1
RSL24D1P2	2	ENSG00000230595	processed_pseudogene	0	0	0	0	0	1	0	1
RTBDN	19	ENSG00000132026	protein_coding	0	0	0	0	0	1	0	1
RTF2	20	ENSG00000022277	protein_coding	0	0	0	0	0	0	1	0
RTL9	X	ENSG00000243978	protein_coding	0	0	0	0	0	1	0	1
RTN4	2	ENSG00000115310	protein_coding	0	0	0	0	0	1	0	1
RUVBL1	3	ENSG00000175792	protein_coding	0	0	0	0	0	1	0	1
RXFP1	4	ENSG00000171509	protein_coding	0	0	0	0	1	0	0	0
S100Z	5	ENSG00000171643	protein_coding	0	0	0	0	0	0	0	1
SAA3P	11	ENSG00000166787	processed_transcript	0	0	0	0	0	0	0	1
SAGE1	X	ENSG00000181433	protein_coding	0	0	0	0	1	0	0	0
SAGE2P	X	ENSG00000198022	unprocessed_pseudogene	0	0	0	1	0	0	0	0
SAGE3P	X	ENSG00000277486	unprocessed_pseudogene	0	0	1	0	0	0	0	0
SAMD9	7	ENSG00000205413	protein_coding	1	0	0	0	0	0	0	0
SAMMSON	3	ENSG00000240405	lncRNA	0	0	0	0	1	1	0	1
SAP30L-AS1	5	ENSG00000245275	lncRNA	0	0	0	0	0	1	0	1
SAPCD2	9	ENSG00000186193	protein_coding	0	0	0	0	0	0	1	0
SAR1B	5	ENSG00000152700	protein_coding	0	0	0	0	0	1	0	1
SATB1-AS1	3	ENSG00000228956	lncRNA	0	0	1	1	1	1	1	1
SATL1	X	ENSG00000184788	protein_coding	0	0	0	0	0	1	0	1
SAXO1	9	ENSG00000155875	protein_coding	0	0	0	0	1	1	0	1
SBF2	11	ENSG00000133812	protein_coding	0	0	0	0	0	0	0	1
SCAMP1-AS1	5	ENSG00000245556	lncRNA	0	0	0	0	1	0	0	0
SCARB1	12	ENSG00000073060	processed_transcript	0	0	0	0	1	0	0	0
SCART1	10	ENSG00000214279	retained_intron	0	0	1	0	0	0	0	0
SCGB3A1	5	ENSG00000161055	protein_coding	0	0	0	0	1	0	0	0
SCIN	7	ENSG00000006747	protein_coding	0	0	0	0	0	1	0	1
SCLT1	4	ENSG00000151466	protein_coding	0	0	0	1	0	0	0	1
SCN7A	2	ENSG00000136546	protein_coding	0	0	0	0	0	0	0	1
SDAD1P3	3	ENSG00000227707	processed_pseudogene	0	0	0	0	0	1	0	1
SDCBP2P1	6	ENSG00000223389	processed_pseudogene	0	0	1	1	0	0	0	0
SDCBPP3	X	ENSG00000232801	processed_pseudogene	0	0	0	0	0	1	0	1
SDHAP1	3	ENSG00000185485	processed_transcript	0	0	1	0	0	0	0	0
SDR16C6P	8	ENSG00000253542	processed_transcript	0	0	1	0	1	1	0	1
SEBOX	17	ENSG00000274529	protein_coding	0	0	0	1	0	0	0	0
SEC14L1	17	ENSG00000129657	protein_coding	0	0	1	0	0	0	0	0
SEC14L4	22	ENSG00000133488	protein_coding	0	0	1	0	0	0	0	0
SEC16A	9	ENSG00000148396	protein_coding	0	0	0	0	0	1	0	1
SELENOOLP	10	ENSG00000227932	transcribed_unitary_pseudogene	0	0	0	0	1	0	0	0
SELENOP	5	ENSG00000250722	protein_coding	0	0	0	0	0	1	0	1
SELENOV	19	ENSG00000186838	protein_coding	0	0	0	1	0	0	0	0
SEM1	7	ENSG00000127922	protein_coding	0	0	1	1	1	1	1	1
SEM1P1	5	ENSG00000214857	processed_pseudogene	0	0	1	0	1	1	1	1
SEMA4D	9	ENSG00000187764	protein_coding	0	0	1	0	1	1	1	1
SEMG1	20	ENSG00000124233	protein_coding	0	0	0	0	0	1	0	0
SENP8	15	ENSG00000166192	protein_coding	0	0	0	0	1	0	0	0
SEPHS1P4	X	ENSG00000230146	processed_pseudogene	0	0	1	0	0	0	0	0
SEPTIN10P1	8	ENSG00000253541	processed_pseudogene	0	0	0	0	1	1	0	1
SEPTIN12	16	ENSG00000140623	protein_coding	0	0	0	0	0	1	0	1
SEPTIN9-DT	17	ENSG00000263718	lncRNA	0	0	1	0	0	0	0	0
SERHL2	22	ENSG00000183569	protein_coding	0	0	0	0	0	0	1	0
SERINC5	5	ENSG00000164300	protein_coding	0	0	0	0	1	1	0	1
SERPINA13P	14	ENSG00000187483	processed_transcript	0	0	1	0	0	0	0	0
SERPINA5	14	ENSG00000188488	protein_coding	0	0	0	0	0	0	1	0
SERPINA7	X	ENSG00000123561	protein_coding	0	0	0	0	0	0	0	1
SERPINB11	18	ENSG00000206072	protein_coding	0	0	0	0	0	1	0	1
SERPINB6	6	ENSG00000124570	protein_coding	0	0	0	0	0	0	0	1
SERPINB8	18	ENSG00000166401	protein_coding	0	0	1	0	0	0	0	0
SERPINB8P1	6	ENSG00000217707	unprocessed_pseudogene	0	0	0	0	1	0	0	0
SERPINB9P1	6	ENSG00000230438	lncRNA	0	0	0	0	1	0	0	0
SERPINH1P1	9	ENSG00000229207	processed_pseudogene	0	0	0	0	0	1	0	1
SETD7	4	ENSG00000145391	protein_coding	0	0	0	0	0	1	0	1
SETP14	3	ENSG00000240489	processed_pseudogene	0	0	1	1	1	1	1	1
SETP2	14	ENSG00000258893	processed_pseudogene	0	0	0	0	0	0	0	1
SETP7	12	ENSG00000257444	processed_pseudogene	0	0	1	0	0	0	0	0
SF3A2	19	ENSG00000104897	protein_coding	0	0	0	0	0	0	0	1
SFI1	22	ENSG00000198089	protein_coding	0	0	1	0	0	0	0	0
SFSWAP	12	ENSG00000061936	protein_coding	1	0	0	0	0	0	0	0
SFTPD	10	ENSG00000133661	protein_coding	0	0	0	0	0	1	0	0
SGCE	7	ENSG00000127990	protein_coding	0	0	0	0	0	1	0	1
SGO1-AS1	3	ENSG00000231304	lncRNA	0	0	0	0	1	1	0	1
SH2D6	2	ENSG00000152292	protein_coding	0	0	0	0	1	0	0	0
SH3BP2	4	ENSG00000087266	protein_coding	0	0	0	0	1	0	0	0
SH3BP5	3	ENSG00000131370	protein_coding	0	0	0	0	1	1	0	1
SH3TC2-DT	5	ENSG00000250072	lncRNA	0	0	0	0	0	1	0	1
SH3YL1	2	ENSG00000035115	protein_coding	0	0	0	0	0	1	0	0
SHANK2	11	ENSG00000162105	protein_coding	0	0	0	0	0	1	0	1
SHANK3	22	ENSG00000251322	protein_coding	0	0	1	0	0	0	0	0
SHLD2	10	ENSG00000122376	protein_coding	0	0	1	0	0	0	0	0
SHROOM1	5	ENSG00000164403	protein_coding	0	0	0	0	0	1	0	1
SIGLEC16	19	ENSG00000161643	processed_transcript	0	0	0	0	1	0	0	0
SIRT7	17	ENSG00000187531	protein_coding	0	0	1	0	0	0	0	0
SKAP2	7	ENSG00000005020	protein_coding	0	0	0	0	0	1	0	1
SKINT1L	1	ENSG00000242267	processed_transcript	0	0	1	0	0	0	0	0
SLC12A7	5	ENSG00000113504	protein_coding	0	1	0	0	0	0	0	0
SLC16A1-AS1	1	ENSG00000226419	lncRNA	0	0	1	0	1	1	1	1
SLC16A14P1	8	ENSG00000213708	unprocessed_pseudogene	0	0	0	0	0	1	0	1
SLC17A1	6	ENSG00000124568	protein_coding	0	0	1	0	0	0	0	0
SLC19A1	21	ENSG00000173638	protein_coding	0	0	0	0	0	1	0	1
SLC1A2	11	ENSG00000110436	protein_coding	0	0	0	0	0	1	0	0
SLC1A7	1	ENSG00000162383	protein_coding	0	0	0	0	0	1	0	0
SLC22A24	11	ENSG00000197658	protein_coding	1	0	0	0	0	0	0	0
SLC25A10	17	ENSG00000183048	protein_coding	0	0	0	0	0	0	0	1
SLC25A18P1	10	ENSG00000234309	processed_pseudogene	0	0	0	0	0	1	0	1
SLC25A38P1	1	ENSG00000229785	processed_pseudogene	0	0	0	0	1	1	0	1
SLC25A3P1	1	ENSG00000236253	processed_transcript	0	0	0	0	0	1	0	1
SLC25A48	5	ENSG00000145832	protein_coding	0	0	1	0	1	0	0	0
SLC25A51P3	8	ENSG00000254181	processed_pseudogene	0	0	0	0	0	0	0	1
SLC25A5P4	13	ENSG00000234421	processed_pseudogene	0	0	0	0	0	1	0	1
SLC25A5P5	7	ENSG00000226421	processed_pseudogene	0	0	0	0	0	0	0	1
SLC25A6P2	9	ENSG00000232203	processed_pseudogene	0	0	0	0	0	1	0	1
SLC26A7	8	ENSG00000147606	protein_coding	0	0	0	0	0	1	0	1
SLC2A1-AS1	1	ENSG00000227533	lncRNA	0	0	0	0	0	1	0	1
SLC2A9	4	ENSG00000109667	protein_coding	0	0	0	0	1	0	1	0
SLC30A8	8	ENSG00000164756	protein_coding	0	0	0	0	0	1	0	1
SLC35F2	11	ENSG00000110660	protein_coding	0	0	0	0	1	1	0	1
SLC35G4	18	ENSG00000236396	protein_coding	1	1	0	0	0	0	0	0
SLC37A3	7	ENSG00000157800	nonsense_mediated_decay	0	0	0	0	1	0	0	0
SLC38A1	12	ENSG00000111371	protein_coding	0	0	0	0	0	1	0	1
SLC39A14	8	ENSG00000104635	protein_coding	0	0	0	0	0	1	0	0
SLC39A8	4	ENSG00000138821	processed_transcript	0	0	0	0	0	1	0	0
SLC41A3	3	ENSG00000114544	protein_coding	0	0	0	0	0	1	0	1
SLC44A3-AS1	1	ENSG00000224081	transcribed_processed_pseudogene	0	0	0	0	0	1	0	1
SLC46A3	13	ENSG00000139508	protein_coding	0	0	0	0	1	0	0	0
SLC4A1APP2	1	ENSG00000236401	unprocessed_pseudogene	0	0	0	0	1	0	0	0
SLC52A1	17	ENSG00000132517	protein_coding	0	0	0	0	0	0	0	1
SLC6A18	5	ENSG00000164363	protein_coding	0	0	0	0	0	1	0	0
SLC7A15P	2	ENSG00000232800	unitary_pseudogene	0	0	0	0	1	1	0	0
SLC8A1-AS1	2	ENSG00000227028	lncRNA	0	0	0	0	1	1	0	1
SLCO1B7	12	ENSG00000205754	protein_coding	0	0	1	0	0	0	0	0
SLFN12	17	ENSG00000172123	protein_coding	0	0	1	0	0	0	0	0
SMAD5	5	ENSG00000113658	protein_coding	0	0	0	0	0	1	0	1
SMARCA4	19	ENSG00000127616	protein_coding	0	0	0	0	0	1	0	1
SMARCE1P4	8	ENSG00000253650	processed_pseudogene	0	0	0	0	0	1	0	1
SMC4	3	ENSG00000113810	protein_coding	0	0	0	0	0	0	1	0
SMCO2	12	ENSG00000165935	protein_coding	1	0	0	0	0	1	0	1
SMILR	8	ENSG00000255364	lncRNA	0	0	0	0	0	1	0	1
SMIM11A	21	ENSG00000205670	protein_coding	0	0	0	1	0	0	0	0
SMIM22	16	ENSG00000267795	protein_coding	0	0	0	0	0	1	0	1
SMIM24	19	ENSG00000095932	protein_coding	0	0	1	0	0	0	0	0
SMIM8	6	ENSG00000111850	processed_transcript	0	0	0	0	0	1	0	1
SMOX	20	ENSG00000088826	protein_coding	0	0	0	0	0	1	0	1
SMTN	22	ENSG00000183963	protein_coding	0	0	0	0	0	1	0	1
SMTNL1	11	ENSG00000214872	protein_coding	0	0	0	0	0	1	0	1
SNAI3-AS1	16	ENSG00000260630	lncRNA	0	0	1	0	0	0	0	0
SNAP25-AS1	20	ENSG00000227906	lncRNA	0	0	1	0	0	1	0	1
SNCAIP	5	ENSG00000064692	protein_coding	0	0	1	0	0	0	0	0
SNHG14	15	ENSG00000224078	lncRNA	0	0	1	0	1	0	0	1
SNHG17	20	ENSG00000196756	retained_intron	0	0	0	0	0	1	0	1
SNHG27	4	ENSG00000251676	lncRNA	0	0	0	0	1	0	0	0
SNHG5	6	ENSG00000203875	lncRNA	0	0	0	0	1	1	0	1
SNORA10B	2	ENSG00000207187	snoRNA	0	0	0	0	1	1	0	1
SNORA40C	6	ENSG00000212587	snoRNA	0	0	0	0	0	0	0	1
SNORD114-23	14	ENSG00000200406	snoRNA	0	0	0	0	1	0	0	0
SNORD28B	6	ENSG00000212295	snoRNA	0	0	0	0	0	1	0	0
SNRPCP2	5	ENSG00000251235	processed_pseudogene	0	0	0	0	0	1	1	1
SNRPD2P1	10	ENSG00000228938	processed_pseudogene	0	0	0	0	0	1	0	1
SNRPEP3	16	ENSG00000227624	processed_pseudogene	0	0	0	0	0	1	0	1
SNRPEP5	2	ENSG00000225642	processed_pseudogene	0	0	0	0	1	1	0	1
SNRPFP3	13	ENSG00000225501	processed_pseudogene	0	0	1	0	0	0	0	0
SNRPGP19	11	ENSG00000270526	processed_pseudogene	1	1	0	0	0	0	0	0
SNRPGP2	18	ENSG00000264350	processed_pseudogene	0	0	1	0	1	1	0	1
SNTN	3	ENSG00000188817	protein_coding	0	0	0	0	0	1	0	0
SNUPN	15	ENSG00000169371	protein_coding	0	0	0	0	0	0	0	1
SNX13	7	ENSG00000071189	protein_coding	0	0	0	0	0	1	0	1
SNX18P27	8	ENSG00000253418	processed_pseudogene	0	0	0	0	0	0	1	0
SNX31	8	ENSG00000174226	protein_coding	0	0	0	0	1	1	0	1
SNX9	6	ENSG00000130340	protein_coding	0	0	0	0	1	1	0	1
SOAT2	12	ENSG00000167780	protein_coding	0	0	0	0	0	0	0	1
SOCS5P4	X	ENSG00000227536	processed_pseudogene	0	0	0	0	0	1	0	1
SOCS5P5	6	ENSG00000216904	processed_pseudogene	0	0	0	0	0	1	0	0
SOD1	21	ENSG00000142168	protein_coding	0	0	0	0	0	0	1	0
SOD2	6	ENSG00000285441	protein_coding	0	0	0	0	0	1	0	1
SOX2-OT	3	ENSG00000242808	lncRNA	0	0	0	0	0	0	0	1
SOX5P1	8	ENSG00000254376	processed_pseudogene	0	0	0	0	0	0	0	1
SOX9-AS1	17	ENSG00000234899	lncRNA	0	0	0	0	1	0	0	0
SP100	2	ENSG00000067066	protein_coding	0	0	0	0	0	1	0	1
SPAAR	9	ENSG00000235387	nonsense_mediated_decay	0	0	1	0	0	1	0	1
SPACA3	17	ENSG00000141316	protein_coding	0	0	1	0	0	0	0	0
SPANXA2-OT1	X	ENSG00000277215	lncRNA	0	0	0	0	1	0	0	0
SPANXN4	X	ENSG00000189326	protein_coding	0	0	0	0	0	1	0	1
SPAST	2	ENSG00000021574	protein_coding	0	0	0	0	0	1	0	0
SPATA1	1	ENSG00000122432	protein_coding	0	0	0	1	0	0	0	0
SPATA21	1	ENSG00000187144	protein_coding	0	0	1	1	0	0	0	0
SPATA25	20	ENSG00000149634	protein_coding	0	0	0	0	0	1	0	0
SPATA2P1	13	ENSG00000228319	processed_pseudogene	0	0	1	0	0	0	0	0
SPATA31D1	9	ENSG00000214929	protein_coding	0	0	0	0	0	1	0	0
SPATA31E1	9	ENSG00000177992	protein_coding	0	0	0	0	1	0	0	0
SPATA32	17	ENSG00000184361	protein_coding	0	0	0	0	0	1	0	0
SPATA8	15	ENSG00000185594	lncRNA	0	0	0	0	0	1	0	0
SPATS2	12	ENSG00000123352	protein_coding	0	0	0	0	0	1	0	1
SPDL1	5	ENSG00000040275	protein_coding	0	0	0	0	0	0	0	1
SPECC1P1	17	ENSG00000227790	transcribed_unprocessed_pseudogene	0	0	0	0	1	1	0	0
SPHK1	17	ENSG00000176170	protein_coding	0	0	0	1	0	1	0	1
SPIDR	8	ENSG00000164808	protein_coding	0	0	1	0	0	0	0	0
SPIN2A	X	ENSG00000147059	protein_coding	0	0	1	0	0	0	0	0
SPINK4	9	ENSG00000122711	protein_coding	0	0	0	0	0	0	0	1
SPRR3	1	ENSG00000163209	protein_coding	0	0	0	0	0	0	0	1
SPRY4-AS1	5	ENSG00000231185	lncRNA	0	0	0	0	0	1	0	0
SPRYD7	13	ENSG00000123178	protein_coding	0	0	0	0	0	1	0	1
SPRYD7P1	X	ENSG00000234404	processed_pseudogene	0	0	1	0	0	0	0	0
SPTLC1	9	ENSG00000090054	protein_coding	0	0	0	0	1	0	0	0
SPTLC1P2	6	ENSG00000218512	processed_pseudogene	0	0	1	0	1	1	1	1
SPTLC1P5	13	ENSG00000227922	processed_pseudogene	0	0	1	0	1	1	1	1
SRD5A3-AS1	4	ENSG00000249700	lncRNA	0	0	1	0	0	1	0	1
SRIP1	4	ENSG00000248660	processed_pseudogene	0	0	1	0	0	0	0	0
SRP14	15	ENSG00000140319	protein_coding	0	0	0	0	0	1	0	1
SRP14-AS1	15	ENSG00000248508	lncRNA	0	0	1	0	1	1	1	1
SRP19	5	ENSG00000153037	protein_coding	0	0	0	0	0	1	0	1
SRP54	14	ENSG00000100883	protein_coding	0	0	0	0	0	1	0	1
SRPK3	X	ENSG00000184343	protein_coding	0	0	0	0	1	0	0	0
SRRM1P3	X	ENSG00000237307	processed_pseudogene	0	0	0	0	1	0	0	0
SRRM5	19	ENSG00000226763	protein_coding	0	0	0	0	0	1	0	0
SSTR5-AS1	16	ENSG00000261713	lncRNA	0	0	1	0	0	0	0	0
SSUH2	3	ENSG00000125046	protein_coding	0	0	1	0	1	0	0	0
ST13P11	11	ENSG00000213368	processed_pseudogene	0	0	0	0	0	1	0	0
ST13P18	X	ENSG00000234322	processed_pseudogene	0	0	0	0	1	1	0	1
ST13P19	1	ENSG00000228110	processed_pseudogene	0	0	0	0	0	0	0	1
ST13P3	12	ENSG00000257773	processed_pseudogene	0	0	0	0	1	1	0	1
ST13P6	8	ENSG00000225259	processed_pseudogene	0	0	0	0	0	1	0	1
ST20	15	ENSG00000180953	protein_coding	0	0	1	0	0	0	0	0
ST3GAL5	2	ENSG00000115525	protein_coding	0	0	0	0	0	0	1	0
ST6GAL2	2	ENSG00000144057	protein_coding	0	0	0	0	1	1	0	1
ST6GALNAC2P1	2	ENSG00000228902	processed_pseudogene	0	0	0	0	0	0	0	1
ST8SIA1	12	ENSG00000111728	processed_transcript	1	1	0	0	1	0	0	0
STAMBP	2	ENSG00000124356	protein_coding	0	0	0	0	0	1	0	0
STARD6	18	ENSG00000174448	protein_coding	0	0	0	0	0	1	0	0
STARD9	15	ENSG00000159433	protein_coding	0	0	0	0	0	1	0	1
STARP1	13	ENSG00000214266	processed_pseudogene	0	0	0	0	0	0	0	1
STEAP2-AS1	7	ENSG00000227646	lncRNA	0	0	0	0	0	1	0	1
STH	17	ENSG00000256762	protein_coding	0	0	0	0	1	0	0	0
STIL	1	ENSG00000123473	protein_coding	0	0	1	0	0	0	0	0
STK3	8	ENSG00000104375	processed_transcript	0	0	0	1	0	0	0	0
STK33P1	9	ENSG00000227412	processed_pseudogene	0	0	0	0	0	1	0	1
STK38L	12	ENSG00000211455	protein_coding	0	0	0	0	0	0	1	0
STMN2	8	ENSG00000104435	protein_coding	0	0	0	0	0	1	0	1
STOML3	13	ENSG00000133115	protein_coding	0	0	1	0	0	0	0	0
STON1-GTF2A1L	2	ENSG00000068781	protein_coding	0	0	0	0	0	1	0	0
STRA6	15	ENSG00000137868	protein_coding	0	0	0	0	0	1	0	1
STRBP	9	ENSG00000165209	protein_coding	0	0	0	0	1	0	0	0
STS	X	ENSG00000101846	protein_coding	0	0	0	0	1	1	1	1
STX18-AS1	4	ENSG00000247708	lncRNA	0	0	1	0	0	1	0	1
STXBP5-AS1	6	ENSG00000233452	lncRNA	0	0	0	0	0	1	0	0
SUCLA2	13	ENSG00000136143	nonsense_mediated_decay	0	0	0	0	1	0	0	0
SUCLG2-AS1	3	ENSG00000241316	lncRNA	0	0	1	0	0	1	0	1
SUCLG2P2	12	ENSG00000236349	processed_pseudogene	0	0	0	0	0	0	0	1
SUGT1P3	13	ENSG00000239827	retained_intron	0	0	0	0	1	0	1	0
SUGT1P4-STRA6LP	9	ENSG00000254876	lncRNA	0	0	1	0	0	0	0	0
SULT1D1P	4	ENSG00000236959	transcribed_unitary_pseudogene	0	0	1	0	0	0	0	0
SULT2B1	19	ENSG00000088002	protein_coding	0	0	0	0	0	0	0	1
SUMO1P4	19	ENSG00000235555	processed_pseudogene	0	0	0	0	1	0	0	0
SUMO2P17	17	ENSG00000248278	transcribed_processed_pseudogene	0	0	1	0	1	1	0	1
SUMO2P18	8	ENSG00000253639	processed_pseudogene	0	0	0	0	0	0	1	0
SUMO2P6	5	ENSG00000249031	processed_pseudogene	0	0	0	0	0	1	0	1
SUMO4	6	ENSG00000177688	protein_coding	0	0	0	0	1	0	0	0
SUN3	7	ENSG00000164744	protein_coding	0	0	0	0	0	1	0	1
SUOX	12	ENSG00000139531	protein_coding	0	0	1	0	1	1	0	1
SVIL	10	ENSG00000197321	protein_coding	0	0	0	0	0	1	0	0
SVIL2P	10	ENSG00000234814	transcribed_unprocessed_pseudogene	0	0	0	0	0	1	0	1
SYCE1L	16	ENSG00000205078	protein_coding	0	0	0	0	0	0	0	1
SYNJ2	6	ENSG00000078269	protein_coding	0	0	0	0	0	1	0	1
SYNM	15	ENSG00000182253	protein_coding	0	0	0	1	0	0	0	0
SYT14	1	ENSG00000143469	processed_transcript	0	0	0	0	1	0	0	0
SYTL4	X	ENSG00000102362	protein_coding	0	0	0	0	0	1	0	1
TAAR2	6	ENSG00000146378	protein_coding	0	0	1	0	0	0	0	0
TAAR6	6	ENSG00000146383	protein_coding	0	0	1	0	0	1	0	0
TAAR8	6	ENSG00000146385	protein_coding	0	0	0	1	0	0	0	0
TAC4	17	ENSG00000176358	protein_coding	0	0	0	0	1	0	0	0
TAF1L	9	ENSG00000122728	protein_coding	0	0	0	0	0	1	0	1
TANGO2	22	ENSG00000183597	protein_coding	0	0	0	0	0	0	0	1
TAPT1-AS1	4	ENSG00000263327	lncRNA	0	0	0	0	0	1	0	0
TARBP1	1	ENSG00000059588	protein_coding	0	0	0	0	0	1	0	0
TAS2R42	12	ENSG00000186136	protein_coding	0	0	1	0	0	0	0	0
TAS2R60	7	ENSG00000185899	protein_coding	0	0	0	0	1	0	0	0
TBC1D2B	15	ENSG00000167202	protein_coding	0	0	1	0	0	0	0	0
TBC1D3P1-DHX40P1	17	ENSG00000267104	lncRNA	1	0	0	0	0	0	0	0
TBC1D7	6	ENSG00000145979	protein_coding	0	0	0	0	0	1	0	1
TBC1D8B	X	ENSG00000133138	protein_coding	1	1	1	1	1	1	1	1
TBP	6	ENSG00000112592	protein_coding	0	0	0	0	0	0	0	1
TCF12	15	ENSG00000140262	protein_coding	0	0	0	0	0	0	0	1
TCF4	18	ENSG00000196628	protein_coding	0	0	0	0	0	0	0	1
TCHH	1	ENSG00000159450	protein_coding	0	0	0	0	0	1	0	1
TCP11X2	X	ENSG00000215029	protein_coding	0	0	0	0	0	0	0	1
TDRD15	2	ENSG00000218819	protein_coding	0	0	0	0	0	0	0	1
TDRD3	13	ENSG00000083544	protein_coding	0	0	0	0	0	1	0	1
TEDC1	14	ENSG00000185347	protein_coding	0	0	0	0	0	0	0	1
TEDDM1	1	ENSG00000203730	protein_coding	0	0	0	1	0	0	0	0
TEKT3	17	ENSG00000125409	protein_coding	0	0	1	0	0	0	0	0
TENT2	5	ENSG00000164329	protein_coding	0	0	0	0	0	1	0	1
TEP1	14	ENSG00000129566	protein_coding	0	0	1	0	0	0	0	0
TEX21P	14	ENSG00000234911	processed_transcript	0	0	1	0	0	0	0	0
TEX35	1	ENSG00000240021	nonsense_mediated_decay	0	0	0	0	0	1	0	1
TEX41	2	ENSG00000226674	lncRNA	0	0	1	0	1	1	1	1
TEX55	3	ENSG00000163424	protein_coding	0	0	0	0	0	1	0	0
TGIF1P1	19	ENSG00000259339	processed_pseudogene	0	0	0	0	1	0	0	0
THAP12P6	13	ENSG00000227882	processed_pseudogene	0	0	0	0	1	1	0	1
THAP5	7	ENSG00000177683	processed_transcript	0	0	1	0	0	0	0	0
THAP5P1	7	ENSG00000224324	processed_pseudogene	0	0	0	0	1	1	0	1
THORLNC	2	ENSG00000226856	lncRNA	0	0	1	0	0	0	0	0
THSD4	15	ENSG00000187720	protein_coding	0	0	0	0	0	1	0	1
THYN1	11	ENSG00000151500	protein_coding	0	0	0	0	0	1	0	1
TIPRL	1	ENSG00000143155	protein_coding	0	0	0	0	0	1	0	1
TKT	3	ENSG00000163931	protein_coding	0	0	0	0	0	1	0	1
TKTL1	X	ENSG00000007350	protein_coding	0	0	0	0	0	0	0	1
TMBIM7P	7	ENSG00000230927	processed_transcript	0	0	0	0	0	0	0	1
TMC3-AS1	15	ENSG00000259343	lncRNA	0	0	0	0	0	1	0	1
TMC5	16	ENSG00000103534	protein_coding	0	0	0	0	0	1	0	0
TMCC1-AS1	3	ENSG00000271270	lncRNA	0	0	0	0	0	1	0	0
TMCO5A	15	ENSG00000166069	protein_coding	0	0	0	0	0	1	0	1
TMEM14B	6	ENSG00000137210	protein_coding	0	0	0	0	0	0	0	1
TMEM14DP	10	ENSG00000214881	processed_pseudogene	0	0	0	0	0	0	1	0
TMEM159	16	ENSG00000011638	protein_coding	0	0	0	0	0	1	0	0
TMEM161B-AS1	5	ENSG00000247828	lncRNA	0	0	0	1	0	1	0	0
TMEM175	4	ENSG00000127419	protein_coding	1	0	0	0	0	0	0	0
TMEM212	3	ENSG00000186329	processed_transcript	0	0	0	0	0	0	0	1
TMEM220-AS1	17	ENSG00000263400	lncRNA	0	0	0	0	1	0	0	0
TMEM254-AS1	10	ENSG00000230091	lncRNA	0	0	1	0	0	0	0	0
TMEM269	1	ENSG00000274386	protein_coding	0	0	0	0	0	1	0	0
TMEM40	3	ENSG00000088726	protein_coding	0	0	0	0	1	1	0	1
TMEM43	3	ENSG00000170876	protein_coding	0	0	0	0	0	1	0	1
TMEM62	15	ENSG00000137842	protein_coding	0	0	0	0	1	0	0	0
TMEM67	8	ENSG00000164953	protein_coding	0	0	0	0	0	1	0	0
TMEM97P2	8	ENSG00000253866	processed_pseudogene	0	0	0	0	0	1	0	1
TMOD3	15	ENSG00000138594	processed_transcript	0	0	0	0	1	0	0	0
TMPRSS11GP	4	ENSG00000229009	transcribed_unprocessed_pseudogene	1	1	0	0	0	0	0	0
TMPRSS2	21	ENSG00000184012	protein_coding	0	0	1	0	0	0	0	0
TMSB15B	X	ENSG00000269226	protein_coding	0	0	0	0	0	1	0	1
TNFRSF10B	8	ENSG00000120889	protein_coding	0	0	0	0	0	1	0	0
TNK2	3	ENSG00000061938	protein_coding	0	0	1	0	0	0	0	0
TNKS2-AS1	10	ENSG00000228701	lncRNA	0	0	0	0	0	1	0	1
TNS2	12	ENSG00000111077	protein_coding	0	0	0	0	0	1	0	1
TONSL	8	ENSG00000160949	protein_coding	0	0	1	0	0	0	0	0
TOPORSLP	9	ENSG00000242111	processed_transcript	0	0	0	0	0	1	0	0
TOX4P1	4	ENSG00000248697	processed_pseudogene	0	0	0	0	0	1	0	1
TP53AIP1	11	ENSG00000120471	protein_coding	0	0	0	0	0	1	0	1
TP73	1	ENSG00000078900	protein_coding	0	0	0	0	0	0	0	1
TP73-AS1	1	ENSG00000227372	transcribed_unitary_pseudogene	0	0	0	0	0	0	0	1
TPCN2	11	ENSG00000162341	protein_coding	0	0	0	0	0	1	0	0
TPH2	12	ENSG00000139287	processed_transcript	0	0	1	0	1	1	1	1
TPM3P2	20	ENSG00000214200	processed_pseudogene	0	0	0	0	0	0	0	1
TPM3P4	7	ENSG00000214869	processed_pseudogene	0	0	0	0	0	1	0	1
TPMTP1	18	ENSG00000267156	processed_pseudogene	0	0	0	0	1	1	0	1
TPRG1	3	ENSG00000188001	protein_coding	0	0	0	0	1	1	0	1
TPRXL	3	ENSG00000180438	processed_transcript	0	0	1	0	0	0	1	0
TPTE2P5	13	ENSG00000168852	processed_transcript	0	0	0	0	0	0	1	0
TPTE2P6	13	ENSG00000205822	processed_transcript	0	0	0	0	0	0	1	0
TPTEP1	22	ENSG00000100181	processed_transcript	1	1	0	0	0	0	0	0
TPX2	20	ENSG00000088325	protein_coding	0	0	0	0	0	1	0	1
TRAF6P1	10	ENSG00000226557	processed_pseudogene	0	0	0	0	0	1	0	1
TRAPPC12	2	ENSG00000171853	protein_coding	0	0	0	0	1	0	0	0
TRAPPC2B	19	ENSG00000256060	protein_coding	0	0	0	0	0	0	0	1
TRAV28	14	ENSG00000258835	TR_V_pseudogene	0	0	1	0	1	0	0	0
TRAV40	14	ENSG00000211819	TR_V_gene	0	0	1	0	0	0	0	0
TRBV5-2	7	ENSG00000242771	TR_V_pseudogene	0	0	0	0	1	0	0	0
TRBV6-4	7	ENSG00000211713	TR_V_gene	0	0	1	0	1	0	0	0
TREML5P	6	ENSG00000225690	unprocessed_pseudogene	0	0	0	0	0	0	1	0
TRGV11	7	ENSG00000211693	TR_V_gene	0	0	0	1	0	1	0	1
TRHDE	12	ENSG00000072657	processed_transcript	0	0	0	0	0	0	0	1
TRHDE-AS1	12	ENSG00000236333	lncRNA	0	0	0	0	0	1	0	0
TRIB3	20	ENSG00000101255	protein_coding	0	1	0	0	1	0	0	0
TRIM34	11	ENSG00000258659	protein_coding	0	0	0	0	1	0	0	0
TRIM5	11	ENSG00000132256	protein_coding	0	0	0	0	0	0	0	1
TRIM60	4	ENSG00000176979	protein_coding	0	0	1	0	0	0	0	0
TRIM64FP	2	ENSG00000226185	unprocessed_pseudogene	0	0	0	1	0	0	0	0
TRIM69	15	ENSG00000185880	protein_coding	0	0	0	1	0	0	0	0
TRIP11	14	ENSG00000100815	protein_coding	0	0	0	0	0	1	0	0
TRMT11	6	ENSG00000066651	nonsense_mediated_decay	0	0	1	1	1	1	1	1
TRMT112P1	4	ENSG00000250272	processed_pseudogene	0	0	1	0	0	0	0	0
TRMT112P3	17	ENSG00000265262	transcribed_processed_pseudogene	0	0	0	0	0	1	0	1
TRMT112P6	2	ENSG00000268412	processed_pseudogene	0	0	0	0	0	0	0	1
TRMT13	1	ENSG00000122435	protein_coding	0	0	0	0	0	1	0	0
TRMT9B	8	ENSG00000250305	protein_coding	0	0	1	0	1	1	0	1
TRPC5OS	X	ENSG00000204025	protein_coding	0	0	1	0	0	0	0	0
TSBP1	6	ENSG00000204296	protein_coding	0	0	0	0	0	0	0	1
TSEN15	1	ENSG00000198860	nonsense_mediated_decay	0	0	0	0	0	1	0	1
TSNAX-DISC1	1	ENSG00000270106	nonsense_mediated_decay	0	0	0	0	0	1	0	0
TSPAN16	19	ENSG00000130167	protein_coding	0	0	0	0	0	0	0	1
TSPAN19	12	ENSG00000231738	protein_coding	0	0	1	0	0	0	0	0
TSSC2	11	ENSG00000223756	processed_transcript	1	1	0	0	0	0	0	0
TSTD3	6	ENSG00000279170	protein_coding	0	0	1	0	0	0	0	0
TTC16	9	ENSG00000167094	protein_coding	0	0	0	0	0	1	0	1
TTC23	15	ENSG00000103852	protein_coding	1	1	0	0	0	1	0	1
TTC33	5	ENSG00000113638	protein_coding	0	0	0	0	0	1	0	1
TTC41P	12	ENSG00000214198	processed_transcript	0	0	1	0	1	0	0	0
TTC6	14	ENSG00000139865	protein_coding	0	0	1	0	1	1	0	1
TTF1	9	ENSG00000125482	protein_coding	0	0	0	0	0	0	0	1
TTF2	1	ENSG00000116830	protein_coding	0	0	0	0	0	1	0	0
TTLL4	2	ENSG00000135912	protein_coding	0	0	0	0	0	0	1	0
TTLL8	22	ENSG00000138892	protein_coding	0	0	1	0	0	0	0	0
TTN	2	ENSG00000155657	protein_coding	0	0	0	0	0	0	0	1
TUBA1C	12	ENSG00000167553	processed_transcript	0	0	0	0	1	0	0	0
TUBAP2	11	ENSG00000214391	processed_pseudogene	0	0	0	0	1	1	0	1
TUBB8P5	12	ENSG00000254381	unprocessed_pseudogene	1	1	0	0	0	0	0	0
TUBGCP6	22	ENSG00000128159	protein_coding	0	0	0	0	0	1	0	1
TUSC3	8	ENSG00000104723	processed_transcript	0	0	0	0	0	0	0	1
TXNP1	10	ENSG00000232823	processed_pseudogene	0	0	0	0	0	0	0	1
U91319	16	ENSG00000262801	lncRNA	0	0	0	0	0	1	0	1
U95743	16	ENSG00000262267	lncRNA	1	1	1	0	0	0	0	0
UBA5	3	ENSG00000081307	protein_coding	0	0	1	0	0	0	0	0
UBA6-AS1	4	ENSG00000248049	lncRNA	0	1	0	0	0	1	0	1
UBAC2-AS1	13	ENSG00000228889	lncRNA	0	0	0	1	0	0	0	0
UBAP1	9	ENSG00000165006	protein_coding	0	0	0	0	1	0	0	0
UBBP1	2	ENSG00000230037	processed_pseudogene	0	0	0	0	0	1	0	1
UBE2C	20	ENSG00000175063	protein_coding	0	0	0	0	0	1	0	1
UBE2FP2	16	ENSG00000261199	processed_pseudogene	0	0	0	0	0	1	0	0
UBE2HP1	8	ENSG00000253677	processed_pseudogene	0	0	0	0	1	1	0	1
UBE2NL	X	ENSG00000276380	polymorphic_pseudogene	0	0	0	0	0	1	0	1
UBE2V1P9	X	ENSG00000229667	processed_pseudogene	0	0	0	1	0	0	0	0
UBL7-AS1	15	ENSG00000247240	lncRNA	0	0	1	0	1	1	1	1
UBXN11	1	ENSG00000158062	protein_coding	1	1	1	1	1	1	1	1
UCHL5	1	ENSG00000116750	protein_coding	0	0	0	0	0	1	0	1
UGGT2	13	ENSG00000102595	protein_coding	0	0	1	0	0	0	0	0
UGT1A11P	2	ENSG00000227846	unprocessed_pseudogene	0	0	1	0	0	0	0	0
UGT2A1	4	ENSG00000173610	protein_coding	0	0	1	0	0	0	1	0
UMODL1	21	ENSG00000177398	protein_coding	0	0	0	0	0	1	0	1
UQCC3	11	ENSG00000204922	protein_coding	0	0	1	0	0	0	0	0
UQCRFS1P3	6	ENSG00000217314	processed_pseudogene	0	0	0	0	0	1	0	1
USP10	16	ENSG00000103194	protein_coding	0	0	0	0	0	1	0	0
USP24	1	ENSG00000162402	protein_coding	0	0	0	0	0	1	0	0
USP29	19	ENSG00000131864	protein_coding	0	0	0	0	0	0	0	1
USP30	12	ENSG00000135093	protein_coding	0	0	0	0	1	1	0	1
USP32	17	ENSG00000170832	protein_coding	0	0	0	1	0	0	0	0
USP37	2	ENSG00000135913	protein_coding	0	0	0	0	0	0	0	1
USP50	15	ENSG00000170236	protein_coding	0	0	1	0	0	0	0	1
UTP20	12	ENSG00000120800	protein_coding	0	0	0	0	0	0	1	0
UTS2B	3	ENSG00000188958	protein_coding	0	0	0	0	0	1	0	1
UXS1	2	ENSG00000115652	protein_coding	0	0	0	0	0	1	0	0
VAMP9P	4	ENSG00000284516	transcribed_unitary_pseudogene	0	0	1	0	0	0	0	0
VAPA	18	ENSG00000101558	protein_coding	0	0	0	0	0	0	1	0
VBP1	X	ENSG00000155959	protein_coding	0	0	1	0	0	0	0	0
VCAM1	1	ENSG00000162692	protein_coding	1	1	0	0	0	0	0	0
VEZF1P1	3	ENSG00000236229	processed_pseudogene	0	0	0	0	1	1	0	1
VGLL3	3	ENSG00000206538	protein_coding	0	0	1	0	0	1	0	1
VINAC1P	2	ENSG00000283698	processed_transcript	0	0	0	0	1	0	0	0
VLDLR-AS1	9	ENSG00000236404	lncRNA	0	0	0	0	0	1	0	1
VN1R1	19	ENSG00000178201	protein_coding	0	0	0	0	1	0	0	0
VN1R4	19	ENSG00000228567	protein_coding	0	0	1	0	0	0	0	0
VN1R40P	7	ENSG00000223845	unitary_pseudogene	1	1	0	0	0	0	0	0
VN1R66P	16	ENSG00000237185	unprocessed_pseudogene	0	0	0	1	0	0	0	0
VN1R96P	19	ENSG00000230086	unitary_pseudogene	0	0	1	0	0	0	0	0
VN2R19P	19	ENSG00000235974	unitary_pseudogene	0	0	0	1	0	0	1	0
VPS35L	16	ENSG00000103544	protein_coding	0	0	0	0	0	0	1	0
VTN	17	ENSG00000109072	protein_coding	0	0	0	0	0	1	0	1
VWA8-AS1	13	ENSG00000278338	lncRNA	0	0	0	0	0	0	1	0
WARS2P1	10	ENSG00000227209	processed_pseudogene	0	0	1	0	0	0	0	0
WASF4P	X	ENSG00000188459	processed_pseudogene	0	0	0	0	1	0	0	0
WASHC4	12	ENSG00000136051	protein_coding	0	0	1	0	0	0	0	0
WDFY3-AS2	4	ENSG00000180769	lncRNA	0	0	1	0	0	1	0	1
WDR27	6	ENSG00000184465	protein_coding	0	0	0	0	1	0	0	0
WDR31	9	ENSG00000148225	protein_coding	0	0	0	0	0	1	0	1
WDR34	9	ENSG00000119333	protein_coding	0	0	0	0	0	0	0	1
WDR5	9	ENSG00000196363	protein_coding	0	0	0	0	0	1	0	1
WDR62	19	ENSG00000075702	protein_coding	0	0	0	0	0	1	0	1
WDR72	15	ENSG00000166415	protein_coding	0	0	1	0	1	1	1	1
WDR83	19	ENSG00000123154	protein_coding	0	0	0	0	1	0	0	0
WDR90	16	ENSG00000161996	protein_coding	0	0	0	0	0	0	0	1
WDR93	15	ENSG00000140527	protein_coding	0	0	0	0	1	0	0	0
WFDC3	20	ENSG00000124116	protein_coding	0	0	0	0	0	0	1	0
WFDC8	20	ENSG00000158901	protein_coding	0	0	0	0	0	1	0	0
WIZP1	11	ENSG00000255293	processed_pseudogene	0	0	0	0	0	0	0	1
WNK3	X	ENSG00000196632	protein_coding	0	0	0	0	0	1	0	1
WNT5B	12	ENSG00000111186	protein_coding	0	0	0	0	0	1	0	0
WT1-AS	11	ENSG00000183242	lncRNA	0	0	0	0	0	1	0	1
WWTR1	3	ENSG00000018408	protein_coding	0	0	0	0	0	1	0	0
XACT	X	ENSG00000241743	lncRNA	0	0	0	0	1	1	0	1
XIAPP1	10	ENSG00000270294	processed_pseudogene	0	0	1	0	1	1	1	1
XKR9	8	ENSG00000221947	protein_coding	0	0	0	0	0	0	0	1
XRCC3	14	ENSG00000126215	protein_coding	0	0	0	0	1	0	0	0
XRCC6P1	10	ENSG00000237417	processed_pseudogene	0	0	0	0	0	1	0	1
XRCC6P2	X	ENSG00000234825	processed_pseudogene	0	0	0	0	1	1	0	1
YBX1P1	14	ENSG00000224861	processed_pseudogene	0	0	1	0	1	1	1	1
YBX1P10	9	ENSG00000213866	processed_pseudogene	0	0	1	0	1	1	0	1
YBX2P1	10	ENSG00000213438	processed_pseudogene	0	0	0	0	0	1	0	1
YWHAEP5	2	ENSG00000234645	processed_pseudogene	0	0	0	0	1	1	0	1
YWHAQP9	1	ENSG00000230019	processed_pseudogene	0	0	0	0	0	1	0	1
YWHAZP2	2	ENSG00000213236	processed_pseudogene	0	0	1	0	1	1	0	1
YWHAZP3	10	ENSG00000229932	processed_pseudogene	0	0	0	0	0	1	0	1
Z72006	22	ENSG00000285855	lncRNA	0	0	0	0	0	0	0	1
Z75741	X	ENSG00000224548	processed_pseudogene	0	0	0	0	0	1	0	1
Z82186	22	ENSG00000224715	lncRNA	1	0	0	0	0	0	0	0
Z82195	X	ENSG00000274775	transcribed_unprocessed_pseudogene	0	0	0	0	0	1	1	1
Z82196	22	ENSG00000234891	lncRNA	0	0	0	0	0	1	0	1
Z83820	X	ENSG00000230781	unitary_pseudogene	0	0	0	0	1	0	0	0
Z85994	22	ENSG00000236079	processed_pseudogene	0	0	1	0	0	0	0	0
Z93242	X	ENSG00000227873	processed_pseudogene	0	0	1	0	0	0	0	0
Z93403	X	ENSG00000231772	lncRNA	0	0	0	0	0	1	0	0
Z93930	22	ENSG00000226471	lncRNA	0	0	1	0	0	0	0	0
Z95327	X	ENSG00000238116	processed_pseudogene	1	1	0	0	0	0	0	0
Z96811	X	ENSG00000230478	processed_pseudogene	0	0	0	0	0	1	0	1
Z97353	22	ENSG00000231369	processed_pseudogene	0	0	0	0	1	1	0	1
Z98259	1	ENSG00000284692	lncRNA	0	0	0	0	1	0	0	0
Z99916	22	ENSG00000279298	lncRNA	0	0	1	0	0	0	0	0
ZBED5	11	ENSG00000236287	processed_transcript	0	0	0	0	0	1	0	1
ZBTB25	14	ENSG00000089775	protein_coding	0	0	0	0	0	1	0	1
ZC3H12D	6	ENSG00000178199	protein_coding	0	0	0	0	0	1	0	1
ZCWPW2	3	ENSG00000206559	protein_coding	0	0	0	0	0	1	0	1
ZDBF2	2	ENSG00000204186	protein_coding	0	0	0	0	0	1	0	1
ZDHHC19	3	ENSG00000163958	protein_coding	0	0	0	0	1	0	0	0
ZDHHC20P4	13	ENSG00000232380	processed_pseudogene	0	0	1	0	0	0	0	1
ZDHHC24	11	ENSG00000174165	protein_coding	0	0	0	0	0	0	1	0
ZEB1-AS1	10	ENSG00000237036	lncRNA	0	0	0	0	0	1	0	1
ZEB2P1	4	ENSG00000249506	transcribed_processed_pseudogene	0	0	0	0	0	1	0	1
ZFAS1	20	ENSG00000177410	lncRNA	0	0	1	0	0	0	0	0
ZFAT	8	ENSG00000066827	protein_coding	0	0	0	0	0	1	0	1
ZFHX4-AS1	8	ENSG00000253661	lncRNA	0	0	0	0	0	0	0	1
ZFP14	19	ENSG00000142065	protein_coding	0	0	0	0	0	1	0	0
ZFP2	5	ENSG00000198939	protein_coding	0	0	0	0	0	0	0	1
ZFP64	20	ENSG00000020256	protein_coding	0	0	0	0	1	0	0	0
ZFP64P1	14	ENSG00000258491	processed_pseudogene	0	0	0	0	0	0	1	0
ZFP90	16	ENSG00000184939	protein_coding	0	0	1	0	0	0	0	0
ZFPM2	8	ENSG00000169946	processed_transcript	0	0	0	0	0	1	0	0
ZFRP1	X	ENSG00000234570	processed_pseudogene	0	0	1	0	0	0	0	0
ZFYVE19	15	ENSG00000166140	protein_coding	0	0	1	0	0	0	0	0
ZFYVE28	4	ENSG00000159733	protein_coding	0	0	0	0	0	1	0	1
ZFYVE9P2	2	ENSG00000214843	processed_pseudogene	0	0	0	0	0	1	0	1
ZGPAT	20	ENSG00000197114	protein_coding	0	0	1	0	1	1	0	1
ZHX3	20	ENSG00000174306	protein_coding	0	0	0	0	0	1	0	0
ZKSCAN7	3	ENSG00000196345	protein_coding	0	0	0	0	0	1	0	1
ZMAT1	X	ENSG00000166432	protein_coding	0	0	0	0	0	1	0	1
ZMIZ1-AS1	10	ENSG00000224596	lncRNA	0	0	0	0	0	1	0	0
ZMYM1	1	ENSG00000197056	protein_coding	0	0	0	0	0	0	1	0
ZNF112	19	ENSG00000062370	protein_coding	1	1	0	0	0	0	0	0
ZNF117	7	ENSG00000152926	protein_coding	0	0	1	0	0	0	0	0
ZNF134	19	ENSG00000213762	protein_coding	0	0	0	0	0	1	0	1
ZNF155	19	ENSG00000204920	protein_coding	0	0	0	0	0	1	0	1
ZNF177	19	ENSG00000188629	protein_coding	0	0	0	1	0	0	0	0
ZNF185	X	ENSG00000147394	protein_coding	0	0	0	0	0	1	0	0
ZNF20	19	ENSG00000132010	protein_coding	0	0	0	0	0	1	0	0
ZNF213	16	ENSG00000085644	protein_coding	0	0	0	0	0	0	0	1
ZNF221	19	ENSG00000159905	protein_coding	0	0	0	0	0	0	0	1
ZNF234	19	ENSG00000263002	protein_coding	0	0	0	0	0	1	0	1
ZNF236-DT	18	ENSG00000264278	lncRNA	0	0	0	0	1	1	0	1
ZNF259P1	6	ENSG00000219565	transcribed_processed_pseudogene	0	0	0	0	0	1	0	1
ZNF280C	X	ENSG00000056277	protein_coding	1	1	0	0	0	0	0	0
ZNF283	19	ENSG00000167637	protein_coding	0	0	0	1	1	0	0	0
ZNF285	19	ENSG00000267508	protein_coding	0	0	1	0	0	0	0	0
ZNF300P1	5	ENSG00000197083	processed_transcript	0	0	1	0	0	0	0	0
ZNF320	19	ENSG00000182986	protein_coding	0	0	0	1	1	0	0	0
ZNF337-AS1	20	ENSG00000213742	lncRNA	0	0	0	0	0	0	0	1
ZNF33B	10	ENSG00000196693	protein_coding	0	0	0	1	0	0	0	0
ZNF343	20	ENSG00000088876	protein_coding	0	0	0	0	0	1	0	1
ZNF346	5	ENSG00000113761	protein_coding	0	0	0	0	0	1	0	0
ZNF383	19	ENSG00000188283	protein_coding	0	0	0	0	1	0	0	0
ZNF385B	2	ENSG00000144331	protein_coding	0	0	0	0	0	0	0	1
ZNF396	18	ENSG00000186496	protein_coding	0	0	1	0	0	0	0	0
ZNF404	19	ENSG00000176222	protein_coding	0	0	0	0	1	0	0	1
ZNF410	14	ENSG00000119725	protein_coding	0	0	0	0	0	1	0	1
ZNF416	19	ENSG00000083817	protein_coding	0	0	0	0	0	1	0	0
ZNF418	19	ENSG00000196724	protein_coding	0	0	0	0	1	1	0	0
ZNF429	19	ENSG00000197013	protein_coding	0	0	1	0	0	0	0	0
ZNF43	19	ENSG00000198521	protein_coding	0	0	0	0	0	1	0	1
ZNF433	19	ENSG00000197647	protein_coding	0	0	1	0	0	0	0	0
ZNF438	10	ENSG00000183621	protein_coding	0	0	0	0	0	0	0	1
ZNF469	16	ENSG00000225614	protein_coding	0	0	0	0	0	0	1	1
ZNF490	19	ENSG00000188033	processed_transcript	0	0	0	0	0	0	1	0
ZNF497	19	ENSG00000174586	protein_coding	0	0	1	0	0	0	0	0
ZNF503-AS1	10	ENSG00000226051	lncRNA	0	0	1	0	0	0	0	0
ZNF510	9	ENSG00000081386	protein_coding	0	0	0	0	0	1	0	0
ZNF517	8	ENSG00000197363	protein_coding	0	0	0	0	0	0	0	1
ZNF519P1	10	ENSG00000232950	processed_pseudogene	0	0	0	0	0	0	0	1
ZNF527	19	ENSG00000189164	protein_coding	0	0	0	0	0	0	0	1
ZNF528	19	ENSG00000167555	protein_coding	0	0	0	0	0	0	0	1
ZNF530	19	ENSG00000183647	protein_coding	0	0	0	0	0	0	0	1
ZNF534	19	ENSG00000198633	protein_coding	0	0	0	1	1	0	0	0
ZNF544	19	ENSG00000198131	protein_coding	0	0	0	0	1	0	0	1
ZNF546	19	ENSG00000187187	protein_coding	0	0	1	0	0	0	0	0
ZNF550	19	ENSG00000251369	protein_coding	0	0	0	0	0	0	0	1
ZNF559	19	ENSG00000188321	protein_coding	0	0	0	0	0	1	0	0
ZNF563	19	ENSG00000188868	protein_coding	0	0	0	0	1	0	0	0
ZNF565	19	ENSG00000196357	protein_coding	0	0	0	0	0	0	0	1
ZNF568	19	ENSG00000198453	protein_coding	0	0	1	0	0	0	0	1
ZNF57	19	ENSG00000171970	protein_coding	0	0	0	0	0	0	0	1
ZNF571	19	ENSG00000180479	protein_coding	0	0	0	0	1	0	0	0
ZNF573	19	ENSG00000189144	protein_coding	0	0	0	0	0	1	0	0
ZNF585B	19	ENSG00000245680	protein_coding	0	0	0	1	0	0	0	0
ZNF586	19	ENSG00000083828	protein_coding	0	0	0	1	0	0	0	0
ZNF587	19	ENSG00000198466	protein_coding	0	0	0	1	0	0	0	0
ZNF594	17	ENSG00000180626	protein_coding	0	0	0	0	1	0	0	0
ZNF615	19	ENSG00000197619	protein_coding	0	0	0	0	1	0	0	0
ZNF619	3	ENSG00000177873	protein_coding	0	0	0	0	0	1	0	0
ZNF626	19	ENSG00000188171	protein_coding	0	0	0	1	0	0	0	0
ZNF630	X	ENSG00000221994	nonsense_mediated_decay	0	0	0	0	0	1	0	1
ZNF662	3	ENSG00000182983	protein_coding	0	0	1	0	0	0	0	0
ZNF664	12	ENSG00000179195	protein_coding	0	0	0	0	0	1	0	1
ZNF667	19	ENSG00000198046	protein_coding	0	0	0	0	0	0	0	1
ZNF667-AS1	19	ENSG00000166770	lncRNA	0	0	0	1	0	0	0	0
ZNF669	1	ENSG00000188295	protein_coding	0	0	0	0	1	0	0	0
ZNF675	19	ENSG00000197372	protein_coding	0	0	0	0	0	0	1	0
ZNF677	19	ENSG00000197928	protein_coding	0	0	0	0	0	0	0	1
ZNF679	7	ENSG00000197123	protein_coding	0	0	0	0	0	0	0	1
ZNF680P1	7	ENSG00000228014	processed_pseudogene	0	0	0	1	0	0	0	0
ZNF683	1	ENSG00000176083	protein_coding	0	0	0	0	1	0	0	0
ZNF689	16	ENSG00000156853	processed_transcript	0	0	0	0	1	0	0	0
ZNF701	19	ENSG00000167562	protein_coding	0	0	1	0	0	0	0	0
ZNF702P	19	ENSG00000242779	processed_transcript	0	0	0	0	0	0	1	0
ZNF706	8	ENSG00000120963	protein_coding	0	0	0	0	0	1	0	1
ZNF716	7	ENSG00000182111	protein_coding	0	0	0	1	0	0	0	0
ZNF720	16	ENSG00000197302	protein_coding	0	0	0	1	0	0	0	0
ZNF721	4	ENSG00000182903	protein_coding	0	0	0	1	0	0	0	0
ZNF735	7	ENSG00000223614	protein_coding	0	0	0	1	0	0	0	0
ZNF736	7	ENSG00000234444	protein_coding	0	0	0	0	0	0	0	1
ZNF749	19	ENSG00000186230	protein_coding	0	0	0	0	0	1	0	0
ZNF767P	7	ENSG00000133624	processed_transcript	0	0	0	0	0	1	0	1
ZNF780A	19	ENSG00000197782	protein_coding	0	0	0	0	0	1	0	1
ZNF781	19	ENSG00000196381	protein_coding	0	0	0	0	1	0	0	0
ZNF815P	7	ENSG00000235944	transcribed_unprocessed_pseudogene	1	1	0	0	0	0	0	0
ZNF816	19	ENSG00000180257	protein_coding	0	0	0	0	1	0	1	0
ZNF816-ZNF321P	19	ENSG00000221874	protein_coding	0	0	0	0	1	0	0	0
ZNF829	19	ENSG00000185869	protein_coding	0	0	0	0	0	1	0	1
ZNF83	19	ENSG00000167766	protein_coding	0	0	0	1	0	0	0	0
ZNF837	19	ENSG00000152475	protein_coding	0	0	0	0	0	1	0	0
ZNF841	19	ENSG00000197608	protein_coding	0	0	0	0	1	0	0	0
ZNF85	19	ENSG00000105750	protein_coding	0	0	1	0	1	0	0	0
ZNF852	3	ENSG00000178917	protein_coding	0	0	0	0	0	1	0	0
ZNF860	3	ENSG00000197385	protein_coding	0	0	0	1	0	1	0	1
ZNF883	9	ENSG00000228623	processed_transcript	0	0	0	0	1	0	0	1
ZNF91	19	ENSG00000167232	processed_transcript	0	0	1	0	0	0	0	0
ZNF969P	4	ENSG00000251046	processed_pseudogene	0	0	0	0	1	0	0	0
ZNRF2P2	7	ENSG00000225264	processed_transcript	0	0	0	0	0	1	0	0
ZP1	11	ENSG00000149506	protein_coding	0	0	0	0	0	0	0	1
ZPLD1	3	ENSG00000170044	protein_coding	0	0	0	0	0	1	0	1
ZPLD2P	1	ENSG00000236155	transcribed_unprocessed_pseudogene	0	0	0	0	0	1	0	1
ZRANB2-AS2	1	ENSG00000229956	lncRNA	0	0	1	0	0	0	0	1
ZRANB3	2	ENSG00000121988	protein_coding	0	0	0	0	1	0	0	0
ZSCAN31	6	ENSG00000235109	protein_coding	0	0	0	0	0	0	0	1
ZSWIM1	20	ENSG00000168612	protein_coding	0	0	0	0	1	1	0	1
ZSWIM5P3	4	ENSG00000248958	processed_pseudogene	0	0	1	0	0	0	0	0
ZYG11A	1	ENSG00000203995	protein_coding	0	0	0	0	0	0	0	1
