gene	chrom	ALLENOPITHECUS_NIGROVIRIDIS	ALLOCHROCEBUS_LHOESTI	ALOUATTA_PALLIATA	AOTUS_NANCYMAAE	AOTUS_VOCIFERANS	ATELES_BELZEBUTH	ATELES_CHAMEK	ATELES_GEOFFROYI	ATELES_MARGINATUS	ATELES_PANISCUS	CACAJAO_AYRESI	CACAJAO_CALVUS	CACAJAO_HOSOMI	CACAJAO_MELANOCEPHALUS	CALLIMICO_GOELDII	CALLITHRIX_JACCHUS	CALLITHRIX_PENICILLATA	CALLITHRIX_PYGMAEA	CARLITO_SYRICHTA	CEBUS_ALBIFRONS	CEBUS_CAPUCINUS_IMITATOR	CEPHALOPACHUS_BANCANUS	CERCOCEBUS_ATYS	CERCOPITHECUS_ALBOGULARIS	CERCOPITHECUS_MONA	CERCOPITHECUS_NEGLECTUS	CHEIROGALEUS_MEDIUS	CHERACEBUS_LUCIFER	CHERACEBUS_LUGENS	CHERACEBUS_REGULUS	CHERACEBUS_TORQUATUS	CHIROPOTES_ISRAELITA	CHIROPOTES_SAGULATUS	CHLOROCEBUS_AETHIOPS	CHLOROCEBUS_SABAEUS	COLOBUS_ANGOLENSIS_PALLIATUS	COLOBUS_GUEREZA	DAUBENTONIA_MADAGASCARIENSIS	ERYTHROCEBUS_PATAS	EULEMUR_FLAVIFRONS	EULEMUR_FULVUS	EULEMUR_FULVUS_COLLARIS	EULEMUR_MACACO	EULEMUR_MONGOZ	GALAGO_MOHOLI	GALAGO_SENEGALENSIS	GORILLA_BERINGEI	GORILLA_GORILLA	GORILLA_GORILLA_GORILLA	HOOLOCK_LEUCONEDYS	HYLOBATES_AGILIS	HYLOBATES_MOLOCH	HYLOBATES_PILEATUS	INDRI_INDRI	LAGOTHRIX_LAGOTRICHA	LEMUR_CATTA	LEONTOPITHECUS_CHRYSOMELAS	LEONTOPITHECUS_ROSALIA	LOPHOCEBUS_ATERRIMUS	LORIS_TARDIGRADUS	MACACA_ARCTOIDES	MACACA_ASSAMENSIS	MACACA_CYCLOPIS	MACACA_FASCICULARIS	MACACA_FUSCATA	MACACA_LEONINA	MACACA_MULATTA	MACACA_NEMESTRINA	MACACA_NIGRA	MACACA_SILENUS	MACACA_THIBETANA_THIBETANA	MANDRILLUS_LEUCOPHAEUS	MANDRILLUS_SPHINX	MICROCEBUS_GRISEORUFUS	MICROCEBUS_MITTERMEIERI	MICROCEBUS_MURINUS	MICROCEBUS_RAVELOBENSIS	MICROCEBUS_SP._3_GT-2019	MICROCEBUS_TAVARATRA	MIRZA_COQUERELI	MIRZA_ZAZA	NASALIS_LARVATUS	NOMASCUS_LEUCOGENYS	NYCTICEBUS_BENGALENSIS	NYCTICEBUS_COUCANG	OTOLEMUR_CRASSICAUDATUS	OTOLEMUR_GARNETTII	PAN_PANISCUS	PAN_TROGLODYTES	PAPIO_ANUBIS	PAPIO_HAMADRYAS	PAPIO_PAPIO	PILIOCOLOBUS_TEPHROSCELES	PITHECIA_MITTERMEIERI	PITHECIA_PITHECIA	PITHECIA_VANZOLINII	PLECTUROCEBUS_BERNHARDI	PLECTUROCEBUS_BRUNNEUS	PLECTUROCEBUS_CALIGATUS	PLECTUROCEBUS_CINERASCENS	PLECTUROCEBUS_CUPREUS	PLECTUROCEBUS_DONACOPHILUS	PLECTUROCEBUS_DUBIUS	PLECTUROCEBUS_GROVESI	PLECTUROCEBUS_HOFFMANNSI	PLECTUROCEBUS_MILTONI	PLECTUROCEBUS_MOLOCH	PONGO_ABELII	PONGO_PYGMAEUS	PROLEMUR_SIMUS	PROPITHECUS_COQUERELI	PYGATHRIX_NEMAEUS	PYGATHRIX_NIGRIPES	RHINOPITHECUS_BIETI	RHINOPITHECUS_ROXELLANA	RHINOPITHECUS_STRYKERI	SAGUINUS_IMPERATOR	SAGUINUS_MIDAS	SAGUINUS_OEDIPUS	SAIMIRI_BOLIVIENSIS	SAIMIRI_BOLIVIENSIS_BOLIVIENSIS	SAIMIRI_SCIUREUS	SAPAJUS_APELLA	SEMNOPITHECUS_ENTELLUS	SYMPHALANGUS_SYNDACTYLUS	THEROPITHECUS_GELADA	TRACHYPITHECUS_FRANCOISI	TRACHYPITHECUS_GERMAINI	TRACHYPITHECUS_PHAYREI_CREPUSCULA	VARECIA_VARIEGATA
ABCB7	X	I	I	I	I	I	I	I	I	I	I	PI	PI	I	I	L	I	I	PI	I	PI	I	I	I	I	I	PI	I	PI	UL		UL	I	I	I	PI	I	I	I	PM	I	PI	I	I	I	I	I	I	I	I	I	I	I	I	I		I	PI	I	I	I	I	I	I	I	I	I	I	I	I	I	I	I	I	I	PI	I		I	I	I	I	I	I	I	UL	I	I	I	I	I	I	I	I	UL	I	I	I		I	I	I	I	I	I	I	I	I	I	I	I	PI	I	I	UL	I	I	I	I	I	I	I		I	I	I	I	I	I	I	PI
ABCD1	X	I	I	I	I	I	I	I	I	I	I	I	I	I	I	I	I	I	I	I	I	I	I	L	I	I	PI	PI	I	I	I	I	I	I	I	I	I	UL	I	I	PI	I	I	I	I	PM	I	PI	I	I	L	I	I	I	I	I	I	I	I	I	I	I	I	I	UL	I	I	I	I	UL	I	I	PI	I	I	I	I		I	PI	I	I	M	I	I	PI	PI	I	I	I	I	I	PI	I	I	L	I	I	I		I	I	I	I	I	I	I	I	I	I	PI	I	I	L	I	I	L	I	PI	PM	I	I		L	M	I	I	UL	I	UL	I
ACE2	X	I	I	I	I	I	I	I	I	I	I	I	I	I	I	I	I	I	I	I	PI	I	I	I	I	I	L	I		I		PI	I	I	I	I	I	PI	I	I	I	PI	PI	I	PI	I	I	I	I	I	I	I	I	I	I	I	PI	I	I	I	I	I	I	I	I	I	I	I	I	I	I	I	I	I	I	I	UL	PI	I	PI	I	PI	PI	I	I	PI	I	I	I	I	I	UL	I	I	I	I	I		I	PI	I	I	I	I	I	I	I	I	I	I	I	I	I	I	PI	I	I	I	I	I	I	I		UL	PI	I	I	UL	I	I	PI
ACOT9	X	I	I	I	UL	I	I	PI	I	PI	I	I	PI	PI		PI	I	I	I	I	UL	UL	I	UL	I	I	PI	I	I		I		PI	PI	I	I	I	PI	I	I	I	PI	I	I	I	PI	I	I	I	I	I	PI	I	I	I		L	I	I	I	I	I	I	I	I	I	I	I	PI	I	I	I	I	I	I	PI	I		I	I	I	I	PI	I	I	PI	I	I	I	PI	I	I	I	I		I	I	I	I	I		I	I	I	PI	I	I	PI	I	I	I	PI	I	I	UL	I	UL	I	I	I	PI	I	PI	I	PI	I	I	UL	I	I	I
ACSL4	X	I	I	I	I	I	I	I	I	I	PI	I	I	PI	I	I	I	I	I	I	UL	I	PI	I	I	I	UL	PI	I	I	I	I	PI	PI	I	PI	I	I	I	I	I	I	PI	I	PI	I	PI	I	I	I	I	I	PI	I	PI	I	I	I	I	I	I	I	I	I	I	I	I	I	I	UL	I	I	I	I	I	PI	I	PI	I	PI	I	PI	I	I	UL	PI	I	I	I	I	I	I	PI	I	I	I	I	I	PI	I	I	I	I	I	I	I	I	I	I	I	I	I	I	I	UL	I	I	I	I	I	I	I	PI	I	PI	I	I	UL	I	I	I
ACTRT1	X	I	I	I	I	I	I	I	I	I	I	I	I	I	I	M	I	M	I	I	I	I	I	I	I	I	PG	I	UL	UL	UL	UL	I	I	I	I	I	I	I	I	I	I	I	I	I	I	I	I	I	I	L	L	L	L	PG	I	I	I	I	I	I	I	I	I	I	I	I	I	I	I	I	I	I	I	I	I	I	I	I	I	I	I	I	L	I	PG	I	M	I	I	I	I	I	I	I	I	I	UL	UL	UL	UL	UL	UL		UL	UL	UL	UL	I	I	I	I	I	I	I	I	I	I	I	I	I	I	I	I	PG	L	I	I	I	I	I
ADGRG2	X	I	I	I	I	I	I	I	PI	I	I	I	I	I	I	PI	I	I	I	I	UL	UL	UL	I	I	I	PM	I	UL	UL	UL	UL	I	I	I	I	I	I	I	I	I	PI	I	I	I	PI	PI	I	I	I	I	I	I	I	I	I	L	I	I	I	I	I	I	I	I	I	I	I	I	I	I	I	PI	PI	PI	PM	I		I	PI	I	I	PI	I	I	I	I	I	I	I	I	I	M	PI	I	I	I	UL	UL		UL	UL	PM	UL	UL	UL	UL	UL	I	I	I	I	I	UL	UL	I	I	I	I	I	I	I	I	I	PI	I	I	UL	I	I	I
ADGRG4	X	I	I	I	I	I			PM		I	I	I	I		I	I	I	I	I	M	I	I	PI	UL	I	PM	I	I	PM	I	I		I	I	I	I	I	I	PM	I	PM	I	I	I	UL		I	I	I	I	I	I	I	PI	I	I	I	I	I	I	I	UL	I	I	I	I	I	I	I	I	I	I	UL		PM	PI		PI	PM	I	PM	I	I	I	PM	I	I	I	I	I	I	M	I	M	M	I		I		PM	I	I	I	I			I	I	I	I	I	PI	UL	PI	I	I	I	UL	I	I	I		UL	PI	I	I	L	I	I	PI
AFF2	X	I	I	PI	I	I	I	I	I	I	I	I	I	I	I	I	I	I	I	I	PI	I	I	I	I	I	PM	I	I		PI	I	I		PI	I	I	I	I	PI	I	I	PI	I	PI	UL	I	I	I	I	I	PI	I	I	PM	I	M	I	I	PI	I	I	I	I	I	I	I	I	I	I	PI	I	I	I		I	I	PI	I	I	I	PI	I	I	I	PM	I	I	I	I	I	I	PI	I	I	PI	PI	I	I	I	I	I	PI	I	I		PM	I	I	UL	I	I	I	I	UL	I	I	I	I	I	PI	I	I	I	PI	I	I	I	I	I	PI
AGTR2	X	I	I	I	I	I	I	I	I	UL	I	I	I	I		I	I	I	I	I	PG	I	I	I	I	I	PG	I	I	I	I	I	I	I	I	I	I	I	I	I	I	I	I	I	I	M	M	I	I	I	I	I	I	I	I	I	I	I	I	I	M	I	I	I	I	I	I	I	I	UL	I	I	I	I	I	I	I	I	I	I	I	I	I	I	L	M	L	M	I	I	I	I	I	I	I	I	I	I	I	I	I	I	I	I	I	I	I	I	I	I	I	I	I	I	I	I	I	I	I	I	I	I		I	I	I	I	UL	I	I	I
AIFM1	X	I	I	I	I	I	I		I	PI	I	I	I	I	I	I	I	I	I	I	PI	I	I	I	I	I	PI	PI	I	I	I	I	I		I	I	PI	I	I	I	I	I	I	I	I	PI	I	I	I	I	I	I	I	I	I	I	I	I	I	I	I	I	PG	I	I	I	I	I	I	I	PG	I	I	I	PI	I	I		PM	PI	I	I	PI	I	UL	PI	PI	I	I	I	I	I	UL	PI		I	PI	I	I	I	I	I	PI		I	I	I	I	I	I	I	I	I	I	I	I	I	I	I	I	I	I	PI	UL	PI	I	I	UL	I	I	I
AKAP14	X	PI	I	I	I	I	I	I	I	I	PI	I	I	I	I	I	I	I	I	PI	I	I	I	I	I	I	PM	I	I	UL	I	I	I	I	I	PI	I	I	I	L	I	I	I	I	I	I	I	I	I	I	I	I	I	I	PI	I	UL	I	I	PI	I	I	I	I	I	I	I	I	I	I	I	I	I	I	I	I	I	I	I	I	I	I	I	I	I	PI	I	I	I	I	I	I	PI	PI	I	I	I	UL	I		UL	I	I	I	I	UL	I	PI	I	I	PI	I	I	I	M	I	I	PI	I	I	I	I	I	L	I	I	I	L	I	I	I
AKAP17A	X	I	I	I	I	I	I	PI	PI	PI	PI	I	I	PM	M	I	I	PI	PI	L	PI	I	I	I	UL	I	PI	M	I	I	M	I	I	PI	I	I	I	I	I	I	I	PI	I	I	M	I	I	I	I	PG	L	I	I	I	PI	I	I	I	I	UL	I	I	I	I	I	PI	I	I	I	I	I	I	I	I	I	PI	I	I	PI	I	I	I	PI	I	L	I	I	I	I	I	I	I	I	I	I	L	I	I	I	I	I	I	I	UL	I	I	I	I	I	I	I	I	I	L	I	I	UL	I	UL	I	I	I	I	I	I	I	I	I	I	UL	I
AKAP4	X	I	I	L	I	I	I	I	I	I	I	I	I	I	I	I	I	I	I	I	PM	I	I	I	I	I	PM	I	I	I	I	I	I	I	I	I	L	PM	I	I	I	I	I	I	I	I	I	I	I	I	I	I	I	I	L	I	I	M	L	I	I	I	I	I	I	I	I	I	I	I	I	I	I	I	I	I	I	I	I	I	I	I	L	I	I	I	I	I	I	I	I	I	I	I	I	I	I	I	I	I	I	I	I	I	I	I	I	I	I	I	I	I	UL	L	M	UL	I	I	I	I	I	I	I	I	L	I	I	L	I	L	I
ALAS2	X	I	I	I	I	I	I	I	I	I	I	I	I	I	I	I	I	I	I	I	L	I	I	I	I	I	PI	I	I	I	I	I	I	I	I	I	I	I	I	I	I	I	I	I	I	I	I	I	I	I	UL	I	I	I	I	I	I	I	I	I	I	I	I	I	I	I	I	I	I	I	I	I	I	I	I	I	I	I	I	I	I	I	I	I	I	I	I	I	I	I	I	I		I	I	I	I	I	I	I	I	I	I	I	I	I	I	I	I	I	I	I	I	UL	PI	I	I	I	I	I	I	I	I	I	PI	I	I	I	I	I	I
ALG13	X	I	I	PI	I	UL	UL	UL	I	UL	UL	I	I	I	I	UL	UL	UL	UL	I	PI	PI	I	I	I	I	PM	I	UL		UL	UL		I	I	I	I	I	I	UL	I	PM	PI	I	I	I	UL	I	I	I	I	I	PI	I	UL	UL	I	UL	UL	I	I	I	I	I	I	I	I	I	I	UL	I	I	I	I	UL	PM	UL	UL	I	PI	I	I	UL	I	UL	UL	PI	PI	I	I	I	I	PI	I	I	I			UL	UL	UL	UL	UL	UL	UL	UL	UL		I	I	I	I	I	I	UL	I	I	UL	I	UL	I	I	I	I	PI	I	I	I	I	I	UL
AMELX	X	I	I	I	I	I	I	M	I	I	M	I	I	I	I	I	I	I	I	I	I	I	I	I	I	I	L	I	I	I	I	I	I	I	I	I	I	I	I	I	I	I	I	I	I	I	I	I	I	I	I	I	I	I	I	M	I	I	I	I	I	I	I	I	I	I	I	I	I	I	I	I	I	I	I	I	I	I	I	I	I	I	I	I	I	I	I	I	I	I	I	I	I	I	M	I	I	I	I	I	I	I	I	I	I	I	I	I	I	I	I	I	I	I	I	I	I	I	UL	I	I	I	I	UL	I	I	I	I	I	I	I
AMER1	X	I	I	I	I	I	I	I	I	I	I	I	I	I	I	I	UL	I	I	I	PG	I	I	I	I	I	PG	I	I	I	I	I	I	I	I	I	I	I	I	I	I	I	I	I	I	I	I	I	I	I	I	I	I	I	I	I	I	I	I	I	I	I	I	I	I	I	I	I	I	I	I	I	I	I	I	I	I	I	I	I	I	I	I	I	I	PG	I	I	I	I	I	I	M	I	I	I	I	I	I	I	I	I	I	I	I	I	I	I	I	I	M	I	I	L	I	I	I	I	UL	I	I	I	I	I	PG	I	I	UL	I	I	I
AMMECR1	X	I	I	I	I	I	I	I	I	I	I	I	I	I	I	I	I	I	I	I	I	I	I	I	I	I	PM	PI	I	I	I	I	I	I	I	I	I	I	I	I	I	I	I	I	I	PI	I	I	I	I	I	I	I	I	I	I	I	I	I	I	I	I	I	I	I	I	I	I	I	I	I	I	I	I	I	I	I	I	PI	I	I	PI	PI	I	I	I	PI	I	I	I	I	I	I	I	I	I	I	I	I	I	I	I	I	I	I	I	I	I	I	I	I	I	I	I	PI	I	I	I	I	I	I	I	I	I	I	I	PI	I	I	I	I
AMOT	X	I	I	I	I	I	I	I	I	I	I	I		I	I	I	I	I	I	I	I	I	I	I	I	I	M	I	I	I	I	I	I	I	I	I	I	I	I	I	I	I	I	I	I	I	I	I	I	I	UL	I	I	I	I	I	I	I	I	I	I	I	I	I	I	I	I	I	I	I	I	I	I	I	I	PI	I	I	I	PI	PI	I	I	I	UL	PI	I	I	I	I	I	I	PI	I	I	I	I	I	I	I	I	I	I	I	PI	I	I	I	I	I	I	I	I	I	I	I	I	I	I	I	I	I	I	I	PI	I	I	UL	I	I	I
ANOS1	X	I	I	PI	I	I	I	I	I	I	I	I	I	I		I	I	I	PI	PI	PI	I	UL	I	I	I	PM	I	I	I	I	I	I	I	I	I	PI	I	I	L	PI	I	I	PI	I	I	PI		I	I	I	PI	PI	PI	I	I	I	PI	I	I	I	I	I	I	I	I	I	L	UL	I	UL	I	PI	I	PI	PI	I	I	PI	PI	I	I	PI	I	I	PI	I	I	I	I	I	I	PI	PI	PI	PM	I	I	I	I	I	I	PI	I	I			I	I	I	PI	PI	I	I	PI	I	I	I	PI	I	I	I	I	I	UL	I	I	I	I	UL	PI
AP1S2	X	I	I	I	I	I	I	I	I	I	I	I	I	I	I	I	I	I	I	I	I	I	I	I	I	I	PM	I	I	I	I	I	I	I	I	I	I	I	I	I	I	I	I	I	I	I	I	I	I	I	I	I	I	I	I	I	I	I	I	I	I	I	I	I	I	I	I	I	I	I	I	I	I	I	I	I	I	I	I	I	I	I	I	I	I	I	I	I	I	I	I	I	I	I	I	I	I	PI	UL	I	M	I	I	I	I	I	M	I	I	I	I	I	I	I	PI	I	I	I	I	I	I	I	I	I	I	I	I	I	I	I	I
APEX2	X	I	I	I	I	I	I	I	I	I	I	I	I	I	I	I	I	I	I	I	L	L	I	I	I	I	PM	I	I	I	I	I	I	I	I	I	I	I	I	M	I	I	I	I	I	I	I	I	I	I	L	I	I	I	I	I	I	I	I	I	I	I	I	I	I	I	I	I	I	I	I	I	I	I	UL	UL	I	UL	L	UL	I	I	I	I	I	I	L	L	I	I	I	I	I	I	I	I	I	I	I	I	I	I	PM	I	I	I	I	I	I	I	I	I	I	I	I	I	I	I	I	I	L	I	PM	UL	PI	I	I	UL	I	I	I
APLN	X	I	I	I	I	I	I	I	I	I	I	I	I	I		I	I	I	I	I	I	I	I	I	I	I	I	I	I	I	I	I	I	I	I	I	I	I	I	I	I	I	I	I	I	I	I	I	I	I	L	I	I	I	I	I	I	I	I	I	I	I	I	I	I	I	I	I	I	I	I	I	I	I	PI	I	I	I	I	I	I	I	I	I	I	I	I	I	I	I	I	I	I	I	I	I	I	I	I	I	I	I	I	I	I	I	I	I	I	I	I	I	I	I	I	I	I	I	I	I	I	I	I	I	I	I	I	UL	I	I	I
APOO	X	I	I	PI	I	I	I	I	PI	PI	I	I	PI	L	L	I	I	I	I	I	PM	I	I	I	I	I	PI	PI	PI	I	I	PI	PI	UL	I	I	I	I	I	PI	I	I	I	I	I	PI	PI	PI	I	I	I	PI	PI	I	PI	I	L	I	I	I	I	I	I	I	I	I	I	I	I	I	I	I	PI	I	I	PI	UL		PI	I	I	PI	PI	I	I	I	I	I	I	I	I	I	L	I	PI	L	L	PI	L	PI	PI	I	PI	PI	I	PI	I	I	I	I	I	I	I	I	L	I	I	I	I	I	I	I	PI	L	L	I	I	I	I	I	PI
APOOL	X	I	I	I	PI	I	I	I	I	I	PI	I	PI	I	I	I	I	I	I	I	PI	I	I	I	I	I	PI	I		I	I	I	PI	I	I	I	I	I	I	I	I	I	I	I	I	I	I	I	I	I	I	PI	I	I	I	I	PG	I	I	I	PI	I	I	I	UL	I	I	I	I	I	I	I	I	I	I	I	I	I	I	I	I	I	I	I	I	PI	I	I	I	I	I	I	M	I	I	I	I	PI	PI	PI	PI	I	PI	PI			PI	PI	I	UL	I	PI	I	I	UL	I	I	I	I	I	PI	PI	I	PI	PI	I	I	UL	I	I	PI
AR	X	I	I	PI	I	I		PI	I	I	I	I	I	I	I	I	I	I	I	I	UL	I	I	I	I	I	PM	I	I	I	I	I	I	I	I	I	I	L	I	PI	M	I	I	UL	I	PI		I	I	I	I	PI	I	I	I	I	I	PI	I	I	I	I	I	I	I	I	I	I	I	I	PI	I	I	I	I	PI	I	I	I	PI	I	I	M	I	I	M	I	I	I	I	I	UL	M	I		I	I	I	I	I	I	I	PI		I	I	I	I	I	I	I	I	I	I	PI	I	I	PI	I	I	I	M		UL	I	I	I	PI	I	I	I
ARAF	X	I	I	I	I	I	I	I	I	I	I	I	I	I	I	I	I	I	I	I	PM	I	UL	I	UL	I	PI	I	I	I	I	I	I	I	I	I	I	I	I	PI	I	I	I	I	I	I	I	I	I	I	UL	I	I	I	I	I	I	I	I	I	I	I	I	I	I	I	I	I	I	UL	I	I	I	I	I	I	I		PI	I	I	I	I	I	I	I	PI	I	I	I	I	I	I	I	I	UL	I	I	I	I	I	I	I	I	I	I	I	I	I	I	I	I	I	L	I	I	UL	I	I	I	I	I	I	UL	PI	I	I	UL	I	I	I
ARHGAP36	X	I	I	I	I	I	I	I	I	I	I	I	I	I	I	I	I	I	PI	I	I	I	I	I	I	I	PM	I	I	I	I	I	I	I	I	I	I	I	I	M	I	I	I	I	I	I	I	I	I	I	I	I	I	I	I	I	I	I	I	I	I	I	I	I	I	I	I	I	I	I	I	I	I	I	I	I	I	PI	I	I	I	I	I	I	I	I	I	I	I	I	I	I	I	I	I	I	I	I	I	I	I	I	I	I	I	I	I	I	I	I	I	I	I	I	I	I	I	I	I	I	I	I	I	I	PI	I	I	I	I	I	I
ARHGAP4	X	I	I	I	I	I	I	I	I	I	I	I	I	I	I	I	I	UL	I	I	UL	I	UL	I	I	I	PI	I	I	I	I	I	I	I	I	I	I	PI	I	L	I	I	I	PI	I	I		I	I	I	L	I	PI	I	I	I	I	I	I	I	I	I	I	I	I	I	I	I	I	UL	I	I	I	I	I	I	I	I	I	I	I	I	UL	I	UL	PI	I	I	I	I	I	UL	PI	PI	I	L	I		I	I	I	I	I	I		PI	I	I	I	I	I	I	UL	L	I	I	UL	I	UL	PG	I	I	I	UL	PI	I	I	UL	I	UL	I
ARHGAP6	X	I	I	PI	I	I	I	I	I	I	PI	I	I	I	I	I	I	I	I	I	PI	I	I	I	I	I	PI	I	PI	PI	PI	I	I	I	I	I	I	I	I	I	I	I	PI	I	I	PI	I	PI	I	I	I	PI	I	I	I	I	I	I	I	I	I	I	I	I	I	I	I	I	I	I	I	I	I	I	I	I	I		PI	I	I	I	PI	I	I	PI	I	I	I	I	I	I	PI	I	I	I	I	I	I	PI	I	I	I	I	I	I	I	I	I	I	I	I	PI	UL	I	I	I	I	I	I	I	I	I	UL	PI	I	I	I	I	I	I
ARHGEF6	X	I	I	PI	I	I	I	I	I	I	I	I	I	I	I	I	I	I	I	I	PI	I	I	I	I	I	PI	I	I	I	I	I	I	I	I	I	I	I	I	PI	I	PI	I	I	PI	PI	I	I	I	I	I	I	I	I	I	I	I	I	I	I	I	I	I	I	I	I	I	I	I	I	PI	I	I	I		PI	I	I	I	I	I	I	I	I	I	PI	I	I	I	I	I	PI	I	I	I	I	PI	I	I	I	I	I	I	I	I	I	I	I	I	I	PI	I	I	I	UL	I	I	I	I	I	I	I	I	I	I	I	I	UL	I	I	PI
ARHGEF9	X	I	I	I	I	I	I	I	I	I	I	I		I	I	I	I	I	I	I	I	I	I	I	I	I	M	I	I	I	I	I	I	I	I	I	I	I	I	I	PI	I	I	I	I	I	I	I	I	I	I	PI	I	I	I	I	I	I	I	I	I	I	I	I	I	I	I	I	I	UL	I	I	I	I	I	I	I	PI	I	PI	I	I	I	I	I	PI	I	I	I	I	I	I	I	I	I	I	I	I	I	I	I	I	I	PI	I	I	I	I	I	I	I	I	I	I	I	I	I	PI	I	I	I	I	I	UL	I	I	I	I	I	I	I
ARL13A	X	I	I	I	I	I	I	I	I	I	I	I	I	I	I	I	I	I	UL	I	I	I	I	I	I	I	PI	I	UL	UL	UL	UL	I	I	I	I	UL	UL	I	I	I	I	I	I	I	PI	I	I	I	I	UL	I	UL	UL	I	I	L	I	I	I	I	I	I	I	I	I	I	I	I	I	I	I	I	I	I	PI	I	I	I	I	I	I	I	UL	I	UL	I	I	I	I	I	I	I	UL	I	I	I	I	I	I	I	I	I	I	I	I	I	I	I	I	I	I	I	I	UL	I	I	I	I	I	I	I	I	I	PI	I	I	UL	UL	UL	I
ARMCX1	X	I	I	I	I	I	I	I	I	I	I	I	I	I	I	I	I	I	I	I	I	I	I	I	I	I	PG	I	I	I	I	I	I	I	I	I	I	I	I	I	I	I	I	I	I	I	I	I	I	I	I	I	I	I	I	I	L	I	I	I	I	I	I	I	I	I	I	I	I	I	I	I	I	I	I	I	I	I	I	I	I	I	L	I	I	I	I	I	I	I	I	I	I	I	I	I	I	I	I	I	I	I	I	I	I	I	I	I	I	I	I	I	I	I	I	I	I	I	I	I	I	I	I	I	I	I	I	UL	I	I	I
ARMCX2	X	I	I	I	I	I	I	I	I	I	I	I	I	I	I	I	I	I	I	I	I	I	I	I	I	I	PG	I	I	I	I	I	I	I	I	I	I	I	I	I	I	I	I	I	I	I	I	I	I	I	I	I	I	I	I	I	L	I	I	I	I	I	I	I	I	I	I	I	I	I	I	I	I	I	I	I	I	I	I	I	I	I	M	I	I	M	I	I	I	I	I	I	I	I	I	I	I	I	I	I	I	I	I	I	I	I	I	I	I	I	I	I	I	I	I	I	I	I	I	I	I	I	I	I	M	I	I	UL	I	I	I
ARMCX3	X	I	I	I	I	I	I	I	I	I	M	I	I	I	I	I	I	M	I	I	M	I	I	I	I	I	M	I	I	I	I	I	I	I	I	I	I	I	I	M	I	I	I	I	I	I	I	I	I	I	I	I	I	I	I	I	L	I	I	I	I	I	I	I	I	I	I	I	I	UL	I	I	I	I	I	I	I	I	I	I	I	I	M	I	I	I	I	I	I	I	I	I	I	I	I	I	I	I	I	I	I	I	I	I	I	I	M	M	I	I	I	I	I	I	I	I	I	I	UL	I	I	I	I	I	M	I	I	UL	I	I	I
ARMCX4	X	I	I	L	I	I	L	L	L	L	L	L	L	L	L	L	I	M	L	I	M	L	UL	I	I	I	M	I	I	I	L	L	L	L	L	L	I	I	I	L	I	L	I	L	I	UL	I	I	I	UL	I	I	I	I	L	L	L	L	I	UL	I	I	UL	I	UL	L	I	I	I	I	UL	I	I	I	L	I	I	L	I	I	I	I	M	I	L	L	I	L	UL	I	I	I	I	I	L	L	L	L	I	L	L	UL	L		L	L	L	L	UL	I	I	UL	L	UL	UL	I	UL	L	L	I	L	I	L	L	L	I	I	UL	I	L	I
ARMCX5	X	I	I	I	I	I	I	I	I	I	I	I	I	I	I	I	I	I	I	I	M	I	I	I	I	I	L	I	I	I	I	I	I	I	I	I	I	L	I	I	I	I	I	I	I	I	I	I	I	I	I	I	I	I	I	I	L	I	I	I	I	I	I	I	I	I	I	I	I	UL	I	I	I	I	I	I	I	I	I	I	L	UL	I	I	I	I	I	I	I	I	I	I	I	I	I	I	I	I	I	I	I	I	I	I	I	I	I	I	I	I	I	I	I	I	I	I	I	I	I	I	I	I	I	I	M	I	I	I	I	I	I
ARMCX6	X	I	I	I	I	I	I	I	I	I	I	I	I	I	I	I	I	I	I	I	M	I	I	I	I	I	M	I	I	I	I	I		I	I	I	I	I	I	I	I	I	I	I	I	I	I	I	I	I	I	I	I	I	I		L	I	I	I	I	I	I	I	I	I	I	I	I	I	I	I	I	I	I	I	I	I	I	I	I	I	I	I	I	M	I	I	I	I	I	I	I	I	I	I	I	I	I	I	I	I	I	I	I	I	I	I	I	I	I	I	I	I	I	I	I	I	I	I	I	I	I	I	M	I	I	I	I	I	I
ARR3	X	PI	I	PI	PM	I	UL	UL	I	UL	UL	I	I	I	I	PI	I	I	I	I	PI	I	I	I	I	I	PM	I	I	I	I	I	I	I	I	I	I	I	I	I	I	I	I	I	I	I	I	I	I	I	I	I	I	I	I	UL	I	PI	PI	I	UL	I	I	I	I	I	I	I	I	I	I	I	I	I	I	I	I	I	I	I	I	I	I	I	UL	UL	I	I	I	I	I	I	I	I	I	I	I	I	I	I	I	I	I	I	I	I	I	I	I	I	PI	I	I	I	I	I	I	PI	I	I	I	I	I	I	I	I	I	I	I	I	I
ARSD	X	I	I	I	I	I	I	I	I	I	I	I	PI	PI		PI	I	I	I	I	UL	I	I	I	I	I	PI	PI	UL	I	I	I	I	I	UL	I	I	I	UL	L	I	PI	PI	I	PI	I	PI	PI	I	I	UL	I	PI	I	I	I	I	I	I	PI	I	I	I	I	I	I	I	I	PI	I	I	I	PI	I		PI	UL		PM	PI	PI	PI	PI	I	I	UL	PI	I	I	I	I	I	UL	PI	PI	PI	I	PI	PI	PI	PI	I	UL	PI	I	UL	I	I	I	I	L	PI	PI	PI	I	I	PI	PI	I	I	I	I	UL	I	UL	I	I	PI	I	I	PI
ARSF	X	I	I	PI	I	I	PI	PI	I	I	PI	I	PI	I	I	PI	PI	I	UL	I	PI	I	I	I	I	I	PM	M	PI	PI	PI	PI	I	I	I	I	I	I	L	PI	L	L	L	M	M	PI	PI	I	I	I	UL	I	PI	I	PG	PI	L	I	I	I	I	I	I	I	I	I	I	I	I	I	I	I	PI	I	L	L	PI	L	L	L	L	L	PI	I	UL	PI	UL	I	I	I	I	I	PI	L	PI	PI	I	PI	PI	PI	PM	I	L	I	PI	PI	PI	PI	I	I	L	M	PI	I	PI	I	I	I	I	I	I	I	M	I	UL	I	I	I	I	I	L
ARSH	X	I	I	I	I	I	PI	PI	PI	PI	UL	I	I	PI	PI	PI	L	PI	UL	I	PI	I	I	PI	I	I	M	I	I	PI	I	I	I	I	I	I	I	I	I	UL	I	PM	I	I	M	I	L	PI	PI	PI	UL	I	PI	I	PI	I	I	I	PI	I	I	I	I	I	I	I	I	I	PI	I	I	I	PI	I	I	PI	PI	PI	PM	L	I	I	PI	I	I	UL	I	PI	I	I	I	I	UL	I	PI	PI	I	PI	PI	PI	PI	I	L	PI	PI	PI	PI	PI	I	I	I	I	PI	I	I	I	I	PI	UL	I	I	I	I	UL	UL	I	I	I	I	I	M
ARSL	X	I	I	PI	I	I	PI	I	I	I	UL	I	I	PI	PI	I	I	I	I	I	PI	I	I	I	I	I	PI	PI	PI	UL	UL	PI	I	I	I	I	I	I	I	L	I	L	UL	I	PI	I	PI	I	I	I	PI	I	PI	I	L	PI	I	I	I	I	I	I	I	I	I	I	I	I	I	I	I	I	I	I	PI	UL	UL	PI	PI	PI	PI	PI	PI	I	I	UL	I	PI	I	I	I	I	UL	I	I	I	I	UL	PI	PI	UL	I	UL	UL	PI	UL	PI	PI	I	I	I	I	PI	I	I	I	I	I	PI	I	I	I	L	I	PI	I	I	I	I	I	UL
ARX	X	I	I	I	UL	I	I	I	I	I	I	M	I	M	I	I	I	M	I	M	PM	I	UL	I	UL	I	PI	PI	M	I	I	I	I	I	I	I	M	UL	UL	UL	M	I	I	M	I	I	I	I	I	I	L	I	M	I	I	I	L	I	I	UL	I	M	UL	I	I	I	I	I	I	UL	PG	UL	M	L	I	I	I	M	I	PI	I	I	M	I	UL	PI	I	M	I	I	UL	UL	I	M	UL	UL	UL	M	M	M	M	I	I	I	M	I	M	I	I	I	M	M	I	PM	M	I	I	I	I	I	I	M	I	UL	PI	I	I	I	I	UL	I
ASB11	X	PI	I	I	I	I	PI	PI	PI	PI	PI	I	I	I	I	I	I	I	I	I	I	PI	I	I	I	I	PI	I	I	I	I	PI	I	I	I	I	I	I	I	PI	I	I	I	I	I	PI	PI	PM	I	I	I	I	I	I	I	I	I	PI	PI	I	I	I	I	I	I	I	I	I	I	I	I	I	I	I	PI	I	UL	I	I	I	I	I	I	I	I	I	I	I	I	I	I	I	PI	I	I	I	I	I	I	I	I	I	PI		I	PI	I	PI	I	I	I	I	PI	PI	PI	I	I	I	I	I	PI	I	I	PI	PI	I	I	UL	I	UL	I
ASB12	X	I	I	I	I	I	I	I	I	I	I	I	I	I	I	I	I	I	I	I	M	I	I	I	I	I	I	I	I	I	I	I	I	I	I	I	I	I	I	I	I	I	I	I	I	I	I	I	I	I	I	I	I	I	I	I	I	I	I	I	I	I	I	I	I	I	I	I	I	I	I	I	I	I	PI	I	I	I	I	I	I	I	I	I	I	I	I	I	I	I	I	I	M	I	I	I	I	I	I	I	I	I	I	I	I	I	I	I	I	I	I	I	I	I	I	I	I	I	I	I	I	I	I	I	I	I	I	I	I	I	I
ASB9	X	I	I	I	I	I	I	I	I	PI	I	UL	PI	UL	UL	I	I	I	I	I	I	I	I	I	I	I	PI	I	UL	PI	UL	I	I	UL	I	I	I	I	I	I	I	I	I	I	I	I	I	I	I	I	I	I	PI	I	PI	I	I	I	I	UL	I	I	I	I	I	I	I	I	I	I	I	I	I	UL	I	I	I	I	I	PI	I	I	PI	I	I	I	I	I	I	I	I	I	PI	I	I	I	I	I	I	I	I	I	I	I	I	UL	I	I	I	I	I	I	I	I	PI	I	I	UL	I	I	I	I	PI	L	PI	I	I	UL	I	I	I
ASMT	X	PI	I	L	UL	I	I	I	PI	UL	UL	PI	I	UL	UL	PI	UL	L	UL	PM	UL	I	I	PI	UL	I	I	PI	PI	UL	UL	I	M	I	PI	UL	PI	I	I	L	PI	UL	PI	I	PM	PI	I	PI	I	PM	UL	PI	UL	PI	PI	PI	I	I	PI	I	I	PI	UL	I	I	PI	I	I	UL	I	I	I	PI	UL	PI	PI	PI	I	PI	I	I	UL	PM	I	UL	I	I	I	I	I	UL	I	PI	PI	UL	L	UL	PI	PI		PI	I	UL	I	UL	UL	PI	PI	I	UL	I	PI	L	UL	I	PI	UL	UL	UL	I	UL	I	I	I	PI	I	PI	I	I	I	PI
ASMTL	X	PI	I	I	UL	I	PI	PI	PI		PI	I	I	PI		PI	I	UL	UL	L	M	I	I	UL	UL	I	PI	UL		PI	PI	I	I	I	UL	I	PI	UL	I	PI	I	L	PI	PI	PI	UL	PI	PI	I	PI	L	PI	M	I	PI		UL	PI	PI	UL	I	PI	I	PI	I	UL	I	I	PI	UL	I	I	PI	L	PI	PM	UL		PI	PM	PI	UL	UL	I	UL	PI	PI	PI	PI	I	L	I		L	PI	L		I	I		I	I	I	PM	I			I	I	I	PI	I	PI	L	PI	PI	L	UL	UL	I	I	I	I	I	PI	I	PI	I	I	UL	UL
ATG4A	X	I	I	I	I	I	I	I	I	I	I	I	I	I	I	I	I	I	I	I	PI	I	PM	I	I	I	PI	I	I	I	I	I	PI	PI	I	I	I	I	I	I	I	I	I	I	I	I	I	I	I	I	I	I	I	I	I	I	I	I	I	I	I	I	I	I	I	I	I	I	I	I	I	I	PI	I	I	PI	I	I	I	PI	I	UL	I	I	I	I	I	I	I	I	I	I	M	I	I	I	I	I	I	PI	PI	I	PI	PI	PI	I	PI	PI	I	I	I	I	I	I	UL	I	I	I	I	I	I	I		I	PI	I	I	I	I	I	I
ATP11C	X	I	I	I	I	I	I	I	I	I	I	I	I	I	I	I	I	I	I	I	PI	I	PI	I	I	I	PI	I	I	I				I	I	I	I	I	I	I	I	PI	PI	I	I	UL	I	I	I	I	I	I	I	I	I	I	I	I	I	I	I	I	I	I	I	I	I	I	I	I	I	UL	I	I	PI	PI	I		PI	PI	I	I	PI	I	I	PI	PI	I	I	I	I	I	UL	I	I	I	I	I	I	I	I	I	I		I	I	I	I	I	I	I	I	I	I	UL	I	I	I	I	I	I	I	I	I	PI	I	I	UL	I	I	I
ATP1B4	X	I	I	I	I	I	I	I	I	I	I	I	I	I	I	I	I	I	I	I	UL	I	I	I	I	I	I	I	I	I	I	I	I	I	I	I	I	I	I	I	I	I	I	I	I	I		I	I	I	I	I	I	I	I	I	I	I	I	I	I	I	I	I	I	I	I	I	I	I	I	I	I	I		I	I	I	I	I	I	I	PI	I	I	I	I	I	I	I	I	I	PI	I	I	I	I	I	I	I	I	I	PI	I	I	I	I	I	I	I	I	I	I	I	I	I	I	I	I	I	PI	I	I	I	I	I	I	UL	I	I	I
ATP2B3	X	I	I	I	I	I	I	I	I	I	I	I	I	I	I	I	I	PI	I	I	PI	I	I	I	I	I	PI	I	I	I	I	I	I	I	I	I	I	UL	I	I	PI	I	I	PI	I	I	I	I	I	I	L	I	I	I	I	I	UL	I	I	UL	I	I	UL	I	I	I	I	I	I	I	UL	I	I	UL	PI	I	I	I	I	I	I	I	UL	I	L	I	I	I	I	I	PI	UL	PI	PI	PI	UL	I	I	I	I	I	I	I	I	I	I	I	I	I	I	PI	I	I	UL	I	I	UL	I	UL	PG	I	I	I	UL	PI	I	I	UL	I	I	I
ATP6AP1	X	I	I	I	I	I	I	I	I	I	I	I	I	I	I	I	I	I	I	I	M	I	I	I	I	I	I	I	I	I	I	I	I	I	I	I	I	I	I	I	I	I	I	I	I	I	I	I	I	I	I	I	I	I	I	I	I	I	I	I	I	I	I	I	I	I	I	I	I	I	I	I	I	I	I	I	I	I	I	I	I	I	PI	I	I	I	I	I	I	I	I	I	I	I	I	I	I	I	I	I	I	I	I	I	I	I	I	I	I	I	I	I	I	I	I	I	I	I	I	PG	I	I	I	I	PI	I	I	I	I	I	I
ATP6AP2	X	I	I	I	I	I	I	I	I	I	I	I	I	I	I	I	I	I	I	I	I	I	I	I	I	I	PI	I	I	I	I	I	I	I	I	I	I	I	I	I	I	I	I	I	I	I	I	I	I	I	I	I	I	I	I	I	M	I	I	I	I	I	I	I	I	I	I	I	I	I	PG	I	I	I	I	I	I	I	I	I	PI	PI	I	I	I	PI	I	I	I	I	I	I	I	I	I	I	I	I	I	I	I	I	I	I	I	I	I	I	I	I	I	I	I	I	I	I	I	I	I	I	I	I	I	I	I	I	I	I	I	I	I
ATP7A	X	I	I	PI	I	I	I	I	PI		I	I	I	PI	I	PI	UL	I	PI	I	UL	I	PI	I	I	I	UL	I	I	I	I	PI	I		I	I	I	UL	I	PI	I	PI	I	I	I	PI			I	I	I	I	PI	I	I		PG	I	I	I	I	I	I	I	I	I	I	I	I	UL	PI	I	I	I			UL		PI	PI	I	I	I	I	I	PI	I	I	I	I	I	UL	M	I		I	I	I	I	I	I	I	I	I	I	I	I	I	I	I	I	I	I	UL	PI	I	I	I	I	I	I	I		UL	PI	I	I	UL	I	I	PI
ATRX	X	PI	I	PI	I	I	I	I	PI	I	PI	I	I			PI	L	I	PI	I	UL	I	I	PI	I	I	PM	PI				PI	I		I	I	I	I	L	PI	I	PI	I	I	I	UL	UL	I	I	I	I	PI	PI	I	PI		M	PI	PI	I	UL	I	UL	I	I	I	I	I	I	UL	I	I	I	PI			I		PI	PI	PI	I	UL	I	UL	UL	PI	I	I	I	UL	UL	PI	I		PI						I	PI					I	I	I	I	PI	I	UL	L	I	I	I	I	I	I	I		UL	PM	I	I	UL	I	UL	PI
ATXN3L	X	I	I	I	I	UL	I	I	I	I	I	I	I	I	I	I	I	I	I	I	I	I	I	I	UL	I	I	L	I	I	I	I	I	I	I	I	I	I	L	UL	L	PG	L	L	L	PG	PG	I	I	I	I	I	I	I	PG	I	L	I	I	I	L	I	I	I	I	I	I	I	I	I	I	I	I	M	PG	PG	L	PG	PG	PG	PG	PG	I	I	L	L	L	L	I	I	I	I	I	I	I	I	I	I	I	I	I	I	I	I	I	I	I	UL	I	I	L	L	I	I	I	I	I	I	I	I	I	I	I	I	I	I	I	UL	I	I	L
AVPR2	X	I	I	I	I	I	I	I	I	I	I	I	I	I	I	I	I	I	I	I	I	I	UL	I	I	I	I	I	I	I	I	I	I	I	I	I	I	I	I	PG	I	I	I	I	I	I	I	I	I	I	L	I	I	I	I	I	I	I	I	I	I	I	I	I	I	I	I	I	I	I	I	I	I	I	I	I	I	I	I	I	I	I	M	I	UL	M	I	I	I	I	I	I	I	I	I	L	I	I	I	I	I	I	I		I	I	I	I	I	I	I	I	I	M	I	I	UL	I	UL	PG	I	I	I	UL	M	I	I	I	I	UL	I
AWAT1	X	I	I	I	I	I	I	I	I	I	I	I	I	I	I	I	I	I	I	I	I	I	I	I	I	I	PI	UL	I	I	I	I	I	I	I	I	I	I	I	I	UL	UL	UL	UL	I	I	I	UL	L	UL	I	I	I	I	L	I	L	PI	I	I	I	I	I	I	I	I	I	I	I	I	I	I	I	I	L	L	L	L	L	L	L	L	I	I	I	I	I	I	I	I	I	UL		I	I	I	I	I	I	I	I	I	I	I	I	I	I	I	I	I	I	UL	I	L	I	I	I	I	I	I	I	I	I	I	PI	I	I	UL	I	I	I
AWAT2	X	I	I	I	I	I	I	I	I	I	I	I	I	I		I	I	I	I	I	I	I	I	I	I	I	PI	I	I	PG	I	I		I	I	I	I	I	I	I	I	I	I	I	I	I	I	I	I	I	UL	I	I	I	I	I	I	I	I	I	I	I	I	I	I	I	I	I	I	I	I	I	I	I	I	I	I	I	I	I	I	I	I	I	I	I	I	I	I	I	I	I	I	I	I	I	I	I	I	I	I	I	I	I	I	I	I	I	I	I	I	I	I	UL	I	I	I	I	I	I	I	I		I	I	I	I	I	I	I	I
BCAP31	X	I	I	I	I	I	PI	PI	I	I	PI	I	I	I	I	I	I	I	I	I	L	I	I	I	I	I	I	I	I	I	I	I	I	I	I	PI	I	L	I	PI	I	I	I	I	I	PI	PI	PI	I	I	UL	I	I	I	I	I	I	I	I	I	I	UL	I	I	I	I	I	I	I	I	UL	I	PI	I	I	I	I	I	PI	PI	I	I	PI	I	I	I	I	I	PI	I	PI	I	I	I	I	I	I	PI	PI	PI	PI	I	PI	PI	PI	PI	I	I	I	I	I	I	I	UL	I	I	I	I	I	L	I	I	I	I	I	I	I	I	I	I	I
BCLAF3	X	I	I	I	I	I	I	I	PI	PI	PI	I	I	I	I	I	I	I	PI	I	PI	I	PI	I	I	I	PI	I	I	I	I	I	I	I	I	I	I	I	I	PI	I	I	I	I	I	L	I	I	I	I	I	I	I	I	I	I	L	I	I	I	I	I	I	I	I	I	I	I	I	I	PI	I	I	I	I	I	I	I	I	PM	I	PI	I	I	UL	PM	I	I	I	I	I	I	UL	I	I	I	I	I	PI	I		I	I	I	I	I	I	PI	I	I	I	I	I	I	PI	I	I	I	I	I	I	I	I	I	PI	I	I	UL	I	I	I
BCOR	X	I	I	I	I	I	I	I	I	I	I	I	I		I	I	I	I	PI	I	UL	I	I	I	I	I	PI	I	I	I	I	I	I	I	I	I	I	I	I	PI	I	I	I	I	I	PI	I	I	I	I	L	I	I	I	I	I	I	I	I	I	I	I	I	I	I	I	I	I	I	I	UL	I	I	I	I	I	I	PI	I	I	I	I	PI	I	UL	PI	PI	I	I	I	I	UL	I	I	I	UL	I	I	I	I	I	I	I	I	I	I	I	I	I	I	I	I	I	UL	I	I	I	I	I	I	I	I	PI	I	L	I	I	L	I	L	I
BCORL1	X	I	I	I	I	I	I	I	I	I	I	I	I	I	I	I	I	I	I	I	L	I	I	I	I	I	L	I		I		I		I	I	I	I	L	UL	PM	I	I	I	I	I	I	I	I	I	I	L	I	I	I	I	I	I	I	I	UL	I	I	UL	I	I	M	I	I	I	I	PM	I	I	I	I	I	I	I	PI	PI	I	I	L	I	L	L	I	I	I	I	I	UL	I	M	I	L	I	I	I		I	I	M	I	I	I	I	I	I	I	I	I	I	L	I	I	L	UL	L	I	I	I	I	UL	L	I	I	L	I	L	I
BEND2	X	PI	UL	UL	UL	UL	PI	L	UL	L	L	L	L	L	UL	UL	UL	UL	UL	UL	UL	UL	UL	UL	UL	UL	PI	PI	L	L	L	L	UL	UL	UL	UL	UL	UL	PI	UL	UL	UL	UL	UL	UL	UL	UL	I	I	I	UL	UL	UL	UL	UL	L	L	UL	UL	PI	UL	UL	UL	UL	UL	UL	UL	UL	UL	UL	UL	UL	UL	UL	PI	I	I	PI	UL	I	I	UL	UL	UL	L	UL	UL	UL	I	I	UL	UL	UL	UL	L	UL	L	UL	UL	UL	L	UL	UL	L	L	L	L	L	UL	UL	PI	I	PI	UL	UL	UL	UL	UL	UL	UL	I	I	L	I	UL	UL	UL	UL	UL	UL	UL
BEX1	X	I	I	I	I	I	I	I	I	I	I	I	I	I	I	I	I	I	I	I	I	I	I	I	I	I	I	I	I	I	UL	UL	I	I	I	I	I	I	I	I	I	I	I	I	I	I	I	I	I	I	I	I	I	I	I	I	I	I	I	I	I	I	I	I	I	I	I	I	I	I	I	I	I	I	I	I	I	I	I	I	I	I	I	I	I	I	I	I	I	I	I	I	I	I	I	I	I	I	UL	I	UL	I	I	UL	I	UL	I	I	I	I	I	I	I	I	I	I	I	I	I	I	I	I	UL	I	I	I	I	I	I	I	I
BEX2	X	I	I	I	I	I	I	I	I	I	I	I	I	I	I	I	I	I	I	I	I	I	I	I	I	I	I	I	I	I	UL	I	I	I	I	I	I	I	I	I	I	I	I	I	I	I	I	I	I	I	I	I	I	I	I	I	I	I	I	I	I	I	I	I	I	I	I	I	I	I	I	I	I	I	I	I	I	I	I	I	I	I	L	I	I	I	I	I	I	I	I	I	I	I	I	I	I	UL	UL	UL	UL	I	I	UL	UL	UL	I	UL	I	I	I	I	I	I	I	I	I	I	I	I	I	I	I	I	I	I	I	I	I	I	I
BEX3	X	I	I	I	I	I	I	I	I	I	I	I	I	I	I	I	I	I	I	I	I	I	I	I	I	I	I	I	I	I	I	I	I	I	I	I	I	I	I	I	I	I	I	I	I	I	I	I	I	I	I	I	I	I	I	I	I	I	I	I	I	I	I	I	I	I	I	I	I	I	I	I	I	I	I	I	I	I	I	I	I	I	UL	I	I	I	I	I	I	I	I	I	I	I	I	I	I	I	I	I	I	I	I	I	I	I	I	I	I	I	I	I	I	I	I	I	I	I	I	I	I	I	I	I	I	I	I	I	I	I	I
BEX4	X	I	I	I	I	I	I	I	I	I	I	I	I	I		I	I	I	I	I	I	I	I	I	I	I	I	I	I	I	I	I	I	I	I	I	I	I	I	I	I	I	I	I	I	I	I	I	I	I	I	I	I	I	I	I	I	I	I	I	I	I	I	I	I	I	I	I	I	I	I	I	I	I	I	I	I	I	I	I	I	I	I	I	I	I	I	I	I	I	I	I	I	I	I	I		I	I	I	I	I	I	I	I	I	I	I	I	I	I	I	I	I	I	I	I	I	I	I	I	I	I	I	I	I	I	I	I	I	I
BEX5	X	I	I	I	I	I	I	I	I	I	I	I	I	I		I	I	I	I	I	I	I	I	I	I	I	PG	I	I	I	I	I		I	I	I	I	I	I	I	I	I	I	I	I	I	I	I	I	I	I	I	I	I	I	I	I	I	I	I	I	I	I	I	I	I	I	I	I	I	I	I	I	I	I	I	I	I	I	I	I	I	L	I	I	I	I	I	I	I	I	I	I	I	I	I	I	I	I	I	I	I	I	I	I	I	I	I	I	I	I	I	I	I	I	I	I	I	I	I	I	I	I	I	I	I	I	I	I	I	I
BGN	X	I	I	I	I	I	I	I	I	I	I	I	I	I	I	I	I	M	I	I	L	I	PM	I	I	I	I	I	I	I	I	I	I	I	I	I	I	I	I	UL	I	PI	I	I	I	I	I	I	I	I	L	I	I	I	I	I	I	I	I	I	I	I	UL	I	I	I	I	I	I	I	I	I	I	UL	I	I	I	I	I	I	I	I	M	I	UL	I	I	I	I	I	I	I	I	I	I	UL	I	I	I	I	I	I	I	I	I	I	I	I	I	I	I	I	I	L	I	I	I	I	UL	PG	I	I	I	I	I	I	I	UL	I	L	I
BMP15	X	I	I	I	I	I	I	I	I	I	I	I	I	I		I	I	I	I	I	PI	I	I	I	I	I	M	L	I	I	I	I	I	I	I	I	I	I	I	I	L	L	UL	L	L	L	L	I	I	I	UL	I	I	I	PI	I	PI	I	I	I	L	I	I	I	I	I	I	I	I	I	I	I	I	I	L	PM	L	L	PG	PM	L	L	I	I	L	L	L	L	I	I	I	I	I	I	I	I	PI	I	I	I	I	I	I	I	I	I	I	I	I	I	I	M	I	UL	I	I	I	I	I	I	I	I	I	UL	I	I	I	UL	I	I	L
BMX	X	I	I	I	I	I	I	I	I	I	I	PM	I	I	I	I	I	I	I	I	PI	I	I	I	I	I	PI	I	I	I	I	I	I		I	I	I	UL	I	PI	I	I	I	I	I	I		I	I	I	I	I	I	I	I	I	I	I	I	I	I	I	I	I	I	I	I	I	I	I	I	I	I	I	I	I	I		I	PI	I	PI	I	I	I	I	I	I	I	I	I	I	I	I	I	I	I	I	I	I	I	I	I	I	I	I	I	I	I	I	I	PI	PI	I	PI	I	I	I	I	I	I	I	I	I	I	I	I	I	I	I	PI
BRCC3	X	I	I	I	UL	I	I	I	I	I	I	I	I	I	I	I	I	I	PI	I	PI	I	I	I	I	I	I	I	I	I	I	I	I	PI	I	I	I	I	I	I	I	I	I	I	I	I	I	I	I	I	I	I	PI	I	I	I	I	I	I	I	I	I	I	I	I	I	I	I	I	I	I	I	I	I	UL	I	I	I	I	I	I	I	PI	I	I	I	I	I	I	I	I	I	PI	I	I	I	I	I	I	I	I	I	I	I	I	I	I	I	I	I	I	I	I	I	I	I	I	I	I	M	PI	PI	PI	I	I	I	I	I	I	I	I
BRS3	X	I	I	I	I	I	I	I	I	I	I	I	I	I	I	I	I	I	I	I	PI	I	I	I	I	I	I	I	I	I	I	I		I	I	I	I	I	I	PG	I	I	I	I	I	I	I	I	I	I	I	I	I	I	I	I	I	I	I	I	I	I	I	I	I	I	I	I	I	I	I	I	I	I	I	I	I	I	I	PI	I	I	I	I	I	I	I	I	I	I	I	I	I	I	I	I	I	I	I	I	I	I	PI	I	I	I	I	I	I	I	I	I	I	I	PI	I	I	I	I	I	I	I	I	I	I	I	I	I	I	I	I
BRWD3	X	I	I	I	I	I	I	I	PI	PM	I		PI	PI	UL	I	I	I	PI	I	PI	PI	I	I	UL	I	PM	I					UL	PM	UL	I	I	I	I	PI	I	I	I	I	I	UL	PI		I	I	UL	PI	PI	I	PI	I	PG	PI	PI	I	I	I	I	I	I	I	I	I	I	I	UL	I	I	I			I		I	PI	I	I	PI	I	I	PM	I	I	I	I	I	I	I	I	UL	I	I	UL		UL	UL	I	I	UL	UL		UL	UL	I	I	I	PI	I	I	UL	I	I	I	UL	I	I	I		UL	PI	I	I	UL	I	I	I
BTK	X	I	I	PM	I	I	I	I	I	I	I	I	I	I	I	I	I	I	I	I	UL	PI	I	I	I	I	PI	L	I	I	I	I	I	I	I	I	I	I	I	I	I	I	I	I	I	I	I	I	I	I	I	I	I	UL	PI	I	L	PI	I	I	I	I	UL	I	I	I	I	I	I	UL	I	I	I	I	UL	PI	PI	PI	PM	UL	I	UL	UL	I	I	PI	I	I	I	L	I	I	PI	I	I	I	I	I	I	PI	I	I	I	I	I	I	I	I	I	I	I	PI	PM	I	I	I	I	PI	I	I	PI	PI		UL	PI	I	I	I	I	I	I
C1GALT1C1	X	I	I	I	I	I	I	I	I	I	I	I	I	I	I	I	I	I	I	I	I	I	I	I	I	I	I	I	I	I	I	I	I	I	I	I	I	I	I	L	I	I	I	I	I	PG	I	I	I	I	I	I	I	I	I	I	I	I	I	I	I	I	I	I	I	I	I	I	I	I	I	I	I	I	I	I	I	I	I	I	I	I	I	I	I	I	I	I	I	I	I	UL	M	I	I	UL	I	I	I	I	I	I	I	I	I	I	I	I	I	I	I	I	I	I	UL	I	I	I	I	I	I	I		I	M	I	I	I	I	I	I
CA5B	X	I	I	PI	I	I	PI	PI	I	PI	I	I	PI	PI		PI	I	I	I	I	UL	I	I	I	UL	I	L	I	PM	I	I	UL	UL	PI	I	I	I	I	PM	L	I	M	PI	I	I	PI	PM	M	I	I	UL	I	PI	I	PI	I	PI	I	I	I	I	I	I	I	I	I	I	I	I	I	I	I	PI	I	PI	M	I	UL	PI	PI	I	I	I	I	I	UL	PI	I	I	I	I	I	UL	I	M	PI	UL	PI	I	PI	PI	I	I		PI	I	UL	PI	I	I	PI	I	M	I	UL	I	I	PI	I	I	L	I	PI	UL	PI	I	I	I	I	I	PI
CACNA1F	X	I	I	I	I	I	I	UL	I	I	PM	PI	PM	PI	I	I	I	PI	I	I	PI	I	I	I	I	I	PI	PI	I	I	I	I	I	I	I	I	I	I	I	L	I	I	PI	I	PI	I		I	I	I	UL	I	I	I	I		I	I	I	I	I	I	UL	I	I	I	I	I	I	I	L	I	I	I	I	I	I		UL	I	I	I	PI	I	I	PI	I	I	I	I	I	I	I	I	I	UL	I	I	I	I	I	I	PI	I	I	I	I	I	UL	UL	I	I	I	UL	PI	I	UL	UL	I	I	PI	I		UL	UL	I	I	UL	I	UL	I
CAPN6	X	I	I	I	I	I	I	I	I	I	I	I	I	I	I	I	UL	I	I	I	I	I	I	I	I	I	I	I	I	PI	I	I	I	I	I	I	I	I	I	I	I	I	I	PI	I	I	I	I	I	I	I	I	I	I	I	I	I	I	I	I	I	I	I	I	I	I	I	I	I	I	I	I	I	PI	I	PI	I	I	I	I	I	I	I	I	I	I	I	I	I	I	I	I	PI	I	I	I	I	I	I	I	I	I	I	I	I	I	I	I	I	I	I	I	I	I	I	I	I	I	M	I	I	I	I	UL	I	I	I	UL	I	I	I
CASK	X	I	I	I	I	I		I	I	PI	I	I	PI	I	PI	PI	I	I	PI	I	PI	I	I	I	I	I	PM	PI	I	I	I		I		I	PI	I	PI	I	PI	PI	I	I	PI	I	I	PI	I	I	I	I	PI	PI	I	I	I	L	PI	PI	I	I	I	I	I	I	I	I	I	I	I	PI	I	I	I		PI	I	PI	PI	PI	PI	PI	UL	I	I	PM	I	I	I	I	I	I	PI	I	I	I		I	PI	I	I	I	PI	I		I		I	I	I	I	PI	PI	UL	UL	I	I	I	I	I	I	PI	PI	I	PI	I	I	I	I	UL	I
CBLL2	X	I	I	PG	I	UL	UL	UL	L	L	UL	I	I	I	I	I	I	M	I	L	I	I	L	I	I	I	PG	L	I	I	I	I	I	I	I	I	I	I	L	I	L	L	L	L	UL	L	L	I	I	I	I	I	I	I	UL	I	L	I	I	I	L	I	I	I	I	I	I	I	I	I	I	I	I	I	L	L	L	L	L	L	L	L	I	I	L	L	L	L	I	I	I	I	I	I	I	I	I	I	I	I	I	I	I		I	I	I	UL	I	I	UL	UL	I	I	I	I	I	UL	UL	UL	I	I	PG	I	I	I	I	UL	UL	UL	UL
CCDC120	X	I	I	I	I	I	I	I	UL	I	I	I	I	I	I	I	I	I	I	I	PM	I	I	I	I	I	PM	I	I	I	I	I	I	I	I	I	I	UL	I	PI	I	I	I	I	M	I	I	I	I	I	UL	I	I	I	I	I	I	I	I	I	I	I	I	I	I	I	I	I	I	UL	I	I	I	PI	I	I	I	I	I	I	I	PI	L	I	UL	I	I	I	I	I	I	I	I	I	I	L	I	I	I	I	I	I	I	I	I	I	I	I	I	I	I	I	I	L	I	I	I	I	UL	I	I	I	I	I	M	I	I	UL	I	L	I
CCDC160	X	I	I	I	I	I	I	I	I	I	I	I	I	I	I	I	I	M	M	I	I	I	I	I	I	I	PG	I	I	I	I	I	I	I	I	I	I	I	I	I	I	I	I	I	I	I	I	I	I	I	I	I	I	I	I	I	I	I	I	I	I	I	I	I	I	I	I	I	I	I	I	I	I	I	I	I	I	I	I	I	I	I	I	I	I	I	I	I	I	I	I	I	I	I	I	I	I	I	I	I	I	I	I	I	I	I	I	I	I	I	I	I	I	UL	UL	I	I	I	M	I	I	I	I	I	I	I	I	L	I	I	I
CCDC22	X	I	I	I	I	I	I	PI	I	I	I	I	I	I	I	I	I	PI	I	I	PI	I	I	I	I	I	PI	I	I	I	I	I	I	I	I	I	I	L	I	L	I	PI	I	I	I	I	I	I	I	I	L	I	PI	I	I	I	I	I	I	I	I	I	I	I	UL	I	I	I	I	UL	I	I	I	I	PM	PI	I		I	PI	I	I	UL	I	I	I	I	I	I	I	I	UL	I	I	I	L	I	I	I	I	I	I	PI	I	I	I	I	I	I	I	I	I	I	UL	UL	I	I	M	I	I	I	I	PI	UL	PI	I	I	UL	I	I	I
CCNB3	X	I	I	PI	I	I	I	PI	PM	I	PI	PI	I		PM	I	I	I	I	I	M	I	I	I	I	I	PM	I	UL	PI		PI	I	PI	I	I	I	UL	I	PM	I	I	I	I	PI	I		PM	I	I	I	I	I	I	UL		I	I	I	I	UL	I	I	I	UL	I	I	I	I	UL	M	I	I	UL		PM	I	PM	UL	PM	UL	UL	L	I	I	PM	I	I	I	I	I	I	PM	I	PI	PM	PI	PI	PI	PI	PI	I	PM			PI	PM	PI	I	I	I	I	L	M	L	PI	PM	PI	UL	I	I	I	PM	UL	I	I	I	L	I	M	I
CCNQ	X	I	I	I	PI	I	I	I	I	I	I	I	I	I	I	I	I	I	I	PI	I	PI	PI	I	I	I	PI	I	I	I	I	I	I	I	I	I	PI	M	I	I	I	PI	PI	I	I	I		I	I	M	I	M	I	I	I	I	I	I	I	I	I	I	I	I	I	I	I	I	I	I	I	I	PI	UL	PI	I	I	PI	I	PI	I	I	M	I	I	I	I	I	I	I	I	UL	I	I	I	I	I	I	I	I	I	I	UL	I	I	I	I	I	I	I	PI	I	I	UL	UL	I	UL	I	PI	PG	I	PI	I	UL	PI	I	I	I	I	UL	I
CD40LG	X	I	I	I	I	I	I	I	I	I	I	I	I	I	I	I	I	I	I	I	I	I	I	I	I	I	I	I	I	I	I	I	I	I	I	I	I	I	I	I	I	I	I	I	I	I	I	I	I	I	I	I	I	I	I	I	I	I	I	I	I	I	I	I	I	I	I	I	I	I	I	I	I	I	I	I	I	I	I	PI	I	I	I	I	I	I	I	I	I	I	I	I	I	I	I	I	I	I	I	I	I	I	I	I	I	I	I	I	I	I	I	I	I	I	I	I	I	I	I	I	I	I	I	I	I	I	I	I	I	I	I
CD99	X	UL	I	PI	I	I	I	I	UL	I	PI	PI	UL	M	M	PI	UL	PI	PI	PI	PI	I	PI	I	I	I	I	PI	I	I	UL	I	UL	UL	I	PI	PI	I	I	I	I	PI	PI	I	PI	I	UL	I	I	I	I	I	I	I	PI	PI	I	I	PI	I	I	I	I	I	I	I	I	I	I	I	I	I	PI	I	M	UL	I	PI	PI	PI	I	I	PI	I	I	PI	I	PI	I	I	I	I	I	I	PI	UL	PI	I	I	I	M	I	PI	I	PI	M	I	I	I	I	PI	I	I	UL	UL	I	I	PI	I	I	PI	PI	PI	I	PI	I	I	I	I	UL	
CD99L2	X	I	I	I	I	I	I	I	I	I	I	I	I	I	I	I	I	I	I	I	PI	PI	I	I	I	I	PM	I	PI	I	PI	I	I	I	PI	I	I	I	I	PI	I	PI	L	PI	PI	I	PI	I	I	I	I	PI	PI	I	I	UL	PI	I	I	I	I	I	PI	I	I	I	I	I	I	I	PI	I	I	I	I	PI	I	I	I	I	I	I	I	I	UL	I	I	I	I	I	I	I	PI	I		PI	I	I	I	I	I	I	I	I	I		I	I	I	I	I	I	I	I	PI	I	I	I	I	I	I	I	I	UL	PI	I	I	UL	I	I	I
CDK16	X	I	I	I	I	I	I	I	I	I	I	I	I	I		I	I	I	I	I	I	PI	I	I	I	I	PI	M	I	I	I	I	I	I	I	I	I	I	I	I	I	I	I	I	I	I		I	I	I	UL	I	I	I	I		I	I	I	I	I	I	I	I	I	I	I	I	I	I	I	I	I	I	I	I	I		I	I	I	I	UL	I	I	I	I	I	I	I	I	I	I	I	I	I	I	I	I	I	I	I	I	I	I	I	I	I	I	I	I	I	I	UL	I	I	I	I	UL	I	I	I	I	I	PI	I	I	I	I	UL	I
CDKL5	X	I	I	I	I	I	I	I	I	I	I	I	I	I	I	I	UL	I	I	I	PI	I	I	I	I	I	PM	I	I	I		I	I	I	I	I	I	I	I	I	I	PI	PI	I	UL	I	I	PI	I	I	I	PI	I	I	I	I	L	I	I	I	I	I	I	I	I	I	I	I	I	I	I	I	I	I	PM	I	I		PI	I	I	I	I	I	I	PI	I	I	I	I	I	I	I	I	PI	I	I	I	I	I	I	I	I	I	I	I	PI	I	I	I	I	PI	I	I	PI	I	I	I	UL	I	I	I	I	I	PI	I	I	UL	I	I	I
CDR1	X	UL	UL	I	UL	UL	UL	UL	UL	UL	UL	UL	UL	UL	UL	L	L	L	L	L	I	I	L	I	UL	UL	M	UL	UL	UL	UL	UL	L	L	UL	UL	L	UL	L	UL	UL	L	L	UL	L	L	UL	UL	I	I	L	I	I	I	L	UL	L	L	L	L	L	UL	UL	UL	UL	M	UL	UL	UL	UL	UL	UL	UL	UL	UL	UL	UL	L	UL	UL	UL	UL	I	I	L	L	UL	UL	UL	UL	UL	UL	UL	UL	UL	I	UL	UL	UL	UL	UL	UL	UL	UL	UL	UL	UL	UL	I	L	UL	I	UL	L	L	L	UL	L	L	UL	I	I	UL	UL	L	I	UL	L	UL	UL	L
CDX4	X	I	I	I	I	I	I	I	I	I	I	I	I	I	I	I	UL	I	I	L	I	I	L	I	I	I	PM	I	I	I	PI	I	I	I	I	I	I	I	I	I	I	I	I	I	I	M	M	I	I	I	I	I	I	I	I		I	I	I	I	PG	I	I	I	UL	I	I	I	I	I	I	I	I	I	PI	I	I	I	I	I	I	I	M	I	L	M	M	M	I	I	I	I	PI	I	I	I	I	I	I	I	I	I	I	I	I	I	I	I	I	I	I	PI	I	I	I	I	I	I	I	I	UL	UL	UL	I	M	I	I	I	I	I	I
CENPI	X	I	I	I	I	I	PI	UL	I	I	I	I	I	I	I	UL	I	I	PI	I	L	PI	UL	I	I	UL	UL	I		PI	I	I	I	I	I	I	I	L	I	UL	I	I	I	I	I	PI	I	I	I	I	I	I	I	UL	I	PI	L	PI	I	I	I	I	I	I	I	I	I	I	I	I	UL	I	I	UL		I	I		I	I	PI	I	PI	I	I	PI	PI	PI	I	PI	I	UL	I	I	I	I	I	PI		I		I	PI	I		I			I	I	PI	I	PI	UL	UL	I	I	I	I	I	I	I	PI	I	PI	I	I	UL	I	I	I
CENPVL1	X	L	I	M	I	I	M	M	I	M	I	M	M	M	I	I	L	M	I	L	M	I	PG	I	I	L	M	I	M	M	M	M	L	M	I	I	L	I	M	I	M	PG	M	M	UL	L	L	M	I	I	M	I	I	I	M	M	M	M	M	L	L	M	M	I	L	I	I	I	UL	I	I	I	L	L	M	M	I	I	M	I	M	PG	L	I	I	PG	UL	M	I	I	I	I	M	I	M	I	M	M	M	M	M	UL	M	M	M	M	M	M	I	I	I	I	I	I	I	I	I	M	I	UL	M	L		PG	I	I	L	I	I	I	I
CENPVL2	X	L	I	M	I	I	M	M	I	M	I	M	M	M		I	L	M	I	L	M	I	L	I	I	L	M	I	M	M	M	M		M	I	I	L	I	UL	I	M	PG	M	M	UL	L	L	M	I	I	M	I	I	I	M	M	M	M	M	L	L	M	M	I	L	I	I	I	UL	I	I	I	L	L	M	M	I	I	M	L	M	PG	L	I	UL	PG	UL	M	I	I	I	I	M	I	M	I	M	M	M	M	M	UL	L	M	M	M	M	M	I	I	I	I	I	I	I	I	I	M	I	UL	M	L	L	L	I	I	L	I	I	I	I
CENPVL3	X	L	I	M	I	I	M	M	I	M	I	M	M	M	M	I	L	M	I	M	M	I	L	I	I	L	PG	M	M	M	M	M	M	M	I	I	I	I	I	M	I	PG	M	M	M	I	I	M	I	I	UL	I	I	I	M	M	M	M	M	UL	I	M	UL	I	L	I	I	I	I	I	I	I	L	L	M	I	I	I	I	I	PG	I	L	I	I	PG	I	I	I	I	I	I	M	I	M	UL	M	M	M	M	L	I	L	M	M	M	M	L	I	I	I	I	I	I	I	I	I	M	UL	I	M	I	M	L	I	I	I	I	I	I	L
CETN2	X	I	I	I	I	I	I	I	I	I	I	I	I	I	I	I	I	I	I	I	UL	I	I	I	I	I	I	L	I	I	I	I	I	I	I	I	I	I	I	I	L	I	I	I	I	I	I	I	I	I	I	I	I	I	I	I	I	I	I	I	I	I	I	I	I	I	I	I	I	I	I	I	I	I	I	I	I	PI	I	I	I	I	I	I	I	I	I	I	I	I	I	I		I	I	I	I	I	I	I	I	I	I		I	I	I	I	I	I	I	I	I	I	I	I	I	I	I	I	I	I	I	I	I	I	I	I	I	I	I
CFAP47	X	I	I	PI	I	I	I	PI	I	PI	PI	UL	I	I	UL	I	UL	UL	UL	I	UL	I	I	I	I	I	PM	I	UL	I	I	UL	PI	UL	I	I	I	I	I	I	I	PI	I	I	I	I	UL	I	I	I	UL	UL	PI	PI	UL	UL	L	I	I	I	I	I	I	I	I	I	I	I	I	I	I	I	I	I	UL	M	I	UL	I	UL	PI	PI	I	I	I	PI	I	I	I	I	I	UL	I	I		I	I	UL	PI	UL	UL	UL	I	UL	UL	UL	UL	UL	I	I	I	PI	PI	I	UL	I	I	I	I	I	I	I	I	I	PI	I	I	UL	I	I	I
CFP	X	I	I	I	I	I	I	I	I	I	I	I	I	I	I	I	I	I	I	I	PI	I	I	I	I	I	PI	I	I	I	I	I	I	I	I	I	I	I	I	UL	I	I	I	I	I	I	I	I	I	I	L	I	I	I	I	I	I	I	I	I	I	I	I	I	I	I	I	I	I	I	I	I	I	PI	I	I	I	I	I	I	I	I	PI	I	I	PI	I	I	I	I	I	I	I	I	I	UL	I	I	I	I	I	I	I	I	I	I	I	I	I	I	I	I	I	UL	I	I	UL	I	UL	I	I	I	I	I	PI	I	I	I	I	UL	I
CHIC1	X	I	I	I	I	I	I	I	I	I	I	I	I	I	I	I	I	I	PI	I	PI	I	I	I	I	I	PM	I	I	I	I	I	I	I	I	I	I	I	I	M	I	I	PI	I	M	I	I	I	I	I	I	I	I	I	I	I	I	I	I	I	I	I	I	I	I	I	I	I	I	I	I	I	I	I	PI	I	I	M	I	I	I	PI	PI	I	I	PI	PI	I	I	I	I	I	PI	I	I	UL	I	I	I	I	I	I	I		I	I	I	I	I	I	I	I	I	I	PI	I	UL	I	I	I	I	I	I	I	PI	I	I	I	I	I	I
CHM	X	I	I	I	I	I	I		I	I	I	I	I		I	I	I	I	I	I	PI	I	UL	I	I	I	PM	I	I	I	I	I		I	I	I	I	I	I	PI	I	I	PI	I	M	L	L	PI	I	I	I	I	PI	I	PI	I	PG	I	I	I	L	I	I	I	I	I	I	I	I	I	PI	I	I	I	I	PI	I		PM	I	I	I	I	I	L	UL	L	L	I	I	I	I	PI	I	PI	PI	PI	I	I	I	I	I	I		I	I	I		I	I	I	I	PI	UL	PI	I	I	I	I	I	I	I	I	I	PI	I	I	UL	I	I	PI
CHRDL1	X	I	I	I	I	I	I	I	I	I	I	I	I	I	I	I	I	I	I	I	I	I	I	I	I	I	PI	I	I	I	I	I	I	I	I	I	I	I	I	I	I	PI	I	I	I	I	I	I	I	I	I	PI	PI	I	I	I	I	I	I	I	I	I	I	I	I	I	I	I	I	I	I	I	I	I	PI	I	I	I	I	I	I	PI	PI	I	I	I	I	I	I	I	I	I	UL	I	I	I	I		I	I	I	I	I	I	I	I	I	I	I	I	I	I	I	I	I	I	I	I	I	I	I	I		I	I	I	I	UL	I	I	I
CHST7	X	I	I	I	I	I	I	I	I	I	I	I	I	I	I	I	I	I	I	M	M	I	L	I	I	I	M	I	I	I	I	I	I	I	I	I	M	UL	I	I	I	I	I	I	I	I	I	I	I	I	I	I	I	I	I	I	I	I	I	I	I	I	I	I	I	I	I	I	I	I	I	I	I	M	I	I	I	I	I	I	I	I	M	I	I	I	I	I	I	I	I	I	I	I	I	L	I	I	I	I	I	I	I		I	I	I	I	I	I	I	I	I	I	I	I	I	I	I	I	I	I	I	I	I	I	I	I	I	L	I
CITED1	X	I	I	I	I	I	I	I	I	I	I	I	I	I	I	I	I	I	I	I	I	I	I	I	I	I	I	I	I	I	I	I	I	I	I	I	I	I	I	I	I	I	I	I	I	I	I	I	I	I	I	I	I	I	I	I	I	I	I	I	I	I	I	I	I	I	I	I	I	I	I	I	I	I	I	I	I	I	I	I	I	I	UL	I	I	I	I	I	I	I	I	I	I	I	I	I	I	I	I	I	I	I	I	I	I	I	I	I	I	I	I	M	I	I	I	I	I	I	I	I	I	I	I	I	I	I	I	UL	I	I	I
CLCN4	X	I	I	I	I	I	I	I	I	I	I	I	I	I	I	I	I	I	I	I	PI	I	I	I	I	I	M	I	I	PI	I	I	I	I	I	I	I	I	UL	I	I	PM	I	I	I	I	I	PM	I	I	UL	I	PI	I	I	I	I	I	I	I	I	I	I	I	I	I	I	I	I	I	I	I	I	I	I	I	I	PM	I	I	I	PI	PI	I	I	PI	I	I	I	I	I	I	UL	I	I	I	I	I	I	I	I	I	I	PM	I	I	I	I	I	I	I	I	I	I	PI	I	I	I	UL	I	I	I	I	I	I	I	I	I	I	UL	I
CLCN5	X	I	I	I	I	I	PI	I	I	I	I	I	I	I	I	I	I	I	I	I	PI	I	I	I	I	I	PI	I	PI	I	I	I	I	I	I	I	I	I	I	I	I	I	I	I	M	PI	I	I	I	I	UL	I	I	I	I	I	I	I	I	I	I	I	I	I	I	I	I	I	I	I	I	I	I	I	I	I	I	PI	I	I	I	I	I	I	I	I	I	I	I	I	I	I	PI	I	I	I	I	I	I		I	I	I	I	I	I	I	I	I	I	I	I	I	UL	PI	I	I	I	I	I	I	I	I	I	PI	I	I	UL	I	I	I
CLDN2	X	I	I	I	I	I	I	I	I	I	I	I	I	I	I	I	I	I	I	I	M	I	I	I	I	I	M	I	I	I	I	I	I	I	I	I	I	I	I	PG	I	I	I	I	I	I	I	I	I	I	UL	I	I	I	I	I	I	I	I	I	I	I	I	I	I	I	I	I	I	I	I	I	I	I	I	I	I	I	I	I	I	I	I	I	I	M	I	I	I	I	I	I	I	I	I	I	I	I	I	I	I	I	I		I	I	I	I	I	PG	I	I	I	I	I	I	I	I	I	I	I	I	I	I	M	I	I	I	I	I	I
CLDN34	X	I	I	UL	L	UL	UL	I	I	UL	I	I	I	I		I	I	I	I	L	I	I	L	I	I	I	I	I	M	M	M	M	I	I	I	I	I	I	I	I	M	PG	M	PG	I	I	PG	UL	UL	UL	UL	UL	I	I	I	I	I	UL	UL	I	I	I	I	I	I	I	I	I	I	I	I	I	I	I	I	I	I	I	I	I	I	I	M	I	UL	L	I	I	I	I	I	I	I	I	I	I	I	M	L	L	M	L	L	M	M	M	M	M	L	L	I	I	I	I	I	I	I	L	L	L	I	I	I	I	UL	I	I	I	I	I	M
CLIC2	X	I	I	I	M	I	I	I	I	I	I	I	I	I	I	I	I	I	I	I	PM	I	I	I	I	I	PI	PI	I	I	I	I		I	I	I	I	I	PG	I	I	I	I	I	I	PM	PG	I	I	I	I	I	I	I	I	I	I	PI	I	I	L	I	I	I	I	I	I	I	I	I	I	I	I	I	PG	PG	L	PG	PG	PG	L	L	I	I	L	L	PI	PI	I	I	I	I	PI	I	I	I	I	I	I	I	I	I	I	I	I	I	I	I	I	I	I	I	I	I	UL	I	I	PM	I	PM	I	I	I	I	I	I	I	I	I	I	I
CLTRN	X	I	I	PI	I	I	PI	PI	PI	PI	PI	PI	PI	PI	PI	I	I	I	PI	I	UL	I	UL	I	I	I	UL	I	M	M	M	M	PI	PI	I	I	I	I	PI	UL	PI	PM	I	PI	PI	L	M	UL	I	I	I	I	I	I	PI	PI	PI	I	PI	I	I	I	UL	I	UL	I	I	I	I	I	I	I	PI	I	UL	UL	I	UL	UL	PI	PI	I	I	I	I	L	PI	I	I	I	I	I	PI	I	M	L	UL	M	M	M	UL	I	L	M	M	M	M	M	I	I	PI	I	PI	I	UL	I	I	PI	I	I	I	I	PI	I	UL	I	I	I	I	I	PI
CMC4	X	I	I	I	I	I	I	I	I	I	I	I	I	I	I	I	I	I	I	I	PI	I	I	I	I	I	I	I	I	I	I	I	I	I	I	I	I	I	I	I	I	I	I	I	I	I	I	I	I	I	I	I	I	I	I		I	I	I	I	I	I	I	I	I	I	I	I	I	I	I	I	I	I	I	I	I	I	I	I	I	I	I	I	I	I	I	I	I	I	I	I	I	I	I	I	I	I	I	I	I	I	I	I	I	I	I	I	I	I	I	I	I	I	I	I	I	I	I	PG	I	I	I	I	I	I	I	I	I	I	I
CNGA2	X	I	I	I	I	I	I	I	M	I	I	I	I	I	I	I	I	M	I	I	PM	I	I	I	I	I	PM	I	I	I	I	I	I	I	I	I	I	I	I	I	I	I	I	I	I	I	I	I	I	I	UL	I	I	I	I	I	I	I	I	I	I	I	I	I	I	I	I	I	I	I	I	I	I	UL	I	I	I	I	I	I	I	I	L	I	I	I	I	I	I	I	I	I	I	I	I	I	I	I	I	I	I	I	I	I	I	I	I	I	I	I	I	I	I	I	I	I	I	I	I	I	I	I	I	I	M	I	I	UL	I	I	I
CNKSR2	X	I	I	PI	I	I	I	I	I		I	I	I		I	I	I	I	PI	I	M	I	I	I	I	I	PM	I	I	I	I	I	I	I	I	I	I	I	I	UL	I	PI	I	I	I	PI	I	I	I	I	I	I	PI	I	I	PI	L	I	PI	PI	I	I	I	I	I	I	I	I	I	I	I	I	I	I	PI	PI	I		PI	PI	I	PI	I	I	I	PI	I	I	I	I	I	I	PI	I	PI	PI	I	PI	I	I	PI	I	PI		PI	I	PI	I	I	I	PI	PI	PI	I	PI	I	I	I	I	I	I	I		I	PI	I	I	UL	I	I	I
COL4A5	X	I	I	I	I	I		PI	PI		I				I	PI	I	I	I	PI	PI	I		UL	I	I	L	I	I	PI					I	I	I	I	I	PI	I	I	I	I	PI	UL	PI		I	I	I	I	I	I	PI	I	I	PI	PI	I	I	I	I	I	I	I	I	I	I	I	PI	I	PI	PI		I	I		I	PI	I	I	I	I	I	M	PI	I	I	I	I	I	UL	I	I	I		PI				I	PI	PI			PI	PI	I	I	I	PI	PI	I	UL	I	I	I	I	I	I	I		UL	PI	I	I	UL	I	UL	PI
COL4A6	X	I	I	I	I	I	I	I	I	I	I	I	I	I	I	I	I	I	I	I	PI	I	UL	I	I	I	PM	I		I	I	I	I	I	I	I	I	I	I	UL	I	I	I	I	I	I	PI	I	I	I	UL	I	PI	I	I	I	I	PI	I	I	I	I	I	I	I	I	I	I	I	I	I	I	I	UL		I	I		PM	PI	I	I	PI	I	UL	PI	PI	I	I	I	I	I	UL	PI	I	I	I		I	I	PI	I	I		I	I	I	I	I	I	PI	I	I	UL	I	I	I	I	I	I	I	PI		UL	PI	I	I	UL	I	I	I
COX7B	X	I	I	I	I	I	I	I	I	I	I	I	I	I		I	I	I	I	I	PI	PI	L	I	I	I	I	I	PI	I	I	I	I	I	I	I	I	I	I	I	I	I	I	I	PI	I	I	I	I	I	I	I	PI	I	I	I	PG	I	I	I	I	I	I	I	I	I	I	I	I	I	I	I	I	I	I	PI	PI	PI	PI	PI	I	I	I	I	I	PI	I	I	I	I	I	I	I	I	I	I	I	PI	I	I	I	I	I	I	I	I	I	I	I	I	I	I	I	I	I	I	I	I	I	I	I	I	I	I	I	I	I	I	I	I	I
CPXCR1	X	I	I	L	L	L	I	UL	I	UL	I	I	I	I		I	I	I	I	I	I	I	I	I	I	I	M	I	UL	I	I	I	I	I	I	I	I	L	I	I	M	M	L	M	L	I	I	I	I	I	I	I	I	I	I	I	M	I	I	I	I	I	I	I	I	I	I	I	I	I	I	I	I	I	I	I	I	I	I	I	I	I	I	I	I	I	I	I	I	I	I	I	I	I	I	I	I	I	I	I	I	I	I	I	I	I	I	I	I	I	I	I	I	I	I	I	I	I	I	I	I	I	I	I	I	UL	I	I	I	I	I
CRLF2	X	PM	I	PI	UL	I	I	I	PM		I	PI	I	PI	PM	UL	L	PM	PM	M	UL	M	UL	UL	UL	UL	L	UL	PI	I	I	UL	I	M	L	I	I	I	PI	PM	I	UL	PI	I	UL	I	I	UL	UL	UL	PI	I	I	I	PM	I	I	UL	PI	I	I	PI	I	I	UL	L	I	I	I	I	I	I	UL	I	PM	PI	I	PI	PI	L	I	PI	PG	I	I	PI	I	PI	I	I	I	I	M	PI	UL	M	PI	PI	PI	PI	PI	I	PI	I	PI	PI	PI	I	M	I	I	I	I	UL	I	I	UL	PI	UL	I	PI	M	M	PI	L	I	M	I	I	UL	I
CSAG1	X	I	I	L	I	I	L	L	UL	UL	L	L	L	L	UL	M	L	UL	UL	UL	UL	L	UL	I	I	I	I	UL	L	L	L	L	L	L	I	I	L	I	L	UL	L	I	UL	L	I	L	PM	I	I	UL	I	I	I	I	L	UL	UL	UL	UL	I	M	I	UL	I	I	I	I	I	I	I	M	I	I	I	I	UL	L	M	L	I	L	UL	I	I	L	L	L	L	I	I	I	I	I	I	L	UL	UL	L	PI	M	UL	L	UL	L	L	L	UL	L	I	I	L	L	I	I	UL	UL	UL	UL	UL	UL	L	L	L	L	I	I	UL	I	I	UL	UL
CSAG2	X	I	I	UL	I	I	UL	UL	UL	UL	UL	UL	UL	UL	UL	L	UL	UL	I	UL	UL	UL	UL	I	I	I	I	UL	UL	UL	UL	UL	UL	UL	I	I	I	I	UL	I	UL	UL	UL	UL	I	UL	UL	I	I	UL	I	I	I	I	UL	UL	UL	UL	UL	I	UL	I	UL	I	I	I	I	I	I	I	I	I	I	I	UL	UL	UL	UL	UL	UL	UL	UL	I	I	M	L	UL	UL	I	I	I	I	I	I	UL	UL	UL	UL	UL	UL	UL	UL	UL	UL	UL	UL	UL	UL	I	I	L	UL	I	I	UL	I	I	UL	UL	UL	UL	UL	UL	UL	I	I	I	I	I	I	UL
CSAG3	X	UL	I	UL	L	UL	UL	UL	UL	L	L	L	L	L	UL	L	L	M	I	UL	L	L	UL	I	I	I	I	UL	UL	L	UL	UL	L	L	UL	I	L	UL	UL	UL	L	UL	UL	UL	UL	UL	UL	I	I	UL	UL	I	I	I	UL	L	L	UL	L	I	UL	I	L	I	I	I	I	I	I	I	UL	I	UL	I	UL	UL	UL	UL	UL	UL	UL	UL	I	I	L	L	UL	UL	I	I	I	UL	I	I	UL	L	UL	UL	L	L	L	M	UL	L	UL	UL	L	UL	I	I	UL	UL	UL	L	UL	L	UL	UL	L	UL	L	L	L	L	I	I	I	I	I	UL	L
CSF2RA	X	PI	I	PI	UL	UL	UL	PI	PI	M	PI	UL	UL	M	UL	PI	I	UL	UL	L	UL	UL	I	PI	I	UL	PI	UL	I	UL	UL	PI	UL	UL	UL	I	UL	I	I	PI	M	PM	PM	PI	UL	UL	PI	PI	I	PM	UL	I	PI	L	PI	PI	I	UL	PI	I	UL	UL	I	I	UL	PI	I	L	PI	I	I	I	PM	UL	PI	UL	I	M	UL	UL	PM	M	L	I	UL	UL	UL	I	M	I	UL	I	UL	M	UL	UL	PI	I	UL			UL	PI	PI	UL	PI	PM	PI	UL	PI	PI	I	L	UL	UL	PI	UL	UL	UL	UL	UL	UL	UL	UL	I	I	UL	I	UL	UL	I
CSTF2	X	I	I	I	I	I	I	I	I	I	I	I	I	I	I	I	I	I	I	I	PI	I	I	I	I	I	PI	I	I	I		I	PM	I	I	I	I	I	I	PI	I	I	I	I	I	PI		I	I	I	UL	I	I	I	I	I	L	I	I	I	I	I	I	I	I	I	I	I	I	I	I	I	I	I	I	PM	I		I	I	I	I	I	I	I	I	I	I	I	I	I	I	I	I	I	I	I	I	I	I		I	I	I	I	I	I	I	I	I	I	I	I	UL	UL	I	UL	I	I	I	I	I	I	I	PM	I	I	UL	I	I	I
CT45A1	X	I	I	I	I	I	PI	PI	PI	PI	PI	I	I	I		PI	I	PI	PI	I	PI	I	UL	I	I	I	PI	L	PI	PI	PI	PI	PI	PI	I	I	I	I	UL	PI	UL	UL	UL	UL	L	UL	PI	L	I	I	UL	PI	I	I	UL	I	UL	PI	PI	I	L	I	I	I	I	I	I	I	I	I	I	I	I	UL	L	UL	L	PI	L	L	L	L	UL	I	L	M	PM	L	I	I	I	I	PI	I	I	I	I	PI	PI	PI	PI	I	PI	PI	PI	PI	PI	PI	I	I	UL	UL	I	I	I	I	UL	PI	I	I	I	I		I	PI	I	I	I	I	UL	L
CT45A10	X	I	PI	PI	PI	PI	PI	PI	PI	PI	PI	I	I	I	I	PI	I	PI	PI	I	PI	I	PI	I	PI	PI	PI	PI	PI	PI	PI	PI	PI	PI	I	I	PI	PI	PI	PI	I	I	UL	PI	L	PI	PI	PI	PI	PI	UL	PI	I	PI	I	I	UL	I	PI	I	PI	I	PI	I	PI	PI	I	PI	I	I	I	I	I	PI	I	I	PI	I	PI	I	PI	PI	PI	I	PI	PI	PI	PI	I	I	PI	I	PI	PI	I	PI	I	PI	PI	PI	PI	PI	I	PI	PI	PI	PI	PI	PI	PI	UL	PI	I	PI	I	PI	PI	PI	I	I	PI	PI	I	PI	PI	I	I	I	I	PI	PI
CT45A2	X	I	I	I	PI	I	PI	PI	PI	PI	PI	I	I	I	I	PI	I	PI	PI	I	PI	I	I	I	I	I	PI	PI	PI	PI	PI	PI	PI	PI	I	I	I	I	PI	PI	I	PI	UL	UL	L	PI	PI	PI	I	PI	L	PI	I	I	PI	I	PI	I	PI	I	PI	I	I	I	I	I	I	I	I	I	I	I	I	I	I	I	PI	I	PI	I	PI	PI	I	I	PI	PI	PI	I	I	PI	I	I	PI	I	I	I	I	PI	PI	PI	PI	I	PI		PI	PI	PI	PI	I	PI	PI	I	I	I	I	I	I	PI	I	I	PI	PI	PI	I	PI	I	I	I	I	I	PI
CT45A3	X	I	I	I	I	I	I	I	PI	I	I	I	I	I	I	PI	I	I	I	I	PI	I	I	I	I	I	PI	I	I	PI	I	I	PI	PI	I	I	I	I	PI	PI	UL	PI	UL	UL	L	I	PI	PI	I	I	UL	I	I	I	PI	I	PI	I	I	I	UL	I	I	I	I	I	I	I	I	I	I	I	I	I	I	I	I	I	PI	I	PI	PI	I	I	UL	PI	I	UL	I	I	I	I	PI	I	I	I	I	I	I	I	I	I	PI	I	I	I	I	I	I	I	UL	I	I	I	I	I	I	I	I	I	I	I	PI	I	PI	I	I	I	I	PI	I
CT45A5	X	I	I	I	I	I	PI	PI	PI	PI	PI	I	I	I	I	PI	I	PI	PI	I	PI	I	I	I	I	I	PI	UL	PI	PI	PI	PI	PI	PI	I	I	I	I	PI	PI	I	PI	UL	PI	L	PI	PI	PI	I	I	UL	PI	I	I	PI	I	PI	I	PI	I	PI	I	I	I	I	I	I	I	I	I	I	I	I	I	PI	I	I	I	L	I	PI	PI	I	I	PI	PI	PI	I	I	PI	I	I	PI	I	I	I	I	PI	PI	PI	PI	I	PI		PI	PI	PI	PI	I	PI	PI	I	I	I	I	I	I	PI	I	I	PI	PI	PI	I	PI	I	I	I	I	I	PI
CT45A6	X	I	I	I	I	I	PI	PI	PI	PI	PI	I	I	I	I	PI	I	PI	PI	I	PI	I	I	I	I	I	PI	PI	PI	PI	PI	PI		PI	I	I	I	I	PI	PI	I	PI	UL	UL	L	PI	PI	PI	PI	I	L	PI	I	I	PI	I	PI	I	PI	I	PI	I	I	I	I	I	I	I	I	I	I	I	I	I	I	I	I	I	PI	I	PI	PI	I	I	PI	PI	PI	I	I	PI	I	I	PI	I	I	I	I	PI	PI	PI	PI	I	PI	PI	PI	PI	PI	PI	I	PI	PI	I	I	I	I	I	I	PI	I	I	PI	PI	PI	I	PI	I	I	I	I	I	PI
CT45A7	X	I	I	PI	PI	I	PI	PI	PI	PI	PI	I	I	I	I	PI	I	PI	PI	I	PI	I	PI	I	I	I	PI	PI	PI	PI	PI	PI	PI	PI	I	I	I	I	PI	PI	PI	PI	UL	PI	L	PI	PI	PI	I	I	UL	PI	I	PI	PI	I	PI	I	PI	I	PI	I	I	I	PI	I	I	I	I	I	I	I	I	PI	I	PI	PI	PI	PI	PI	PI	PI	I	I	PI	PI	PI	PI	PI	PI	I	I	PI	PI	I	I	I	PI	PI	PI	PI	I	PI	PI	PI	PI	PI	PI	I	PI	PI	PI	I	I	I	I	I	PI	I	I	PI	PI	PI	PI	PI	I	I	I	I	PI	PI
CT45A8	X	I	I	PI	PI	I	PI	PI	PI	PI	PI	I	I	I	I	PI	I	PI	PI	I	PI	I	I	I	I	I	PI	PI	PI	PI	PI	PI	PI	PI	I	I	I	I	PI	PI	I	PI	UL	UL	L	PI	PI	PI	I	PI	UL	PI	I	I	PI	I	PI	I	PI	I	PI	I	I	I	I	I	I	I	I	I	I	I	I	PI	I	I	I	I	PI	I	PI	PI	PI	I	PI	PI	PI	I	I	PI	I	I	PI	I	I	I	I	PI	PI	PI	PI	I	PI		PI	PI	PI	PI	I	PI	PI	I	I	I	I	I	I	PI	I	I	PI	PI	PI	PI	PI	I	I	I	I	PI	PI
CT45A9	X	I	I	PI	PI	I	PI	PI	PI	PI	PI	I	I	I	I	PI	I	PI	PI	I	PI	I	I	I	I	I	PI	PI	PI	PI	PI	PI		PI	I	I	I	UL	PI	PI	I	PI	UL	UL	L	PI	PI	PI	I	PI	L	PI	PI	I	PI	I	PI	I	PI	I	PI	I	I	I	I	I	I	I	I	I	I	I	I	UL	I	I	I	I	PI	I	PI	PI	I	PI	PI	PI	PI	I	I	PI	I	I	PI	I	I	I	I	PI	PI	PI	PI	I	I	PI	PI	PI	PI	PI	I	PI	I	I	I	I	I	I	I	PI	I	I	PI	PI	PI	PI	PI	PI	I	I	I	I	PI
CT47A1	X	I	I	I	UL	L	I	I	UL	PI	I	I	I	L	I	I	L	UL	UL	UL	L	L	I	L	L	I	I	L	I	UL	I	PI	I	I	M	I	I	UL	PI	I	I	I	PI	I	I	I	I	M	I	I	L	I	UL	UL	I	I	I	I	I	M	UL	I	I	I	I	I	I	I	I	I	UL	I	L	PI	PI	I	UL	I	I	PI	PI	I	PI	UL	M	I	M	I	I	I	I	UL	I	I	I	L	I	I	I	I	UL	UL	I		I	I	UL	I	I	I	I	UL	I	I	L	I	I	UL	L	UL	UL	UL	I	L	UL	I	I	M	I	UL	I
CT47A10	X	I	I	I	UL	I	I	I	I	I	I	UL	L	I	L	I	UL	I	I	UL	L	UL	UL	L	UL	I	I	L	I	PI	UL	PI	I	I	M	I	I	I	PI	I	I	I	PI	I	I	I	I	I	I	I	UL	I	I	I	I	UL	I	I	I	UL	PM	I	I	I	I	I	I	I	I	I	I	I	L	I	PI	I	I	I	I	PI	I	I	PI	I	L	L	M	I	I	I	I	I	I	I	I	UL	I	I	I	I	M	I	I		UL	UL	I	I	I	I	I	UL	I	I	PI	I	I	I	I	I	UL	UL	I	UL	I	I	I	UL	I	UL	I
CT47A11	X	I	I	L	UL	I	PI	PI	PI	PI	PI	UL	L	L		PI	UL	I	PI	UL	L	UL	I	L	UL	I	I	L	UL	PI	UL	PI	I	I	M	I	UL	I	PI	I	I	PI	PI	I	I	I	L	I	I	I	UL	I	I	I	I	UL	M	I	I	PI	UL	I	I	I	I	I	I	I	UL	I	I	I	L	I	PI	I	I	I	I	PI	I	I	PI	I	L	L	M	I	I	I	I	PI	I	I	I	L	I	PI	L	UL	I	I	UL	I	UL	I	I	PI	I	I	I	UL	I	I	PI	I	I	I	PI	I	UL	L	PI	UL	L	I	I	UL	I	UL	I
CT47A12	X	I	I	L	UL	I	I	PI	I	PI	I	UL	L	L	L	I	UL	I	I	UL	UL	UL	I	L	UL	I	I	PI	I	PI	UL	PI	L	L	M	I	I	UL	PI	I	I	PI	PI	I	I	PI	PI	UL	I	I	L	I	UL	I	I	UL	I	PI	PI	PI	I	I	I	I	I	I	I	I	I	I	UL	I	M	I	PI	I	I	I	I	PI	I	I	PI	I	L	UL	M	I	I	PI	I	UL	I	I	I	L	PI	PI	PI	UL	L	UL	UL	I	PI	UL	I	PI	I	I	I	UL	I	I	PI	I	I	UL	I	I	UL	UL		UL	I	I	I	M	I	UL	I
CT47A2	X	I	I	I	UL	L	I	I	I	PI	I	I	I	I	I	I	UL	I	I	UL	L	L	I	L	UL	I	I	L	I	PI	I	PI	I	I	M	I	I	I	PI	I	I	I	PI	I	I	I	I	I	I	I	UL	I	I	I	I	I	I	I	I	UL	UL	I	I	I	I	I	I	I	I	I	I	I	L	I	PI	I	I	I	I	PI	I	I	PI	I	L	I	L	I	I	I	I	PI	I	I	I	L	I	I	I	I	I	UL	I	I	I	I	I	I	I	I	I	UL	I	I	PI	I	I	I	PI	I	L	L		UL	I	I	I	UL	I	UL	I
CT47A3	X	I	I	I	UL	L	I	I	I	PI	I	I	I	I	I	I	UL	I	I	UL	UL	UL	I	L	UL	I	I	L	I	I	I	PI	I	I	M	I	I	I	PI	I	I	I	PI	I	I	I	I	I	I	I	UL	I	I	I	I		I	I	I	UL	UL	I	I	I	I	I	I	I	I	I	I	I	M	I	PI	I	I	I	I	PI	I	I	PI	I	M	I	M	I	I	I	I	PI	I	I	I	L	I	I	I	I	I	I	I	I	UL	I	I	I	I	I	I	UL	I	I	PI	I	I	I	PI	I	UL	UL	I	UL	I	I	I	UL	I	UL	I
CT47A4	X	I	I	I	UL	L	I	I	I	PI	I	I	UL	I	UL	I	UL	I	I	UL	L	UL	I	L	UL	I	I	L	I	I	UL	PI	I	I	M	I	I	I	PI	I	I	I	PI	I	I	I	I	I	I	I	UL	I	I	I	I	UL	I	I	I	PI	UL	I	I	I	I	I	I	I	I	I	I	I	M	I	PI	I	I	I	I	PI	I	I	PI	I	M	I	M	I	I	I	I	PI	I	I	I	L	I	I	I	I	M	UL	I	I	UL	I	I	I	I	I	I	UL	I	I	PI	I	I	I	PI	I	UL	UL	I	UL	I	I	I	UL	I	UL	I
CT47A5	X	I	I	UL	UL	UL	I	I	I	UL	I	I	L	I	L	I	UL	I	I	UL	UL	UL	I	L	L	I	I	L	I	PI	UL	PI	I	I	M	I	I	I	PI	I	I	I	L	I	I	I	I	I	I	I	UL	I	I	I	I	UL	I	I	I	PI	UL	I	I	I	I	I	I	I	I	I	I	I	M	I	PI	I	I	I	I	PI	I	I	PI	I	M	PI	M	I	I	PI	I	PI	I	I	I	L	I	I	I	I	L	I	I	I	UL	I	I	I	I	I	I	UL	I	I	PI	I	I	I	PI	I	UL	UL	I	UL	I	I	I	UL	I	UL	I
CT47A6	X	I	I	I	UL	I	I	I	I	I	I	I	UL	I	UL	I	UL	I	UL	UL	L	UL	I	L	UL	I	I	I	I	UL	UL	M	I	I	M	I	I	I	L	I	I	I	L	I	I	I	I	M	I	I	UL	I	I	I	I	UL	I	I	I	PI	UL	I	I	I	I	I	I	I	I	I	I	I	L	UL	PI	I	I	I	I	I	I	I	PI	UL	M	I	M	I	I	PI	I	I	I	I	I	L	I	I	UL	UL	L	I	I	I	UL	I	I	I	I	I	I	UL	I	I	L	I	I	I	PI	I	UL	UL	I	UL	UL	I	I	UL	I	L	I
CT47A7	X	I	I	I	UL	I	I	I	I	I	I	I	L	I	L	UL	UL	I	I	UL	L	UL	I	L	L	I	I	L	I	PI	PI	I	I	I	M	I	I	I	PI	I	I	I	PI	I	I	I	I	I	I	I	UL	I	I	I	I	UL	I	I	I	PI	UL	I	I	I	I	I	I	I	I	I	I	I	L	I	PI	I	I	I	I	I	I	I	PI	I	M	I	M	I	I	I	I	PI	I	I	I	L	I	PI	UL	UL	L	UL	I	I	UL	I	I	PI	I	I	I	UL	I	I	PI	I	I	I	I	I	UL	UL	I	UL	I	I	I	UL	I	UL	I
CT47A8	X	I	I	I	UL	I	I	PI	I	PI	I	I	I	L	I	UL	UL	I	I	UL	L	UL	I	L	UL	I	I	PI	I	I	UL	PI	I	I	M	I	I	I	PI	I	I	I	PI	I	I	I	I	I	I	I	UL	I	I	I	I	UL	I	I	I	PI	UL	I	I	I	I	I	I	I	I	I	I	I	L	I	PI	I	I	I	I	PI	I	I	PI	I	L	L	M	I	I	I	I	PI	I	I	I	UL	I	PI	UL	UL	M	I	I	I	I	I	I	PI	I	I	I	UL	I	I	PI	I	I	I	I	I	UL	L	I	UL	I	I	I	UL	I	UL	I
CT47A9	X	I	I	I	UL	I	I	I	I	I	I	I	I	L	I	I	UL	I	I	PI	L	UL	I	L	UL	I	I	L	I	I	UL	PI	I	I	M	I	I	PI	PI	I	I	I	PI	I	I	L	L	I	I	I	UL	I	I	I	I	UL	UL	I	I	PI	UL	I	I	I	I	I	I	I	I	I	I	I	L	I	PI	I	I	I	I	PI	I	I	PI	I	M	I	M	I	I	I	I	I	I	I	I	UL		PI	UL	UL	M	UL	I	I	UL	I	I	I	I	I	I	UL	I	I	PI	I	I	I	I	I	UL	UL	I	UL	I	I	I	UL	I	UL	I
CT47B1	X	I	I	I	UL	UL	I	I	I	PI	I	I	I	I	I	I	UL	PI	I	I	UL	UL	I	UL	UL	I	I	I	I	PI	I	PI	I	I	UL	I	I	UL	I	I	I	I	I	I	I	I	I	I	I	I	L	I	I	I	I	I	I	I	I	I	I	I	I	I	I	I	I	I	I	I	I	I	M	UL	I	I	I	I	I	I	I	I	PI	I	UL	I	L	I	I	I	I	I	I	I	I	UL	I	I	UL	UL	UL	UL	I	I	I	I	I	I	I	I	I	UL	I	I	M	I	I	I	I	I	I	I	PI	UL	I	I	I	UL	I	L	I
CT47C1	X	I	I	I	UL	UL	I	I	I	I	I	I	I	I		I	I	I	I	I	M	M	I	UL	UL	I	I	I	I	I	I	I	I	I	UL	I	I	UL	I	I	I	I	I	I	I	I	I	I	I	I	UL	I	I	I	I	I	I	I	I	I	I	I	I	I	I	I	I	I	I	I	I	I	UL	I	I	I	I	I	M	I	I	I	PI	I	L	I	UL	I	I	I	I	I	I	I	I	I	I	I	I	I	UL	I	I		I	I	I	I	I	I	I	UL	I	I	PI	I	I	I	I	I	I	I	I	I	I	I	M	UL	I	UL	UL
CT55	X	I	I	PI	I	I	PI	PI	I	UL	I	I	I	I	I	UL	I	I	I	UL	PI	I	PI	I	I	I	PI	PI	PI	I	I	I	I	I	I	I	I	I	PI	PI	PI	PI	PI	PI	PI	I	UL	PI	I	I	PI	PI	PI	PM	PI	PI	I	I	I	I	PI	I	I	I	I	I	I	I	I	I	L	I	I	UL	I	I	PI	PI	I	I	PI	I	I	I	I	PI	I	I	I	I	I	UL	PI	I	I	I	I	UL	UL	UL	UL	PI	UL	UL	UL	UL	UL	UL	I	I	PI	UL	I	I	I	I	I	I	I	I	I	L		PI	PI	I	I	I	I	I	PI
CT83	X	I	I	UL	UL	I	I	I	I	I	I	I	I	I		I	I	I	I	I	PI	I	I	I	I	I	I	I	UL	L	UL	UL	I	I	I	I	I	I	I	PM	I	I	I	I	I	I	I	I	I	I	I	I	I	I	PI	I	I	I	I	I	I	I	I	I	I	I	I	I	I	I	I	I	I	I	I	I	I	I	I	I	I	I	I	I	I	PI	I	I	I	I	I	I	I	I	I	I	I	I	I	I	I	I	PI	I	PI	I	I	PI	I	I	I	I	I	I	I	I	I	I	I	I	I	I	I	I	I	I	I	UL	I	I	I
CTAG1A	X	I	I	PI	I	I	I	I	I	I	I	PI	PI	PI	UL	PI	L	PI	L	I	I	I	I	I	I	I	PI	I	I	I	I	I	I	I	I	I	I	I	I	PI	I	I	I	I	PI	I	PI	L	I	I	I	I	I	I	I	I	I	I	I	I	I	I	I	I	I	I	I	I	I	I	I	I	PI	I	I	I	PI	I	I	I	I	I	I	I	PI	PI	I	PI	I	I	PI	I	I	I	I	L	I	PI	PI	PI	UL	I	PI	PI	PI	PI	PI	PI	I	I	I	I	I	I	PI	I	UL	PI	UL	M	I	I	UL	I	PI	I	I	I	I	PI	I
CTAG1B	X	I	I	PI	I	I	I	I	I	I	I	I	I	I	I	PI	L	M	M	I	I	I	I	I	I	I	I	I	I	I	I	I	UL	UL	I	I	I	I	I	I	I	I	I	I	PI	I	I	M	I	I	I	I	I	I	I	I	I	I	I	I	I	I	I	I	I	I	I	I	I	I	I	I	I	I	I	I	I	I	I	I	I	I	I	I	UL	PI	I	PI	I	I	L	I	I	I	I	L	I	UL	UL	UL	UL	L	UL	UL	UL	UL	UL	UL	I	I	I	I	I	I	PI	I	UL	I	UL	M	I	I	I	I	PI	I	I	I	I	PI	PI
CTAG2	X	I	I	PI	L	L	I	I	I	I	I	I	I	I	I	UL	L	M	M	PI	I	I	I	I	I	PI	M	I	I	PG	I	I	I	UL	I	I	I	I	I	PI	I	I	I	I	PI	PI	I	PG	I	I	I	I	I	I	UL	I	UL	I	I	I	I	PI	I	I	I	I	I	I	I	I	I	I	PI	I	I	I	I	I	I	I	I	I	M	I	I	I	I	I	I	PI	L	I	I	I	I	PI	I	I	I	I	I	I	I	I	I	I	I	I	PI	I	UL	UL	PI	I	I	I	L	I	UL	M	I	I	I	I	PG	I	I	I	I	PI	L
CTPS2	X	PI	I	PI	I	I	UL	UL	UL	PI	PI	PI	UL	PI	PI	I	I	I	I	PI	UL	PI	PI	I	I	I	PM	PI	UL	UL	I	PI	UL	PI	I	I	PI	I	I	UL	I	I	PI	I	I	PI	PI	PI	I	I	I	UL	I	I	PI	PI	L	I	I	I	I	I	I	I	UL	PI	I	I	PI	UL	I	I	PI	PI		PI	I		PI	PI	PI	PI	PI	I	I	PI	I	PI	I	I	UL	UL	UL	PI	UL	UL	PI	I	I	I	PI	I	PI	I	I	PI	PI	I	I	I	I	I	UL	I	PI	UL	I	PI	UL	I	PI	I		UL	PI	I	I	UL	I	I	PI
CUL4B	X	I	I	I	I	I	I	I	I	I	I	I	I	I	I	I	I	I	I	I	I	I	PI	I	I	I	UL	I	I	I	I	I	I	I	I	I	PI	I	I	PM	I	I	I	I	I	PI	I	I	I	I	UL	I	I	I	I	I	I	I	I	I	I	I	I	I	I	I	I	I	I	I	PM	I	I	I	I	PI	I		I	PI	I	I	I	I	I	PI	I	PI	I	I	I	I	PI	I	I	I	I	I	I	I	I	I	I	I	I	I	I	I	I	I	I	I	I	I	PI	I	I	I	I	I	I	I		UL	PI	I	I	UL	I	I	I
CXCR3	X	I	I	I	I	I	I	I	I	I	I	I	I	I	I	I	I	I	I	I	M	I	I	I	I	I	PM	I	I	I	I	I	I	I	I	I	I	I	I	PG	I	I	I	I	I	I	I	I	I	I	UL	I	I	I	I	I	I	I	I	I	I	I	I	I	I	I	I	I	I	UL	I	I	I	I	I	I	I	I	I	I	I	I	M	I	UL	I	I	I	I	I	I	I	I	I	I	L	I	I	I	I	I	I	I	UL	I	I	I	I	I	I	I	I	I	L	I	I	I	I	M	I	I	I	I	I	I	I	I	I	I	I	I
CXORF38	X	I	I	I	I	I	I	I	I	I	I	I	I	I	I	I	I	I	I	I	PI	I	I	I	I	I	I	PI	I	I	I	I	I	I	I	I	I	I	I	PI	I	I	I	I	PI	L	I	I	I	I	I	I	I	I	UL	I	M	I	I	I	I	I	I	I	I	I	I	I	I	I	I	I	I	PI	I	I	I	I	I	I	I	I	I	I	I	I	I	I	I	I	I	I	I	PI	I	UL	I	PI	I	I	I	I	I	I	I	I	I		I	I	I	I	I	I	I	I	I	I	I	I	I	PI	I	I	I	I	I	I	I	I	I
CXORF49	X	I	I	UL	PI	L	I	I	I	I	I	I	I	I	I	I	UL	I	I	I	L	I	UL	I	I	I	I	L	I	I	I	I	I	I	I	I	I	L	I	UL	I	I	UL	I	L	I	I	PI	I	I	UL	I	I	I	UL	I	I	I	I	I	I	I	I	I	I	I	I	I	I	I	I	I	I	I	I	I	I	I	I	I	I	I	UL	I	UL	M	I	L	I	UL	I	UL	I	I	PI	PI	UL	I	I	I	L	I	I	I	I	I	I	I	I	I	UL	I	I	UL	I	I	UL	I	I	I	UL	UL	M	UL	I	I	I	I	I	UL	I
CXORF49B	X	I	I	UL	PI	L	I	I	I	I	I	UL	UL	UL	UL	I	UL	I	I	I	L	UL	M	I	I	I	I	L	M	I	M	M	PI	UL	I	I	I	L	I	UL	I	I	UL	I	L	I	I	UL	PI	UL	UL	I	I	I	UL	I	I	I	M	I	I	I	I	I	I	I	I	I	I	I	I	I	I	I	I	I	I	I	I	I	I	I	UL	I	UL	M	I	L	I	I	I	UL	I	I	UL	UL	UL	UL	M	UL	UL	I	UL	I	I	I	UL	I	I	I	PI	PI	I	UL	I	I	UL	PI	I	I	UL	UL	M	UL	I	I	I	I	I	UL	I
CXORF51A	X	I	I	I	I	I	I	I	PI	I	I	I	I	I		I	I	I	I	I	I	I	I	I	I	I	I	I	I	I	I	I	I	I	I	I	I	I	I	I	I	I	I	I	I	I	I	I	I	I	I	I	I	I	I	I	I	I	I	I	I	I	I	I	I	I	I	I	I	I	I	I	I	I	I	I	I	I	I	I	I	I	I	I	I	I	I	I	I	I	I	I	I	I	I	I	I	PI	I	UL	I	I	UL	I	UL	I	UL	UL	I	I	I	I	I	I	I	I	I	I	I	I	I	I	I	I	I	I	I	I	I	I	I
CXORF51B	X	I	I	I	I	I	I	I	PI	I	I	I	I	I	I	PI	I	I	I	I	I	I	I	I	I	I	I	I	I	I	I	I	I	I	I	I	I	I	I	I	I	I	I	I	PI	I	I	I	UL	PI	I	I	I	I	I	I	I	I	I	I	I	I	I	I	I	I	I	I	I	I	I	I	I	I	I	I	I	I	I	I	I	I	I	I	I	I	I	I	I	I	I	I	I	I	I	I		PI	I	UL	I	UL	UL		UL	I	UL	UL	I	I	I	I	I	I	I	I	I	I	I	I	I	I	I	I	I	I	I	I	I	I	I
CXORF58	X	I	I	I	I	I	M	UL	PI		I	PI	I	PI	I	I	I	PI	I	PI	PI	I	I	I	I	I	L	I	UL	UL	UL	UL	I	I	I	I	I	I	I	PI	I	UL	UL	I	I	I	I	PI	I	I	UL	UL	UL	UL	UL	UL	L	I	I	I	UL	I	I	I	I	I	I	I	I	I	I	I	PI	I	I	I	I		I	PI	PI	PI	PI	UL	I	PI	I	I	I	I	I	I	I	PI	UL	L	UL	UL	PI	PI	I	I	UL	I	PI	I	I	I	I	I	I	I	I	UL	PI	I	I	I	I	I	UL	I	UL	I	L	UL	I	I	I	I	PI
CXORF65	X	I	I	I	UL	UL	I	I	I	I	I	I	I	I	I	I	I	I	I	I	PI	I	UL	I	I	I	L	I	UL	UL	UL	UL	I	I	I	I	I	I	I	PI	I	I	I	I	I	I	I	I	I	M	I	I	PI	I	UL	I	I	I	I	I	I	I	I	I	I	I	I	I	I	I	I	I	I	I	I	I	I	I	I	I	I	I	PI	I	I	I	I	I	I	M	I	I	I	I	I	I	I	L	L	L	L	L	L	L	L	L	L	L	I	I	I	I	I	I	I	I	I	I	I	I	I	I	I	I	I	I	I	I	I	I	I
CXORF66	X	I	I	L	UL	UL		I	I	I	I	I	I	I	I	I	I	I	I	I	I	I	I	PI	I	I	M	I	UL	UL	UL	UL	I	I	I	I	I	I	I	I	I	I	I	I	I	I	I	I	I	I	I	I	I	I	UL	I	I	I	I	I	I	I	I	I	I	I	I	I	I	I	M	I	I	PI	I	I	I	I	I	I	I	I	I	I	I	I	I	I	I	I	I	I	I	I	I	I	I	UL	L	L	L	L	L	L	L	L	L	L	I	I	I	I	I	I	I	I	I	I	I	I	I	I		I	I	I	I	I	I	I	I
CYBB	X	I	I	I	I	I	I	I	I	I	I	I	I		I	I	I	I	PI	I	PM	I	I	I	I	I	PI	I	I	I	I	I	I		I	I	I	I	I	PI	I	I	I	I	I	I	I	I	I	I	I	I	I	I	I	I	L	I	I	I	I	I	I	I	I	I	I	I	I	I	I	I	PI	PI			I	I	I	I	I	I	PI	I	I	I	I	I	I	I	I	I	I	I	I	I	I	I		I	I	I	I	I	I	I	I	I	I	I	I	PI	I	I	PI	I	I	I	I	I	I	I	I	I	I	I	I	I	I	I	I
CYLC1	X	I	I	M	I	I	PM	I	I	I	I	I	I	I	I	M	I	I	I	I	PM	I	I	I	UL	I	PG	I	L	L	L	PM	I		I	I	I	L	I	I	I	I	I	M	I	I	I	UL	I	I	UL	I	I	I	M	I	PG	I	I	UL	I	I	I	I	I	I	I	I	I	I	I	I	I	I	I	I	I	M	I	I	I	I	I	I	I	M	I	I	I	I	I	I	I	I	UL	UL	UL		L	L	L	L	L	L	L	L	L	L	I	L	I	I	I	I	M	I	UL	I	UL	I	I	I	I	I	PM	I	I	L	I	I	I
CYSLTR1	X	I	I	I	I	I	I	I	I	I	I	I	I	I	I	I	I	I	I	I	M	I	I	I	I	I	M	I	I	I	I	I	I	I	I	I	I	I	I	M	I	I	I	I	I	I	I	I	I	I	I	I	I	I	I	I	PG	I	I	I	I	I	I	I	I	I	I	I	I	UL	I	I	I	UL	I	I	I	I	I	I	I	I	I	I	I	M	I	I	I	I	I	I	I	I	I	I	I	I	I	I	I	I	I	I	I	I	I	I	I	I	I	I	I	UL	L	I	I	I	I	I	I	I	I	I	I	I	I	I	I	I	I
DACH2	X	I	I	I	I	I	I	I	I	I	I	I	I	I	I	I	I	I	I	PI	PM	I	PI	I	I	I	PG	I	PI	PI	I	I		PI	PI	I	I	I	I	UL	I	PI	PI	I	PI	PM	PM	I	I	I	UL	PI	PI	I	PI	I	PG	PI	I	PI	PM	I	I	I	I	I	I	I	UL	I	PI	I	I	I	PI	PI	I	PI	I	I	I	I	PI	I	UL	PM	UL	UL	I	I	I	I	PI	I	UL	PI	I	I	I	I	I	I	I	I	I	PI	I	I	I	I	I	PI	PI	I	PI	PI	I	PI	I	I	I	I	I	I	PI	I	I	UL	I	I	PI
DCAF12L1	X	I	I	I	I	I	M	I	I	M	I	M	M	M	M	I	UL	I	I	M	M	I	UL	I	I	I	PG	M	M	I	M	M	M	M	I	I	I	I	M	I	I	I	I	M	I	PG	PG	I	I	I	L	I	I	I	I	I	M	I	I	I	L	I	I	I	I	I	I	I	I	I	I	I	I	I	I	I	I	I	I	I	I	I	M	I	L	L	L	L	I	I	I	I	I	I	M	L	M	M	M	M	M	I	M		M	M	M	M	I	I	M	I	I	L	I	I	I	I	I	I	I	I	M	I	M	I	I	I	I	I	M
DCAF12L2	X	I	I	I	I	I	M	I	I	M	I	M	M	M	M	I	L	M	I	M	M	M	I	I	I	I	M	M	M	I	M	M	M	M	I	M	I	I	M	M	I	I	I	I	I	I	I	I	I	I	I	I	I	I	I	I	M	I	I	I	I	I	I	I	I	I	I	I	I	I	I	I	M	L	I	I	I	I	I	I	I	I	M	I	I	I	I	I	I	I	I	I	M	M	M	UL	M	M	M	M	M	I	M	M	M	M	M	M	I	I	M	I	I	UL	I	I	UL	I	I	I	I	M	M	I	M	I	I	M	I	I	M
DCAF8L1	X	I	I	I	I	I	I	I	I	I	I	I	I	I	I	I	I	M	I	L	I	I	L	I	I	I	PG	L	PG	M	M	M	I	I	I	I	UL	UL	L	I	L	PG	M	L	M	L	PG	I	I	I	I	I	I	I	PG	I	L	I	I	I	L	I	I	I	I	I	I	I	I	I	I	I	I	I	PG	PG	L	PG	PG	PG	L	PG	I	I	L	L	L	L	I	I	I	I	I	I	I	I	I	PG	PG	PG	PG	I	I	PG	PG	PG	PG	PG	I	I	M	L	I	UL	I	I	I	I	I	I	I	I	PG	I	I	I	I	UL	I	I	L
DCAF8L2	X	I	I	I	I	I	I	I	I	I	I	I	I	I	I	I	I	M	I	L	PG	I	L	I	I	I	PG	I	I	I	I	M	I	I	I	I	I	I	I	I	I	I	I	I	I	I	I	I	I	I	I	I	I	I	M	I	L	I	M	I	L	I	I	I	I	I	I	I	I	I	I	I	I	I	I	I	I	I	I	I	I	I	I	I	UL	PG	I	UL	I	I	I	I	I	I	I	I	I	I	I	I	I	I	I	I	I	I	I	I	I	I	I	I	I	UL	I	I	I	M	I	I	I	I		I	I	I	I	I	I	I	I
DCX	X	I	I	I	I	I	I	I	I	I	I	I	I	PI	PI	I	I	I	I	I	PI	I	I	UL	I	I	PM	I	I	I	I	I	I	I	I	I	I	I	I	I	I	I	I	I	I	I	I	I	I	I	I	I	I	I	I	I	I	I	I	I	I	I	I	I	I	I	I	I	I	I	I	I	I	PI	PI	I	I	I	PI	I	I	I	I	I	I	PI	I	I	I	I	I	I	I	I	I	PI	I	I	I	I	I	I	I	I	I	I	I	PI	I	I	I	I	I	UL	I	I	I	I	L	I	I	I	I	UL	I	I	I	L	I	I	I
DDX3X	X	I	I	I	I	I	PM	I	I	I	I	I	I	I	I	I	I	I	I	I	I	I	I	I	UL	I	UL	I	I	I	I	I	M	I	I	I	PI	I	I	PI	I	I	I	I	I	I	PI	I	I	I	I	I	I	I	I	I	I	I	I	I	I	I	I	I	I	I	I	I	I	UL	I	I	I	I	I	I	I	I	I	I	I	I	L	I	I	I	I	I	I	I	I	I	I	I	I	I	I	I	I	I	I	I	I	I	I	I	I	I	I	I	I	I	I	I	UL	I	I	I	I	I	I	I	PI	I	PI	I	I	UL	I	I	I
DDX53	X	I	I	UL	M	L	I	PG	UL	UL	I	I	I	I	M	M	UL	M	M	I	I	I	I	I	I	UL	PG	I	I	I	I	I	I	I	I	I	I	I	I	I	I	PG	M	M	I	I	I	I	I	I	I	L	L	UL	I	I	L	M	UL	I	I	I	I	I	I	I	I	I	I	I	I	I	I	I	I	I	I	I	I	I	I	I	I	L	I	PG	I	I	I	I	I	I	I	I	I	I	I	UL	L	UL	UL	UL	UL	UL	UL	UL	M	L	I	I	I	I	I	I	I	I	I	I	I	I	M	M		UL	I	UL	I	I	I	I	I
DGAT2L6	X	I	I	I	I	I	I	I	I	I	I	I	I	I	I	I	I	I	I	I	PI	I	I	I	I	I	PI	I	I	I	I	I	I	I	I	I	I	I	I	I	I	I	I	I	I	I	I	I	I	I	UL	I	I	L	I	I	I	PI	I	I	I	I	I	I	I	I	I	I	I	I	I	I	I	I	I	PI	I	PI	I	I	I	I	I	I	I	PI	I	I	I	I	I	I	I	I	I	I	I	I	I	I	I	I	I		I	I	I	I	I	I	I	I	I	I	I	I	I	I	UL	I	PI	I	I	I	I	I	I	I	I	I	I
DGKK	X	PI	I	PI	I	I	I		PI	PI	PI		I	I		PI	I	PI	I	I	PI	I	I	I	I	I	PI	I	I	I		I	I	I	I	I	I	I	I	I	I	I	I	I	I	PI	I		I	I	UL	I	I	I	PI	I	I	PI	PI	I	I	I	I	I	I	I	I	I	I	I	PI	I	I	PI			PI		I	PI	I	I	PI	I	I	PI	PI	I	I	I	I	I	PI	PI	I	I	I	I		I	I	I	I	I		I	I		I	I	I	I	PI	UL	PI	I	I	I	M	I	PI	PI		I	PI	I	I	UL	I	I	I
DHRSX	X	M	I	PI	UL	I	M	PM	PI	PI	I	L	I	PM	PM	PM	PI	PI	PM	PM	UL	UL	I	I	I	I	I	PI	PM	UL	PM	PM	PI	UL	I	PI	PI	UL	I	PI	M	PM	PI	PI	M	I	PI	I	I	M	UL	PI	PI	PI	PI	UL	UL	PI	M	I	I	I	I	I	I	I	I	I	I	I	I	I	PI	UL	PM	PM	I	PM	PI	PI	PI	PI	PM	I	I	PI	I	PI	I	PI	M	I	PI	I	M	PI	UL	L	UL	PM	L	I	PM		PM	PM	L	PM	I	UL	PI	PI	PI	I	PI	I	UL	PM	L	I	I	PI		PM	PI	I	I	I	I	L	PI
DIAPH2	X	I	I	PI	I	I	PI		PI	PI	PI	I	I			PI	I	I	PI	UL	PM	I	I	I	I	I	L	I	I		PI		PI	PI	PI	I	I	I	I	PI	PI	PI	I	PI	I	PI		PI	I	I	UL	PI	PI	I	PI	PI	PM	I	I	PI	I	I	PI	I	I	I	I	I	I	UL	I	I	I	I		PI	I		PI	PI	I	PI	PI	I	I	PM	I	I	I	I	I	I	PI	I	PI	PI	I	PI	I	PI	I	I	I	I	I	I		PI	I	I	I	PI	PI	I	UL	I	I	I	UL	I	PI	PI		UL	PM	I	I	I	I	I	PI
DIPK2B	X	I	I	I	I	I	I	I	I	I	I		I	I	I	I	I	I	I	PI	UL	I	PM	I	I	I	PI	PI	I	I	I	I	I	I	I	PI	I	M	I	PI	I	I	PI	I	I	I	I	I	I	I	I	PI	M	I	I	I	M	I	I	I	I	I	I	I	I	I	I	I	I	I	PI	I	I	UL	I	PI	I		PI	I	I	I	I	I	I	PI	I	I	I	I	I	I	I	PI	I	I	I	I	I	I	I	I	PI	I	I	I	I	I	I	I	I	I	I	UL	I	I	I	I	UL	I	I	I	PI	PI	PI	I	I	L	I	UL	I
DKC1	X	I	I	I	I	I	I	I	I	I	I	I	I	I	I	I	I	I	I	I	UL	PI	I	I	I	I	PI	I	I	I	I	I		I	I	I	I	I	I	I	I	I	I	I	I	I	PI	I	I	I	I	I	I	I	I	I	I	I	I	I	I	I	I	I	I	I	I	I	I	I	PM	I	I	I	I	PI	UL		I	I	I	I	I	I	I	I	PI	I	I	I	I	I	UL	I	I	I	I	I	I	PI	I	I	I		I	PI	I	I	I	I	I	I	I	UL	I	I	I	I	I	M	I	I	I	I	I	I	I	I	I	I	I
DLG3	X	PI	I	I	I	I	I	I	I	PI	I	I	I	I	I	I	UL	PI	I	PI	PI	I	I	I	I	I	PI	PI	I	I	I	I	I	PI	I	I	I	UL	I	I	I	I	I	I	PI	PI		I	I	I	I	I	I	I	I	I	I	I	I	I	I	I	I	I	I	I	I	I	I	I	I	I	I	I	I	PI	I		I	I	I	I	PI	I	UL	PI	I	PI	I	I	I	I	PI	PI	I	UL	I	I		I	I	I	PI	I	I	I	I	I	I	I	PI	I	I	UL	I	I	I	I	I	I	I	I	I	I	PI	I	I	UL	I	UL	I
DMD	X	PI	I	PI	UL	I			PI		I	PI				I	I	I	PI	I	L	I		I	I	I	L	I							I	I	PI	I	PI	PM	I	PI	I	I	PI	UL	PM		I	I	I	PI	PI	I	PI		M	PI	I	PM	PI	I	I	PI	I	I	I	I	I	I	PI	I	UL	UL			I		PM	PI	PI	PI	PI	I	I	PM	PI	I	I	I	PI	I	PI	PI		PM						I	PI					PI	I	I	PI	PI	PI	I	PI	I	I	PI	UL	I	UL	PI		UL	L	I	PI	UL	I	I	PI
DMRTC1	X	I	I	PI	I	I	I	I	I	PI	PI	I	I	I	I	I	I	I	I	I	I	I	I	I	I	I	I	I	I	I	I	I	I	I	I	I	I	I	I	I	I	I	I	I	I	I	I	I	I	I	I	I	I	I	I	PI	I	I	I	I	I	PI	I	I	I	I	I	I	I	I	I	I	I	L	I	I	I	I	I	I	I	I	I	I	I	I	I	I	I	I	I	I	I	I	I	I	I	I	I	I	I	I	I	I	I	I	I	I	I	I	I	I	I	I	I	I	I	I	I	I	I	PI	I	I	I	I	I	I	I	I	I
DMRTC1B	X	I	I	PI	I	I	I	I	I	PI	PI	I	I	I	I	I	I	I	I	I	I	I	I	I	I	I	I	I	I	I	I	I	I	I	I	I	I	I	I	I	I	I	I	I	I	I	I	I	I	I	I	I	I	I	I	PI	I	I	I	I	I	PI	I	I	I	I	I	I	I	I	I	I	I	L	I	I	I	I	I	I	I	I	I	I	I	I	I	I	I	I	I	I	I	I	I	I	I	I	I	I	I	I	I	I	I	I	I	I	I	I	I	I	I	I	I	I	I	I	I	I	I	PI	I	I	I	I	I	I	I	I	I
DNAAF6	X	I	I	I	I	I	I	I	I	I	I	I	I	I		PI	I	I	PI	I	PI	I	I	I	I	I	PI	I	I		I	I	I	I	I	I	I	I	I	I	I	PI	I	I	I	I	I	I	I	I	I	I	I	I	I	I	I	I	I	I	I	I	I	I	I	I	I	I	I	I	I	I	I	I	PI	I	I	I	I	I	I	I	I	I	I	I	I	I	I	I	I	I	I	I	I	I	I	I	I	I	I	I	I	I		I	I	I	I	M	I	I	I	I	PI	I	I	I	I	I	I	I	I	I	PI	I	I	UL	I	I	I
DNASE1L1	X	I	I	I	I	I	I	I	I	I	I	I	I	I	I	I	I	I	I	I	M	I	I	I	I	I	I	I	I	I	I	I	I	I	I	I	I	I	I	PI	I	I	I	I	I	I		I	I	I	I	I	I	I	I	I	I	I	PI	L	I	I	I	I	I	I	I	I	I	I	PG	I	I	I	PI	I	I		I	PI	I	PI	M	I	I	I	I	I	I	I	I	I	I	L	I	I	I	I	I	I	I	I	I		I	I	I	I	I	I	I	I	I	UL	PI	I	I	I	UL	M	I	I		I	PM	I	I	I	I	UL	I
DOCK11	X	I	I	I	I	I	I	I	PI		I					PI	UL	I	PI	I	UL	PI	I	I	I	I	PM	I	I				I		I	UL	I	I	I	UL	I	PI	PI	I	I	PI			I	I	I	I	PI	I	I	I	PI	PI	I	I	I	I	I	I	I	I	I	I	UL	I	I	I	PI	UL	PI		I		PI	PI	UL	I	PI	I	I	PI	I	I	I	I	I	I	UL	I		PM					UL	I	PI	PI					I	I	I	I	I	UL	UL	I	I	I	UL	I	I	I		I	PI	I	I	UL	I	I	I
DRP2	X	I	I	I	UL	I		I	I	I	I	I	I	I	I	I	I	PI	I	I	PI	I	I	I	I	I	PI	I	I	I	I	I	I	I	I	I	I	I	UL	PI	I	I	I	I	I	I		I	I	I	I	I	I	I	I	I	L	I	I	I	I	I	I	I	I	I	I	I	I	UL	PI	I	I	I	PM	I	I		I	PI	I	I	I	I	I	PI	I	I	I	I	I	I	I	I	I	I	I	I	I	PI	I	I	I	I	I	I	I	I	I	I	I	I	I	UL	I	I	I	I	I	I	I	I	I	I	PI	I	I	I	I	I	I
DUSP21	X	I	I	UL	I	UL	I	I	I	I	I	I	I	I	I	I	I	I	I	I	I	I	I	I	I	I	PG	I	L	L	L	L	I	I	I	I	I	I	I	I	I	I	I	I	I	I	I	I	I	I	UL	I	I	I	I	I	I	I	I	I	I	I	I	I	I	I	I	I	I	I	I	I	I	I	UL	I	UL	I	UL	I	L	L	I	I	I	I	I	I	I	I	I	I	I	I	I	I	I	L	L	L	L	L	L	L	L	L	L	L	I	I	I	I	I	L	I	I	I	I	I	I	I	I	I	I	I	I	I	I	I	I	I
DUSP9	X	I	I	I	I	I		I	PI	I	I	I	I	I	I	I	I	M	I	PI	PM	I	I	I	I	I	I	I	I	I	I	I	I	I	UL	I	PI	UL	I	PG	I	I	I	I	I	I	I	I	I	I	I	I	I	I	I	I	I	PI	I	I	I	I	I	I	I	I	I	I	I	I	I	I	PI	I	PI	I	I	I	I	I	I	I	M	I	I	I	I	I	I	I	I	I	I	I	I	L		I	I	I	I	I	I		I	I	I	PI	I	I	I	I	I	I	I	I	I	PI	UL	PG	PI	I	I	L	I	I	I	UL	I	UL	I
DYNLT3	X	I	I	I	I	I	I	I	I	I	I	I	I	I	I	I	I	I	I	I	I	I	I	I	I	I	PI	I	I	I	I	I	I	I	I	UL	I	I	I	I	I	I	I	I	I	I	I	I	I	I	I	I	I	I	I	I	L	I	I	I	I	I	I	I	I	I	I	I	I	I	I	I	I	I	I	PI	I	I	I	I	I	I	I	I	I	I	I	I	I	I	I	I	I	I	I	I	I	I	I	I	I	I	I	I	I	I	I	I	I	I	I	I	I	I	I	I	I	I	I	I	I	I	I	I	I	I	I	UL	I	I	I
EBP	X	I	I	I	I	I	I	I	I	I	I	I	I	I		I	I	I	I	I	PI	I	I	I	I	I	I	I	I	PI	I	PI	I	I	I	I	PI	I	I	L	I	I	I	I	I	I	I	I	I	I	I	PI	PI	I	I	I	I	I	I	I	I	I	I	I	I	I	I	I	I	I	M	I	I	I	I	I	I	I	I	I	I	I	L	I	I	I	I	I	I	I	I	I	I	I	I	I	I	I	I	I	I	I	I	I	I	I	I	I	I	I	I	I	I	I	PI	I	I	I	I	I	PI	I		UL	PI	I	I	UL	I	I	I
EDA	X	I	I	I	I	I	I	I	I	I	I	I	I	I	I	I	I	PI	I	PI	PI	I	I	I	I	I	PI	I	I	PM	I	I	I	I	I	I	I	I	I	I	I	I	I	I	PI	I	I	I	I	I	UL	I	I	I	PI	I	I	I	I	I	I	I	I	I	I	I	I	I	I	I	I	I	PI	I	I	I	I	PI	I	PI	I	I	PI	I	UL	PI	I	I	I	I	I	I	PI	I	I	UL	I	I	I	I	I	I	I	I	I	I	I	I	I	I	I	I	I	L	PI	I	I	I	UL	I	PI	I	I	PI	PM	I	I	UL	I	I	I
EDA2R	X	I	I	I	I	I	I	I	I	I	I	I	I	I	I	I	I	I	I	I	PI	I	I	I	I	I	I	I	I	I	I	I	I	I	I	I	I	I	I	I	I	I	I	I	I	UL	UL	I	I	I	L	I	I	I	I	I	I	I	I	I	L	I	I	I	I	I	I	I	I	I	I	I	I	I	I	I	I		I	I	I	I	I	I	L	L	UL	L	I	I	I	I	I	I	I	I	I	I	I	I	I	I	I	I	I	I	I	I	I	I	PI	I	I	L	I	I	I	I	I	I	I	I	I	I	I	I	I	I	I	I	I
EFHC2	X	I	I	PM	I	I	PI	I	PI	I	I		I	I		I	I	I	PI	I	I	I	I	I	I	I	PM	I	I		I		I	I	I	I	I	I	I	I	I	I	I	I	PI	PI		I	I	I	UL	UL	UL	PI	I	I	L	I	I	I	I	I	I	I	I	I	I	I	I	UL	PI	I	PI	I		PI	I		I	I	I	I	I	I	I	PM	I	I	I	I	I	UL	PI	I	I	I	PI	I	I	I	PI	I	PI		I	I	I	I	I	I	I	I	I	I	UL	I	I	I	I	I	I	I		I	I	I	I	UL	I	I	I
EFNB1	X	I	I	I	I	I	I	I	I	I	I	I	I	I	I	I	L	I	I	I	I	I	I	I	I	I	I	I	I	I	I	I	I	I	I	I	I	I	I	I	I	I	I	I	I	I	I	I	I	I	I	I	I	PI	I	I	I	I	I	I	I	I	I	I	I	I	I	I	I	I	I	I	I	I	I	I	I	I	I	I	I	I	M	I	UL	M	I	I	I	I	I	I	I	PI	I	I	I	I	I	I	I	I	I	I	I	I	I	I	I	I	I	I	I	UL	I	I	I	I	I	I	I	I	I	I	I	I	I	L	I	UL	I
EGFL6	X	I	I	I	PI	I	I	I	I	I	I	I	I	I	I	I	I	I	I	I	PI	I	I	I	UL	I	PI	PI	I	I	I	I	I	I	I	I	I	I	I	UL	I	PI	I	I	I	I	I	I	I	I	I	I	PI	I	I	I	I	I	I	I	I	I	I	I	I	I	I	I	I	I	I	I	I	I	PI	PI	I		I	PI	I	I	I	I	UL	PI	I	I	I	I	I	I	PI	PI	PI	I	I	I	I	I	I	I	I	I	I	I	I	I	I	I	I	I	PI	I	UL	I	I	I	UL	I	PI	I		UL	I	I	I	I	I	I	PI
EIF1AX	X	I	I	PI	I	I	I	I	I	I	I	I	I	I	I	I	I	I	I	I	UL	I	I	I	I	I	L	I	I	I	I	I	I	I	I	I	I	I	I	I	I	I	I	I	I	I	PI	I	I	I	I	I	I	I	I	I	I	I	I	I	I	I	I	I	I	I	I	I	I	I	I	I	I	I	I	I	I	PI	I	I	I	PI	I	I	I	I	I	I	I	I	I	I	I	I	PI	I	PI	I	I	I	I	I	I	PI	I	I	I	I	I	I	I	I	I	I	I	I	I	I	I	I	PI	I	I	I	I	I	I	I	I	I	PI
EIF2S3	X	I	I	I	I	I	I	PI	I	I	L	UL	PI	I	L	I	I	I	I	I	L	I	UL	I	I	I	L	I	I	I	I	I	PI	PI	I	PI	I	I	I	L	I	I	PI	I	I	I	PI	I	I	I	I	I	UL	I	I	I	I	I	I	I	I	PI	I	I	I	PI	I	I	PI	I	I	I	PI	I	PM	PI	I	PI	PM	PI	I	I	L	I	I	PI	I	PI	I	I	I	UL		I	PI	PI	L	PI	I	PI	UL	I	I		PI	L	I	UL	I	I	I	I	L	I	PI	I	I	I	I	I	PI	I	L	UL	L	I	I	UL	I	I	PI
ELF4	X	I	I	I	I	I	I	I	I	I	I	I	I	I	I	I	L	I	PI	I	PI	I	I	I	I	I	PI	I	I	I	I	I	I	I	I	I	I	I	I	I	I	I	I	I	I	I	I	I	I	M	I	I	UL	I	I	I	I	PI	I	I	I	I	I	I	I	I	I	I	I	I	L	I	I	I		I	I	I	I	I	I	I	PI	I	I	I	I	I	I	I	I	I	PI	L		UL	I	I	I	I	I	I	I	I	I	I	I	I	I	I	I	I	PI	UL	I	I	I	I	I	I	PI	I	PI	I	PI	I	I	I	I	I	I
ELK1	X	I	I	I	I	I	I	I	I	I	I	I	I	I	I	I	I	I	I	I	I	I	I	I	I	I	I	I	I	I	PI	I	I	I	I	I	I	I	I	PI	I	I	PI	I	I	I	I	I	I	UL	I	I	I	I	I	I	I	I	I	I	I	I	I	I	I	I	I	I	I	I	I	I	I	I	I	I	I	I	I	I	I	I	PI	I	I	I	I	I	I	I	I	I	I	I	I	I	I	I	I	I	I	I	I	I	I	I	I	I	I	I	I	I	I	I	I	I	I	I	I	I	I	I	I	I	I	I	I	I	I	I	I
EMD	X	I	I	I	I	I	I	I	I	I	I	I	I	I	I	I	I	PI	I	I	I	I	I	I	I	I	I	I	I	PI	I	PI	I	I	I	I	PI	L	I	M	L	I	I	PI	I	UL	I	I	I	I	I	I	I	I	I	I	I	I	I	I	I	I	I	I	I	I	I	I	I	I	M	PI	PI	I	I	I	I	I	I	I	I	I	L	I	I	I	I	I	I	I	I	I	I	UL	I	PI	I	I	I	I	I	I	PI	I	I	I	I	I	I	I	UL	I	I	L	I	I	I	I	I	PG	I	I	I	I	I	I	I	UL	I	PG	I
ENOX2	X	I	I	I	I	I	I	PI	I		I	I	I	I	I	I	I	I	I	I	PI	I	I	M	I	I	PM	I	I	I		I	I	I	I	I	I	I	I	PI	I	I	PI	I	UL	PI	I	PI	I	I	I	I	I	I	I	I	I	I	I	I	I	I	I	I	I	I	I	I	UL	I	I	I	I	PI	PI	PM	I		PI	PI	I	I	I	I	I	PI	I	I	I	I	I	I	PI	I	I	I	I	PI	I		I	I	I	I	I	I		I	I	I	I	I	I	I	PI	I	I	I	UL	I	PI	I		I	PM	I	I	UL	I	I	I
ENSG00000230707	X	I	I	I	I	I	I	I	I	I	I	I	I	I	I	I	I	I	I	M	I	M	I	I	I	I	PG	I	I	I	I	I	I	I	I	I	I	I	I	I	I	I	I	I	I	I	I	I	I	I	I	I	I	I	I	I	I	I	I	I	I	I	I	I	I	I	I	I	I	UL	I	I	I	I	I	I	I	I	I	M	I	I	M	I	I	I	I	I	I	I	I	UL	I	I	I	UL	I	I	I	I	I	I	I		I	I	I	I	I	I	I	I	I	I	I	I	UL	I	M	I	I	I	I	I	I	I	M	L	I	I	I
ENSG00000241489	X	I	I	PI	I	I	I	I	I	I	I	I	I	I	I	M	I	I	PI	I	PM	I	I	I	I	I	M	I	UL	L	I	I	I	I	I	I	I	I	PI	PI	I	PI	I	I	I	I	I		I	I	UL	PI	I	I	PI	I	L	UL	M	I	I	I	PI	I	I	I	I	I	I	I	I	I	I	I	I	I	I	I	M	M	I	I	I	I	I	PI	PI	I	I	I	UL	I	PI	I	I	L	I	I	I	I	I	I	PM	I	I	I	I	I	I	I	I	PI	PI	I	I	I	I	PM	I	I	PI	I	PI	I	PM	I	M	L	I	I	I
ENSG00000283599	X	I	I	UL	PI	L	I	I	I	I	I	I	I	I	I	I	PI	I	I	I	L	M	UL	I	I	I	I	L	I	I	I	I	I	I	I	I	I	UL	I	I	I	I	UL	I	L	I	I	PI	I	I	UL	I	I	I	UL	I	I	I	I	I	I	I	I	I	I	I	I	I	I	I	I	I	I	I	I	I	I	I	I	M	I	I	UL	I	L	M	I	M	I	I	I	UL	I	I	UL	UL	UL	I	I	I	L	I	I		I	I	I	I	I	I	UL	I	I	UL	I	I	UL	I	I	I	UL	UL	M	UL	I	I	I	I	I	UL	I
ENSG00000286268	X	I	I	PI	UL	UL	I	I	I	I	I	I	I	I		UL	UL	UL	UL	UL	PM	M	UL	I	I	I	PI	UL	I	PI	I	PI		I	I	I	PI	I	UL	PM	UL	PI	UL	PI	UL	UL	PI	I	I	I	UL	M	PI	I	UL	I	UL	UL	UL	I	I	I	I	I	I	I	I	I	I	I	PM	I	I	I	UL	UL	UL		PI	M	UL	UL	M	I	UL	PM	UL	UL	I	I	I	I	I	L	I	PI	I	I	I	I	I	I	I		I	I	I	I	I	I	UL	UL	I	UL	M	I	I	PI	UL	UL	UL	UL	UL	L	PM	I	M	UL	I	I	UL
ENSG00000287585	X	I	I	I	I	I	I	I	I	I	I	I	I	I	I	I	I	I	I	I	I	M	UL	I	I	I	I	I	I	I	I	I	I	I	I	I	I	I	I	I	I	I	I	I	UL	I	I	I	I	I	I	I	I	I	I		PI	I	I	I	I	I	I	I	I	I	I	I	I	I	I	I	I	I	I	I	I	I	M	I	I	I	I	I	I	I	I	I	I	I	I	I	I	I	I	I	I	I	I	I	I	I	I	I	I	I	PI	I	I	I	I	I	I	I	I	I	I	I	I	I	I	I	I	I	I	I	M	I	I	I	I
EOLA1	X	PI	I	I	I	I	I	PI	I	I	I	I	I	I	I	I	I	I	I	I	I	I	I	I	I	I	I	I	I	I	I	I	I	I	I	I	I	I	I	I	M	PI	PI	M	M	I	I	I	I	I	UL	M	I	I	M	I	I	I	M	I	I	I	I	I	I	PI	I	I	I	I	I	I	I	I	I	I	I	I	I	I	I	I	I	I	UL	I	PI	I	I	I	I	I	PI	I	I	I	I	I	I	I	I	I	I	I	I	I	I	I	I	I	I	PI	I	UL	I	I	PM	I	L	I	I	I	I	I	PI	I	I	I	I	I	I
EOLA2	X	PI	I	I	I	I	I	PI	I	I	I	I	I	I	I	I	I	I	I	I	I	I	I	I	I	I	I	I	I	I	I	I	I	I	I	I	I	I	I	UL	M	PI	PI	PM	L	I	I	I	I	I	UL	M	I	I	M	I	I	I	M	I	I	I	I	I	I	L	I	I	I	I	I	I	I	I	I	I	I	I	I	I	I	I	I	I	L	PI	PI	I	I	I	I	I	PI	I	I	I	I	I	I	I	I	I	I	I	I	I	I	I	I	I	I	M	I	UL	I	I	L	I	L	I	I	I	I	I	PI	I	I	I	I	I	I
ERAS	X	I	I	I	I	I	I	I	I	I	I	I	I	I		I	I	I	I	I	I	I	I	I	I	I	I	I	I	I	I	I	I	I	I	I	I	I	I	I	I	I	I	I	I	I	I	I	I	I	UL	I	I	I	I	I	I	I	I	I	I	I	I	I	UL	I	I	I	I	I	I	I	I	I	I	I	I	I	I	I	I	I	I	I	I	I	I	I	I	I	I	I	I	I	I	I	I	I	I	I	I	I	I	I	I	I	I	I	I	I	I	I	I	I	I	I	I	I	L	I	I	I	I	UL	I	I	I	L	I	I	I
ERCC6L	X	I	I	I	I	I	I	I	I	I	I	I	I	I	I	I	UL	I	I	I	I	I	I	I	I	I	PM	I	I	I	I	I	I	I	I	I	I	I	I	I	I	I	I	I	I	I	PM	I	I	I	I	I	I	I	I	I	I	I	I	I	I	I	I	I	I	I	I	I	I	UL	PM	I	I	I	I	I	I	PM	I	I	I	I	I	I	I	I	I	I	I	I	I	I	I	I	I	I	I	I	I	I	I	I	I	I	I	I	I	I	I	I	I	I	I	I	UL	I	I	I	I	I	I	I	I	I	M	I	I	L	I	I	I
ESX1	X	I	I	I	I	I	I	I	I	I	I	I	I	I	I	I	I	I	I	I	PI	I	I	I	I	I	L	PI	I	I	I	UL	I	I	I	I	I	I	I	I	I	I	I	I	I	I	PI	I	I	I	UL	I	I	I	I	I	I	I	I	I	I	UL	I	I	I	I	I	I	I	I	I	I	PI	I	I	PI	I	PI	PI	PI	PI	I	PI	I	I	UL	I	I	I	I	I	I	I	I	I	I	I	I	I	I	I	I	I		I	I	I	I	I	I	I	I	I	I	I	I	I	I	UL	I	I	I	I	I	I	I	I	I	I	I	I
ETDA	X	I	I	I	I	I	I	I	I	I	I	I	I	I	I	I	I	I	I	I	I	I	I	I	I	I	I	I	I	I	I	I	I	I	I	I	I	I	I	I	I	I	I	I	I	I	UL	I	I	I	I	I	I	I	I	I	I	I	I	I	I	I	I	I	I	I	I	I	I	I	I	I	I	I	I	I	I	I	I	I	I	I	I	I	I	I	I	I	I	I	I	I	I	I	I	I	I	I	I	I	I	I	I		I	I	I	I	I	I	I	I	I	I	I	I	I	I	I	I	I	I	I	I	I	I	I	I	I	I	I
ETDB	X	I	I	I	I	I	I	I	I	I	I	I	I	I		I	I	I	I	I	I	I	I	I	I	I	I	I	I	I	I	I	I	I	I	I	I	I	I	I	I	I	I	I	I	I	UL	I	I	I	I	I	I	I	I	I	I	I	I	I	I	I	I	I	I	I	I	I	I	I	I	I	I	I	I	I	I	I	I	I	I	I	I	I	I	I	I	I	I	I	I	I	I	I	I	I	I	I	I	I	I	I	I	I	I	I	I	I	I	I	I	I	I	I	I	I	I	I	I	I	I	I		I	I	I	I	I	I	I	I
ETDC	X	I	I	I	I	I	I	I	I	I	I	I	I	I	I	I	I	I	I	I	L	I	UL	I	I	I	I	L	I	I	I	I		I	I	I	I	I	I	I	L	I	I	I	L	I	L	I	I	I	I	I	I	I	L	I	I	I	I	I	I	I	I	I	I	I	I	I	I	I	I	I	I	I	I	I	I	I	I	I	I	I	I	I	I	I	I	L	I	I	I	I	I	I	I	I	I	I	I	I	I	I	I	I	I	I	I	I	I	I	I	I	I	I	I	I	I	I	I	I	I	I	L	I	I	I	I	I	I	I	I
EZHIP	X	I	I	I	I	I	I	I	I	I	M	I	I	L	I	I	I	I	M	M	UL	I	L	I	I	I	PG	M	I	I	I	I		I	UL	I	I	L	UL	I	I	M	M	L	I	I	I	I	I	I	L	M	L	UL	I	I	I	I	M	I	I	I	I	I	I	I	I	I	I	UL	I	I	I	I	I	I	I	PG	I	I	L	L	L	I	L	M	I	L	I	I	I	I	I	L	I	L	I	L	I	I	I	I	I	I	I	I	I	I	I	I	M	I	I	UL	L	I	I	M	I	I	I	M	I	I	I	I	I	I	I	L	M
F8	X	I	I	I	UL	I			I	I	I				PI	PI	I	I	I	I	PM	I	PM	I	I	I	PM	I						PI	I	I	I	UL	PI	UL	PI	L	PI	PI	PI	I			I	I	I	PI	PI	I	I		PI	UL	PI	I	I	I	I	I	UL	I	I	I	I	L	I	I	PI	PI			UL		PM	PM	UL	UL	I	I	I	PM	PI	I	I	I	I	I	M	PI		PI		PI				I	PI						I	I	I	I	I	I	UL	I	I	I	I	M	I	I		I	PM	I	I	UL	I	I	I
F8A1	X	I	I	PG	L	I	PG	PG	PG	PG	PG	I	PG	PG	UL	M	I	I	M	L	UL	I	I	I	I	I	I	I	PG	PG	PG	PG	PG	PG	I	I	M	L	I	I	M	M	M	PG	M	UL	M	I	I	I	I	I	I	I	M	PG	PG	I	M	I	I	M	I	I	I	I	I	I	I	I	I	UL	M	M	I	M	I	PG	I	PG	I	I	M	I	L	PG	I	I	I	I	I	I	I	I	PG	PG	PG	I	PG	PG	PG	I	PG	I	PG	PG	M	PG	I	I	I	I	I	I	L	I	L	I	I	I	I	L	I	I	I	I	I	I	I	L	M
F8A2	X	I	I	PG	L	I	PG	PG	L	PG	PG	I	L	PG	UL	M	I	I	M	M	UL	I	I	I	I	I	I	M	PG	PG	PG	PG	PG	PG	I	I	L	L	PG	I	M	M	L	PG	M	UL	PG	I	I	I	M	I	I	I	L	PG	L	I	M	I	PG	M	I	I	I	I	I	I	I	I	I	UL	L	M	PG	M	I	PG	PG	PG	I	I	M	I	L	M	I	L	I	I	I	I	I	I	PG	L	PG	PG	PG	PG	PG	I	PG	PG	PG	PG	M	L	I	I	M	I	I	I	L	I	UL	I	I	I	I	M		I	I	I	I	I	I	L	M
F8A3	X	I	I	PG	L	I	PG	PG	L	PG	PG	I	L	PG	UL	M	I	I	M	L	UL	I	I	I	I	I	I	I	PG	PG	PG	PG	PG	PG	I	I	L	L	I	I	M	M	M	PG	M	UL	PG	I	I	I	I	I	I	I	L	PG	L	I	M	I	PG	M	I	I	I	I	I	I	I	I	I	UL	L	M	PG	M	UL	PG	PG	PG	I	I	M	I	L	PG	I	I	I	I	I	I	I	I	PG	L	PG	PG	PG	PG	PG	I	PG		PG	PG	M	L	I	I	I	I	I	I	L	I	UL	I	I	I	I	M		I	I	I	I	I	I	L	M
F9	X	I	I	I	I	I	I	I	I	I	I	I	I	I	I	I	I	I	I	I	I	I	I	I	I	I	M	I	I	I	I	I	I	I	I	I	I	I	I	I	I	PI	I	I	I	I	I	I	I	I	I	PI	I	I	I	I	I	I	I	I	I	I	I	I	I	I	I	I	I	I	I	I	I	I		PI	I	I	I	I	I	I	I	I	I	I	I	I	I	I	I	I	PI	I	I	I	I	I	I	I	I	I	I	I	I	I	I	I	I	I	I	I	I	I	PI	I	I	I	I	I	I	I	I	I	I	I	I	I	I	I	I
FAAH2	X	PI	I	PI	I	I	PI	PI	PI	PI	PI	UL	L			PI	UL	I	M	I	PM	I	I	I	I	I	PM	UL	PI		PI		UL	UL	I	I	I	UL	I	UL	I	PI	PI	I	PI	PM			I	I	I	PI	PI	I	PM	PI	PI	PI	PI	I	PG	I	PI	I	I	I	I	I	I	I	PI	I	PI	I	PM	PG	L	L	L	L	L	L	PI	I	M	L	M	PI	UL	UL	PI	UL	M	PI		L	UL	PI	PI	PI	PI	I	PI	PI		PI	PI		I	I	I	PM	PI	I	I	I	I	PI	PM	I	I	I	PI	UL	PI	I	I	I	I	I	PI
FAM104B	X	I	I	I	I	I	I	I	I	I	I	I	I	I	I	I	I	I	I	I	PI	I	I	I	I	I	PI	I	I	I	I	I	PI	I	I	I	I	I	I	PI	I	PI	I	I	PI	I	L	I	I	I	I	I	I	I	PI	I	I	I	I	I	I	I	I	I	I	I	I	I	I	I	I	I	I	I	I	PI	I	I	I	I	I	I	I	I	I	I	I	I	I	I	I	I	I	I	I	PI	PI	I	I	I	PI	I	I	I	I	PI	I	I	I	I	I	I	I	I	I	I	I	I	I	I	I	I	PI	I	PI	I	I	I	I	I	I
FAM120C	X	I	I	I	I	I	I	I	I	I	I	I	I	I	I	I	I	I	I	I	PM	I	I	I	I	I	M	I	I	PI	UL	PI	I	I	I	I	PI	I	I	I	I	I	I	I	I	I	I	I	I	I	I	I	I	I	I	I	I	I	I	I	I	I	I	I	I	I	I	I	I	I	I	I	PI	I	I	I	I	I	I	I	I	I	PI	I	UL	UL	I	I	I	I	I	I	I	I	I	UL	I	PI	PI	I	M	I	I	I	PI	I	PI	PM	I	I	I	I	I	UL	I	I	I	I	I	I	I	PI	I	I	I	I	I	I	I	I	I
FAM133A	X	I	I	I	I	I	I	I	I	I	I	I	I	I		I	L	I	I	I	I	I	I	I	I	I	PG	I	I	I	I	I	I	I	I	I	I	I	I	I	I	I	I	I	I	I	I	I	I	I	I	I	I	I	I	I	PG	I	I	I	I	I	UL	I	I	I	I	I	I	UL	I	I	I	I	I	I	I	I	I	I	I	I	I	I	I	M	I	I	I	I	I	I	I	I	I	I	I	I	I	I	I	I	I	I	I	I	I	I	I	I	I	I	I	I	I	I	I	I	I	I	I	I	I	I	I	I	I	UL	I	I	I
FAM156A	X	I	I	I	I	I	I	I	I	I	I	I	I	I	I	I	I	I	I	I	I	I	I	I	I	L	I	UL	I	I	I	I	I	I	I	I	I	L	UL	L	I	M	I	UL	I	I	I	I	I	I	UL	I	I	I	I	I	L	I	I	I	I	I	I	I	L	I	I	I	UL	I	L	I	L	M	I	I	I	I	I	I	I	UL	I	I	I	I	I	I	I	I	I	I	I	I	I	I	I	I	I	I	I	I	I	I	I	I	I	I	I	L	I	I	I	I	I	I	I	I	I	I	I	L	I	I	I	I	I	I	I	UL	L
FAM156B	X	I	I	I	I	I	I	I	I	I	I	I	I	I	I	I	I	I	I	I	I	I	I	I	I	L	I	UL	I	I	I	I	I	I	I	I	I	L	I	L	I	M	I	I	I	I	I	I	I	I	UL	I	I	I	I	I	L	I	I	I	I	I	I	I	L	I	I	I	UL	I	L	I	L	L	I	I	I	I	I	I	I	UL	I	I	I	I	I	I	I	I	I	I	I	I	I	I	I	I	I	I	I	I	I		I	I	I	I	I	L	I	I	I	I	I	I	I	I	I	I	I	L	I	L	I	I	I	I	I	UL	M
FAM199X	X	I	I	I	I	I	I	I	I	PI	I	I	I	I	I	I	I	PI	I	I	PI	I	I	I	I	I	M	I	I	I	I	I	I	I	I	I	I	I	I	I	I	I	I	PI	I	PI	I	I	I	I	I	I	I	I	I	I	I	I	I	I	I	I	I	I	I	I	I	I	I	I	I	I	I	I	PI	PI	I	I	I	PI	I	PM	PI	I	I	PM	I	I	I	I	I	I	I	I		I	I		I	I	I	I	I	I	I	I	I	I	I	I	I	I	I	UL	PI	I	I	I	I	I	I	I		I	PI	I	I	I	I	I	I
FAM236A	X	I	I	I	I	I	I	I	I	I	I	I	I	I	PI	I	I	M	I	L	I	I	I	I	I	M	UL	PI	I	I	I	I	I	I	I	I	I	I	I	I	I	I	I	UL	UL	UL	UL	I	I	I	I	I	I	I	I	I	I	I	I	I	UL	PI	I	I	I	I	I	I	I	I	I	I	UL	L	I	I	I	I	I	I	PI	I	I	I	UL	UL	UL	UL	I	I	I	I	I	I	I	I	I	UL	UL	UL	UL	UL	UL	UL	UL	UL	UL	UL	I	L	I	I	I	I	I	I	I	I	I	I	PI	L	I	I	I	I	I	I	I	L	I
FAM236B	X	I	I	I	I	I	I	I	I	I	I	I	I	I		I	I	UL	I	L	I	I	I	I	I	M	UL	I	I	I	I	I	I	I	I	I	I	I	I	I	I	I	I	M	UL	UL	UL	I	I	I	I	I	I	I	I	I	I	I	I	I	UL	PI	I	I	I	I	I	I	I	I	I	I	UL	L	I	I	I	I	I	I	I	I	I	I	UL	UL	UL	UL	I	I	I	I	I	UL	I	I	I	UL	UL	UL	UL	UL	UL		UL	UL	UL	UL	I	UL	I	I	I	I	I	I	I	I	I	I	PI	UL	I	I	I	I	I	I	I	M	I
FAM236C	X	I	I	I	I	I	I	I	I	I	I	I	I	I	PI	I	I	UL	I	L	PI	I	I	PI	PI	M	UL	PI	I	I	I	I	I	I	PI	PI	UL	PI	I	PI	I	I	I	UL	UL	UL	UL	I	I	I	PI	I	I	I	I	I	I	I	I	I	UL	PI	I	L	I	PI	I	I	I	I	I	PI	PI	L	I	I	I	I	I	I	PI	I	PI	I	UL	UL	UL	UL	I	I	PI	PI	I	PI	I	I	I	UL	UL	UL	UL	UL	UL	UL	UL	UL	UL	UL	I	M	I	I	PI	PI	PI	PI	PI	I	I	I	PI	UL	I	I	PI	I	I	PI	I	M	I
FAM236D	X	I	I	I	I	I	I	I	I	I	I	I	I	I	PI	I	I	UL	I	L	I	I	I	I	I	M	UL	PI	I	I	I	I	I	I	I	I	I	I	I	I	I	I	I	UL	UL	UL	UL	I	I	I	I	I	I	I	I	I	I	I	I	I	UL	PI	I	I	I	I	I	I	I	I	I	I	UL	L	I	PI	PI	I	L	I	PI	I	I	I	UL	UL	UL	UL	I	I	I	I	I	I	I	I	I	UL	UL	UL	UL	UL	UL	UL	UL	UL	UL	UL	I	M	PI	PI	I	I	I	I	I	I	I	I	PI	UL	I	I	I	I	I	I	I	M	I
FAM3A	X	I	I	I	I	I	I	I	I	I	I	I	I	I	I	I	I	I	I	I	PM	I	I	I	I	I	I	I	I	I	I	I	I	I	I	I	I	I	I	I	I	I	I	I	I	I	I	I	I	I	I	PI	I	I	I	I	I	I	I	I	I	I	I	I	I	I	I	I	I	I	I	I	I	I	I	I	I	I	I	I	I	I	M	I	I	I	I	I	I	L	M	L	I	I	I	L	I	I	I	I	I	I	I	I	I	I	I	I	I	I	I	I	I	UL	I	I	I	I	I	PG	I	I	I	I	I	I	I	I	I	UL	I
FAM47A	X	I	I	I	UL	I	I	I	I	I	I	I	I	I	I	I	I	I	I	L	PI	I	L	I	I	I	PG	I	I	I	I	I	I	I	UL	I	I	L	M	M	I	M	I	I	I	M	UL	I	I	I	UL	I	I	I	I	I	L	I	I	I	I	I	UL	I	I	I	I	I	I	I	I	I	I	UL	I	I	I	I	I	I	I	I	L	I	I	I	I	I	I	I	I	I	I	I	PI	I	PI	I	I	I	L	I	I	I	I	I	I	I	I	I	I	L	I	UL	I	I	I	I	UL	I	I	I	I	I	I	I	I	I	I	UL	L
FAM47B	X	I	I	I	L	I	I	I	I	I	I	UL	I	I	I	I	I	I	I	L	M	I	L	I	I	I	PG	L	UL	UL	UL	L		I	UL	I	I	L	L	M	L	M	L	PG	L	M	PG	I	I	I	UL	I	I	I	PG	I	L	I	I	I	L	I	UL	I	I	I	I	I	I	I	I	I	UL	UL	PG	PG	L	PG	PG	PG	PG	PG	L	I	L	L	M	M	I	I	I	I	I	I	M	L	L	M	M	M	L	I	M		M	M	M	M	I	I	L	L	I	L	I	I	UL	I	UL	I	I	I	L	L	I	I	I	I	I	UL	L
FAM47C	X	I	I	I	L	I	I	I	I	I	I	UL	I	I	I	I	I	I	I	UL	M	I	L	I	UL	I	PG	L	I	I	I	I	I	I	UL	I	I	L	L	L	L	L	L	L	UL	M	PG	I	I	I	L	UL	UL	UL	UL	I	L	I	I	I	M	I	L	I	I	L	I	I	UL	UL	L	I	I	L	UL	UL	L	PG	UL	L	L	L	L	I	M	M	UL	L	I	I	I	I	M	I	M	I	PG	M	M	M	L	UL	L	L	M	M	M	M	I	I	L	L	I	L	I	I	I	I	UL	I	I	I	I	L	PG	I	L	I	I	UL	L
FAM50A	X	I	I	I	I	I	I	I	I	I	I	I	I	I	I	I	I	M	I	PI	PI	I	I	I	I	I	I	I	I	I	I	I	I	I	I	I	PI	UL	I	I	I	I	I	I	I	I		I	I	I	UL	I	I	I	I	I	I	I	I	I	I	I	I	I	I	I	I	I	I	I	I	I	PI	UL	I	I	I	I	I	I	I	I	M	I	I	PI	I	I	I	I	UL	I	PI	I	I	L	I		I	I	I	I	I	I	I	I	I	I	I	I	PI	I	I	UL	I	I	I	I	I	M	I	I		I	I	I	I	M	I	UL	I
FAM9A	X	I	PI	I	I	UL	PI	PI	I	PI	PI	PI	PI	PI	PI	I	I	PI	I	UL	I	I	UL	I	PI	PI	UL	UL	PI	PI	PI	PI	PI	PI	I	I	I	PI	I	PI	UL	UL	UL	UL	UL	PI	UL	PI	UL	PI	UL	I	PI	I	L	PI	UL	PI	PI	I	I	I	PI	PI	PI	I	PI	PI	I	I	I	PI	I	PI	UL	PI	PI	UL	I	UL	UL	UL	PI	UL	UL	UL	I	UL	PI	PI	I	PI	I	I	PI	UL	PI	PI	UL	PI	PI	PI	PI	UL	PI	PI	PI	PI	I	I	UL	L	I	PI	UL	I	PI	PI	I	UL	I	I	UL	UL	PI	I	I	I	PI	PI	UL
FAM9B	X	I	I	I	I	I	I	I	I	PI	I	I	I	I	I	I	I	PI	PI	UL	PI	I	PI	I	I	I	PI	PI	I	UL	I	I	UL	PI	I	I	I	I	PI	I	UL	UL	UL	UL	UL	PI	UL	I	UL	I	UL	I	I	I	UL	I	I	I	PI	I	I	I	I	I	I	I	I	I	I	I	I	I	I	I	I	PI	I	PI	PI	UL	I	I	I	I	UL	I	I	PI	I	I	I	I	I	I	I	I	UL	PI	UL	PI	PI	I	UL	UL	PI	PI	PI	PI	I	I	I	UL	I	I	I	I	I	I	I	I	I	I	I	I	UL	I	I	I	I	I	UL
FAM9C	X	I	I	I	I	PI	I	I	I	I	PI	PI	PI	PI	PI	UL	PI	PI	PI	UL	PI	I	UL	I	I	I	PI	PI	PI	PI	PI	PI	PI	PI	I	I	PI	PI	I	PI	PI	PI	PI	PI	I	PI	PI	I	I	I	I	I	I	I	PI	I	I	UL	UL	I	I	I	PI	I	I	I	I	I	I	I	PI	I	I	I	I	PI	PI	I	I	PI	I	I	I	I	I	PI	PI	PI	I	I	I	I	I	I	I	PI	PI	PI	PI	UL	PI	PI	PI	PI	PI	PI	PI	PI	I	I	I	PI	I	I	PI	I	I	PI	I	PI	PI	UL	I	PI	PI	I	I	PI	I	I	PI
FANCB	X	I	I	I	I	I	I	I	I	I	I	I	I	I	I	I	I	I	I	I	M	I	I	I	I	I	PI	I	I	I	I	I		I	I	I	I	I	I	PI	I	I	I	I	I	I	I	I	I	I	I	PI	M	I	I	I	I	I	I	I	I	I	I	I	I	I	I	I	I	I	I	I	I	PI	I	I	I	UL	I	I	I	I	I	I	I	PI	I	I	I	I	I	I	I	I	I	I	I	I	I	I	I	I	I	I	I	I	I	I	I	I	I	PI	I	I	PI	I	I	I	I	I	I	I	I	I	I	I	I	L	I	I	I
FATE1	X	I	I	I	I	I	I	I	I	I	I	I	I	I	I	I	I	I	I	I	UL	I	I	I	I	I	PI	I	I	I	I	I	I	I	I	I	I	I	I	L	I	I	I	I	I	I	I	I	I	I	UL	I	I	I	I	PI	I	I	I	I	I	I	I	I	I	I	I	I	I	I	I	I	I	I	PI	I	I	I	I	I	I	I	PI	I	I	I	I	I	I	I	I	I	I	I	I	I	I	I	I	I	I	I	I	I	I	I	I	I	I	I	I	PI	I	UL	I	I	I	I	I	I	I	I	I	I	I	I	I	UL	I	I	I
FGD1	X	I	I	I	I	I		PI	PI		PI	PI	PI	UL	I	I	I	I	I	PI	UL	I	PI	I	I	I	PI	I	UL	I	PI	PI		PI	I	I	PI	I	I	PI	I	I	I	I	I	UL		PI	I	I	UL	I	L	I	I	PI	I	I	I	I	I	I	PM	I	I	I	I	I	I	I	PI	I	PI	PI	I	I	I		I	PI	I	I	PI	I	UL	PI	I	I	I	I	I	I	M	PI	PI	I	I	I	I	I	I	I	I		I	I	PI	I	I	I	PI	I	I	UL	UL	I	I	PI	UL	I	PI	PI		UL	PI	I	I	UL	I	UL	I
FGF13	X	I	I	I	I	I	I	I	I	I	I	I	I	I	I	I	I	I	I	I	PI	I	I	I	I	I	PM	I	I	I	I	I	I	I	I	I	I	I	I	PI	I	I	I	I	PI	I	I	I	I	I	I	I	I	I	I	I	PI	I	I	I	I	I	I	I	I	I	I	I	I	I	PI	I	I	I	PI	PI	I	I	I	I	I	I	I	I	I	I	I	I	I	I	I	I	PI	I	I	I	I	I	I	I	I	I	I	I	I	I	I	I	I	I	I	I	I	UL	I	I	I	I	I	I	I	I	I	I	PI	I	I	I	I	I	I
FGF16	X	I	I	PI	I	I	I	I	I	I	I	I	I	I	I	I	I	I	I	PI	L	I	I	I	I	I	I	I	I	I	I	I	I	I	I	I	I	I	I	I	I	I	I	I	I	I	I	I	I	I	I	I	I	I	I	I	PG	I	I	I	I	I	I	I	I	I	I	I	I	I	I	I	I	I	PI	I	I	I	I	PI	I	I	PI	I	I	I	I	I	I	I	I	I	PI	I	I	I		PI	I	I	I	I	I		I	I	I	I	I	I	I	I	I	I	I	I	I	I	I	I	I	I	I	I	I	I	I	I	I	I	I
FHL1	X	I	I	I	I	I	I	I	I	I	I	I	I	I	I	I	I	I	I	I	I	I	I	I	I	I	I	I	I	I	I	I	I	I	I	I	I	I	I	I	I	I	I	I	I	I	I	I	I	I	L	I	I	I	I	I	I	I	I	I	I	I	I	I	I	I	I	I	I	I	I	I	I	I	I	I	I	I	I	I	I	I	PI	I	I	PI	I	I	I	I	I	I	I	I	I	I	I	I	I	I	I	I	I	I	I	I	I	I	I	I	I	I	I	UL	I	I	I	I	I	I	I	I	I	UL	I	I	I	I	I	I	I
FLNA	X	I	I	I	PI	I	I	I	I	I	I	I	I	I	I	I	I	UL	I	I	PI	UL	I	I	I	I	I	I	I	I	I	I	I	I	I	I	I	I	I	L	M	I	I	I	I	I	I	I	I	I	L	I	I	UL	I	I	I	I	I	I	I	I	I	I	I	I	I	I	I	UL	PG	I	I	I	I	I	I		I	PI	I	I	UL	I	UL	L	I	I	I	I	PI	UL	I	UL	I	UL	I	I	I	I	I	I	I	I	I	I	I	I	I	I	I	I	I	L	I	I	UL	I	UL	UL	I	I	I	UL	PI	I	I	UL	I	UL	I
FMR1	X	I	I	I	I	I	PI	I	I	I	I	I	I	I	I	I	I	I	I	I	PI	I	I	I	I	I	PI	UL	I	I	I		I	I	I	I	I	I	I	PM	I	I	I	I	I	I	I	I	I	I	I	I	I	I	I	I	I	I	I	I	I	I	I	I	I	I	I	I	I	I	I	I	I	I	I	I	I		I	I	I	I	I	I	UL	PI	I	I	I	I	PI	I	PI	I	I	I	I	I	I	I	I	I	I	I	I	I	I	I	I	I	I	I	I	PI	L	I	I	I	I	I	I	I	I	I	PI	I	I	I	I	I	I
FMR1NB	X	I	I	I	I	I	I	I	I	I	I	I	I	I	I	I	I	I	I	I	PI	I	I	I	I	I	PM	I	I	PI	PI	PI	I	I	I	I	I	I	UL	I	I	PI	I	I	UL	I	I	I	I	I	I	I	I	I	I	I	L	I	I	PI	I	I	I	I	I	I	I	I	I	I	I	I	I	I	I	PI	I	PM	PM	PI	I	I	PM	I	I	PI	I	I	I	I	I	I	M	M	I	I	I	I	I	I	I	I	I	I	I	I	I	I	I	I	I	I	PI	I	PI	I	I	I	UL	I	I	I	L	I	I	UL	I	I	I	I	I
FOXO4	X	I	I	I	I	I	PI	I	I	I	I	I	I	I	I	I	I	I	I	UL	I	I	UL	I	I	I	PI	M	I	I	I	I	I	I	I	I	I	I	I	I	I	I	I	I	I	I	I	I	I	M	I	I	I	I	I	I	I	I	I	I	I	I	I	I	I	I	I	I	I	UL	I	I	I	I	I	I	I	I	I	I	I	I	M	I	I	PI	I	I	I	M	I	I	I	I	I	UL	I	I	I	I	I	I	I	I	I	I	I	I	I	I	I	I	I	UL	PI	I	I	I	I	I	I	I	I	I	M	I	I	I	I	I	I
FOXP3	X	I	I	I	I	I	I	I	I	I	I	I	I	I	I	I	I	I	I	I	PI	I	I	I	I	I	I	I	I	I	I	I	I	I	I	I	I	L	I	PI	I	I	I	I	PI	I	I	I	I	I	I	I	I	I	I	I	I	I	I	I	I	I	I	I	I	I	I	I	I	I	I	I	I	I	I	I	I	I	I	I	I	I	UL	I	I	PI	I	I	I	I	I	UL	I	I	I	UL	I	I	I	I	I	I	I	I	I	I	I	I	I	I	I	I	I	UL	I	I	I	I	UL	I	I	I	I	UL	PI	I	I	UL	I	I	I
FOXR2	X	I	I	I	I	I	I	UL	I	I	I	UL	UL	UL	I	I	I	I	I	L	I	I	I	I	I	I	PG	I	UL	I	UL	I	UL	UL	I	I	L	L	I	I	I	I	I	I	I	L	L	I	I	I	I	I	I	I	I	I	L	I	I	I	I	I	I	I	I	I	I	I	I	I	I	I	I	I	I	I	I	I	I	I	I	I	I	I	I	I	UL	UL	I	I	I	I	I	L	I	I	I	UL	UL	UL	UL	UL	UL	UL	UL	L	UL	UL	I	I	I	I	I	I	I	I	I	I	I	I	I	I	I	I	I	I	I	I	I	I	I
FRMD7	X	I	I	I	I	I	I	I	I	I	I	I	I	I	I	I	I	I	I	I	I	I	I	I	I	I	PM	I	I	I	I	I	I	I	I	I	I	I	I	PI	I	I	I	I	I	I	I	I	I	I	I	I	I	I	I	I	I	I	I	I	I	I	I	I	I	I	I	I	I	I	L	I	I	M	I	I	I	I	I	I	I	I	I	I	I	I	PI	I	I	I	I	I	I	I	I	UL	I	I	I	I	I	I	I	I	I	I	I	I	I	I	I	I	I	I	I	I	I	I	I	I	I	I	I	I	I	I	I	I	I	I	I
FRMPD3	X	I	I	I	I	I	PI	PM	I	PI	I	I	I	PI	I	I	UL	I	I	PI	PM	I	I	I	I	I	PM	I	I	I	I	I	I	I	I	I	I	UL	I	L	I	I	I	I	I	PI			I	I	L	I	I	I	I	I	I	M	PI	M	I	I	I	I	I	I	I	I	I	L	I	I	I	I	I	I	I	PM	PI	M	I	I	M	I	UL	L	I	I	I	I	I	I	PI	I	I	UL		I	I	I	PM	I	I	I	I		I	I	I	I	I	I	I	L	PI	PI	UL	I	UL	I	I	I	PM	I	UL	I	I	L	I	UL	I
FRMPD4	X	I	I	I	I	I		I	I	I	I	I	I	I	I	I	I	I	I	I	PM	I	I	I	I	I	L	I	I	I	I	I	I		I	I	I	I	I	PI	I	I	I	I	I	I	PI	I	I	I	UL	I	I	I	I	I	I	I	I	I	I	I	I	I	I	UL	I	I	I	I	I	I	I	I	PI		I	PI	PI	PI	I	I	UL	UL	I	M	I	I	I	I	I	I	UL	I	I	I		I	I	I		I	I	I		I	I		I	I	I	I	I	I	UL	I	I	I	I	I	I	I		I	PM	I	I	UL	I	I	I
FTHL17	X	I	I	I	I	I	I	I	I	I	I	I	I	I	I	I	I	I	I	I	I	I	I	I	I	I	I	L	I	I	I	I	I	I	I	I	I	I	L	I	I	I	I	I	I	I	PG	I	I	I	I	I	I	I	I	I	L	I	I	I	I	I	I	I	I	I	I	I	I	I	I	I	I	I	I	I	I	I	I	I	I	I	M	I	I	PG	I	I	I	I	I	I	I	I	I	I	I	I	I	I	I	I	I		I	I	I	I	I	I	I	I	I	L	M	I	I	I	I	I	I	I	I	I	I	I	I	I	I	I	I
FTSJ1	X	I	I	I	I	I	I	I	I	I	I	I	I	I	I	I	I	I	I	I	UL	I	I	I	I	I	UL	L	I	I	I	I	I	I	I	I	I	I	I	PM	I	I	I	I	I	I	I	I	I	I	I	I	I	I	I	I	I	I	I	I	I	I	I	I	I	I	I	I	I	I	PM	I	I	I	L	UL	UL	PI	UL	UL	L	L	I	I	I	I	I	PI	I	I	I	I	I	PI	I	UL	I	I	I	I	I	I	I	I	I	I	I	I	I	I	I	I	I	UL	I	I	I	I	I	I	I	I	I	I	PI	I	I	I	I	UL	I
FUNDC1	X	I	I	I	I	I	I	I	I	I	I	I	I	I	I	I	I	I	I	I	I	I	I	I	I	I	L	PI	I	I	I	I	I	I	I	I	I	I	I	PI	I	I	I	I	I	PI	I	I	I	I	I	I	PI	PI	PI	I	L	I	I	I	I	I	I	I	I	I	I	I	I	I	PI	I	I	I	I	I	I	I	I	PI	I	I	I	I	I	UL	I	PI	I	I	I	I	PI	I	I	I	I	I	I	I	I	I	I	I	I	I	I	I	I	I	I	I	I	I	PI	I	I	I	PI	I	I	I	I	UL	L	I	I	I	I	I	I
FUNDC2	X	I	I	PI	I	I	PI	I	I	I	UL	UL	I	UL	PI	I	I	I	I	I	L	I	PI	I	I	I	PI	I	PI	PI	PI	PI	L	PI	I	I	I	I	I	I	I	I	I	I	I	UL	PI	I	I	I	I	I	I	I	I	I	I	I	I	I	I	I	I	I	I	I	I	I	I	I	I	I	I	I	I	I	I	I	I	PI	I	I	PI	I	I	PI	PI	I	I	I	I	I	M	I	PI	PI	PI	UL	UL	UL	UL	UL	PI		UL	UL	UL	UL	I	I	I	I	PI	UL	I	I	UL	PI	I	L	PI	I		I	I	I	I	UL	I	I	I
G6PD	X	I	I	I	I	I	I	I	I	I	I	I	I	I	I	I	I	I	I	I	M	I	I	I	I	I	I	M	I	I	I	I	I	I	I	I	I	UL	I	PI	I	I	I	I	I	UL	I	I	I	I	L	I	PI	M	I	I	I	I	I	I	I	I	I	I	I	I	I	I	I	I	I	I	I	I	I	I	I		I	I	I	I	M	I	UL	I	PI	I	I	M	M	I	I	PI	I	UL	I	I	I	I	I	I	I	I	I	I	I	I	I	I	I	I	I	UL	I	I	I	I	I	PG	I	I	I	L	I	I	I	UL	I	UL	I
GAB3	X	I	I	I	PI	I	I	I	I	I	I	I		I	I	M	I	I	M	I	PI	I	I	I	I	I	PI	I	I	I	I		I		I	I	I	I	UL	I	I	I	I	I	PI	UL	I	I	I	I	I	I	I	I	I	I	I	M	M	I	I	I	I	I	I	I	I	I	I	I	PM	I	I	I	I	I	I	PI	I	I	I	I	I	I	I	I	I	PI	I	I	I	I	PI	I	I	I	I		I	I		I	I	I	I	I	I	I	I	I	PI	PI	I	I	I	I	I	I	I	M	I	I	I	I	I	I	I	UL	I	I	PI
GABRA3	X	PI	I	I	I	I	I	I	I	I	I	I	I	I		PI	I	I	PI	I	PI	I	I	I	I	I	L	I	I	I	I	I	I		I	I	I	I	I	PI	I	I	I	I	PI	I	I	I	I	I	I	PI	I	I	PI	I	I	I	I	I	I	I	I	I	I	I	I	I	I	I	I	I	PI	I	PI	PI	I	PM	PI	PM	I	I	PI	I	I	PM	I	I	I	I	PI	I	M	PI	I	I	I	I	I	I	I	I	I	I	I	I	I	I	I	I	I	I	I	I	I	I	I	I	PI	I	I	I	PI	UL	PI	I	I	UL	I	I	I
GABRE	X	I	I	I	I	I	I	I	I	I	I	I	I	I	I	I	I	I	I	I	PI	I	I	I	I	I	I	I	I	I	I	I		I	I	I	I	I	I	I	I	I	I	I	I	I	I	I	I	I	UL	I	I	I	I	I	I	I	I	I	I	I	I	I	I	I	I	I	I	I	I	I	I	I	UL	UL	I		L	UL	UL	UL	I	I	UL	PI	I	I	I	I	I	I	I	I	I	I	I	I	I	I	I	I	I	I	I	I	I	I	I	I	I	I	I	I	I	I	I	UL	UL	I	I	I	I	UL	PI	I	I	I	I	UL	I
GABRQ	X	I	I	I	I	I	I	I	I	I	I	I	I	I	I	I	I	I	I	I	PI	I	I	I	I	I	PI	I	I	I	I	I		I	I	I	I	I	I	I	UL	UL	PI	UL	UL	I	I	I	I	I	I	I	I	I	I	I	I	I	I	I	I	I	I	I	I	I	I	I	I	UL	M	I	I	I	I	PI	I	PI	I	PI	I	I	I	I	UL	PI	I	I	I	I	I	I	I	I	I	I	I	I	UL	I	I	I	I	I	I	I	I	I	I	UL	I	I	I	L	I	I	I	I	I	I	I	I	I	I	I	I	PI	I	I	UL	PI
GAGE1	X	I	I	I	I	I	I	I	I	I	I	I	I	I	I	I	I	I	I	I	I	I	I	I	I	I	I	L	I	I	I	I	I	I	I	I	I	I	I	I	PI	I	I	I	PI	I	PM	I	I	I	I	I	I	I	I	I	I	I	I	I	PI	I	I	I	I	I	I	I	I	I	I	I	I	I	I	I	PI	I	I	I	I	I	I	I	L	PM	I	PI	I	I	I	I	I	I	I	I	I	I	I	I	I	I	I		I	I	I	I	I	I	I	UL	I	I	I	I	I	I	I	I	I	I		I	I	I	I	I	I	I	I
GAGE10	X	I	I	I	I	I	I	I	I	I	I	I	I	I	I	I	I	I	I	I	I	I	I	I	I	I	I	I	I	I	I	I		I	I	I	I	I	I	I	I	I	I	I	I	I	PI	I	I	I	I	I	I	I	I	I	I	I	I	I	I	I	I	I	I	I	I	I	I	I	I	I	I	I	I	I	I	I	I	I	I	I	I	I	I	I	I	I	I	I	I	I	I	I	I	I	I	I	I	I	I	I	I	I	I	I	I	I	I	I	I	L	I	I	I	I	I	I	I	I	I	I		I	I	I	I	I	I	I	I
GAGE12C	X	I	I	I	I	I	I	I	I	I	I	I	I	I	I	I	I	I	I	I	I	I	I	I	I	I	I	UL	I	I	I	I	I	I	I	I	I	I	I	I	L	I	I	I	I	PI	PI	I	I	I	I	I	I	I	I	I	I	I	I	I	PI	I	I	I	I	I	I	I	I	I	I	I	I	I	I	I	UL	I	I	I	I	I	I	I	L	I	I	PI	I	I	I	I	I	I	I	I	I	I	I	I	I	I	I	I	I	I	I	I	I	I	I	UL	I	I	I	I	I	I	I	I	I	I	I	I	I	I	I	I	I	I	I
GAGE12D	X	I	I	I	I	I	I	I	I	I	I	I	I	I		I	I	I	I	I	I	I	I	I	I	I	I	L	I	I	I	I	I	I	I	I	I	I	I	I	L	I	I	I	PI	PI	PM	I	I	I	I	I	I	I	I	I	I	I	I	I	I	I	I	I	I	I	I	I	I	I	I	I	I	I	I	I	PI	I	I	I	I	I	I	I	L	I	I	I	I	I	I	I	I	I	I	I	I	I	I	I	I	I	I		I	I	I	I	I	I	I	UL	I	I	I	I	I	I	I	I	I	I	I	I	I	I	I	I	I	I	I
GAGE12E	X	I	I	I	I	I	I	I	I	I	I	I	I	I	I	I	I	I	I	I	I	I	I	I	I	I	I	L	I	I	I	I	I	I	I	I	I	I	I	I	L	I	I	I	PI	PI	PM	I	I	I	I	I	I	I	I	I	I	I	I	I	I	I	I	I	I	I	I	I	I	I	I	I	I	I	I	I	PI	I	I	I	I	I	I	I	UL	I	PI	I	I	I	I	I	I	I	I	I	I	I	I	I	I	I	I	I	I	I	I	I	I	I	I	UL	I	I	I	I	I	I	I	I	I	I	I	I	I	I	I	I	I	I	I
GAGE12F	X	I	I	I	I	I	I	I	I	I	I	I	I	I	I	I	I	I	I	I	I	I	I	I	I	I	I	L	I	I	I	I	I	I	I	I	I	I	I	I	PI	I	I	I	PI	I	PM	I	I	I	I	I	I	I	I	I	I	I	I	I	I	I	I	I	I	I	I	I	I	I	I	I	I	I	I	I	PI	I	I	I	I	I	I	I	L	PM	PI	I	I	I	I	I	I	I	I	I	I	I	I	I	I	I	I	I	I	I	I	I	I	I	I	UL	I	I	I	I	I	I	I	I	I	I	I	I	I	I	I	I	I	I	I
GAGE12G	X	I	I	I	I	I	I	I	I	I	I	I	I	I	I	I	I	I	I	I	I	I	I	I	I	I	I	UL	I	I	I	I	I	I	I	I	I	I	I	I	L	I	I	I	PI	I	PM	I	I	I	I	I	I	I	I	I	I	I	I	I	I	I	I	I	I	I	I	I	I	I	I	I	I	I	I	I	PI	I	I	I	I	I	I	I	PM	UL	PI	I	I	I	I	I	I	I	I	I	I	I	I	I	I	I	I	I	I	I	I	I	I	I	I	UL	I	I	I	I	I	I	I	I	I	I		I	I	I	I	I	I	I	I
GAGE12H	X	I	I	I	I	I	I	I	I	I	I	I	I	I	I	I	I	I	I	I	I	I	I	I	I	I	I	L	I	I	I	I	I	I	I	I	I	I	I	I	PI	I	I	I	PI	PI	PM	I	I	I	I	I	I	I	I	I	I	I	I	I	PI	I	I	I	I	I	I	I	I	I	I	I	I	I	I	I	PI	I	I	I	I	I	I	I	L	M	I	I	I	I	I	I	I	I	I	I	I	I	I	I	I	I	I		I	I	I	I	I	I	I	UL	I	I	I	I	I	I	I	I	I	I	I	I	I	I	I	I	I	I	I
GAGE12J	X	I	I	I	I	I	I	I	I	I	I	I	I	I	I	I	I	I	I	I	I	I	I	I	I	I	I	PI	I	I	I	I	I	I	I	I	I	I	I	I	PI	I	I	I	I	PI	UL	I	I	I	I	I	I	I	I	I	I	PI	I	I	I	I	I	I	I	I	I	I	I	I	I	I	I	I	I	I	I	I	I	I	I	I	I	I	UL	I	I	I	I	I	I	I	I	I	I	I	I	I	I	I	I	I	I	I	I	I	I	I	I	I	I	L	I	I	I	I	I	I	I	I	I	I	I	I	I	I	I	I	I	I	I
GAGE13	X	I	I	I	I	I	I	I	I	I	I	I	I	I		I	I	I	I	I	I	I	I	I	I	I	I	PI	I	I	I	I	I	I	I	I	I	I	I	I	I	I	I	I	I	PI	PM	I	I	I	I	I	I	I	I	I	I	I	I	I	I	I	I	I	I	I	I	I	I	I	I	I	I	I	I	I	I	I	I	I	I	I	I	I	UL	I	I	I	I	I	I	I	I	I	I	I		I	I	I	I	I	I	I	I	I	I	I	I	I	I	L	I	I	I	I	I	I	I	I	I	I	I	I	I	I	I	I	I	I	I
GAGE2A	X	I	PI	I	I	I	I	I	I	I	I	I	I	I	I	I	I	I	I	PI	I	I	PI	I	I	I	I	L	I	I	I	I	I	I	I	I	I	I	I	I	L	PI	PI	PI	PI	PI	PM	I	I	I	I	I	I	I	I	I	UL	I	I	I	PI	I	I	I	I	I	I	I	I	I	I	I	I	I	I	I	L	I	I	I	I	I	I	I	L	I	I	I	I	I	I	I	I	I	I	I	I	I	I	I	I	I	I		I	I	I	I	I	I	I	L	I	I	I	I	I	I	I	I	I	I	I	I	I	I	I	I	I	I	PI
GATA1	X	I	I	I	I	I	I	I	I	I	I	I	I	I	I	I	I	I	I	I	PI	I	I	I	I	I	PI	I	I	I	I	I	I	I	I	I	I	L	I	L	I	I	I	I	I	I	I	I	I	I	I	I	I	I	I	I	I	PI	I	I	I	I	I	I	I	I	I	I	I	UL	I	I	I	I	I	I	I	PI	I	I	I	I	I	I	UL	PM	I	I	I	I	I	I	I	I	I	I	I	I	I	I	I	I	I	I	I	I	I	I	I	I	I	I	I	UL	I	I	I	I	I	I	I	I	I	I	I	I	I	UL	I	I	I
GCNA	X	PI	I	L	UL	UL		UL	UL	UL	UL	UL	UL	UL		UL	I	I	I	I	UL	UL	UL	I	I	UL	PI	I	I	I	I	I	UL	UL	I	I	L	I	I	PI	L	L	UL	PM	L	PM	UL		I	I	UL	PI	I	I	I	UL	UL	UL	UL	UL	I	I	I	I	I	L	I	I	I	I	I	I	I	UL	UL		I	PM	PM	I	L	UL	I	I	L	L	UL	UL	UL	UL	I	UL	UL	UL	I	I	I	UL	UL	UL	UL	UL	UL	UL	UL	UL	UL	UL	I	I	UL	UL	L	UL	L	I	I	PI	L	UL	UL	UL	UL	UL	M	I	I	UL	I	I	I
GDI1	X	I	I	I	I	I	I	I	I	I	I	I	I	I	I	I	I	I	I	I	I	I	I	I	I	I	PI	I	I	I	I	I	I	I	I	I	I	I	I	I	I	I	I	I	I	I	I	I	I	I	I	I	I	I	I	I	I	I	I	I	I	I	I	I	I	I	I	I	I	I	I	I	I	I	PI	I	I	I	I	I	I	I	PI	I	I	I	I	I	I	I	I	I	I	PI	I	I	I	I	I	I	I	I	I	I	I	I	I	I	I	I	PM	I	I	L	I	I	I	I	UL	PG	I	I		I	I	I	I	I	I	I	I
GDPD2	X	I	I	I	I	I	I	I	I	I	I	I	I	I	I	I	I	I	I	I	UL	I	UL	I	I	I	PI	I	I	I	I	I	I	I	I	I	I	I	I	PI	I	I	I	I	I	I	I	I	I	I	I	I	I	I	I	I	I	I	I	I	I	I	I	I	I	I	I	I	I	I	PG	I	I	I	PI	I	I	I	I	I	I	I	I	I	I	I	I	I	I	I	I	I	I	I	I	I	I	I	I	I	I	I	I	I	I	I	I	I	I	I	I	I	I	I	I	I	I	I	I	I	I	I	PI	UL	I	I	I	I	I	I	I
GEMIN8	X	I	I	I	I	I	UL	I	I	I	I	I	I	I	I	I	I	I	I	I	M	M	I	I	I	I	PM	I	M	M	M	M	I	I	I	I	I	I	I	I	M	I	I	M	I	I	I	I	I	I	L	I	I	I	I	I	PI	I	I	I	I	I	I	I	I	I	I	I	I	I	I	I	I	I	PI	PI	I	I	I	I	I	I	I	I	I	M	I	I	I	I	I	I	PI	I	I	I	PI	I	I	I	I	I	I	I	I	I	I	I	I	I	I	I	I	UL	I	I	I	I	UL	I	I	I	I	I	I	I	I	I	I	I	PI
GJB1	X	I	I	I	I	I	I	I	I	I	I	I	I	I		I	I	I	I	I	M	I	I	I	I	I	M	I	I	I	I	I	I	I	I	I	I	I	I	PG	I	I	I	I	I	I	I	I	I	I	I	I	I	I	I	I	I	I	I	I	I	I	I	I	UL	I	I	I	I	I	I	I	I	I	I	I	I	I	I	I	I	I	M	I	I	I	I	I	I	I	I	I	M	I	I	I	I	I	I	I	I	L	I		I	I	I	I	I	I	I	I	I	I	I	I	I	I	I	I	I	I		I	M	I	I	I	I	I	I
GK	X	I	I	I	I	I	I	I	I	I	UL	I	I	I		I	I	I	I	I	PI	I	PI	I	I	I	M	PI	I	I	I	PI	I	PI	I	I	I	I	I	I	I	PI	I	I	PI	I	I	I	I	I	UL	I	PI	I	I	I	L	I	I	I	I	I	I	I	I	I	I	I	I	I	I	I	I	I	I		I		PI	PI	I	PM	I	I	I	I	I	I	I	I	I	I	PI	PI		PI	I	I	I		I	I	I	I	I	I	I	I	I	I	I	PI	I	I	M	I	I	I	I	I	UL	I		I	PI	I	I	UL	I	I	PI
GLA	X	I	I	I	I	I	I	I	I	I	I	I	PI	PI	I	I	I	I	I	I	PI	I	I	I	I	I	UL	I	I	I	I	I	I	I	I	I	I	I	I	I	UL	I	I	UL	I	I	I	I	I	I	I	PI	PI	I	UL	I	L	I	I	I	I	I	I	I	I	I	I	I	I	I	I	I	I	PI	PI	I	I	I	I	I	UL	UL	M	I	I	I	PI	PI	I	I	I	I	I	PI	I	I	PI	PI	I	I	I	I	I	I	I	I	I	I	I	I	I	I	I	I	PI	I	I	I	I	I	I	I	I	I	PI	I	I	I	I	I	UL
GLOD5	X	I	I	I	I	I	PM	PI	I	PM	I	I	I	I	PI	I	I	I	I	I	I	I	M	I	I	I	PI	UL	PI	I	I	I	I	I	I	I	I	I	I	L	I	PI	PI	I	M	PI	I	I	I	I	I	I	I	I	UL	I	I	I	I	I	I	I	I	I	I	I	I	I	I	UL	I	I	I	I	PI	PI	I	I	I	I	PI	UL	UL	I	I	PI	PI	I	I	I	I	I	I	PI	I	PI	I	I	I	I	I	I	I		I	PI	I	I	I	I	I	I	UL	UL	UL	UL	UL	I	I	I	I	I	I	I	I	I	I	I	I	I	I
GLRA2	X	I	I	I	I	I	I	I	I	I	I	I	I	I	I	I	I	I	I	I	UL	I	I	I	I	I	PM	I	I	I	I	I	I	I	I	I	I	UL	I	I	I	I	I	I	I	I	I	PI	I	I	UL	PI	PI	I	PI	PI	I	I	I	I	I	I	I	I	I	I	I	I	I	I	I	I	I	I	PI	PI	I	PI	I	PI	I	I	I	I	I	PI	I	I	I	I	I	I	PI	I	I	I	I	I	I		I	I	I	I	I	I	I	PI	I	I	I	PI	I	I	PI	I	I	I	I	I	I	I	I	PG	I	I	I	L	I	I	I
GLRA4	X	I	I	I	I	I	I	I	I	I	I	I	I	I		I	I	I	I	I	I	I	I	I	I	I	PI	I	I	I	I	I	I	I	I	I	I	I	I	PI	I	I	I	I	I	PI	I	I	I	I	UL	I	PI	I	I	I	I	I	I	I	I	I	I	I	I	I	I	I	I	I	I	I	I	I	PM	I	I	I	I	I	I	I	I	I	I	I	I	I	I	I	I	I		I	I	I	I	I	I	I	I	I	I		I	I	I	I	I	I	I	I	I	I	I	I	I	I	I	I	PI	I	I	I	PI	I	I	L	I	I	I
GLUD2	X	L	L	PG	L	L	PG	PG	PG	PG	L	PG	L	PG	PG	M	L	L	L	PG	L	L	L	L	L	L	PG	L	PG	PG	PG	PG	PG	PG	PG	L	L	L	L	L	L	PG	L	PG	M	PG	PG	I	I	I	I	I	I	I	PG	PG	L	L	L	PG	L	L	L	L	L	L	L	L	L	L	L	L	L	L	PG	PG	L	PG	PG	PG	L	PG	L	I	L	L	L	L	I	I	L	L	M	L	PG	L	PG	M	PG	PG	PG	L	PG	PG	PG	PG	PG	PG	I	I	PG	L	PG	L	L	L	L	PG	L	L	L	L	PG	L	PG	I	L	L	L	L	L
GNG5B	X	I	I	PG	L	L	L	L	PG	PG	L	PG	PG	PG		L	L	L	L	UL	L	M	L	I	I	I	I	L	L	PG	L	PG	L	L	I	I	I	I	L	I	L	PG	L	L	L	L	PG	I	I	I	I	I	I	I	PG	L	L	L	L	I	L	I	I	I	I	I	I	I	I	I	I	I	I	I	PG	L	L	PG	PG	M	PG	PG	I	I	L	L	L	L	I	I	I	I	I	I	L	L	PG	PG	L	PG	PG	L	PG	L	L	L	PG	PG	I	I	PG	L	I	I	I	I	I	PG	L	L	L	L	PG	L	I	I	M	I	I	I	L
GNL3L	X	M	I	I	I	I	I	I	I	I	I	I	I	I	I	I	I	I	I	I	PI	PI	I	I	I	I	PI	M	I	I	I	I	I	I	I	I	I	I	I	PI	I	I	I	I	I	I	I	I	I	I	I	PI	PI	I	I	I	I	I	I	I	I	I	I	I	UL	I	I	I	I	I	PM	I	I	I	I	I	I	PI	I	I	I	I	PI	I	I	PI	I	I	I	I	I	I		I	PI	PI	PI	I	I	I	I	I	I	I	I	I	I	I	I	I	PI	I	I	I	I	I	I	I	I	I	I	I	PI	L	PI	I	I	UL	I	UL	I
GPC3	X	I	I	I	I	I	PI	PI	I	PI	PI	I	I	I	I	I	I	I	I	PI	PM	I	PI	I	I	I	L	I		I	I	I	I	I	I	I	I	I	I	UL	I	I	PI	I	I	L	PM	I	I	I	I	I	I	I	I	PI	I	I	I	I	I	I	I	I	I	I	I	I	I	I	I	I	I	I	PI	PI	I		PI	PI	I	PI	I	I	I	PM	I	I	I	I	I	I	PI	I	I	I	I		I	I	I	I	I	I	PI		I	PI	I	I	I	I	I	I	PM	I	I	I	M	I	PI	I		I	PM	I	I	I	I	I	I
GPC4	X	I	I	I	I	I	I	I	I	I	I	I	I			I	I	I	I	I	PI	I	I	I	I	I	PI	I	I	I	I	I		PI	I	I	I	I	I	PI	I	PI	I	I	I	PI	I	I	I	I	UL	I	I	I	I	I	I	I	I	I	I	I	I	I	I	I	I	I	I	I	I	I	PI	I	I	I	I		PI	I	I	I	I	I	I	M	I	I	I	I	I	I	I	I	I	I	I	I	I	I	I	I	I		I	I	I	I	I	I	I	I	I	UL	I	I	I	I	UL	I	PI	I		I	PI	I	I	I	I	I	PI
GPKOW	X	I	I	I	I	I	I	I	I	I	I	I	I	I	I	I	UL	I	I	I	PM	PI	PM	I	I	I	PI	I	I	I	I	I	I	I	I	I	I	I	I	PI	I	I	I	I	I	I	I	I	I	I	I	M	I	I	I	I	I	I	I	I	I	I	I	I	I	I	I	I	I	I	I	I	I	I	PI	I	I	I	I	I	I	I	PI	I	I	I	I	PI	I	I	I	I	I	I	I	I	I	I	I	I	I	I	I		I	I	I	I	I	I	I	I	PI	UL	I	I	I	I	UL	I	PI	I		UL	PI	I	I	UL	I	I	I
GPM6B	X	I	I	I	I	I	I	I	I	I	I	I	I	I	I	I	I	I	I	I	I	I	I	I	I	I	PM	I	I	I	I	I	I	I	I	I	I	I	I	I	I	I	I	I	I	I	I	I	I	I	I	I	I	I	I	I	I	I	I	I	I	I	I	I	I	I	I	I	I	I	PI	I	I	I	PI	I	I	I	PI	I	I	I	I	I	I	PI	I	I	I	I	I	I	M	I	I	I	I	I	I	I	I	I	I	I	I	I	I	I	I	I	I	I	I	I	I	I	I	I	I	I	I	I	PI	I	I	I	I	I	I	I	I
GPR101	X	I	I	I	I	I	I	I	I	I	I	I	I	I	I	I	I	I	I	I	PG	I	I	I	I	I	I	I	I	I	I	I	I	I	I	I	I	I	I	M	I	I	I	I	I	I	I	I	I	I	I	I	I	I	I	I	I	I	I	I	I	I	I	I	I	I	I	I	I	I	I	I	I	I	I	I	I	I	I	I	I	I	I	I	I	I	I	I	I	I	I	I	I	I	I	I	I	I	I	I	I	I	I	I	I	I	I	I	I	I	I	I	I	I	I	I	I	I	M	I	I	I	I	I	I	I	I	I	I	I	I
GPR119	X	I	I	I	I	I	I	I	I	I	I	I	I	I	I	I	I	I	I	I	I	I	I	I	I	I	M	I	I	I	I	I	I	I	I	I	I	I	I	M	I	I	I	I	I	M	I	I	I	I	I	I	I	I	I	I	I	I	I	I	I	I	I	I	I	I	I	I	I	I	I	I	I	I	I	I	I	I	I	I	I	I	I	I	I	M	I	I	I	I	I	I	I	I	I	I	I	I	I	I	I	I	I	I	I	I	I	I	I	I	I	I	I	I	I	I	I	I	I	I	I	I	I	I	M	I	I	I	I	I	I
GPR143	X	PI	I	I	I	I	I	I	I	PI	I	I	PM	I	I	PI	I	I	I	I	UL	I	L	I	I	I	UL	PI	PI	I	I	I	I	I	I	PI	I	UL	I	L	I	PM	I	I	PI	UL		I	I	I	UL	I	I	I	I	PI	PI	I	I	I	PM	I	I	I	I	I	I	I	I	I	I	I	PI	I	PM	UL	I	L	PI	I	I	PI	PI	I	I	UL	UL	PI	I	I	I	I	UL	I	PI	PI	PI	I	I	I	I	I	I	I	I	I	I	I	I	I	I	PI	I	I	I	I	I	I	I	I	I	I		L	L	I	I	UL	I	I	PI
GPR173	X	I	I	I	I	I	I	I	I	I	I	I	I	I	I	I	I	I	I	I	PG	I	I	I	I	I	PG	I	I	I	I	I	I	I	I	I	I	I	I	PG	I	I	I	I	I	I	I	I	I	I	L	I	I	I	I		I	I	I	I	I	I	I	I	I	I	I	I	I	I	I	I	I	I	I	I	I	I	I	I	I	I	I	I	UL	M	I	I	I	I	I	I	I	I	I	UL	I	I	I	I	I	I	I	I	I	I	I	I	I	I	I	I	I	I	I	I	I	I	I	I	I	I	I	I	PG	I	I	L	I	I	I
GPR174	X	I	I	I	I	I	I	I	I	I	I	I	I	I	I	I	I	I	I	I	I	I	I	I	I	I	I	I	I	I	I	I	I	I	I	I	I	I	I	I	I	I	I	I	I	I	I	I	I	I	I	I	I	I	I	I	M	I	I	I	L	I	I	I	I	I	I	I	I	I	I	I	I	I	I	I	I	I	I	I	I	I	I	I	I	M	I	I	I	I	I	I	I	I	I	I	I	I	I	I	I	I	I		I	I	I	I	I	I	I	I	I	I	I	I	I	I	I	I	I	I	I	I	I	I	I	UL	I	I	I
GPR34	X	I	I	I	I	I	I	I	I	I	I	I	I	I	I	I	I	I	I	I	I	I	I	I	I	I	I	I	I	I	I	I	I	I	I	I	I	I	I	I	I	I	I	I	I	I	I	I	I	I	I	I	I	I	I	I	L	I	I	I	I	I	I	I	I	I	I	I	I	I	I	I	I	I	I	M	I	I	I	I	I	I	I	I	L	PG	I	I	I	I	I	I	I	I	I	I		I	I	I	I	I	I	I	I	I	I	I	I	I	I	I	I	I	M	I	I	I	I	I	I	I	I	I	I	I	I	I	I	I	I
GPR50	X	I	I	I	I	I	I	I	I	I	I	I	I	I	I	I	I	I	I	I	PM	I	I	I	I	I	PM	I	I	I	I	I	I	I	I	I	PI	I	I	M	I	I	I	I	I	I	I	I	I	I	UL	I	I	I	I	I	I	I	I	I	I	I	I	I	I	I	I	I	I	I	I	I	I	I	L	PG	UL	PG	PG	PG	L	L	M	I	I	I	I	I	I	I	I	I	I	I	I	PI	I	I	I	I	I	I	PI	I	I	I	I	I	I	I	I	I	I	UL	I	I	I	I	UL	I	I	I	I	I	M	I	I	I	I	L	I
GPR82	X	I	I	I	I	I	I	I	I	I	I	I	I	I	I	I	I	I	I	I	I	I	I	I	I	I	PG	I	I	I	I	I	I	I	I	I	I	I	I	I	I	I	I	I	I	I	I	I	I	I	I	I	I	I	I	I	L	I	I	I	I	I	I	I	I	I	I	I	I	I	M	I	I	I	I	I	I	PG	I	I	I	I	I	I	I	M	I	I	I	I	I	I	I	I	I	I	I	I	I	I	I	I	I	I	I	I	I	I	I	I	I	I	I	I	L	I	I	I	I	I	I	I	I	I	I	I	I	I	I	I	I
GPRASP1	X	I	I	I	I	I	I	I	I	I	I	I	I	I		I	I	M	I	I	L	L	I	I	I	I	L	L	I	I	I	I	I	I	I	I	I	I	I	UL	I	M	I	I	I	I	I	I	I	I	I	I	I	I	I	I	L	I	I	I	I	I	I	I	I	I	I	I	I	UL	I	UL	M	I	I	L	I	M	I	L	L	I	I	I	I	PG	I	I	I	I	I	I	I	I	PG	I	PG	I	I	I	I	I	I		I	I	I	I	I	I	I	M	I	I	UL	I	UL	I	I	I	I	I	I	UL	PG	I	I	L	I	L	L
GPRASP2	X	I	I	I	I	I	I	I	I	I	I	I	I	I		I	I	M	I	I	PG	I	I	I	I	I	L	L	I	I	I	I	I	I	I	I	I	I	I	I	I	L	I	I	L	I	I	I	I	I	I	I	I	I	I	I	L	I	I	I	I	I	I	I	I	I	I	I	I	I	I	I	M	I	I	I	I	M	I	I	I	I	I	I	I	I	I	I	I	I	I	I	I	I	I	UL	I	I	I	I	I	I	I	I	I	I	I	I	I	I	I	I	I	I	I	I	I	I	L	I	I	I	I	UL	L	I	I	UL	I	L	I
GPRASP3	X	I	I	I	I	I	I	I	I	I	I	I	I	I	I	I	I	I	I	I	I	L	I	I	I	I	I	I	I	I	I	I	I	I	I	I	I	L	I	L	I	I	I	I	I	I	I	I	I	I	I	I	I	I	I	I	L	I	I	I	I	I	UL	I	I	I	I	I	I	UL	I	I	I	I	I	I	I	I	I	I	I	I	I	I	I	I	I	I	I	I	I	I	I	I	I	I	I	I	I	I	I	I	I	I	I	I	I	I	I	I	I	I	I	I	I	I	I	I	UL	I	I	UL	I	I	I	I	I	UL	I	I	I
GRIA3	X	I	I	I	I	I	I	I	I		I	I	PI		I	I	I	I	I	I	PI	I	I	I	I	I	PM	I	I	I	I	I		I	I	I	I	I	I	UL	I	PI	I	I	I	I		UL	I	I	I	PI	I	I	PI	I	I	I	I	I	I	I	I	I	I	I	I	I	I	I	I	I	I	PI	PI	I	I	I	PI	PI	I	I	I	I	I	PI	I	I	I	I	I	I	I	I	I	PI	I	I	PI	I	I	I	UL	I		I			I	I	I	I	UL	I	UL	I	I	I	I	I	I	I	I	I	UL	I	I	L	I	I	PI
GRIPAP1	X	I	I	I	I	I	PI	I	I	I	I	I	I	I	I	I	I	I	I	I	PI	I	I	I	UL	I	PI	I	I	I	I	UL	I	I	I	PI	I	I	I	PM	I	I	PI	I	PI	PI	I	M	I	I	UL	I	I	I	I		I	I	I	I	I	I	PI	I	I	I	I	I	I	UL	I	I	I	PI	PI	PI	I		I	I	I	I	PI	I	I	I	I	PI	I	I	I	I	M	L	I	I	I	I	I	I	UL	I	PM	UL	PM	I	I	I	I	I	I	I	I	UL	I	I	I	UL	I	I	I	PI		UL	PI	I	I	UL	I	I	I
GRPR	X	I	I	I	I	I	I	I	I	I	I	I	I	I	I	I	I	I	I	I	M	I	I	I	I	I	PM	I	I	I	I	I	I	I	I	I	I	I	I	I	I	PI	I	I	I	PI	I	I	I	I	UL	I	I	I	I	I	I	I	I	I	I	I	I	I	I	I	I	I	I	I	I	I	I	I	I	I	I	I	I	PI	I	I	I	I	I	I	I	I	I	I	I	I	I	I	I	I	I	I	PI	I	PI	I	PI	PI	I	I	I	I	I	I	I	I	I	I	L	I	I	I	I	I	I	I	I	I	I	I	I	I	I	I	I
GSPT2	X	I	I	I	I	I	I	I	I	I	I	I	I	I	I	I	I	I	I	I	PG	I	I	I	I	I	PG	I	I	I	I	I	I	I	I	I	I	I	I	I	I	I	I	I	I	I	I	I	I	I	I	I	L	I	I	I	I	I	I	UL	I	I	I	I	I	I	I	I	I	I	L	I	I	I	I	I	I	I	I	I	I	I	L	I	I	PG	I	I	I	I	I	I	I	I	I	I	I	PG	PG	I	I	I	I		I	I	I	I	I	I	I	I	I	I	I	I	I	I	I	I	I	I	I	L	I	I	I	UL	I	I	I
GTPBP6	X	L	I	PI	UL	I		I	PM		UL	UL	PI	PI	PI	L	I	UL	I	L	UL	I	UL	I	UL	I	PM	PM	UL	UL	UL	UL	I		UL	L	PI	PI	I	I	PI	I	UL	PI	PI	PI	I	PI	I	PM	M	I	PI	I	I	UL	I	UL	UL	I	I	PI	I	I	UL	PI	I	I	PI	I	I	UL	PI	PI	PI		UL		PI	PI	PI	PI	M	I	UL	I	I	I	PI	I	UL	I		PI	I	UL	UL	UL	UL	UL	UL	I	UL	UL	UL	UL	UL	L	I	UL	I	PI	PI	L	I	I	I	UL	I	I	L	M	I	UL	I	I	I	I	I	L	L
GUCY2F	X	I	I	I	I	I	I		I		I	I	I	I	I	I	I	I	I	I	PI	I	I	I	I	I	PI	I	I	I			I	I	I	I	I	PI	UL	UL	I	I	I	I	I	I			I	I	I	I	I	I	I	I	I	I	I	I	I	I	I	PI	I	I	I	I	I	I	I	I	I	I	I	PI	I		PI	PI	I	I	UL	I	I	PI	I	I	I	I	I	UL	PI	I	I	I	I				I	I	I			I			I	I	I	I	PI	I	I	I	I	I	UL	I	I	I	I	I	I	UL	PI	UL	I	I	I
GYG2	X	I	I	I	I	I	I	I	UL	I	I	I	I	I	I	PI	L	PI	PI	I	UL	PI	I	I	I	I	UL	UL		I	PM		I	I	I	I	I	I	I	PI	I	PI	I	I	I	I	I	PI	I	I	UL	I	I	UL	PI	I	I	PI	I	I	I	I	I	I	I	I	I	I	I	I	I	I	I	I	PI	PI	I	PI	PI	I	PI	PI	PI	I	I	I	I	I	I	I	I	I	PI	PI		PI	PI	PI	I	PI	I	I	PI	PI	PI	PI	PI	PI	I	I	I	PI	PI	UL	PI	UL	I	PI	UL	I	PI	I	PI	I	UL	I	I	UL	I	UL	PI
H2AB1	X	I	I	PG	I	I	PG	PG	PG	PG	PG	I	PG	PG		M	I	I	M	I	PG	UL	I	I	I	I	I	I	PG	PG	PG	PG	PG	PG	I	I	I	I	I	I	I	I	M	I	I	L	UL	I	I	I	I	I	I	I	I	PG	M	M	L	I	I	M	I	I	I	I	I	I	L	I	I	I	M	I	I	PG	I	I	I	PG	PG	I	M	I	L	PG	UL	L	I	I	UL	I	I	I	PG	PG	PG	I	PG	PG	PG	I	PG	I	PG	PG	I	PG	I	I	I	I	I	I	I	I	L	I	I	UL	I	I	I	UL	I	I	I	I	I	UL	I
H2AB2	X	I	I	PG	I	L	PG	PG	L	PG	PG	I	L	PG	I	M	I	I	M	I	L	UL	I	I	I	I	I	L	PG	PG	PG	PG		PG	I	I	I	I	PG	I	I	I	M	I	I	PG	L	I	I	I	L	I	I	I	I	PG	L	M	L	I	PG	M	I	I	I	I	I	I	L	I	I	I	L	I	PG	PG	I	I	PG	PG	PG	L	M	I	PG	PG	UL	UL	I	I	UL	I	I	I	PG	L	PG	PG	PG	PG	PG	I	PG	PG	PG	PG	I	L	I	I	M	I	I	I	I	I	L	PG	UL	UL	I	I	I	UL	I	I	I	I	I	UL	I
H2AB3	X	I	I	PG	I	I	PG	PG	L	PG	PG	I	L	PG	I	M	I	I	M	I	L	UL	I	I	I	I	I	I	PG	PG	PG	PG	PG	PG	I	I	I	I	PG	I	I	I	M	I	I	PG	L	I	I	I	I	I	I	I	I	PG	L	M	L	I	PG	M	I	I	I	I	I	I	L	I	I	I	L	I	PG	PG	I	I	PG	PG	PG	L	M	I	UL	PG	M	UL	I	I	UL	I	I	I	PG	L	PG	PG	PG	PG	PG	I	PG	PG	PG	PG	I	L	I	I	M	I	I	I	I	I	L	PG	I	UL	I	I	I	UL	I	I	I	I	I	UL	I
H2AL3	X	I	UL	L	L	L	UL	UL	UL	UL	UL	UL	L	UL	UL	L	UL	L	L	UL	UL	UL	I	L	I	I	L	UL	L	L	L	L	L	UL	I	I	UL	UL	UL	I	L	L	UL	L	UL	I	L	I	I	I	UL	L	L	L	L	UL	UL	L	L	UL	I	UL	L	L	L	UL	L	L	UL	UL	L	L	L	UL	I	I	I	I	I	I	UL	I	M	UL	I	L	L	L	I	I	UL	L	L	UL	UL	L	L	UL	L	UL	UL	L	L	L	L	L	L	UL	UL	UL	UL	L	L	UL	L	UL	UL	UL	UL	UL	UL	I	UL	UL	I	L	UL	L	I	L	UL
H2AP	X	I	I	I	I	I	I	I	I	I	I	I	I	I		I	I	I	I	I	I	I	I	I	I	I	I	I	UL	UL	I	I	I	I	I	I	I	I	I	I	I	I	M	I	I	I	I	I	I	I	I	I	I	I	I	I	I	I	I	I	I	I	I	I	I	I	I	I	I	I	I	I	I	I	I	I	I	I	I	I	UL	I	I	I	UL	UL	I	I	I	I	I	I	I	I	I	I	I	L	I	UL	I	UL	I		UL	I	L	UL	I	I	I	I	I	I	I	I	I	I	UL	I	I	I	I	I	I	I	I	I	I	I	I
H2BW1	X	I	I	I	I	I	I	I	I	I	I	I	I	I	I	I	I	L	I	I	L	I	I	I	I	I	I	I	I	I	I	I	I	I	I	I	I	UL	I	I	UL	I	I	I	I	I	I	UL	UL	I	UL	I	I	I	I	I	I	L	UL	I	I	I	I	I	I	I	I	I	I	I	I	I	I	I	I	I	I	I	I	I	I	I	I	I	I	I	I	I	I	I	I	I	I	I	I	I	I	I	I	I	I	UL	I	I	I	I	I	I	I	I	L	I	I	L	I	I	I	I	I	I	I	I	I	UL	I	I	I	I	I	I	I
H2BW2	X	I	I	I	I	I	I	I	I	I	I	I	I	I	I	I	I	L	I	I	L	I	I	I	I	I	I	I	L	L	L	I	I	I	I	I	I	L	I	I	UL	I	I	UL	I	I	I	I	I	I	I	I	I	I	I	I	I	UL	UL	I	I	I	I	I	I	I	I	I	I	I	I	I	I	I	I	I	I	I	I	I	I	I	I	I	I	I	I	UL	I	I	I	I	I	I	I	I	I	I	L	L	I	UL	I	L	I	L	I	I	I	I	UL	I	I	I	I	I	I	UL	I	I	I	I		UL	I	I	I	I	I	I	I
HAUS7	X	I	I	I	I	I	I	I	I	I	I	I	I	I	I	I	I	PI	I	I	PI	I	I	I	I	I	I	I	I	I	I	I	I	I	I	I	I	I	I	M	I	I	I	I	I	I	I	I	I	I	I	I	I	I	I	I	I	I	I	I	I	I	I	I	I	I	I	I	I	I	I	I	PI	I	PI	I	I	I	I	I	I	I	PI	I	I	I	I	I	I	I	I	I	PI	I	I	I	I	I	I	I	I	I	I	I	I	I	I	I	I	I	PI	I	I	I	I	I	I	I	I	M	I	I	I	I	PI	I	I	UL	I	I	I
HCCS	X	I	I	I	I	I	I	I	I	I	I	I	I	I		I	I	I	I	I	I	I	I	I	I	I	I	I	I	I	I	I	I	I	I	I	I	I	I	I	I	I	I	I	I	I	I	I	I	I	I	I	I	I	I	I	I	I	I	I	I	I	I	I	I	I	I	I	I	I	I	I	I	I	I	I	I	I	I	I	I	I	PI	I	I	I	I	I	I	I	I	I	I	I	I	I	I	I	I	I	I	I	I	I	I	I	I	I	I	I	I	I	I	I	I	I	I	I	I	I	I	I	I	I	I	I	I	UL	I	I	I
HCFC1	X	I	I	I	I	I	I	I	I	I	I	I	I	I	I	I	UL	PI	I	PI	PM	I	UL	I	I	I	I	I	I	I	I	I	I	I	I	I	I	L	I	I	I	I	I	I	I	I	I	I	I	I	L	I	I	I	I	I	I	I	I	UL	I	I	I	I	I	PI	I	I	I	UL	I	I	I	I	I	I	I		PI	I	I	I	M	I	UL	PM	I	I	I	I	I	I	I	PM	I	L	I	I	I	I	I	I	I	I	I	I	I	I	I	I	I	I	I	L	I	I	UL	I	UL	PG	I	I	I	UL	PI	I	I	UL	I	UL	I
HDAC6	X	I	I	I	I	I	I	I	I	I	I	I	I	I	I	I	UL	PI	I	I	PI	I	I	I	I	I	UL	I	I	I	I	I	I	I	I	I	I	PI	I	UL	I	I	I	I	I	UL		I	I	I	UL	I	I	I	I	I	I	I	I	UL	I	I	I	I	UL	I	I	I	I	UL	PI	I	I	PI	I	I	I		I	I	I	I	PI	I	UL	PI	I	I	I	I	I	I	M	I	I	I	I	I	I	I	I	I	I	I	I	PI	I	I	I	I	I	I	I	UL	I	I	I	PI	UL	I	I	I	I	UL	PI	I	I	UL	I	UL	I
HDAC8	X	I	I	I	I	I		I	I	I	I	I	I	I	I	PI	UL	PI	PI	I	PI	I	I	I	I	I	PI	I	I	I	I	I	I	I	I	UL	I	I	I	PI	I	I	I	I	I	PI	PI	I	I	I	I	I	I	I	PI	I	I	PI	I	I	I	I	I	I	I	I	I	I	I	I	I	I	I	I	I	I	I	I	I	I	PI	I	I	I	I	PI	I	I	I	I	I	I	PI	I	I	PI	I	I	I	I	I	I	I	I	I	I	I	I	I	I	I	I	I	I	PI	I	I	I	I	I	I	I	I	UL	PI	I	I	UL	I	I	I
HDX	X	I	I	I	I	I	I	I	I	I	I	I	I	I	I	I	I	I	PI	I	UL	I	I	I	I	I	PM	I		I	I	I	I	I	I	I	I	I	I	I	I	I	I	I	PI	PI	PM	PI	I	I	I	PI	PI	I	I	I	M	PI	I	I	I	I	I	I	I	I	I	I	I	I	I	I	I	I	PI	I	I		PI	I	I	PI	I	I	I	PM	I	I	I	I	I	I	PI	I	I	I	I		I			I	PM	I	I	I	I	I	I	I	I	PI	I	I	PI	I	I	PI	I	I	I	I	PI	UL	PM	I	PI	L	I	I	PI
HEPH	X	I	I	I	I	I			I		I			PI	I	I	I	I	PI	I	PI	I	I	I	I	I	M	I	I		I	PI	PI	I	I	I	I	I	I	UL	I	I	I	I	I	PI		I	I	I	I	I	I	I	PI	PI	I	I	I	I	I	I	I	I	I	I	I	I	I	I	I	I	PI	I	PI	I	I	I	I	PI	I	I	PI	I	I	PI	I	I	I	I	I	I	UL	I	I	I	I	PI	I	I	PI	I	I	I		I	I		I	I	I	I	I	UL	PI	I	I	I	UL	I	I	I		I	I	I	I	UL	I	I	PI
HMGB3	X	I	I	I	I	I	I	M	I	UL	PI	UL	PI	PI	L	I	I	I	I	I	PI	I	I	PI	I	I	UL	PI	UL	M	I	PI		I	I	PI	UL	I	I	I	I	I	I	I	I	I	UL	I	I	I	UL	I	I	I	I	PI	I	I	I	I	I	I	I	I	I	I	I	I	UL	I	I	I	PI	I	I	I	I	I	I	I	I	I	UL	I	I	I	I	PI	I	I	I	I	PI	I	PI	I	I	M	I	I	I	I	I	PI	L	I	L	M	I	I	I	I	I	L	UL	I	I	I	I	I	I	I	UL	UL	I	I	I	I	I	I	I
HMGN5	X	I	I	I	I	I	I	UL	I	UL	I	I	I	I	I	I	I	I	I	I	M	I	I	I	PG	I	PG	I	I	I	I	I	I	I	I	I	I	I	I	I	I	I	I	I	I	UL	I	I	I	I	I	I	I	I	I	I	PG	I	I	I	I	I	L	I	I	I	I	I	I	I	I	I	I	I	I	I	I	I	I	I	I	I	I	I	L	PM	I	I	I	I	I	I	I	I	I	I	I	I	I	I	I	I	I	I	I	I	I	I	I	UL	M	I	I	L	L	I	L	I	L	I	M	M	I	I	PI	I	I	UL	I	UL	I
HNRNPH2	X	I	I	I	I	I	I	I	I	I	I	I	I	I		M	I	I	I	I	I	I	I	I	I	I	M	I	I	I	I	I	M	M	I	I	I	I	I	I	I	I	I	I	I	I	M	I	I	I	L	I	I	I	I	I	L	I	I	I	I	I	I	I	I	I	I	I	I	UL	L	I	I	L	I	I	I	I	I	I	I	I	M	I	UL	M	I	I	I	I	I	UL	I	I	I	I	I	I	I	I	I	I	I	I	I	I	I	I	I	I	I	I	I	L	UL	I	I	I	UL	I	I	I	I	I	L	I	I	I	I	I	I
HPRT1	X	I	I	I	I	I	PI	I	I	I	PI	I	PI	PI	PI	I	I	I	I	I	L	I	I	I	I	I	L	I	PI	PI	PI	I		I	UL	I	I	I	I	L	I	PI	PI	I	I	PI	PM	PI	I	I	I	PI	I	I	I	PI	I	I	I	I	I	PI	I	I	I	I	I	I	I	I	I	I	I	I	PI	I	I	PI	I	I	I	PI	PI	I	I	UL	I	I	I	I	I	I	PI	I	PI	I	I	I	I	I	I	I	I	I	I	I	I	I	I	I	I	I	I	I	I	I	I	I	UL	I	I	I	PI	I	L	I	I	I	I	I	I
HS6ST2	X	I	I	I	I	I	I	I	I	I	I	I	I	I	I	I	I	I	I	I	PM	I	I	I	I	I	M	PI	I	I	I	I	I	I	I	I	I	PI	I	PI	I	PI	PI	I	PI	PI	I	I	I	I	I	I	I	I	I	I	I	I	I	I	PI	I	I	I	I	I	I	I	I	I	I	I	I	I	I	PI	I	I	I	PI	I	I	PI	I	I	PI	I	I	I	I	I	I	PI	I	I	UL	I	I	I	I	I	I	I	I	I	I	I	I	I	I	I	I	I	I	I	I	I	I	I	I	I	I	I	I	PI	I	I	I	I	I	I
HSD17B10	X	I	I	I	I	I	I	I	I	PI	PI	I	I	I	I	I	I	I	I	I	I	I	L	I	I	I	PI	I	I	I	I	I	I	I	I	I	I	I	I	I	I	I	I	I	I	I	I	I	I	I	I	I	I	I	I	I	I	I	I	I	I	I	I	I	I	I	I	I	I	I	I	I	I	I	I	I	I	I	I	I	I	I	PI	I	I	PI	I	I	I	I	I	I	I	I	I	I	I	I	I	I	I	I	I	I	I	I	I	I	I	I	I	I	I	I	I	I	I	I	I	I	I	I	I	UL	PI	I	I	I	I	UL	I
HSFX1	X	I	I	UL	I	I	I	I	I	I	I	I	I	I		I	I	I	I	I	I	I	I	L	PI	I	I	L	L	L	L	L	I	I	I	I	PI	M	L	I	L	L	PM	L	L	L	L	I	I	I	I	PI	I	I	L	I	L	M	PI	I	L	I	L	I	I	I	I	I	I	I	I	I	M	I	L	L	L	L	L	L	L	L	I	I	L	L	L	L	I	I	I	I	I	I	UL	UL	UL	I	I	I	UL	UL	I	I	I	I	I	I	I	I	L	L	I	UL	I	I	L	UL	L	I	I	L	I	I	I	I	I	I	I	L	L
HSFX2	X	I	I	UL	I	I	I	I	I	I	I	I	I	I	I	I	I	I	I	I	I	I	I	L	I	I	I	L	L	L	L	L	I	I	I	I	PI	L	L	I	L	L	PM	L	L	L	L	I	I	I	I	PI	I	I	L	I	L	M	PI	I	L	I	L	I	I	I	I	I	I	I	I	I	M	I	L	L	L	L	L	L	L	L	I	I	L	L	L	L	I	I	I	I	I	I	UL	UL	UL	I	I	I	UL	UL	I	I	I	I	I	I	I	I	L	L	I	UL	I	I	L	UL	L	I	I	L	I	I	I	I	I	I	I	L	L
HSFX3	X	PI	I	I	I	I	I	I	I	I	I	I	I	I	I	I	I	I	I	I	I	I	I	I	I	I	I	I	I	I	I	I	I	I	I	UL	I	I	I	UL	M	M	M	PG	PI	I	PM	I	I	I	I	I	I	I	I	I	PI	I	I	I	I	I	I	I	I	I	I	I	I	I	I	I	I	I	M	M	I	I	I	I	I	I	I	I	PI	M	I	M	I	I	I	I	I	I	I	I	I	I	I	I	I	I	I	I	I	I	I	I	I	I	I	M	I	I	L	I	UL	UL	UL	I	L	L	UL	I	I	I	I	UL	I	I	L
HSFX4	X	PI	I	I	I	I	I	I	I	I	I	I	I	I	I	I	I	I	I	I	I	I	I	I	I	I	I	I	I	I	I	I	I	I	I	UL	I	I	I	UL	M	M	M	PG	PI	I	PM	I	I	I	I	I	I	I	I		PI	I	I	I	I	I	I	I	I	I	I	I	I	I	I	I	I	I	M	M	I	I	I	I	I	I	I	I	UL	M	I	M	I	I	I	I	I	I	I	I	I	I	I	I	I	I	I	I	I	I	I	I	I	I	I	M	I	I	L	I	UL	UL	UL	I	L	L		I	I	I	I	UL	I	I	L
HTATSF1	X	I	I	I	I	I	PI	PI	I		I	I	I	I	I	I	I	M	I	I	M	I	I	I	I	I	PM	I	PI	I	I	I		PI	I	I	I	I	I	PG	I	I	PI	I	M	UL	M	I	I	I	I	I	I	I	I	M	I	I	I	I	I	I	UL	I	I	I	I	I	I	I	I	I	I	I	PM	PI	I	I	PI	PI	I	I	I	I	UL	I	I	I	I	I	I	I	I	I		I		M		M	PM	I	I	UL	M	L	UL	UL	I	I	I	I	I	I	L	I	I	I	I	I	I	I	I	I	I	I	I	UL	I	UL	I
HTR2C	X	I	I	I	I	I	I	I	I	I	I	I	I	I		I	I	I	PI	I	PM	I	I	I	I	I	PG	I	I	I	I	I		I	I	I	I	I	I	PI	I	I	PI	I	PI	I	PI	I	I	I	I	PI	I	I	I	I	I	I	I	I	I	I	I	I	UL	I	I	I	I	I	PM	I	I	I	PI	I	I	I	I	I	I	I	I	I	I	PI	I	I	I	I	I	I	I	I	PI	I	I	I	I	PI	I	I	I	I	I	PI	I	I	I	I	I	I	I	I	PI	I	I	I	I	I	PI	I		I	PI	I	I	UL	I	I	I
HUWE1	X	I	I	I	I	I		PI	I		PI	I		I		I	I	PI	I	PI	UL	PI	UL	I	UL	I	M	I	I	I	I	I			I	I	I	I	I	PI	I	I	PI	PI	I	PI	UL	I	I	I	UL	I	PI	UL	I		I	I	I	I	I	I	I	I	I	I	I	I	I	UL	PM	I	I	I			I		I	I	I	I	I	I	I	PI	PI	I	I	I	I	I	PI	I		PI		PI	I		PI	I	PI			I	PI	I	I	I	I	I	I	I	UL	I	UL	PI	UL	I	I	PI		UL	PI	I	UL	UL	I	I	I
IDH3G	X	PI	I	I	I	I	I	I	I	I	I	I	I	I	I	I	I	PI	I	I	I	PI	I	I	I	I	PI	I	I	I	I	I	I	I	I	I	I	I	UL	I	M	I	I	I	I	I	I	I	I	I	UL	I	I	I	I	I	I	I	I	I	I	I	I	I	I	I	I	I	I	I	L	I	I	I	I	I	I	I	I	I	I	I	I	I	I	PI	I	I	I	I	I	I	PI	PI	I	I	I	PM	I	I	I	I	PI	I	PI	I	I	I	I	I	I	I	I	UL	I	I	UL	I	I	PG	I	I	I	UL	PI	I	I	UL	I	I	PI
IDS	X	I	I	PI	I	I	I	I	I	I	I	PI	PI	L	L	L	I	PI	PI	I	PM	I	I	I	I	I	L	I	L	PI	PI		L	L	I	I	I	I	PI	PI	I	I	I	I	I	I	PI		I	I	UL	PI	PI	I	PI	PI	L	PI	PI	I	I	I	PM	I	I	I	I	I	I	I	I	I	I	I	I	I	I	I	I	I	I	I	PI	I	I	PI	M	I	I	I	I	UL	M	PI	L	PM	UL	PI	PI	PI	PI	I	PI	PI	PI	PI	PI	PI	I	I	I	PI	PI	I	I	I	I	L	UL	I	PI	I	L	I	PI	I	PI	L	I	I	I
IGBP1	X	I	I	I	I	I	I	I	I	I	M	M	M	M	PI	I	I	I	I	I	PI	PI	I	I	I	I	PM	I	PI	I	UL	UL	L	PI	I	I	I	I	I	PM	I	I	I	I	I	PI	I	I	I	I	UL	I	I	I	I	I	I	I	I	I	I	I	I	I	I	I	I	I	I	I	PI	I	I	I		I	I	I	I	I	I	I	UL	I	I	I	I	I	I	I	I	I	PI	I	I	I	I	I	I	I	I	I	I	I	I	I	I	I	I	I	I	I	PI	UL	PI	I	I	I	I	I	I	I	I	I	I	I	I	I	I	I	I
IGSF1	X	I	I	I	I	I	I	I	I	I	I	I	I	I	I	I	I	I	I	PI	I	I	I	I	I	I	PI	I	I	I	I	I	I	I	I	I	I	I	I	PI	I	I	I	I	I	I	I	I	I	I	UL	I	I	I	I	I	I	I	I	I	I	I	I	I	UL	I	I	I	I	I	PI	I	I	I	I	I	I	I	I	PI	I	I	I	I	I	PI	I	I	I	I	I	I	UL	I	I	I	I	I	I	I	I	I	I	I	I	I	I	I	I	I	I	I	I	I	I	I	I	I	I	I	I	I	I	I	UL	I	I	UL	I	I	I
IKBKG	X	PI	I	I	I	I	I	I	I	I	I	I	I	I	I	PI	I	I	I	I	UL	I	I	I	I	I	PI	I	I	I	I	I	I	I	PI	I	UL	UL	I	I	I	I	PI	I	I	I	I	I	I	I	UL	PI	PI	I	I	I	I	PI	PI	I	I	PI	I	I	I	PI	I	I	UL	I	I	I	PI	I	I	I	I	PI	I	I	I	I	M	I	I	I	PI	I	I	PI	M	I	I	L		UL	I		I	I	I	I	PI	I	I	I	I	I	I	I	I	I	I	L	UL	I	UL	I	I	UL	I	I	I	PI	PI	I	I	I	I	I	PI
IL13RA1	X	UL	I	I	I	I	I	I	I	I	I	I	I	I	I	I	I	I	PI	I	PI	I	I	I	I	I	UL	I	I	PI	I	I	I	I	I	I	I	I	I	UL	I	I	I	I	I	UL	I	I	I	I	I	I	L	I	PI	I	I	I	I	I	I	I	I	I	I	I	I	I	I	I	PI	I	I	UL	PM	I	I		I	PM	I	I	PI	I	I	PI	I	I	I	I	I	I	I	I	I	I	I	I	I	I	I	I	I		I	I	I	I	I	I	I	I	PI	I	I	I	I	I	I	I	I	I	UL	I	I	I	I	I	I	I	I
IL13RA2	X	I	I	I	I	I	I	PI	I	I	I	I	I	I		I	I	I	I	I	I	I	I	I	I	I	PI	I	I	I	I	I	I	I	I	I	I	I	I	PI	I	PI	PI	I	I	I	I	I	I	I	I	I	I	I	I	I	I	I	I	I	I	I	I	I	I	I	I	I	I	I	I	I	I	I	I	I	I	UL	PI	I	I	PI	I	I	I	I	I	I	I	I	I	I	I	I	I	I	I	I	I	I	I	I	I	I	I	I	I	I	I	I	I	I	I	L	I	I	I	I	I	I	I	I	I	I	I	I	I	UL	I	I	I
IL1RAPL1	X	PI	I	I	I	I	PI	PI	I	PI	PI	I	PI	PI	PI	I	I	I	PI	I	PM	I	I	I	I	I	PG	I	I		PI	PI	PI	I	PI	I	I	I	PI	PI	I	I	I	I	PI	I	PI	I	I	I	I	I	I	I	I	I	M	I	I	I	I	I	I	I	I	I	I	I	I	I	PI	I	PI	I	PI	PI	I	PM	PI	PI	PI	PI	I	I	I	L	I	I	I	I	I	I	PI	I	PI	PI		I	I	PI	I	I	I	PI	I	I	I	PI	I	I	I	I	I	I	M	I	I	PI	I	I	PI	I	PI	PI	PG	I	UL	UL	I	I	I
IL1RAPL2	X	I	I	PI	I	I	I	I	I	PI	PI	PI	PI	PI	PI	I	I	I	I	I	M	PI	I	I	I	I	M	I	PI	PI	PI	PI	PI	PI	I	I	I	I	PI	M	UL	PI	PI	L	I	I	PI		I	I	I	I	I	I	PI	PI	PI	I	I	I	I	I	I	I	I	I	I	I	I	I	I	I	PI	PI	I	PI	I	PI	PI	PI	I	M	I	I	UL	M	PI	I	I	I	I	I	PI	I	PI	I	PI	PI		PI	I	I	PI		PI	PI	I	PI	I	I	I	PI	PI	I	UL	I	I	I	I	I	I	I	PM	I	M	I	I	PI	I	I	I
IL2RG	X	I	I	I	I	I	I	I	I	I	I	I	I	I	I	I	I	I	I	I	I	PI	I	I	I	I	PI	UL	I	I	I	I	I	I	I	I	I	I	I	M	I	I	I	PI	I	I	I	I	I	M	I	I	I	I	I	I	I	I	I	I	I	I	I	I	I	I	I	I	I	I	I	I	I	I	I	I	I	I	I	I	I	I	I	I	I	PI	I	I	I	PI	I	I	I	I	I	I	I	I	I	I	I	I	I	I	I	I	I	I	I	I	I	I	I	UL	I	I	I	I	I	I	I	I	I	UL	PI	I	I	I	I	I	I
IL3RA	X	L	I	UL	UL	I	UL	UL	L	UL	UL	M	UL	M	M	UL	I	UL	UL	L	UL	UL	UL	UL	PI	I	PI	PI	L	M	UL	M	M	M	UL	PI	PI	UL	I	L	PI	PM	PI	M	PM	I	I	M	I	M	UL	PI	UL	UL	PI	M	I	UL	PI	UL	I	L	I	L	UL	UL	I	I	UL	UL	I	I	UL	UL	PM	UL	I	PM	L	I	UL	PI	L	UL	UL	PM	I	I	M	M	L	UL	M	PI	L	PM	L	M	UL	UL	M	I	UL	UL	UL	M	UL	UL	L	PI	I	I	UL	I	PI	I	I	UL	I	I	L	UL		UL	UL	I	PI	I	I	L	I
IL9R	X	I	I	I	UL	I	I	I	I	I	I	I	I	PI	PI	I	I	I	I	UL	PI	I	UL	I	I	I	UL	PI	PI	PI	UL	PI	I	I	UL	I	I	I	PI	L	I	I	I	I	UL	I	I	PI	I	I	UL	I	PI	L	I	I	I	I	I	I	I	UL	UL	I	I	I	I	I	I	I	L	I	I	I	I	PI	I	PI	I	I	I	I	UL	I	I	I	I	I	L	L	I	UL	PI	I	I	I	I	I	I	UL	PI	I	PI		PI	PI	PI	I	UL	L	UL	I	I	UL	UL	I	I	L	I	I	I	I	M	I	PI	I	I	PI	I	I	I
INTS6L	X	I	I	I	I	I	I	I	I	I	I	I	PI	UL	UL	I	I	PI	I	I	L	I	I	I	I	I	UL	I	PI	PI	PI	PI	I	I	I	I	I	I	UL	PI	I	PI	I	I	I	PI	UL	I	I	I	UL	I	I	I	I	I	I	I	I	I	I	I	I	I	I	I	I	I	I	I	I	I	I	I	PI	UL	I	PI	I	PI	I	PI	I	I	I	PI	PI	I	I	I	I	I	PI	I	UL	I	UL	UL	PI	UL	UL	I	PI	PI	PI	PI	PI	UL	I	I	I	I	PI	I	PI	I	I	I	I	I	I	I	UL	I	PI	I	I	UL	I	I	I
IQSEC2	X	I	I	I	I	I	I	I	M	I	I	I	I	I	PI	I	I	I	I	I	UL	I	I	I	I	I	PI	I	PI	I	I	I	I	I	I	I	I	I	PI	PI	I	PI	I	I	I	I	I	I	I	I	UL	I	I	I	I	PI	I	I	I	UL	UL	I	I	I	I	I	I	I	I	I	PM	I	I	I	PI	I	I		I	I	I	I	PI	I	UL	PI	I	I	I	I	I	PI	PI	I	I	UL	I	PI	I	PI	I	I	I	I	PI	I	I	I	I	I	I	I	I	UL	I	I	I	I	UL	I	I	I	I	UL	PI	I	I	UL	I	UL	I
IRAK1	X	I	I	I	I	I	I	I	I	I	I	I	I	I	I	I	I	L	I	UL	UL	I	I	I	I	I	I	I	I	I	I	I	I	I	I	I	PI	L	I	I	I	I	I	PI	I	I	I	I	I	I	I	I	I	I	I	I	I	I	I	I	I	I	I	I	I	I	I	I	I	I	I	I	PI	I	PI	I	I		I	I	I	I	UL	I	UL	PI	I	I	I	I	I	I	I	PI	I	L	I	I	I	I	I	I	I	I	I	I	I	I	I	I	PI	I	I	UL	I	I	I	I	UL	M	I	PI	I	I	PI	I	I	UL	I	I	I
IRS4	X	I	I	I	I	I	I	I	I	I	I	I	I	I	I	I	I	I	I	M	PG	I	I	I	UL	I	PG	I	I	I	I	I	I	I	I	I	I	UL	I	PG	I	I	I	M	I	I	I	I	I	I	I	I	M	I	I	I	I	I	I	I	I	I	I	I	I	I	I	I	I	UL	I	I	I	I	M	I	I	I	I	I	I	I	M	I	UL	M	I	I	I	I	I	I	I	M	I	UL	I	I	I	I	I	I	I	I	I	I	I	I	I	I	I	I	I	I	L	I	I	I	UL	I	I	I	I	UL	PG	I	I	UL	I	UL	I
ITGB1BP2	X	I	I	I	I	I		I	I	I	I	I	I	I	I	I	I	I	I	I	PI	I	I	I	I	I	PI	I	I	I	I	I	I	PI	I	I	I	I	I	PI	I	I	I	I	I	I	I	I	I	I	I	I	I	I	I	I	I	I	I	I	I	I	I	I	I	I	I	I	I	UL	M	I	I	I	I	I	PI	I	I	I	I	I	PI	I	I	PI	I	PI	I	M	I	I	I	I	I	I	I	I	I	I	I	UL	I	PI	I		I	I	I	I	I	I	I	I	I	I	I	I	I	I	I	I	I	UL	I	I	I	UL	I	I	I
ITIH6	X	PI	I	I	I	I	I	I	M	I	PI	I	PI	I	PI	PI	I	PI	PI	I	PM	PI	L	UL	I	UL	PM	L	PI	I	PI	PI		I	I	UL	I	L	UL	PM	PI	UL	PI	I	PI	L	L	I	I	I	I	PI	I	UL	I	PI	UL	PI	PI	I	L	I	I	I	L	I	I	I	I	I	I	I	I	I	L		L		PM	PM	L	L	UL	I	L	L	L	L	I	I	I	L	M	PI	I	PI	I			I		UL	I			I	I		I	I	PM	PI	PI	UL	I	I	I	PI	PI	I	UL	I	I	PI	PM	I	I	PI	I	UL	PI
ITM2A	X	I	I	I	I	I	I	I	I	I	I	I	I	I	I	I	I	I	I	I	UL	I	I	I	I	I	PI	I	I	I	I	I	I	I	I	I	I	I	I	I	I	I	I	I	I	UL	L	I	I	I	I	I	I	M	I	I	M	I	I	I	UL	I	I	I	I	I	I	I	I	I	I	I	I	I	I	I	I	UL	I	I	I	I	I	I	I	PI	UL	I	I	I	I	I	I	I	I	I	I	PI	I	I	I	I	I	I	I	I	I	I	I	I	I	I	I	I	PI	I	I	I	I	I	I	I	I	I	I	I	I	UL	I	I	I
JADE3	X	I	I	I	I	I	I	I	I	I	I	PI	I	I	I	I	I	I	PI	I	PI	I	I	I	I	I	PM	I	I	I	I			I	I	I	I	I	I	I	I	I	PI	I	PI	I			I	I	I	PI	PI	I	I	I	I	I	I	I	I	I	I	I	I	I	I	I	I	I	PI	I	I	I	I	I	I	I	PI	PI	I	I	I	I	I	PI	I	I	I	I	I	I	PI	I	I	I	I	PI	PI	I	I	I	I	I	I	PI	I	I	I	I	I	I	I	I	UL	I	I	PI	I	I	I	I	I	I	I	I	I	UL	I	I	I
KANTR	X	I	I	I	I	I	I	I	I	I	I	I	I	I	I	I	UL	I	I	I	I	I	I	I	I	I	M	I	I	I	I	I	I	I	I	I	I	I	I	I	I	I	I	I	I	I	M	I	I	I	I	I	I	I	I	I	I	I	I	I	I	I	I	I	I	I	I	I	I	UL	I	I	I	I	I	I	I	I	I	L	I	I	I	I	I	M	I	I	I	I	I	I	I	I	I	I	I	I	I	I	I	I	I	I	I	I	I	I	I	I	I	I	I	I	I	I	I	I	I	UL	I	I	I	I	M	I	I	I	I	I	I
KCND1	X	I	I	I	I	I	I	I	I	I	I	I	I	I	I	I	I	I	I	I	PM	I	UL	I	I	I	PI	I	I	I	I	I	I	I	I	I	I	I	I	I	I	I	I	M	I	I	I	I	I	I	L	I	PI	I	I	I	I	I	I	I	I	I	I	I	I	I	I	I	I	I	I	I	I	M	I	I	I	I	I	I	I	I	PI	I	I	I	I	I	I	I	I	PI	I	PI	I	UL	I	I	I	I	I	I	I	I	I	I	I	I	I	I	L	I	I	UL	I	I	I	I	I	I	I	I		UL	PI	I	I	UL	I	UL	I
KCNE5	X	I	I	I	I	I	I	I	I	I	I	I	I	I	I	I	I	I	I	I	UL	I	I	I	I	I	M	I	I	I	I	I	I	I	I	I	I	I	I	I	I	I	I	I	I	I	I	I	I	I	UL	I	I	I	I	I	I	I	I	I	I	I	I	I	I	I	I	I	I	I	I	I	I	M	I	I	I	I	I	I	I	I	M	I	I	I	I	I	I	I	I	I	I	I	I	L	I	I	I	I	I	I	I	I	I	I	I	I	I	I	I	I	I	UL	I	I	I	I	UL	I	I	I	I	I	PG	I	I	UL	I	I	I
KDM5C	X	I	I	I	I	I	I		I	I	I	I	I	I	I	UL	I	I	I	I	PI	I	UL	I	I	I	PI	I	PI	I	I	I		I	I	I	I	I	I	I	I	I	I	I	I	UL	I	I	I	I	UL	I	I	I	I		I	I	I	I	I	I	I	I	I	I	I	I	I	UL	I	UL	I	I	I	PI	I	I	I	I	I	I	PI	I	UL	M	I	I	I	I	I	I	PI	I	I	UL	I			I	I	I	I	I	I	I	I	I	I	I	I	I	I	UL	UL	I	I	I	UL	I	I	I		I	UL	I	I	UL	I	I	I
KDM6A	X	I	I	PI	I	I	I	PI	I	I	UL	I	I	PI	PI	I	I	I	I	I	PI	I	I	I	UL	I	PM	I	I		PI	I		PI	UL	I	I	UL	I	UL	I	PI	PI	I	I	PI	PI	I	I	I	I	I	I	I	I	PI	PI	I	I	I	I	I	I	I	I	I	I	I	I	I	I	I	I	PI		PI	I	M	UL	I	PM	PI	PI	I	I	M	I	I	I	I	I	I	I	I	PI	PI	PI	PI	I	PI	PI	I	I	I	PI	PI	I	I	I	I	I	I	I	I	UL	I	I	I	PI	I	I	I	UL	I	PI	I	I	I	I	I	I
KIAA1210	X	UL	UL	UL	UL	UL	UL		UL	UL	UL	UL	UL	UL	UL	UL	UL	UL	UL	UL	UL	UL	UL	I	I	I	PM	I	UL	UL	UL	UL	UL		UL	UL	I	I	UL	UL	UL	UL	UL	UL	UL	UL		PM	UL	UL	UL	I	I	I	UL	UL	UL	UL	UL	I	UL	I	I	I	I	I	I	I	I	I	I	I	I	I		UL	UL	UL	PI	UL	I	I	PI	I	I	M	UL	UL	I	I	UL	L	UL	UL	UL	UL	UL	UL	UL	UL	UL	UL	UL	UL	UL	UL	UL	UL	I	UL	PM	UL	PI	UL	UL	UL	UL	UL	L	UL	UL	UL	UL	L	PM	I	I	I	I	UL	UL
KIF4A	X	I	I	I	I	I		I	I	I	I	I	PI	I		I	I	PI	I	I	UL	PI	I	I	I	I	PM	PI							I	I	I	I	I	I	I	I	I	I	PI	PI		I	I	I	UL	PI	I	I	I		I	PI	I	I	I	I	I	I	UL	PI	I	I	I	I	PI	I	I	I		PI	I		I	PI	I	PI	PI	I	I	PI	PI	I	I	I	I	I	M	I		I			PI	I		I	I	I	I	I			I	I	I	UL	I	I	PM	I	I	PI	UL	I	I	I	UL	I	PI	I	I	UL	I	I	I
KLF8	X	I	I	I	I	I	I	I	I	I	I	I	I	I	I	PI	I	I	I	I	PM	I	I	I	I	I	PM	I	I	I	I	I	I	I	I	I	I	I	I	PI	I	I	I	I	I	I	I	I	I	I	I	I	I	I	I	I	M	I	I	I	PG	I	I	I	I	PI	I	I	I	I	I	I	I	I	I	PM	I	PI	I	PM	L	L	I	I	UL	PM	I	I	I	I	I	I	PI	I	I	I	I	I	I	I	I	I	I	I	I	I	I	I	I	I	PI	I	I	I	PI	I	I	I	I	I	I	I	PM	I	I	I	I	UL	I	I	PI
KLHL13	X	I	I	I	I	I	I	I	I	I	I	I	I	I	I	I	I	I	I	I	UL	I	I	I	I	I	PI	I	I	I	I	I	I	I	I	I	I	UL	I	I	I	I	I	I	PI	I	I	I	I	I	I	I	I	I	PI	I	I	I	I	I	I	I	I	I	I	I	I	I	I	I	I	I	I	I	I	I	I	I	I	PM	I	I	I	I	UL	PI	I	I	I	I	I	I	M	I	PI	I	I	I	I	I	I	I	I	I	I	I	I	I	I	I	I	I	I	I	PI	I	I	I	I	I	I	I	I	I	PI	I	I	I	I	I	I
KLHL15	X	I	I	I	I	I	I	PI	I	I	I	I	I	I	PI	I	I	I	I	UL	PM	I	I	I	I	I	PG	I	I	I	I	I	I	I	I	I	I	I	I	PG	I	I	PI	I	I	UL	I	I	I	I	I	I	PI	I	I	I	L	I	I	I	I	I	I	I	UL	I	I	I	I	I	I	I	I	I	I	PI	I	I	I	I	PI	I	I	I	I	I	I	I	I	I	I	I	PI	I	PM	I	PM	I	I	I	I	I	I	I	I	I	PI	I	I	I	I	I	I	I	PI	I	I	I	I	I	PI	I	I	UL	I	I	I	UL	I	I	I
KLHL34	X	I	I	I	I	I	I	I	I	I	I	I	I	I		I	I	M	I	I	UL	I	I	I	I	I	PG	I	I	I	I	I	I	I	I	I	I	I	I	I	I	I	I	M	I	I	I	I	I	I	UL	I	I	I	I	I	L	I	I	I	I	I	UL	I	I	I	I	I	I	UL	I	I	I	I	I	I	I	M	I	I	I	I	M	I	L	I	I	I	I	I	I	I	I	I	I	L	I	I	I	I	I	I	I		I	I	I	I	I	I	I	I	I	UL	I	I	L	I	I	I	I	I	I	I	I	I	I	UL	I	I	I
KLHL4	X	I	I	I	I	I	I	I	I	I	I	I	I		I	I	I	I	I	I	UL	I	I	I	I	I	PI	I	I	I	I	I	I	I	I	I	I	I	I	I	I	I	PI	I	I	PG	PG	I	I	I	I	I	I	I	I	I	PG	PI	I	PI	PG	I	I	I	UL	I	I	I	I	UL	I	I	I	PI	PI	PI	I		PI	I	I	I	M	I	L	L	M	M	I	I	PI	I	I	I		I		I	I	I	I	I	I	I	I	I	I	I	I	I	I	PI	I	I	M	I	I	I	I	I	I	I	I	I	PI	I	I	UL	I	I	I
KRBOX4	X	I	I	I	I	I	I	I	I	I	I	I	I	I	I	I	I	I	I	I	I	I	I	I	I	I	I	I	I	I	I	I	I	I	I	I	I	I	I	I	I	I	I	I	I	I	I	I	I	I	I	I	I	I	I	I	I	I	I	I	I	I	I	I	I	I	I	I	I	I	I	I	I	I	I	I	I	I	I	I	I	I	I	I	I	I	I	I	I	I	I	I	I	I	PI	I	I	I	I	I	I	I	I	I	I	I	I	I	I	I	I	I	I	I	I	I	I	I	I	I	I	I	I	I	I	I	I	I	I	I	I
L1CAM	X	I	I	I	I	I	I	I	I	I	I	I	I	I	I	I	I	I	I	I	PM	I	UL	I	I	I	PM	I	I	I	I	I	I	I	I	I	I	UL	I	PI	I	I	I	I	I	UL	I	I	I	I	UL	I	I	I	I	I	I	I	I	I	I	I	I	I	I	I	I	I	I	UL	I	I	I	I	I	UL	I	I	I	I	I	I	L	I	UL	I	I	I	I	I	I	I	I	I	I	UL	I	I	I	I	I	I	I	I	I	I	I	I	I	I	PI	I	I	UL	I	I	I	I	UL	PG	I	I	I	UL	I	I	I	L	I	UL	I
LAGE3	X	I	I	I	I	I	I	I	I	I	I	I	I	I		I	I	I	I	I	I	I	I	I	I	I	I	I	I	I	I	I	I	I	I	I	I	I	I	I	I	I	I	PI	I	I	I	I	I	I	UL	I	I	I	I	I	I	I	I	I	I	I	I	I	I	I	I	I	I	I	I	I	I	I	I	I	I	I	I	I	I	I	I	I	I	I	I	I	I	I	I	I	I	I	I	I	I	I	I	I	I	I	I	I	I	I	I	I	I	I	I	I	I	I	I	I	I	I	I	PG	I	I	I	I	I	I	I	I	I	UL	I
LAMP2	X	I	I	I	I	I	I	PI	PI	I	I	I	I	I	I	I	L	I	I	I	I	I	I	I	I	I	PM	I	I	I	I	I	I	I	I	I	I	I	I	I	I	I	I	I	PI	I	I	I	I	I	I	I	I	I	I	I	I	I	I	I	I	I	I	I	I	I	I	I	I	I	I	I	I	I	I	I	I	I	PM	PI	I	I	I	I	I	I	I	I	I	I	I	I	I	I		I	I	I	I	I	PI	I	PI	PI	I	I	I	PI	I	I	PI	I	I	I	UL	I	I	I	I	I	I	I	I	L	PI	I	I	I	I	I	I
LANCL3	X	PI	I	I	I	I	UL	UL	I	UL	I	I	I	I		PI	I	I	I	PI	PI	PI	I	UL	I	PI	M	PI	I	I	I	I	I	I	I	UL	UL	PI	I	UL	I	I	I	I	PI	I	I	UL	I	I	L	PI	UL	PI	I	I	L	I	I	I	I	I	UL	I	I	PI	I	I	UL	UL	PI	I	UL	PI	I	UL	I		I	I	I	I	PI	I	I	I	PI	I	I	I	I	PI	PI	I	PI	I	PI	I	I	I	I	I	PI	I	I	I	I	I	I	UL	I	I	UL	PI	PI	I	UL	I	PI	I	PI	PI	PI	PI	PI	I	PI	PI	I	PI	I
LAS1L	X	I	I	I	I	I	I	I	I	I	PI	I	I	I		I	UL	I	I	I	L	I	I	I	I	I	PI	I	I	I	I	I	I	I	I	I	I	I	I	PI	I	I	I	I	I	I	I	I	I	I	L	I	M	I	I	I	I	I	I	I	I	I	I	I	I	I	I	I	I	UL	I	I	I	I	I	PI	I		UL	I	I	PI	PI	I	I	I	I	I	I	I	I	I	PI	I		I	I	I	I	I	I	I	PI	I	I	I	I	I	I	I	PI	I	I	I	I	I	I	I	I	I	I	I	I	I	PI	I	I	I	I	I	I
LDOC1	X	I	I	I	I	I	I	I	I	I	I	I	I	I	I	I	I	M	I	I	PG	I	I	I	I	I	PG	I	I	I	I	I	I	I	I	I	I	I	I	I	I	I	M	I	I	I	I	I	I	I	I	I	I	I	I	I	I	I	I	I	I	I	I	I	I	I	I	I	I	I	I	I	I	I	I	I	I	I	I	I	I	I	M	I	I	I	I	I	I	I	I	I	I	I	I	I	I	I	I	I	I	I	I	I	I	I	I	I	I	I	I	I	I	I	I	I	I	I	I	I	I	I	I	I	I	I	I	I	I	I	I
LHFPL1	X	I	I	I	I	I	I	I	I	I	I	I	I	I	I	I	I	I	I	I	I	I	I	I	I	I	PM	I	I	PI	I	I	I	I	I	I	I	I	I	PI	I	PI	I	I	I	I	I	I	I	I	I	I	PI	I	I	I	PI	I	I	I	I	I	I	I	I	I	I	I	I	I	I	I	I	I	I	I	I	I	I	I	I	I	I	I	I	I	I	I	I	I	I	I	I	I	I	I	I	PI	PI	I	I	I	I	I	I	I	I	PI	I	I	I	I	I	I	I	I	I	I	I	I	I	UL	I	I	I	I	I	L	I	I	I
LONRF3	X	I	I	I	I	I	I	I	I	I	I	I	I	I	I	I	I	I	I	I	M	I	I	I	I	I	PI	I	I	I	I	I	I	I	I	I	I	I	I	I	PI	PI	PI	PI	PI	PI	I	I	I	I	I	PI	I	I	I	I	I	I	I	I	I	I	I	I	I	I	I	I	I	I	PI	I	I	I	I	I	I	I	I	I	I	I	PI	I	UL	I	I	I	I	I	I	I	I	I		UL		I	I		I	I	I	PI		I	I	I	I	I	I	I	I	UL	I	I	I	I	I	I	I	I	I	I	PI	I	I	L	I	UL	M
LPAR4	X	I	I	I	I	I	I	I	I	I	I	I	I	I	I	I	I	I	I	I	I	I	I	I	I	I	M	I	I	I	I	I	I	I	I	I	I	I	I	I	I	I	I	I	I	L	PG	I	I	I	I	I	I	I	I	I	PG	I	I	I	L	I	I	I	I	I	I	I	I	UL	I	I	I	I	I	I	I	I	I	I	I	I	I	I	L	M	L	M	I	I	I	I	I	I	I	I	I	I	I	I	I	I	I	I	I	I	I	I	I	I	I	I	I	UL	I	I	I	I	I	I	I	I	I	I	I	I	I	I	I	I	I
LRCH2	X	I	I	I	I	I	PI	I	I	I	I	I	I	I	I	PI	UL	I	I	PI	PI	I	I	I	I	I	PM	I	I	I	I	I		I	I	I	I	PI	UL	UL	I	I	I	PI	I	PI		PI	I	I	I	I	PI	I	PI	I	I	I	I	I	I	I	I	I	I	I	I	I	I	I	I	I	I	I	I		I		I	PI	I	PI	PI	I	I	PM	I	PI	I	I	I	I	I	I	I	I	I	I			I	I	I	I	I	I	PI		I	I	PI	I	PI	UL	UL	I	I	PI	I	I	I	I	I	UL	PI	I	I	I	I	I	I
LUZP4	X	I	I	UL	I	I	I	I	I	I	I	I	I	UL	I	I	I	I	M	L	I	I	L	I	UL	I	PM	I	I	I	I	I	I	I	UL	I	I	I	I	I	I	I	I	PI	I	I	PI	I	I	I	UL	I	I	I	I	UL	I	M	UL	I	I	I	I	I	I	I	I	I	I	I	I	I	I	I	I	I	I	I	I	I	I	I	I	I	I	M	I	I	I	I	I	I	I	I	I	I	I	I	I	I	PI	I	M	I	I	M	I	I	I	UL	I	I	I	I	I	I	UL	I	I	I	I	M	I	I	PI	I	I	I	I	UL	I
MAGEA1	X	I	I	I	I	I	I	I	I	I	I	I	I	I	I	I	I	I	I	I	I	I	I	I	I	I	I	I	I	I	I	I	I	I	I	I	I	I	I	I	I	I	I	I	I	I	I	I	I	I	I	I	I	I	I	I	I	I	I	I	I	I	I	I	I	I	I	I	I	I	I	I	I	I	I	I	I	I	I	I	I	I	I	I	I	I	I	I	I	I	I	I	I	I	I	I	I	I	I	I	I	I	I		I	I	I	I	I	I	I	I	I	I	I	I	I	I	I	I	I	I	I	I	I	I	I	I	I	I	I
MAGEA10	X	I	I	I	I	I	I	I	I	I	I	I	I	I	I	I	I	I	I	I	I	I	I	I	I	I	I	I	I	I	I	I	I	I	I	I	I	I	I	I	I	I	I	I	I	I	I	I	I	I	I	I	I	I	I	I	I	I	I	I	I	I	I	I	I	I	I	I	I	I	I	I	I	I	I	I	I	I	I	I	I	I	I	I	I	I	I	I	I	I	I	I	I	I	I	I	I	I	I	I	I	I	I	I	I	I	I	I	I	I	I	I	I	I	I	I	I	I	I	I	I	I	I	I	I	I	I	I	I	I	I
MAGEA11	X	I	I	I	I	UL	I	I	I	I	I	I	I	I	I	I	I	I	I	I	I	I	I	I	I	I	UL	UL	I	I	I	I	I	I	I	I	I	I	I	I	UL	I	I	I	I	UL	I	I	I	I	I	I	I	I	I	I	I	PI	I	I	I	I	I	I	I	I	I	I	I	I	I	I	I	I	I	I	I	I	I	I	I	I	I	I	I	I	I	UL	UL	I	I	I	I	I	I	I	I	I	I	I	I	I	I	I	I	I	I	I	I	I	I	UL	I	I	I	I	I	UL	I	UL	I	UL	I	I	I	I	I	I	I	I	I
MAGEA12	X	I	I	I	L	I	I	I	I	I	I	I	I	I	I	I	I	I	I	I	I	I	I	I	UL	I	L	I	I	I	I	I	I	I	I	I	I	I	I	I	I	I	I	I	I	I	I	I	I	I	I	I	I	I	I	I	I	I	I	I	I	I	I	I	I	I	I	I	I	I	I	I	I	I	I	I	I	I	I	I	I	I	UL	I	I	I	I	I	I	I	I	I	I	I	I	I	I	I	I	I	I	I	I	I	I	I	I	I	I	I	I	I	I	I	I	I	L	I	I	I	I	I	I	I	I	I	I	I	I	I	I
MAGEA2	X	I	I	I	I	I	I	I	I	I	I	I	I	I	I	I	I	I	I	I	I	I	I	I	I	I	I	I	I	I	I	I	I	I	I	I	I	I	I	I	I	I	I	I	I	I	I	I	I	I	I	I	I	I	I	I	I	I	I	I	I	I	I	I	I	I	I	I	I	I	I	I	I	I	I	I	I	I	I	I	I	I	I	I	I	I	I	I	I	I	I	I	I	I	I	I	I	I	I	I	I	I	I	I	I	I	I	I	I	I	I	I	I	I	I	I	I	I	I	I	I	I	I	I	I	I	I	I	I	I	I
MAGEA2B	X	I	I	I	I	I	I	I	I	I	I	I	I	I	I	I	I	I	I	I	I	I	I	I	I	I	I	I	I	I	I	I	I	I	I	I	I	I	I	I	I	I	I	I	I	I	I	I	I	I	I	I	I	I	I	I	I	I	I	I	I	I	I	I	I	I	I	I	I	I	I	I	I	I	I	I	I	I	I	I	I	I	I	I	I	I	I	I	I	I	I	I	I	I	I	I		I	I	I	I	I	I		I	I	I	I	I	I	I	I	I	I	I	I	I	I	I	I	I	I	I	I	I	I	I	I	I	I	I
MAGEA3	X	I	I	I	I	I	I	I	I	I	I	I	I	I	I	I	I	I	I	I	I	I	I	I	I	I	I	I	I	I	I	I	I	I	I	I	I	I	I	I	I	I	I	I	I	I	I	I	I	I	I	I	I	I	I	I	I	I	I	I	I	I	I	I	I	I	I	I	I	I	I	I	I	I	I	I	I	I	I	I	I	I	I	I	I	I	I	I	I	I	I	I	I	I	I	I	I	I	I	I	I	I	I	I	I	I	I	I	I	I	I	I	I	I	I	I	I	I	I	I	I	I	I	I	I	I	I	I	I	I	I
MAGEA4	X	I	I	I	I	I	I	I	I	I	I	I	I	I	I	I	I	I	I	I	I	I	I	I	I	I	I	I	I	I	I	I	I	I	I	I	I	I	I	I	I	I	I	I	I	I	I	I	I	I	I	I	I	I	I	I	I	I	I	I	I	I	I	I	I	I	I	I	I	I	I	I	I	I	I	I	I	I	I	I	I	I	I	I	I	I	I	I	I	I	I	I	I	I	I	I	I	I	I	I	I	I	I	I	I	I	I	I	I	I	I	I	I	I	I	I	I	I	I	I	I	I	I	I	I	I	I	I	I	I	I
MAGEA6	X	I	I	I	I	I	I	I	I	I	I	I	I	I	I	I	I	I	I	I	I	I	I	I	I	I	I	I	I	I	I	I	I	I	I	I	I	I	I	I	I	I	I	I	I	I	I	I	I	I	I	I	I	I	I	I	I	I	I	I	I	I	I	I	I	I	I	I	I	I	I	I	I	I	I	I	I	I	I	I	I	I	I	I	I	I	I	I	I	I	I	I	I	I	I	I		I	I	I	I	I	I	I	I	I	I	I	I	I	I	I	I	I	I	I	I	I	I	I	I	I	I	I	I	I	I	I	I	I	I
MAGEA8	X	I	I	I	I	I	I	I	I	I	I	I	I	I	I	I	I	I	I	I	I	I	I	I	I	I	I	I	I	I	I	I		I	I	I	I	I	I	I	I	I	I	I	I	I	I	I	I	I	I	I	I	I	I	I	I	I	I	I	I	I	I	I	I	I	I	I	I	I	I	I	I	I	I	I	I	I	I	I	I	I	I	I	I	I	I	I	I	I	I	I	I	I	I	I	I	I	I	I	I	I	I	I	I	I	I	I	I	I	I	I	I	I	I	I	I	I	I	I	I	I	I	I	I	I	I	I	I	I	I
MAGEA9	X	I	I	I	I	I	I	I	I	I	I	I	I	I	I	I	I	I	I	I	I	I	I	I	I	I	I	I	I	I	I	I	I	I	I	I	I	I	I	I	I	I	I	I	I	I	I	I	I	I	I	I	I	I	I	I	I	I	I	I	I	I	I	I	I	I	I	I	I	I	I	I	I	I	I	I	I	I	I	I	I	I	I	I	I	I	I	I	I	I	I	I	I	I	I	I	I	I	I	I	I	I	I	I	I	I	I	I	I	I	I	I	I	I	I	I	I	I	I	I	I	I	I	I	I	I	I	I	I	I	I
MAGEA9B	X	I	I	I	I	I	I	I	I	I	I	I	I	I	I	I	I	I	I	I	I	I	I	I	I	I	I	I	I	I	I	I	I	I	I	I	I	I	I	I	I	I	I	I	I	I	I	I	I	I	I	I	I	I	I	I	I	I	I	I	I	I	I	I	I	I	I	I	I	I	I	I	I	I	I	I	I	I	I	I	I	I	I	I	I	I	I	I	I	I	I	I	I	I	I	I	I	I	I	I	I	I	I	I	I	I	I	I	I	I	I	I	I	I	I	I	I	I	I	I	I	I	I	I	I	I	I	I	I	I	I
MAGEB1	X	I	I	I	I	I	I	I	I	I	I	I	I	I	I	I	I	I	I	I	I	I	I	I	I	I	I	I	I	I	I	I	I	I	I	I	I	I	I	I	I	I	I	I	I	I	I	I	I	I	I	I	I	I	I	I	I	I	I	I	I	I	I	I	I	I	I	I	I	I	I	I	I	I	I	I	I	I	I	I	I	I	I	I	I	I	I	I	I	I	I	I	I	I	I	I	I	I	I	I	I	I	I	I	I	I	I	I	I	I	I	I	I	I	I	I	I	I	UL	I	I	I	I	I	I	I	I	I	I	I	I
MAGEB10	X	I	I	I	I	I	I	I	I	I	I	I	I	I	I	I	I	I	I	I	I	I	I	I	I	I	I	I	I	I	I	I		I	I	I	I	I	I	I	I	I	I	I	I	I	I	I	I	I	I	I	I	I	I	I	I	I	I	I	I	I	I	I	I	I	I	I	I	I	I	I	I	I	I	I	I	I	I	I	I	I	I	I	I	I	I	I	I	I	I	I	I	I	I	I	I	I	I	I	I	I	I		I	I	I	I	I	I	I	I	I	I	I	I	I	I	I	I	I	I	I	I	I	I	I	I	I	I	I
MAGEB16	X	I	I	I	I	I	I	I	I	I	I	I	I	I	I	I	I	I	I	I	I	I	I	I	I	I	I	I	I	I	I	I	I	I	I	I	I	I	I	I	I	I	I	I	I	I	I	I	I	I	I	I	I	I	I	I	I	I	I	I	I	I	I	I	I	I	I	I	I	I	I	I	I	I	I	I	I	I	I	I	I	I	I	I	I	I	I	I	I	I	I	I	I	I	I	I	I	I	I	I	I	I	I	I	I	I	I	I	I	I	I	I	I	I	I	I	I	I	I	I	I	I	I	I	I	I	I	I	I	I	I
MAGEB17	X	I	I	I	I	I	I	I	I	I	I	I	I	I	I	I	I	I	I	I	I	I	I	I	I	I	I	I	I	I	I	I	I	I	I	I	I	I	I	I	I	I	I	I	I	I	I	I	I	I	I	I	I	I	I	I	I	I	I	I	I	I	I	I	I	I	I	I	I	I	I	I	I	I	I	I	I	I	I	I	I	I	I	I	I	I	I	I	I	I	I	I	I	I	I	I	I	I	I	I	I	I	I	I	I	I	I	I	I	I	I	I	I	I	I	I	I	I	I	I	I	I	I	I	I	I	I	I	I	I	I
MAGEB18	X	I	I	I	I	I	I	I	I	I	I	I	I	I	I	I	I	I	I	I	I	I	I	I	I	I	I	I	I	I	I	I	I	I	I	I	I	I	I	I	I	I	I	I	I	I	I	I	I	I	I	I	I	I	I	I	I	I	I	I	I	I	I	I	I	I	I	I	I	I	I	I	I	I	I	I	I	I	I	I	I	I	I	I	I	I	I	I	I	I	I	I	I	I	I	I	I	I	I	I	I	I	I	I	I	I	I	I	I	I	I	I	I	I	I	I	I	I	I	I	I	I	I	I	I	I	I	I	I	I	I
MAGEB2	X	I	I	I	I	I	I	I	I	I	I	I	I	I	I	I	I	I	I	I	I	I	I	I	I	I	I	I	I	I	I	I	I	I	I	I	I	I	I	I	I	I	I	I	UL	I	I	I	I	I	I	I	I	I	I	I	I	I	I	I	I	I	I	I	I	I	I	I	I	I	I	I	I	I	I	I	I	I	I	I	I	I	I	I	I	I	I	I	I	I	I	I	I	I	I	I	I	I	I	I	I	I	I	I	I	I	I	I	I	I	I	I	I	I	I	I	I	I	I	I	I	I	I	I	I	I	I	UL	I	I	I
MAGEB3	X	I	I	I	I	I	I	I	I	I	I	I	I	I	I	I	I	I	I	I	I	I	I	I	I	I	I	I	I	I	I	I	I	I	I	I	I	I	I	I	I	I	I	I	I	I	I	I	I	I	I	I	I	I	I	I	I	I	I	I	I	I	I	I	I	I	I	I	I	I	I	I	I	I	I	I	I	I	I	I	I	I	I	I	I	I	I	I	I	I	I	I	I	I	I	I	I	I	I	I	I	I	I	I	I	I	I	I	I	I	I	I	I	I	I	I	I	I	I	I	I	I	I	I	I	I	I	I	I	I	I
MAGEB4	X	I	I	I	I	I	I	I	I	I	I	I	I	I	I	I	I	I	I	I	I	I	I	I	I	I	L	I	I	I	I	I		I	I	I	I	I	I	I	L	I	I	I	UL	I	I	I	I	I	I	I	I	I	I	I	I	I	I	I	I	I	I	I	I	I	I	I	I	I	I	I	I	I	I	I	I	I	I	I	I	I	I	I	I	I	I	I	I	I	I	I	I	I	I	I	I	I	I	I	I	I	I	I	I	I	I	I	I	I	L	I	I	I	I	I	I	I	I	I	I	I	I	I	I	I	I	UL	I	I	UL
MAGEB5	X	I	I	I	I	I	I	I	I	I	I	I	I	I	I	I	I	UL	I	I	I	I	I	I	I	I	I	I	I	I	UL	UL	I	I	I	I	I	UL	I	I	I	I	I	I	I	I	I	I	I	I	I	UL	I	UL	I	I	I	UL	UL	I	I	I	I	I	UL	I	I	I	I	I	I	I	I	I	I	I	I	I	I	I	I	I	I	I	I	I	I	I	I	I	I	I	UL	I	I	I	I	I	UL	I	I	UL	I	UL	UL	I	I	I	I	I	I	I	I	I	I	I	I	I	I	UL	I	I	I	I	I	L	I	UL	I	I	UL
MAGEB6	X	I	I	I	I	I	I	I	I	I	I	I	I	I	I	I	I	I	I	I	I	I	I	I	I	I	I	I	I	I	I	I	I	I	I	I	I	I	I	I	I	I	I	I	I	I	I	I	I	I	I	I	I	I	I	I	I	I	I	I	I	I	I	I	I	I	I	I	I	I	I	I	I	I	I	I	I	I	I	I	I	I	I	I	I	I	I	I	I	I	I	I	I	I	I	I	I	I	I	I	I	I	I	I	I	I	I	I	I	I	I	I	I	I	I	I	I	I	I	I	I	UL	I	I	I	I	I	I	I	I	I
MAGEB6B	X	I	I	I	I	I	I	L	I	L	M	I	I	I		I	I	I	I	I	L	I	I	I	I	I	L	I	I	I	UL	I	I	I	I	I	I	UL	UL	I	L	I	M	I	UL	I	I	I	I	I	I	I	I	I	UL	I	I	I	I	I	I	I	I	I	I	I	I	I	I	I	I	I	I	I	I	I	I	I	I	I	I	I	I	I	I	L	I	I	I	I	I	I	I	I	I	I	I	I	I	L	I	I	I	L	UL	UL	UL	UL	I	UL	I	I	I	I	I	I	I	I	I	I	L	UL	I	I	I	I	I	I	I	I	I
MAGEC1	X	I	I	I	I	I	I	I	I	I	I	I	I	I	I	I	I	I	I	I	I	I	I	I	I	I	I	I	I	I	I	I	I	I	I	I	I	I	I	I	I	I	I	I	I	I	I	I	I	I	I	I	I	I	I	I	I	I	I	I	I	I	I	I	I	I	I	I	I	I	I	I	I	I	I	I	I	I	I	I	I	I	I	I	I	I	I	I	I	I	I	I	I	I	I	I	I	I	I	I	I	I	I	I	I	I	I	I	I	I	I	I	I	I	I	I	I	I	I	I	I	I	I	I	I	I	I	I	I	I	I
MAGEC2	X	I	I	I	I	I	I	I	I	I	I	I	I	I	I	I	I	I	I	I	I	I	I	I	I	I	I	I	I	I	I	I	I	I	I	I	I	I	I	I	I	I	I	I	I	I	I	I	I	I	I	I	I	I	I	I	I	I	I	I	I	I	I	I	I	I	I	I	I	I	I	I	I	I	I	I	I	I	I	I	I	I	I	I	I	I	I	I	I	I	I	I	I	I	I	I	I	I	I	I	I	I	I	I	I	I	I	I	I	I	I	I	I	I	I	I	I	I	I	I	I	I	I	I	I	I	I	I	I	I	I
MAGEC3	X	I	I	I	I	I	I	I	I	I	I	I	I	I	I	I	I	I	I	I	I	I	I	I	I	I	I	I	I	I	I	I	I	I	I	I	I	I	I	I	I	I	I	I	I	I	I	I	I	I	I	I	I	I	I	I	I	I	I	I	I	I	I	I	I	I	I	I	I	I	I	I	I	I	I	I	I	I	I	I	I	I	I	I	I	I	I	I	I	I	I	I	I	I	I	I	I	I	I	I	I	I	I	I	I	I	I	I	I	I	I	I	I	I	I	I	I	I	I	I	I	I	I	I	I	I	I	I	I	I	I
MAGED1	X	I	I	I	I	I	I	I	I	I	I	I	I	I	I	I	I	I	I	I	PI	I	I	I	I	I	PI	I	I	I	I	I	I	I	I	I	I	I	I	I	I	I	I	I	I	I	I	I	I	I	I	I	I	I	I	I	I	I	I	I	I	I	I	I	I	I	I	I	I	I	I	I	I	I	I	I	I	I	I	I	I	I	L	I	I	I	I	I	I	I	I	I	I	I	I	I	I	I	I	I	I	I	I	I	I	I	I	I	I	I	I	I	I	I	I	I	I	I	I	I	I	I	I	I	PI	I	I	I	I	I	I
MAGED2	X	I	I	I	I	I	I	I	I	I	I	I	PI	PI	I	I	I	PI	I	I	UL	I	I	I	I	I	PI	I	I	I	I	I	PI	I	I	I	I	I	I	I	I	I	PI	I	I	I	I	I	I	I	I	I	I	I	I	PI	I	I	I	I	I	I	I	I	I	I	I	I	I	I	I	I	I	I	I	I	I	I	I	I	PI	I	I	I	I	I	I	I	I	I	I	I	I	I	PI	I	PI	I	PI	PI	I	I	I	PI	PI	PI	I	PI	I	I	I	I	I	UL	I	I	I	I	I	I	I	I	PI	I	I	I	I	I	I	I	I
MAGED4	X	PI	I	I	I	I	I	I	I	I	I	I	I	I	I	I	I	I	I	UL	PI	I	UL	I	I	I	I	I	I	I	I	I	I	I	I	I	PI	I	I	I	I	I	I	I	I	UL	UL	I	I	I	UL	I	I	I	I	I	I	I	PI	I	UL	I	I	I	I	I	I	I	I	I	I	UL	I	I	UL	UL	I	I	UL	UL	I	UL	L	I	UL	I	UL	UL	I	I	I	I	I	I	I	I	I	I	I	I	I	I	I	I	I	I	I	I	I	I	PI	I	I	I	I	I	I	I	I	I	I	UL	PI	I	I	I	I	I	I	I	I
MAGED4B	X	I	I	I	I	I	I	I	I	I	I	I	I	I	I	I	I	I	I	I	PI	I	I	PI	I	I	I	I	I	I	I	I	I	I	I	I	I	I	I	I	I	I	I	I	I	UL	I	I	I	I	I	I	I	I	I	I	I	I	I	I	I	I	I	I	I	I	I	I	I	I	I	PI	I	I	PI	I	I	I	I	I	I	I	I	I	UL	I	I	I	I	I	I	I	I	I	I	I	I	I	I	I	I	I	I	I	I	I	I	I	I	I	I	I	I	I	I	I	I	I	I	I	I	I	I	I	I	I	I	I	I	PI	I
MAGEE1	X	M	I	M	I	I	I	I	I	I	I	I	I	I	I	I	L	I	I	I	M	I	I	I	UL	I	PG	M	I	I	I	I	I	I	UL	I	I	UL	I	PG	I	I	I	I	I	I	I	I	I	I	L	I	I	I	I	I	PG	I	I	I	I	I	I	I	I	I	I	I	I	I	L	I	I	UL	M	M	I	M	I	I	I	M	M	I	I	I	I	I	I	I	L	I	M	I	I	UL	I	I	I	I	I	I	I		I	I	I	I	I	UL	I	I	I	UL	I	I	I	I	I	I	I	I	I	UL	M	I	I	I	I	I	M
MAGEE2	X	I	I	I	I	I	I	I	I	I	I	I	I	I	I	I	I	I	I	I	PG	I	I	I	I	I	M	I	I	I	I	I	UL	UL	I	I	I	I	I	PG	I	I	I	I	I	L	PG	I	I	I	I	I	I	I	I	I	I	I	I	I	L	I	PG	I	I	I	I	I	I	I	I	I	I	I	I	I	I	I	I	I	I	I	I	I	M	M	M	M	I	I	I	I	M	I	I	I	I	I	I	I	I	I	I	I	I	I	I	I	I	I	I	I	I	I	I	I	I	I	I	I	I	I	I	UL	PG	I	I	L	I	UL	I
MAGEH1	X	I	I	I	I	I	I	I	I	I	I	I	I	I	I	I	I	I	I	I	L	I	I	I	I	L	PG	I	I	I	I	I	I	I	I	I	I	I	UL	I	I	I	I	I	I	I	I	I	I	I	L	I	I	I	I	I	L	I	I	I	I	I	I	I	I	I	I	I	I	I	I	I	I	M	I	I	I	I	I	I	I	I	L	I	I	PG	I	I	I	I	I	I	I	I	I	I	I	I	I	I	I	I	I	I	I	I	I	I	I	I	I	I	I	L	L	I	M	I	I	I	I	I	I	I	L	I	I	L	I	L	M
MAGIX	X	UL	I	I	I	I	I	I	I	I	PI	I	I	I	I	I	I	I	I	I	UL	I	UL	I	I	UL	I	I	I	I	I	I	I	I	I	I	I	L	I	PM	I	I	I	I	I	I	M	I	I	I	UL	I	I	I	I	I	I	I	I	I	I	I	I	I	I	I	I	I	I	I	M	I	I	I	UL	UL	UL	UL	UL	UL	L	L	L	I	I	PI	I	I	L	I	I	I	I	I	PI	I	PI	I	I	I	I	I	I	I	I	I	I	I	I	I	I	I	I	UL	I	I	I	I	I	I	I	I	I	I	PI	I	I	UL	I	I	I
MAGT1	X	I	I	PI	I	I	PI	L	PI	PI	PI	L	L	PI	L	I	I	I	PI	I	L	PI	L	I	I	I	PM	I	PI	PI	PI	PI	PI	L	I	PI	I	I	I	L	I	PI	M	I	PI	PI	I	I	I	I	I	PI	I	I	I	L	PG	PI	PI	PI	PM	I	I	I	I	I	I	I	UL	I	L	I	I	PI	PI	PI	I		PI	UL	UL	PI	M	I	I	PI	I	I	I	I	I	I	PI	I	PI	PI	PI	L	PI	PI	PI	I	L	L	I	PI	I	PI	I	I	I	I	PI	I	PI	I	I	PI	I	I	PI	I	L	I	PI	I	I	I	I	I	M
MAMLD1	X	I	I	M	I	I	I	I	I	I	I	I	I	I	I	I	I	I	I	M	PM	I	UL	I	I	I	L	I	I	I	I	I	I	I	I	I	I	I	I	M	I	I	I	I	I	I	I	I	I	I	I	I	I	I	I	I	I	I	I	I	I	I	I	I	I	I	I	I	I	I	I	I	I	I	I	I	I	I	I	M	I	I	UL	I	UL	I	I	I	I	I	I	I	I	I	I	I	I	I	I	I	I	I	I		I	I	I	I	I	I	I	I	I	L	I	I	I	I	UL	I	I	L	I	UL	I	I	I	L	I	L	I
MAOA	X	I	I	I	I	I	I	I	PI	PI	I	I	I	I	I	I	UL	I	I	PI	PI	I	I	I	I	I	PI	I	I	I	I	I		I	I	I	I	I	I	PI	I	I	PI	I	PI	I		PI	I	I	I	I	I	I	I	I	L	I	I	I	I	I	I	I	I	I	I	I	I	I	I	I	I	I	PI	I	I	I	PI	I	PI	PI	PI	I	I	PI	I	I	I	I	I	I	PI	I	I	I	I	I	I	I	I	I	I		I	I	I	PI	I	I	UL	I	I	I	UL	I	I	I	I	I	I	I	I	UL	I	I	I	UL	I	I	I
MAOB	X	I	I	I	I	I		I	I	I	I	I	I	I		I	I	I	I	I	I	I	I	I	I	I	PM	PI	I	I	I	I	I	I	I	I	I	I	PM	I	I	I	I	I	I	PI	I		I	I	I	PI	I	I	I	I	L	I	I	I	UL	I	I	I	I	I	I	I	I	UL	PI	I	I	I	I	I	I	I	I	PI	PI	I	I	I	I	PI	I	I	I	I	I	I	PI	I	I	I	I	I	I	I	I	I	I	I	I	I	I	I	I	I	I	PI	PI	I	PI	I	I	I	I	I	I	I	I	I	I	I	I	I	I	I	I
MAP3K15	X	I	I	PI	I	I	M		UL	PM	UL	UL	PI	PI		I	UL	PI	PI	UL	PI	PI	I	UL	I	I	PM	UL	UL	L	UL	UL			UL	I	UL	I	I	UL	I	I	I	I	I	PI		UL	I	PI	UL	PI	PI	I	PI		L	I	I	I	UL	I	I	I	I	I	I	I	UL	I	I	I	I	UL			I		UL	PI	I	I	PI	I	UL	UL	PI	I	I	PI	I	I	UL	I		PI	UL	UL	UL		UL	I	UL	UL	M		UL	UL	I	I	I	I	UL	UL	PI	I	I	L	I	I	PI	I		PI	PI	I	I	I	I	UL	I
MAP7D2	X	PI	I	I	I	I	I	I	I	I	I	I	I	I	I	PI	I	I	I	I	PI	PI	I	I	I	I	PI	I	I	I	I	I	I	I	I	I	I	I	I	PI	I	I	I	I	I	UL	PI	I	I	I	UL	PI	I	I	I	I	L	PI	PI	I	I	I	I	I	I	I	I	I	I	I	I	I	I	I	I	PI	I	I	I	PI	I	I	PI	I	UL	PI	I	I	I	I	I	I	M	I	I	PI	I	I	I	I	I	I	I	I	I	I	I	I	I	I	I	I	I	I	I	PI	I	I	I	I	I	I	I	UL	I	I	I	UL	I	UL	PI
MAP7D3	X	I	I	I	L	L	I	I	I	I	I	I	I	I	I	UL	UL	UL	PI	I	I	I	UL	I	I	I	PI	I	UL	UL	UL	UL	I	I	I	I	I	I	I	I	I	I	I	I	I	UL			I	I	UL	I	I	I	PI	I	I	UL	UL	I	I	I	I	I	I	I	I	I	I	UL	I	I	I	PI	PI	PI	UL		I	I	I	I	PI	I	I	PI	I	I	I	I	I	I	PI	I	UL	UL	UL	UL	UL	UL	UL	UL	UL	UL	UL	UL	UL	UL	I	I	I	I	I	UL	UL	I	UL	UL	I	I	PI	I	I	I	PI	I	I	I	I	I	PI
MBNL3	X	I	I	I	I	I	I	I	I	I	I	I	I	I	I	I	I	I	I	I	UL	I	I	I	I	I	PI	I	I	I	I	I	I	I	I	I	I	I	I	I	I	I	I	I	I	I	I	I	I	I	I	I	I	I	PI	I	I	I	I	I	I	I	I	I	I	I	I	I	I	I	I	I	I	I	PI	PI	I	I	I	PI	I	I	I	I	I	PI	I	I	I	I	I	I	I	I	I	I	I	I	I	I	I	I	I	I	I	I	I	I	I	I	I	I	I	I	UL	I	I	I	UL	I	I	I	I	I	I	I	UL	I	I	I	PI
MBTPS2	X	I	I	I	I	I	I	PI	PI	PI	I	I	I	I		I	I	I	I	I	I	PI	PI	I	I	I	PI	I	I	I	I	I	I	I	I	I	I	I	PI	I	I	I	I	I	I	UL	PM	I	I	I	I	I	PI	I	I	I	PI	I	I	I	I	I	I	I	I	I	I	I	I	UL	L	I	I	I	PI	PM	I	M	PI	PI	I	PI	I	I	I	UL	I	I	I	I	I	I	UL	I	PI	I	I	I	I	I	I	I	I	I	I	I	I	I	I	I	I	PI	PI	UL	L	I	I	I	I	I	I	I	I	I	PI	I	I	I	I	I	I
MCF2	X	I	I	I	I	I	I		I	I	I	I	I		I	I	I	I	I	I	PI	I	I	I	I	I	PI	I	PI	PI	PM	I			I	I	I	I	I	I	I	PI	I	I	I	I	I	I	I	I	I	I	I	I	I		I	I	I	I	I	I	I	I	I	I	I	I	I	UL	I	I	PI	I	PI		I		PI	I	I	PI	I	I	I	PI	I	I	I	I	I	I	UL	I	I	PI			I	PI	I	I	I	I	I	I	I	I	I	I	I	I	PM	UL	UL	I	I	I	L	I	I	I	I	I	PI	I	I	UL	I	I	PI
MCTS1	X	I	I	I	I	I	I	PI	I	I	I	I	I	I	I	I	I	PI	I	I	PI	I	M	I	I	I	UL	I	I	I	I	I	I	I	I	I	I	I	I	I	I	PI	I	I	I	I	I	I	I	I	I	I	I	I	I	I	I	I	I	I	I	I	I	I	I	I	I	I	I	I	I	I	I	I	I	I	I	I	I	I	I	I	I	I	I	PI	I	PI	I	I	I	I	I	I	I	I	I	I	I	I	I	I	I	PI	I	I	I	I	I	I	I	I	I	I	PI	I	I	I	I	I	I	I	I	I	PI	I	I	I	I	I	I
MECP2	X	I	I	I	M	I	I	I	I	I	I	I	I	I	I	I	I	I	I	I	PM	UL	I	I	I	I	I	I	I	I	I	I	I	I	I	I	I	UL	I	M	I	I	I	I	I	I	I	I	I	I	L	I	I	I	I	I	I	I	I	I	I	I	UL	I	I	I	I	I	I	UL	I	I	I	M	M	I	I	I	I	I	I	I	M	I	UL	I	I	I	I	I	I	I	I	I	I	L	I	I	I	I	UL	I	I	I	I	I	I	I	I	UL	I	I	I	UL	I	I	UL	I	UL	PG	I	I	PM	L	I	I	I	I	I	UL	I
MED12	X	I	I	PI	I	I	I	I	PI	I	I	I	I	I	I	I	PI	I	I	I	PM	I	I	I	I	I	PI	PI	I	I	I	I	I	I	I	I	PI	I	I	UL	I	I	I	I	I	I	I	I	I	M	I	I	I	I	I	I	I	I	PI	I	I	I	I	I	I	I	I	I	I	I	I	I	I	I	I	I	I		I	I	I	I	L	I	UL	PM	I	PI	I	I	I	I	PM	PI	I	PI		I	I	I	I	I	PI	I	I	I	I	PI	I	I	I	I	I	UL	I	I	UL	PI	I	I	I	I		I	PI	I	I	UL	I	UL	I
MED14	X	I	I	PI	I	I	I		I	I	PI	I	I	I	I	I	UL	I	I	I	UL	PI	I	I	I	I	PI	PI					I	I	I	I	I	UL	I	UL	I	PI	UL	I	I	UL		I	I	I	I	I	I	I	I		M	I	I	I	I	I	I	I	I	I	I	I	I	I	I	I	I	I		PI	I	I	PI	I	I	I	PI	I	I	PI	I	I	I	I	I	I	I	I	I	PI						I	I		I				I	I	I	UL	I	I	PI	I	I	I	UL	I	I	I		I	PI	I	I	L	I	I	PI
MID1	X	PI	I	I	PI	I	I	PI	I	I	I	I	I	I	I	I	I	I	I	I	PI	I	PI	I	I	I	PM	I	PI	PI	PI	PI	I	I	PI	I	I	I	I	I	I	I	PI	I	I	I	I	I	I	I	I	PI	I	I	I	I	PI	PI	I	I	I	I	I	I	I	I	I	I	I	I	I	I	I	I	PI	PI	I	I	PI	PI	I	I	I	I	I	UL	I	I	I	PI	I	I	PI	I	PI	PI	PI	PI	PI	PI	PI	I	I	PI	PI	PI	PI	PI	I	I	I	I	PI	UL	I	I	I	I	I	I	I	I		I	I	I	I	I	I	I	I
MID1IP1	X	I	I	I	I	I	I	I	I	I	I	I	I	I	I	I	I	M	I	I	I	I	I	I	I	I	M	I	I	I	I	I	I	I	I	I	I	I	I	I	I	I	I	I	I	M	I	I	I	I	I	I	I	I	I	I	M	I	I	I	I	I	I	I	I	I	I	I	I	I	I	I	I	I	I	I	I	I	I	I	I	I	M	I	I	I	I	I	I	I	I	I	I	I	I	L	I	I	I	I	I	I	I	I	I	I	I	I	I	I	I	I	I	I	I	I	I	M	I	I	I	I	I	UL	I	I	I	I	I	I	I
MID2	X	I	I	I	I	I	I	I	I	I	I	I	I	I	I	I	I	I	I	I	I	I	I	I	I	I	PI	I	I	I	I	I	I	I	I	I	I	I	I	I	I	I	PI	I	I	I	I	I	I	I	UL	PI	PI	I	I	I	I	I	I	I	I	I	I	I	I	I	I	I	I	I	I	I	I	I	I	I	I	PI	PI	I	I	I	M	I	I	I	I	I	I	I	I	PI	I	PI	I	I	I	I	I	I	I	I	I	I	I	I		I	I	I	I	I	I	I	PI	I	I	I	I	I	I	I	I	I	PI	I	I	UL	I	I	I
MMGT1	X	I	I	I	I	I	I	I	I	I	I	I	I	I	I	I	I	I	I	UL	PI	I	I	I	I	I	I	I	I	I	I	I	I	I	I	I	I	I	I	I	I	I	I	PI	I	UL	I	I	I	I	I	I	I	I	I	I	I	I	I	I	I	I	I	I	I	I	I	I	I	I	I	I	I	I	I	PI	I	PI	I	PI	I	I	I	I	I	PI	I	I	I	I	I	I	PI	PI	I	I	I	I	I	I	I	I	PI	I	I	I	I	I	I	I	I	I	I	I	PI	I	I	I	I	I	PI	I	PI	I	I	I	I	I	I	I	I
MORC4	X	I	I	I	I	I	I	I	I	I	I	I	I	I	I	I	I	I	I	I	PI	I	I	I	I	I	PI	I	I	I	I	I	I	I	I	I	I	I	I	PM	I	I	I	I	I	I			I	I	I	I	I	I	I	I	I	I	I	I	I	I	I	I	I	I	I	I	I	I	I	I	I	I		PI	I		I	I	I	I	PI	I	I	PI	PI	I	I	I	I	I	I	I	I	I	I	I		I	PI	I	I	PI	I	I	PI	PI	I	PG	I	I	I	I	PI	I	I	I	I	I	I	I		I	PI	I	I	UL	I	I	I
MORF4L2	X	I	I	I	I	I	I	I	I	I	I	I	I	I	I	I	I	M	M	I	I	I	I	I	I	I	M	M	I	I	I	I	I	I	I	I	L	I	I	I	I	I	I	I	I	UL	M	I	I	I	UL	I	I	I	I	I	I	I	I	I	I	I	I	I	I	I	I	I	I	I	I	I	I	L	M	I	I	I	I	I	I	I	L	I	I	M	M	I	I	I	L	I	I	I	M	M	M	I	I	I	I	I	I	I	I	I	I	I	I	I	M	I	I	UL	M	I	I	I	L	I	I	I	I	L	I	I	I	UL	I	I	M
MOSPD1	X	I	I	I	I	I	I	PI	I	I	I	I	I	I		I	I	I	I	I	PI	I	I	I	I	I	PI	I	I	I	I	I	I	I	I	I	I	I	I	I	I	I	I	I	I	I	PI	I	I	I	UL	I	I	I	I	I	I	I	I	I	I	I	I	I	I	I	I	I	I	I	I	I	I	I	I	PI	I	I	PI	M	I	I	I	I	I	PI	I	I	I	I	I	I	M	I	I	I	I	I	I	I	I	I	I	I	PI	I	I	I	I	I	I	I	I	I	PI	I	I	I	I	I	I	I	I	I	I	I	I	UL	I	I	I
MOSPD2	X	I	I	I	I	I	I	I	I	I	I	I	I	I	I	I	I	I	I	I	PI	I	I	I	I	I	PI	I	I	I	I	I	I	I	I	I	I	I	I	UL	I	I	UL	I	I	I	I	UL	I	I	I	I	I	I	I	I	I	I	I	I	I	I	I	I	I	I	I	I	I	I	PI	I	I	I	PI		I	I	I	I	I	I	I	I	I	PI	PI	I	I	I	I	UL	PI	I	I	I	I	I	I	I	I	I	I	I	I	I	I	I	I	I	I	PI	I	I	PI	I	I	I	I	I	I	I	I	UL	I	I	PI	I	I	I	I
MPC1L	X	I	UL	I	UL	UL	I	I	I	I	I	I	I	I	I	I	I	I	I	I	I	I	I	L	I	UL	M	I	UL	UL	UL	UL	I	I	L	UL	I	I	I	M	I	I	I	M	I	L	L	L	L	L	I	I	I	I	I	I	M	I	I	UL	L	UL	UL	UL	UL	UL	UL	UL	UL	UL	UL	UL	UL	UL	UL	I	UL	I	I	UL	UL	UL	M	I	L	L	L	UL	I	I	UL	UL	UL	I	I	I	I	I	I	I	I	I	I	I	I	I	I	I	I	I	I	I	I	UL	I	I	I	I	I	I	I	I	I	I	I	UL	UL	I	I	I	I
MPP1	X	I	I	I	UL	I	I	I	I	I	I	I	I	I	I	I	I	I	I	I	PI	I	I	I	I	I	PI	I	I	I	I	I		I	I	I	I	I	I	I	I	I	L	I	UL	UL		I	I	I	I	I	I	I	I	I	I	I	I	I	I	I	I	I	I	I	I	I	I	I	I	I	UL	I	I	I	I		PI	I	I	UL	I	I	I	UL	I	PI	I	I	I	I	I	UL	I	I	I	I	I	I	I	I	I	I	I	I	I	I	I	I	I	I	I	I	UL	I	I	I	I	M	I	PI	I	UL	I	I	I	I	I	I	I
MSL3	X	I	I	I	I	I	I	I	I	I	I	I	I	I	I	I	I	I	I	I	I	I	I	I	I	I	PI	I	I	I	I	I	I	I	I	I	I	I	I	I	I	I	I	I	I	I	I	I	I	I	I	I	I	I	I	I	I	I	I	I	I	I	I	I	I	I	I	I	I	I	I	I	I	I	I	I	I	I	I	I	I	I	I	I	I	PI	I	I	I	I	I	I	I	I	I	I	I	I		I	I	I	I	I	I	I	I	I	I	I	I	I	I	UL	PI	I	I	I	I	I	I	I	I	UL	I	I	I	UL	I	I	I
MSN	X	I	I	I	I	I	I	I	I	I	I	I	I	I	I	I	I	PI	I	I	I	PI	I	I	I	I	PI	I	I	I	I	I	I	I	I	I	I	I	I	I	I	PI	I	I	I	I	I	I	I	I	UL	I	I	I	I	I	I	I	I	I	I	I	I	I	I	I	I	I	I	I	I	I	I	I	I	I	I	I	I	I	I	I	I	I	UL	PI	I	I	I	I	I	I	I	PI	I	I	I	I	I	I	I	I	I	I	I	I	I	I	I	I	I	I	I	I	I	I	I	I	I	I	I	I	PI	UL	PM	I	I	I	I	I	I
MTCP1	X	I	I	I	I	I	I	I	I	I	I	I	I	I	I	I	I	I	I	I	I	I	I	I	I	I	I	I	I	I	I	I	I	I	I	I	I	I	I	I	I	I	I	I	I	I	I	I	I	I	UL	I	I	I	I	I	I	I	I	I	I	I	I	I	I	I	I	I	I	I	I	I	I	I	I	I	I	I	I	I	I	I	I	I	I	I	I	I	I	I	I	I	I	I	I	I	I	I	I	I	I	I	I	I	I	I	I	I	I	I	I	I	I	I	I	I	I	I	I	L	I	I	I	I	I	I	I	I	I	UL	I
MTM1	X	I	I	I	I	I	I	I	I	I	I	I	I	I	PI	I	I	I	I	I	PI	PI	I	I	I	I	PI	I	I		I	I		I	I	I	I	I	I	PI	I	PI	I	I	I	UL	I	I	I	I	I	I	I	I	I	I	I	I	I	I	I	I	I	I	I	I	I	I	I	UL	PI	I	I	I		PI	I	I	I	PI	I	PI	I	I	I	PI	I	I	I	I	I	I	PI	PI	I	I	I	I	I	PI	I	I	I	I	I	I	I	I	I	I	I	I	I	I	PI	I	I	I	I	I	I	I	I	I	I	I	I	UL	I	I	I
MTMR1	X	I	I	PI	I	I	I	I	I	I	PI	I	I	I	I	I	I	I	I	I	PI	PI	UL	PI	I	I	PI	I	I	I	I		I	I	I	I	I	I	I	I	I	PM	I	I	I	I	PI	PM	I	I	I	I	I	I	I	I	I	I	I	I	I	I	PI	I	I	I	I	I	I	I	PI	I	I	I		PI	I		I	I	I	PI	PI	I	I	PI	I	I	I	I	I	UL	PI	I	PI	PI	PI	I	I	PI	I	I	I	I	I	I	PI	I	I	I	I	I	I	I	I	I	I	PI	I	I	I	I		UL	PI	I	I	UL	I	I	I
MTMR8	X	I	I	I	I	I			I	I	I	I	I	I	I	I	I	I	I	I	I	I	I	I	I	I	PM	I	I	I	I	I	I	I	I	I	I	I	I	PI	I	I	I	I	I	PM	L	I	I	I	UL	I	I	I	I	I	I	PI	M	I	L	I	I	I	I	I	I	I	I	I	I	I	I	I	PI	PI	I	I	PI	PI	I	PI	I	I	L	L	L	L	I	I	PI	I	M	I		I	I	I	I	I	I	I	I	I	I		I	I	I	I	I	I	I	I	I	I	I	I	I	I	PI	I	I	I	PI	I	I	L	I	I	M
MXRA5	X	I	I	I	I	I	I	PI	I	I	I	I	I	I		I	I	I	I	I	PM	I	L	I	I	I	M	I	I	I	I	I	I	I	I	I	I	UL	I	L	I	PM	I	I	I	M	PM		I	I	UL	M	I	I	PM	I	I	I	I	I	I	I	UL	I	UL	PI	I	I	I	UL	I	I	I	UL	M	PM	I		I	PM	I	M	PI	I	UL	PM	I	UL	I	I	L	L	M	PI	PI	L	PI	UL	I	PI	PI	UL	I	I	UL	UL	I	I	I	I	I	I	I	UL	I	I	I	I	UL	I	I	I	M	I	PM	I	I	L	I	UL	I
NAA10	X	I	I	I	I	I	I	I	I	I	I	I	I	I	I	I	I	I	I	I	PI	I	I	I	I	I	I	PI	I	I	I	I	I	I	I	I	I	L	I	M	I	I	I	I	I	I	I	I	I	I	UL	I	I	I	I	I	I	I	I	I	I	I	I	I	I	I	I	I	I	I	I	I	PI	I	I	I	I	I	I	I	I	I	I	I	I	PI	PI	I	I	I	I	I	I	PI	I	I	I	I	I	I	I	I	I	I	I	I	I	I	I	I	I	I	I	UL	PI	I	I	I	UL	M	I	I	I	I	I	I	I	I	I	I	I
NALF2	X	I	I	I	I	I	I	I	I	I	I	I	I	I	I	I	I	I	I	M	M	I	UL	I	I	I	M	I	I	I	I	I	I	I	UL	I	L	UL	I	PI	M	I	I	M	I	I	I	I	I	I	UL	I	I	I	I	I	I	I	I	I	I	I	UL	I	I	I	I	I	I	L	I	I	M	M	I	I	I	I	PI	PI	I	I	M	I	I	I	I	I	I	I	I	UL	PI	M	I	UL	I	I	I	I	I	I	I	I	I	I	I	I	I	I	M	I	I	L	M	I	UL	I	I	I	I	M	I	I	M	I	I	UL	I	UL	I
NAP1L2	X	I	I	I	I	I	I	I	I	I	I	I	I	I	I	I	UL	I	I	I	I	I	I	I	I	I	M	I	I	I	I	I	I	I	I	I	I	I	I	I	I	I	I	I	I	I	I	I	I	I	UL	I	I	I	I	I	I	I	I	I	UL	I	I	I	I	I	I	I	I	I	I	I	I	I	I	I	I	I	I	I	I	I	I	I	L	L	I	I	I	I	I	I	I	I	I	I	I	I	I	I	I	I	I	I	I	I	I	I	I	I	I	I	I	I	I	I	I	I	I	I	I	I		I	I	I	I	L	I	I	I
NAP1L3	X	I	I	I	I	I	I	I	I	I	I	I	I	I	I	I	I	I	I	I	M	I	I	I	I	I	PG	I	I	I	I	I	I	I	I	I	I	I	I	I	I	I	I	I	I	I	I	I	I	I	I	I	I	I	I	I	I	I	I	I	UL	I	I	I	I	I	I	I	I	I	I	I	I	M	I	I	I	I	I	I	I	I	I	I	L	L	I	I	I	I	I	I	I	I	I	I	I	I	I	UL	I	I	I	I	I	I	I	I	I	I	I	UL	I	I	I	I	I	I	I	I	I	I	I	I	I	I	I	I	I	I	I
NBDY	X	I	I	I	I	I	M	I	I	M	I	I	I	I		I	I	I	I	I	I	I	I	I	I	I	I	I	I	I	I	I	I	I	I	I	I	I	I	I	I	I	I	I	I	M	M	I	I	I	I	I	I	I	I	I	M	I	I	I	UL	I	I	I	I	I	I	I	I	I	I	I	I	I	I	I	I	I	I	M	I	I	I	I	UL	UL	L	L	I	I	I	I	I	I	I	I	I	I	I	I	I	I	I	I	I	I	I	I	I	I	I	I	I	I	I	I	I	I	I	I	I	I	I	I	I	I	M	I	I	I	I
NCBP2L	X	I	I	L	I	UL	I	I	I	I	I	I	I	I	I	UL	UL	UL	UL	UL	L	I	UL	I	I	I	I	UL	UL	UL	L	UL	I	I	I	I	I	I	L	I	UL	UL	UL	UL	UL	L	L	I	I	I	L	UL	UL	UL	UL	I	UL	UL	UL	I	L	I	I	I	I	I	I	I	I	I	I	I	UL	M	UL	UL	UL	PG	UL	UL	UL	UL	I	UL	L	L	L	L	UL	UL	I	L	I	I	I	I	I	I	I	UL	I	I	I	I	I	I	I	I	I	I	UL	UL	UL	UL	I	I	I	UL	UL	UL	I	I	I	I	I	UL	I	I	I	I	I
NDP	X	I	I	I	I	I	I	I	I	I	I	I	I	I	I	I	I	I	I	I	I	I	I	I	I	I	PI	I	I	I	I	I	I	I	I	I	I	I	I	I	I	I	I	I	I	I	I	I	I	I	I	I	I	I	I	I	L	I	I	I	I	I	I	I	UL	I	I	I	I	I	I	I	I	I	I	I	I	I	I	I	I	I	I	I	I	I	I	I	I	I	I	I	I	I	I	I	I	I	I	I	I	I	PI	I	I	I	I	I	I	I	I	I	I	I	I	I	I	I	I	I	I	I	I	I	PM	I	I	I	I	I	I
NDUFA1	X	I	I	I	I	I	I	I	I	I	I	I	I	I	I	I	I	I	I	I	UL	I	I	I	I	I	I	PI	I	I	I	I	I	I	I	I	I	I	I	PI	I	I	I	I	I	I	I	PI	I	I	I	I	I	I	I	I	I	I	I	I	I	I	I	I	I	I	I	I	I	I	I	I	I	I	I	I	I	I	I	I	I	I	UL	I	I	L	I	I	I	I	I	I	I	I	I	I	I	PI	I	I	I	I	I	I	I	I	I	PI	I	I	I	I	UL	UL	I	I	I	I	I	I	I	I	I	I	UL	I	I	I	I	I	I
NDUFB11	X	I	I	I	I	I	I	I	I	I	I	I	I	I	I	I	I	I	I	I	PM	I	I	I	I	I	I	I	I	I	I	I	I	I	I	I	I	I	I	PI	I	PI	I	I	I	I	I	I	I	I	I	I	I	I	I	I	I	I	I	I	I	I	I	I	I	I	I	I	I	I	I	I	I	I	I	I	I	I	I	I	I	I	I	I	I	I	I	M	I	I	I	UL	I	I	I	UL	I	I	I	I	I	I	I	I	I	I	I	I	I	I	PI	I	I	I	UL	I	I	I	I	I	I	I	PI	I	PI	I	I	I	I	I	I
NEXMIF	X	I	I	I	I	I	I	I	I	I	I	I	I	I	I	I	I	I	I	I	M	I	I	I	I	I	M	I	I	I	I	I	I	I	I	I	I	I	I	I	I	I	I	I	I	I	I	I	I	I	I	I	I	I	I	I	I	I	I	I	I	I	I	I	I	I	I	I	I	UL	I	I	I	I	I	I	I	I	I	I	I	I	I	I	I	M	I	I	I	I	I	I	M	I	I	I	I	I	I	I	I	I	I	I	I	I	I	I	I	I	I	I	I	I	I	I	I	I	UL	I	I	I	I	I	I	I	I	UL	I	I	I
NHS	X	I	I	I	I	I	I	PI	I	I	I	I	I		I	I	I	I	I	I	L	I	I	I	PM	I	PM	I		I	I	I	I	I	I	I	I	I	I	I	I	I	I	I	I	I	PM	I	I	I	I	I	I	I	I	I	L	I	I	I	I	I	I	I	I	I	I	I	I	I	I	I	I	M	I	PI	I	I	I	I	I	I	I	I	I	I	I	I	I	I	I	I	PI	I	I	I	I		I	I	I	I	I	I	I	PM	I	I	I	I	I	I	I	UL	I	I	I	I	UL	I	I	I	I	I	PM	I	I	UL	I	I	I
NHSL2	X	I	I	I	I	I	I	I	I	I	I	I	I	I	I	I	UL	I	I	I	M	I	I	I	I	I	M	I	I	I	I	I	I	I	I	I	I	I	I	I	I	I	I	I	I	I	I	I	I	I	I	I	I	UL	I	I	I	I	I	I	I	I	I	I	I	I	I	I	I	UL	I	I	I	I	I	I	I	I	I	I	I	I	L	I	I	I	I	I	I	I	I	I	I	I	I	I	I	I	I	I	I	I	I	I	I	I	I	I	I	I	I	I	I	UL	I	I	I	I	I	I	I	I	I	UL	I	I	I	L	I	I	I
NKAP	X	PI	I	PI	I	I	I	I	PI	I	PI	I	I	PI	PI	PI	I	PI	I	I	PI	PI	I	I	I	I	PI	I	I	PI	PI	I	I	I	I	I	I	I	I	PI	I	PI	I	I	I	I	UL	I	I	I	UL	I	PI	PI	L	I	I	I	I	I	I	I	I	I	I	I	I	I	I	I	I	I	I	UL	PI	PI	I	PI	PI	PI	PI	I	UL	I	I	L	I	I	I	I	I	UL	PI	I	PI	UL	PI	PI	I	I	I	I	PI		PI	I	I	I	I	I	I	I	PI	I	PI	I	I	PI	I	I	I	I	PI	UL	UL	I	I	UL	I	I	I
NKRF	X	I	I	I	I	I	I	I	I	I	I	I	I	I	I	I	I	I	I	I	I	I	I	I	I	I	L	I	I	I	I	I	I	I	I	I	I	I	I	I	I	I	I	I	I	I	I	I	I	I	I	I	I	I	I	I	I	I	I	I	I	I	I	I	I	I	I	I	I	I	I	I	I	I	I	I	I	I	I	I	I	I	I	I	I	I	I	I	I	I	I	I	I	I	I	I	I	I	I	I	I	I	I	I	I	I	I	I	I	I	I	I	I	I	I	I	I	I	I	I	I	I	I	UL	I	I	I	I	I	I	I
NLGN3	X	I	I	I	I	I	I	UL	I	I	I	I	I	I	I	I	I	I	I	I	PI	I	I	I	I	I	M	I	I	I	I	I	I	I	I	I	I	I	I	I	I	I	I	I	PI	PI	I	I	I	I	UL	I	PI	I	I	I	I	I	I	I	I	I	I	I	I	I	I	I	I	I	I	I	I	I		PI	I	I	I	I	I	PI	L	I	I	PI	I	I	I	I	I	I	I	I	PI	UL	I	I	I	I	I	I	I	I	PI	I	I	I	I	I	I	I	I	UL	UL	I	I	I	UL	I	I	I	I	I	PM	I	I	L	I	UL	I
NLGN4X	X	I	I	PI	I	I	I	PM	I	I	PM	I	I	M	PM	I	I	I	I	I	PM	PI	I	I	I	I	PM	I	PI	I	PM	I	PI	PM	UL	PI	I	PI	I	M	I	PI	I	PI	PI	PI	PI	I	I	I	L	I	I	PI	I	M	I	I	I	I	I	I	I	I	UL	PI	I	I	I	I	I	I	PI	UL	I		I	I	PI	I	I	I	PI	I	UL	PI	PI	I	I	I	I	PI	M	I	PM	M	M	PI	I	PM	PI	PI	I	I	PI	PI	I	I	I	I	PI	I	I	L	UL	I	I	PI	UL	I	UL	I	M	UL	PI	I	I	UL	I	UL	I
NLRP2B	X	M	I	I	I	I	PG	PG	I	PG	PG	PG	PG	PG	PG	I	I	UL	I	L	PG	I	I	I	I	I	PG	I	PG	PG	PG	PG	PG	PG	I	I	I	I	L	I	M	PG	M	PG	L	PG	PG	I	I	I	I	I	I	I	I	I	L	I	I	I	I	I	I	I	I	I	I	I	I	I	I	I	I	I	L	PG	I	L	L	L	I	I	I	I	L	PG	I	I	I	I	I	I	I	I	PG	PG	PG	PG	PG	PG	PG	I	PG		PG	PG	PG	PG	I	I	I	I	I	I	I	I	I	M	I	I	L	I	PG	L	I	I	I	I	I	I	M
NONO	X	I	I	I	I	I	I	I	I	I	I	I	I	I	PI	PI	I	PI	PI	I	I	PI	I	UL	I	I	I	I	L	UL	PI	UL	I	PI	I	PI	I	I	I	PI	I	I	I	I	I	I	I	I	I	I	UL	I	UL	I	I	I	I	PI	PI	I	I	I	I	I	I	I	I	I	I	I	I	I	I	I	M	PI	I	I	I	I	I	I	PI	I	I	PI	I	I	I	UL	I	I	I	PI	I	UL	I	I	I	UL	I	I	I	I	I	I	I	I	I	I	I	I	I	I	I	I	I	I	I	I	I	I	UL	I	PI	I	I	I	I	UL	I
NOX1	X	I	I	PI	I	I	UL		I	I	I	I	I	PI	PI	I	I	I	I	I	PI	I	I	I	I	I	PI	I	I	I	I	I	PI		UL	I	PI	I	I	I	I	I	I	I	I	I		I	I	I	I	I	PI	I	I	I	L	I	I	I	I	I	I	I	I	I	I	I	I	UL	I	I	I	I	PI	PM	I		PI	I	I	I	PI	I	I	PI	I	I	I	I	I	I	I	I	I	I	I	I	I	I	I	I	I	I	I	I	I	I	I	I	I	I	I	I	I	I	I	I	I	I	I	PI		UL	I	I	I	I	I	I	I
NR0B1	X	I	I	I	I	I	I	I	I	I	I	I	I	I	I	PI	I	I	I	I	M	I	I	I	I	I	M	I	I	I	I	I	I	I	I	I	I	I	I	I	I	I	I	I	I	PG	I	I	I	I	I	I	I	I	I	I	L	I	I	I	I	I	I	I	I	PI	I	I	I	UL	I	I	M	PI	I	PI	I	I	I	I	I	I	M	I	I	PG	I	I	I	I	I	I	PI	I	I	I	I	I	I	I	I	I	I	I	I	I	I	I	I	I	I	I	I	I	I	I	UL	I	UL	I	I	I	I	I	PM	I	I	I	I	I	I
NRK	X	I	I	I	I	I	I	I	I	I	I	UL		I	UL	I	UL	I	PI	I	PI	I	I	I	I	I	PM	I	UL				I	I	I	I	I	UL	I	I	I	PI	I	I	I	I	I	I	I	I	I	I	PI	I	PI	I	I	I	I	I	I	I	I	I	I	I	I	I	I	I	I	I	I	I	PI	UL	I	I	I	I	I	I	I	I	I	I	I	I	I	I	I	I	PI	I	I	I	I			PI	I	I	I	I	I	I	I	I	I	I	I	PI	I	I	UL	I	I	I	PI	I	I	I	I	I	UL	I	I	UL	I	I	I
NSDHL	X	I	I	I	I	I	I	I	I	I	I	I	I	I	I	I	I	I	I	I	PI	I	I	I	I	I	I	I	I	I	I	I	I	I	I	I	I	I	I	PI	PI	I	I	PI	I	I	PI	I	I	I	I	I	PI	I	I	I	UL	I	I	I	I	I	I	I	I	I	I	I	I	I	I	I	I	I	I	PI	I	I	I	I	I	I	I	I	I	I	I	I	I	I	I	I	I	L	I	I	I	I	I	I	I	I	I	I	I	I	I	I	I	I	I	I	I	UL	I	I	I	I	M	I	I	I		I	PI	I	I	I	I	I	I
NUDT10	X	UL	I	I	I	I	I	I	M	I	I	I	I	I	I	I	I	I	I	I	I	I	I	I	I	I	L	I	I	I	I	I	I	I	I	I	L	UL	UL	I	I	L	I	I	L	I	I	L	I	I	I	I	UL	I	I	I	UL	I	I	I	I	I	I	I	I	I	I	I	I	I	I	I	L	I	I	I	I	I	I	I	I	I	L	I	I	I	I	I	I	I	I	UL	UL	I	I	UL	I	I	I	I	I	I	I	I	I	I	I	I	I	I	I	I	I	I	I	I	I	UL	I	I	I	I	I	I	L	I	I	I	I	I	L
NUDT11	X	UL	I	I	I	I	I	UL	M	I	I	I	I	I	I	I	I	I	I	I	I	I	I	I	I	I	M	I	I	I	I	I	I	I	I	I	L	UL	UL	I	I	L	I	I	L	I	I	L	I	I	I	I	UL	I	I	I	UL	I	I	I	I	I	I	I	I	I	I	I	I	I	I	I	L	I	I	I	I	I	I	I	I	I	L	I	I	I	I	I	I	I	I	UL	UL	I	I	UL	I	I	I	I	I	I	I	I	I	I	I	I	I	I	I	I	I	I	I	I	I	UL	I	I	I	I	I	I	M	I	I	I	I	I	L
NUP62CL	X	I	I	I	I	I	I	I	I	I	I	I	I	I	PI	I	I	I	I	I	I	I	I	I	I	I	PI	I	I	I	I	I	PI	PI	I	I	I	I	I	I	I	PI	UL	I	PI	I	I	I	I	I	I	PI	I	I	I	I	I	I	I	I	I	I	I	I	I	I	I	I	I	I	I	I	I	I	I	I	I	I	PI	I	I	I	I	I	I	PM	I	I	I	I	I	I	PI	I	I	I	I	UL	UL	UL	UL	UL	UL		UL	UL	UL	UL	I	L	I	I	I	I	I	I	I	UL	UL	UL	I	UL	PI	I	I	I	I	I	I	I	PI
NXF2	X	I	I	I	I	I	I	I	I	I	I	I	UL	PI	I	I	I	I	I	I	PI	I	I	I	I	I	UL	I	I	I	I	I	I	I	I	I	I	I	I	I	I	I	I	I	I	I	I	I	I	I	I	I	I	I	I	I	I	I	I	I	I	I	I	I	I	I	I	I	I	I	I	I	I	I	I	I	I	I	I	I	I	I	PI	I	I	I	I	I	I	I	I	I	I	I	I	I	I	I	UL	I	I	I	I	I	I	UL	I	I	I	I	I	I	I	I	I	I	I	I	I	I	I	I	PI	I	UL	I	I	I	I	I	I
NXF2B	X	I	I	I	I	I	I	I	I	I	I	I	UL	PI		I	I	I	I	I	PI	I	I	I	I	I	UL	I	I	I	I	I	I	I	I	I	I	I	I	I	I	I	I	I	I	I	I	I	I	I	I	I	I	I	I	I	I	I	I	I	I	I	I	I	I	I	I	I	I	I	I	I	I	I	I	I	I	I	I	I	I	I	PI	I	I	I	I	I	I	I	I	I	I	I	I	I	I	I	UL	I	I	I	I		I	UL	I	I	I	I	I	I	I	I	I	I	I	I	I	I	I	I	PI	I	UL	I	I	I	I	I	I
NXF3	X	I	I	I	I	I	PI	PI	I	PI	PI	I	PI	PI		I	I	I	I	I	PI	I	I	I	I	I	UL	I	PI	PI	PI	PI	I	PI	I	I	I	I	I	I	I	I	I	I	I	I	I	I	I	I	I	I	I	I	I	I	I	I	I	I	I	I	I	I	I	I	I	I	I	I	I	I	I	I	PI	I	I	PI	PI	I	I	I	I	I	I	I	I	I	I	I	I	I	I	I	I	I	I	I	PI	PI	PI	I	I		PI	PI	PI	PI	I	I	I	I	I	I	I	I	I	I	I	I	I	I	PI	I	PI	I	I	I	I	I	PI
NXF5	X	I	I	I	I	I	I	I	I	I	I	I	PI	PI	I	I	I	I	I	I	PI	I	I	I	I	I	UL	I	I	I	I	I		I	I	I	I	I	I	I	I	I	I	I	I	I	I	I	I	I	I	I	I	I	I	I	I	I	I	I	I	I	I	I	I	I	I	I	I	I	I	I	I	I	I	I	I	I	I	I	I	I	PI	I	I	I	I	I	I	I	I	I	I	I	I	I	I	I	PI	I	I	I	I		I	UL	I	I	I	I	I	I	I	I	I	I	I	I	I	I	I	I	I	I	I	I	I	I	I	I	I
NXT2	X	I	I	I	I	I	I	I	I	I	I	I	I	I	I	I	I	I	I	I	I	I	I	I	I	I	M	I	I	I	I	I	I	I	I	I	I	I	I	I	I	I	I	I	I	I	I	I	I	I	I	I	I	I	I	I	I	I	I	I	I	I	I	I	I	I	I	I	I	I	I	I	I	PI	I	I	I	I	I	I	I	I	UL	I	I	I	I	I	I	I	I	I	I	I	I	I	I	PI	PI	PI	PI	I	I	PI	PI	I	PI	I	I	I	I	I	I	I	PI	I	I	I	I	I	I	I	I	I	I	I	I	UL	I	I	I
NYX	X	I	I	I	I	I	I	I	I	I	PM	I	I	I	I	I	I	I	I	M	L	I	UL	I	I	I	M	I	I	I	I	I	I	I	I	I	M	L	I	L	I	I	I	M	I	I	I	I	I	I	L	I	L	I	I	I	L	I	I	I	I	I	UL	I	I	I	I	I	I	I	I	I	M	M	I	I	I		I	I	I	I	M	I	L	I	I	I	I	I	I	L	I	I	I	L	I	I	I	I	I	I	I	I	I	I	I	I	I	I	I	I	I	L	M	I	UL	I	I	I	I	I	I	L	M	I	I	I	I	L	I
OCRL	X	I	I	I	I	I	I	I	I	I	I		I	I	I	I	I	I	I	I	I	I	UL	I	I	I	PM	I	I	I	I		I		I	I	I	I	I	I	I	PI	I	I	I	I	PI		I	I	I	I	I	I	I	I	I	I	I	I	I	I	I	I	I	I	I	I	I	UL	PM	I	I	I	I	I	I		PI	I	I	I	I	I	I	PI	I	I	I	I	I	I	I	I	I	PM	I	I	I	I	PI	I	I	I	I	I	PI	I	I	I	I	I	I	I	UL	I	I	I	UL	I	PI	I		I	I	I	I	I	I	I	PI
OFD1	X	I	I	I	I	I	I	I	I	I	PI	I	I	I	I	I	I	I	I	I	UL	I	I	I	I	I	UL	I	I	I	I	UL	I	PI	I	UL	I	UL	I	UL	I	I	I	I	I	I	I	I	I	I	UL	I	I	I	UL	I	I	PI	I	UL	I	I	I	I	I	PI	I	L	UL	I	I	I	I	I		PI	I		PI	UL	PI	PI	I	I	I	PI	I	I	I	I	I	UL	PI	I	PI	UL	I		I	I	I	I	I	I	I	I	I	I	I	I	I	I	I	I	UL	I	I	I	I	I	I	I	UL	I	I	I	I	UL	I	I	PI
OGT	X	I	I	I	I	I			I	I	I	PI	I	I	I	I	I	I	I	I	UL	I	PM	I	I	I	PI	I	I	I	I	I	I	I	I	I	I	I	I	PM	I	I	I	I	I	I	I	I	I	I	I	I	I	I	I	I	I	I	I	I	I	I	I	I	I	I	I	I	I	I	PM	I	I	I		PI	I		I	PI	PM	I	PI	I	UL	PI	I	I	I	I	I	I	I	I	I	I	I	I	PI		I	I	I	I	I		I		I	I	I	I	I	I	PI	I	I	I	I	I	I	I	I	I	I	I	I	UL	I	UL	I
OPHN1	X	PI	I	PI	I	I	I	PI	PI		PI	PI	PI	PI	I	PI	UL	I	I	I	UL	I	I	I	I	I	PG	I		PI	PI		PI	PI	UL	I	I	PI	I	PI	I	L	I	I	I	PI	PI	I	I	I	I	PI	I	I	I	I	PI	I	I	I	I	I	I	I	I	I	I	I	I	I	I	I	I	I	PI	PI	I		I	I	I	PI	PI	I	I	L	I	I	I	I	I	I	M	PI	PI	I	PI	PI	PI	PI	PI	I	PI	PI	PI	PI			I	I	I	PI	PI	UL	UL	I	I	PI	UL	I	PI	I		I	PI	I	I	I	I	I	PI
OPN1LW	X	PI	I	PI	I	I	PI	PI	PI	PI	I	I	I	I	I	PI	PI	M	PI	UL	PI	PI	UL	I	PM	I	UL	PI	I	PI	I	I	PI	I	UL	I	UL	PI	PI	I	I	I	I	I	I	PI	L	PI	I	I	UL	PI	I	M	I	PI	PI	PI	PI	UL	PI	PI	UL	I	L	PI	I	I	PI	PI	I	I	PI	PM	UL	I	PI	I	I	I	I	PI	M	I	UL	PI	PI	PI	I	I	I	I	I	I	PI	UL	PI	PI	PI	I	I	PI	PI	I	PI	I	PI	PI	I	PM	PI	PI	I	PM	I	I	I	I	I	PG	PI	PI	I	UL	I	I	I	I	I	I	I
OPN1MW	X	PI	I	L	UL	PI	UL	UL	UL	UL	PI	PI	PI	PI	PI	PI	UL	L	PI	L	PM	UL	L	UL	PM	UL	PI	PI	UL	L	UL	PI	PI	PI	UL	L	UL	I	PI	I	PI	PI	PI	PI	PI	UL	UL	PI	I	I	UL	PI	I	PM	PI	UL	L	UL	PI	I	UL	PI	PI	I	L	PI	I	I	PI	PI	PI	PI	M	PM	L	PI	UL	PI	PI	PI	PI	PI	PM	I	L	L	PI	UL	PI	PI	I	I	I	I	UL	UL	PI	UL	UL	UL	UL	UL	PI	UL	UL	PI	PI	UL	PI	PM	PI	UL	I	PM	I	I	I	UL	UL	PG	PI	PI	PI	UL	I	I	PI	PI	I	UL	PI
OPN1MW2	X	PI	I	PI	PI	UL	PI	PI	PI	PI	UL	PI	PI	PI	PI	PI	UL	L	UL	L	PM	PI	L	PI	PM	UL	PI	UL	PI		PI	PI	PI	PI	UL	UL	M	UL	UL	I	PI	PI	PI	PI	PI	UL	UL	UL	I	I	UL	PI	I	PM	PI	PI	L	PI	PI	UL	PI	PI	UL	I	L	UL	I	I	PI	UL	PI	UL	M	PM	UL	PI	PI	PI	PI	PI	PI	PI	PM	I	UL	UL	UL	PI	PI	PI	I	I	I	UL	PI	UL	UL	I	PI	PI	PI	PI	PI	PI	PI	PI	PI	PI	UL	PM	UL	UL	I	PM	UL	PI	I	PI	UL	PG	UL	UL		UL	I	I	PI	PI	I	PI	PI
OPN1MW3	X	PI	I	PI	PI	PI	PI	PI	UL	UL	PI	PI	PI	PI		PI	UL	L	PI	L	PM	PI	UL	PI	PM	UL	PI	PI	PI		PI	PI	PI	PI	UL	L	M	I	PI	I	PI	PI	PI	PI	PI	UL	PI	PI	I	I	UL	PI	UL	PM	PI	PI	UL	UL	PI	I	UL	PI	PI	I	L	PI	I	I	PI	PI	PI	PI	M	PM	UL	PI	PI	PI	PI	PI	PI	PI	PM	I	L	L	PI	PI	PI	I	I	I	I	I	PI	UL	PI	I	PI	PI	PI	PI	PI	PI	PI	UL	PI	PI	I	PM	PI	UL	I	PM	I	PI	I	PI	UL	L	PI	PI	PI	UL	I	I	PI	PI	I	PI	PI
OR13H1	X	UL	I	I	I	I	I	I	I	I	I	I	I	I	I	I	I	I	I	I	I	I	I	UL	L	UL	PG	I	I	I	I	I	I	I	UL	I	I	I	I	UL	I	I	I	I	I	I	I	I	I	I	UL	UL	UL	UL	I	I	I	I	I	UL	I	L	L	L	L	L	L	L	L	L	L	L	L	L	I	I	I	I	I	I	I	I	I	UL	I	I	I	I	I	I	UL	UL	UL	I	M	L	PG	I	I	I	I	I	I	I	I	I	I	I	L	UL	I	I	I	I	I	I	I	I	I	I	I	I	I	I	M	L	UL	I	I	UL	I
OTC	X	I	I	PM	I	I	I	I	PI	I	I	UL	UL	UL	UL	M	I	PI	I	I	PI	I	I	I	I	I	PI	I	I	I	I		I	I	I	I	I	I	I	PI	I	PI	I	I	I	I	I	I	I	I	I	PI	PI	I	I	I	M	I	I	I	I	PI	I	I	UL	I	I	I	UL	I	PI	PI	I	I	I	PM	I	I	PI	PI	I	I	PI	I	I	PI	I	I	I	I	I	I	PI	PI	I	I		I	I	I	I	I	I	PI	I	I	I		I	I	I	I	I	I	UL	I	I	I	I	I	I	I	PI	I	I	I	PI	UL	I	I	PI
OTUD5	X	I	I	I	I	I	I	I	I	I	I	I	I	I	I	I	I	PI	I	PI	PI	I	UL	I	I	I	PI	PI	I	I	PI	I	I	PI	I	I	PI	UL	I	PM	I	PI	UL	I	I	I	I	I	I	I	I	PI	PI	PI	I	I	I	I	I	I	I	I	I	I	I	I	I	I	L	I	I	I	PI	PI	PI	I	I	I	PI	I	I	I	PI	I	I	I	I	I	I	L	I	PM	I	I	I	UL	I	I	I	I	I	I	I	I	I	I	I	I	I	I	PI	I	I	I	PI	I	I	PI	I	I	I	PI		UL	I	I	I	UL	I	UL	M
OTUD6A	X	I	I	I	I	I	I	I	I	I	I	I	I	I		I	I	M	I	I	PG	I	I	I	I	I	PG	I	I	PG	I	I	I	I	I	I	I	I	I	I	I	I	I	I	I	PG	UL	I	I	I	L	I	I	I	I	I	I	I	I	I	I	I	I	I	I	I	I	I	I	I	I	I	I	I	I	I	I	M	I	I	I	I	M	I	L	PG	UL	UL	I	I	I	I	I	I	I	UL	I	I	I	I	I	I	I	I	I	I	I	I	I	I	I	I	I	L	I	I	I	I	M	I	I	I	I	I	PG	I	I	I	I	I	I
P2RY10	X	I	I	I	I	I	I	I	I	I	I	I	I	I	I	I	I	I	I	I	I	I	I	I	I	I	M	I	I	I	I	I	I	I	I	I	I	I	I	I	I	I	I	I	I	I	I	I	I	I	I	I	I	I	I	I	M	I	I	I	I	I	I	I	I	I	I	I	I	I	I	I	I	I	I	I	I	I	I	I	I	I	I	I	I	M	I	I	I	I	I	I	I	I	I	I	I	I	I	I	I	I	I		I	I	I	I	I	I	I	I	I	I	I	I	I	I	I	I	I	I	I	I	I	I	I	I	I	I	I
P2RY4	X	I	I	I	I	I	I	I	I	I	I	I	I	I	I	I	I	I	I	I	PG	I	I	I	I	I	PG	I	I	I	I	I		I	I	I	I	I	I	I	M	I	I	I	I	I	I	I	I	I	I	I	I	I	I	I	I	I	I	I	I	I	I	I	I	I	I	I	I	I	I	I	I	I	I	I	I	I	I	I	I	I	I	I	I	PG	I	I	I	I	I	I	I	I	I	UL	I	I	I	I	I	I	I	I	I	I	I	I	I	I	I	I	I	L	I	I	I	I	UL	I	I	I	I	I	PG	I	I	I	I	L	I
P2RY8	X	M	I	I	I	I	I	I	PG	PG	PG	I	M	PG		PG	I	M	M	PG	PG	I	UL	I	I	I	PG	M	I	PG	I	I	PG	PG	I	I	M	I	I	I	I	PG	M	M	M	UL	I	I	I	M	L	I	I	I	M	M	I	M	M	UL	I	I	I	I	I	M	I	I	I	I	I	I	I	I	PG	PG	I	PG	I	PG	I	I	PG	I	L	PG	I	I	M	I	L	I	I	I	PG	M	PG	I	I	I	PG	I	PG	M	M	I	PG	I	I	I	M	M	I	L	I	I	L	PG	UL	I	I	I	I	M	PG	I	I	I	I	UL	I
PABIR2	X	I	I	I	I	I	I	I	I	I	I	I	I	I	I	I	I	I	I	I	PI	I	I	I	I	I	PM	I	PI	I	PI	I	I	I	I	I	I	I	I	PI	I	PI	I	I	I	I	I	I	I	I	I	I	I	I	I	I	I	I	I	I	I	I	I	I	I	I	I	I	I	I	I	I	I	I	I	PI	I	I	PI	I	I	I	I	I	I	PI	I	I	I	I	I	I	I	PI	I	I	I	I	PI	I	I	I	I	I	I	I	I	I	I	I	I	I	I	I	UL	I	I	I	I	I	I	I	I	I	PM	I	I	I	I	I	I
PABIR3	X	I	I	PI	I	I	PI	PI	PI	I	PI	PI	PI	PI	PI	I	I	I	I	UL	L	PI	I	I	I	I	PM	I	PI	PI	PI	PI	PI	I	I	I	I	I	I	UL	I	PI	I	I	I	UL	UL	I	I	I	I	PI	PI	I	PI	I	PI	I	I	I	UL	I	I	I	I	I	I	I	I	I	I	I	PI	I	PI	UL	I	I	PI	M	I	PI	PI	I	UL	PM	UL	UL	I	I	I	I	I	I	PI	PI	PI	PI	PI	PI	UL	PI	PI	UL	UL	PI	UL	UL	I	I	I	UL	PI	I	L	I	I	PI	I	I	PI	I	PI	I	PM	I	M	UL	I	I	PI
PABPC1L2A	X	I	I	I	I	I	I	I	I	PG	I	I	I	I	I	I	I	I	I	I	I	I	UL	I	PG	I	I	I	I	I	I	I		I	I	I	L	I	I	I	I	I	M	I	I	I	PG	I	I	I	I	I	I	I	I	I	I	I	I	L	I	I	I	I	M	I	I	I	I	I	I	I	I	L	PG	I	I	I	I	I	PG	I	M	I	M	I	M	I	I	I	I	I	I	I	I	I	I	I	I	I	I	I	I		I	I	I	I	I	I	I	I	I	L	I	I	PG	I	I	I	I	PG	I	I	I	I	I	I	I	L	I
PABPC1L2B	X	I	I	I	I	I	I	I	I	PG	I	I	I	I	I	I	I	I	I	I	I	I	UL	I	PG	I	I	I	I	I	I	I	I	I	I	I	L	I	I	I	I	I	M	I	I	I	M	I	I	I	I	I	I	I	I	I	I	I	I	PG	I	I	I	I	M	I	I	I	I	I	I	I	I	L	PG	I	I	PG	I	I	PG	I	M	I	M	I	M	I	I	I	I	I	I	I	I	I	I	I	I	I	I	I	I	I	I	I	I	I	I	I	I	I	I	L	PG	I	PG	I	I	I	I	M	I	I	I	I	I	I	I	PG	I
PABPC5	X	I	I	I	I	I	I	I	I	I	I	I	I	I	I	I	I	I	I	I	I	I	I	I	I	I	I	I	I	I	I	I	I	I	I	I	I	I	I	I	I	I	I	I	I	UL	I	I	I	I	I	I	I	I	I	I	I	I	I	I	I	I	I	I	I	I	I	I	I	I	I	I	I	I	I	I	I	I	I	I	I	I	I	I	UL	M	I	I	I	I	I	I	I	I	I	I	I	I	I	I	I	I	I	I	I	I	I	I	I	I	I	I	I	I	I	I	I	I	I	I	I	I	I	UL	I	I	I	I	I	I	I
PAGE1	X	I	I	I	I	I	I	I	I	I	I	I	I	I	I	I	I	I	I	I	I	I	UL	I	I	I	I	I	I	I	I	I	I	I	I	I	I	PI	I	I	UL	I	I	I	I	UL	PI	I	I	I	I	I	I	I	I	I	I	I	I	I	I	I	PI	I	I	I	I	I	I	I	I	I	I	I	I	I	I	I	I	I	UL	UL	I	I	I	PI	I	I	I	I	I	I	I	I	I	I	I	I	I	I	I	I	I		I	I	I	I	I	I	I	I	I	I	I	I	I	I	I	I	I	I	I	I	I	I	I	I	I	I	I
PAGE2	X	I	I	I	I	I	I	I	I	I	I	I	I	I	I	I	I	I	I	PI	I	I	PI	I	I	I	I	M	I	I	I	I	I	I	I	I	I	I	I	I	PI	I	I	I	PI	I	PI	I	I	I	I	I	I	I	I	I	I	I	I	I	L	I	I	I	I	I	I	I	I	I	I	I	I	I	I	I	PI	I	I	I	I	I	I	I	L	L	I	I	I	I	I	I	I	I	I	I	I	I	I	I	I	I	I	I	I	I	I	I	I	I	PI	L	I	I	I	I	I	I	I	I	I	I	I	I	I	I	I	I	I	I	PI
PAGE2B	X	I	I	I	I	I	I	I	I	I	I	I	I	I	I	I	I	I	I	PI	I	I	I	I	I	I	I	PI	I	I	I	I	I	I	I	I	I	I	I	I	I	I	I	I	I	I	PI	I	PI	I	I	I	I	I	I	I	I	I	I	I	M	I	I	I	I	I	I	I	I	I	I	I	I	I	I	I	I	I	I	I	I	I	I	I	M	L	I	I	I	I	I	I	I	I	I	I	I	I	I	I	I	I	I	I	I	I	I	I	I	I	PI	L	I	I	I	I	I	I	I	I	I	I	I	I	I	I	I	I	I	I	I
PAGE3	X	I	I	I	I	I	I	I	I	I	I	I	I	I	I	I	I	I	I	I	I	I	PI	I	I	I	I	I	I	I	I	I	I	I	I	I	I	I	I	I	I	I	I	I	I	I	PI	I	I	I	I	I	I	I	I	I	I	I	I	I	I	I	I	I	I	I	I	I	I	I	I	I	I	I	I	I	I	I	I	I	I	I	I	I	I	PI	I	I	I	I	I	I	I	I	I	I	I	I	I	I	I	I	I	I	I	I	I	I	I	I	I	L	I	I	I	I	I	I	I	I	I	I	I	I	I	I	I	I	I	I	I
PAGE4	X	I	I	I	I	I	I	I	I	I	I	I	I	I	I	I	I	I	I	I	I	I	I	I	I	I	I	UL	I	I	I	I	I	I	I	I	I	I	I	I	PI	PI	I	I	I	I	PI	I	I	I	I	I	I	I	PI	I	I	I	I	I	I	I	I	I	I	I	I	I	I	I	I	I	I	I	PI	PI	PI	PI	PI	PI	I	PI	I	I	I	I	I	I	I	I	I	I	I	I	I	I	I	I	I	I	I	I	I		I	I	I	I	I	I	I	UL	I	I	I	I	I	I	I	I	I	I		I	I	I	I	I	I	I	I
PAGE5	X	I	I	I	I	I	I	I	I	I	I	I	I	I	I	I	I	I	I	UL	I	I	UL	I	I	I	I	PM	I	I	I	I	I	I	I	I	I	PI	I	PI	UL	PI	UL	UL	UL	I	PI	PI	UL	PI	I	I	I	I	L	I	UL	I	I	I	L	I	I	I	I	I	I	I	I	I	I	I	I	I	UL	UL	I	UL	L	UL	UL	UL	I	PI	L	L	PM	M	I	I	I	I	I	PI	I	I	I	I	I	I	I	I	I	I	I	I	I	I	I	I	UL	L	PI	I	PI	I	I	I	I	I	I	I	I	I	I	I	I	I	I	I	PI
PAK3	X	I	I	I	I	I		I	I	I	I	I	I	I	I	I	I	I	I	I	UL	I	I	I	I	I	PI	I	I	I	I	I	I	I	I	I	I	I	I	PI	I	PI	I	I	I	PI	I	I	I	I	I	I	I	I	I	I	I	I	I	I	I	I	I	I	I	I	I	I	I	I	I	I	I	I	UL	PI	I	I	I	I	I	I	I	I	I	PI	PI	I	I	I	I	I	PI	I	I	I	I	I		I	I	I	I	I	I	I	I	I	I	I	I	I	I	I	PI	I	I	I	I	I	I	I	I	I	PI	I	I	UL	I	I	I
PASD1	X	I	I	UL	UL	I	I	I	I	I	I	I		I		I	UL	UL	UL	I	L	I	I	I	I	I	PM	I	I	I	I	I	I	I	I	I	PI	I	I	I	I	PI	UL	I	I	UL		I	I	I	UL	PI	I	I	I	I	I	I	I	I	UL	I	I	I	I	I	I	I	I	UL	I	I	I	I			I		I	I	I	I	I	I	UL	UL	L	L	I	I	I	I	PI	I	I	I	I	UL	I			I	I		UL	I	UL		I	I	I	UL	I	I	I	I	I	I	I	I	PI	I		I	I	I	I	UL	I	I	I
PBDC1	X	I	I	I	I	I	I	I	I	I	I	I	I	I	I	I	I	PI	I	I	L	I	I	I	I	I	PI	I	I	I	I	I	I	I	I	I	UL	UL	I	UL	I	I	I	I	I	I	I	I	I	I	I	I	I	I	I	I	L	I	I	I	I	I	I	I	I	I	I	I	I	I	I	I	I	I	I	I	I	PI	I	I	I	I	I	I	I	PI	PI	I	I	I	I	I	I	I	I	I	I	I	I	I	I	I	I	I	I	I	I	I	I	I	I	I	I	I	PI	I	I	I	I	I	I	I	I	I	I	I	I	I	I	I	I
PCDH11X	X	I	I	I	I	I	I	I	PI	I	I	I	I	I	I	I	I	I	I	I	PM	I	I	I	I	I	PG	I	I	PI	I	I	I	I	I	I	I	I	I	PM	I	PM	I	I	I	PG	PG	I	I	I	I	I	I	I	I	I	PG	I	I	I	PM	I	I	I	I	I	I	I	I	I	M	I	I	UL	I	I	I	I	PI	I	I	I	I	I	L	M	L	L	I	I	I	I	I	I	I	I	I	PM	I	I	I	I	I	I	I	I	I	I	I	I	I	I	I	UL	I	I	I	M	L	I	I	I	PI	I	L	I	I	UL	I	I	I
PCDH19	X	I	I	I	I	I	PI	I	I	I	I	I	I		I	I	I	I	I	I	PI	I	I	I	I	I	PM	I	I	I	I	I	I	I	I	I	I	I	I	I	I	I	I	I	I	I	I	I	I	I	I	PI	I	I	I	I	L	I	I	I	I	I	I	I	I	I	I	I	I	UL	PM	I	I	I	PI	PI	I	I	PI	PI	PI	PI	UL	I	I	I	I	I	I	I	I	PM	PI	I	I	UL	I	I	I	I	I	I	I	I	I	I	I		I	I	I	I	I	UL	I	I	I	I	I	I	I	I	I	UL	M	I	I	I	I	UL	I
PCSK1N	X	I	I	I	I	I	I	I	I	I	I	PI	I	I	I	I	I	M	I	M	I	I	L	I	I	I	PI	I	I	I	I	I		I	I	I	L	L	I	PI	I	I	I	I	I	I	I	I	I	I	I	I	I	I	I	I	I	I	I	I	I	I	I	I	I	I	I	I	I	UL	I	I	L	I	I	I	I	I	I	I	I	I	L	I	UL	I	I	I	I	I	I	I	I	I	I	UL	I	I	I	I	PI	I	I		I	I	I	I	I	I	I	I	I	UL	I	I	UL	I	I	I	I	I	PI	I	PI	I	I	L	I	UL	I
PCYT1B	X	I	I	I	I	I	PI	I	PI	I	I	I	I	I	I	I	L	I	I	I	PI	I	I	I	I	I	I	I	PI	I	PI	I	PI	I	PI	I	I	I	I	PI	I	PI	PI	I	I	PI	I	I	I	I	I	I	I	I	PI	I	L	I	I	I	I	I	I	I	I	I	I	I	I	I	PI	I	I	I	PI	I	I	I	I	PI	I	PI	I	I	I	I	I	I	I	I	I	I	I	I	PI	PI	PI	I	I	I	I	I	PI	I	I	I	I	I	I	I	I	I	I	I	I	I	I	I	I	I	M	I	PI	I	I	I	I	I	I	I	I
PDHA1	X	I	I	I	I	I	I	I	I	I	I	I	I	I	I	I	I	I	I	I	I	I	I	I	I	I	I	I	PI	UL	I	PI	I	UL	I	I	I	I	I	I	I	I	I	I	I	UL	I	I	I	I	I	I	I	I	I	I	L	I	I	I	I	I	I	I	I	I	I	I	I	I	I	I	I	I	I	I	I	I	I	I	I	I	PI	I	I	I	I	I	I	I	I	I	I	PI	I	I	I	I	I	I	I	I	I	I	I	I	I	I	I	I	I	I	I	I	UL	I	I	I	UL	I	I	I	I	UL	PI	I	I	I	I	UL	I
PDK3	X	I	I	I	I	I	I	PI	I	PI	PI	I	I	I		I	I	I	I	I	PI	I	I	I	I	I	PI	I	I	I	I			I	PI	I	I	I	I	PI	I	I	I	I	I	PI	PI	I	I	I	I	I	I	I	I	I	L	I	I	I	I	I	I	I	I	I	I	I	I	I	PI	I	I	I	I	PI	I	PI	PI	PI	I	I	I	I	I	PI	I	I	I	I	I	I	PI	I	I	I	I	I	I	I	PI	I	I	I	I		I	I	I	I	I	PI	I	I	PI	I	I	I	I	I	I	I	I	I	PI	I	I	I	I	I	I
PDZD11	X	I	I	I	I	I	I	I	I	I	I	I	I	I	I	I	I	I	I	I	I	PI	I	I	I	I	PM	I	I	I	I	I	I	I	I	I	I	I	I	I	I	I	I	I	I	I	I	I	I	I	I	I	I	I	I	I	I	M	I	I	I	I	I	I	I	I	I	I	I	I	I	I	I	PI	I	I	I	I	I	I	I	I	I	I	I	I	I	I	I	I	I	I	I	I	I	I	I	I	I	I	I	I	I	I	I	I	I	I	I	I	I	I	I	I	I	I	I	I	I	I	I	PI	I	I	I	I	I	I	I	I	I
PDZD4	X	I	I	I	I	I	I	I	I	I	I	I	I	I	I	I	UL	M	I	M	UL	I	I	I	I	I	I	I	I	I	I	I	I	I	I	I	L	I	I	PG	M	I	I	I	I	I	I	I	I	I	I	I	I	I	I	I	I	I	I	I	I	I	I	I	I	I	I	I	I	UL	I	I	L	I	PI	I	I	M	I	I	I	I	M	I	L	I	I	I	I	I	I	I	I	I	I	L	I	PI	I	I	UL	I	I	I	PM	I	I	I	I	I	I	I	I	UL	I	I	L	I	UL	PG	I	I	I	UL	I	I	I	UL	I	UL	I
PFKFB1	X	PI	I	I	I	I	I	PI	I	I	I		I	I	I	I	I	I	I	I	PM	I	I	I	UL	I	UL	PI	I	I	I	I	I	I	UL	I	UL	I	I	PI	I	PI	L	I	L	PM	I	PI	I	I	UL	I	I	I	PI	PI	I	PI	PI	UL	I	I	I	I	I	I	I	I	I	I	I	I	I	I	PI	PM	I	UL	I	PM	PI	UL	PI	I	I	UL	I	I	I	I	I	I	UL	I	I	I	I	I	I		I	I	I		I		I	I	I	UL	I	I	I	I	UL	I	I	PI	I	I	PI	I	PI	I	L	I	I	I	I	I	UL
PGAM4	X	L	L	L	L	L	L	L	L	L	L	L	L	L	L	UL	M	L	L	L	L	L	L	L	L	L	PG	L	L	L	L	L	L	L	L	L	L	L	L	L	L	PG	L	L	L	L	PG	I	I	I	L	L	L	L	PG	PG	L	L	L	L	L	L	L	L	L	L	L	L	L	L	L	L	L	L	PG	PG	L	PG	L	PG	L	L	L	L	L	L	M	M	I	I	L	L	L	L	PG	L	PG	PG	PG	PG	PG	L	PG	PG	PG	PG	PG	PG	L	L	L	L	L	L	L	L	L	L	L	L	L	L	L	L	PG	L	L	L	L	L	L
PGK1	X	I	I	PI	I	I	PI	UL	I	PI	PI	I	PI	I	I	I	I	PI	I	I	I	I	PI	I	I	I	I	I	PI	I	L	UL	PI	I	I	I	I	I	I	PI	I	I	I	I	I	UL	I	I	I	I	UL	I	I	I	I	UL	PG	I	I	I	I	I	I	I	I	I	I	I	I	I	I	I	I	UL		I	I	PI	I	I	I	I	PI	I	I	PI	I	PI	I	I	I	I	I	I	I	I	I	UL	I	PI	I	I	I	UL	PI	I	I	PI	I	I	I	I	I	UL	I	I	I	I	I	I	I	I	I	UL	PI	I	I	I	I	I	I
PGRMC1	X	I	I	I	I	I	I	I	I	I	I	I	I	I	I	I	I	I	I	I	PM	I	I	I	I	I	PM	M	I	I	I	I	I	I	I	I	I	I	I	M	M	I	I	M	I	I	I	I	I	I	I	I	I	I	I	I	I	I	I	I	I	I	I	I	I	I	I	I	I	I	I	I	I	I	I	I	I	I	I	I	PI	I	M	I	UL	I	I	I	I	I	I	I	I	I	I	UL	I	I	I	I	I	I	I		I	I	I	I	I	I	M	I	I	L	UL	I	I	I	I	I	I	I		I	I	I	I	UL	I	L	I
PHEX	X	I	I	PI	I	I	I	I	PI	I	I	I	I	PI	I	I	UL	I	I	I	PI	I	I	I	I	I	PM	I	I	I	I	I	PI		UL	I	I	I	I	PI	I	PI	PI	I	PI	PI	I		I	I	I	I	PI	I	PI	I	L	PI	I	PI	I	I	I	I	UL	I	I	I	I	I	PI	I	I	UL		PI	I		PI	PI	PI	I	I	I	I	PI	I	I	PI	I	I	I	PI	I		I	I		PI	I	PI	I	I	I	PI	I	PI	I	I	I	I	I	I	I	UL	I	I	I	UL	I	PI	I		I	PI	I	I	UL	I	I	PI
PHF6	X	I	I	I	I	I	PI	I	I	I	I	I	I	I	I	I	I	PI	I	I	I	I	I	I	I	I	PM	I	I	I	I	I	I	I	I	I	I	I	I	I	I	I	PI	I	I	I	I	I	I	I	I	I	PI	I	I	I	I	I	I	I	L	I	I	I	I	I	I	I	I	I	I	I	I	I	I	PI	UL	I	I	I	I	I	I	I	I	I	I	I	I	I	I	I	PI	I	I	PI	I	I	I	I	I	I	I	I	I	I	I	I	I	I	I	I	I	I	UL	I	I	I	I	I	I	I	I	I	I	I	I	I	I	I	I
PHF8	X	I	I	I	I	I	PI	M	PI	PI	PI	PI	PI	PI	PI	PI	I	PI	I	PI	PI	UL	I	I	I	I	M	UL	PI	PI	PI	I	PI	PM	I	I	I	I	I	PM	I	PI	PI	I	L	PI	I	I	I	I	UL	I	L	I	I	PI	I	I	I	PI	I	I	I	I	I	I	I	I	I	I	I	I	I	I	PI	UL	I		PI	I	PI	PI	PI	I	I	PI	I	I	I	I	I	I		I		I	I	I		I	M	I	I	I	PI	I	I	PM	I	I	UL	I	PI	UL	PI	I	I	UL	UL	I	PI	I		I	UL	I	I	UL	I	UL	I
PHKA1	X	I	I	I	UL	I	I		I		I		I			PI	UL	I	UL	PI	PI	PI	I	I	I	I	PM	I	PI	PI		PI	PI		I	I	I	I	I	UL	I	PI	PI	I	I	PI			I	I	I	PI	PI	I	I		I	PI	PI	I	I	I	I	I	UL	PI	I	I	I	I	I	I	I	I			I		PI	I	I	PI	PI	I	I	UL	I	I	I	I	I	I		I		I			I	PI		I	I	I	I	I		I	I	I	I	PI	I	UL	PI	I	I	I	I	I	I	I		UL	PI	I	I	UL	I	I	I
PHKA2	X	I	I	I	I	I			I	I	I		I	I		I	I	I	I	I	UL	PI	I	I	I	I	PI	PI			I	I	I		I	I	I	I	PI	PI	I	I	I	I	I	UL		I	I	I	UL	PI	PI	I	PI	I	L	PI	I	I	I	I	I	I	I	I	I	I	I	I	I	I	I	PI	I		I		I	PI	I	I	I	I	I	PI	UL	UL	I	I	I	I	UL	PI	I	PI				I	I	I	I		I	I		I	I	I	I	I	I	UL	I	I	I	I	I	I	I	I		UL	PI	I	I	UL	I	I	I
PIGA	X	I	I	I	I	I	I	I	I	I	I	I	I	I	I	PI	I	I	I	I	PI	PI	I	I	I	I	I	I	I	I	I	I		I	I	I	I	I	I	I	I	I	I	I	I	I	I	I	I	I	I	I	I	I	PI	I	I	I	I	I	I	I	I	I	I	I	I	I	I	I	I	I	I	I	I	I	I	I	I	I	I	PI	I	I	I	I	I	I	I	I	I	I	I	I	I	I	I	I	I	I	I	I	I	I	I	I	I	I	I	I	I	I	I	I	M	I	I	I	I	I	PI	I	I	L	I	I	I	I	I	I	I
PIM2	X	I	I	I	I	I	I	I	I	I	I	I	I	I		I	I	PI	L	I	PM	I	UL	I	I	I	PI	I	I	I	I	I		I	I	I	I	I	I	PM	I	I	I	I	PI	I	I	I	I	I	UL	I	I	I	I	I	I	I	I	I	I	I	I	I	I	I	I	I	I	UL	I	I	I	I	I	I	I	PI	I	I	I	I	PI	I	I	I	I	I	I	L	I	I	I	I	I	I	I	I	I	I	I	I	I	I	I	I	I	I	I	I	I	I	I	UL	I	I	I	I	I	I	I	I	I	UL	PI	I	I	UL	I	I	M
PIN4	X	I	I	I	I	I	UL	I	I	I	UL	PI	I	I	I	I	I	I	I	I	PI	I	PM	UL	I	I	I	PI	I	I	I	I	I	I	I	I	PI	I	I	I	I	I	I	I	I	I	I	I	I	I	I	PI	I	I	I	I	I	I	PI	I	I	PI	I	I	PI	I	I	I	I	I	L	I	I	I	I	I	I	PI	I	I	I	I	I	I	I	PI	I	PI	I	I	I	I	PI	I	I	I	I	I	I	I	I	I	I	I	I	I	I	I	I	I	I	PI	I	I	I	PI	I	I	I	I	UL	I	UL	I	I	I	I	I	I	I	I
PIR	X	I	I	I	I	I	PI	I	I	I	PI	I	I	I	I	I	I	I	PI	I	M	UL	I	I	I	I	PM	I	I	I	I	I	I	PI	I	I	I	I	PI	UL	I	PI	I	I	I	I	I	I	I	I	I	I	PI	I	I	I	I	I	I	I	I	I	I	I	I	I	I	I	I	I	I	I	I	I	M	PM	I	PI	PI	PI	I	PI	I	I	I	PI	I	PI	I	I	I	I	M	I	I	I	I	I	I	I	I	I	I	I	I	I	I	I	I	UL	PI	I	I	I	PI	PI	I	UL	I	I	I	I	I	I	PI	I	I	UL	I	I	I
PJA1	X	I	I	I	I	I	I	I	I	I	I	I	I	I	I	I	I	I	I	I	UL	I	PG	I	I	I	L	I	I	I	I	I	I	I	I	I	I	I	I	M	I	I	I	I	I	I	I	I	I	I	UL	I	I	I	I	I	I	I	I	I	I	I	I	I	I	I	I	I	I	I	I	I	I	M	I	I	I	I	I	I	I	I	PI	I	I	I	I	I	I	I	L	I	I	I	I	I	I	I	I	I	I	I	I	I	I	I	I	I	I	I	I	I	I	I	I	I	I	I	UL	I	I	I	I	I	I	I	I	UL	I	I	I
PLAC1	X	I	I	I	I	I	I	I	I	I	I	I	I	I	I	I	I	I	I	I	I	I	I	I	I	I	I	I	I	I	I	I	I	I	I	I	I	I	I	I	I	I	I	I	I	M	I	I	I	I	I	I	I	I	I	I	I	I	I	I	I	I	I	I	I	I	I	I	I	I	M	I	I	I	I	I	I	I	I	I	I	I	I	I	I	I	I	I	I	I	I	I	I	I	I	I	I	I	I	I	I	I	I	I	I	I	I	I	I	I	I	I	I	I	I	I	I	I	I	I	I	I	I	I	I	I	I	I	I	I	I
PLCXD1	X	PI	I	PI	UL	I	M	M	UL	M	I	I	PI	I	UL	UL	I	L	UL	UL	UL	PI	I	I	UL	I	UL	L	UL	PI	UL	UL	PI	UL	I	UL	PI	I	I	UL	L	UL	L	L	I	I	I	PI	I	M	PG	I	PI	I	UL	UL	PI	PI	PI	I	I	PI	UL	I	I	I	I	I	UL	I	I	I	PI	UL	PM	UL	PI	PM	PI	PI	UL	L	UL	I	I	PI	I	PI	I	M	UL	UL	M	I	PI	L	PI	UL	L	UL	PI	I	UL		UL	UL	UL	M	I	I	I	PI	I	UL	I	I	UL	UL	I	I	PI	PI	UL	UL	I	I	I	I	I	UL	PM
PLP1	X	I	I	I	I	I	I	I	I	I	I	I	I	I	I	I	I	I	I	I	PI	I	I	I	I	I	PI	I	I	I	I	I	I	I	I	I	I	I	I	PI	I	I	PI	I	I	I	I	I	I	I	I	I	I	I	I	I	I	I	I	I	I	I	I	I	I	I	I	I	I	I	I	I	I	I	I	I	I	I	I	I	I	I	I	I	I	I	I	I	I	I	I	I	I	I	I	I	I	I	I	I	I	I	I	I	I	I	I	I	I	I	I	I	I	I	I	I	I	I	I	I	I	I	I	I	I	I	I	I	I	I	I
PLP2	X	I	I	I	I	I	I	I	I	I	I	I	I	I	I	I	I	I	I	I	I	I	I	I	I	I	PI	I	I	I	I	I	I	I	I	I	I	PM	I	L	I	I	I	I	I	I	I	I	I	I	UL	I	I	I	I	I	I	I	I	I	I	I	I	I	I	I	I	I	I	I	PG	I	I	I	I	I	I	I	I	I	I	I	PI	I	I	I	I	I	L	I	I	I	I	I	I	I	I	I	I	I	I	I	I	I	I	I	I	I	I	I	I	I	I	I	I	I	I	I	I	I	I	I	I	I	I	I	I	I	I	I	I
PLS3	X	I	I	PI	I	I		I	PI	PI	I	I	I	I	I	I	I	I	I	I	PI	UL	I	I	I	I	PI	UL	I	I	I	I	I	I	I	PI	I	I	I	I	I	PI	I	I	I	I	I	I	I	I	I	I	PI	I	I	I	I	I	I	I	I	I	I	I	I	I	I	I	I	I	I	I	I	PI	PI		I	PI	I	I	I	I	I	I	I	UL	I	I	I	I	I	UL	I	I	I	PI	I	I	I	I	I	I	I		I	I	I	I	I	I	I	I	I	I	UL	I	I	I	I	I	PI	I		I	PI	I	I	I	I	I	I
PLXNA3	X	I	I	I	I	I	I	I	PM	I	I	I	I	I	I	I	I	PI	I	I	UL	I	I	I	I	I	PM	I	I	I	I	I	I	I	I	I	I	PI	I	I	I	I	I	I	I	I		I	I	I	L	I	I	I	I	I	I	I	I	I	I	I	I	I	I	I	I	I	I	I	I	I	I	I	I	I	I	I	PI	PI	I	I	L	I	UL	PM	I	I	I	I	I	I	I	PI	I	L	I	I	I	I	I	I	I	I	I	I	I	I	I	I	I	I	I	L	I	I	I	I	UL	PG	I	I	I	UL	M	I	I	I	I	UL	I
PLXNB3	X	I	I	I	I	I	I	I	I	I	I	I	I	I	I	I	PI	M	PI	PI	PM	I	I	I	I	I	I	I		I	I	I	PI	I	I	I	I	I	I	PI	M	I	I	PI	I	I	I	I	I	I	L	I	I	I	I		I	I	I	I	I	I	UL	I	I	I	I	I	I	UL	PM	I	I	I	UL	UL	UL	UL	L	UL	UL	UL	L	I	UL	PM	I	I	I	I	I	I	I	I	I	L	I	PM	I		I	I	I		I	I	I	I	I	I	I	I	I	L	I	I	UL	PI	UL	PG	I	I	I	UL	PI	I	I	UL	I	UL	I
PNCK	X	I	I	I	I	UL	I	I	I	I	I	UL	UL	UL	UL	I	L	UL	UL	I	PI	I	I	I	I	I	UL	I	L	UL	UL	UL	L	L	I	I	I	I	L	PG	I	I	I	PI	I	PG	I	I	I	I	L	I	I	I	I	I	I	I	I	I	I	I	I	I	I	I	I	I	I	I	I	I	I	I	UL	UL	UL	UL	UL	UL	UL	UL	M	I	I	I	I	I	I	I	I	I	I	I	UL	I	UL	UL	UL	UL	UL	UL	UL	UL	UL	UL	UL	UL	I	I	I	I	I	UL	I	I	I	UL	UL	PG	I	I	I	I	I	I	I	I	I	UL	I
PNMA3	X	I	I	I	I	I	I	I	I	I	I	I	I	I	I	I	I	I	I	I	L	I	I	I	I	I	I	I	I	I	I	I	I	I	I	I	I	I	L	I	I	L	L	I	I	I	I	I	I	I	UL	I	I	I	I	I	M	I	I	I	I	I	I	I	I	I	I	I	I	I	I	I	I	I	L	L	I	L	L	L	L	L	L	I	I	I	I	I	I	I	I	I	I	I	I	I	I	I	I	I	I	I	I	I	I	I	I	I	I	I	I	I	I	I	I	I	UL	I	I	I	I	I	I	I	L	I	I	I	I	I	I
PNMA5	X	I	I	I	I	I	I	I	I	I	I	I	I	I	I	I	I	I	I	I	L	I	I	I	I	I	L	I	I	I	I	I	I	I	I	I	I	I	L	I	I	L	L	I	I	I	I	I	I	I	UL	I	I	I	I	I	I	I	I	I	I	I	I	I	I	I	I	I	I	UL	I	I	I	I	I	I	I	I	I	I	I	I	L	I	I	L	I	I	I	I	I	I	L	I	I	I	I	I	I	I	I	I	I	I	I	I	I	I	I	I	I	I	I	I	I	I	L	I	I	I	I	I	I	I	L	I	I	I	I	I	I
PNMA6A	X	L	I	L	UL	I	I	I	L	I	L	L	L	L		L	I	L	L	L	L	L	L	I	I	I	L	I	L	L	L	L	L	L	I	I	I	I	L	L	L	L	L	L	I	I	I	I	I	I	L	L	L	I	I	L	L	L	L	I	I	I	I	I	I	I	I	I	I	UL	I	I	I	L	L	L	L	L	L	L	L	L	L	I	UL	I	I	L	I	I	I	I	L	L	L	L	L	L	L	L	L	I	L	L	L	L	L	L	I	I	L	L	I	L	I	I	UL	L	L	L	I	I	L	UL	L	I	I	I	I	L	L
PNMA6E	X	L	I	L	I	I	I	I	L	I	L	M	M	M		M	I	M	I	I	L	I	I	I	I	I	L	L	M	M	M	M	M	M	I	L	I	I	L	L	I	L	I	L	I	L	I	I	I	UL	L	L	I	I	L	M	L	M	M	I	UL	M	UL	I	I	L	I	I	I	UL	I	I	UL	UL	M	M	I	M	L	L	L	I	L	I	L	L	I	L	I	I	UL	I	M	L	M	L	M	M	M	M	M	UL	L		M	M	M	M	I	I	UL	I	I	L	I	I	L	I	UL	L	UL	L	M	L	L	I	I	I	I	L	M
PNMA6F	X	I	I	I	UL	I	I	I	I	I	I	I	I	I	I	I	I	M	I	L	M	UL	L	I	I	I	M	L	I	I	I	I	I	I	I	I	I	I	M	L	I	PG	M	M	M	I	PG	I	I	I	L	I	I	I	I	I	M	I	I	I	I	I	I	I	I	I	I	I	I	UL	I	I	I	L	M	PG	I	UL	UL	L	PG	M	M	I	I	M	I	L	I	I	I	I	L	UL	UL	UL	UL	M	M	UL	M	I	L	M	M	M	I	I	I	I	M	M	I	I	I	I	UL	L	M	M	I	I	I	I	M	I	I	I	I	I	UL
PNPLA4	X	I	I	I	I	I	I	I	I	I	I	I	I	I	I	I	I	I	I	I	UL	I	I	I	I	I	I	I	I	I	I	I	I	I	I	I	I	PI	I	I	I	PI	I	I	I	I	I	I	I	I	I	I	PI	I	I	I	I	I	I	I	I	I	I	I	I	I	I	I	I	I	I	I	I	PI	PI	PI	I	PI	I	PI	I	I	I	I	I	I	I	I	I	I	PI	I	I	I	I	I	I	I	I	I	I	I	I	I	I	I	PI	I	I	I	I	I	I	I	PI	I	I	I	I	I	I	I	I	I	I	I	I	UL	I	I	I
POF1B	X	I	I	I	I	I	I	I	I	I	I	I	I	I	I	PI	I	I	PI	I	I	I	I	I	I	I	PM	I	I	I	I	I	I		I	I	I	PI	I	I	I	I	I	I	PI	PI	I	I	I	I	I	PI	PI	I	I	I	M	I	I	I	I	I	I	I	I	I	I	I	I	I	I	I	I	I	I	PI	I	I	I	I	I	I	I	I	I	PI	UL	I	I	I	I	I	PI	I	I	I	I	I	I	I		I	I	I	I	I		I	I	I	I	PI	I	I	PI	I	I	I	I	I	I	I		I	PI	I	I	UL	I	I	PI
POLA1	X	I	I	I	I	I	PI	PI	I	I	PI		I	PI		I	I	I	I	I	PI	PI	I	I	I	I	PM	I		PI		PI	I		I	I	I	I	UL	UL	I	I	I	I	I	I		I	I	I	I	I	I	I	I	PI	L	PI	I	PI	I	I	I	I	I	I	I	I	I	UL	PI	I	I	I	PI		I		I	PI	PI	PI	PI	I	I	PI	I	I	I	I	I	I	PI	I	PI	PI		I	PI			I	I	I	I	PI	I	I	I	I	I	PI	I	UL	PM	I	I	I	I	I	PI	I	PM	I	PI	I	I	UL	I	I	I
PORCN	X	I	I	I	I	I	I	I	I	I	I	I	I	I	I	I	I	I	I	I	UL	I	UL	I	I	I	PI	I	I	I	I	I	I	I	I	I	I	I	I	L	I	I	I	I	I	I	I	I	I	I	UL	PI	I	I	I	I	I	I	I	I	I	I	I	I	I	I	I	I	I	I	M	I	I	I	I	I	I	PI	I	I	I	I	PI	I	I	I	I	I	I	I	I	I	I	I	I	I	I	I	I	I	I	I	I	I	I	I	I	I	I	I	I	I	I	UL	I	I	I	I	I	I	I	I	I	UL	PI	I	I	I	I	UL	I
POU3F4	X	I	I	I	I	I	I	I	I	I	I	I	I	I	I	I	I	I	I	I	PG	I	I	I	I	I	PG	I	I	I	I	I	I	I	I	I	I	I	I	PG	I	I	I	I	I	I	I	I	I	I	I	I	I	I	I	I	PG	I	I	I	I	I	I	I	I	I	I	I	I	I	I	I	I	M	I	I	I	I	I	I	I	I	M	I	I	PG	I	I	I	I	I	I	I	I	I	L	I	I	I	I	I	I	I		I	I	I	I	I	I	I	I	I	UL	I	I	I	I	I	I	I	I	I	I	PG	I	I	I	I	I	I
PPEF1	X	I	I	M	I	I	UL	I	UL	PI	UL	PI	I	PI	PI	I	I	I	I	I	UL	PI	I	I	I	I	PM	I	PI	PI	PI	PI	UL	PI	PI	I	PI	I	I	PI	I	PI	I	I	I	PI		I	I	I	I	I	PI	I	I	UL	L	PI	I	I	I	I	I	I	I	I	I	I	I	I	I	I	I	I	PI	PI	I	I	I	I	I	PI	PI	I	I	PI	I	I	I	I	UL	I	PI	PI	PI	PI	PI	PI	UL	PI	PI	I	PI		PI	PI	I	PI	I	I	PI	I	UL	UL	PI	I	I	PI	I	I	I	I		PI	PI	I	I	UL	I	I	UL
PPP1R2C	X	I	I	UL	I	I	I	I	I	I	I	I	I	I	I	I	I	I	M	I	I	I	I	I	I	I	M	UL	L	L	L	L	I	I	I	I	I	I	I	I	I	I	I	I	I	I	I	I	I	I	I	I	I	I	UL	I	L	I	I	I	I	I	I	I	I	I	I	I	I	I	I	I	I	I	I	I	I	I	I	I	I	I	I	I	I	I	I	I	I	I	I	I	M	I	UL	UL	UL	I	I	I	I	I	UL	I	I	I	I	I	I	I	I	I	I	I	I	I	UL	I	I	I	I	I	I	I	I	I	I	I	I	I	I
PPP1R3F	X	I	I	I	I	I	I	I	I	I	I	I	I	I		I	I	PI	I	PI	L	I	UL	I	I	I	PM	I	I	I	I	I		I	I	I	PI	UL	UL	UL	PI	I	I	PI	I	I	I	I	I	I	UL	M	I	I	I	I	I	I	I	I	I	I	I	I	I	I	I	I	I	UL	I	I	PI	PI	UL	I	I	I	I	I	I	I	L	I	I	PM	I	I	I	I	I	PI	I	I	I	L	I	I	I	I	I	I	I	I	I	I	I	I	I	I	PI	I	I	L	PI	I	I	I	I	I	I	PI	I	L	UL	I	UL	UL	I	UL	I
PPP2R3B	X	L	I	PI	UL	I	M	UL	M	M	UL	I	PI	M	M	PI	UL	PG	PM	PM	PI	PI	UL	PI	I	I	PI	PM	UL	UL	UL	UL	PI		I	PI	PI	L	UL	L	L	UL	PM	PI	I	UL	PI	L	I	I	L	PI	PI	I	PI	PI	PI	PI	UL	I	I	UL	UL	I	I	PI	I	UL	UL	UL	I	I	L	UL	M	UL	PI	PM	UL	UL	M	UL	PM	PI	L	I	I	I	UL	UL	UL	UL	L	PI	PM	L	L	M	UL	UL	UL	I	UL	UL	L	UL	L	L	I	I	PI	PI	PI	L	UL	I	UL	UL	I	I	UL	PI		PI	L	I	PI	UL	I	L	PI
PPP4R3C	X	I	I	I	I	I	I	I	I	I	I	I	I	I		I	I	I	I	I	PG	I	I	UL	I	I	PG	I	I	I	I	I	I	I	I	I	I	I	I	I	I	I	I	I	I	I	I	I	I	I	I	I	I	I	I	I	L	I	I	I	I	I	I	I	I	I	I	I	I	I	I	I	UL	M	I	I	I	I	I	I	I	I	I	I	I	M	I	I	I	I	UL	I	I	I	I	I	I	I	I	I	I	I	I	I	I	I	I	I	I	I	M	I	I	I	L	I	I	I	I	I	I	I	I	I	PG	I	I	UL	I	I	I
PQBP1	X	I	I	I	I	I	I	I	I	I	I	I	I	I	I	I	I	I	I	I	PI	I	I	I	I	I	I	I	I	I	I	I	I	I	I	I	I	I	I	PM	I	I	I	I	I	I	I	I	I	I	UL	I	I	I	I	M	I	I	I	I	I	I	UL	I	I	I	I	I	I	I	M	I	I	I	I	I	I	I	I	I	I	I	PI	I	I	I	I	I	PI	I	I	I	I	I	I	UL	I		I	I	I	I	I	I	PM	I	I	I	I	I	I	I	I	L	I	I	L	I	I	I	I	I	PM	I	PI	I	I	I	I	I	I
PRAF2	X	I	I	I	I	I	I	I	I	I	I	I	I	I	I	I	I	I	I	I	PI	I	PI	I	I	I	PI	I	I	I	I	I	I	I	I	I	I	I	I	I	I	I	I	I	M	I	I	I	I	I	UL	I	I	I	I	I	I	I	I	I	I	I	I	I	I	I	I	I	I	I	I	I	I	I	I	I	I	I	I	I	I	I	L	I	I	I	I	I	I	I	I	I	I	I	I	L	I	I	I	I	I	I	I	I	I	I	I	I	I	I	I	I	I	I	I	I	I	I	I	I	I	I	I	I	PM	I	I	I	I	I	I
PRDX4	X	I	I	PI	I	I	PI	I	I	I	I	I	I	PI	PI	I	I	PI	I	I	UL	I	I	I	I	I	L	I	I	I	I	PI	I	PI	I	I	I	I	I	UL	I	PI	I	I	I	I	PI	I	I	I	UL	I	I	I	PI	I	PM	I	I	I	I	I	I	I	I	I	I	I	UL	I	I	I	I	I	PI	I	I	I	I	I	I	L	PI	I	I	L	I	I	I	I	I	I	L	PI	PI	I	I	PI	PI	I	PI	I	I	PI	PI	PI	PI	PI	I	I	I	I	I	I	PI	I	UL	I	I	I	PI	I	PI	UL	UL	I	I	I	I	I	I
PRICKLE3	X	I	I	I	I	I	I	I	I	I	I	I	I	I	I	I	I	L	I	I	L	I	UL	I	UL	I	PM	I	I	I	I	I	I	PI	I	I	I	L	I	L	I	I	I	PI	I	I	I	I	I	I	UL	I	I	I	I	I	I	I	I	I	I	I	I	I	I	I	I	I	I	UL	PM	I	I	I	I	I	I	I	I	I	I	I	L	I	UL	PI	I	I	I	I	I	I	I	PI	I	UL	I	PI	I	I	I	I	I	I	I	I	I	I	I	I	I	I	I	L	UL	I	UL	I	UL	I	I	I	I	UL	I	I	I	I	I	L	I
PRKX	X	I	I	I	I	I	I	PI	I	I	PI	I	I	I		I	I	PI	PI	PI	UL	PI	UL	I	I	I	M	PI	I	PI	I	PI	I	UL	I	PI	PI	PI	I	PM	I	I	PI	I	M	I	PI		I	I	UL	PI	M	I	PI	I	PI	I	PI	I	I	I	UL	I	I	I	I	I	I	I	PI	I	UL	I	PM	M	I	I	PI	PI	PI	I	UL	I	I	PI	I	PI	I	I	I	UL	M	UL	I	L	UL	PI	PI	PI	PI	UL	PI	PI	PI	PI	PI	PI	UL	PM	I	PI	I	PI	PI	I	I	I	UL	I	PI	PI		I	PI	I	I	UL	I	I	PI
PRPS1	X	I	I	I	I	I	I	I	I	PI	I	I	I	PI	I	I	I	I	I	I	PI	I	I	I	I	I	PI	L	I	UL	I	I	I	I	I	I	I	I	I	UL	I	PI	I	PI	I	UL	I	I	I	I	I	I	PI	I	PI	PI	I	I	I	I	I	UL	I	I	I	I	I	I	I	I	I	I	UL	I	I	PI	I	M	PI	I	I	PI	I	I	I	PI	I	PI	I	I	I	UL	I	I	PI	I	PI	I	I	I	I	I	I	I	I	I	I	I	I	I	I	PI	I	UL	PI	I	I	I	I	I	PI	I	M	UL	I	I	I	UL	I	I	I
PRPS2	X	M	I	I	I	I		I	I	I	I	PI	I	PI	PI	I	I	I	I	PI	PI	UL	PI	I	I	I	PI	I	I	I	I	I	I	I	I	I	I	I	I	PI	I	I	UL	I	I	I	I	I	I	I	I	I	I	I	I	I	I	I	I	I	I	I	I	I	UL	I	I	I	I	I	I	I	PI	I	PI	I	I	PM	PI	PI	I	I	PI	I	I	PI	I	I	I	I	I	I	M	I	PI	UL	I	I	I	I	I	I	PI	PI	I	I	I	I	I	I	I	I	I	UL	I	I	I	I	I	I	I	I	I	UL	UL	I	I	UL	I	UL	I
PRR32	X	I	I	I	I	I	I	I	I	I	I	I	I	I		I	I	I	I	I	PG	I	I	UL	I	I	PM	I	I	I	I	I	I	I	I	I	I	I	I	I	I	I	I	I	I	L	L	I	I	I	I	I	UL	I	I	I	I	I	I	I	L	I	I	I	I	I	I	I	I	I	I	I	I	I	I	I	I	I	I	I	I	I	I	I	L	L	L	L	I	I	I	I	I	I	I	I	I	I	I	I	I	I	I		I	I	I	I	I	UL	I	I	I	I	I	I	I	I	I	I	I	I	I	I	I	I	I	UL	I	I	I
PRRG1	X	I	I	I	I	I	PI	I	I	PI	PI	PI	PI	I	PI	I	I	I	I	I	PI	I	I	I	I	I	PM	I	PI	I	PI	I	PI	PI	I	I	I	I	PI	PI	PI	PI	I	PI	I	I	PI	PI	I	I	I	PI	I	I	I	PI	L	I	I	I	L	I	I	I	I	I	I	I	I	I	I	I	I	PM	PI	PI	I	PM	PI	PI	PI	PI	I	I	I	I	PI	PI	I	I	I	I	PI	I	PI	I	I	PI	I	PI	I	I	I	I	I	PI	PI	I	I	I	I	I	I	UL	I	I	I	PI	PI	I	I	I	I	I	I	I	I	I	I	I	I
PRRG3	X	I	I	I	I	I	I	I	I	I	I	I	I	I	I	I	I	I	I	I	L	I	I	I	I	I	I	I	I	I	I	I	I	I	I	I	I	I	I	I	I	I	I	I	I	I	I	I	I	I	UL	I	I	I	I	I	I	I	I	I	I	I	I	I	I	I	I	I	I	UL	I	I	I	I	I	I	I	I	I	I	I	I	I	I	I	I	I	I	I	I	I	I		I	I	I	I	I	I	I	I	I	I	I	I	I	I	I	I	I	I	I	I	I	I	I	I	I	I	I	I	I	I	I	PM	I	I	I	I	I	I
PSMD10	X	I	I	I	I	I	I	I	I	I	I	I	I	PI	I	I	I	I	I	I	PG	I	I	I	I	I	PM	I	I	I	I	I	I	I	I	I	I	I	I	I	I	I	I	I	I	I	I	I	I	I	I	I	I	I	I	I	I	I	I	I	I	I	I	I	I	I	I	I	I	I	I	I	I	I	PI	I	I	I	I	I	I	I	I	I	I	PM	I	PI	I	I	I	I	I	I	I	I	I	I	I	I	I	I	I	I	I	I	I	I	I	I	I	I	I	I	UL	I	I	I	I	I	I	I	I	I	PI	I	I	I	I	I	I
PTCHD1	X	I	I	I	I	I	I	I	I	I	I	I	I	I		I	I	PI	I	I	I	I	I	I	I	I	PM	I	I	I	I	I	I	I	I	I	I	I	I	PI	I	PI	I	I	I	I	I	I	I	I	UL	I	I	I	I	I	L	I	I	I	I	I	I	I	I	PI	I	I	I	I	PM	I	PI	M	I	PM	I	I	I	I	I	I	PI	I	I	I	I	I	I	I	I	I	I	PI	I	I	I	PI	I	I	I	I	I	I	I	I	I	I	I	I	PI	I	PM	I	UL	I	I	I	I	I	I	PI	I	I	PM	I	I	I	I	I	I
PUDP	X	I	I	I	I	I	I	PI	I	I	I	I	I	I	I	I	I	I	I	I	I	UL	I	I	I	I	UL	I	I	UL	I	PI	PI	PI	I	I	I	I	I	UL	I	I	PI	I	I	I	I	I	I	I	I	I	I	I	I	I	I	I	I	I	I	I	I	I	I	I	I	I	I	I	L	I	I	I		I	I	M	L	PI	I	I	PI	I	I	I	PI	I	I	I	I	UL	PI	I	PI	I	I	I	I	PI	PI	I	I	I	I	I	I	I	I	I	I	I	I	I	I	I	I	I	I	I	I	I	I	I	UL	I	I	UL	I	I	M
PWWP3B	X	I	I	I	I	I	I	I	I	I	I	I	I	I	I	I	L	I	I	I	I	I	I	I	I	I	I	I	I	I	I	I	I	I	I	I	I	I	I	I	I	I	I	I	I	I	I	I	I	I	I	I	I	I	I	I	I	I	I	I	I	I	I	I	I	I	I	I	I	I	I	I	I	I	I	I	I	I	I	I	I	I	I	I	I	I	I	I	I	I	I	I	I	I	I	I	I	I	I	I	I	I	I	I	I	I	I	I	I	I	I	I	I	I	I	I	I	I	I	I	I	I	I	I	I	I	I	I	I	I	I
PWWP4	X	UL	UL	UL	M	UL	I	M	M	M	L	L	PG	L	L	L	UL	UL	UL	M	PG	M	L	UL	L	PG	PG	L	UL	UL	UL	UL		PG	L	UL	M	L	L	PG	M	M	L	L	M	L	M	I	I	I	L	M	L	I	M	L	L	M	M	L	L	UL	L	UL	UL	UL	UL	L	L	UL	UL	UL	M	L	L	PG	L	L	L	M	PG	PG	L	UL	L	L	L	L	I	I	L	L	UL	L	L	M	L	I	I	I	I	UL	I	I	I	I	L	I	M	L	M	L	L	L	L	L	L	M	L	PG	M	M	I	L	PG	L	M	L	L	L	M
RAB33A	X	I	I	I	I	I	I	PI	I	PI	I	I	I	I	I	I	UL	I	I	I	I	I	I	I	I	I	PI	I	I	PI	I	I	I	I	I	I	I	I	I	I	I	I	I	I	I	I	PI	PI	I	I	I	I	PI	I	I	PI	I	I	I	I	I	I	I	I	I	I	I	I	I	I	L	I	I	I	PI	PI	I	PI	I	I	I	I	UL	I	I	PI	I	I	I	I	I	I	I	PI	I	I	I	I	PI	I	I	I	I	I	I	I	PI	I	I	I	I	I	I	I	I	I	I	I	I	I	PI	I	I	I	PI	I	I	I	I	I	I
RAB39B	X	I	I	I	PI	I	I	I	I	I	I	I	I	I		I	I	I	I	I	I	I	I	I	I	I	PI	I	I	I	I	I	I	I	I	I	I	I	PG	I	I	I	I	I	I	I	I	I	I	I	I	I	I	I	I	I	I	I	I	I	I	I	I	I	I	I	I	I	I	I	I	I	I	I	I	I	I	I	I	I	I	I	I	I	I	I	I	I	I	I	I	I	I	I	I	I	I	I	I	I	I	I	I	I	I	I	I	I	I	I	I	I	I	I	I	I	I	I	I	PG	I	I	I	I	I	I	I	I	I	I	I
RAB40A	X	L	I	I	I	I	M	M	I	M	M	M	I	M	M	M	I	I	I	L	M	I	L	I	I	I	PG	L	M	M	M	M	M	I	I	I	I	I	L	M	L	L	M	L	L	L	L	M	I	I	I	I	I	I	L	I	L	I	I	I	L	I	I	I	I	I	I	I	I	I	I	I	I	I	L	L	L	L	L	L	L	L	I	I	L	M	L	L	I	I	I	I	I	I	M	I	M	M	M	M	M	I	L	I	PG	M	M	PG	I	I	L	L	I	I	I	I	I	I	I	I	I	I	M	I	L	I	I	I	I	UL	L
RAB40AL	X	L	I	I	I	I	M	M	I	M	M	M	I	M	M	M	I	I	I	L	L	I	L	I	I	I	L	L	M	M	M	M	M	I	I	I	I	I	L	L	L	L	L	L	L	L	L	M	I	I	I	I	I	I	L	I	L	I	I	I	L	I	I	I	I	I	I	I	I	I	I	I	I	I	L	L	L	L	L	L	L	L	I	I	L	L	L	L	I	I	I	I	I	I	M	I	M	M	M	M	M	I	L	I	M	M	M	M	I	I	L	L	I	I	I	I	I	I	I	I	I	I		I	L	I	I	I	I	UL	L
RAB41	X	PI	UL	PI	PG	I	PI	PI	I	PI	L	I	I	I	I	I	I	I	I	I	UL	UL	I	UL	UL	I	UL	L	UL	I	UL	UL	I	I	UL	UL	I	I	L	UL	L	L	L	L	L	L	L	I	I	I	I	I	I	I	L	M	L	I	I	I	L	I	I	I	I	I	I	I	I	I	I	I	UL	UL	L	L	L		L	L	L	L	I	I	L	L	L	L	UL	UL	I	I	I	I	I	I	I	I	I	I	UL	I	I	I	UL	UL	UL	UL	I	I	L	L	I	I	I	UL	I	PI	I	I	UL	UL	L	I	PI	I	I	UL	I	I	L
RAB9A	X	L	I	I	I	I	I	I	I	I	I	I	I	I	I	I	I	M	I	I	PG	I	I	I	I	I	L	I	I	I	I	I	I	I	I	I	I	I	I	I	I	I	I	I	I	I	I	I	I	I	I	I	I	I	I	L	UL	I	I	I	I	I	I	I	I	I	I	I	I	I	I	I	I	I	I	I	I	I	I	I	I	I	I	I	I	PG	I	I	I	UL	I	I	I	I	I	I	I	I	I	I	I	I	I		I	I	I	I	I	I	I	I	I	I	I	I	I	I	I	I	I	I	I	UL	I	I	I	I	I	UL	I
RAB9B	X	I	I	I	I	I	I	I	I	I	I	I	I	I	I	I	I	I	I	I	I	I	I	I	I	I	M	I	I	I	I	I	I	I	I	I	I	I	I	I	I	I	I	I	I	I	I	I	I	I	I	I	I	I	I	I	I	I	I	I	I	I	I	I	I	I	I	I	I	I	I	I	I	I	I	I	I	I	I	I	I	I	I	I	I	I	I	I	I	I	I	I	I	I	I	I	I	I	I	I	I	I	I	I	I	I	I	I	I	I	I	I	I	I	I	I	I	I	I	I	I	I	I	I	I	I	I	I	I	I	I
RADX	X	I	I	I	I	I	I	I	I	I	I	I	I	I	I	I	I	I	PI	I	UL	I	I	I	I	I	PM	I	I	I	I	I	I	I	I	I	I	I	I	I	I	I	I	I	I	I	PI	I	I	I	I	I	I	I	UL	I	I	I	I	I	I	I	I	I	UL	PI	I	I	I	I	I	I	I	PI		I	I	I	I	PI	I	I	I	I	I	PI	PI	UL	I	I	I	UL	I	I	I	I		I	I	I	I	I	I	PI	I	I	I	I	I	M	I	I	PI	I	PI	I	I	PI	L	I	I	I	I	I	I	I	I	L	I	I	I
RAI2	X	I	I	I	I	I	I	I	I	I	I	UL	I	I	I	I	I	I	I	I	M	I	I	I	I	I	M	M	I	I	I	I	I	I	I	I	I	I	I	I	I	I	I	I	I	I	I	I	I	I	I	I	I	I	I	I	L	I	I	I	UL	I	UL	I	I	I	I	I	I	I	I	I	I	I	UL	I	I	I	I	I	I	I	I	I	I	I	I	I	I	I	I	I	I	I	I	UL	I	I	I	I	I	I	I	I	I	I	I	I	I	I	I	I	I	I	I	I	I	I	I	I	I	I	I	I	I	I	I	UL	I	I	I
RAP2C	X	I	I	I	I	I	I	I	I	I	I	I	I	I	I	I	I	I	I	I	I	I	I	I	I	I	M	I	I	I	I	I	I	I	I	I	I	I	I	I	I	I	I	I	I	I	I	I	I	I	I	I	I	I	I	I	I	I	I	I	I	I	I	I	I	I	I	I	I	I	I	I	I	I	I	I	I	I	I	PI	I	I	I	I	I	I	I	I	I	I	I	I	I	I	I	I	I	I	I	I	I	I	I		I	I	I	I	I	I	I	I	I	I	PI	I	I	I	I	I	I	I	I	I	I	I	I	UL	I	I	I
RBBP7	X	PI	I	I	I	I	PI	L	I	PI	I	I	I	UL	I	I	I	I	I	I	PI	I	I	I	I	I	PI	I	I	I	PI	I	PI	PI	I	I	PI	I	I	PI	PI	I	M	PI	PI	I	I	I	I	I	I	I	I	I	I	I	L	I	I	I	I	I	I	I	I	I	I	I	I	I	I	I	I	I	PI	PI	I		I	PI	I	I	I	I	I	L	I	PI	I	PI	I	I	PI	I	I	I	I	UL	I	I	I	I	UL	I	I	I	I	I	I	I	I	I	I	I	I	I	I	I	I	I	PI	PI	L	I	UL	I	I	I	I	I	I
RBM10	X	I	I	I	I	I	I		PI		I	I	I	I	I	I	I	PI	I	I	M	I	I	I	I	I	PI	PI	I	I		I	I	I	I	I	I	I	I	UL	I	I	I	I	I	I	I	I	I	I	UL	I	I	I	I	I	I	I	I	I	I	I	UL	I	I	I	I	I	I	UL	I	I	I	I	I	I	I		I	I	I	I	UL	I	UL	I	I	I	I	I	I	I	I	PI	I	UL	I		I	I	I	I	PI	I	I	I	I	I	I	I	PI	I	I	UL	I	I	I	I	I	I	I	I	I	I	M	I	I	I	I	UL	I
RBM3	X	I	I	I	I	I	I	I	I	I	I	PI	I	PI	M	I	I	M	I	I	I	I	L	I	I	I	PI	UL	I	I	I	I	PI	I	I	I	I	I	I	PI	I	I	I	PI	I	I	I	I	I	I	I	I	I	I	I	I	I	I	I	I	I	UL	I	I	I	I	I	I	I	I	I	I	I	I	I	I	I	I	I	I	I	I	I	I	I	I	I	I	I	I	I	M	I	I	I	I	PI	I	I	I	I	I	I	PI	I	I	I	I	I	I	I	I	I	UL	I	I	I	I	I	I	I	PI	UL	I	I	I	I	L	I	I	I
RBM41	X	I	I	I	I	I	I	I	I	I	I	I	I	I	I	I	I	I	I	I	I	I	I	I	I	I	PI	I	I	I	I	I	I	I	I	I	I	I	I	I	I	I	I	I	PI	PI	I	I	I	I	I	PI	I	I	I	I	I	I	I	I	I	I	I	I	I	I	I	I	I	I	PI	I	I	I	PI	I	I	I	I	I	I	PI	I	I	I	PI	PI	I	I	I	I	I	I	I	I	PI	I	I	I	I	I	I	I	I	I	I	I	I	I	PM	I	I	I	I	I	I	I	I	I	I	I	I	I	UL	I	I	I	UL	I	I	I
RBMX	X	I	I	PI	I	I	M	PI	PI	PM	PI	UL	I	I	L	I	I	PI	UL	I	PI	M	UL	UL	I	I	L	I	UL	UL	PI	M	I	UL	I	I	PI	I	I	I	PI	PI	PI	PI	PI	I	PI	L	I	I	UL	I	I	I	I	PM	I	PI	PM	I	I	I	I	I	UL	I	I	I	I	I	I	I	I	I	I	I	UL	PI	I	I	I	I	UL	I	I	PI	I	I	I	I	I	L	I	I	UL	PI	UL	PI	L	UL	UL	I	I		PI	M	I	M	I	I	I	M	PI	I	I	I	I	UL	UL	I	PI	PI		I	PI	I	I	UL	I	I	I
RBMX2	X	I	I	I	I	I	I	PI	I	I	I	I	I	I	I	I	I	I	I	I	M	PI	PI	I	I	I	PI	PI	I	I	I	I	I	I	I	I	I	UL	I	PG	I	M	I	I	I	I	I	I	I	I	I	I	I	I	I	M	I	I	I	I	I	I	I	I	I	I	I	I	I	L	I	I	I	I	PI	PI	I	PI	PI	I	PI	I	I	I	I	PM	PI	PI	I	I	I	I	I	I	I	I	I	I	I	I	I	I	I	I	I	I	I	I	I	I	I	I	I	I	I	I	I	I	I	I	I	I	I	UL	I	I	I	L	I	I	M
RBMXL3	X	M	I	I	L	L	M	I	M	L	I	L	L	L	L	M	I	M	I	L	PG	UL	L	I	L	I	M	L	UL	UL	UL	UL	L	L	UL	M	I	I	L	M	L	PG	M	L	L	PG	L	I	I	I	L	M	M	I	L	I	L	I	I	I	L	I	UL	I	I	M	I	L	UL	UL	UL	I	I	UL	L	L	L	L	L	L	L	L	M	UL	L	L	L	L	I	I	I	UL	I	I	L	L	L	UL	UL	UL	UL	UL	UL	UL	UL	UL	UL	UL	I	L	L	L	I	L	L	I	L	M	UL	I	L	L	L	UL	M	I	I	I	I	L	L
RENBP	X	I	I	PI	I	I	I	I	I	I	I	I	I	I	I	I	UL	UL	I	I	UL	I	I	I	I	I	PI	PM	I	I	I	I	I	I	I	I	I	L	I	PM	I	PI	I	I	I	I	PI	I	I	I	UL	I	PI	I	I	I	I	I	I	I	I	I	I	I	I	I	I	I	I	I	I	I	PI	PI	I	PI	I	PI	I	I	I	PI	PI	I	I	PI	PI	I	I	I	I	I	I	I	I	UL	I	I	I	I	I	I	I	I	I	I	I	I	I	I	I	I	I	L	I	I	I	I	UL	M	PI	PI		UL	I	I	I	L	I	UL	I
REPS2	X	I	I	I	PI	I	PI	PI	PI	I	PI	PI		PI	PI	PI	I	PI	PI	PI	PI	PI	UL	I	I	I	PM	PI	PI	PI	PI	PI	PI		I	I	PI	I	I	UL	PI	PI	I	PI	I	PI		PI	I	I	I	PI	PI	I	I	I	PM	PI	PI	I	I	I	I	I	I	I	I	I	I	I	PI	I	PI	UL	PI	PI	I		PI	PI	PI	PI	PI	I	I	PI	I	PI	I	I	I	I	M	I		PI	PI	PI		I	I	I	PI		PI				I	I	I	I	PI	UL	UL	I	I	PI	I	I	PI	PI	I	I	PI	I	UL	UL	I	I	I
RGN	X	I	I	PI	I	I	I	I	PI	I	I	I	I	I	I	I	I	I	I	I	I	I	I	I	I	I	PI	I	I	I	I	I	I	I	PM	I	I	I	I	I	I	I	I	I	I	I	I	I	I	I	I	I	PI	I	I	I	I	I	I	I	I	I	I	I	I	PI	I	I	I	I	I	I	I	I	I	I	I	I	I	I	I	I	I	I	I	I	I	I	I	I	I	I	PI	I	I	I	I	I		I	I	I	PI	I	I	I	I	I	I	I	I	I	I	UL	PI	I	I	I	I	I	I	I		PI	PI	I	I	I	I	I	I
RHOXF1	X	I	I	L	I	I	I	PI	I	PI	PI	PI	I	PI	I	I	L	L	I	I	L	L	I	I	I	I	PI	UL	UL	PI	PI	I	PI	PI	I	I	PI	I	UL	PI	I	I	I	I	I	I	PI	I	I	I	PI	I	I	I	UL		I	L	I	I	I	I	I	I	I	I	I	I	I	I	I	I	I	I	UL	UL	I	PI	UL	I	UL	UL	L	I	I	PI	I	I	I	I	I	I	L	I	PI	UL	I	UL	UL	PI	UL	I	I	PI	L	UL	UL	UL	I	I	I	L	I	I	I	I	I	I	I	I	UL	I	I	I	I	I	I	I	I	I	I
RHOXF2	X	I	I	I	I	I	I	I	I	I	I	I	I	I	I	I	I	I	I	I	PI	I	I	I	I	I	L	PI	I	I	I	I		I	I	I	I	I	I	I	PI	PI	PI	PI	PI	I	PI	I	I	I	UL	PI	UL	I	I	I	I	I	I	I	I	I	I	I	I	I	I	I	I	I	I	I	PI	I	I	PI	I	PI	PI	PI	PI	I	UL	I	I	I	PI	I	I	I	I	I	L	I	I	I	I	I	I	I	I	I	I	I	I	I	I	I	I	I	UL	I	I	UL	I	I	I	I	PI	I	I	I	I	I	I	I	I	I	I	I	I
RHOXF2B	X	I	I	I	I	I	I	I	I	I	I	PI	I	I		I	I	PI	I	I	PI	I	I	PI	I	I	L	PI	PI	I	PI	PI	PI	PI	I	I	I	I	PI	I	PI	I	L	PI	PI	I	PI	I	I	I	UL	PI	UL	I	I	I	I	PI	I	I	I	I	I	I	I	I	I	I	I	UL	I	I	PI	I	I	PI	I	PI	PI	PI	PI	I	PI	I	I	PI	PI	I	I	I	I	I	UL	I	I	UL	I	I	I	I	I	I	I	I	I	I	I	I	I	I	UL	I	I	L	L	I	UL	I	I	I	I	I	I	I	I	I	I	I	I	I	I
RIBC1	X	I	I	I	UL	L	I	I	PI	I	I	PI	I	I	I	I	I	I	I	I	PI	I	UL	I	I	I	PI	I	UL		L	UL	I	I	I	I	I	I	I	I	I	I	I	I	I	I	I	I	I	I	I	I	I	I	UL	I	I	I	I	I	I	I	I	I	I	I	I	I	I	I	I	I	I	I	I	I	I	I	I	I	I	I	I	I	UL	I	I	I	I	I	I	I	PI	I	I	I	I	UL	UL	UL	UL	UL	UL		UL	UL	UL	UL	I	I	I	I	I	I	I	I	I	PI	I	I	I	I	I	UL	I	I	I	UL	I	I	I
RIPPLY1	X	I	I	I	I	I	I	I	I	I	I	I	I	I	I	I	I	I	I	I	PI	I	I	I	I	I	PI	I	I	I	I	I	I	I	I	I	I	I	I	I	I	I	I	I	I	I	I	I	I	I	I	I	I	I	I	I	UL	I	I	I	I	I	I	I	I	I	I	I	I	I	I	I	I	I	I	I	I	I	I	I	I	I	I	I	I	I	I	I	I	I	I	I	I	I	I	I	I	I	I	I	I	I	I		I	I	I	I	I	M	I	I	I	I	I	I	I	I	I	I	I	I		I	I	I	I	UL	I	I	I
RLIM	X	I	I	I	I	I	I	I	I	I	I	I	I	I	I	I	I	I	I	I	M	I	I	I	I	I	PG	I	I	I	I	I	I	I	I	UL	I	L	I	I	I	I	I	I	I	I	I	I	I	I	I	I	M	I	I	I	I	I	I	I	I	I	I	I	I	I	I	I	I	I	I	I	I	UL	PM	I	I	I	I	I	I	I	L	I	I	I	I	I	I	I	I	I	I	I	I	I	I	I	I	I	I	I	I	I	I	I	I	I	I	I	I	I	I	I	I	I	I	I	I	I	I	I	I	I	M	I	I	I	I	I	I
RNF113A	X	I	I	I	I	I	I	I	I	I	I	I	I	I	I	I	I	I	I	I	PG	I	I	I	I	I	PG	L	I	I	I	I	I	I	I	I	I	I	I	PG	UL	I	I	M	I	L	I	I	I	I	I	I	I	I	I	I	I	I	I	I	I	I	I	I	I	I	I	I	I	I	I	I	I	I	L	I	I	M	I	I	I	I	I	I	I	I	I	I	I	I	I	I	I	I	I	I	I	I	I	I	I	I	I	I	I	I	I	I	I	I	I	I	I	I	I	I	I	I	I	I	I	I	I	I	I	I	I	I	I	I	I
RNF128	X	I	I	I	I	I	I	I	I	I	I	I	I	I	I	I	I	I	I	I	I	I	I	I	I	I	PM	I	I	I	I	I	I	I	I	I	I	I	I	I	I	I	I	I	I	I	I	I	I	I	I	PI	I	I	I	I	I	I	I	I	I	I	I	I	I	I	I	I	I	I	PM	I	I	I	I	I	I	I	I	I	I	I	I	I	I	I	I	I	I	I	I	I	I	I	I	I	I	I	I	I	I	I	I	I	I	I	I	I	I	M	I	I	I	I	I	I	I	I	I	I	I	I	I	I	I	I	I	I	I	I	PI
RP2	X	I	I	I	PI	I	I	I	I		I	PM	I	I	I	PI	UL	I	I	I	I	I	I	I	I	I	PM	M	PM	I	I	I	I	I	I	I	I	I	I	I	I	I	I	I	I	PM	I	I	I	I	I	PI	I	M	I	I	I	I	I	I	I	I	I	I	I	I	I	I	I	I	PM	I	I	I	I	I	I	I	PM	PI	I	I	M	I	I	PI	I	I	I	I	I	I	PM	I	I	I	I	PM	PM	PM	PM	I	I		PM	I	I	PM	I	I	I	I	I	I	PI	I	I	I	I	I	I	I	PM	PI	I	I	I	I	I	I	I
RPA4	X	I	I	I	I	I	I	I	I	I	I	I	I	I		I	I	I	I	I	PG	I	I	I	I	I	PG	I	I	I	I	I	I	I	I	I	I	I	I	I	M	I	I	M	I	L	L	I	I	I	I	I	I	I	I	I	PG	I	I	I	L	I	I	I	I	I	I	I	I	I	I	I	I	M	I	I	I	I	I	I	I	I	I	I	L	L	L	L	I	I	I	UL	I	I	I	I	I	I	I	I	I	I	I	I	I	I	I	I	I	I	I	I	I	I	I	I	I	UL	I	L	I	I	I	UL	PG	I	I	I	I	I	I
RPGR	X	I	I	I	I	I	I	I	I	I	PI	I	I	PI	I	PI	I	I	UL	PI	PI	I	UL	L	UL	I	UL	I	I				PI	I	UL	M	I	UL	UL	L	I	PI	I	I	I	I	I	I	I	I	UL	PI	I	I	UL	PI	M	PI	I	UL	I	PI	UL	I	PI	PI	I	I	UL	PI	UL	UL	UL	L	PI	PI	I	PI	I	M	PI	I	UL	I	I	UL	I	I	I	I	UL	PM	L	UL	I	I	I	PI	PI	I	I	I	I	I	I	M	I	I	I	I	I	I	PI	UL	UL	I	UL	PI	I	I	I	I		I	PI	I	PI	PI	I	UL	I
RPL10	X	I	I	I	I	I		PI	PI	PI	M	M	M	PI	M	I	I	PI	I	I	L	I	I	I	I	I	UL	I	PI	UL	PI	I	I	I	I	UL	I	I	I	I	I	PI	I	I	I	I	PI	PI	I	I	I	PI	I	I	I	PI	I	I	I	PG	I	I	I	I	I	I	I	I	I	I	PG	I	PI	I	I	I	I	I	I	PI	I	I	PI	I	I	PI	I	I	I	I	I	I	PI	I	PI	I	PI	PM	I	I	UL	I	I	PI	PI	PI	PI	UL	I	I	I	PI	I	I	I	I	I	I	UL	UL	PI	I	I	UL	PI	I	I	I	I	PM	I
RPL36A	X	I	I	I	I	I	I	I	I	I	I	I	I	I	I	I	I	I	I	I	I	I	I	I	I	I	I	PI	I	I	I	I	PI	I	I	I	I	I	I	I	I	I	I	I	I	I	PI	I	I	I	I	I	I	I	I	PI	L	I	I	I	I	I	I	I	I	I	I	I	I	I	I	I	I	I	I	I	I	I	I	I	I	I	L	I	I	PI	I	I	I	I	I	I	PI	PI	PI	I	I	I	I	I	I	I	I	I	I	I	I	I	I	I	I	I	I	I	I	I	I	I	I	I	I	I	I	I	PI	I	I	I	I	I	I
RPL39	X	I	I	I	I	I	I	I	I	I	I	I	I	I	I	I	I	I	I	I	I	I	PI	I	I	I	I	I	I	I	I	I	I	I	I	I	I	I	I	I	I	I	I	I	I	I	PI	I	I	I	I	I	I	PI	I	I	I	I	I	I	I	I	I	I	I	I	I	I	I	I	PI	I	I	I	I	I	I	I	I	I	I	I	I	I	I	I	I	PI	I	I	I	I	I	I	I	I	I	I	I	I	I	I	I	I	I	I	I	I	I	I	I	I	I	I	I	I	I	I	I	I	I	I		I	I	I	I	I	I	I	PI
RPS4X	X	I	I	I	I	I	PI		I	PI	PI	M	I	M	PI	I	I	I	I	I	I	I	PG	I	I	I	PI	PI	UL	L	I	PI	M	UL	I	I	I	I	I	I	I	I	I	I	I	UL	M	I	I	I	UL	I	I	I	I	M	I	PI	I	UL	I	UL	I	I	I	I	I	I	UL	I	I	I	I	I	PI	I	I	I	I	I	I	I	UL	I	I	PI	I	PI	I	I	I	I	I	I	I	I	PI	I	I	I	I	I	I	UL	I	I	I	M	I	I	I	I	I	UL	I	I	I	I	I	I	I	PI	L	I	I	I	I	I	I	I	I
RPS6KA3	X	I	I	I	I	I	UL		PI	I	I	PI	PI	PI	I	I	I	I	I	I	PI	PI	PI	UL	I	I	PI	I	PI	PI	PI	PI	I	PM	I	I	I	UL	I	PI	I	PI	I	I	PI	PI	I	I	I	I	I	I	PI	I	I	I	L	I	I	I	I	I	I	I	I	I	I	I	I	I	PM	I	I	I	PI	UL	I		I	PI	PI	PI	PI	I	I	PI	I	I	I	I	I	I	I	I	M	PI	PI	PM	PM	UL	UL	I	PI	PI	UL	UL	I	UL	I	I	I	UL	PI	I	UL	I	I	I	UL	I	PI	I	PM	I	PI	I	I	UL	I	I	I
RPS6KA6	X	I	I	I	I	I		I	I	I	I	I	I	I	I	PI	UL	I	PI	I	PI	PI	I	I	I	I	PM	I		I	I		PI	I	I	I	I	UL	UL	UL	I	PI	PI	I	I	PI		PM	I	I	UL	UL	I	I	I	I	PG	I	I	I	L	I	I	I	I	I	I	I	I	I	I	I	I	I			I	I	I	PI	PI	PM	I	I	L	L	UL	UL	I	I	I	I	I	UL	I	I		I		I	I	I	I	I	I	I	I	I	I	I	I	PI	I	UL	UL	I	I	I	I	I	I	I		I	PI	I	I	UL	I	I	I
RRAGB	X	I	I	I	I	I	I	I	I	I	I	I		I	I	I	I	I	I	I	PI	I	I	UL	I	I	PI	I	I	I	I	I	I	I	I	I	I	I	I	I	I	I	I	I	I	I	I	I	I	I	I	I	I	I	I	I	M	I	I	I	I	I	I	I	I	I	I	I	UL	I	I	I	I	I	I	PI	I		I	PI	I	I	I	I	I	PI	I	I	I	I	I	I		I	I	I	I	I	I	I	I	I	I	I	I	I	I	I	I	I	I	I	I	I	PI	I	I	I	PI	I	I	I	I	UL	PI	I	I	UL	I	I	I
RS1	X	I	I	I	I	I	I	I	I	I	I	I	I	I	I	I	I	I	I	I	PI	I	I	I	I	I	PI	I	I	I	I	I	PI	I	I	I	I	I	I	I	I	I	I	I	I	I	I	I	I	I	I	I	I	I	I	I	L	I	I	I	I	I	I	I	I	I	I	I	I	I	I	I	I	I	I	PI	I		I	PI	I	I	I	I	I	PI	I	I	I	I	I	I	PI	I	I	I	I	PM	PI	I		I	I	I	I	I	I	I	I	I	I	I	I	I	I	I	I	PI	I	I	I	I	PI	I	PI	I	I	I	I	I	I
RTL3	X	UL	UL	L	L	L	UL	UL	I	L	L	UL	UL	UL		L	L	L	L	UL	UL	UL	L	UL	UL	UL	M	I	L	L	L	L	UL	UL	L	UL	UL	UL	I	L	I	I	I	I	I	M	M	UL	UL	UL	UL	I	I	I	I	L	M	L	L	UL	L	L	UL	UL	UL	L	UL	UL	UL	L	UL	UL	UL	UL	I	I	I	I	I	I	I	I	UL	I	L	L	M	M	UL	L	UL	UL	UL	UL	L	L	L	L	L	L	L	L	L		L	L	L	L	UL	I	I	I	M	UL	UL	UL	UL	L	L	L	L	L	L	L	UL	I	UL	UL	UL	UL	I
RTL4	X	I	I	L	UL	UL	UL	UL	UL	UL	UL	UL	UL	UL		UL	UL	UL	UL	I	UL	UL	I	I	I	I	PG	I	UL	UL	UL	UL	UL	UL	I	I	I	I	I	I	I	I	I	I	I	I	L	I	I	I	L	L	L	L	I	UL	I	UL	UL	I	I	I	I	I	I	I	I	I	I	I	I	I	I	UL	I	I	I	I	I	I	I	I	I	UL	I	I	I	I	I	I	I	I	I	I	UL	UL	UL	UL	UL	UL	UL	UL	UL	UL	UL	UL	UL	UL	I	I	I	I	I	I	I	I	I	UL	UL	UL	UL	UL		UL	I	L	I	I	I	I	I
RTL5	X	I	I	I	I	I	I	I	I	I	I	I	I	I	I	I	I	M	I	I	PG	I	I	I	I	I	PG	I	I	I	I	I		I	I	I	I	I	I	I	I	I	I	M	I	I	I	I	I	I	I	I	I	I	I	I	I	I	I	I	I	I	I	I	I	I	I	I	I	I	I	I	I	I	I	I	I	I	I	I	I	M	M	I	I	I	I	I	I	I	I	I	I	I	UL	UL	I	I	I	I	I	I	I	I	I	I	I	I	I	I	I	I	I	UL	M	I	I	I	UL	I	I	I	I	UL	M	I	I	I	I	I	I
RTL8A	X	I	I	I	I	I	I	I	I	I	I	M	M	M	M	I	I	I	I	I	L	I	I	I	I	I	PG	M	I	I	L	I	UL	I	I	I	I	I	L	I	I	I	I	I	I	I	I	M	I	I	I	I	I	I	I	I	I	I	I	I	I	I	I	I	I	I	I	I	I	I	I	I	I	I	I	I	I	I	I	I	I	I	L	I	I	I	I	I	I	I	I	I	I	M	I	I	I	L	M	I	L	I	I	I	UL	L	I	I	I	I	I	I	I	I	UL	I	I	UL	I	I	L	I		I	I	I	I	I	I	I	I
RTL8B	X	I	I	I	I	I	M	M	I	I	M	L	L	L	L	L	I	I	I	I	L	UL	I	I	I	I	PG	I	UL	UL	UL	UL	L	L	I	I	I	I	L	I	L	PG	M	L	L	L	L	I	I	I	L	UL	UL	UL	L	UL	L	L	I	I	L	I	I	I	I	I	I	I	I	I	I	I	I	I	L	L	I	L	L	L	L	L	M	I	L	L	I	L	I	I	I	I	M	M	L	L	L	L	L	L	L	L	L	L	UL	L	L	L	I	UL	L	M	I	I	I	I	I	UL	I	UL	I	I	I	I	L	L	M	I	I	I	L
RTL8C	X	I	I	I	I	I	I	I	I	I	I	M	M	I	M	I	I	I	I	I	I	I	I	I	I	I	I	I	I	I	I	I	UL	I	I	I	I	I	L	I	I	I	I	I	I	I	I	M	I	I	I	I	I	I	I	I	I	I	I	I	I	I	I	I	I	I	I	I	I	I	I	I	I	I	I	I	I	I	I	I	I	I	L	I	I	I	I	I	I	I	I	I	I	M	M	I	I	L	M	I	I	I	I	I	I	I	I	I	I	I	I	I	I	I	I	I	I	I	I	I	I	I		I	I	I	I	I	I	I	I
RTL9	X	I	I	I	I	I	I	I	I	I	I	I	I	I		I	I	I	I	I	I	I	I	I	I	I	I	I	I	I	I	I	I	I	L	I	I	I	I	M	I	I	I	I	I	I	I	I	I	I	L	I	I	I	PG	I	I	I	I	I	I	I	I	I	UL	I	I	I	I	I	I	I	I	UL	I	I	I	I	I	I	I	I	I	I	I	M	I	I	I	I	I	I	I	I	I	I	I	I	I	I	I	I	I	I	I	I	I	I	I	I	I	I	I	L	I	I	I	I	UL	I	I	I	I	I	M	I	I	UL	I	UL	I
S100G	X	I	I	I	I	I	I	I	I	I	I	I	I	I		I	I	I	I	I	I	I	I	I	I	I	M	I	I	I	I	I	I	I	I	I	I	I	I	M	I	PI	I	I	I	I	I	I	I	I	I	I	I	I	I	I	L	I	I	I	I	I	I	I	I	I	I	I	I	I	I	I	I	I	I	I	I	I	I	I	I	I	I	I	I	PI	I	I	I	I	I	I	I	I	PI	I	I	I	I	I	I	I	I	I	I	I	I	I	I	I	I	I	I	I	UL	I	I	I	I	I	I	I	I	I	I	I	I	I	I	I	I
SAGE1	X	UL	I	I	UL	PI	PI	PI	PI	PI	UL	PI	PI	L	PI	PI	I	UL	PI	UL	PI	PI	UL	UL	PI	UL	PI	UL	PI	PI	PI	PI		PI	I	I	UL	UL	I	UL	UL	UL	UL	UL	UL	I	UL	I	I	I	UL	UL	I	I	UL	PI	UL	PI	PI	UL	UL	I	UL	UL	UL	PI	UL	UL	I	UL	UL	UL	PI	UL	UL	UL	UL	UL	UL	UL	UL	UL	UL	I	UL	UL	UL	UL	I	I	I	I	UL	I	PI	PI	PI	PI	PI	PI	PI	I	I	PI	PI	PI	PI	PI	I	UL	UL	UL	PI	UL	UL	PI	PI	I	PI	UL	I	I	PI	UL	PI	I	UL	UL	PI	I	UL
SASH3	X	I	I	I	I	I	I	I	I	I	I	I	I	I	I	I	I	I	I	I	PI	I	I	I	I	I	I	I	I	I	I	I	I	I	I	I	PI	I	I	UL	I	I	I	I	I	I	I	I	I	I	UL	I	I	I	I	I	I	I	I	I	I	I	I	I	I	I	I	I	I	I	I	I	I	I	I	I	I	I	I	I	I	I	PI	I	I	I	I	I	I	I	I	I	I	I	I	UL	I	I	I	I	I	I	I	I	I	I	I	I	I	I	I	I	I	I	PI	I	I	I	I	I	I	I	I	UL	PI	I	I	UL	I	I	I
SAT1	X	I	I	I	I	I	I	I	I	I	I	I	I	I	PI	I	I	I	I	I	I	I	I	I	I	I	PI	I	I	I	I	I	I	I	I	I	I	I	I	I	I	I	I	I	I	PI	I	I	I	I	I	I	I	I	I	I	L	I	I	I	I	I	I	I	I	I	I	I	I	I	I	I	I	I	I	I	I	I	I	I	I	I	I	I	I	I	I	I	I	I	I	UL	I	I	I	I	I	I	I	I	I	I	I	I	I	I	PI	I	I	I	I	I	I	I	I	I	I	I	I	I	I	I	I	I	I	I	I	I	I	I	I
SATL1	X	I	I	I	PI	I	I	I	I	I	I	I	I	I	I	L	L	L	L	I	I	I	I	L	I	I	M	I	I	I	I	I	I	I	I	UL	I	UL	M	I	PI	I	I	PI	I	I	I	I	I	I	I	PI	UL	I	UL	I	I	L	L	I	L	I	I	I	L	I	I	I	I	I	I	I	I	I	I	I	I	M	I	I	I	I	UL	I	I	PI	I	I	I	I	I	I	I	I	I	I	I	I	I	I	I	I	PI	I	I	I		I	I	I	UL	M	I	I	I	I	L	UL	UL	UL	I	I	PI	M	I	I	I	I	UL	UL	UL
SCML1	X	I	I	I	I	I	I	I	I	I	I	I	I	I	I	L	I	L	PI	I	I	I	I	I	I	I	L	I	I	I	I	I	I	I	I	I	I	I	PI	I	I	I	I	I	I	I	I	I	I	I	UL	I	I	I	I	I	L	PI	PI	I	UL	I	I	I	I	I	I	I	I	I	I	I	I	I	PI	I	I	I	I	I	I	I	I	I	PI	PI	I	I	I	I	I	I	I	I	I	I	I	I	I	I	I	I	I	I	I	I	I	I	I	I	I	I	I	I	I	I	I	PI	I	I	I	I	I	I	I	I	I	I	I	PI	I
SCML2	X	PI	I	PI	I	I	UL	UL	UL	UL	UL	I	PI	I	PI	I	UL	I	L	PI	PM	I	I	I	I	I	PM	I	I	PI	L	L			I	I	I	I	I	PM	PI	I	PI	I	PI	I	I	I	I	I	UL	I	UL	I	I	I	L	UL	PI	I	I	I	I	I	I	I	I	I	I	I	I	I	I	I	I	I	I	I	PI	PI	I	PI	PI	I	I	UL	I	I	I	I	I	UL	PI	M		I	I	PI		PI	PI	I	PI		PI	PI		PI	I	I	I	I	I	I	UL	I	I	L	UL	I	I	I	I	UL	UL	I	I	I	I	I	I
SEPTIN6	X	I	I	I	I	I	PI	PI	I	PI	PI	PI	M	PI	PI	I	I	I	I	I	I	I	I	I	I	I	M	I	I	PI	I	UL	PI	PI	I	I	I	I	I	I	I	I	I	I	I	I	UL	PI	I	I	I	I	I	I	I	PI	I	I	I	I	I	I	I	I	I	I	I	I	I	I	I	I	I	I	PM	UL	I	PI	I	PI	PI	I	PI	I	I	PI	I	I	I	I	I	I	PI	I	PI	PI	PI	PI	PI	I	PI	I	PI	PI	PI	PI	I	PI	I	I	I	I	PI	I	I	I	I	I	I	I	I	I	UL	I	I	I	I	I	I	I	I
SERPINA7	X	I	I	L	L	L	L	L	L	L	L	UL	UL	UL	UL	L	L	L	L	I	L	L	I	I	I	UL	L	I	UL	UL	UL	UL		UL	I	I	I	I	I	I	I	I	I	I	I	I	I	I	I	I	I	I	I	I	PI	L	I	L	L	I	I	I	I	I	I	I	I	I	I	I	I	I	I	I	I	I	I	I	I	I	I	I	I	I	I	PI	I	I	I	I	I	I	L	I	UL	UL	L	UL	UL	UL	UL	UL	UL	UL	UL	L	UL	UL	I	I	I	I	I	I	I	I	I	L	L	L	L	L	L	L	I	I	I	I	I	I	I
SERTM2	X	I	I	I	I	I	I	I	I	I	I	I	I	I	I	I	I	I	I	I	I	I	I	I	I	I	M	I	I	I	I	I	I	I	I	I	I	I	I	I	I	I	I	I	I	UL	I	I	I	I	I	I	I	I	I	I	I	I	I	I	I	I	I	I	I	I	I	I	I	I	I	I	I	I	I	I	I	I	I	I	I	I	I	I	I	I	I	I	I	I	I	I	I	I	I	I	I	I	I	I	I	I	I	I	I	I	I	I	I	I	I	I	I	I	I	I	I	I	I	I	I	I		I	I	I	I	UL	I	I	I
SH2D1A	X	I	I	I	I	I	I	I	I	I	I	I	I	I	I	PI	I	I	I	I	I	I	I	I	I	I	PI	I	I	I	I	I	I	I	I	I	I	I	I	I	I	I	I	I	I	I	I	I	I	I	I	I	I	I	I	I	I	I	I	I	I	I	I	I	I	I	I	I	I	I	PI	I	I	I	PI	I	I	I	I	PI	I	I	I	I	I	I	I	I	I	I	I	I	I	I	I	I	I	I	I	I	I	I	I	I	I	I	I	I	I	I	I	I	I	I	I	I	I	I	I	I	I	I	I	I	I	I	I	UL	I	I	I
SH3BGRL	X	PI	I	I	I	I	I	I	I	I	I	I	I	I	I	I	I	I	I	I	I	I	I	I	M	I	PI	I	I	I	I	UL		I	I	I	I	I	I	I	I	I	I	I	I	PI	M	I	I	I	I	I	I	I	I	PI	M	I	I	I	I	I	I	I	I	I	I	I	I	I	I	I	I	I	PI	PM	UL	I	I	PM	I	I	I	I	I	I	I	I	I	I	I	I	I	I	UL	I	I	M	UL	M	M	I	PI	I	I	I	I	I	I	I	PI	I	I	I	I	I	I	I	I	I	I	I	I	I	I	I	I	I	I	I	I
SH3KBP1	X	I	I	I	I	I	I	I	I	I	I	I	I	I	PI	I	I	I	PI	I	UL	I	I	I	I	I	UL	I	UL	I	I	I	UL	I	I	I	I	I	I	PI	I	PI	I	I	I	I	I	PI	I	I	UL	I	PI	I	PI	I	L	I	I	I	I	I	I	I	I	I	I	I	I	I	PI	I	I	I		PI	I	PI	PI	PI	I	I	I	I	I	PI	I	I	I	PI	I	I	PI	I	I	UL	I	I	I	PI	I	I	I	I	I	I	PI	I	I	I	I	I	I	I	UL	I	I	I	PI	I	I	I	I	UL	PI	I	I	UL	I	I	PI
SHOX	X	PI	I	I	PI	I	PI	PI	PI	PI	PI	PI	I	I		I	UL	PM	UL	L	PI	I	L	I	I	I	PI	M	PI	PI	I	PM		I	I	I	L	I	I	PI	I	I	I	I	I	I	I	PI	I	PI	PM	PI	PI	I	I	I	UL	PI	I	I	I	I	I	I	I	I	I	I	I	UL	I	I	L	I	PI	PI	I	PI	I	I	PI	I	PG	PM	I	I	I	I	I	I	L	I	I	PI	I	UL	PI	PI		PI	PI	I	PI		I	PI	PI	PI	UL	I	I	I	I	UL	I	UL	I	M	I	I	PI	PI		UL	PI	I	I	I	I	I	I
SHROOM2	X	I	I	I	I	I	I	I	I		I	I	I	I	I	I	I	I	I	I	PM	I	I	I	I	I	M	I	I	I	I	I	I	I	I	I	I	I	UL	UL	I	PI	I	PI	PM	UL	I	I	I	I	L	I	I	I	PI	I	I	I	I	I	I	I	I	I	UL	I	I	I	I	L	I	I	PI	I	PI	PI	I	PI	I	PI	I	I	UL	I	L	PI	I	PI	I	I	I	UL	PI	PI		L	I	I	I		I	I	I	I	I	I	I	I	I	I	I	I	I	L	I	I	UL	PM	L	I	PI	I		UL	M	I	I	UL	I	L	PI
SHROOM4	X	PI	I	I	I	I	I	I	I	I	I	I	I	I	I	I	I	I	I	I	PM	I	I	I	I	I	PM	I	I	I	I	I	I		I	I	I	I	I	I	I	I	I	I	I	I	I	I	I	I	I	I	I	I	I	I	I	I	I	I	I	I	I	I	I	I	I	I	I	I	I	I	I	I	I	I	I		I	I	I	I	PI	I	I	PI	I	I	I	I	I	I	M	I	I	UL	I	I	I	I	I	I	I	I	I	I	I	I	I	UL	I	I	I	UL	UL	I	I	I	I	I	I	I	I	I	I	I	I	I	I	I	I
SLC10A3	X	I	I	I	I	I	I	I	I	I	I	I	I	I	I	I	I	I	I	I	L	I	I	I	I	I	I	I	I	I	I	I	I	I	I	I	I	L	I	I	I	I	I	I	I	I	I	I	I	I	UL	I	I	I	I	I	I	I	I	I	I	I	I	I	I	I	I	I	I	UL	I	I	I	I	I	I	I	I	I	I	I	I	M	I	I	M	I	I	I	I	I	L	I	I	I	UL	I	I	I	I	I	I	I	I	I	I	I	I	I	I	I	I	I	UL	I	I	I	I	I	M	I	I	I	UL	I	I	I	I	I	I	I
SLC16A2	X	I	I	I	PI	I	I	I	PI	I	I	I	I	I	I	I	I	PI	I	I	UL	I	I	I	I	I	PM	I	I	I	I	I	I	I	I	I	I	PI	I	PI	I	I	I	I	I	I	I	I	I	I	UL	I	I	I	I	I	I	I	I	I	I	I	M	I	I	I	I	I	I	UL	PM	I	I	I	I	I	I	I	I	I	PI	I	PI	I	I	PI	I	I	I	I	I	I	M	I	I	UL	I	I	I	I	I	I	I	I	I	I	I	I	I	I	PI	I	I	L	I	I	I	I	I	I	PI	I	I	I	PI	I	I	I	I	UL	I
SLC25A14	X	I	I	I	I	I	UL	I	I	I	I		I	I	I	I	I	I	I	I	UL	I	I	I	I	I	PI	PI	I	I		I	I	I	I	I	PI	I	I	PI	I	PI	I	I	I	I	I	I	I	I	I	I	I	I	I	I	I	I	I	I	I	I	I	I	I	I	I	I	I	I	I	I	I	I	I	PI	I	I	I	I	I	I	I	I	I	PM	I	I	I	I	I	I	I	I	I	I	UL	I	I	I	I	I	I	I	I	I	I	I	I	I	I	I	I	I	PI	I	I	I	I	I	I	I	I	I	PI	I	I	I	I	I	I
SLC25A43	X	I	I	I	I	I	PI	PI	PI	I	I	I	PI	I		I	I	I	I	PI	PI	I	UL	I	I	I	PI	I	I	I	I	I	I	I	I	I	PI	UL	I	UL	PI	I	PI	PI	I	I	I	I	I	I	I	I	I	I	PI	I	I	I	I	PI	I	I	I	I	I	I	I	I	I	I	I	I	PI	PI	I	PI	I	I	I	I	I	I	PI	I	UL	I	I	PI	I	I	I	UL	M	I	I	I	I	I	I	I	I	I	I		I	I	I	I	I	I	I	I	I	UL	I	I	UL	I	UL	I	PI	PI		PI	I	I	I	UL	I	I	I
SLC25A5	X	I	I	M	I	I	I	M	M	M	M	I	M	I	I	M	UL	M	M	M	L	I	M	I	I	I	PI	I	M	PI	PI	PI	PI	PI	I	I	PI	I	I	M	I	L	I	I	I	I	I	I	I	I	L	I	I	I	I	M	I	M	M	I	I	I	I	I	I	I	I	I	UL	I	I	I	I	I	I	I	I	I	I	I	I	I	L	I	I	I	M	I	I	I	I	I	I	I	UL	I	M	L	M	UL	L	L	I	M	M	M	M	UL	I	I	I	I	I	L	PI	I	I	I	I	I	I	M	I	L	M	I	I	I	I	L	I
SLC25A53	X	I	I	I	I	I	I	I	I	I	I	I	I	I	I	I	I	M	I	I	I	I	I	I	I	M	I	I	I	I	I	I	I	I	I	UL	I	UL	I	L	I	I	I	I	I	I	I	I	I	I	I	I	I	I	I	I	I	I	I	I	I	I	UL	I	I	I	I	I	I	I	L	I	M	L	I	I	I	I	I	I	I	I	UL	I	I	PG	I	I	I	I	I	L	M	I	I	UL	I	I	I	I	I	I	I		I	I	I	I	I	I	I	I	I	L	I	I	I	I	I	I	I	I		I	M	I	I	I	I	I	I
SLC25A6	X	PI	I	M	I	I	I	I	I	M	I	I	I	M	PI	PI	I	M	I	L	L	I	L	I	I	I	I	I	I	I	I	I	I	I	UL	I	PI	I	I	M	UL	M	I	UL	I	I	I	I	I	PG	L	I	I	I	I	M	I	PI	I	UL	I	PI	I	M	PI	I	I	I	I	I	I	I	PI	I	PI	I	I	I	I	I	I	I	PM	L	I	I	I	I	M	I	I	I	M	L	I	PG	I	UL	I	I	I	I	I	PI	I	PI	PI	PI	I	L	I	I	I	L	UL	I	UL	PI	I	I	I	M	I	I	PI	I	I	I	I	L	PI
SLC35A2	X	I	I	I	I	I	I	I	I	I	I	I	I	I	I	I	I	I	I	I	PI	I	I	I	I	I	I	I	I	I	I	I	I	I	I	I	I	I	I	L	I	I	I	I	I	I	I	I	I	I	L	I	I	I	I	I	I	I	I	I	I	I	I	I	I	I	I	I	I	I	PM	I	I	M	I	I	I	I	I	I	I	I	I	I	I	I	I	I	L	I	I	I	I	I	I	I	I	I	I	I	I	I	I	I	I	I	I	I	I	I	I	I	I	UL	I	I	I	I	I	I	I	I	I	UL	I	I	I	I	I	I	I
SLC38A5	X	I	I	I	I	I	I	I	I	I	I	I	I	I	PI	I	I	I	I	I	PI	I	I	UL	I	I	I	L	I	I	I	I	I	I	I	I	I	I	I	I	I	I	I	I	I	UL	PI	I	I	I	UL	I	I	I	I	I	I	I	I	I	I	I	I	I	I	I	I	I	I	I	I	I	I	I	I	I	I	I	I	I	I	I	I	I	I	PI	UL	UL	I	I	I	I	I	I	I	I	I	I	I	I	I	I	I	I	I	I	I	I	I	I	I	I	I	UL	I	I	I	I	I	I	I	I	I	UL	I	I	I	I	I	I	I
SLC6A14	X	I	I	I	I	I	I	I	PI	I	I	I	I	PI	I	I	I	I	I	I	PM	UL	I	I	I	I	PM	I	PI	PI	PI	PI		PI	I	L	I	UL	I	L	I	I	PI	I	I	I	I	I	I	I	I	I	I	UL	PI	I	I	I	I	I	UL	UL	I	I	I	I	I	I	PI	I	UL	I	I	L	PM	I	I	I	I	PI	I	I	I	I	I	PI	I	I	I	I	I	I	L	I	I	PI	I	I	I	I	I	I	I	I	I	I	I	I	I	I	I	PI	I	I	UL	I	I	PI	I	I	I	I	UL	I	UL	I	I	UL	I	I	I
SLC6A8	X	I	I	I	I	I	I	I	I	I	I	I	I	I	I	I	I	I	I	PI	PI	I	I	I	I	I	PI	I	I	I	I	I	I	I	I	I	I	UL	I	L	I	I	I	I	I	I	PI	UL	I	I	UL	I	I	I	I	I	I	I	I	I	I	I	I	I	I	I	I	I	I	UL	L	I	I	I	PI	I	I	PI	I	I	I	I	L	I	I	I	I	I	UL	I	I	UL	I	I	I	UL		I	I	I	I	I	I		I	I	I	I	I	I	I	I	I	UL	I	I	UL	I	I	PG	I	I	I	I	I	I	I	UL	I	I	I
SLC7A3	X	I	I	I	I	I	I	I	I	I	I	I	I	I	I	I	I	I	I	I	PI	I	I	I	I	I	PI	I	I	I	I	I		I	I	I	I	I	I	PG	I	I	I	I	I	I	I	I	I	I	UL	I	I	I	I	I	I	I	I	I	I	I	I	I	I	I	I	I	I	I	I	I	I	I	I	I	I	I	I	I	I	UL	I	I	I	UL	PM	PI	I	I	I	I		I	I	I	I	I	I	I	I	I	I	I	I	I	I	I	I	I	PI	I	I	I	I	I	I	I	I	I	I	I		I	I	I	I	UL	I	I	I
SLC9A6	X	I	I	I	I	I	I	PI	I	I	I	I	I	I	I	I	I	I	I	I	I	I	I	I	UL	I	L	I	I	I	I	I	I	I	I	I	I	I	I	PI	I	I	I	I	I	I		I	I	I	UL	I	PI	I	PI	I	I	I	I	I	I	I	I	I	I	I	I	I	I	I	I	I	I	I	I	PI	I	I	PI	PI	PI	I	PI	I	I	PI	I	I	I	I	I	I	PI	I	I	I	I		I	M	I	I	I	PI	I		I	I	I	I	I	I	I	I	UL	I	I	I	I	I	I	I	I	I	I	I	I	UL	I	I	I
SLC9A7	X	I	I	PI	I	I	PI	PI	PI	UL	UL	UL	UL	UL	UL	I	I	I	I	I	PI	I	I	I	I	I	PM	I	PI	PI	PI	PI	PI	PI	PI	I	PI	I	I	PI	I	PI	PI	I	PI	PI		PI	I	I	I	I	I	I	I	PI	I	I	I	I	PI	I	I	I	I	I	I	I	I	I	I	I	PI	I		PI	I	PI	PM	PI	I	PM	PI	I	I	PI	PI	I	I	I	UL	I	PI	I	UL	UL	UL		I	PI	PI	I	PI	PI	I	UL	PI	PI	I	I	I	I	I	UL	UL	I	I	PI	I	I	PI	I	I	I	PI	I	I	UL	I	I	PI
SLITRK2	X	I	I	I	I	I	I	I	I	I	I	I	I	I	I	I	I	I	I	I	I	I	I	I	I	I	M	I	I	I	I	I	I	I	I	I	I	I	I	I	I	I	I	I	I	I	I	I	I	I	I	I	I	I	I	I	I	I	I	I	I	I	I	I	I	I	I	I	I	I	I	I	I	I	I	I	I	I	I	I	I	I	I	I	I	I	I	I	I	I	I	I	M	I	I	I	I	I	I	I	I	I	I	I	I	I	I	I	I	I	I	I	I	UL	I	I	I	I	UL	I	I	I	I	I	I	I	I	I	I	UL	I
SLITRK4	X	I	I	I	I	I	I	I	I	I	I	I	I	I	I	I	I	I	I	I	L	I	I	I	I	I	M	I	I	I	I	I		I	I	I	I	I	I	I	I	I	I	I	I	I	I	I	I	I	I	I	I	I	I	I	I	I	I	I	I	I	I	I	I	I	I	I	I	L	I	I	I	I	I	I	I	I	I	I	I	I	I	I	I	I	I	I	I	I	I	I	I	I	I	I	I	I	I	I	I	I	I	I	I	I	I	I	I	I	I	I	I	I	I	I	I	I	I	I	I	I	I	I	L	I	I	I	I	I	I
SMARCA1	X	I	I	UL	UL	I	PI	I	PI	I	PI	I	I	PI	PI	I	UL	I	I	I	UL	PI	I	I	I	I	PM	I	PI	I	I	I	I	I	I	I	I	I	I	PI	I	PM	UL	I	PI	PI		PI	I	I	I	I	I	I	I	I	I	PI	I	PI	I	PI	I	I	I	I	I	I	I	I	I	I	I	UL	UL		I		I	I	PI	UL	I	I	I	PI	I	I	I	I	I	UL	I	I	I	I	I	PM	PI	PI	I	I	I	M	I	UL	PI	I	I	I	PI	PI	I	I	UL	I	I	I	UL	I	PI	I		I	L	I	I	UL	I	I	PI
SMC1A	X	I	I	I	I	I	I	I	I	PI	I	I		I	I	I	I	I	I	I	PI	I	I	I	I	I	PI	I		I	I	I	PI		I	I	I	I	I	PI	I	I	I	I	I	I	I	PI	I	I	I	I	PI	I	I	I	I	I	I	I	I	I	I	I	I	I	I	I	I	UL	PI	I	I	PI		PI	I	PI	I	PI	I	PI	PI	I	I	PI	I	I	I	I	I	UL		PI	I	I	I	I	I	I	I	I	I	I	PM			I	I	I	I	I	PI	UL	I	I	I	PI	UL	I	UL	I	PI	PI	PI	I	I	UL	I	I	I
SMIM10	X	I	I	UL	I	L	UL	UL	I	UL	I	UL	UL	UL	UL	L	L	M	M	I	L	L	I	I	I	I	I	I	UL	UL	UL	UL	UL	UL	I	I	I	I	I	I	I	I	I	I	I	I	I	I	I	I	I	I	I	I	I	UL	I	L	L	PG	I	I	I	I	I	I	I	I	I	I	I	I	I	I	I	I	I	I	I	I	I	I	I	I	I	PG	I	I	I	I	I	I	I	I	UL	UL	UL	UL	UL	UL	PG	UL	UL	UL	PG	PG	PG	PG	I	I	I	I	I	I	I	I	I	L	L	L	M	L	PG	L	I	I	I	I	I	I	I
SMIM10L2A	X	I	I	I	I	I	I	I	I	I	I	I	I	I	L	I	I	M	I	M	I	I	I	I	I	I	I	I	I	I	I	I	I	I	I	I	L	I	L	I	I	PG	I	I	I	I	I	I	I	I	I	I	I	I	I	M	I	I	I	I	I	I	I	I	I	I	I	I	I	I	I	I	M	I	I	I	I	I	I	I	L	I	M	I	I	I	I	I	I	I	I	I	I	I	I	I	I	I	M	M	I	I	L	M	I	I	I	I	I	I	I	I	I	UL	I	I	I	I	I	I	I	M	I	I	I	I	I	UL	I	I	I
SMIM10L2B	X	I	I	I	I	I	I	I	I	I	I	I	I	I	I	I	I	M	I	L	I	I	I	I	I	I	I	I	I	I	I	I	I	I	I	I	L	I	L	I	I	I	M	I	I	I	I	I	I	I	I	I	I	I	I	M	I	I	I	I	I	I	I	I	I	I	I	I	I	I	I	I	L	I	I	I	I	I	I	I	L	I	M	I	I	I	I	I	I	I	I	I	I	I	I	I	I	I	M	M	I	I	L	M	I	I	I	I	I	I	I	I	I	UL	I	I	I	I	I	I	I	L	I	I	I	I	I	UL	I	I	I
SMIM9	X	I	I	I	PI	I	I	I	I	I	I	I	I	I	I	I	I	I	I	I	M	I	I	I	I	I	I	I	I	I	I	I	I	I	I	I	I	I	I	I	I	PI	PM	I	I	I	I	I	I	I	I	M	I	I	I	I	I	I	I	I	I	I	I	I	I	I	I	I	I	I	I	I	M	I	I	I	I	I	I	I	I	I	I	I	I	I	I	I	I	I	I	I	I	I	I	I	I	UL	UL	UL	L	UL	UL	UL	UL	UL	UL	UL	I	I	I	I	I	I	I	I	I	I	I	L	I	I	I	I	I	I	I	I	I	I	I
SMPX	X	I	I	I	I	I	I	I	I	I	I	I	I	I		I	I	I	I	I	PM	I	I	I	I	I	I	I	I	I	I	I	I	I	I	I	I	I	I	PI	I	I	I	I	I	PI	I	I	I	I	I	I	I	I	I		L	I	I	I	I	I	I	I	I	I	I	I	I	I	I	I	I	I	I	PI	I	I	I	PI	I	I	I	I	I	I	I	I	I	I	I	I	I	I	I	I	I	I	I	I	I	I	I	I	I	I	I	I	I	I	I	I	I	I	I	I	I	I	I	I	I	I	I	I	PI	I	I	I	I	I	I
SMS	X	I	I	I	I	I	I	I	I	PI	PI	I	I	I	I	PI	I	I	I	I	I	I	PI	I	I	I	PI	UL	I	I	I	I	PI	UL	I	I	I	I	I	I	I	I	I	I	PI	PM	PI	I	I	I	UL	I	I	I	PM		L	I	I	I	PI	I	I	I	I	I	I	I	I	I	I	I	I	I	PI	PI	UL	L	I	PI	PI	PI	PI	I	I	I	I	PI	I	PI	I	I	I	PI	I	PI	I	I	I	I	I	I	PI	I	I	PI	I	I	I	I	I	PI	I	I	UL	I	I	I	I	I	I	I	I	I	PI	I	I	UL	I	I	I
SNX12	X	I	I	I	I	I	PI	PI	I	PI	I	I	PI	I	I	I	I	I	I	I	PI	I	I	I	I	I	I	I	I	I	I	PI	I	I	I	I	I	I	I	I	I	I	I	I	I	PI	I	I	I	I	I	I	I	I	I	I	I	I	I	I	I	I	L	I	I	I	I	I	I	I	I	I	I	I	I	I	I	I	I	I	I	I	L	I	I	PI	I	I	I	I	I	I	I	PI	I	PI	I	I	I	I	I	I	I	I	I	I	I	I	I	I	I	I	I	I	PI	I	I	I	I	I	I	I	I	I	PI	I	I	I	I	I	I
SOWAHD	X	I	I	I	I	I	I	I	I	I	I	I	I	I	I	I	UL	M	I	M	UL	I	L	I	I	I	I	I	PG	I	PG	I	PG	I	I	I	L	I	I	I	I	I	I	I	I	I	I	I	I	I	I	I	I	I	I	I	I	I	I	I	I	I	UL	I	I	I	I	I	I	I	M	I	M	I	I	I	I	I	I	I	I	I	L	I	UL	PG	I	I	I	I	I	I	I	I	I	UL	I	I	I	I	I	I	I	I	I	I	I	I	I	I	I	I	I	I	I	I	UL	I	I	I	I	I	I	M	I	I	I	I	I	I	I
SOX3	X	I	I	I	I	I	UL	UL	I	UL	UL	I	I	I	I	I	I	M	I	M	UL	I	I	I	I	I	PG	I	I	I	I	I	I	I	I	I	L	UL	I	PG	M	I	I	M	I	I	I	I	I	I	UL	I	I	I	I	UL	I	I	I	I	I	I	UL	I	I	I	I	I	I	I	I	I	M	M	I	I	I	I	I	I	I	I	M	I	UL	UL	I	UL	I	I	I	L	I	M	I	L	I	I	I	I	I	I	I	I	I	I	I	I	I	I	I	I	I	L	M	I	I	I	L	I	I	M		I	I	I	I	I	UL	I	UL
SPACA5	X	I	I	I	I	I	I	I	I	I	I	I	I	I	I	I	I	I	I	I	I	I	I	I	L	I	PI	I	PI	PI	PI	UL	I	I	I	I	I	I	I	I	I	I	I	I	I	I	I	I	I	I	UL	I	I	I	UL	I	I	I	I	I	I	I	I	I	I	I	I	I	I	I	L	I	I	I	I	I	I	I	I	I	I	I	I	I	I	I	I	I	I	I	I	I	I	I	I	L		UL	UL	UL	PI	UL	UL		UL	UL	UL	UL	I	I	I	I	I	I	I	I	I	I	I	I	I	I		I	I	I	I	UL	I	I	I
SPACA5B	X	I	I	I	I	I	I	I	I	I	I	I	I	I	I	I	I	I	I	PI	I	I	PI	I	L	I	PI	PI	PI	PI	PI	UL	I	I	I	I	I	I	PI	I	PI	I	I	PI	PI	PI	I	I	I	I	UL	I	I	I	PI	I	PI	I	I	I	PI	I	I	I	I	I	I	I	I	I	L	I	I	I	I	PI	PI	PI	PI	PI	PI	PI	I	I	I	PI	PI	PI	I	I	I	I	I	I	I	UL	I	PI	PI	PI	PI	PI	UL	PI	PI	PI	PI	PI	I	I	PI	PI	I	I	I	I	I	I	I	I	I	I	I	I	I	I	I	UL	I	I	PI
SPANXA1	X	I	I	I	I	I	UL	I	I	I	I	I	I	I	I	I	I	I	I	I	I	I	UL	I	I	I	PI	I	I	I	I	I	I	I	I	I	I	I	I	I	I	I	I	I	L	I	UL	I	I	I	I	I	I	I	I	I	I	I	I	I	I	I	I	I	I	I	I	I	I	I	I	I	I	I	I	I	I	I	I	I	I	I	I	I	UL	UL	I	I	I	I	I	I	I	I	I	I	I	I	I	I	I	I	I	I	I	I	I	I	I	I	I	I	I	I	I	I	I	I	I	I	I	I	I	I	I	I	I	I	I	I	I
SPANXA2	X	I	I	I	I	I	UL	I	I	I	I	I	I	I		I	I	I	I	I	I	I	I	I	I	I	I	I	I	I	I	I	I	PI	I	I	I	I	I	I	I	I	I	I	L	I	UL	I	I	I	I	I	I	I	I	I	I	I	I	I	I	I	I	I	I	I	I	I	I	I	I	I	I	I	I	I	I	I	I	I	I	I	I	I	UL	UL	I	I	I	I	I	I	I	I	I	I	I	I	PI	I	I	I	I	PI	I	I	I	I	I	I	I	I	I	I	I	I	I	I	I	I	I	I	I	I	I	I	I	I	I	I	I
SPANXB1	X	I	I	I	I	I	I	I	I	I	I	I	I	I	I	I	I	I	I	UL	I	I	I	I	I	I	PI	I	I	I	I	I	I	I	I	I	I	I	I	I	I	I	I	I	M	I	I	I	I	I	I	I	I	I	I	I	I	I	I	I	I	I	I	I	I	I	I	I	I	I	I	I	I	I	I	I	PI	I	I	I	I	I	I	I	UL	UL	I	I	I	I	I	I	I	I	I	I	I	I	I	I	I	I	I		I	I	I	I	I	I	I	I	I	I	PI	I	I	I	I	I	I	I		I	I	I	I	I	I	I	I
SPANXC	X	I	I	I	I	I	I	I	I	I	I	I	I	I	I	I	I	I	I	I	I	I	UL	I	I	I	PI	I	I	I	I	I	I	I	I	I	I	I	I	I	I	I	I	I	L	I	I	I	I	I	I	I	I	I	I	I	I	I	I	I	I	I	I	I	I	I	I	I	I	I	I	I	I	I	I	I	I	I	I	I	I	I	I	I	UL	UL	I	UL	I	I	I	I	I	I	I	I	I	I	I	I	I	I	I	I	I	I	I	I	I	I	I	I	I	I	I	I	I	I	I	I	I	I		I	I	I	I	I	I	I	I
SPANXD	X	I	I	I	I	I	UL	I	I	I	I	I	I	I		I	I	I	I	I	I	I	I	I	I	I	I	UL	I	I	I	I		I	I	I	I	I	I	I	I	I	I	I	L	I	I	I	I	I	I	I	I	I	I	I	I	I	I	I	I	I	I	I	I	I	I	I	I	I	I	I	I	I	I	I	I	I	I	I	I	I	I	I	UL	UL	I	UL	I	I	I	I	I	I	I	I	I	I	I	I	I	I	I	I	I	I	I	I	I	I	I	I	I	I	I	I	I	I	I	I	I	I	I	I	I	I	I	I	I	I	I
SPANXN1	X	I	I	I	I	I	I	I	I	I	I	I	I	I	I	I	I	I	I	I	I	I	UL	I	I	I	I	I	I	I	I	I		I	I	I	I	I	I	I	I	I	I	I	I	I	I	I	I	I	I	I	I	I	I	I	L	I	I	I	I	I	I	I	I	I	I	I	I	I	I	I	I	I	I	I	I	I	I	I	I	I	I	I	UL	UL	I	I	I	I	I	I	PI	I	I	I	PI	I	I	I	I	I	I	I	I	I	I	I	I	I	I	I	I	I	I	I	I	I	I	I	I	I	I	I	I	I	I	I	I	I	I
SPANXN2	X	I	I	I	UL	I	I	I	I	I	I	I	I	I	I	I	I	UL	I	PI	PI	I	I	I	I	I	PI	UL	I	PI	I	I	UL	PI	I	I	I	PI	I	I	I	I	I	I	I	I	UL	I	I	I	I	I	I	UL	I	PI	I	I	I	I	UL	I	I	I	I	I	I	I	I	I	I	I	I	I	I	I	I	I	I	I	I	I	I	I	I	I	UL	UL	I	I	I	PI	PI	I	I	I	I	PI	PI	I	I	I	I	I	PI	PI	I	I	I	I	I	I	I	I	UL	I	I	I	UL	I	I	I	I	I	I	I	I	I	I	I	I
SPANXN3	X	I	I	I	I	I	I	I	I	I	I	I	I	I		I	I	I	I	I	PI	I	I	I	I	I	PI	I	I	PI	I	I	I	I	I	I	I	PI	I	I	I	I	I	I	I	I	UL	I	I	I	I	I	I	I	I	I	I	I	I	I	I	I	I	I	I	I	I	I	I	I	I	I	I	I	I	I	I	I	I	I	I	I	I	I	L	L	I	I	I	I	I	I	I	I	I	I	I	PI	I	I	I	I	I	I	PI	PI	I	I	I	I	I	I	I	I	I	I	I	I	I	I	I	I	I	I	I	I	I	I	I	I	I
SPANXN4	X	I	I	I	I	I	I	I	I	I	I	I	I	I	I	I	I	I	I	I	I	I	I	I	I	I	I	I	I	I	I	I	I	I	I	I	I	I	I	I	I	I	I	I	I	I	I	I	I	I	I	I	I	I	I	I	I	I	I	I	I	I	I	I	I	I	I	I	I	I	I	I	I	I	I	I	I	I	I	I	I	I	I	I	I	I	I	I	I	I	I	I	I	I	I	I	I	I	I	I	I	I	I	I	I	I	I	I	I	I	I	I	I	I	I	I	I	I	PI	I	I	I	I	I	I	I	I	I	I	I	I
SPANXN5	X	I	I	I	I	I	I	I	I	I	I	I	I	I	I	I	I	I	I	I	I	I	I	I	I	I	I	I	I	I	I	I	I	I	I	I	I	I	I	I	I	I	I	I	L	I	I	I	I	I	I	I	I	I	I	I	I	I	I	I	I	I	I	I	I	I	I	I	I	I	I	I	I	I	I	I	I	I	I	I	I	I	I	I	UL	I	I	I	I	I	I	I	I	I	I	I	I	I	I	I	I	I	I	I	I	I	I	I	I	I	I	I	I	I	I	I	I	I	I	I	I	I	I	I	I	I	I	I	I	I	I
SPIN2A	X	UL	UL	M	I	I	PG	PG	I	PG	PG	PG	PG	PG		I	UL	I	I	UL	PG	I	I	UL	I	I	PG	L	I	I	I	I	M	PG	UL	I	L	L	I	L	L	I	I	PG	I	PG	PG	PG	I	I	I	M	UL	I	I	M	I	M	M	UL	PG	I	UL	I	I	I	I	I	I	I	I	I	L	I	PG	PG	I	I	PG	PG	PG	PG	UL	L	M	M	M	PG	I	I	UL	UL	M	L	PG	M	PG	I	I	I	I	L	PG	I	I	I	I	I	UL	I	I	I	L	I	L	L	L	I	I	I	M	M	I	I	M	I	UL	UL	I	I	I
SPIN2B	X	I	I	M	I	I	PG	I	I	PG	PG	PG	PG	I	PG	I	UL	I	I	UL	PG	I	I	UL	I	I	M	I	I	I	I	I	M	PG	I	I	I	I	I	I	L	I	I	M	I	PG	PG	L	I	I	I	M	I	I	I	M	I	M	M	I	PG	I	I	I	I	I	I	I	I	I	I	I	L	I	PG	PG	I	I	PG	M	PG	PG	UL	I	M	M	M	PG	I	I	UL	I	I	I	PG	L	PG	I	I	I	I	I	I	I	I	I	I	I	I	I	I	I	I	UL	I	I	I	I	L	I	L	I	I	UL	M	I	I	I	I	I	I
SPIN3	X	I	I	I	I	I	I	I	I	I	I	I	I	I	I	I	I	I	I	I	I	I	I	I	I	I	I	I	I	I	I	I	I	I	I	I	I	I	I	I	I	I	I	I	I	PG	PG	I	I	I	I	I	I	I	I	I	I	I	I	I	PG	I	I	I	I	I	I	I	I	I	I	I	I	M	PG	I	I	PG	I	I	I	I	I	I	M	L	M	PG	I	I	I	I	I	I	I	I	I	I	I	I	I	I	I	I	I	I	I	I	I	I	I	I	I	I	I	I	I	I	I	I	I	I	I	I	I	I	I	I	I	I	I
SPIN4	X	I	I	I	I	I	I	I	I	I	I	I	I	I	I	I	I	I	I	I	PG	I	I	I	I	I	PG	I	I	I	I	I	I	I	I	I	I	I	I	I	I	I	I	I	I	I	I	I	I	I	I	I	I	I	I	I	I	I	I	I	I	I	I	I	I	I	I	I	I	I	I	I	I	M	I	I	I	I	I	I	I	I	I	I	I	PG	I	I	I	I	I	I	I	I	I	UL	I	I	I	I	I	I	I	I	I	I	I	I	I	I	I	I	I	I	I	I	I	I	I	I	I	I	I	I	I	I	I	I	I	I	I
SPRY3	X	I	I	I	I	L	I	I	I	I	I	I	I	I	I	I	I	I	I	I	M	I	I	I	I	I	PG	I	I	I	I	I	I	I	I	I	I	I	I	I	I	I	I	I	I	I	I	I	I	I	I	I	I	I	I	I	I	I	I	I	I	I	I	I	I	I	I	I	I	I	I	I	I	I	I	I	I	I	I	I	I	I	I	I	PG	I	I	I	I	I	I	I	I	I	I	I	I	I	I	I	I	I	I	I	I	I	I	I	I	I	I	I	I	I	I	I	I	I	I	I	I	I		I	I	I	I	I	I	I	I
SRPK3	X	I	I	I	I	I	I	I	I	I	I	I	I	I	I	I	I	I	I	I	UL	I	I	I	I	I	I	I	I	I	I	I	I	I	I	I	I	I	UL	I	M	I	I	I	I	I	I	I	I	I	UL	I	I	I	I	I	I	I	I	I	I	I	I	I	I	I	I	I	I	I	L	I	I	I	I	I	I	I	I	I	I	I	M	I	I	PI	I	I	I	I	I	I	I	PI	I	I	I	I	I	I	I	I	I	I	I	I	I	I	I	I	I	I	I	L	I	I	UL	I	I	PG	I	I	I	I	I	I	I	I	I	UL	I
SRPX	X	I	I	I	I	I	I	I	I	I	I	I	I	I	I	I	I	I	I	PI	UL	I	I	I	I	I	PI	I	I	I	I	I	I	I	UL	PI	I	I	I	L	I	I	I	I	I	UL		I	I	I	I	I	I	I	PI	I	M	I	I	I	I	I	I	I	I	I	I	I	I	I	I	I	I	I	I	PI	I	I	I	I	I	I	PI	I	I	I	I	I	I	I	I	I	I	I	I	I	I	I	I	I	I	I	I	I	I	I	I	I	I	I	I	I	I	I	PI	I	I	I	I	I	I	I	I	I	PI	I	I	I	I	I	I
SRPX2	X	I	I	I	I	I	I	I	I	I	I	I	I	I		I	I	I	I	I	PI	I	I	I	I	I	PI	I	I	I	PI	I	I	I	I	PI	I	I	I	PI	I	I	I	I	I	I	I	I	I	I	UL	I	I	I	I	I	L	I	I	I	I	I	PG	I	I	I	I	I	I	I	I	I	PI	I	PM	I	I		PM	PI	I	I	PI	I	I	PI	I	I	I	I	I	I	I	I	I	PI		I	I	I	I	I	I			I	I	I	I	I	PI	I	I	I	UL	I	I	I	I	I	I	I	I	I	I	I	I	I	I	I	I
SSR4	X	I	I	I	I	I	I	I	I	I	I	I	I	I	I	I	I	I	I	I	PI	I	I	I	I	I	I	I	I	I	I	I	I	I	I	I	I	I	UL	PI	M	I	I	I	I	UL		I	I	I	UL	I	I	I	I	I	I	I	I	I	I	I	I	I	I	I	I	I	I	I	PI	I	I	I	I	I	I	I	I	I	I	I	PI	I	I	I	I	I	I	I	I	I	I	I	I	I	I	I	I	I	I	I	I	I	I	I	I	I	I	I	I	I	I	I	I	I	I	I	I	L	I	I	I	I	I	I	I	I	I	I	I
SSX1	X	I	I	PI	PI	I	UL	I	I	I	I	I	PI	UL	I	L	I	I	I	I	UL	I	I	I	I	I	PI	PI	L	UL	UL	PI	UL	UL	I	I	I	I	I	I	I	I	PI	I	I	PI	PI	UL	I	I	I	I	I	I	UL	I	UL	I	I	I	I	I	I	I	I	I	I	I	I	I	I	I	I	PI	PI	PI	UL	PI	PI	UL	PI	PI	I	I	I	PI	UL	PI	I	I	I	I	I	I	UL	UL	I	L	L	I	L	UL	UL		UL	I	L	PI	I	I	I	UL	I	I	I	I	I	PI	I	I	PI	L	I	UL	I	I	I	PI	I	I	UL
SSX2	X	I	I	I	I	I	I	I	I	I	I	I	I	PI	I	I	I	I	I	I	UL	I	I	I	I	I	PI	I	I	I	I	I	I	I	I	I	I	I	I	I	I	I	I	I	I	PI	PI	PI	I	I	I	I	I	I	UL	I	I	I	I	I	I	I	I	I	I	I	I	I	I	I	I	I	I	PI	PI	I	I	I	PI	I	I	I	I	I	I	L	I	I	I	I	I	I	I	I	I	I	I	I	PI	I	I	I	I	I	I	I	I	PI	I	I	I	I	I	I	I	I	I	I	I	I	I	I	I	PI	I	I	I	I	I	I	I
SSX2B	X	I	I	I	I	I	I	I	I	I	I	I	I	PI	I	PI	I	I	I	PI	UL	I	L	I	I	I	I	UL	I	UL	UL	PI	I	I	I	I	I	I	I	I	I	PI	I	I	I	PI	PI	PI	I	I	I	I	I	I	PI	I	I	UL	UL	I	UL	I	I	I	I	I	I	I	I	I	I	I	I	I	PI	I	UL	I	PI	UL	PI	I	I	I	UL	UL	PI	I	I	I	I	I	I	I	I	I	I	I	L	I	L	PI	I	L	I	I	I	PI	I	I	I	UL	I	I	I	I	I	I	UL	I	PI	UL	UL	UL	I	I	I	I	I	I	I
SSX3	X	I	I	I	I	I	I	I	I	I	I	I	I	PI	I	I	I	I	PI	I	PI	I	I	I	I	I	I	I	I	I	I	I	I	I	I	I	I	I	I	I	I	I	I	I	I	I	PI	PI	I	I	I	I	I	I	UL	I	I	I	I	I	I	I	I	I	I	I	I	I	I	I	I	I	I	I	I	I	I	I	PI	I	I	I	I	I	I	PI	I	I	I	I	I	I	I	I	I	I	I	I	I	I	I	I	I	I	I	I	I	I	I	I	I	I	I	I	I	I	I	I	I	I	I	I	I	PI	I	I	I	I	I	I	I
SSX4	X	I	I	PI	PI	I	UL	PI	PI	UL	PI	I	PI	PI	PI	PI	I	I	UL	I	PI	I	PI	I	I	I	PI	PI	PI	PI	PI	I	PI	UL	I	I	I	I	UL	I	I	I	I	I	PI	UL	PI	PI	I	I	I	I	I	I	UL	PI	PI	I	I	I	PI	I	I	I	I	I	I	I	I	I	I	I	I	I	PI	PI	UL	PI	PI	UL	PI	I	I	I	UL	UL	UL	UL	I	I	I	I	I	PI	L	PI	PI	UL	L	I	UL	PI	PI	UL	UL	I	UL	PI	I	I	I	I	I	I	I	I	I	I	I	I	UL	UL	I	UL	I	I	I	I	I	I	I
SSX4B	X	I	I	PI	PI	I	I	I	PI	I	I	I	I	PI	I	I	I	I	PI	I	PI	I	I	I	I	I	PI	I	I	I	I	I	PI	I	I	I	I	I	I	I	PI	I	PI	I	PI	PI	PI	PI	I	I	I	I	I	I	UL	I	PI	I	I	I	PI	I	I	I	I	I	I	I	I	I	I	I	I	I	PI	I	I	I	PI	I	I	I	I	I	PI	PI	I	PI	I	I	I	I	I	I	I	I	I	I	PI	I	I	I	I	I	I	I	I	PI	I	I	I	I	I	I	I	I	I	I	I	I	I	I	UL	UL	I	I	I	I	I	I	I
SSX5	X	I	I	PI	I	I	I	I	PI	I	I	I	I	PI	I	I	I	I	PI	I	UL	I	I	I	I	I	I	I	I	I	I	I	PI	I	I	I	I	I	I	I	I	I	I	I	I	I	PI	PI	I	I	I	I	I	I	UL	I	I	I	I	I	I	I	I	I	I	I	I	I	I	I	I	I	I	I	PI	I	I	I	PI	I	I	I	I	I	I	UL	I	I	I	I	I	I	I	I	I	I	I	I	PI	I	I	I	I	UL	I	I	I	PI	I	I	I	I	I	I	I	I	I	I	I	I	I	I	I	UL	I	I	I	I	I	I	I
SSX7	X	I	I	I	UL	I	I	I	I	I	I	I	I	PI	I	I	I	I	PI	PI	UL	I	PI	I	I	I	PI	I	I	I	I	I	PI	I	I	I	I	I	I	I	I	I	I	I	I	PI	PI	PI	I	I	I	I	I	I	UL	I	I	I	I	I	I	I	I	I	I	I	I	I	I	I	I	I	I	I	PI	I	I	I	PI	I	I	I	I	I	I	UL	I	I	I	I	I	I	I	I	I	I	I	I	PI	I	I	I	I		I	I	I	PI	I	I	I	I	I	I	I	I	I	I	I	I	I	I		UL	I	I	I	PI	I	I	I
STAG2	X	I	I	PI	I	I	PI	PI	I	PI	UL	I		PI		I	I	I	I	I	UL	UL	I	I	I	I	PM	I	PI				I	I	I	I	I	I	I	PI	I	PI	PI	I	I	PI		I	I	I	I	I	I	I	I	PI	PI	PI	I	I	I	I	I	I	I	I	I	I	I	I	PM	I	I	I		I	UL		PI	PI	I	PI	I	I	I	PI	PI	I	I	I	I	I	PI	I	PI	I	PI		UL	UL		I	PI	UL	UL	UL	UL		I	I	PI	PI	PI	I	PI	I	I	I	I	I	PI	PI	PI	I	I	I	I	I	I	I	I
STARD8	X	I	I	I	I	I	I	I	I	I	I	I	I	I	I	I	I	I	I	I	I	I	I	I	I	I	I	I	I	I	I	I	I	I	I	I	I	I	I	L	I	I	I	I	I	I	I	I	I	I	UL	I	I	I	I	I	I	I	I	I	I	I	I	I	UL	I	I	I	I	UL	I	I	I	I	I	I	I	M	I	I	I	I	M	I	I	I	I	I	I	I	I	I	I	I	I	UL	I	I	I	I	I	I	I		I	I	I	I	I	I	I	I	I	L	I	I	I	I	I	I	I	I	I	UL	I	I	I	UL	I	I	I
STEEP1	X	I	I	L	I	I	I	I	PI	I	I	I	I	I	I	I	I	I	I	I	PM	M	L	I	I	I	PM	PI	PI	PI	I	UL	I	I	I	I	I	I	I	PM	I	I	I	I	I	PG	I	I	I	I	I	I	I	I	I	I	I	I	I	I	I	I	I	I	I	I	I	I	PI	I	PI	I	M	I	I	I	I	I	I	I	PI	PI	PI	I	I	UL	I	I	I	I	I	I		I	I	PM	PI	I	I	I	I	I	PI	PI	I	I	I	I	I	I	I	PI	PI	UL	I	I	I	I	I	I	I	I	I	UL	PM	I	M	I	I	I	I
STK26	X	I	I	I	I	I	I	I	I	I	I	I	I	I	I	I	I	I	I	I	I	I	I	I	I	I	M	I	I	I	I	I	I	I	I	I	I	I	I	I	I	I	I	I	I	I	I	I	I	I	I	I	I	I	I	I	I	I	I	I	I	I	I	I	I	I	I	I	I	I	PI	I	I	I	I	PI	I	I	I	I	I	I	I	I	I	I	I	I	I	I	I	I	I	I	I	I	PI	I	I	I	I	I	I	I	I	I	I	I	I	I	I	PI	I	I	PI	I	I	I	I	I	I	I	I	I	I	I	I	I	I	I	I
STS	X	I	I	PI	I	I	I	I	I	I	I	I	I	I	I	I	I	I	I	I	PI	I	I	I	I	I	PM	M	UL	I	I	I	I	I	I	I	I	I	PI	PI	I	PI	I	I	I	I	I	I	I	I	UL	PI	I	PI	PI	I	I	I	I	I	UL	I	I	I	I	I	I	I	I	I	I	I	PI	I	PI		I	PI	I	PI	I	I	PI	I	UL	UL	PI	I	I	I	I	L	L	I	I	PI	I	I	PI	I	I	I	I	I	I	I	I	I	I	I	I	I	I	PI	PI	I	I	I	I	I	I	I	PI	I	UL	I	I	UL	I	I	M
SUPT20HL1	X	M	I	PG	I	I	M	PG	M	PG	PG	PG	M	M	PG	M	I	M	M	I	L	M	I	I	I	I	M	M	M	M	M	PG	PG	PG	I	M	I	I	PG	UL	I	I	I	I	M	UL	M	M	I	I	UL	M	I	I	UL	I	L	M	M	I	I	I	I	I	I	I	I	I	L	I	PG	I	I	M	I	I	I	I	M	M	I	I	M	I	I	M	M	M	I	I	I	I	I	I	PG	UL	I	M	M	M	M	L	M	M	M	M	M	M	I	I	I	UL	I	M	L	I	I	M	UL	I	M	M	M	L	M	I	M	I	I	I	M
SUPT20HL2	X	M	I	PG	L	I	PG	PG	M	PG	PG	PG	M	PG	PG	M	I	M	M	I	L	UL	I	I	I	I	PG	M	M	PG	L	PG	PG	PG	I	M	I	I	PG	PG	I	PG	M	I	M	PG	PG	PG	I	I	UL	M	I	I	PG	PG	L	M	M	I	M	I	I	I	I	I	I	I	L	I	PG	I	I	M	M	M	I	I	M	M	I	PG	M	I	I	PG	M	M	I	I	I	I	I	I	PG	UL	M	PG	PG	M	M	L	M		PG	PG	PG	M	I	I	I	I	I	M	L	I	I	M	UL	I	M	M		M	PG	I	M	I	I	UL	M
SUV39H1	X	I	I	I	I	I	I	I	I	I	I	I	I	I	I	I	I	I	I	I	UL	I	I	I	I	I	PI	I	I	I	I	I	I	I	I	I	I	L	I	I	I	I	PI	I	I	UL	I	I	I	I	UL	I	I	I	I	I	I	I	I	I	I	I	I	I	I	I	I	I	I	I	PG	I	I	I	PI	I	I		I	I	I	I	PI	I	I	I	I	I	I	I	I	I	PI	I	I	L	I	I	I	I	I	I	I	I	I	I	I	I	I	I	I	I	I	L	I	I	UL	I	UL	I	I	I	I	I	M	I	I	I	I	I	I
SYAP1	X	L	I	PI	I	I	I	I	PM	I	I	I	I	I	I	PI	UL	I	PI	I	PI	UL	PI	I	I	I	PI	PI	I	PI	PI	I	I	I	I	UL	I	I	PI	PI	I	I	PI	I	UL	L		I	I	I	I	PI	UL	I	I	I	L	I	UL	I	I	I	I	I	I	I	I	I	I	I	PI	I	PI	I	PI	PI	UL		UL	PI	I	I	M	I	I	PI	PI	PI	I	I	I	I		L	I	PI		I	PI	I	PI	I	PI	PI		PI	PI	I	I	I	PI	PI	I	I	UL	I	I	PI	UL	I	PI	UL		L	PI	I	I	UL	I	I	I
SYN1	X	I	I	I	I	I	I	I	I	I	I	PI	I	I	PI	I	I	I	I	PI	PI	I	UL	I	I	I	PI	L	I	I	I	I	I	I	I	UL	PI	I	I	I	PI	PI	I	PI	I	I		I	I	I	UL	I	I	I	I	I	I	I	I	I	I	I	I	I	UL	I	I	I	I	I	I	I	PI	PI		PI	I	I	I	I	I	PI	UL	I	I	PI	I	I	I	I	I	I	PI	PI	I	PI	I	I	I	I	I	I	I	I	I	I	I	I	I	I	I	I	I	UL	UL	I	I	I	L	I	PI	PI	I	UL	PM	I	I	UL	I	UL	I
SYP	X	I	I	I	I	I	I	I	I	I	I	I	I	I	I	I	I	I	I	I	PI	I	I	I	I	I	I	I	I	I	I	I	I	I	I	I	I	L	UL	PM	I	I	I	I	I	PI		I	I	I	L	I	I	I	I	I	I	I	I	I	I	I	I	I	I	I	I	I	I	I	I	I	I	I	I	PI	I	I	I	I	UL	UL	L	I	UL	PI	I	I	I	I	I	I	PI	PI	I	UL	I	PI	I	I	I	I	I	PI	I	PM	PI	I	I	I	I	I	I	L	I	I	I	I	I	I	I	I	UL	I	PI	I	I	I	I	UL	I
SYTL4	X	I	I	I	I	I	I	I	I	I	I	I	I	I	I	I	I	I	I	I	PI	I	I	I	I	I	PM	I	I	I	I	I	I	I	I	PI	I	I	I	PI	I	PI	I	I	I	I		I	I	I	UL	I	I	I	PI		L	I	I	I	I	I	I	I	I	I	I	I	I	I	I	I	I	PI		PM	I		PI	I	PI	PI	PI	I	I	I	I	I	I	I	I	I	M	I	I	I	I	I	PI	I	I	I	I	I	I	I	I	I	I	I	I	I	I	I	I	I	I	I	I	I	I	I	I	I	PI	I	I	L	I	I	I
SYTL5	X	I	I	I	I	I		I	I	I	I	I	I	I		I	UL	I	I	I	UL	I	I	I	L	PI	PI	PI	I	I	I	I		I	UL	UL	I	I	I	PM	I	I	I	I	I	PI		UL	I	I	I	I	I	I	I		M	I	I	I	I	I	I	I	UL	I	I	I	I	I	I	I	I	I	M	PI	I	I	I	I	I	I	PI	I	I	PI	I	I	I	I	I	I	I	I	I	I	I	I			I	I	I		I	I	I	I	I	I	I	I	I	I	PI	I	UL	PI	I	I	I	I	I	I	I	I	I	I	I	I	I
TAB3	X	I	I	I	I	I	I	I	I	I	I	I	I	I	I	I	I	I	I	I	PI	I	I	I	I	I	PG	I	I	I	I	I	I	I	I	I	I	I	I	I	I	I	M	I	I	M		I	I	PI	I	I	I	I	I	I	L	I	I	I	I	I	I	I	I	I	I	I	I	I	I	I	I	I	I	I	I	PI	PM	PM	I	I	I	I	I	PM	I	I	I	I	I	I	PI	I	PI	PI	I	I	I	I	I	I	I	I	I	I	I	I	I	I	I	PI	I	UL	PI	I	I	I	I	I	I	I	I	I	I	I	I	I	I	I	I
TAF1	X	PI	I	I	UL	I	I		I	I	I		PI	I	PI	I	I	I	I	I	UL	I	PI	I	I	I	UL	PI		PM	PI		I	PI	I	UL	I	UL	I	I	I	PI	I	I	I	I			I	I	UL	M	PI	I	I		I	I	I	I	UL	PI	I	I	I	I	I	I	PI	I	I	I	PI	PI		PI	UL		I	PI	I	PI	PI	I	I	UL	I	PI	I	I	UL	I	PI	I		I			PI		PI	I	PI					PI	I	I	I	PI	PI	UL	UL	UL	I	I	I	I	PI	I		UL	PI	I	I	UL	I	UL	I
TAF7L	X	I	I	PI	I	I	I	I	I	I	I	I	I	PI	I	I	I	I	I	I	PI	I	I	I	I	I	PI	I	I	I	I	I	I	I	I	I	I	I	I	I	I	PI	PI	I	PI	I	I	I	I	I	I	I	I	I	I	I	L	I	I	I	I	I	I	I	I	I	I	I	I	I	PG	I	I	PI	I	I	I	PI	I	I	I	I	PI	I	I	PI	I	I	I	I	I	I	I	I	I	I	I	I	I	I	I	I	I	I	I	I	I	I	I	I	I	I	I	I	I	I	UL	I	I	I	I	I	I	UL	PM	I	I	I	I	I	I
TAF9B	X	I	I	I	I	I	I	PI	I	I	PI	I	I	I		I	I	I	I	I	I	I	I	I	I	I	PI	I	I	I	I	I	I	I	I	I	I	I	I	I	I	I	I	I	I	I	I	I	I	I	I	I	I	I	I	I	PG	I	I	I	I	I	I	I	I	I	I	I	I	I	I	I	I	I	I	I	I		I	I	I	I	I	I	I	I	I	I	I	I	I	I	PI	I	I	I	I	I	I	I	I	I	I	I	I	I	I	I	I	I	I	I	I	I	UL	I	I	I	UL	I	I	I	I	I	I	I	I	L	I	I	I
TAFAZZIN	X	I	I	I	I	I	I	I	I	I	I	I	I	I	I	I	I	I	I	PI	I	PI	I	I	I	I	I	I	I	I	I	I	I	I	I	I	I	I	I	I	I	I	I	I	I	I	I	I	I	I	I	I	I	I	I	I	I	PI	PI	I	I	I	I	I	I	I	I	I	I	I	M	I	I	I	I	I	I	I	I	I	I	PI	M	I	I	I	I	I	I	I	I	I	I	PI	I	I	I	I	I	I	I	I	I	I	I	I	I	I	I	I	I	I	I	UL	I	I	I	I	I	M	I	I	I	UL	I	I	I	I	I	I	I
TASL	X	I	I	I	I	I	I	I	I	I	I	I	I	I	I	I	I	I	I	I	I	I	I	I	I	I	PG	I	I	I	I	I	I	I	I	I	I	I	I	I	I	I	I	I	I	I	I	I	I	I	I	I	I	I	I	I	L	I	I	I	I	I	I	I	I	I	I	I	I	I	I	I	I	I	I	I	I	I	I	I	I	I	I	I	I	I	I	I	I	I	I	I	I	I	I	I	I	I	I	I	I	I	I	I	I	I	I	I	I	I	I	I	I	I	I	I	I	I	I	I	I	I		I	I	I	M	I	I	I	I
TBC1D25	X	I	I	I	I	I		M	M	M	M	I		I		I	I	M	I	I	I	I	PM	I	I	I	I	I	PI		I	I	PI	I	I	UL	I	UL	I	I	I	PI	I	I	I	I	PI	I	I	I	UL	I	PI	I	I	M	I	I	I	I	I	I	I	I	I	I	I	I	I	UL	I	I	I	M	I	I	I		I	I	PI	PI	UL	I	L	M	I	I	I	I	I	I	I	I	I	M	I		I	I	I	I	I	I	I	I	I	I	I	I	I	I	I	L	PI	I	I	I	I	I	I	I	I	I	PM	I	I	I	I	L	I
TBC1D8B	X	I	I	I	I	I		I	I	I	I			I	I	I	I	I	PI	I	UL	I	I	I	I	I	PM	I				I	I	I	I	I	I	I	I	UL	I	I	PI	I	I	PI		I	I	I	I	PI	PI	I	I	I	I	I	I	PI	I	I	I	I	I	I	I	I	I	I	I	I	I	PI	PI	PI	I		I	PI	I	I	PI	I	I	PI	I	I	I	I	I	I	I	I	I	I	I		I		I	I	PI	I	I		I	I	I	PG	I	PI	I	I	UL	I	I	I	I	I	I	UL	I	I	I	I	I	I	I	I	I
TBL1X	X	I	I	I	I	I	I	UL	I	I	I	I	I	I	I	I	I	I	I	I	PI	I	I	I	I	I	PI	I	I	I	I	I	I	I	I	I	I	I	I	L	I	PI	I	PI	UL	UL	PM	I	I	I	I	I	I	I	PI	I	PI	I	I	I	I	I	I	I	I	I	I	I	I	I	I	I	I	I	PI	I	I	PI	I	I	PI	I	PI	I	UL	I	I	PI	I	I	I	I	PI	I	I	I	PI	I	I	I	I	I	I	I	I	I	I	I	I	PM	I	I	I	UL	I	I	I	I	UL	I	I	I	PI	I	PI	I	I	UL	I	UL	M
TBX22	X	I	I	I	I	I	I	I	I	I	I	I	I	I	I	I	I	I	I	I	M	I	I	I	PG	I	PM	I	I	I	I	I		I	I	I	I	I	I	I	I	I	I	I	I	PG	PG	I	I	I	I	I	I	M	PI	I	PG	I	I	I	UL	I	I	I	I	I	I	I	I	I	I	I	I	I	I	I	I	I	I	I	I	I	PI	I	UL	UL	M	UL	I	I	I	I	I	I	I	I	I	I	I	I	I	I	I	I	I	I	I	I	I	I	I	I	I	I	PI	I	I	I	I	I	I	I	I	I	PI	I	I	I	I	I	I
TCEAL1	X	I	I	I	I	I	I	I	I	I	I	I	I	I	I	I	I	I	I	I	I	I	I	I	I	I	I	I	I	I	I	I	I	I	I	I	I	I	I	I	I	I	I	I	I	I	I	I	I	I	I	I	I	I	I	I	I	I	I	I	I	I	I	I	I	I	I	I	I	I	I	I	I	I	I	I	I	I	I	I	I	I	L	I	I	I	I	I	I	I	I	I	I	I	I	I	I	I	I	I	I	I	I	I	I	I	I	I	I	I	I	I	I	I	I	I	I	I	I	I	I	I	I	I	I	I	I	I	I	I	I
TCEAL2	X	I	I	I	I	I	I	I	I	I	I	I	I	I	I	I	I	I	I	I	I	I	I	I	I	I	M	I	I	I	I	I	I	I	I	I	I	I	I	I	I	I	I	I	I	I	I	I	I	I	I	I	I	I	I	I	I	I	I	I	I	I	I	I	I	I	I	I	I	I	I	I	I	I	I	I	I	I	I	I	I	I	I	I	I	I	I	I	I	I	I	I	I	I	I	I	I	I	I	I	I	I	I		I	I	I	I	I	I	I	I	I	I	I	I	I	I	I	I	I	I	I	I	I	I	I	I	I	I	I
TCEAL3	X	I	I	I	I	I	M	M	I	M	I	I	I	I		M	I	M	I	I	I	I	I	I	I	I	I	I	L	L	L	L		M	I	I	I	I	I	I	I	I	I	L	I	I	I	I	I	I	I	I	I	I	I	M	I	M	M	I	I	I	I	I	I	I	I	I	I	I	I	I	I	I	I	I	I	I	I	I	I	I	I	I	I	I	I	I	I	I	I	I	I	I	M	L	M	L	M	M	L	I	M	M	L	L	L	L	I	I	I	I	I	UL	L	I	I	I	I	I	I	I	M	I	I	I	I	I	I	I	I
TCEAL4	X	I	I	I	I	I	I	I	I	I	I	I	I	I	I	I	I	I	I	I	I	I	I	I	I	I	L	I	I	I	I	I	I	I	I	I	I	I	I	I	I	I	I	I	I	I	I	I	I	I	I	I	I	I	I	I	I	I	I	I	I	I	I	I	I	I	I	I	I	I	I	I	I	I	I	I	I	I	I	I	I	I	I	I	I	I	I	I	I	I	I	I	I	I	I	I	I	I	I	I	I	I	I	UL	I	I	I	I	I	I	I	I	I	UL	I	I	I	I	I	I	I	I	I	I	I	I	I	I	I	I	I
TCEAL5	X	I	I	I	I	I	I	I	I	I	I	I	I	I	M	I	I	I	I	I	I	I	I	I	I	I	I	I	M	M	M	M	M	M	I	I	I	I	I	I	I	I	I	I	I	I	I	I	I	I	I	I	I	I	I	I	I	I	I	I	I	I	I	I	I	I	I	I	I	I	I	I	I	I	I	I	I	I	I	I	I	I	I	I	I	I	I	I	I	I	I	I	I	I	M	I	I	M	M	M	M	I	L	M	M	M	M	M	I	I	I	I	I	I	I	I	I	I	I	I	I	I	M	I	I	I	I	I	I	I	I
TCEAL6	X	I	I	I	I	I	I	I	I	I	I	I	I	I	I	I	I	I	I	I	I	I	I	I	I	I	M	I	I	I	I	I	I	I	I	I	I	I	I	I	I	I	I	I	I	I	I	I	I	I	I	I	I	I	I	I	I	I	I	I	I	I	I	I	I	I	I	I	I	I	I	I	I	I	I	I	I	I	I	I	I	I	I	I	I	I	I	I	I	I	I	I	I	I	I	I	I	I	M	M	M	I	I	M	M	M	M	M	I	I	I	I	I	I	I	I	I	I	I	I	I	I	M	I	I	I	I	I	I	I	I
TCEAL7	X	I	I	I	I	I	I	I	I	I	I	I	I	I	I	I	I	I	I	I	I	I	I	I	I	I	I	I	I	I	I	I	I	I	I	I	I	I	I	I	I	I	I	I	I	I	I	I	I	I	I	I	I	I	I	I	I	I	I	I	I	I	I	I	I	I	I	I	I	I	I	I	I	I	I	I	I	I	I	I	I	I	I	I	I	I	I	I	I	I	I	I	I	I	I	I	I	I	I	I	I	I	I	I	I	I	I	I	I	I	I	I	I	I	I	I	I	I	I	I	I	I	I	I	I	I	I	I	I	I	I
TCEAL8	X	I	I	I	I	I	I	I	I	I	I	I	I	I	I	I	I	I	I	I	I	I	I	I	I	I	I	I	I	I	I	I	I	I	I	I	I	I	I	I	I	I	I	I	I	I	I	I	I	I	I	I	I	I	I	I	I	I	I	I	I	I	I	I	I	I	I	I	I	I	I	I	I	I	I	I	I	I	I	I	I	I	I	I	I	I	I	I	I	I	I	I	I	I	I	I	I	I	I	I	I	I	I	I	I	I	I	I	I	I	I	I	I	I	I	I	I	I	I	I	I	I	I	I	I	I	I	I	I	I	I
TCEAL9	X	I	I	I	I	I	I	I	I	I	I	I	I	I	I	I	I	I	I	I	I	I	I	I	I	I	I	I	I	I	I	I	I	I	I	I	I	I	I	I	I	I	I	I	I	I	I	I	I	I	I	I	I	I	I	I	I	I	I	I	I	I	I	I	I	I	I	I	I	I	I	I	I	I	I	I	I	I	I	I	I	I	I	I	I	I	I	I	I	I	I	I	I	I	I	I	I	I	I	I	I	I	I	I	I	I	I	I	I	I	I	I	I	I	I	I	I	I	I	I	I	I	I	I	I	I	I	I	I	I	I
TCEANC	X	I	I	I	I	I	I	I	I	I	I	I	I	I	I	I	I	I	I	I	I	I	I	I	I	I	L	I	I	I	I	I	I	I	I	I	I	I	I	I	I	I	I	I	I	I	I	I	I	I	I	I	I	I	I	I	I	I	I	I	I	I	I	I	I	I	I	I	I	I	I	I	I	I	I	I	I	I	I	I	I	I	I	I	I	I	I	I	I	I	I	I	I	I	I	M	I	I	I	I	M	I	I	I	I	I	I	I	I	I	I	I	I	I	I	I	I	I	I	I	I	I	I	I	I	I	I	I	I	I	I
TCP11X1	X	I	I	I	UL	UL	UL	PI	I	PI	I	I	I	I	I	I	I	I	I	I	PI	I	I	I	I	I	I	I	I	I	I	PI	I	I	I	I	I	I	I	I	I	I	I	I	I	I	I	I	I	I	I	I	I	I	I	I	I	I	I	I	I	I	I	I	I	I	I	I	I	I	I	I	I	I	I	I	I	I	I	I	I	I	I	I	I	I	I	I	I	I	I	I	I	PI	PI	PI	PI	UL	UL	UL	UL	UL	PI		UL	UL	UL	UL	I	UL	I	I	I	I	I	I	I	I	I	I	PI	I		I	PI	I	I	I	I	I	I
TCP11X2	X	I	I	I	UL	UL	I	I	I	I	I	I	I	I	I	I	I	I	I	I	I	I	I	I	I	I	I	I	I	I	I	I	I	I	I	I	I	I	I	I	I	I	I	I	I	I	I	I	I	I	I	I	I	I	I	I	I	I	I	I	I	I	I	I	I	I	I	I	I	I	I	I	I	I	I	I	I	I	I	I	I	I	I	I	I	I	I	I	I	I	I	I	I	I	PI	PI	PI	UL	UL	UL	UL	UL	I	UL	UL	UL	UL	UL	I	I	I	I	I	I	I	I	I	I	I	I	I	I	I	I	I	I	I	I	I	I	I
TDGF1P3	X	L	L	PG	L	L	PG	PG	PG	PG	L	PG	PG	PG	PG	M	L	L	L	L	L	L	L	L	L	L	PG	L	PG	PG	PG	PG	PG	PG	L	L	L	L	L	L	L	PG	L	L	L	PG	PG	UL	UL	UL	L	L	L	L	PG	PG	L	L	L	L	L	L	L	L	L	L	L	L	L	L	L	L	L	L	PG	PG	L	PG	M	M	PG	PG	L	L	L	L	L	L	UL	UL	L	L	M	L	PG	L	PG	PG	PG	PG	PG	L	PG	PG	PG	L	PG	PG	L	L	L	L	PG	L	L	L	L	PG	L	L	L	L	PG	L	PG	L	M	L	L	L	L
TENM1	X	I	I	I	I	I	PI		I		I		I	I		I	I	I	PI	I	PM	I	PI	I	I	I	PG	I		UL			I		I	I	I	I	I	UL	I	PI	I	I	PI	UL		PI	I	I	I	I	PI	I	I	PI	I	I	I	I	I	I	I	I	I	UL	I	I	I	I	I	I	I	PI	PI	I	I		PI	PI	I	I	PI	I	I	PI	PI	I	I	I	I	I	PI	I		I		I				I	PI				I		I	I	I	I	I	I	UL	I	I	PI	UL	I	I	I		I	PI	I	I	UL	I	I	UL
TENT5D	X	I	I	I	I	I	I	I	I	I	I	I	I	I	I	I	I	I	I	I	I	I	I	I	PG	I	PG	I	I	I	I	I	I	I	I	I	I	I	I	M	I	I	I	I	I	PG	PG	I	I	I	I	I	M	I	I		PG	I	I	I	L	I	I	I	I	I	I	I	I	I	I	I	I	I	I	I	I	I	I	I	I	I	I	I	UL	PG	M	PG	I	I	I	I	I	I	I	I	I	I	I	I	I	I	I	I	I	I	I	I	I	I	I	I	I	I	I	I	I	I	I	I	I	I	I	I	I	I	I	I	I	I	I
TEX11	X	PI	I	I	I	I	UL	UL	I		PI	I		I		I	I	I	PI	I	PM	I	PI	I	I	I	PM	I	I			I			PI	I	I	UL	I	PI	I	PI	PI	I	I	PM	PM		I	I	I	PI	PI	I	PI		PI	PI	PI	I	PI	I	I	I	I	I	I	I	I	I	PI	I	PI	I	PI		I		PI	PI	PI	PI	PI	I	UL	PM	UL	UL	I	I	UL	I	M	PI	PI	I		I			I	I	PI		I		I	I	I	I	I	UL	I	UL	UL	I	I	I	I	I	UL	UL		UL	PM	I	I	UL	I	I	I
TEX13A	X	I	I	I	I	I	I	I	I	I	I	I	I	I		I	I	I	I	I	L	I	I	I	I	I	PG	I	L	L	I	L	I	I	I	I	I	I	I	L	I	I	I	I	I	I	I	PI	I	I	I	I	I	I	I	I	I	UL	UL	I	I	I	I	I	I	I	I	I	I	I	I	I	I	I	I	I	I	I	I	I	I	I	M	I	I	PG	I	I	I	I	I	UL	I	I	I	I	I	I	I	I	I	I	I	I	I	I	I	I	I	I	I	I	I	UL	I	I	I	I	UL	I	I	I	I	I	I	I	I	I	I	I	I
TEX13B	X	UL	UL	I	I	I	I	I	I	I	I	I	I	I	I	I	L	L	UL	UL	UL	PI	UL	UL	UL	UL	M	UL	I	I	I	I	I	I	UL	UL	L	L	UL	I	UL	UL	UL	UL	UL	UL	UL	PI	I	I	UL	UL	UL	UL	UL	I	UL	L	L	L	UL	UL	UL	UL	UL	UL	UL	UL	L	UL	UL	UL	UL	UL	UL	UL	UL	UL	UL	UL	UL	UL	M	UL	UL	UL	UL	UL	I	I	UL	UL	UL	UL	I	I	I	I	I	I	I	I	UL	I	I	I	I	I	UL	UL	UL	UL	UL	I	L	L	L	UL	L	UL	I	I	I	UL	PM	UL	UL	UL	UL	I	UL
TEX13C	X	M	I	I	I	I	I	I	UL	I	L	M	I	I	I	I	I	M	I	I	UL	UL	I	I	I	I	M	M	I	I	I	I	I	I	L	I	I	I	I	PG	I	I	I	M	I	I	I	M	I	I	UL	I	I	I	I	I	I	I	I	I	I	I	I	I	I	M	I	I	UL	I	I	I	I	I	PG	I	I	PG	I	PG	I	I	I	I	I	PG	I	I	I	I	I	I	M	I	I	M	I	I	I	I	I	I	I		I	I	I	I	I	I	I	I	I	L	M	I	I	I	L	I	I	M	I	M	M	UL	I	I	I	L	I
TEX13D	X	I	I	PG	I	I	PG	PG	PG	PG	PG	PG	PG	PG	PG	M	I	M	M	I	PG	I	I	I	I	I	PG	M	PG	PG	PG	PG	PG	PG	I	I	I	I	I	I	I	I	I	I	I	PG	I	I	I	I	I	I	I	I	I	PG	I	M	M	UL	I	I	I	I	I	I	I	I	I	I	I	I	I	UL	I	I	I	I	I	I	I	I	M	I	I	PG	I	M	UL	I	I	I	M	I	I	PG	PG	PG	PG	PG	PG	L	PG	PG	PG	PG	PG	PG	I	I	I	I	I	I	I	I	UL	M	L	I	M	M	PG	L	PG	I	I	UL	I	L	I
TEX28	X	I	PI	PI	PI	L	L	I	L	L	L	UL	I	UL		PI	L	L	PI	I	PI	PI	L	PI	PM	PI	PI	I	PI	PI	PI	PI	I	UL	PI	PI	M	PI	I	PI	UL	I	PI	UL	UL	PI	I	PI	PI	PI	PI	PM	PI	PI	UL	PI	L	L	UL	PI	UL	PI	PI	PI	PI	PI	PI	PI	PI	UL	PI	PI	PI	PM	PM	I	UL	UL	I	L	UL	UL	L	I	UL	UL	UL	UL	UL	PI	PI	PI	PI	PI	L	L	I	L	L	PI	PI	L	UL	L	L	L	L	L	PI	PI	UL	UL	PI	PM	L	PI	PM	PI	UL	PI	M	L	PM	L	PI	PI	PI	UL	PI	L	UL
TFDP3	X	I	I	I	I	I	I	I	I	I	I	I	I	I		I	I	I	L	L	I	I	L	I	I	I	M	L	I	I	I	I	I	I	I	I	I	I	L	I	L	PG	M	PG	L	PG	PG	I	I	I	I	I	I	I	PG	I	L	I	I	I	L	I	I	I	I	I	I	I	I	I	I	I	I	I	PG	PG	L	PG	PG	PG	PG	PG	I	I	L	L	L	L	I	I	I	I	I	I	I	I	I	I	I	I	I	I	I	I	I	I	I	I	I	I	L	L	I	I	I	I	I	I	I	I	I	I	I	I	M	I	I	I	I	I	L
TFE3	X	I	I	I	I	I	I	I	I	I	I	I	I		I	I	I	I	I	PI	M	I	UL	I	I	I	PI	I	I	I	I	I	I	I	I	I	I	I	I	PI	I	I	I	I	I	I	I	I	I	I	UL	I	I	I	I	I	I	I	I	I	I	I	PI	I	I	I	I	I	I	UL	I	I	I	I	I	I	I	I	I	I	I	I	PI	I	I	PI	I	I	I	I	I	I	I	PI	PI	UL	PI	I	I	I	I	I	I	PI			I	I	I	I	I	I	I	UL	I	I	I	I	I	I	I	I	I	L	PI	I	I	UL	I	UL	I
TGIF2LX	X	I	I	I	I	I	I	I	I	I	I	I	I	I	I	I	UL	I	I	I	I	I	I	I	I	I	M	I	I	I	I	I	I	I	I	I	I	I	I	I	I	I	I	I	I	M	M	I	I	I	L	I	I	I	I	I	M	I	I	I	M	I	I	I	I	I	I	I	I	I	I	I	I	I	I	I	I	I	I	I	I	I	I	I	I	L	M	M	I	I	I	I	M	I	I	I	I	I	I	I	I	I	I	I	I	I	I	I	I	I	I	I	I	I	I	I	I	I	I	I	I	I	I	I	I	I	I	UL	I	I	I
THOC2	X	I	I	I	UL	I	I		I		I	I	I	PI		I	I	I	PI	I	UL	I	UL	I	I	I	PM	I	I	I	I	I	I	I	PI	I	I	I	I	I	I	PM	I	I	I	I		I	I	I	I	I	I	I	UL	I	I	I	I	I	I	I	UL	I	I	I	I	I	I	UL	PI	I	I	PI	I		I	I	I	I	I	I	I	I	I	PI	PI	I	I	I	I	I	I	I	I	I	I	I	I		I	I	I	I			I	I	I	I	I	I	I	I	UL	I	I	UL	I	I	PI	I		UL	PI	I	I	UL	I	I	I
TIMM17B	X	I	I	I	I	I	I	I	I	I	I	I	I	I	I	I	I	I	PI	I	PI	I	I	I	I	I	I	I	PI	I	I	I	I	I	I	I	I	I	I	PI	I	I	I	I	I	I	I	I	I	I	L	I	I	I	I	I	I	I	I	I	I	I	I	I	I	I	I	I	I	I	PI	I	I	I	I	PI	I		I	I	I	I	PI	I	I	I	I	I	I	I	I	I	I	I	I	I	I	I	I	I	I	I	I	I	I	I	I	I	I	I	I	I	I	L	PI	I	I	I	I	I	I	I	I	I	PI	I	UL	UL	I	UL	I
TIMM8A	X	I	I	I	I	I	I	PI	I	I	I	I	I	I	I	I	I	L	PI	I	PI	PI	I	I	I	I	I	PI	I	PM	I	I	I	I	I	I	I	I	I	I	I	I	I	I	I	I	I	I	I	I	I	I	I	I	I	I	L	I	I	I	I	I	I	I	I	I	I	I	I	I	I	I	I	I	I	I	I	I	I	I	I	I	M	I	I	PI	I	I	I	M	I	I	I	I	I	PI	I	I	I	I	I	I	I	I	I	I	I	I	I	I	I	UL	I	I	PI	I	I	I	I	I	I	I	PI	I	I	I	I	I	I	I	I
TIMP1	X	I	I	I	I	I	I	I	I	I	I	I	I	I	I	I	I	I	I	I	I	I	I	I	UL	I	I	I	I	I	I	I	I	I	I	I	I	UL	I	I	I	I	I	I	I	I	I	I	I	I	UL	I	I	I	I	I	I	I	I	I	I	I	I	I	I	I	I	I	I	I	I	I	I	I	I	I	I	I	I	I	I	I	M	I	I	I	I	I	I	I	I	I	I	PI	I	I	I	I	I	I	I	I	I	I	I	I	I	I	I	I	I	I	PI	UL	I	I	I	I	I	I	I	I	I	UL	PI	I	I	I	I	I	I
TKTL1	X	I	I	I	UL	UL	I		I	I	I	I	I	UL	I	I	I	I	I	PI	PI	I	I	I	I	I	I	I	I			I	I	I	I	I	I	I	I	UL	I	I	I	I	UL	PM	I	PI	I	I	UL	I	UL	I	I	I	I	I	I	I	I	I	I	I	I	I	I	I	I	UL	I	I	I	I	I	I	I	I	I	I	I	I	M	I	UL	PI	I	PI	I	I	I	I	PI	PI	I	I	I	PM	I	I	I	I	UL	I	I	I		I	I	I	I	I	I	I	I	I	I	I	I	M	PI	I	I	I	PI	I	I	UL	I	I	I
TLR7	X	I	I	I	I	I	I	I	I	I	I	I	I	I	I	I	I	I	I	I	M	I	I	I	UL	I	PM	I	I	I	I	I	I	I	I	I	I	I	I	I	I	I	I	I	I	I	I	I	I	I	I	I	I	I	I	I	I	I	I	I	I	I	I	I	I	I	I	I	I	I	I	I	I	I	I	I	I	I	I	I	I	I	I	I	I	M	I	I	I	I	I	I	I	I	I	I	I	I		I	I	I	I	I	I	I	I	I	I	I	I	I	I	UL	I	I	I	I	I	I	I	I		UL	I	I	I	L	I	I	I
TLR8	X	I	I	I	I	I	I	I	I	I	I	I	I	I	I	I	I	I	I	I	I	I	I	I	I	I	M	I	I	I	I	I	I	I	I	I	I	I	I	UL	I	I	I	I	I	I	I	I	I	I	I	I	I	I	I	I	I	I	I	I	I	I	I	I	I	I	I	I	I	I	I	I	I	I	I	I	I	I	I	I	I	I	I	I	I	I	I	I	I	I	I	I	I	I	I	I	I	I	I	I	I	I	I	I	I	I	I	I	I	I	I	UL	I	I	I	I	I	I	I	I	I	I	I	UL	M	I	I	I	I	I	I
TMEM164	X	I	I	I	I	I	I	I	I	I	I	I	I	I	I	I	I	I	I	I	PI	I	I	I	I	I	M	I	I	M	I	I	I	I	I	I	I	I	I	PI	I	I	I	I	I	I	I	I	I	I	UL	PI	I	I	I	PI	I	I	I	I	I	I	I	I	I	I	I	I	I	I	PI	I	I	I	PI	I	I	I	I	PI	I	I	PI	I	I	PI	I	I	I	I	I	I	I	I	I	I	I	I	I	I	I	I	I	I	I	I	I	I	I	I	I	I	I	I	PI	I	I	I	I	I	I	I	PI	I	I	I	I	I	I	I	I
TMEM185A	X	PI	I	I	I	I	I	I	PI	I	I	I	I	I	I	UL	I	I	PI	I	I	I	I	I	I	I	I	PI	I	I			I	I	I	I	PI	PI	PI	UL	I	L	M	PI	L	I	I	I	I	I	I	PI	L	I	PI	I	I	M	M	I	I	PI	PI	I	I	I	I	L	I	I	I	I	PI	I	UL	I	I	I	UL	PI	PI	I	I	I	I	I	M	PI	I	I	I	I	PI	UL	I	PI	I	PI	I	I	I	I	L	I	I	L	I	I	I	I	I	I	PI	UL	PI	I	PI	I	I	I	PI	UL	PI	PI	PI	I	I	UL	I	L	M
TMEM187	X	I	I	I	I	I	I	I	I	I	I	I	I	I	I	I	I	I	I	I	I	I	I	I	I	I	I	I	I	I	I	I	I	I	I	I	I	I	I	I	I	I	I	I	I	I	I	I	I	I	I	I	I	I	I	I	I	I	I	I	I	I	I	I	I	I	I	I	I	I	UL	I	I	I	I	I	I	I	I	I	I	I	M	I	I	I	I	I	I	M	I	I	I	M	I	UL	I	I	I	I	I	I	I	I	I	I	I	I	I	I	I	UL	I	UL	I	I	UL	I	I	M	I	I	I	I	M	I	I	I	I	I	I
TMEM255A	X	PI	I	I	I	I	I	I	I	I	I	I	I	I	I	I	I	I	I	I	I	I	I	I	I	I	PI	I	I	I	I	I	I	I	I	I	I	I	I	I	I	I	I	I	I	I	I	I	I	I	I	I	I	I	I	I	I	I	PI	I	I	I	I	I	I	I	I	I	I	I	I	I	I	I	PI	I	I	I	I	PI	I	I	I	I	I	PI	I	I	I	I	I	I	PI	I		I	I	I	I	I	I	I	I	I	I	I	I	I	I	I	I	I	I	UL	UL	I	I	I	UL	I	I	I	I	I	PI	I	I	I	I	I	I
TMEM31	X	I	I	I	I	I	I	I	I	I	I	I	I	I	I	I	I	I	I	I	I	I	I	I	I	I	PI	I	I	I	I	I	I	I	I	I	I	I	UL	I	I	I	I	I	I	I	I	I	I	I	I	I	I	I	I	I	I	I	I	I	I	I	I	I	I	I	I	I	I	I	I	I	PI	I	I	I	I	I	I	I	I	I	I	I	I	I	I	UL	I	I	I	I	PI	I	UL	UL	UL	I	I	UL	I	UL	UL	UL	I	UL	I	I	I	I	I	I	I	I	PI	I	I	I	I	I	I	I	I	I	I	I	I	I	I	I	I
TMEM35A	X	I	I	I	I	I	I	I	I	PI	I	I	I	I	I	I	I	I	PI	I	I	I	I	I	I	I	I	I	I	PI	PI	PI	I	I	I	I	I	I	I	I	I	I	I	I	I	I	I	I	I	I	I	I	I	I	I	I	L	I	I	I	I	I	I	I	I	I	I	I	I	I	I	I	I	I	I	I	I	I	PI	I	I	I	M	I	I	I	I	I	I	I	I	I	I	I	I	PI	PI	PI	PI	I	PI	I	PI	PI	I	I	I	PI	I	I	I	I	I	I	PI	I	I	I	I	I	I	I	I	I	I	I	I	I	I	I	I
TMEM47	X	I	I	I	I	I	I	I	I	I	I	I	I	I		I	I	I	I	I	PM	I	I	I	I	I	PI	PI	I	I	I	I	I	I	I	I	I	I	PI	PM	I	I	I	PI	I	I	I	I	I	I	I	I	I	I	PM	I	UL	I	PI	I	I	I	I	I	I	PI	I	I	I	UL	I	I	I	L	PI	I	I	I	PI	PI	PI	I	PI	I	I	I	I	I	I	I	I	I	I	I	I	I		I	I	I	I	I	I	I	I	I	I	I	I	I	I	I	I	UL	M	I	I	I	PI	I	I	I	I	I	I	I	I	I	I	I	I
TMLHE	X	PI	I	I	UL	I	I	I	I	I	I	I	I	I	I	I	I	I	PI	I	UL	I	PI	I	I	I	PM	L	I	I	I	I	I	I	I	I	I	I	PI	PI	PI	PI	PI	I	PI	PM	PM	PI	I	I	I	PI	I	I	I	I	I	L	L	I	L	PI	UL	I	PI	I	I	I	I	PI	I	I	I	I	L	PM	PI	I	PM	PM	PM	PM	PI	I	M	L	PM	UL	I	I	I	I	PI	PI	I	I	I	UL	UL	PI	UL	UL	UL	UL	UL	I	UL		I	I	I	I	I	I	UL	I	I	PG	L	L	I	I	I	I	I	I	I	I	I	I	PI
TMSB15A	X	I	I	I	I	I	I	I	I	I	I	I	I	I		I	I	I	I	I	I	I	UL	I	I	I	I	I	I	I	I	I	I	I	I	I	I	I	I	I	I	I	I	I	I	I	I	I	I	I	I	I	I	I	I	I	I	I	I	I	I	I	I	I	I	I	I	I	I	I	I	I	I	I	I	I	I	I	I	I	I	I	I	I	I	I	I	I	I	I	I	I	I	I	I	I	I	I	I	I	I	I	I		I	I	I	I	I	I	I	I	I	I	I	I	I	I	I	I	I	I	I	I	I	I	I	I	I	I	I
TMSB15B	X	I	I	I	I	I	I	I	I	I	I	I	I	I	I	I	I	I	I	I	I	I	PI	I	I	I	I	I	I	I	I	I	I	I	I	I	I	I	I	I	I	I	I	I	I	I	I	I	I	I	I	I	I	I	I	I	I	I	I	I	I	I	I	I	I	I	I	I	I	I	I	I	I	I	I	I	I	I	I	I	I	I	I	I	I	I	I	I	I	I	I	I	I	I	I	I	I	I	I	I	I	I	I	I	I	I	I	I	I	I	I	I	I	I	I	I	I	I	I	I	I	I	I	I	I	I	I	I	I	I	I
TMSB15C	X	I	I	I	PI	I	I	I	I	I	I	I	I	I	I	I	I	I	I	I	I	I	PI	I	I	UL	I	I	I	I	I	I	I	I	I	I	I	I	I	I	I	I	I	I	I	I	I	I	I	I	I	I	I	I	I	I	I	I	I	I	I	I	I	I	I	I	I	I	I	I	I	I	PI	PI	I	I	I	I	I	I	I	I	I	I	I	I	I	I	I	I	I	I	I	I	I	I	I	I	I	I	I	I	I	UL	I	I	I	I	I	I	I	I	I	UL	I	I	I	PI	I	I	I	I	I	UL	I	I	I	I	I	I	I
TMSB4X	X	I	I	I	I	I	I	I	I	I	I	I	I	I	I	I	I	I	I	I	I	M	L	I	I	I	PM	M	I	I	I	I	I	I	I	I	I	UL	I	I	I	I	PI	I	I	I	I	I	I	I	I	I	I	I	PI	I	I	I	I	I	I	I	I	I	I	I	I	I	I	I	I	I	I	I	I	I	I	I	I	I	M	I	I	I	I	PG	I	M	I	I	I	I	I	I	I	I	I	I	I	I	I	I	I	I	I	I	I	I	I	I	I	I	I	I	I	I	I	I	I	I	I	I	I	I	I	I	I	I	I	I	I
TNMD	X	I	I	I	I	I	I	I	I	I	I	I	I	I	I	I	UL	I	I	I	I	I	PI	I	UL	I	M	I	I	I	I	I	I	I	I	I	I	I	I	I	I	I	I	I	I	PM	I	I	I	I	I	I	I	I	I	I	L	I	I	I	I	I	I	I	I	I	I	I	I	I	I	I	PI	I	I	I	I		I	I	I	I	I	I	I	I	I	I	I	I	I	I	PI	I		I	I	I	I	I	I	I	I	I	I	I	I	I	I	I	I	I	I	I	PI	I	I	I	I	I	I	I		I	I	I	I	UL	I	I	I
TRAPPC2	X	I	I	I	I	I	UL	I	I	I	I	I	I	I	I	I	I	I	I	I	I	I	I	I	I	I	I	I	I	I	I	I	PI	PI	I	I	I	I	I	I	I	PI	I	I	I	I	PI	I	I	I	I	I	I	I	I	I	I	I	I	I	I	I	I	I	I	I	I	I	I	I	I	I	I	I	I	I	I	I	PI	I	I	I	I	I	I	I	I	I	I	I	I	I	I	I	I	I	I	I	I	I	I	I	I	I	I	I	I	I	I	I	I	UL	I	I	I	I	I	I	I	I	I	I	PI	UL	UL	I	I	I	I	I	I
TREX2	X	I	I	I	I	I	I	I	I	I	I	I	I	I	I	I	I	I	I	I	UL	I	I	I	I	I	I	L	I	I	I	I	I	I	I	I	I	I	I	M	I	I	I	I	I	I	I	I	I	I	L	I	I	I	I	I	I	I	I	I	I	I	I	I	I	I	I	I	I	I	I	I	I	I	I	I	I	I	I	I	I	I	M	I	L	M	I	I	I	I	I	I	I	I	I	UL	I	I	I	I	I	I	I	I	I	I	I	I	I	I	I	I	I	UL	I	I	I	I	UL	M	I	I	I	I	I	I	I	I	I	L	I
TRMT2B	X	I	I	PI	I	I	PI	PI	I	I	I	I	I	I	I	I	I	I	I	L	PI	PI	L	I	I	I	PI	I	I	I	PI	I	I	I	I	I	I	I	L	I	I	I	PI	I	I	PM	PI	I	I	I	I	PI	I	I	I	I	L	PI	PI	I	L	I	I	I	UL	I	I	I	I	I	I	I	I	I		I	I	I	PI	I	I	I	L	I	UL	L	PI	I	I	I	I	I	PI	I	PI	PI	PI	I	PI	I	PI	I	PI	PI	PI	PI	PI	PI	I	I	UL	I	I	UL	UL	I	I	I	I	I	PI	PI	PI	I	PM	I	I	I	I	UL	I
TRO	X	I	I	I	I	I	I	I	I	I	I	I	I	I	I	I	I	I	I	UL	PI	I	PI	I	I	I	PI	I	I	I	I	I	PI	I	I	I	I	I	I	PI	I	I	I	I	I	I	PG	I	I	I	UL	I	I	I	I	PI	I	I	I	I	UL	I	I	I	I	I	I	I	I	I	I	I	I	I	PI	M	UL	I	L	I	UL	UL	I	I	L	PI	L	L	I	I	I	I	I	I	I	I	I	I	I	I	I	I	I	I	I	I	I	I	I	I	I	I	I	UL	I	I	I	I	I	I	I	I	PI	UL	I	I	I	I	I	I	I
TRPC5	X	I	I	I	I	I	I	PI	I	I	I	I	PI	I	PI	I	UL	I	I	I	UL	I	I	I	I	I	PM	I	PI	I	I		I	I	I	I	I	I	I	PI	I	I	I	I	I	I		I	I	I	I	I	PI	I	I	I	I	PI	I	I	PI	I	I	I	UL	I	I	I	I	I	PI	I	I	UL		PI	I	PM	I	PI	I	I	I	I	I	PM	I	I	I	I	I	UL	M	I	I	I	I	I	I		PI	I	I		I	I	I		I	I	I	I	PM	I	UL	I	I	PI	I	I	I	I	I	I	PI	I	I	UL	I	I	I
TRPC5OS	X	I	I	I	I	I	I	I	I	I	I	UL	UL	UL	UL	I	I	I	I	I	I	I	L	I	I	I	I	I	I	I	I	I	I	I	I	I	I	I	I	L	I	I	I	I	I	I	I	I	I	I	I	I	I	I	I	I	I	I	I	I	I	I	I	I	I	I	I	I	I	I	UL	I	I	I	I	I	I	I	I	I	I	I	I	I	I	PG	I	I	I	I	I	I	I	I	I	I	I	I	I	I	I	I	I	I	I	I	I	I	I	I	I	I	I	I	I	I	I	I	I	I	I	I	I	UL	I	I	I	I	I	I	I
TSC22D3	X	I	I	I	I	I	I	I	I	I	I	I	I	I	I	I	I	I	I	I	I	I	I	I	I	I	I	I	I	I	I	I	I	I	I	I	I	I	I	I	I	I	I	I	I	I	I	I	I	I	I	I	I	I	I	I	I	I	I	I	I	I	I	I	I	I	I	I	I	I	PI	I	I	I	I	I	I	I	I	I	I	I	I	I	I	I	I	I	I	I	I	I	I	I	I	I	I	I	I	I	I	I	I	I	I	I	I	I	I	I	I	I	I	I	I	I	I	I	I	I	I	I	I	I	PI	I	I	I	I	I	I
TSPAN6	X	I	I	I	I	I	I	I	I	I	I	I	I	I	I	I	I	M	I	I	I	I	I	I	I	I	PI	I	I	I	I	I	I	I	I	I	I	I	I	UL	I	I	I	I	I	I	I	I	I	I	I	I	I	I	I	I	L	I	I	PI	I	I	I	I	I	I	I	I	I	I	PI	I	I	I	I	I	I	I	I	I	I	I	L	I	I	PI	I	I	I	I	I	I	I	I	PI	I	I	PI	I	I	I	I	I	I	I	I	I	I	I	I	I	I	I	I	I	I	I	I	I	I	I	I	I	UL	L	I	I	I	I	I	I
TSPAN7	X	I	I	I	I	I	I	I	I	I	I	I	I	I	I	I	UL	PI	I	I	I	I	I	I	I	I	PM	I	PI	I	I	I	I	I	I	I	I	I	I	PI	I	I	PI	I	I	PI	I	I	I	I	I	I	I	I	I	I	M	I	I	I	I	I	I	I	I	I	I	I	I	I	I	I	PI	I	PM	PM	I	I	I	I	I	PI	I	I	I	PM	I	I	I	I	I	I	I	I	I	I	I	I	I	I	I	I	I	I	I	I	I	I	I	I	I	I	I	UL	PI	I	I	PI	I	I	I	I	I	I	I	I	I	I	I	I	I
TSPYL2	X	PI	I	I	I	I	I	I	I	I	I	I	I	I	I	I	I	I	I	PI	UL	I	UL	I	UL	I	M	I	I	I	I	I	I	I	I	I	I	I	I	UL	I	I	I	I	I	I	I	I	I	I	UL	I	I	I	I	I	I	I	I	I	I	I	I	I	I	I	I	I	I	UL	I	I	I	I	I	I	I	I	I	I	I	I	PI	I	I	I	I	I	I	I	I	I	PI	PI	I	I	I	PI	I	I	I	I	I	I	I	I	I	I	I	I	PI	I	I	I	PI	I	I	I	I	I	I	PI	I	UL	PI	I	I	UL	I	I	I
TSR2	X	I	I	I	I	I	I	I	I	I	I	I	I	I	I	I	I	I	I	I	UL	I	I	I	I	I	PM	I	I	I	I	I	I	I	I	PI	I	PI	I	PI	I	I	I	I	I	I	I	I	I	I	I	I	I	I	I		I	I	I	I	I	I	L	I	I	I	I	I	I	I	I	I	I	I	I	I	I	I	I	I	I	I	I	I	I	PI	I	I	I	I	I	UL	I	I	I	I	I	I	I	I	I	I	I	I	I	I	I	I	I	I	PI	I	I	I	I	I	I	I	I	I	I	I	I	UL	I	I	I	UL	I	I	I
TXLNG	X	I	I	I	I	I	I	I	I	I	PI	I	I	I	I	I	I	I	I	I	UL	I	I	I	I	I	PI	I	I	I	I	I	I	I	I	I	I	I	I	L	I	I	I	I	I	PI	PI	I	I	I	UL	I	I	I	I	I	I	I	I	I	I	I	I	I	I	I	I	I	I	I	I	I	I	PI	I	I	I	PM	PI	I	I	PI	M	I	I	L	M	I	I	L	I	I	PI	I	I	I	I	I	I	I	I	I	I	I	I	I	I	I	I	I	I	I	I	I	UL	I	I	I	I	I	M	PI	PI	I	UL	I	I	L	I	I	PI
UBA1	X	I	I	I	I	I	I	PI	I	I	I	I	I		PI	I	I	I	I	I	UL	I	I	I	I	I	PI	I	I	I	I		I	I	I	I	I	I	I	L	I	I	I	I	I	I	I	I	I	I	UL	I	I	I	I	PI	I	I	I	I	I	I	I	I	I	I	I	I	I	I	UL	I	I	I	PI	I	I	PI	PI	I	I	I	L	I	UL	PI	PI	I	I	I	I	I	I	I	PI	I	I	I	I	I	I	I	I	I	I	PI	I	I	I	I	I	I	I	UL	I	I	I	I	I	I	I	I	PI	UL	PI	I	I	UL	I	I	I
UBE2A	X	I	I	I	I	I	I	I	I	I	I	I	I	I	I	I	I	I	I	I	UL	I	I	I	I	I	L	I	I	I	I	I	I	I	I	I	I	I	I	I	I	I	I	I	I	I	I	I	I	I	I	I	I	I	I	I	I	I	I	I	I	I	I	I	I	I	I	I	I	I	PI	I	I	I	I	I	I	I	I	I	I	I	I	I	I	PI	I	I	I	I	I	I	PI	I	I	I	I	I	I	I	I	I	I	I	I	I	I	I	I	I	I	I	I	I	PI	I	I	I	I	I	I	I	I	I	I	I	I	I	I	I	I
UBE2NL	X	UL	I	PG	L	L	PG	PG	PG	PG	L	L	L	L	L	L	L	L	PG	PG	L	PG	L	I	UL	UL	PG	PG	PG	L	PG	PG	L	L	I	I	I	UL	L	PG	PG	PG	M	PG	PG	L	PG	UL	UL	UL	UL	UL	I	I	PG	L	L	L	L	I	L	I	I	I	I	I	I	I	I	I	I	I	I	UL	PG	PG	PG	PG	PG	PG	PG	PG	M	I	L	L	L	PG	I	UL	I	I	I	UL	L	L	PG	PG	PG	PG	PG	L	PG	PG	PG	PG	PG	PG	I	I	PG	L	UL	UL	UL	UL	UL	PG	M	L	PG	L	PG	L	I	UL	UL	I	I	I	L
UBL4A	X	I	I	I	I	I	I	I	I	I	I	I	I	I	I	I	I	M	I	PI	PI	I	I	I	I	I	I	I	I	I	I	I	I	I	UL	I	I	L	I	I	I	I	I	I	I	I	I	I	I	I	I	I	I	I	I	I	I	I	I	I	I	I	I	I	I	I	I	I	I	I	I	I	PI	I	I	I	I	I	I	I	I	I	M	I	I	I	I	I	I	I	I	L	I	I	I	UL	I	I	I	I	I	I	I	I	I	I	I	I	I	I	I	I	I	UL	I	I	I	I	I	L	I	I	I	I	I	I	I	UL	I	I	I
UBQLN2	X	I	I	I	I	I	I	I	I	I	I	I	I	I		I	I	I	I	I	I	I	UL	I	I	I	PG	I	I	I	I	I	I	I	I	I	I	M	I	UL	I	I	I	I	I	I	I	I	I	I	I	I	I	I	I	I	M	I	I	I	I	I	I	I	I	I	I	I	I	I	I	I	I	M	I	I	I	I	I	I	I	I	M	I	I	PG	I	I	I	I	I	L	I	I	I	UL	I	I	I	I	I	I	I	I	I	I	I	I	I	I	I	I	I	I	I	I	I	I	I	I	I	I	I	I	I	I	I	I	I	I	I
UPF3B	X	I	I	I	I	I	I	I	I		I	UL	I	PI	PI	I	I	I	I	I	PI	PI	I	I	I	I	PI	UL	I	I	PI	PI	I	I	PI	I	PI	I	I	I	I	PI	PI	I	I	UL	I	I	I	I	I	I	I	I	I	I	L	I	I	I	I	I	I	I	I	I	I	I	I	I	I	I	I	I	PI	I	UL		I	I	I	I	I	I	I	M	I	I	I	I	I	I	I	PI		PI	PI	PI	I	I	I	I	PI	I	PI	PI	I	I	I	I	I	I	I	UL	PI	I	I	PI	UL	I	UL	I	M	PI	PI	I	I	L	I	UL	I
UPRT	X	PI	I	I	I	I	I	I	I	I	I	I	I	I	I	I	I	I	I	I	I	I	I	I	I	I	PM	I	I	PM	I	I	I	I	I	I	I	I	I	I	I	I	I	I	PI	I	I	I	I	I	I	PI	PI	I	I		I	I	I	I	I	I	I	I	I	I	I	I	I	I	I	I	I	I	PI	I	I	I	PI	I	I	I	M	I	I	PI	I	I	I	I	I	I	I	PI	I	UL	I	I	PI	I	I	I	I	I	I	I	I	I	I	I	I	I	I	I	PI	I	I	I	UL	I	I	I	I	I	I	I	I	I	I	I	I
USP11	X	I	I	I	I	I	I	I	I	I	I	I	I	I	I	I	I	I	I	I	PI	I	I	I	I	I	L	I		I	UL	PI	I	I	I	I	UL	UL	I	PI	I	I	I	I	I	I		PI	I	I	UL	I	PI	I	I	I	I	I	I	I	I	I	I	I	I	PI	I	I	I	I	I	I	I	PI	I	I	I	I	I	I	PM	PM	PI	I	I	PI	PI	I	I	I	I	I	I	I	I	I	I	I	I	I	I	I	I	I	I	I	I	I	I	UL	I	I	I	UL	I	I	I	I	UL	I	I	I	PI	UL	L	I	I	UL	I	I	I
USP26	X	I	I	I	UL	I	I	I	I	I	I	I	I	I		I	UL	I	I	I	I	I	I	I	I	I	M	I	I	I	I	I	I	I	I	I	I	M	I	I	I	PG	I	I	I	UL	I	I	I	I	L	UL	UL	UL	I	I	I	I	I	I	I	I	I	I	I	I	I	I	I	UL	I	I	I	I	I	I	I	I	I	I	I	I	I	UL	I	PG	I	I	I	I	I	I	I	I	PG	I	PG	I	I	I	I	I	I	I	I	I	I	I	I	I	I	I	I	I	UL	I	I	I	I	I	I	I		I	I	UL	UL	UL	I	I	I
USP27X	X	I	I	I	I	I	I	I	I	I	I	I	I	I	I	I	I	I	I	I	PG	I	I	I	I	I	PG	I	I	I	I	I	I	I	I	I	I	I	I	PG	I	I	I	I	I	I	I	I	I	I	I	I	I	I	I	I	I	I	I	I	I	I	I	I	I	I	I	I	I	I	I	I	I	I	I	I	I	I	I	I	I	I	I	I	I	PG	I	I	I	I	I	I	I	I	I	I	I	I	I	I	I	I	I	I	I	I	I	I	I	I	I	I	I	I	I	I	I	I	I	I	I	I	I	I	I	I	I	I	I	I	I
USP51	X	I	I	I	I	I	I	I	I	I	I	I	I	I	I	I	I	I	I	I	L	I	I	I	I	UL	PG	I	I	I	I	I	I	I	I	I	L	UL	I	L	I	I	I	M	I	PG	PG	I	I	I	UL	I	I	I	I	I	L	I	I	I	L	I	I	I	I	L	I	I	I	UL	I	I	L	L	UL	I	I	I	I	I	L	I	L	I	L	M	L	L	I	I	L	UL	I	L	I	UL	I	I	I	I	I	I	I	I	I	I	I	I	I	I	I	I	I	UL	L	I	L	I	L	I	I	L		L	L	I	L	L	I	UL	I
USP9X	X	PI	I	I	I	I	PI	PI	I	I	PI	I				PI	I	I	PI	UL	UL	PI	I	I	I	I	PM	I					I	I	I	I	UL	I	I	UL	I	I	I	I	I	UL	UL	I	I	I	UL	I	PI	I	I	UL	PI	I	I	I	I	I	I	I	I	I	I	I	I	I	I	I	I	I			I	UL	PM	PI	I	I	PI	I	I	PI	I	I	I	I	I	UL	PI	I	UL	PI	PI				UL	I	PI	PI			PI		I	I	I	I	I	UL	UL	I	I	UL	I	I	I	I	UL	UL	UL	I	I	UL	I	I	I
UTP14A	X	I	I	I	L	I	I	I	I	I	I	PI	PI	PI	PI	I	I	I	I	I	PI	I	I	I	I	I	PI	PI	I	I	UL	I		PI	I	I	I	I	I	M	UL	I	I	M	I	I	I	I	I	I	I	I	I	I	I	I	I	I	I	I	I	I	I	I	I	I	I	I	I	UL	M	I	I	I	I	I	I		PI	I	I	I	PI	I	I	I	I	I	I	I	I	I	I	I	I	I		PI	I	I	I	I	I	I	I	I	I	I	I	I	I	I	I	UL	PI	I	I	I	I	I	I	I	L	UL	PI	I	I	I	I	I	PI
UXT	X	I	I	I	I	I	I	I	I	I	I	I	I	I	I	PI	I	I	I	I	PI	I	I	I	I	I	I	I	I	I	I	I	I	I	I	I	I	I	I	I	I	I	I	I	I	I	I	I	I	I	I	I	I	I	I	I	I	I	I	I	I	I	I	I	I	I	I	I	I	I	I	I	I	I	I	I	I	I	I	I	I	I	I	I	I	PI	I	I	I	I	I	I	I	I	I	I	I	I	I	I	I	I	I	I	I	I	I	I	I	I	I	I	I	I	I	I	I	I	I	I	I	I	I	L	I	I	I	I	I	I	I
VAMP7	X	I	I	I	PI	I	I	I	I	I	I	PI	I	UL	PI	PI	I	PI	PI	I	I	I	I	I	I	I	PI	I	I	I	I	I	PI	I	I	I	I	I	I	I	I	PI	I	I	I	PI	PI	I	I	I	I	I	I	I	I	PI	I	PI	I	I	I	I	M	I	I	I	I	I	I	I	PM	I	I	I	I	I	I	UL	I	I	I	I	I	I	L	PI	I	I	I	I	I	I	I	I	I	I	I	I	I	I	I	I	I	I	I	I	I	I	I	I	I	I	I	I	I	I	I	I	I	I	I	I	I	I	I	I	I	I	I	I	I
VBP1	X	I	I	I	I	I	I	I	I	I	I	I	I	I	I	PI	I	I	I	I	I	I	UL	I	I	I	I	I	I	I	I	I	UL	I	I	I	I	I	PI	I	I	I	I	I	I	I	I	I	I	I	I	I	I	I	I	I	I	I	PI	I	I	I	I	I	I	I	I	I	I	I	I	I	I	I	I		I	I	I	I	I	I	UL	I	I	I	I	I	I	I	I	I	PI	I	I	I	I	I	I	I	PI	I	I	I	I	I	I	I	I	I	I	I	I	I	L	I	I	I	I	PG	I	PI	I	I	I	I	I	I	I	I	I
VCX	X	I	I	I	I	I	I	I	I	I	I	UL	I	I	I	UL	I	UL	I	UL	UL	I	UL	UL	I	I	UL	I	I	I	UL	UL	I	UL	I	I	I	I	I	I	UL	I	I	I	I	UL	UL	I	I	I	I	PI	I	I	UL	I	UL	UL	UL	I	I	I	UL	I	I	I	I	I	UL	I	I	I	UL	UL	I	I	I	I	I	I	I	I	I	I	UL	UL	UL	I	I	I	UL	I	UL	I	UL	UL	I	I	I	UL	I	I	PI	I	UL	I	PI	I	UL	UL	I	I	UL	UL	UL	I	I	I	I	I	UL	I	I	I	I	UL	I	I	I	I	I
VCX2	X	I	I	I	I	I	I	I	I	I	I	I	I	I	I	PI	I	I	I	I	I	I	I	I	I	I	UL	UL	I	I	UL	UL	I	I	I	I	I	I	I	I	I	I	I	I	I	I	I	UL	I	I	UL	UL	I	I	I	I	I	I	I	I	I	I	I	I	I	I	I	I	I	I	I	I	I	UL	I	I	I	I	I	I	I	I	L	I	I	I	I	I	I	I	UL	I	L	I	UL	UL	UL	I	I	UL	I	I	PI	I	UL	I	PI	I	I	I	I	I	I	I	I	I	I	I	I	I	I	I	I	I	I	I	I	I	I	I	I
VCX3A	X	I	I	I	I	I	I	I	I	I	I	I	I	I	I	PI	I	I	I	I	I	I	I	I	I	I	UL	UL	I	I	UL	UL	I	I	I	I	I	I	I	I	I	I	I	I	I	I	I	I	I	I	I	PI	I	I	I	I	I	I	I	I	I	I	UL	I	I	I	I	I	I	I	I	I	I	UL	I	I	I	I	I	I	I	I	UL	I	UL	I	UL	I	I	I	UL	I	L	UL	UL	UL	I	I	I	UL	I	I	PI	I	I	I	I	I	I	I	I	I	UL	UL	I	I	I	I	I	I	I	I	I	I	I	I	I	I	I	I	I
VCX3B	X	I	I	I	I	I	I	I	I	I	I	I	I	I	UL	UL	I	UL	I	UL	I	I	I	I	I	I	UL	UL	I	I	UL	UL	I	UL	I	I	UL	I	I	I	I	I	I	I	I	I	I	I	I	I	I	UL	I	I	UL	I	UL	I	UL	I	I	UL	PI	I	I	I	I	I	UL	I	I	I	UL	I	I	I	I	I	I	I	I	I	UL	I	UL	UL	I	I	I	I	UL	I	UL	UL	UL	UL	UL	I	I	UL	I	I	PI	I	I	I	I	I	I	I	I	I	UL	UL	I	I	I	I	I	I	I	I	I	I	I	I	I	I	I	UL	I
VEGFD	X	I	I	I	I	I	I	PI	I	I	I	I	I	I	I	I	I	I	I	I	I	I	PI	I	I	I	PI	I	I	I	I	I		I	I	I	I	I	I	I	I	PI	I	I	I	I	I	I	I	I	I	I	I	I	I	I	I	I	I	I	I	I	I	I	I	I	I	I	I	I	I	I	I	UL	I	I	I	I	I	I	I	I	I	I	I	I	I	I	I	I	I	I	PI	I	I	I			PI	I	I	I	I		I	I	I	I	I	I	I	PI	I	I	I	I	I	I	UL	I	I	I	I	I	I	I	I	UL	I	I	I
VGLL1	X	I	I	I	I	I	I	I	I	I	I	I	I	I	I	I	I	I	I	I	I	I	I	I	I	I	I	I	I	I	I	I	I	PI	I	I	I	I	I	PI	I	I	I	I	I	I	I	I	I	I	I	I	I	I	PI	I	I	I	I	I	I	I	I	I	I	I	I	I	I	I	I	I	I	I	I	I	I	I	I	I	I	I	I	I	I	I	I	I	I	I	I	I	PI	I	I	I	I	I	I	I	I	I	I	I	I	I	I	I	I	I	I	I	I	I	I	I	I	I	I	I	I	I	I	I	I	I	I	L	I	I	I
VMA21	X	I	I	I	I	I	I	I	I	I	PI	I	I	PI	I	I	I	I	I	I	UL	PI	I	I	I	I	L	I	I	I	I	I	I	I	I	I	I	UL	I	I	I	I	PI	I	PI	I	I	I	I	I	I	I	I	I	I	I	I	I	I	I	I	I	I	I	I	I	I	I	I	I	L	I	I	I	I	I	I	I	I	I	I	I	PI	I	I	I	I	I	I	I	I	I	I	I	PI	I	I	I	I	I	I	I	I	I	I	I	I	I	I	I	I	I	I	I	PI	I	I	PI	I	I	I	I	PI	I	PI	I	I	I	I	I	I
VSIG1	X	I	I	I	I	I	I	I	I	I	I	I	I	I	I	I	I	I	I	I	I	I	I	I	I	I	I	I	I	I	I	I	I	I	I	I	I	I	I	I	I	I	I	I	I	I		I	I	I	I	I	I	I	I	I	I	I	I	I	I	I	I	I	I	I	I	I	I	I	I	I	I	I	PM	I	I		I	I	I	I	I	I	I	PI	I	I	I	I	I	I	I	I	I	I	I	I	I	I	I	I	I	I	I	I	I	I	I	I	I	I	I	I	I	I	I	I	I	I	I	I	I	I	PI	I	I	I	I	I	I
VSIG4	X	I	I	I	I	I	I	I	I	I	I	I	I	I	UL	I	I	I	I	L	I	PI	L	I	I	I	UL	I	I	M	I	I	I	I	I	I	I	I	I	I	M	I	I	I	I	UL	UL	I	I	I	I	I	I	I	UL	UL	I	I	I	I	L	I	I	I	I	I	I	I	I	I	PI	I	I	I	I	I	I		I	PI	I	I	I	I	L	L	L	L	I	I	I	I	I	I	I	I	I	I	I	I	I	I	PI	I	I	I	I	I	UL	UL	I	I	I	I	I	I	I	I	I	I	I	I	I	I	I	I	I	I	I	I	I
WAS	X	I	I	I	I	I	I	I	I	I	I	I	I	I	I	I	I	I	I	I	PI	I	UL	I	I	I	L	I	I	I	I	I	I	I	I	I	I	UL	I	UL	I	I	I	PI	I	I	I	I	I	I	UL	I	I	I	I	I	I	I	I	I	I	I	UL	I	I	I	I	I	I	UL	PG	I	I	I	I	I	I	I	I	PI	I	I	PI	I	I	PI	I	I	I	I	I	UL	I	I	I	I	I	I	I	I	I	I	I	I	I	I	I	I	UL	UL	UL	I	I	UL	PI	I	I	I	L	I	I	I	I	I	M	I	I	UL	I	I	I
WASH6P	X	UL	UL	UL	PI	I	PI	UL	UL	UL	UL	UL	UL	UL	UL	L	UL	L	PI	PM	L	M	UL	I	UL	UL	UL	UL	UL	L	PI	PI		L	UL	UL	UL	UL	L	UL	UL	PI	L	UL	PI	I	I	UL	I	I	L	PI	I	I	PI	UL	PI	UL	L	UL	UL	UL	L	UL	UL	UL	UL	UL	UL	I	UL	I	I	UL	L	I	I	PI	I	I	I	I	UL	I	I	I	I	I	I	I	UL	UL	UL	UL	UL	L	UL	UL	UL	UL	UL	UL	UL	UL	UL	UL	UL	UL	UL	UL	UL	I	UL	UL	L	UL	UL	PI	UL	UL	L	UL	L	UL	UL	I	M	UL	UL	UL	PI
WDR13	X	I	I	I	I	I	I	I	I	I	I	I	I	I	I	I	I	I	I	I	M	I	L	I	I	I	PI	I	I	I	I	I	I	I	I	I	I	I	I	L	I	I	I	I	I	I	I	I	I	L	I	I	I	I	I	I	I	I	I	I	I	I	I	I	I	I	I	I	I	UL	I	I	I	I	I	I	I	I	I	I	I	I	L	I	UL	PM	I	I	I	I	I	I	I	I	I	L	I	I	I	I	I	I	I	I	I	I		I	I	I	I	I	I	L	I	I	I	I	M	I	PI	I	I	UL	I	I	I	I	I	I	I
WDR44	X	I	I	I	I	I	I	I	I	I	I	I	I	I	I	I	I	I	I	I	PI	I	I	I	UL	I	PM	I	I	I	I	I	I	PM	I	I	I	I	I	UL	I	PI	I	I	I	I	I	I	I	I	I	I	I	I	I	I	I	I	I	I	I	I	I	I	I	I	I	I	I	I	I	I	I	I	I	I	I	PI	I	PI	I	I	PI	I	I	PI	UL	I	I	I	I	UL	PI	I	I	PM	I	I		I	I	I	I	PI	I	I	I	I	I	I	I	I	PI	I	PI	I	I	PI	I	I	I	I	I	I	I	I	I	UL	I	I	I
WDR45	X	I	I	I	I	I	I	I	I	I	I	I	I	I	I	I	I	I	I	I	L	I	M	I	I	I	I	I	I	I	I	I	I	I	I	I	I	UL	I	I	I	I	I	I	M	I	I	I	I	I	UL	I	I	I	I	I	I	I	I	I	I	I	I	I	I	I	I	I	I	I	I	I	I	I	PI	I	I	I	I	I	I	I	PI	I	I	L	I	I	I	I	I	I	I	I	I	I	I	PI	I	I	I	I	I	I	I	I	I	I	I	I	I	I	I	I	I	I	I	I	UL	I	I	I	I	I	PI	I	I	I	I	I	I
WNK3	X	I	I	L	I	I		PI	PI	PI	I	PI		L	PI	I	UL	I	I	I	PI	I	PI	I	I	I	PM	I	PI	PI				L	PI	I	PI	L	I	PI	I	PI	PI	I	UL	I			I	I	I	I	PI	I	UL		I	PI	PI	I	I	I	I	I	I	I	I	I	UL	I	UL	I	I	I		PI	I		I	I	PI	I	PI	I	I	PI	PI	I	I	I	I	UL	PI	I		PI			PI			I	PI	PI	PI				I	I	PI	I	I	I	UL	I	I	L	UL	I	PI	I		I	PI	I	I	UL	I	I	PI
WWC3	X	I	I	I	I	I	PM	PI	I	PI	I	I	I	I	PI	I	I	I	I	I	PM	I	I	I	I	I	PI	I	I	I	I	I	I	PI	I	I	I	I	UL	PI	I	PI	I	I	I	UL	PI	I	I	I	UL	PI	I	I	I	I	I	I	I	I	I	I	I	I	I	I	I	I	I	I	PI	I	I	PI		PI	I		PI	I	I	PM	PI	I	UL	L	I	I	I	I	I	I	I	I	I	UL	I	I	I	I	PM	I	PI	I	PM	I	I	I	I	UL	I	I	I	UL	I	I	UL	I	UL	I	I	I	I	UL	PI	I	I	I	I	UL	PI
XAGE1A	X	I	I	I	I	I	I	I	I	I	I	I	I	I	I	I	I	I	I	PI	I	I	UL	I	I	I	I	L	I	I	I	I	I	I	I	I	I	I	PI	I	PI	PI	UL	PI	PI	UL	L	I	I	I	PI	I	I	I	PI	I	PI	I	I	I	L	I	I	I	I	I	I	I	I	I	I	I	I	I	PI	I	UL	I	UL	PI	PI	UL	I	I	L	L	PI	PI	I	I	I	I	I	I	I	I	I	I	I	I	I	I	I	I	I	I	I	I	I	I	PI	L	I	I	I	I	I	I	I	I	I	I	I	I	I	I	I	I	I	I	PI
XAGE1B	X	I	I	I	I	I	I	I	I	I	I	I	I	I	I	I	I	I	I	PI	I	I	I	I	I	I	I	UL	I	I	I	I	I	I	I	I	I	I	UL	I	UL	PI	UL	UL	PI	UL	UL	I	I	I	UL	I	I	I	PI	I	UL	I	I	I	PI	I	I	I	I	I	I	I	I	I	I	I	I	I	PI	UL	UL	UL	UL	UL	UL	UL	I	I	UL	PI	I	UL	I	I	I	I	I	I	I	I	I	I	I	I	I	I	I	I	I	I	I	I	I	I	PI	UL	I	I	I	I	I	I	I	I	I	I	I	I	I	I	I	I	I	I	I
XAGE2	X	I	I	I	I	I	I	I	I	I	I	I	I	I	I	I	I	I	I	I	I	I	I	I	I	I	I	PI	I	I	I	I	I	I	I	I	I	I	I	I	I	I	I	I	I	I	PI	I	I	I	I	I	I	I	I	I	I	I	I	I	M	I	I	I	I	I	I	I	I	I	I	I	I	I	I	I	I	I	I	I	I	I	I	I	PI	PI	I	I	I	I	I	I	I	I	I	I	I	I	I	I	I	I	I	I	I	I	I	I	I	I	I	UL	I	I	I	I	I	I	I	I	I	I	I	I	I	I	I	I	I	I	I
XAGE3	X	I	I	I	I	I	I	I	I	I	I	I	I	I		I	I	I	I	I	I	I	I	I	I	I	I	I	I	I	I	I	I	I	I	I	I	I	I	I	I	I	I	I	I	I	PI	I	I	I	I	I	I	I	I	I	I	I	I	I	I	I	I	I	I	I	I	I	I	I	I	I	I	I	I	I	I	I	I	I	I	I	I	I	I	PI	I	I	I	I	I	I	I	I	I	I	I	I	I	I	I	I	I	I	I	I	I	I	I	I	I	UL	I	I	I	I	I	I	I	I	I	I	I	I	I	I	I	I	I	I	I
XAGE5	X	I	I	I	I	I	I	I	I	I	I	I	I	I	I	I	I	I	I	PI	I	I	I	I	I	I	I	UL	I	I	I	I	I	I	I	I	I	I	I	I	UL	I	UL	I	PI	I	UL	I	I	I	I	I	I	I	I	I	I	I	I	I	PM	I	I	I	I	I	I	I	I	I	I	I	I	I	I	I	PI	I	I	I	I	I	I	I	M	PI	I	I	I	I	I	I	I	I	I	I	I	I	I	I	I	I	I	I	I	I	I	I	I	I	I	UL	I	I	I	I	I	I	I	I	I	I		I	I	I	I	I	I	I	PI
XG	X	I	I	PI	I	I	PI	PI	PI	I	PI	PI	PI	PI	I	PI	UL	UL	PI	PI	UL	PI	I	I	I	I	PI	I	I	I	I	I	PI	PI	I	I	I	PI	I	PI	I	PI	I	I	UL	UL	I	PI	I	I	I	PI	L	UL	UL	PI	I	PI	PI	PI	I	I	I	I	I	I	I	I	I	I	PM	PI	PI	PI	PI	UL	UL	PI	I	UL	PI	I	I	I	UL	I	I	I	I	I	PI	I	PI	PI	PI	PI	PI	I	PI	PI	I	I	UL	PI	I	UL	I	I	I	I	I	PI	I	PI	PI	PI	I	UL	I	I	L	PI	PI	I	PI	I	I	PI	I	I	M
XIAP	X	I	I	PI	I	I	PI	PI	PI	PI	PI	I	I	I	PI	I	I	I	PI	I	PM	I	I	I	I	I	M	I	I	I	I	I	PI	PI	I	I	I	I	I	M	I	I	I	I	I	PM	I		I	I	I	PI	PI	I	I	M	I	PI	PI	UL	I	I	I	I	I	PI	I	I	I	I	I	I	PI	PI	I	I	UL	I	I	PI	I	I	M	I	I	PM	UL	PI	I	I	I	I		PI	I	I	PI	PI	PI	PI	I	I	PI		M	PI	PI	PI	I	I	I	I	I	I	M	I	I	PI	I	I	I	I		I	PI	I	UL	L	I	I	I
XK	X	I	I	PI	I	I	I	I	I	I	I	I	I	I	I	I	I	I	I	I	I	I	I	UL	I	I	I	I	I	I	I	I	I	I	I	I	I	I	I	I	I	I	I	I	I	PI	I	I	I	I	UL	I	I	I	I	I	L	I	I	PM	I	I	I	I	I	I	I	I	I	I	I	I	UL	M	I	I	I	I	I	I	I	PI	PI	I	I	PM	I	I	I	I	I	I	PI	I	I	UL	I	I	I	I	I	I	I	I	I	I	I	I	I	I	I	I	I	I	I	I	I	I	I	I	I	I	I	UL	I	I	I	I	I	I	I
XKRX	X	I	I	I	I	I	I	I	PI	I	I	I	I	I	I	I	I	I	I	I	I	I	I	I	I	I	M	I	I	I	I	I	I	I	I	I	I	I	I	I	I	I	I	I	PI	I	I	I	I	I	UL	I	I	I	I	I	L	I	I	I	I	I	I	I	UL	I	I	I	I	I	I	I	I	I	I	I	I		I	PI	I	PI	M	I	I	I	I	I	I	I	PI	I	I	I	I	I	I	I	I	I	I	I	I	I	I	I	I	I	I	I	I	I	I	I	I	I	I	I	L	I	I	I	I	I	I	I	I	I	I	I	I
XPNPEP2	X	I	I	I	I	I	I	I	I	I	I	I	I	I	I	UL	I	I	I	I	PI	I	I	I	I	I	PI	I	I	I	I	I	I	I	PI	PI	I	I	I	UL	I	PI	I	I	I	I	I	I	I	I	UL	I	PI	I	I	I	I	M	I	I	I	PI	I	I	I	I	I	I	I	I	PM	I	PI	UL	I	PI	I		I	PI	I	I	I	I	I	PI	I	I	I	I	I	I	I	I	I	L	I	I	I		I	I	I	I	I	I	I	I	I	I	I	I	I	UL	I	I	I	I	UL	I	I	I	I	I	PI	I	I	UL	I	I	I
YIPF6	X	I	I	I	I	I	I	I	I	I	I	I	I	I	I	I	I	I	I	I	I	I	I	PI	I	I	PM	I	I	I	I	I	I	I	I	I	I	I	I	I	I	I	I	I	I	PI	I	I	I	I	I	PI	M	I	I	I	I	I	I	I	I	I	I	I	I	I	I	I	I	I	I	I	I	I	PI	I	I	I	I	I	I	PI	PI	I	I	I	I	I	I	I	I	I	PI	I	I	I	I	PI	I	PM	I	I	I	I	I	I	I	I	I	I	I	PI	I	I	I	I	I	PM	I	I	I	I	PI	I	PI	I	I	I	I	I	I
YY2	X	I	I	I	I	I	I	I	I	I	I	I	I	I	I	I	I	I	I	I	L	I	PG	I	I	I	PG	I	I	I	I	I	I	I	I	I	I	I	I	PG	I	I	I	I	I	I	I	I	I	I	I	I	I	I	M	I	L	I	I	I	I	I	I	I	I	I	I	I	I	I	M	I	I	I	I	I	I	I	I	I	I	I	M	I	I	M	I	I	I	I	I	I	I	I	I	I	I	I	I	I	I	I	I	I	I	I	I	I	I	I	I	I	I	I	I	I	I	I	I	I	I	I	I	I	I	I	I	I	I	UL	I
ZBED1	X	I	I	I	I	I	I	I	I	I	I	I	I	I	PG	I	I	M	M	PG	I	I	I	I	I	I	PG	I	I	I	I	I	I	I	I	I	I	I	I	M	I	PG	I	I	I	I	I	I	I	I	L	M	I	I	I	I	I	I	I	UL	UL	I	I	I	I	I	I	I	I	I	I	I	I	I	I	I	I	PG	I	I	PG	I	M	I	UL	I	I	M	I	I	I	I	I	I	I	UL	I	I	I	I	I	I	I	I	I	I	I	I	I	I	I	I	I	UL	I	I	UL	PG	I	I	I	I	I	UL	I	I	I	I	I	UL	M
ZBTB33	X	I	I	I	I	I	I	I	I	I	I	I	I	I		I	I	I	I	I	I	I	I	I	I	I	M	I	I	I	I	I	I	I	I	I	I	I	I	I	I	I	I	I	I	I	I	I	I	I	I	I	I	I	I	I	I	I	I	I	I	I	I	I	I	I	I	I	I	I	I	I	I	M	M	I	I	I	I	I	I	I	I	I	I	I	I	I	I	I	I	I	I	I	I	I	I	I	I	I	I	I	I	I	I	I	I	I	I	I	I	I	I	I	I	I	I	I	I	I	I	I	I	L	I	I	I	UL	I	I	I
ZC3H12B	X	I	I	I	I	I	I	I	I		I	I	I	I	I	I	UL	I	I	I	PI	I	I	I	I	I	M	I	I	I	I	I	UL	PI	I	I	I	I	I	I	I	I	I	I	I	I	I	I	I	I	L	I	I	I	I		I	PI	UL	I	I	I	I	I	I	I	I	I	I	I	I	I	PI	I	I		I	PI	I	I	I	I	I	I	I	PI	I	I	I	I	I	I		I	I	I			I	I	I	I	I		I	I	I	I	I	I	I	I	I	I	I	I	I	I	I	I	I	I		I	I	I	I	UL	I	I	I
ZC4H2	X	I	I	I	I	I	I	I	I	I	I	I	I	I	I	I	UL	I	I	I	I	I	I	I	I	I	PM	I	I	I	I	I	I	I	I	I	I	I	I	I	I	I	I	I	I	I	I	I	I	I	UL	I	I	I	I	I	I	I	I	I	I	I	I	I	I	I	I	I	I	I	I	I	I	I	I	I	I	I	I	I	I	I	I	I	I	PI	I	I	I	I	I	I	PI	I	I	UL	I	I	I	I	I	I	PI	I	I	I	I	I	I	I	I	I	I	I	I	L	I	I	I	I	I	I	I	I	PI	I	I	I	I	I	I
ZCCHC12	X	I	I	I	I	I	I	I	I	I	I	I	I	I		I	I	I	I	I	L	I	I	I	I	I	I	I	I	I	I	I	I	I	I	I	I	I	I	I	I	I	I	I	I	I	I	I	I	I	I	I	I	I	I	I	I	I	I	I	I	I	I	I	I	I	I	I	I	I	UL	I	I	I	I	I	I	I	I	I	I	I	M	I	I	M	I	I	I	I	I	I	I	I	I	I	I	I	I	I	I	I	I	I	I	I	I	I	I	I	I	I	I	I	I	I	I	I	I	I	I	I		I	UL	I	I	UL	I	I	I
ZCCHC13	X	UL	UL	UL	UL	UL	UL	UL	UL	UL	UL	UL	UL	UL		UL	UL	UL	UL	L	UL	UL	PG	UL	UL	UL	UL	UL	UL	UL	L	L	UL	UL	UL	UL	UL	UL	UL	UL	UL	UL	UL	UL	UL	UL	UL	UL	I	I	UL	UL	UL	UL	UL	UL	UL	UL	UL	UL	UL	UL	UL	UL	UL	UL	UL	UL	UL	UL	UL	UL	UL	UL	UL	UL	UL	UL	UL	UL	UL	UL	M	UL	UL	PG	UL	UL	I	I	UL	UL	UL	UL	UL	UL	UL	UL	UL	UL	UL	UL	UL	UL	UL	UL	UL	UL	UL	UL	UL	UL	UL	UL	UL	UL	UL	UL	UL	UL	UL	UL	UL	UL	UL	UL	UL	UL	UL	UL	UL
ZCCHC18	X	I	L	I	I	I	I	I	I	I	UL	I	I	I	I	I	I	I	I	I	M	I	I	I	I	I	I	I	I	I	I	I	I	I	I	I	I	I	I	I	I	I	I	I	I	I	I	I	I	I	I	I	I	I	I	I	I	I	I	I	I	I	UL	UL	L	UL	UL	UL	I	UL	UL	UL	I	UL	I	I	I	I	I	I	I	I	L	I	I	M	I	I	L	L	L	L	I	I	I	I	I	I	I	I	I	I	I	I	I	I	I	I	I	I	I	I	I	I	I	I	I	I	I	I	I	I	I	I	M	I	L	UL	I	I	I
ZDHHC15	X	I	I	I	I	I			I		I	I	I		I	I	I	I	I	I	PI	I	I	I	I	I	PM	I	I	I	I	I	I		I	I	I	I	I	PI	I	I	I	I	I	PI	PI		I	I	I	M	UL	I	I	I	I	PI	PI	I	L	I	I	I	I	I	I	I	I	I	I	I	I	I	PI	I	I	PI	PI	PI	I	I	PI	I	I	PM	L	PI	I	I	UL	I	M	I	I	I	I	I	I	I	I	I	I	I	I	I	I	I	I	I	I	I	I	UL	UL	I	PI	I	UL	I	I	I	I	I	PI	I	I	UL	I	I	PI
ZDHHC9	X	I	I	I	I	I	I		I	I	PI	I	I	UL	PI	I	I	I	I	I	PI	I	I	I	I	I	PI	I	I	I	PI	I	UL	I	I	I	I	I	I	PI	I	PI	M	I	I	I	PI	I	I	I	UL	I	I	I	I	PI	I	I	I	I	I	I	I	I	I	I	I	I	I	I	PM	I	I	I	PI	PI	I	PI	I	PI	I	I	PI	I	I	PI	I	I	I	I	I	I	I	PI	PI	I	I	UL	PI	I	I	I	I	I	I	I	I	UL	I	I	I	I	PI	I	PI	I	I	PI	I	I	I	I		PI	UL	I	I	I	I	I	I
ZFP92	X	I	I	I	I	I	I	I	I	I	I	I	I	I	I	I	I	I	I	M	M	I	UL	I	I	I	I	I	I	I	I	I		I	I	I	M	UL	I	I	I	I	I	M	I	I	I	I	I	I	L	I	I	I	I	I	I	I	I	I	I	I	L	I	I	I	I	I	I	I	I	I	I	I	I	UL	UL	UL	I	I	L	L	M	I	L	I	I	I	I	I	I	PG	I	I	I	UL	I	I	I	I	I	I	I	I	I	I	I	I	I	I	I	I	I	UL	I	I	L	I	I	PG	I	I	I	UL	I	I	I	I	I	L	I
ZFX	X	I	I	I	I	I	PI	I	I	I	I	I	I	PI	PI	I	I	I	I	I	PI	L	I	I	I	I	PI	I	I	I	PI	PI	I	PI	I	I	I	I	UL	PI	I	I	I	I	I	PI	PI	I	I	I	UL	I	I	I	I	I	I	I	I	I	I	I	I	I	I	I	I	I	I	I	I	I	I	I	I	I	I	PI	I	I	I	I	I	I	I	PI	I	I	I	I	I	I	I	I	I	PI	PI	PI	I	PI	PI	I	I	I	PI	PI	I	I	I	I	I	I	PI	I	PI	I	UL	I	UL	I	I	I	PI	I	PI	I	I	UL	I	I	I
ZIC3	X	I	I	I	I	I	I	I	I	I	I	I	I	I	I	I	I	PI	I	M	M	I	I	I	I	I	PM	I	I	I	I	I	I	I	I	I	I	I	I	PG	I	I	I	I	I	I	I	I	I	I	I	I	I	I	I	I	I	I	I	I	I	I	I	I	I	I	I	I	I	UL	I	I	M	I	I	I	I	I	I	I	I	I	M	I	I	I	I	I	I	I	I	I	I	I	I	L	I	I	I	I	I	I	I	I	I	I	I	I	I	I	I	I	I	I	I	I	I	I	UL	I	I	I	I	I	I	I	I	UL	I	UL	I
ZMAT1	X	I	I	PI	I	I	PI	PI	I	PI	PI	I	I	PI	PI	I	UL	I	PI	I	PI	I	I	I	I	I	L	I	PI	PI	I	PI	PI	PI	I	I	I	L	I	PI	I	I	I	I	I	I	PI	PI	I	I	I	I	I	I	I	PI	L	I	I	I	I	I	I	I	I	I	I	I	I	I	I	I	I	I	I	I	I	PI	I	PI	I	PI	UL	I	I	L	I	I	I	I	I	I	I	I	I	I	PI	PI	PI	I	PI	I	I	PI	PI	PI	PI	PI	I	I	I	I	PI	I	I	I	L	PI	L	I	I	I	PI	I	L	I	I	I	I	I	I
ZMYM3	X	PI	I	I	I	I	I	I	I	I	I	I	I	I	I	I	I	I	I	PI	UL	I	I	I	I	I	PI	I	I	I	I	I	I	I	I	I	I	UL	I	UL	I	I	I	I	PI	UL	I	I	I	I	L	I	I	I	PI	I	I	PI	I	I	I	I	I	I	I	I	I	I	I	I	I	I	I	UL	I	I	I	I	I	I	I	I	PI	I	I	PI	I	I	I	I	I	UL	I	UL	I	I	I	I	I	I	I	I	I	I		I	I	I	I	I	I	I	I	UL	PI	I	I	PI	UL	I	I	I	I	I	PI	I	I	UL	I	UL	I
ZNF157	X	I	I	I	I	I	I	I	I	I	I	I	I	I	I	I	I	I	I	I	I	I	L	I	I	I	I	I	I	I	I	I	I	I	I	I	I	I	I	I	I	I	I	I	I	I	I	I	I	I	I	I	I	I	I	I	I	I	I	I	UL	I	I	I	I	I	I	I	I	I	I	I	I	I	I	I	I	I	I	I	I	I	PI	I	I	I	I	I	I	I	I	I	I	I	I	I	I	I	I	I	I	I	I	I	I	I	I	I	I	I	I	I	I	I	I	I	I	I	I	I	I	I	I	I	I	I	I	I	I	I	I
ZNF182	X	I	I	I	I	I	I	I	I	I	I	I	I	I	I	I	I	I	I	I	PI	I	I	I	L	I	PI	I	I	I	I	I	I	I	I	I	I	I	I	I	L	UL	M	L	UL	I	I	I	I	I	L	I	I	I	I	I	I	I	I	I	I	I	I	I	I	I	I	I	I	I	I	I	I	UL	I	PI	I	I	I	I	I	PI	I	I	I	I	I	I	I	I	I	I	I	I	I	I	I	I	I	I	UL	I	I	I	I	UL	I	I	I	I	I	I	I	I	I	I	I	I	I	I	I	I	I	I	UL	I	I	I	I	I	I
ZNF185	X	I	I	I	I	I	I	I	I	I	I	I	I	I	I	I	I	I	I	I	I	I	I	I	I	I	PI	I	I	I	I	I	I	I	I	PI	I	PI	PI	I	I	I	I	I	PI	UL	UL	I	I	I	I	I	I	I	PI	I	PI	PI	I	I	I	I	I	I	I	I	I	I	I	I	PI	I	I	I	UL	UL	I	I	I	I	PI	UL	I	I	I	I	I	I	I	I	I	I	PI	PI	I	I	I	I	I	I	I	I	I	I	I	I	I	I	I	I	I	I	I	I	I	I	I	I	UL	I	I	I	I	I	PI	I	I	UL	I	I	PI
ZNF275	X	I	I	I	I	I	I	I	I	I	I	I	I	I	I	I	I	I	I	I	I	I	I	I	I	I	PM	I	I	I	I	I	I	I	I	I	I	I	I	I	I	I	I	I	I	I	I	I	I	I	UL	I	I	I	I	I	I	I	I	I	I	I	I	I	I	I	I	I	I	I	I	I	I	M	I	I	I	I	I	I	I	I	I	I	UL	I	I	I	I	I	I	I	I	I	I	I	I	I	I	I	I	I	I	I	I	I	I	I	I	I	I	I	I	UL	I	I	UL	I	I	PG	I	I	I	L	I	I	I	I	I	I	I
ZNF280C	X	I	I	I	I	I	PI	PI	I	I	PI	I	I	I	I	I	I	I	I	I	PI	I	I	I	I	I	UL	I	I	I	I	I	I	I	I	I	I	I	I	I	I	PI	I	I	PI	I	PI	I	I	I	I	I	I	I	I	I	I	I	I	I	I	I	I	I	I	I	I	I	I	I	I	I	I	I	PI	I	I	I	PI	PI	I	I	I	I	I	PI	I	I	I	I	I	I	I	I	I	UL	I	I	I	PI	I	I	PI	I	I	I	PI	I	I	I	I	I	I	I	I	I	I	PI	I	I	I	I		I	PI	I	I	I	I	I	I
ZNF41	X	I	I	I	I	I	I	I	I	I	PI	I	I	I	I	I	I	I	I	I	I	I	I	I	I	I	I	I	PI	PI	PI	PI	I	I	I	I	I	I	I	I	I	UL	I	I	PI	PI	UL	I	I	I	UL	I	I	I	I	PI	I	I	I	I	I	I	I	I	I	I	I	I	I	I	I	I	I	I	I	I	I	I	I	PI	I	I	I	I	I	I	L	I	I	M	I	I	PI	I	I	I	I	I	I	I	I	I	I	I	I	I	I	I	I	I	I	I	I	I	I	I	I	I	I	I	I	I	PI	I	UL	I	I	I	I	I	UL
ZNF449	X	I	I	I	I	I	I	I	I	I	I	I	I	I	I	I	I	I	I	I	PI	I	I	I	I	I	L	I	I	I	I	I	I	I	I	I	I	I	I	L	PI	I	I	I	I	I	PI	I	I	I	UL	I	I	I	I	I	L	I	I	I	I	I	I	I	I	I	I	I	I	I	I	I	I	I	I	PI	UL	PI	PI	PI	PI	PI	I	I	I	PI	I	I	I	I	I	I	I	I	I	I	I	I	I	I	I	I	I	I	I	I	I	I	I	UL	I	I	I	I	PI	I	I	I	I	I	I	I	I	I	PI	I	I	I	I	I	I
ZNF630	X	I	I	I	L	UL	UL	UL	UL	L	L	I	L	I	L	I	L	L	UL	I	UL	I	I	I	UL	I	I	I	UL	UL	L	L	UL	UL	I	I	I	I	I	I	I	I	I	I	I	I	UL	I	I	I	L	UL	I	UL	I	UL	I	L	L	I	UL	I	I	I	I	I	I	I	I	I	I	I	I	I	UL	UL	I	UL	UL	UL	UL	UL	I	I	L	UL	L	I	I	UL	I	I	I	I	L	UL	UL	UL	UL	UL	I	I	UL	L	I	UL	UL	UL	L	UL	I	I	I	I	I	I	I	I	L	I	I	UL	L	UL	I	UL	I	I	I	I	I
ZNF674	X	UL	I	I	I	I	M	M	I	M	M	M	M	M	M	PI	I	PI	PI	I	I	I	L	I	I	I	I	I	UL	I	I	UL	UL	M	I	I	I	I	PI	I	UL	PI	L	UL	PI	L	M	L	I	I	I	PI	I	I	I	UL	I	PI	PI	I	L	I	I	I	I	I	I	I	I	I	I	I	I	I	I	I	I	PI	I	I	PI	I	I	I	L	L	L	I	I	I	I	I	PI	I	M	I	M	L	M	L	M	I	PI	UL	PI	L	UL	L	I	UL	PI	PI	I	UL	I	I	I	I	I	I	I	I	PI	I	I	I	I	I	I	I	I
ZNF711	X	I	I	I	I	I	I	I	I	I	I	I	I	I	I	I	I	I	I	I	UL	I	I	I	I	I	PM	I	I	I	I	I	I	I	I	I	I	I	I	I	I	I	I	I	I	I	I	I	I	I	I	I	I	I	I	I	PG	I	I	I	I	I	I	I	I	I	I	I	I	I	I	I	I	I	I	I	I		I	I	I	I	I	I	I	PM	I	I	I	I	I	I	I	I	I	I	I	I	I	I	I	I	I	I	I	I	I	I	I	I	I	PI	I	I	I	I	I	I	I	I	I	I	I	I	I	I	I	I	I	I	I
ZNF75D	X	I	I	I	I	I	I	I	I	I	I	I	I	I	I	I	I	I	I	I	I	I	I	I	I	I	PI	I	I	I	I	I	I	I	I	I	I	I	I	I	I	I	I	I	I	I	I	I	I	I	I	I	I	I	I	I	I	I	I	I	I	I	I	I	I	I	I	I	I	I	I	I	I	I	PI	L	I	PI	PI	I	I	I	I	I	I	PI	I	I	I	I	I	I	I	I	I	I	I	I	I	I	I	I	I	I	I	I	I	I	I	I	I	I	I	I	I	I	I	I	I	I	I	I	PI	I	I	I	I	I	I	I	I
ZNF81	X	I	I	I	I	I	I	I	I	I	I	I	I	I	I	I	I	I	PI	I	UL	I	I	I	I	I	PM	I	I	I	I	I	I	I	I	I	I	I	I	I	I	I	I	I	I	I	I	PI	I	I	I	PI	I	I	I	I	I	I	I	I	I	I	I	I	I	I	I	I	I	I	I	I	I	I	I	PI	I	I	I	PI	I	I	I	I	I	PM	I	I	I	I	I	I	I	I	I	I	I	I	I	I	I	I	I	I	UL	I	I	I	I	I	I	I	PI	I	UL	I	I	I	I	I	I	I	I	I	I	I	I	I	I	I	PI
ZRSR2	X	I	I	I	I	I	I	I	I	I	I	I	I	I	I	I	I	I	I	I	PI	I	PI	I	I	I	PI	I	I	I	I	I		UL	I	I	PI	I	I	I	I	UL	I	I	I	I		I	I	I	UL	I	I	I	PI	I	I	M	M	I	I	I	I	I	I	I	I	I	I	I	I	I	PI	I	PI	I	I		PI	I	I	I	PI	I	I	PI	I	I	I	I	I	I	PI	I	I	I	I	I		I	PI	I	I	I	I	I	I	I	I	I	I	I	I	UL	UL	I	UL	I	I	I	UL	UL	PI	UL	PI	I	I	I	I	UL	I
ZXDA	X	M	I	M	UL	I	I	I	M	I	I	I	I	I	I	I	I	I	I	M	PG	I	UL	I	I	I	PG	I	I	I	I	I	I	I	I	I	UL	L	M	M	I	I	I	M	I	I	M	M	I	I	I	M	I	I	I	M	I	I	I	I	I	I	M	I	I	I	I	I	I	I	I	I	I	M	I	I	I	I	I	I	I	I	M	I	I	PG	I	I	I	I	L	L	M	I	I	UL	I	I	I	I	I	UL	I	I	I	I	I	I	I	L	I	I	I	L	I	I	I	I	I	I	I	M	PG	PG	M	I	I	I	I	I	I
ZXDB	X	M	I	M	UL	I	I	I	M	I	I	I	I	I	I	I	I	I	I	M	PG	I	UL	I	I	I	PG	I	I	I	I	I		I	I	I	UL	L	M	M	I	I	I	M	I	I	M	M	I	I	I	M	I	I	I	M	I	I	I	I	I	I	M	I	I	I	I	I	I	I	I	I	I	M	M	I	I	L	I	L	I	I	M	I	I	PG	I	I	I	I	L	L	M	I	I	UL	I	I	I	I	I	UL	I	I	I	I	I	I	I	L	I	I	I	L	I	I	I	I	I	I	I	M	PG	L	M	I	I	I	I	I	I
