gene	toga:_tested	mao:_tested	human:_tested
A1BG	1	0	1
A1CF	1	0	1
A2M	1	0	1
A2ML1	1	0	1
A3GALT2	1	0	1
A4GALT	1	0	1
A4GNT	1	0	1
AAAS	1	0	1
AACS	1	0	1
AADAC	1	0	1
AADACL2	1	0	1
AADACL2-AS1	0	1	0
AADACL3	1	0	1
AADACL4	1	0	1
AADAT	1	0	1
AAGAB	1	0	1
AAK1	1	0	1
AAMDC	1	1	1
AAMP	1	0	1
AANAT	1	0	1
AAR2	1	0	1
AARD	1	0	1
AARS1	1	0	1
AARS2	1	0	1
AARSD1	1	0	1
AASDH	1	0	1
AASDHPPT	1	0	1
AASS	1	0	1
AATF	1	0	1
AATK	1	0	1
ABAT	1	0	1
ABCA1	1	0	1
ABCA10	1	1	1
ABCA12	1	0	1
ABCA13	1	1	1
ABCA17P	0	1	0
ABCA2	1	0	1
ABCA3	1	0	1
ABCA4	1	0	1
ABCA5	1	0	1
ABCA6	1	0	1
ABCA7	1	0	1
ABCA8	1	0	1
ABCA9	1	1	1
ABCB1	1	0	1
ABCB10	1	0	1
ABCB11	1	0	1
ABCB4	1	0	1
ABCB5	1	1	1
ABCB6	1	0	1
ABCB7	1	0	1
ABCB8	1	0	1
ABCB9	1	0	1
ABCC1	1	0	1
ABCC10	1	0	1
ABCC11	1	0	1
ABCC12	1	1	1
ABCC13	0	1	0
ABCC2	1	0	1
ABCC3	1	0	1
ABCC4	1	0	1
ABCC5	1	0	1
ABCC6	1	0	1
ABCC8	1	0	1
ABCC9	1	0	1
ABCD1	1	0	1
ABCD2	1	0	1
ABCD3	1	0	1
ABCD4	1	0	1
ABCE1	1	0	1
ABCF1	1	0	1
ABCF2	1	0	1
ABCF2-H2BK1	0	0	1
ABCF3	1	0	1
ABCG1	1	1	1
ABCG2	1	0	1
ABCG4	1	0	1
ABCG5	1	0	1
ABCG8	1	0	1
ABHD1	1	0	1
ABHD10	1	0	1
ABHD11	1	0	1
ABHD12	1	0	1
ABHD12B	1	0	1
ABHD13	1	0	1
ABHD14A	1	0	1
ABHD14B	1	0	1
ABHD15	1	0	1
ABHD16A	1	0	1
ABHD16B	1	1	1
ABHD17A	1	0	1
ABHD17B	1	0	1
ABHD17C	1	0	1
ABHD18	1	0	1
ABHD2	1	0	1
ABHD3	1	0	1
ABHD4	1	0	1
ABHD5	1	0	1
ABHD6	1	0	1
ABHD8	1	0	1
ABI1	1	1	1
ABI2	1	0	1
ABI3	1	0	1
ABI3BP	1	0	1
ABITRAM	1	0	1
ABL1	1	0	1
ABL2	1	0	1
ABLIM1	1	0	1
ABLIM2	1	0	1
ABLIM3	1	0	1
ABO	1	0	1
ABR	1	0	1
ABRA	1	0	1
ABRACL	1	0	1
ABRAXAS1	1	1	1
ABRAXAS2	1	0	1
ABT1	1	0	1
ABTB1	1	0	1
ABTB2	1	0	1
ABTB3	1	0	1
AC000124	0	1	0
AC000372	0	1	0
AC002069	0	1	0
AC002072	0	1	0
AC002074	0	1	0
AC002351	0	1	0
AC002383	0	1	0
AC002386	0	1	0
AC002428	0	1	0
AC002451	0	1	0
AC002486	0	1	0
AC002511	0	1	0
AC003009	0	1	0
AC003092	0	1	0
AC003109	0	1	0
AC003973	0	1	0
AC003991	0	1	0
AC004014	0	1	0
AC004063	0	1	0
AC004112	0	1	0
AC004160	0	1	0
AC004448	0	1	0
AC004485	0	1	0
AC004552	0	1	0
AC004674	0	1	0
AC004696	0	1	0
AC004801	0	1	0
AC004816	0	1	0
AC004832	0	1	0
AC004834	0	1	0
AC004835	0	1	0
AC004870	0	1	0
AC004879	0	1	0
AC004890	0	1	0
AC004899	0	1	0
AC004911	0	1	0
AC004921	0	1	0
AC004949	0	1	0
AC004973	0	1	0
AC005002	0	1	0
AC005008	0	1	0
AC005034	0	1	0
AC005041	0	1	0
AC005042	0	1	0
AC005050	0	1	0
AC005062	0	1	0
AC005156	0	1	0
AC005252	0	1	0
AC005303	0	1	0
AC005323	0	1	0
AC005345	0	1	0
AC005357	0	1	0
AC005381	0	1	0
AC005476	0	1	0
AC005532	0	1	0
AC005537	0	1	0
AC005580	0	1	0
AC005622	0	1	0
AC005670	0	1	0
AC005699	0	1	0
AC005703	0	1	0
AC005740	0	1	0
AC005808	0	1	0
AC005865	0	1	0
AC005906	0	1	0
AC005909	0	1	0
AC006001	0	1	0
AC006026	0	1	0
AC006033	0	1	0
AC006041	0	1	0
AC006065	0	1	0
AC006076	0	1	0
AC006115	0	1	0
AC006144	0	1	0
AC006148	0	1	0
AC006197	0	1	0
AC006199	0	1	0
AC006206	0	1	0
AC006210	0	1	0
AC006299	0	1	0
AC006305	0	1	0
AC006369	0	1	0
AC006372	0	1	0
AC006441	0	1	0
AC006445	0	1	0
AC006459	0	1	0
AC006478	0	1	0
AC006504	0	1	0
AC006525	0	1	0
AC006965	0	1	0
AC006971	0	1	0
AC007064	0	1	0
AC007099	0	1	0
AC007128	0	1	0
AC007179	0	1	0
AC007207	0	1	0
AC007218	0	1	0
AC007224	0	1	0
AC007277	0	1	0
AC007317	0	1	0
AC007318	0	1	0
AC007342	0	1	0
AC007370	0	1	0
AC007381	0	1	0
AC007389	0	1	0
AC007402	0	1	0
AC007405	0	1	0
AC007483	0	1	0
AC007493	0	1	0
AC007513	0	1	0
AC007546	0	1	0
AC007547	0	1	0
AC007563	0	1	0
AC007603	0	1	0
AC007611	0	1	0
AC007688	0	1	0
AC007690	0	1	0
AC007786	0	1	0
AC007834	0	1	0
AC007846	0	1	0
AC007880	0	1	0
AC007922	0	1	0
AC007966	0	1	0
AC007993	0	1	0
AC008012	0	1	0
AC008069	0	1	0
AC008134	0	1	0
AC008163	0	1	0
AC008269	0	1	0
AC008278	0	1	0
AC008394	0	1	0
AC008462	0	1	0
AC008467	0	1	0
AC008496	0	1	0
AC008505	0	1	0
AC008507	0	1	0
AC008514	0	1	0
AC008517	0	1	0
AC008549	0	1	0
AC008550	0	1	0
AC008555	0	1	0
AC008562	0	1	0
AC008565	0	1	0
AC008568	0	1	0
AC008572	0	1	0
AC008629	0	1	0
AC008663	0	1	0
AC008691	0	1	0
AC008694	0	1	0
AC008696	0	1	0
AC008700	0	1	0
AC008794	0	1	0
AC008802	0	1	0
AC008834	0	1	0
AC008840	0	1	0
AC008883	0	1	0
AC008945	0	1	0
AC009117	0	1	0
AC009154	0	1	0
AC009158	0	1	0
AC009171	0	1	0
AC009220	0	1	0
AC009229	0	1	0
AC009236	0	1	0
AC009248	0	1	0
AC009262	0	1	0
AC009263	0	1	0
AC009264	0	1	0
AC009275	0	1	0
AC009299	0	1	0
AC009302	0	1	0
AC009303	0	1	0
AC009315	0	1	0
AC009387	0	1	0
AC009446	0	1	0
AC009478	0	1	0
AC009518	0	1	0
AC009533	0	1	0
AC009597	0	1	0
AC009646	0	1	0
AC009779	0	1	0
AC009784	0	1	0
AC009961	0	1	0
AC009971	0	1	0
AC010092	0	1	0
AC010105	0	1	0
AC010139	0	1	0
AC010148	0	1	0
AC010183	0	1	0
AC010198	0	1	0
AC010203	0	1	0
AC010255	0	1	0
AC010266	0	1	0
AC010297	0	1	0
AC010343	0	1	0
AC010350	0	1	0
AC010385	0	1	0
AC010387	0	1	0
AC010476	0	1	0
AC010501	0	1	0
AC010528	0	1	0
AC010531	0	1	0
AC010547	0	1	0
AC010615	0	1	0
AC010636	0	1	0
AC010768	0	1	0
AC010884	0	1	0
AC010904	0	1	0
AC010928	0	1	0
AC010983	0	1	0
AC011005	0	1	0
AC011029	0	1	0
AC011124	0	1	0
AC011131	0	1	0
AC011139	0	1	0
AC011287	0	1	0
AC011306	0	1	0
AC011346	0	1	0
AC011396	0	1	0
AC011411	0	1	0
AC011458	0	1	0
AC011474	0	1	0
AC011503	0	1	0
AC011505	0	1	0
AC011586	0	1	0
AC011611	0	1	0
AC011773	0	1	0
AC011978	0	1	0
AC011995	0	1	0
AC012060	0	1	0
AC012063	0	1	0
AC012065	0	1	0
AC012085	0	1	0
AC012103	0	1	0
AC012146	0	1	0
AC012157	0	1	0
AC012236	0	1	0
AC012339	0	1	0
AC012349	0	1	0
AC012363	0	1	0
AC012368	0	1	0
AC012400	0	1	0
AC012405	0	1	0
AC012442	0	1	0
AC012462	0	1	0
AC012468	0	1	0
AC012493	0	1	0
AC012494	0	1	0
AC012533	0	1	0
AC012572	0	1	0
AC012574	0	1	0
AC012593	0	1	0
AC012629	0	1	0
AC012668	0	1	0
AC013262	0	1	0
AC013265	0	1	0
AC013268	0	1	0
AC013287	0	1	0
AC013391	0	1	0
AC013436	0	1	0
AC013452	0	1	0
AC013467	0	1	0
AC013470	0	1	0
AC013474	0	1	0
AC013652	0	1	0
AC013733	0	1	0
AC015522	0	1	0
AC015574	0	1	0
AC015631	0	1	0
AC015660	0	1	0
AC015712	0	1	0
AC015726	0	1	0
AC015818	0	1	0
AC015911	0	1	0
AC015917	0	1	0
AC015977	0	1	0
AC015983	0	1	0
AC016074	0	1	0
AC016134	0	1	0
AC016168	0	1	0
AC016383	0	1	0
AC016546	0	1	0
AC016550	0	1	0
AC016559	0	1	0
AC016651	0	1	0
AC016687	0	1	0
AC016700	0	1	0
AC016710	0	1	0
AC016739	0	1	0
AC016816	0	1	0
AC016831	0	1	0
AC016876	0	1	0
AC016903	0	1	0
AC016907	0	1	0
AC017002	0	1	0
AC017007	0	1	0
AC017013	0	1	0
AC017037	0	1	0
AC017091	0	1	0
AC017099	0	1	0
AC017104	0	1	0
AC018359	0	1	0
AC018464	0	1	0
AC018523	0	1	0
AC018554	0	1	0
AC018558	0	1	0
AC018659	0	1	0
AC018678	0	1	0
AC018680	0	1	0
AC018695	0	1	0
AC018714	0	1	0
AC018755	0	1	0
AC018767	0	1	0
AC018781	0	1	0
AC018845	0	1	0
AC018846	0	1	0
AC018866	0	1	0
AC018880	0	1	0
AC018978	0	1	0
AC019068	0	1	0
AC019077	0	1	0
AC019131	0	1	0
AC019155	0	1	0
AC019178	0	1	0
AC019209	0	1	0
AC019211	0	1	0
AC020584	0	1	0
AC020637	0	1	0
AC020687	0	1	0
AC020688	0	1	0
AC020743	0	1	0
AC020899	0	1	0
AC020912	0	1	0
AC021059	0	1	0
AC021066	0	1	0
AC021074	0	1	0
AC021086	0	1	0
AC021106	0	1	0
AC021134	0	1	0
AC021146	0	1	0
AC021205	0	1	0
AC021231	0	1	0
AC021242	0	1	0
AC021351	0	1	0
AC021504	0	1	0
AC021594	0	1	0
AC021613	0	1	0
AC021683	0	1	0
AC021713	0	1	0
AC021723	0	1	0
AC021752	0	1	0
AC021818	0	1	0
AC021860	0	1	0
AC022034	0	1	0
AC022081	0	1	0
AC022100	0	1	0
AC022101	0	1	0
AC022126	0	1	0
AC022140	0	1	0
AC022145	0	1	0
AC022146	0	1	0
AC022166	0	1	0
AC022182	0	1	0
AC022217	0	1	0
AC022274	0	1	0
AC022308	0	1	0
AC022325	0	1	0
AC022433	0	1	0
AC022483	0	1	0
AC022511	0	1	0
AC022523	0	1	0
AC022535	0	1	0
AC022559	0	1	0
AC022655	0	1	0
AC022709	0	1	0
AC022730	0	1	0
AC022784	0	1	0
AC022816	0	1	0
AC022968	0	1	0
AC023034	0	1	0
AC023232	0	1	0
AC023245	0	1	0
AC023282	0	1	0
AC023480	0	1	0
AC023503	0	1	0
AC023511	0	1	0
AC023512	0	1	0
AC023632	0	1	0
AC023787	0	1	0
AC023796	0	1	0
AC023906	0	1	0
AC023932	0	1	0
AC023934	0	1	0
AC023968	0	1	0
AC024022	0	1	0
AC024257	0	1	0
AC024270	0	1	0
AC024337	0	1	0
AC024341	0	1	0
AC024475	0	1	0
AC024581	0	1	0
AC024589	0	1	0
AC024597	0	1	0
AC024651	0	1	0
AC024681	0	1	0
AC024901	0	1	0
AC024937	0	1	0
AC024940	0	1	0
AC025034	0	1	0
AC025040	0	1	0
AC025161	0	1	0
AC025164	0	1	0
AC025171	0	1	0
AC025253	0	1	0
AC025254	0	1	0
AC025270	0	1	0
AC025366	0	1	0
AC025428	0	1	0
AC025437	0	1	0
AC025445	0	1	0
AC025459	0	1	0
AC025524	0	1	0
AC025566	0	1	0
AC025575	0	1	0
AC025839	0	1	0
AC025857	0	1	0
AC025881	0	1	0
AC026191	0	1	0
AC026320	0	1	0
AC026333	0	1	0
AC026336	0	1	0
AC026341	0	1	0
AC026353	0	1	0
AC026355	0	1	0
AC026371	0	1	0
AC026391	0	1	0
AC026403	0	1	0
AC026444	0	1	0
AC026470	0	1	0
AC026523	0	1	0
AC026700	0	1	0
AC026765	0	1	0
AC026785	0	1	0
AC026956	0	1	0
AC026979	0	1	0
AC027020	0	1	0
AC027031	0	1	0
AC027117	0	1	0
AC027288	0	1	0
AC027309	0	1	0
AC027315	0	1	0
AC027559	0	1	0
AC027801	0	1	0
AC034111	0	1	0
AC034159	0	1	0
AC034205	0	1	0
AC034223	0	1	0
AC034268	0	1	0
AC036214	0	1	0
AC037450	0	1	0
AC037486	0	1	0
AC040168	0	1	0
AC040170	0	1	0
AC040173	0	1	0
AC044792	0	1	0
AC044810	0	1	0
AC044839	0	1	0
AC044873	0	1	0
AC044893	0	1	0
AC046195	0	1	0
AC048351	0	1	0
AC048352	0	1	0
AC051635	0	1	0
AC053503	0	1	0
AC055714	0	1	0
AC055720	0	1	0
AC055855	0	1	0
AC060765	0	1	0
AC060766	0	1	0
AC060834	0	1	0
AC061709	0	1	0
AC061958	0	1	0
AC061997	0	1	0
AC062004	0	1	0
AC063919	0	1	0
AC063938	0	1	0
AC063976	0	1	0
AC064807	0	1	0
AC064834	0	1	0
AC066615	0	1	0
AC067751	0	1	0
AC067942	0	1	0
AC068051	0	1	0
AC068112	0	1	0
AC068196	0	1	0
AC068286	0	1	0
AC068305	0	1	0
AC068308	0	1	0
AC068408	0	1	0
AC068481	0	1	0
AC068506	0	1	0
AC068580	0	1	0
AC068631	0	1	0
AC068633	0	1	0
AC068643	0	1	0
AC068672	0	1	0
AC068721	0	1	0
AC068722	0	1	0
AC068759	0	1	0
AC068769	0	1	0
AC068787	0	1	0
AC069120	0	1	0
AC069154	0	1	0
AC069157	0	1	0
AC069213	0	1	0
AC069240	0	1	0
AC069304	0	1	0
AC069360	0	1	0
AC069439	0	1	0
AC069540	0	1	0
AC072046	0	1	0
AC073071	0	1	0
AC073072	0	1	0
AC073114	0	1	0
AC073143	0	1	0
AC073150	0	1	0
AC073188	0	1	0
AC073218	0	1	0
AC073225	0	1	0
AC073236	0	1	0
AC073254	0	1	0
AC073263	0	1	0
AC073270	0	1	0
AC073311	0	1	0
AC073316	0	1	0
AC073321	0	1	0
AC073343	0	1	0
AC073348	0	1	0
AC073359	0	1	0
AC073365	0	1	0
AC073409	0	1	0
AC073429	0	1	0
AC073475	0	1	0
AC073508	0	1	0
AC073525	0	1	0
AC073529	0	1	0
AC073578	0	1	0
AC073585	0	1	0
AC073614	0	1	0
AC073842	0	1	0
AC073901	0	1	0
AC073913	0	1	0
AC074008	0	1	0
AC074021	0	1	0
AC074043	0	1	0
AC074051	0	1	0
AC074131	0	1	0
AC074134	0	1	0
AC074139	0	1	0
AC074237	0	1	0
AC074254	0	1	0
AC076968	0	1	0
AC078788	0	1	0
AC078814	0	1	0
AC078820	0	1	0
AC078845	0	1	0
AC078860	0	1	0
AC078878	0	1	0
AC078880	0	1	0
AC078905	0	1	0
AC078974	0	1	0
AC079015	0	1	0
AC079031	0	1	0
AC079089	0	1	0
AC079142	0	1	0
AC079160	0	1	0
AC079163	0	1	0
AC079168	0	1	0
AC079209	0	1	0
AC079248	0	1	0
AC079313	0	1	0
AC079340	0	1	0
AC079380	0	1	0
AC079382	0	1	0
AC079414	0	1	0
AC079447	0	1	0
AC079466	0	1	0
AC079467	0	1	0
AC079753	0	1	0
AC079760	0	1	0
AC079768	0	1	0
AC079772	0	1	0
AC079779	0	1	0
AC079780	0	1	0
AC079802	0	1	0
AC079880	0	1	0
AC079896	0	1	0
AC079905	0	1	0
AC079942	0	1	0
AC079943	0	1	0
AC079949	0	1	0
AC079950	0	1	0
AC080005	0	1	0
AC080068	0	1	0
AC080132	0	1	0
AC082651	0	1	0
AC083795	0	1	0
AC083805	0	1	0
AC083837	0	1	0
AC083864	0	1	0
AC083873	0	1	0
AC083967	0	1	0
AC084030	0	1	0
AC084033	0	1	0
AC084335	0	1	0
AC084346	0	1	0
AC084357	0	1	0
AC084364	0	1	0
AC084375	0	1	0
AC084734	0	1	0
AC084759	0	1	0
AC084816	0	1	0
AC084866	0	1	0
AC084879	0	1	0
AC087203	0	1	0
AC087235	0	1	0
AC087280	0	1	0
AC087283	0	1	0
AC087294	0	1	0
AC087343	0	1	0
AC087354	0	1	0
AC087369	0	1	0
AC087379	0	1	0
AC087473	0	1	0
AC087477	0	1	0
AC087564	0	1	0
AC087612	0	1	0
AC087633	0	1	0
AC087639	0	1	0
AC087763	0	1	0
AC087855	0	1	0
AC087863	0	1	0
AC087894	0	1	0
AC087897	0	1	0
AC090015	0	1	0
AC090017	0	1	0
AC090023	0	1	0
AC090095	0	1	0
AC090099	0	1	0
AC090109	0	1	0
AC090124	0	1	0
AC090136	0	1	0
AC090150	0	1	0
AC090164	0	1	0
AC090192	0	1	0
AC090241	0	1	0
AC090286	0	1	0
AC090287	0	1	0
AC090360	0	1	0
AC090403	0	1	0
AC090415	0	1	0
AC090502	0	1	0
AC090505	0	1	0
AC090506	0	1	0
AC090515	0	1	0
AC090517	0	1	0
AC090525	0	1	0
AC090572	0	1	0
AC090578	0	1	0
AC090621	0	1	0
AC090629	0	1	0
AC090692	0	1	0
AC090771	0	1	0
AC090791	0	1	0
AC090809	0	1	0
AC090825	0	1	0
AC090907	0	1	0
AC090912	0	1	0
AC090993	0	1	0
AC091042	0	1	0
AC091045	0	1	0
AC091074	0	1	0
AC091078	0	1	0
AC091096	0	1	0
AC091114	0	1	0
AC091182	0	1	0
AC091429	0	1	0
AC091489	0	1	0
AC091544	0	1	0
AC091691	0	1	0
AC091730	0	1	0
AC091806	0	1	0
AC091893	0	1	0
AC091912	0	1	0
AC091946	0	1	0
AC091948	0	1	0
AC091951	0	1	0
AC091953	0	1	0
AC091987	0	1	0
AC092017	0	1	0
AC092078	0	1	0
AC092100	0	1	0
AC092121	0	1	0
AC092125	0	1	0
AC092138	0	1	0
AC092155	0	1	0
AC092159	0	1	0
AC092164	0	1	0
AC092168	0	1	0
AC092170	0	1	0
AC092268	0	1	0
AC092324	0	1	0
AC092327	0	1	0
AC092329	0	1	0
AC092353	0	1	0
AC092364	0	1	0
AC092436	0	1	0
AC092445	0	1	0
AC092506	0	1	0
AC092596	0	1	0
AC092598	0	1	0
AC092650	0	1	0
AC092673	0	1	0
AC092674	0	1	0
AC092691	0	1	0
AC092723	0	1	0
AC092747	0	1	0
AC092803	0	1	0
AC092809	0	1	0
AC092810	0	1	0
AC092811	0	1	0
AC092813	0	1	0
AC092819	0	1	0
AC092821	0	1	0
AC092845	0	1	0
AC092850	0	1	0
AC092894	0	1	0
AC092910	0	1	0
AC092958	0	1	0
AC093151	0	1	0
AC093152	0	1	0
AC093157	0	1	0
AC093159	0	1	0
AC093274	0	1	0
AC093496	0	1	0
AC093519	0	1	0
AC093523	0	1	0
AC093536	0	1	0
AC093577	0	1	0
AC093606	0	1	0
AC093608	0	1	0
AC093627	0	1	0
AC093642	0	1	0
AC093720	0	1	0
AC093722	0	1	0
AC093725	0	1	0
AC093730	0	1	0
AC093765	0	1	0
AC093767	0	1	0
AC093772	0	1	0
AC093777	0	1	0
AC093791	0	1	0
AC093798	0	1	0
AC093802	0	1	0
AC093810	0	1	0
AC093849	0	1	0
AC093852	0	1	0
AC093853	0	1	0
AC093870	0	1	0
AC093878	0	1	0
AC093895	0	1	0
AC093898	0	1	0
AC093909	0	1	0
AC093912	0	1	0
AC093913	0	1	0
AC093916	0	1	0
AC094019	0	1	0
AC094104	0	1	0
AC094105	0	1	0
AC095032	0	1	0
AC096531	0	1	0
AC096543	0	1	0
AC096554	0	1	0
AC096555	0	1	0
AC096570	0	1	0
AC096577	0	1	0
AC096588	0	1	0
AC096637	0	1	0
AC096664	0	1	0
AC096746	0	1	0
AC096747	0	1	0
AC096992	0	1	0
AC097110	0	1	0
AC097263	0	1	0
AC097376	0	1	0
AC097450	0	1	0
AC097462	0	1	0
AC097468	0	1	0
AC097487	0	1	0
AC097491	0	1	0
AC097504	0	1	0
AC097510	0	1	0
AC097518	0	1	0
AC097520	0	1	0
AC097521	0	1	0
AC097533	0	1	0
AC097535	0	1	0
AC097652	0	1	0
AC097654	0	1	0
AC097717	0	1	0
AC098487	0	1	0
AC098588	0	1	0
AC098657	0	1	0
AC098799	0	1	0
AC098817	0	1	0
AC098825	0	1	0
AC098828	0	1	0
AC098847	0	1	0
AC098859	0	1	0
AC098862	0	1	0
AC098934	0	1	0
AC098976	0	1	0
AC099066	0	1	0
AC099487	0	1	0
AC099508	0	1	0
AC099517	0	1	0
AC099518	0	1	0
AC099520	0	1	0
AC099522	0	1	0
AC099542	0	1	0
AC099552	0	1	0
AC099565	0	1	0
AC099567	0	1	0
AC099791	0	1	0
AC099796	0	1	0
AC100810	0	1	0
AC100849	0	1	0
AC100858	0	1	0
AC100863	0	1	0
AC100868	0	1	0
AC103409	0	1	0
AC103563	0	1	0
AC103764	0	1	0
AC103808	0	1	0
AC103855	0	1	0
AC103876	0	1	0
AC103957	0	1	0
AC103996	0	1	0
AC104012	0	1	0
AC104041	0	1	0
AC104051	0	1	0
AC104071	0	1	0
AC104088	0	1	0
AC104108	0	1	0
AC104123	0	1	0
AC104135	0	1	0
AC104137	0	1	0
AC104162	0	1	0
AC104212	0	1	0
AC104248	0	1	0
AC104257	0	1	0
AC104304	0	1	0
AC104335	0	1	0
AC104339	0	1	0
AC104435	0	1	0
AC104454	0	1	0
AC104457	0	1	0
AC104563	0	1	0
AC104574	0	1	0
AC104619	0	1	0
AC104771	0	1	0
AC104803	0	1	0
AC104806	0	1	0
AC104823	0	1	0
AC104964	0	1	0
AC105021	0	1	0
AC105031	0	1	0
AC105227	0	1	0
AC105343	0	1	0
AC105345	0	1	0
AC105362	0	1	0
AC105398	0	1	0
AC105399	0	1	0
AC105411	0	1	0
AC105416	0	1	0
AC105430	0	1	0
AC105443	0	1	0
AC105760	0	1	0
AC105918	0	1	0
AC105999	0	1	0
AC106053	0	1	0
AC106744	0	1	0
AC106748	0	1	0
AC106791	0	1	0
AC106799	0	1	0
AC106865	0	1	0
AC106868	0	1	0
AC106886	0	1	0
AC106892	0	1	0
AC107032	0	1	0
AC107057	0	1	0
AC107204	0	1	0
AC107223	0	1	0
AC107373	0	1	0
AC107398	0	1	0
AC107419	0	1	0
AC107892	0	1	0
AC107934	0	1	0
AC108081	0	1	0
AC108114	0	1	0
AC108136	0	1	0
AC108169	0	1	0
AC108448	0	1	0
AC108452	0	1	0
AC108467	0	1	0
AC108479	0	1	0
AC108488	0	1	0
AC108517	0	1	0
AC108734	0	1	0
AC108749	0	1	0
AC108751	0	1	0
AC108865	0	1	0
AC108941	0	1	0
AC109439	0	1	0
AC109446	0	1	0
AC109466	0	1	0
AC109517	0	1	0
AC109583	0	1	0
AC109630	0	1	0
AC109635	0	1	0
AC110058	0	1	0
AC110614	0	1	0
AC110753	0	1	0
AC110772	0	1	0
AC110995	0	1	0
AC111000	0	1	0
AC111152	0	1	0
AC111188	0	1	0
AC111194	0	1	0
AC112172	0	1	0
AC112187	0	1	0
AC112203	0	1	0
AC112481	0	1	0
AC112493	0	1	0
AC112495	0	1	0
AC112498	0	1	0
AC112693	0	1	0
AC112721	0	1	0
AC112778	0	1	0
AC113192	0	1	0
AC113347	0	1	0
AC113355	0	1	0
AC113391	0	1	0
AC113414	0	1	0
AC114267	0	1	0
AC114321	0	1	0
AC114485	0	1	0
AC114491	0	1	0
AC114492	0	1	0
AC114550	0	1	0
AC114689	0	1	0
AC114728	0	1	0
AC114741	0	1	0
AC114757	0	1	0
AC114940	0	1	0
AC114971	0	1	0
AC115100	0	1	0
AC115618	0	1	0
AC116035	0	1	0
AC116049	0	1	0
AC116337	0	1	0
AC116347	0	1	0
AC116353	0	1	0
AC116359	0	1	0
AC116362	0	1	0
AC116535	0	1	0
AC116563	0	1	0
AC116611	0	1	0
AC117453	0	1	0
AC117462	0	1	0
AC117464	0	1	0
AC117522	0	1	0
AC117569	0	1	0
AC118757	0	1	0
AC119673	0	1	0
AC119674	0	1	0
AC120036	0	1	0
AC121334	0	1	0
AC121758	0	1	0
AC122138	0	1	0
AC122685	0	1	0
AC122688	0	1	0
AC122697	0	1	0
AC123767	0	1	0
AC123777	0	1	0
AC123904	0	1	0
AC124016	0	1	0
AC124067	0	1	0
AC124254	0	1	0
AC124276	0	1	0
AC124290	0	1	0
AC124852	0	1	0
AC124854	0	1	0
AC124861	0	1	0
AC124893	0	1	0
AC124945	0	1	0
AC126177	0	1	0
AC126323	0	1	0
AC127496	0	1	0
AC128657	0	1	0
AC128685	0	1	0
AC128707	0	1	0
AC128709	0	1	0
AC130415	0	1	0
AC130456	0	1	0
AC130710	0	1	0
AC131094	0	1	0
AC131254	0	1	0
AC131956	0	1	0
AC132219	0	1	0
AC132660	0	1	0
AC132803	0	1	0
AC132807	0	1	0
AC132872	0	1	0
AC133104	0	1	0
AC133134	0	1	0
AC134312	0	1	0
AC135166	0	1	0
AC135506	0	1	0
AC135628	0	1	0
AC135895	0	1	0
AC136188	0	1	0
AC136489	0	1	0
AC136628	0	1	0
AC136632	0	1	0
AC137735	0	1	0
AC137936	0	1	0
AC138057	0	1	0
AC138627	0	1	0
AC138646	0	1	0
AC139143	0	1	0
AC139426	0	1	0
AC139491	0	1	0
AC139769	0	1	0
AC140119	0	1	0
AC145343	0	1	0
AC147055	0	1	0
AC209005	0	1	0
AC231759	0	1	0
AC231760	0	1	0
AC233289	0	1	0
AC233296	0	1	0
AC233702	0	1	0
AC233976	0	1	0
AC234775	0	1	0
AC234779	0	1	0
AC236972	0	1	0
AC239584	0	1	0
AC239801	0	1	0
AC240504	0	1	0
AC240565	0	1	0
AC243571	0	1	0
AC243772	0	1	0
AC243964	0	1	0
AC244033	0	1	0
AC244035	0	1	0
AC244131	0	1	0
AC244205	0	1	0
AC244250	0	1	0
AC244452	0	1	0
AC244517	0	1	0
AC245036	0	1	0
AC245054	0	1	0
AC245123	0	1	0
AC245128	0	1	0
AC245187	0	1	0
AC245452	0	1	0
AC245884	0	1	0
AC246817	0	1	0
AC247036	0	1	0
AC253576	0	1	0
ACAA1	1	0	1
ACAA2	1	0	1
ACACA	1	1	1
ACACB	1	0	1
ACAD10	1	0	1
ACAD11	1	0	1
ACAD8	1	0	1
ACAD9	1	0	1
ACADL	1	1	1
ACADM	1	0	1
ACADS	1	0	1
ACADSB	1	0	1
ACADVL	1	0	1
ACAN	1	1	1
ACAP1	1	0	1
ACAP2	1	0	1
ACAP3	1	0	1
ACAT1	1	0	1
ACAT2	1	0	1
ACBD3	1	0	1
ACBD4	1	1	1
ACBD5	1	0	1
ACBD6	1	0	1
ACBD7	1	0	1
ACCS	1	0	1
ACCSL	1	0	1
ACD	1	0	1
ACE	1	0	1
ACE2	1	0	1
ACER1	1	0	1
ACER2	1	0	1
ACER3	1	0	1
ACHE	1	0	1
ACIN1	1	0	1
ACKR1	1	0	1
ACKR2	1	0	1
ACKR3	1	0	1
ACKR4	1	0	1
ACLY	1	0	1
ACMSD	1	0	1
ACO1	1	0	1
ACO2	1	0	1
ACOD1	1	0	1
ACOT1	1	0	1
ACOT11	1	1	1
ACOT12	1	0	1
ACOT13	1	0	1
ACOT2	1	0	1
ACOT4	1	0	1
ACOT6	1	0	1
ACOT7	1	0	1
ACOT8	1	0	1
ACOT9	1	0	1
ACOX1	1	0	1
ACOX2	1	0	1
ACOX3	1	1	1
ACOXL	1	1	1
ACP1	1	0	1
ACP2	1	0	1
ACP3	1	0	1
ACP4	1	0	1
ACP5	1	0	1
ACP6	1	0	1
ACP7	1	0	1
ACR	1	0	1
ACRBP	1	0	1
ACRV1	1	1	1
ACSBG1	1	0	1
ACSBG2	1	0	1
ACSF2	1	0	1
ACSF3	1	0	1
ACSL1	1	0	1
ACSL3	1	0	1
ACSL4	1	0	1
ACSL5	1	0	1
ACSL6	1	0	1
ACSM1	1	1	1
ACSM2A	1	0	1
ACSM2B	1	0	1
ACSM3	1	0	1
ACSM4	1	0	1
ACSM5	1	0	1
ACSM6	1	0	1
ACSS1	1	0	1
ACSS2	1	0	1
ACSS3	1	0	1
ACTA1	1	0	1
ACTA2	1	0	1
ACTB	1	0	1
ACTBL2	1	0	1
ACTC1	1	0	1
ACTG1	1	0	1
ACTG1P19	0	1	0
ACTG1P23	0	1	0
ACTG2	1	0	1
ACTL10	1	0	1
ACTL6A	1	0	1
ACTL6B	1	0	1
ACTL7A	1	0	1
ACTL7B	1	0	1
ACTL8	1	0	1
ACTL9	1	0	1
ACTMAP	1	0	1
ACTN1	1	0	1
ACTN2	1	1	1
ACTN3	1	0	1
ACTN4	1	0	1
ACTR10	1	0	1
ACTR1A	1	0	1
ACTR1B	1	0	1
ACTR2	1	0	1
ACTR3	1	0	1
ACTR3B	1	0	1
ACTR3C	1	0	1
ACTR5	1	0	1
ACTR6	1	0	1
ACTR8	1	0	1
ACTRT1	1	0	1
ACTRT2	1	0	1
ACTRT3	1	0	1
ACVR1	1	1	1
ACVR1B	1	1	1
ACVR1C	1	0	1
ACVR2A	1	0	1
ACVR2B	1	0	1
ACVRL1	1	0	1
ACY1	1	0	1
ACY3	1	0	1
ACYP1	1	0	1
ACYP2	1	1	1
ADA	1	0	1
ADA2	1	0	1
ADAD1	1	0	1
ADAD2	1	0	1
ADAL	1	0	1
ADAM10	1	0	1
ADAM11	1	0	1
ADAM12	1	0	1
ADAM15	1	0	1
ADAM17	1	0	1
ADAM18	1	0	1
ADAM19	1	0	1
ADAM2	1	1	1
ADAM20	1	0	1
ADAM20P1	0	1	0
ADAM21	1	0	1
ADAM22	1	0	1
ADAM23	1	0	1
ADAM28	1	0	1
ADAM29	1	1	1
ADAM30	1	0	1
ADAM32	1	0	1
ADAM33	1	0	1
ADAM3A	0	1	0
ADAM7	1	0	1
ADAM8	1	0	1
ADAM9	1	0	1
ADAMDEC1	1	0	1
ADAMTS1	1	0	1
ADAMTS10	1	0	1
ADAMTS12	1	0	1
ADAMTS13	1	1	1
ADAMTS14	1	0	1
ADAMTS15	1	0	1
ADAMTS16	1	0	1
ADAMTS17	1	0	1
ADAMTS18	1	0	1
ADAMTS19	1	0	1
ADAMTS2	1	0	1
ADAMTS20	1	1	1
ADAMTS3	1	0	1
ADAMTS4	1	0	1
ADAMTS5	1	0	1
ADAMTS6	1	0	1
ADAMTS7	1	0	1
ADAMTS7P4	0	1	0
ADAMTS8	1	0	1
ADAMTS9	1	0	1
ADAMTS9-AS2	0	1	0
ADAMTSL1	1	0	1
ADAMTSL2	1	0	1
ADAMTSL3	1	1	1
ADAMTSL4	1	0	1
ADAMTSL5	1	0	1
ADAP1	1	0	1
ADAP2	1	0	1
ADAR	1	0	1
ADARB1	1	0	1
ADARB2	1	0	1
ADAT1	1	0	1
ADAT2	1	1	1
ADAT3	1	0	1
ADCK1	1	0	1
ADCK2	1	0	1
ADCK5	1	0	1
ADCY1	1	0	1
ADCY10	1	0	1
ADCY10P1	0	1	0
ADCY2	1	0	1
ADCY3	1	0	1
ADCY4	1	0	1
ADCY5	1	0	1
ADCY6	1	0	1
ADCY7	1	0	1
ADCY8	1	0	1
ADCY9	1	0	1
ADCYAP1	1	0	1
ADCYAP1R1	1	0	1
ADD1	1	0	1
ADD2	1	0	1
ADD3	1	0	1
ADD3-AS1	0	1	0
ADGB	1	0	1
ADGRA1	1	0	1
ADGRA2	1	0	1
ADGRA3	1	0	1
ADGRB1	1	0	1
ADGRB2	1	0	1
ADGRB3	1	0	1
ADGRD1	1	0	1
ADGRE1	1	1	1
ADGRE2	1	0	1
ADGRE3	1	0	1
ADGRE5	1	0	1
ADGRF1	1	1	1
ADGRF2	1	0	0
ADGRF3	1	0	1
ADGRF4	1	0	1
ADGRF5	1	0	1
ADGRG1	1	0	1
ADGRG2	1	1	1
ADGRG3	1	0	1
ADGRG4	1	1	1
ADGRG5	1	0	1
ADGRG6	1	0	1
ADGRG7	1	0	1
ADGRL1	1	0	1
ADGRL2	1	0	1
ADGRL3	1	0	1
ADGRL4	1	1	1
ADGRV1	1	0	1
ADH1A	1	0	1
ADH1B	1	0	1
ADH1C	1	0	1
ADH4	1	0	1
ADH5	1	0	1
ADH5P4	0	1	0
ADH6	1	0	1
ADH7	1	1	1
ADHFE1	1	0	1
ADI1	1	0	1
ADI1P3	0	1	0
ADIG	1	0	1
ADIPOQ	1	0	1
ADIPOR1	1	0	1
ADIPOR2	1	0	1
ADIRF	1	0	1
ADISSP	1	0	1
ADK	1	0	1
ADM	1	0	1
ADM2	1	0	1
ADM5	1	0	1
ADNP	1	0	1
ADNP2	1	1	1
ADO	1	0	1
ADORA1	1	0	1
ADORA2A	1	0	1
ADORA2A-AS1	0	1	0
ADORA2B	1	0	1
ADORA3	1	0	1
ADPGK	1	0	1
ADPRH	1	0	1
ADPRHL1	1	0	1
ADPRM	1	1	1
ADPRS	1	0	1
ADRA1A	1	1	1
ADRA1B	1	0	1
ADRA1D	1	0	1
ADRA2A	1	0	1
ADRA2B	1	0	1
ADRA2C	1	0	1
ADRB1	1	0	1
ADRB2	1	0	1
ADRB3	1	0	1
ADRM1	1	0	1
ADSL	1	0	1
ADSS1	1	1	1
ADSS2	1	0	1
ADTRP	1	0	1
AEBP1	1	0	1
AEBP2	1	0	1
AEN	1	0	1
AF038458	0	1	0
AF064858	0	1	0
AF064860	0	1	0
AF121898	0	1	0
AF127936	0	1	0
AF201337	0	1	0
AF240627	0	1	0
AF246928	0	1	0
AF274853	0	1	0
AF279873	0	1	0
AFAP1	1	0	1
AFAP1L1	1	0	1
AFAP1L2	1	0	1
AFDN	1	0	1
AFF1	1	0	1
AFF2	1	0	1
AFF3	1	0	1
AFF4	1	0	1
AFG1L	1	0	1
AFG3L1P	0	1	0
AFG3L2	1	0	1
AFM	1	0	1
AFMID	1	0	1
AFP	1	0	1
AFTPH	1	0	1
AGA	1	0	1
AGAP1	1	0	1
AGAP11	0	1	0
AGAP2	1	0	1
AGAP3	1	0	1
AGAP4	1	0	1
AGAP5	1	0	1
AGAP6	1	0	1
AGAP9	1	0	1
AGBL1	1	1	1
AGBL2	1	0	1
AGBL3	1	0	1
AGBL4	1	0	1
AGBL5	1	0	1
AGER	1	0	1
AGFG1	1	0	1
AGFG2	1	0	1
AGGF1	1	0	1
AGK	1	0	1
AGL	1	1	1
AGMAT	1	0	1
AGMO	1	0	1
AGO1	1	0	1
AGO2	1	0	1
AGO3	1	0	1
AGO4	1	0	1
AGPAT1	1	0	1
AGPAT2	1	0	1
AGPAT3	1	1	1
AGPAT4	1	0	1
AGPAT5	1	0	1
AGPS	1	0	1
AGR2	1	0	1
AGR3	1	0	1
AGRN	1	0	1
AGRP	1	0	1
AGT	1	0	1
AGTPBP1	1	0	1
AGTR1	1	0	1
AGTR2	1	0	1
AGTRAP	1	0	1
AGXT	1	0	1
AGXT2	1	0	1
AHCTF1	1	1	1
AHCY	1	0	1
AHCYL1	1	0	1
AHCYL2	1	0	1
AHDC1	1	0	1
AHI1	1	0	1
AHNAK	1	1	1
AHNAK2	1	0	1
AHR	1	0	1
AHRR	1	0	1
AHSA1	1	0	1
AHSG	1	0	1
AHSP	1	0	1
AICDA	1	0	1
AIDA	1	0	1
AIF1	1	0	1
AIF1L	1	0	1
AIFM1	1	0	1
AIFM2	1	0	1
AIFM3	1	0	1
AIG1	1	0	1
AIM2	1	0	1
AIMP1	1	1	1
AIMP2	1	1	1
AIP	1	0	1
AIPL1	1	1	1
AIRE	1	0	1
AJ009632	0	1	0
AJAP1	1	0	1
AJM1	1	0	1
AJUBA	1	0	1
AK1	1	0	1
AK2	1	0	1
AK3	1	0	1
AK4	1	0	1
AK4P3	0	1	1
AK4P4	0	1	0
AK5	1	0	1
AK6	1	0	1
AK7	1	0	1
AK8	1	0	1
AK9	1	0	1
AKAIN1	1	0	1
AKAP1	1	1	1
AKAP10	1	0	1
AKAP11	1	0	1
AKAP12	1	0	1
AKAP13	1	0	1
AKAP14	1	0	1
AKAP17A	1	0	1
AKAP17BP	0	1	0
AKAP3	1	1	1
AKAP4	1	0	1
AKAP5	1	0	1
AKAP6	1	0	1
AKAP7	1	0	1
AKAP8	1	0	1
AKAP8L	1	0	1
AKAP9	1	0	1
AKIP1	1	0	1
AKIRIN1	1	0	1
AKIRIN2	1	0	1
AKNA	1	0	1
AKNAD1	1	0	1
AKR1A1	1	0	1
AKR1B1	1	0	1
AKR1B10	1	0	1
AKR1B15	1	1	1
AKR1B1P6	0	1	0
AKR1C1	1	0	1
AKR1C2	1	0	1
AKR1C3	1	0	1
AKR1C4	1	1	1
AKR1C8	1	0	1
AKR1D1	1	0	1
AKR1E2	1	1	1
AKR7A2	1	0	1
AKR7A3	1	0	1
AKR7L	1	0	1
AKT1	1	0	1
AKT1S1	1	0	1
AKT2	1	0	1
AKT3	1	0	1
AKTIP	1	0	1
AL008628	0	1	0
AL008633	0	1	0
AL008638	0	1	0
AL008720	0	1	0
AL008730	0	1	0
AL009178	0	1	0
AL020995	0	1	0
AL021155	0	1	0
AL021937	0	1	0
AL021939	0	1	0
AL022100	0	1	0
AL022161	0	1	0
AL022170	0	1	0
AL022313	0	1	0
AL022332	0	1	0
AL022718	0	1	0
AL023495	0	1	0
AL023574	0	1	0
AL023754	0	1	0
AL023773	0	1	0
AL023806	0	1	0
AL023877	0	1	0
AL031003	0	1	0
AL031133	0	1	0
AL031183	0	1	0
AL031289	0	1	0
AL031291	0	1	0
AL031599	0	1	0
AL031663	0	1	0
AL031674	0	1	0
AL031686	0	1	0
AL031729	0	1	0
AL031731	0	1	0
AL031864	0	1	0
AL033530	0	1	0
AL034397	0	1	0
AL034417	0	1	0
AL034428	0	1	0
AL035252	0	1	0
AL035401	0	1	0
AL035409	0	1	0
AL035420	0	1	0
AL035446	0	1	0
AL035467	0	1	0
AL035530	0	1	0
AL035696	0	1	0
AL049597	0	1	0
AL049646	0	1	0
AL049737	0	1	0
AL049825	0	1	0
AL049828	0	1	0
AL049830	0	1	0
AL049839	0	1	0
AL049871	0	1	0
AL049873	0	1	0
AL049874	0	1	0
AL050309	0	1	0
AL050403	0	1	0
AL078590	0	1	0
AL078604	0	1	0
AL078612	0	1	0
AL079307	0	1	0
AL079342	0	1	0
AL080313	0	1	0
AL080316	0	1	0
AL096803	0	1	0
AL096828	0	1	0
AL096854	0	1	0
AL096861	0	1	0
AL096869	0	1	0
AL109618	0	1	0
AL109620	0	1	0
AL109741	0	1	0
AL109809	0	1	0
AL109838	0	1	0
AL109941	0	1	0
AL109955	0	1	0
AL110114	0	1	0
AL110118	0	1	0
AL110292	0	1	0
AL110503	0	1	0
AL117327	0	1	0
AL117329	0	1	0
AL117378	0	1	0
AL117692	0	1	0
AL118496	0	1	0
AL118508	0	1	0
AL118523	0	1	0
AL118557	0	1	0
AL121579	0	1	0
AL121885	0	1	0
AL121888	0	1	0
AL121944	0	1	0
AL121949	0	1	0
AL121974	0	1	0
AL121992	0	1	0
AL132633	0	1	0
AL132640	0	1	0
AL132708	0	1	0
AL132711	0	1	0
AL132712	0	1	0
AL132775	0	1	0
AL132796	0	1	0
AL132875	0	1	0
AL133244	0	1	0
AL133338	0	1	0
AL133372	0	1	0
AL133393	0	1	0
AL133467	0	1	0
AL133475	0	1	0
AL133481	0	1	0
AL133485	0	1	0
AL133516	0	1	0
AL133538	0	1	0
AL135878	0	1	0
AL135923	0	1	0
AL135926	0	1	0
AL135937	0	1	0
AL135938	0	1	0
AL136084	0	1	0
AL136099	0	1	0
AL136114	0	1	0
AL136126	0	1	0
AL136139	0	1	0
AL136140	0	1	0
AL136226	0	1	0
AL136234	0	1	0
AL136363	0	1	0
AL136372	0	1	0
AL136441	0	1	0
AL136456	0	1	0
AL136501	0	1	0
AL136972	0	1	0
AL136985	0	1	0
AL136987	0	1	0
AL137005	0	1	0
AL137025	0	1	0
AL137078	0	1	0
AL137100	0	1	0
AL137191	0	1	0
AL137220	0	1	0
AL137786	0	1	0
AL137792	0	1	0
AL137847	0	1	0
AL138694	0	1	0
AL138725	0	1	0
AL138767	0	1	0
AL138826	0	1	0
AL138889	0	1	0
AL138899	0	1	0
AL139042	0	1	0
AL139094	0	1	0
AL139095	0	1	0
AL139100	0	1	0
AL139161	0	1	0
AL139220	0	1	0
AL139231	0	1	0
AL139280	0	1	0
AL139317	0	1	0
AL139351	0	1	0
AL139383	0	1	0
AL139390	0	1	0
AL139393	0	1	0
AL139413	0	1	0
AL139806	0	1	0
AL139811	0	1	0
AL139824	0	1	0
AL157359	0	1	0
AL157400	0	1	0
AL157703	0	1	0
AL157709	0	1	0
AL157778	0	1	0
AL157831	0	1	0
AL157838	0	1	0
AL157886	0	1	0
AL158050	0	1	0
AL158058	0	1	0
AL158064	0	1	0
AL158077	0	1	0
AL158152	0	1	0
AL158212	0	1	0
AL158801	0	1	0
AL160237	0	1	0
AL160272	0	1	0
AL160314	0	1	0
AL160411	0	1	0
AL161449	0	1	0
AL161616	0	1	0
AL161637	0	1	0
AL161638	0	1	0
AL161646	0	1	0
AL161713	0	1	0
AL161756	0	1	0
AL161785	0	1	0
AL161912	0	1	0
AL162231	0	1	0
AL162388	0	1	0
AL162511	0	1	0
AL162573	0	1	0
AL162632	0	1	0
AL162713	0	1	0
AL162725	0	1	0
AL162726	0	1	0
AL162872	0	1	0
AL163642	0	1	0
AL163932	0	1	0
AL353093	0	1	0
AL353132	0	1	0
AL353133	0	1	0
AL353151	0	1	0
AL353595	0	1	0
AL353604	0	1	0
AL353611	0	1	0
AL353614	0	1	0
AL353637	0	1	0
AL353678	0	1	0
AL353681	0	1	0
AL353705	0	1	0
AL353732	0	1	0
AL353740	0	1	0
AL353742	0	1	0
AL353743	0	1	0
AL353752	0	1	0
AL353753	0	1	0
AL353807	0	1	0
AL354685	0	1	0
AL354702	0	1	0
AL354714	0	1	0
AL354809	0	1	0
AL354810	0	1	0
AL354861	0	1	0
AL354863	0	1	0
AL354919	0	1	0
AL354989	0	1	0
AL354993	0	1	0
AL355032	0	1	0
AL355076	0	1	0
AL355306	0	1	0
AL355309	0	1	0
AL355375	0	1	0
AL355472	0	1	0
AL355499	0	1	0
AL355592	0	1	0
AL355602	0	1	0
AL355612	0	1	0
AL355798	0	1	0
AL355834	0	1	0
AL355835	0	1	0
AL355836	0	1	0
AL355838	0	1	0
AL355870	0	1	0
AL355981	0	1	0
AL356010	0	1	0
AL356094	0	1	0
AL356108	0	1	0
AL356123	0	1	0
AL356277	0	1	0
AL356313	0	1	0
AL356417	0	1	0
AL356433	0	1	0
AL356534	0	1	0
AL356804	0	1	0
AL356807	0	1	0
AL357095	0	1	0
AL357153	0	1	0
AL357172	0	1	0
AL357514	0	1	0
AL357520	0	1	0
AL357559	0	1	0
AL357833	0	1	0
AL357874	0	1	0
AL358332	0	1	0
AL358780	0	1	0
AL358790	0	1	0
AL358875	0	1	0
AL358942	0	1	0
AL358944	0	1	0
AL359081	0	1	0
AL359091	0	1	0
AL359212	0	1	0
AL359237	0	1	0
AL359313	0	1	0
AL359378	0	1	0
AL359508	0	1	0
AL359511	0	1	0
AL359541	0	1	0
AL359551	0	1	0
AL359632	0	1	0
AL359636	0	1	0
AL359641	0	1	0
AL359643	0	1	0
AL359649	0	1	0
AL359704	0	1	0
AL359710	0	1	0
AL359745	0	1	0
AL359759	0	1	0
AL359764	0	1	0
AL359813	0	1	0
AL359885	0	1	0
AL359915	0	1	0
AL359979	0	1	0
AL360007	0	1	0
AL365184	0	1	0
AL365214	0	1	0
AL365232	0	1	0
AL365259	0	1	0
AL365264	0	1	0
AL365295	0	1	0
AL365396	0	1	0
AL365475	0	1	0
AL365496	0	1	0
AL389925	0	1	0
AL390066	0	1	0
AL390123	0	1	0
AL390760	0	1	0
AL390763	0	1	0
AL390778	0	1	0
AL390800	0	1	0
AL390838	0	1	0
AL390877	0	1	0
AL390957	0	1	0
AL391117	0	1	0
AL391219	0	1	0
AL391358	0	1	0
AL391422	0	1	0
AL391425	0	1	0
AL391597	0	1	0
AL391647	0	1	0
AL391704	0	1	0
AL391811	0	1	0
AL391840	0	1	0
AL392003	0	1	0
AL392023	0	1	0
AL392086	0	1	0
AL392112	0	1	0
AL442636	0	1	0
AL445070	0	1	0
AL445072	0	1	0
AL445205	0	1	0
AL445228	0	1	0
AL445253	0	1	0
AL445264	0	1	0
AL445383	0	1	0
AL445430	0	1	0
AL445433	0	1	0
AL445588	0	1	0
AL445668	0	1	0
AL445686	0	1	0
AL445687	0	1	0
AL445883	0	1	0
AL449212	0	1	0
AL449403	0	1	0
AL450063	0	1	0
AL450332	0	1	0
AL450345	0	1	0
AL450423	0	1	0
AL451000	0	1	0
AL451061	0	1	0
AL451069	0	1	0
AL451105	0	1	0
AL451127	0	1	0
AL451137	0	1	0
AL451142	0	1	0
AL499605	0	1	0
AL512353	0	1	0
AL512361	0	1	0
AL512590	0	1	0
AL512594	0	1	0
AL512603	0	1	0
AL512634	0	1	0
AL512635	0	1	0
AL512638	0	1	0
AL512649	0	1	0
AL512844	0	1	0
AL513123	0	1	0
AL513124	0	1	0
AL513166	0	1	0
AL513185	0	1	0
AL513210	0	1	0
AL513285	0	1	0
AL513321	0	1	0
AL513323	0	1	0
AL513524	0	1	0
AL583808	0	1	0
AL583809	0	1	0
AL583839	0	1	0
AL583856	0	1	0
AL589647	0	1	0
AL589669	0	1	0
AL589678	0	1	0
AL589740	0	1	0
AL589745	0	1	0
AL589843	0	1	0
AL589935	0	1	0
AL589986	0	1	0
AL589991	0	1	0
AL590027	0	1	0
AL590068	0	1	0
AL590135	0	1	0
AL590381	0	1	0
AL590550	0	1	0
AL590644	0	1	0
AL590705	0	1	0
AL590807	0	1	0
AL590814	0	1	0
AL590867	0	1	0
AL590965	0	1	0
AL591030	0	1	0
AL591043	0	1	0
AL591074	0	1	0
AL591135	0	1	0
AL591501	0	1	0
AL591519	0	1	0
AL591742	0	1	0
AL591888	0	1	0
AL592293	0	1	0
AL592309	0	1	0
AL592429	0	1	0
AL592464	0	1	0
AL592466	0	1	0
AL592546	0	1	0
AL596214	0	1	0
AL596268	0	1	0
AL596275	0	1	0
AL596276	0	1	0
AL596448	0	1	0
AL603764	0	1	0
AL603766	0	1	0
AL603825	0	1	0
AL603840	0	1	0
AL603841	0	1	0
AL606468	0	1	0
AL606753	0	1	0
AL606760	0	1	0
AL627223	0	1	0
AL627316	0	1	0
AL627389	0	1	0
AL645568	0	1	0
AL645929	0	1	0
AL645944	0	1	0
AL646090	0	1	0
AL662814	0	1	0
AL662907	0	1	0
AL663109	0	1	0
AL669983	0	1	0
AL671862	0	1	0
AL672138	0	1	0
AL672212	0	1	0
AL683807	0	1	0
AL683887	0	1	0
AL691482	0	1	0
AL691520	0	1	0
AL713851	0	1	0
AL713852	0	1	0
AL713923	0	1	0
AL714022	0	1	0
AL731533	0	1	0
AL732292	0	1	0
AL732437	0	1	0
AL772161	0	1	0
AL772284	0	1	0
AL772337	0	1	0
AL807742	0	1	0
AL807761	0	1	0
AL844175	0	1	0
AL929091	0	1	0
AL929302	0	1	0
ALAD	1	0	1
ALAS1	1	0	1
ALAS2	1	0	1
ALB	1	0	1
ALCAM	1	0	1
ALDH16A1	1	0	1
ALDH18A1	1	0	1
ALDH1A1	1	0	1
ALDH1A2	1	0	1
ALDH1A3	1	0	1
ALDH1B1	1	0	1
ALDH1L1	1	0	1
ALDH1L1-AS2	0	1	0
ALDH1L2	1	0	1
ALDH2	1	0	1
ALDH3A1	1	0	1
ALDH3A2	1	0	1
ALDH3B1	1	0	1
ALDH3B2	1	0	1
ALDH4A1	1	0	1
ALDH5A1	1	1	1
ALDH6A1	1	0	1
ALDH7A1	1	1	1
ALDH8A1	1	0	1
ALDH9A1	1	0	1
ALDOA	1	0	1
ALDOB	1	0	1
ALDOC	1	0	1
ALG1	1	0	1
ALG10	1	0	1
ALG10B	1	1	1
ALG11	1	0	1
ALG12	1	0	1
ALG13	1	0	1
ALG14	1	0	1
ALG1L1P	1	0	0
ALG1L2	1	0	1
ALG2	1	0	1
ALG3	1	0	1
ALG5	1	0	1
ALG6	1	0	1
ALG8	1	1	1
ALG9	1	0	1
ALK	1	0	1
ALKAL1	1	0	1
ALKAL2	1	0	1
ALKBH1	1	0	1
ALKBH2	1	0	1
ALKBH3	1	0	1
ALKBH4	1	0	1
ALKBH5	1	0	1
ALKBH6	1	0	1
ALKBH7	1	0	1
ALKBH8	1	0	1
ALLC	1	1	1
ALMS1	1	1	1
ALOX12	1	0	1
ALOX12B	1	0	1
ALOX12P2	0	1	0
ALOX15	1	0	1
ALOX15B	1	1	1
ALOX5	1	0	1
ALOX5AP	1	0	1
ALOXE3	1	0	1
ALPG	1	0	1
ALPI	1	0	1
ALPK1	1	1	1
ALPK2	1	0	1
ALPK3	1	0	1
ALPL	1	0	1
ALPP	1	0	1
ALS2	1	0	1
ALS2CL	1	0	1
ALX1	1	0	1
ALX3	1	0	1
ALX4	1	0	1
ALYREF	1	0	1
AMACR	1	0	1
AMBN	1	0	1
AMBP	1	0	1
AMBRA1	1	0	1
AMD1	1	0	1
AMD1P1	0	1	0
AMD1P3	0	1	0
AMDHD1	1	0	1
AMDHD2	1	0	1
AMELX	1	0	1
AMELY	1	0	1
AMER1	1	0	1
AMER2	1	0	1
AMER3	1	0	1
AMFR	1	0	1
AMH	1	0	1
AMHR2	1	0	1
AMIGO1	1	0	1
AMIGO2	1	0	1
AMIGO3	1	0	1
AMMECR1	1	0	1
AMMECR1L	1	0	1
AMN	1	0	1
AMN1	1	0	1
AMOT	1	0	1
AMOTL1	1	0	1
AMOTL2	1	0	1
AMPD1	1	0	1
AMPD2	1	0	1
AMPD3	1	0	1
AMPH	1	0	1
AMT	1	0	1
AMTN	1	0	1
AMY1A	1	0	1
AMY1B	1	0	1
AMY1C	1	0	1
AMY2A	1	0	1
AMY2B	1	0	1
AMZ1	1	0	1
AMZ2	1	0	1
ANAPC1	1	0	1
ANAPC10	1	0	1
ANAPC11	1	1	1
ANAPC13	1	0	1
ANAPC15	1	0	1
ANAPC16	1	0	1
ANAPC2	1	0	1
ANAPC4	1	0	1
ANAPC5	1	0	1
ANAPC7	1	0	1
ANG	1	0	1
ANGEL1	1	0	1
ANGEL2	1	0	1
ANGPT1	1	0	1
ANGPT2	1	0	1
ANGPT4	1	0	1
ANGPTL1	1	0	1
ANGPTL2	1	0	1
ANGPTL3	1	0	1
ANGPTL4	1	0	1
ANGPTL5	1	0	1
ANGPTL6	1	0	1
ANGPTL7	1	0	1
ANGPTL8	1	0	1
ANHX	1	0	1
ANK1	1	0	1
ANK2	1	1	1
ANK3	1	0	1
ANKAR	1	1	1
ANKDD1A	1	0	1
ANKDD1B	1	0	1
ANKEF1	1	0	1
ANKFN1	1	0	1
ANKFY1	1	0	1
ANKH	1	0	1
ANKHD1	1	0	1
ANKHD1-EIF4EBP3	0	0	1
ANKIB1	1	0	1
ANKK1	1	0	1
ANKLE1	1	0	1
ANKLE2	1	0	1
ANKMY1	1	0	1
ANKMY2	1	0	1
ANKRA2	1	0	1
ANKRD1	1	0	1
ANKRD10	1	0	1
ANKRD11	1	0	1
ANKRD12	1	0	1
ANKRD13A	1	0	1
ANKRD13B	1	0	1
ANKRD13C	1	0	1
ANKRD13D	1	0	1
ANKRD16	1	0	1
ANKRD17	1	0	1
ANKRD18A	1	0	1
ANKRD18B	1	0	1
ANKRD2	1	0	1
ANKRD20A1	1	0	1
ANKRD20A11P	0	1	0
ANKRD20A2P	1	0	0
ANKRD20A3P	1	0	0
ANKRD20A4P	1	0	0
ANKRD20A5P	0	1	0
ANKRD22	1	0	1
ANKRD23	1	0	1
ANKRD24	1	0	1
ANKRD26	1	0	1
ANKRD26P1	0	1	0
ANKRD27	1	0	1
ANKRD28	1	0	1
ANKRD29	1	0	1
ANKRD30A	1	1	1
ANKRD30B	1	0	1
ANKRD30BL	1	0	1
ANKRD31	1	0	1
ANKRD33	1	0	1
ANKRD33B	1	0	1
ANKRD34A	1	0	1
ANKRD34B	1	0	1
ANKRD34C	1	0	1
ANKRD35	1	0	1
ANKRD36	1	0	1
ANKRD36B	1	0	1
ANKRD36C	1	1	1
ANKRD37	1	0	1
ANKRD39	1	0	1
ANKRD40	1	0	1
ANKRD40CL	1	0	1
ANKRD42	1	0	1
ANKRD44	1	0	1
ANKRD45	1	0	1
ANKRD46	1	0	1
ANKRD49	1	0	1
ANKRD50	1	0	1
ANKRD52	1	0	1
ANKRD53	1	0	1
ANKRD54	1	0	1
ANKRD55	1	0	1
ANKRD6	1	0	1
ANKRD60	1	0	1
ANKRD61	1	0	1
ANKRD62	1	0	1
ANKRD63	1	0	1
ANKRD65	1	0	1
ANKRD66	1	1	1
ANKRD7	1	1	1
ANKRD9	1	0	1
ANKS1A	1	0	1
ANKS1B	1	0	1
ANKS3	1	0	1
ANKS4B	1	0	1
ANKS6	1	0	1
ANKUB1	1	0	1
ANKZF1	1	0	1
ANLN	1	0	1
ANO1	1	0	1
ANO10	1	0	1
ANO2	1	0	1
ANO3	1	0	1
ANO4	1	0	1
ANO5	1	0	1
ANO6	1	0	1
ANO7	1	0	1
ANO8	1	0	1
ANO9	1	0	1
ANOS1	1	0	1
ANP32A	1	0	1
ANP32AP1	0	1	0
ANP32B	1	0	1
ANP32D	1	1	1
ANP32E	1	0	1
ANPEP	1	0	1
ANTKMT	1	0	1
ANTXR1	1	0	1
ANTXR2	1	1	1
ANTXRL	1	0	1
ANTXRLP1	0	1	0
ANXA1	1	0	1
ANXA10	1	0	1
ANXA11	1	0	1
ANXA13	1	0	1
ANXA2	1	0	1
ANXA2R	1	0	1
ANXA3	1	0	1
ANXA4	1	0	1
ANXA5	1	0	1
ANXA6	1	0	1
ANXA7	1	0	1
ANXA8	1	0	1
ANXA8L1	1	0	1
ANXA9	1	0	1
AOAH	1	0	1
AOC1	1	0	1
AOC2	1	0	1
AOC3	1	0	1
AOPEP	1	0	1
AOX1	1	0	1
AOX3P	0	1	0
AOX3P-AOX2P	0	1	0
AP000146	0	1	0
AP000229	0	1	0
AP000235	0	1	0
AP000289	0	1	0
AP000311	0	1	0
AP000357	0	1	0
AP000424	0	1	0
AP000431	0	1	0
AP000459	0	1	0
AP000477	0	1	0
AP000640	0	1	0
AP000676	0	1	0
AP000688	0	1	0
AP000705	0	1	0
AP000755	0	1	0
AP000777	0	1	0
AP000790	0	1	0
AP000894	0	1	0
AP000959	0	1	0
AP001011	0	1	0
AP001029	0	1	0
AP001033	0	1	0
AP001042	0	1	0
AP001085	0	1	0
AP001116	0	1	0
AP001172	0	1	0
AP001208	0	1	0
AP001266	0	1	0
AP001324	0	1	0
AP001330	0	1	0
AP001342	0	1	0
AP001347	0	1	0
AP001357	0	1	0
AP001485	0	1	0
AP001486	0	1	0
AP001582	0	1	0
AP001596	0	1	0
AP001631	0	1	0
AP001636	0	1	0
AP001767	0	1	0
AP001790	0	1	0
AP001804	0	1	0
AP001831	0	1	0
AP001977	0	1	0
AP001993	0	1	0
AP001994	0	1	0
AP001999	0	1	0
AP002001	0	1	0
AP002353	0	1	0
AP002518	0	1	0
AP002784	0	1	0
AP002802	0	1	0
AP002813	0	1	0
AP002852	0	1	0
AP003038	0	1	0
AP003040	0	1	0
AP003041	0	1	0
AP003059	0	1	0
AP003066	0	1	0
AP003072	0	1	0
AP003080	0	1	0
AP003100	0	1	0
AP003171	0	1	0
AP003173	0	1	0
AP003351	0	1	0
AP003354	0	1	0
AP003398	0	1	0
AP003464	0	1	0
AP003469	0	1	0
AP003499	0	1	0
AP003557	0	1	0
AP003715	0	1	0
AP003969	0	1	0
AP003973	0	1	0
AP004195	0	1	0
AP004245	0	1	0
AP004606	0	1	0
AP004833	0	1	0
AP005119	0	1	0
AP005139	0	1	0
AP005203	0	1	0
AP005209	0	1	0
AP005230	0	1	0
AP005262	0	1	0
AP005270	0	1	0
AP005271	0	1	0
AP005482	0	1	0
AP005597	0	1	0
AP006219	0	1	0
AP006245	0	1	0
AP006296	0	1	0
AP006748	0	1	0
AP1AR	1	0	1
AP1B1	1	1	1
AP1G1	1	0	1
AP1G2	1	0	1
AP1M1	1	0	1
AP1M2	1	0	1
AP1S1	1	0	1
AP1S2	1	0	1
AP1S3	1	0	1
AP2A1	1	0	1
AP2A2	1	0	1
AP2B1	1	0	1
AP2M1	1	0	1
AP2S1	1	0	1
AP3B1	1	0	1
AP3B2	1	0	1
AP3D1	1	0	1
AP3M1	1	0	1
AP3M2	1	0	1
AP3S1	1	0	1
AP3S2	1	0	1
AP4B1	1	0	1
AP4E1	1	0	1
AP4M1	1	0	1
AP4S1	1	0	1
AP5B1	1	0	1
AP5M1	1	0	1
AP5S1	1	0	1
AP5Z1	1	0	1
APAF1	1	0	1
APBA1	1	0	1
APBA2	1	0	1
APBA3	1	0	1
APBB1	1	0	1
APBB1IP	1	0	1
APBB2	1	0	1
APBB3	1	0	1
APC	1	0	1
APC2	1	0	1
APCDD1	1	0	1
APCDD1L	1	0	1
APCS	1	0	1
APEH	1	0	1
APELA	1	0	1
APEX1	1	0	1
APEX2	1	0	1
APH1A	1	0	1
APH1B	1	0	1
API5	1	0	1
APIP	1	0	1
APLF	1	0	1
APLN	1	0	1
APLNR	1	0	1
APLP1	1	0	1
APLP2	1	1	1
APMAP	1	0	1
APOA1	1	0	1
APOA2	1	0	1
APOA4	1	0	1
APOA5	1	0	1
APOB	1	0	1
APOBEC1	1	0	1
APOBEC2	1	0	1
APOBEC3A	1	0	1
APOBEC3B	1	0	1
APOBEC3C	1	0	1
APOBEC3D	1	0	1
APOBEC3F	1	0	1
APOBEC3G	1	0	1
APOBEC3H	1	0	1
APOBEC4	1	0	1
APOBR	1	1	1
APOC1	1	0	1
APOC1P1	0	1	0
APOC2	1	0	1
APOC3	1	0	1
APOC4	1	0	1
APOD	1	0	1
APOE	1	0	1
APOF	1	0	1
APOH	1	0	1
APOL1	1	1	1
APOL2	1	0	1
APOL3	1	1	1
APOL4	1	1	1
APOL5	1	0	1
APOL6	1	0	1
APOLD1	1	0	1
APOM	1	0	1
APOO	1	0	1
APOOL	1	0	1
APOOP5	0	1	0
APP	1	0	1
APPBP2	1	0	1
APPL1	1	0	1
APPL2	1	0	1
APRT	1	0	1
APTX	1	0	1
AQP1	1	0	1
AQP10	1	0	1
AQP11	1	0	1
AQP12A	1	0	1
AQP12B	1	0	1
AQP2	1	0	1
AQP3	1	0	1
AQP4	1	0	1
AQP5	1	0	1
AQP6	1	0	1
AQP7	1	0	1
AQP7B	1	0	1
AQP8	1	0	1
AQP9	1	0	1
AQR	1	0	1
AR	1	1	1
ARAF	1	0	1
ARAP1	1	0	1
ARAP2	1	1	1
ARAP3	1	0	1
ARC	1	0	1
ARCN1	1	0	1
AREG	1	0	1
AREL1	1	0	1
ARF1	1	0	1
ARF3	1	0	1
ARF4	1	0	1
ARF5	1	0	1
ARF6	1	0	1
ARFGAP1	1	0	1
ARFGAP2	1	0	1
ARFGAP3	1	0	1
ARFGEF1	1	0	1
ARFGEF2	1	0	1
ARFGEF3	1	0	1
ARFIP1	1	0	1
ARFIP2	1	0	1
ARFRP1	1	0	1
ARG1	1	0	1
ARG2	1	0	1
ARGFX	1	1	1
ARGFXP1	0	1	0
ARGLU1	1	0	1
ARHGAP1	1	0	1
ARHGAP10	1	0	1
ARHGAP11A	1	0	1
ARHGAP12	1	0	1
ARHGAP15	1	0	1
ARHGAP16P	0	1	0
ARHGAP17	1	0	1
ARHGAP18	1	0	1
ARHGAP19	1	0	1
ARHGAP20	1	0	1
ARHGAP21	1	1	1
ARHGAP22	1	0	1
ARHGAP23	1	0	1
ARHGAP24	1	0	1
ARHGAP25	1	1	1
ARHGAP26	1	0	1
ARHGAP27	1	0	1
ARHGAP28	1	0	1
ARHGAP29	1	1	1
ARHGAP29-AS1	0	1	0
ARHGAP30	1	0	1
ARHGAP31	1	0	1
ARHGAP32	1	0	1
ARHGAP33	1	0	1
ARHGAP35	1	0	1
ARHGAP36	1	0	1
ARHGAP39	1	0	1
ARHGAP4	1	1	1
ARHGAP40	1	0	1
ARHGAP42	1	0	1
ARHGAP42P2	0	1	0
ARHGAP44	1	0	1
ARHGAP45	1	0	1
ARHGAP5	1	0	1
ARHGAP6	1	0	1
ARHGAP8	1	0	1
ARHGAP9	1	1	1
ARHGDIA	1	0	1
ARHGDIB	1	0	1
ARHGDIG	1	0	1
ARHGEF1	1	0	1
ARHGEF10	1	0	1
ARHGEF10L	1	0	1
ARHGEF11	1	0	1
ARHGEF12	1	0	1
ARHGEF15	1	0	1
ARHGEF16	1	0	1
ARHGEF17	1	0	1
ARHGEF18	1	1	1
ARHGEF19	1	0	1
ARHGEF2	1	0	1
ARHGEF25	1	0	1
ARHGEF26	1	0	1
ARHGEF26-AS1	0	1	0
ARHGEF28	1	0	1
ARHGEF3	1	0	1
ARHGEF33	1	0	1
ARHGEF35	1	0	1
ARHGEF37	1	0	1
ARHGEF38	1	0	1
ARHGEF39	1	0	1
ARHGEF4	1	0	1
ARHGEF40	1	0	1
ARHGEF5	1	0	1
ARHGEF6	1	0	1
ARHGEF7	1	0	1
ARHGEF9	1	1	1
ARID1A	1	0	1
ARID1B	1	0	1
ARID2	1	0	1
ARID3A	1	0	1
ARID3B	1	0	1
ARID3C	1	0	1
ARID4A	1	0	1
ARID4B	1	0	1
ARID5A	1	0	1
ARID5B	1	0	1
ARIH1	1	0	1
ARIH2	1	0	1
ARL1	1	0	1
ARL10	1	0	1
ARL11	1	0	1
ARL13A	1	0	1
ARL13B	1	1	1
ARL14	1	0	1
ARL14EP	1	0	1
ARL14EPL	1	0	1
ARL15	1	0	1
ARL16	1	0	1
ARL17A	1	0	1
ARL17B	1	0	1
ARL2	1	0	1
ARL2BP	1	0	1
ARL2BPP1	0	1	0
ARL2BPP3	0	1	0
ARL2BPP6	0	1	0
ARL3	1	0	1
ARL4A	1	0	1
ARL4C	1	0	1
ARL4D	1	0	1
ARL5A	1	0	1
ARL5B	1	0	1
ARL5C	1	0	1
ARL6	1	0	1
ARL6IP1	1	0	1
ARL6IP1P2	0	1	0
ARL6IP4	1	0	1
ARL6IP5	1	0	1
ARL6IP6	1	0	1
ARL8A	1	0	1
ARL8B	1	0	1
ARL9	1	0	1
ARMC1	1	0	1
ARMC10	1	0	1
ARMC12	1	0	1
ARMC2	1	0	1
ARMC3	1	0	1
ARMC5	1	0	1
ARMC6	1	0	1
ARMC7	1	0	1
ARMC8	1	0	1
ARMC9	1	0	1
ARMCX1	1	0	1
ARMCX2	1	0	1
ARMCX3	1	0	1
ARMCX4	1	1	1
ARMCX5	1	0	1
ARMCX6	1	0	1
ARMH1	1	0	1
ARMH2	1	0	1
ARMH3	1	0	1
ARMH4	1	0	1
ARMS2	1	0	1
ARMT1	1	0	1
ARNT	1	1	1
ARNT2	1	0	1
ARNTL2-AS1	0	1	0
ARPC1A	1	0	1
ARPC1B	1	0	1
ARPC2	1	0	1
ARPC3	1	0	1
ARPC4	1	0	1
ARPC4-TTLL3	0	0	1
ARPC5	1	0	1
ARPC5L	1	0	1
ARPIN	1	0	1
ARPP19	1	0	1
ARPP21	1	0	1
ARR3	1	0	1
ARRB1	1	0	1
ARRB2	1	0	1
ARRDC1	1	0	1
ARRDC2	1	0	1
ARRDC3	1	0	1
ARRDC4	1	0	1
ARRDC5	1	0	1
ARSA	1	0	1
ARSB	1	1	1
ARSD	1	0	1
ARSF	1	1	1
ARSG	1	0	1
ARSH	1	0	1
ARSI	1	0	1
ARSJ	1	0	1
ARSK	1	0	1
ARSL	1	0	1
ART1	1	0	1
ART3	1	0	1
ART4	1	0	1
ART5	1	1	1
ARTN	1	0	1
ARV1	1	0	1
ARVCF	1	0	1
ARX	1	0	1
AS3MT	1	0	1
ASAH1	1	0	1
ASAH2	1	0	1
ASAH2B	1	0	1
ASAP1	1	0	1
ASAP2	1	0	1
ASAP3	1	0	1
ASB1	1	0	1
ASB10	1	0	1
ASB11	1	0	1
ASB12	1	0	1
ASB13	1	0	1
ASB14	1	1	1
ASB15	1	1	1
ASB16	1	0	1
ASB17	1	0	1
ASB18	1	0	1
ASB2	1	0	1
ASB3	1	0	1
ASB4	1	0	1
ASB5	1	0	1
ASB6	1	0	1
ASB7	1	0	1
ASB8	1	0	1
ASB9	1	0	1
ASCC1	1	0	1
ASCC2	1	0	1
ASCC3	1	0	1
ASCL1	1	0	1
ASCL2	1	0	1
ASCL3	1	0	1
ASCL4	1	0	1
ASCL5	1	0	1
ASDURF	1	0	1
ASF1A	1	0	1
ASF1B	1	0	1
ASGR1	1	0	1
ASGR2	1	0	1
ASH1L	1	0	1
ASH2L	1	0	1
ASIC1	1	0	1
ASIC2	1	0	1
ASIC3	1	0	1
ASIC4	1	0	1
ASIC5	1	0	1
ASIP	1	0	1
ASL	1	0	1
ASMT	1	0	1
ASMTL	1	0	1
ASNS	1	0	1
ASNSD1	1	0	1
ASNSP1	0	1	0
ASPA	1	0	1
ASPDH	1	0	1
ASPG	1	1	1
ASPH	1	0	1
ASPHD1	1	0	1
ASPHD2	1	0	1
ASPM	1	0	1
ASPN	1	0	1
ASPRV1	1	0	1
ASPSCR1	1	0	1
ASRGL1	1	0	1
ASS1	1	0	1
ASS1P11	0	1	0
ASS1P12	0	1	0
ASS1P4	0	1	0
ASTE1	1	0	1
ASTL	1	0	1
ASTN1	1	0	1
ASTN2	1	1	1
ASXL1	1	0	1
ASXL2	1	0	1
ASXL3	1	0	1
ASZ1	1	0	1
ATAD1	1	0	1
ATAD2	1	1	1
ATAD2B	1	0	1
ATAD3A	1	0	1
ATAD3B	1	0	1
ATAD3C	1	1	1
ATAD5	1	0	1
ATAT1	1	0	1
ATCAY	1	0	1
ATE1	1	0	1
ATE1-AS1	0	1	0
ATF1	1	0	1
ATF2	1	0	1
ATF3	1	0	1
ATF4	1	0	1
ATF5	1	1	1
ATF6	1	0	1
ATF6B	1	0	1
ATF7	1	0	1
ATF7IP	1	0	1
ATF7IP2	1	0	1
ATG10	1	1	1
ATG101	1	0	1
ATG12	1	0	1
ATG13	1	0	1
ATG14	1	0	1
ATG16L1	1	0	1
ATG16L2	1	0	1
ATG2A	1	0	1
ATG2B	1	0	1
ATG3	1	0	1
ATG4A	1	0	1
ATG4B	1	0	1
ATG4C	1	0	1
ATG4D	1	0	1
ATG5	1	0	1
ATG7	1	0	1
ATG9A	1	0	1
ATG9B	1	0	1
ATIC	1	0	1
ATL1	1	0	1
ATL2	1	0	1
ATL3	1	0	1
ATM	1	0	1
ATMIN	1	0	1
ATN1	1	0	1
ATOH1	1	0	1
ATOH7	1	0	1
ATOH8	1	0	1
ATOSA	1	0	1
ATOSB	1	0	1
ATOX1	1	0	1
ATP10A	1	0	1
ATP10B	1	0	1
ATP10D	1	0	1
ATP11A	1	1	1
ATP11AUN	0	1	0
ATP11B	1	0	1
ATP11C	1	0	1
ATP12A	1	0	1
ATP13A1	1	0	1
ATP13A2	1	0	1
ATP13A3	1	0	1
ATP13A4	1	0	1
ATP13A5	1	0	1
ATP1A1	1	0	1
ATP1A2	1	1	1
ATP1A3	1	0	1
ATP1A4	1	1	1
ATP1B1	1	0	1
ATP1B2	1	0	1
ATP1B3	1	0	1
ATP1B4	1	0	1
ATP23	1	0	1
ATP2A1	1	0	1
ATP2A2	1	0	1
ATP2A3	1	0	1
ATP2B1	1	0	1
ATP2B2	1	0	1
ATP2B3	1	0	1
ATP2B4	1	0	1
ATP2C1	1	0	1
ATP2C2	1	0	1
ATP4A	1	0	1
ATP4B	1	0	1
ATP5F1A	1	0	1
ATP5F1B	1	0	1
ATP5F1C	1	0	1
ATP5F1D	1	0	1
ATP5F1E	1	0	1
ATP5IF1	1	1	1
ATP5MC1	1	0	1
ATP5MC1P7	0	1	0
ATP5MC2	1	1	1
ATP5MC2P4	0	1	0
ATP5MC3	1	0	1
ATP5MDP1	0	1	0
ATP5ME	1	0	1
ATP5MF	1	0	1
ATP5MG	1	0	1
ATP5MGL	1	0	1
ATP5MGP2	0	1	0
ATP5MJ	1	0	1
ATP5MK	1	0	1
ATP5PB	1	0	1
ATP5PD	1	0	1
ATP5PF	1	0	1
ATP5PO	1	0	1
ATP6AP1	1	0	1
ATP6AP1L	1	0	0
ATP6AP2	1	0	1
ATP6V0A1	1	1	1
ATP6V0A2	1	0	1
ATP6V0A4	1	1	1
ATP6V0B	1	0	1
ATP6V0C	1	0	1
ATP6V0D1	1	0	1
ATP6V0D2	1	0	1
ATP6V0E1	1	0	1
ATP6V0E2	1	0	1
ATP6V1A	1	0	1
ATP6V1B1	1	0	1
ATP6V1B2	1	0	1
ATP6V1C1	1	0	1
ATP6V1C2	1	0	1
ATP6V1D	1	0	1
ATP6V1E1	1	0	1
ATP6V1E1P1	0	1	0
ATP6V1E2	1	0	1
ATP6V1F	1	0	1
ATP6V1FNB	1	0	1
ATP6V1G1	1	0	1
ATP6V1G2	1	0	1
ATP6V1G3	1	0	1
ATP6V1H	1	0	1
ATP7A	1	0	1
ATP7B	1	0	1
ATP8A1	1	0	1
ATP8A2	1	0	1
ATP8A2P3	0	1	0
ATP8B1	1	0	1
ATP8B2	1	0	1
ATP8B3	1	0	1
ATP8B4	1	0	1
ATP9A	1	0	1
ATP9B	1	0	1
ATPAF1	1	0	1
ATPAF2	1	0	1
ATPSCKMT	1	0	1
ATR	1	0	1
ATRAID	1	0	1
ATRIP	1	0	1
ATRN	1	0	1
ATRNL1	1	0	1
ATRX	1	0	1
ATXN1	1	1	1
ATXN10	1	0	1
ATXN1L	1	0	1
ATXN2	1	0	1
ATXN2L	1	0	1
ATXN3	1	1	1
ATXN3L	1	0	1
ATXN7	1	0	1
ATXN7L1	1	0	1
ATXN7L2	1	0	1
ATXN7L3	1	0	1
ATXN7L3B	1	0	1
ATXN8OS	0	1	0
AUH	1	0	1
AUNIP	1	0	1
AUP1	1	0	1
AURKA	1	1	1
AURKAIP1	1	0	1
AURKB	1	0	1
AURKC	1	0	1
AUTS2	1	0	1
AVEN	1	0	1
AVIL	1	0	1
AVL9	1	0	1
AVP	1	0	1
AVPI1	1	0	1
AVPR1A	1	0	1
AVPR1B	1	1	1
AVPR2	1	0	1
AWAT1	1	0	1
AWAT2	1	0	1
AXDND1	1	0	1
AXIN1	1	1	1
AXIN2	1	0	1
AXL	1	0	1
AZGP1	1	0	1
AZI2	1	0	1
AZIN1	1	0	1
AZIN1-AS1	0	1	0
AZIN2	1	0	1
AZU1	1	0	1
B2M	1	0	1
B3GALNT1	1	1	1
B3GALNT2	1	1	1
B3GALT1	1	0	1
B3GALT2	1	0	1
B3GALT4	1	0	1
B3GALT5	1	1	1
B3GALT6	1	0	1
B3GALT9	1	0	1
B3GAT1	1	1	1
B3GAT2	1	0	1
B3GAT3	1	1	1
B3GLCT	1	0	1
B3GNT2	1	1	1
B3GNT3	1	0	1
B3GNT4	1	0	1
B3GNT5	1	0	1
B3GNT6	1	0	1
B3GNT7	1	0	1
B3GNT8	1	0	1
B3GNT9	1	0	1
B3GNTL1	1	0	1
B3GNTL1P2	0	1	0
B4GALNT1	1	0	1
B4GALNT2	1	0	1
B4GALNT2P1	0	1	0
B4GALNT3	1	0	1
B4GALNT4	1	0	1
B4GALT1	1	0	1
B4GALT2	1	0	1
B4GALT3	1	0	1
B4GALT4	1	0	1
B4GALT5	1	1	1
B4GALT6	1	0	1
B4GALT7	1	0	1
B4GAT1	1	0	1
B9D1	1	0	1
B9D2	1	0	1
BAALC	1	0	1
BAALC-AS1	0	1	0
BAAT	1	0	1
BABAM1	1	0	1
BABAM2	1	0	1
BACE1	1	0	1
BACE2	1	0	1
BACH1	1	1	1
BACH2	1	0	1
BAD	1	0	1
BAG1	1	0	1
BAG2	1	0	1
BAG3	1	0	1
BAG4	1	0	1
BAG5	1	0	1
BAG6	1	0	1
BAHCC1	1	0	1
BAHD1	1	0	1
BAIAP2	1	0	1
BAIAP2L1	1	0	1
BAIAP2L2	1	0	1
BAIAP3	1	0	1
BAK1	1	0	1
BAMBI	1	0	1
BANF1	1	0	1
BANF1P5	0	1	0
BANF2	1	0	1
BANK1	1	1	1
BANP	1	0	1
BAP1	1	0	1
BARD1	1	1	1
BARHL1	1	0	1
BARHL2	1	0	1
BARX1	1	0	1
BARX2	1	0	1
BASP1	1	0	1
BATF	1	0	1
BATF2	1	0	1
BATF3	1	0	1
BAX	1	0	1
BAZ1A	1	0	1
BAZ1B	1	0	1
BAZ2A	1	0	1
BAZ2B	1	0	1
BBC3	1	0	1
BBIP1	1	0	1
BBLN	1	0	1
BBOF1	1	0	1
BBOX1	1	0	1
BBOX1-AS1	0	1	0
BBS1	1	0	1
BBS10	1	0	1
BBS12	1	0	1
BBS2	1	0	1
BBS4	1	0	1
BBS5	1	0	1
BBS7	1	0	1
BBS9	1	1	1
BBX	1	1	1
BCAM	1	0	1
BCAN	1	0	1
BCAP29	1	1	1
BCAP31	1	0	1
BCAR1	1	0	1
BCAR3	1	0	1
BCAR4	0	1	0
BCAS1	1	0	1
BCAS2	1	0	1
BCAS2P1	0	1	0
BCAS3	1	0	1
BCAS4	1	0	1
BCAT1	1	0	1
BCAT2	1	0	1
BCCIP	1	0	1
BCDIN3D	1	1	1
BCHE	1	0	1
BCKDHA	1	0	1
BCKDHB	1	0	1
BCKDK	1	0	1
BCL10	1	0	1
BCL11A	1	0	1
BCL11B	1	0	1
BCL2	1	0	1
BCL2A1	1	0	1
BCL2L1	1	0	1
BCL2L10	1	0	1
BCL2L11	1	0	1
BCL2L12	1	0	1
BCL2L13	1	1	1
BCL2L14	1	0	1
BCL2L15	1	0	1
BCL2L2	1	0	1
BCL3	1	0	1
BCL6	1	0	1
BCL6B	1	0	1
BCL7A	1	0	1
BCL7B	1	0	1
BCL7C	1	0	1
BCL9	1	0	1
BCL9L	1	0	1
BCLAF1	1	0	1
BCLAF1P1	0	1	0
BCLAF3	1	0	1
BCO1	1	0	1
BCO2	1	0	1
BCOR	1	0	1
BCORL1	1	0	1
BCR	1	0	1
BCRP2	0	1	0
BCS1L	1	0	1
BDH1	1	0	1
BDH2	1	0	1
BDKRB1	1	0	1
BDKRB2	1	0	1
BDNF	1	0	1
BDP1	1	1	1
BEAN1	1	0	1
BECN1	1	0	1
BECN2	1	0	1
BEGAIN	1	0	1
BEND2	1	0	1
BEND3	1	0	1
BEND4	1	0	1
BEND5	1	0	1
BEND6	1	0	1
BEND7	1	0	1
BEST1	1	1	1
BEST2	1	0	1
BEST3	1	0	1
BEST4	1	0	1
BET1	1	0	1
BET1L	1	0	1
BEX1	1	0	1
BEX2	1	0	1
BEX3	1	0	1
BEX4	1	0	1
BEX5	1	0	1
BFAR	1	0	1
BFSP1	1	0	1
BFSP2	1	0	1
BGLAP	1	0	1
BGN	1	0	1
BHLHA15	1	0	1
BHLHA9	1	0	1
BHLHE22	1	0	1
BHLHE23	1	1	1
BHLHE40	1	0	1
BHLHE41	1	0	1
BHMG1	0	1	0
BHMT	1	0	1
BHMT2	1	0	1
BICC1	1	0	1
BICD1	1	0	1
BICD2	1	0	1
BICDL1	1	0	1
BICDL2	1	0	1
BICRA	1	0	1
BICRAL	1	0	1
BID	1	0	1
BIK	1	0	1
BIN1	1	0	1
BIN2	1	0	1
BIN2P2	0	1	0
BIN3	1	0	1
BIRC2	1	0	1
BIRC3	1	0	1
BIRC5	1	1	1
BIRC6	1	0	1
BIRC7	1	0	1
BIVM	1	0	1
BIVM-ERCC5	0	0	1
BLACAT1	1	0	1
BLACE	0	1	0
BLCAP	1	0	1
BLID	1	0	1
BLK	1	0	1
BLM	1	0	1
BLMH	1	0	1
BLNK	1	0	1
BLOC1S1	1	0	1
BLOC1S2	1	0	1
BLOC1S3	1	0	1
BLOC1S4	1	0	1
BLOC1S5	1	0	1
BLOC1S6	1	0	1
BLTP1	1	0	1
BLTP2	1	0	1
BLTP3A	1	0	1
BLTP3B	1	0	1
BLVRA	1	1	1
BLVRB	1	0	1
BLZF1	1	0	1
BMAL1	1	0	1
BMAL2	1	0	1
BMERB1	1	0	1
BMF	1	0	1
BMI1	1	0	1
BMP1	1	0	1
BMP10	1	0	1
BMP15	1	0	1
BMP2	1	0	1
BMP2K	1	0	1
BMP3	1	0	1
BMP4	1	0	1
BMP5	1	0	1
BMP6	1	0	1
BMP7	1	0	1
BMP8A	1	0	1
BMP8B	1	0	1
BMPER	1	0	1
BMPR1A	1	0	1
BMPR1AP2	0	1	0
BMPR1B	1	0	1
BMPR2	1	0	1
BMS1	1	0	1
BMS1P19	0	1	0
BMT2	1	0	1
BMX	1	0	1
BNC1	1	0	1
BNC2	1	0	1
BNIP1	1	1	1
BNIP2	1	0	1
BNIP3	1	0	1
BNIP3L	1	0	1
BNIP5	1	0	1
BNIPL	1	0	1
BOC	1	0	1
BOD1	1	0	1
BOD1L1	1	0	1
BOD1L2	1	0	1
BOK	1	0	1
BOLA1	1	0	1
BOLA2	1	0	1
BOLA2-SMG1P6	0	0	1
BOLA2B	1	0	1
BOLA3	1	0	1
BOLL	1	1	1
BOP1	1	0	1
BORA	1	0	1
BORCS5	1	0	1
BORCS6	1	0	1
BORCS7	1	0	1
BORCS8	1	0	1
BPGM	1	0	1
BPHL	1	0	1
BPI	1	0	1
BPIFA1	1	0	1
BPIFA2	1	0	1
BPIFA3	1	0	1
BPIFB1	1	0	1
BPIFB2	1	0	1
BPIFB3	1	0	1
BPIFB4	1	0	1
BPIFB5P	0	1	0
BPIFB6	1	0	1
BPIFC	1	0	1
BPNT1	1	0	1
BPNT2	1	0	1
BPTF	1	1	1
BPY2	1	0	1
BPY2B	1	0	1
BPY2C	1	0	1
BRAF	1	0	1
BRAFP1	0	1	0
BRAP	1	0	1
BRAT1	1	0	1
BRCA1	1	0	1
BRCA2	1	0	1
BRCC3	1	1	1
BRD1	1	0	1
BRD2	1	0	1
BRD3	1	0	1
BRD3OS	1	0	1
BRD4	1	0	1
BRD7	1	0	1
BRD8	1	0	1
BRD9	1	0	1
BRDT	1	1	1
BRF1	1	0	1
BRF2	1	0	1
BRI3	1	0	1
BRI3BP	1	0	1
BRICD5	1	0	1
BRINP1	1	0	1
BRINP2	1	0	1
BRINP3	1	0	1
BRIP1	1	0	1
BRIX1	1	0	1
BRK1	1	0	1
BRME1	1	0	1
BRMS1	1	0	1
BRMS1L	1	0	1
BROX	1	0	1
BRPF1	1	0	1
BRPF3	1	0	1
BRS3	1	0	1
BRSK1	1	0	1
BRSK2	1	0	1
BRWD1	1	0	1
BRWD3	1	0	1
BSCL2	1	0	1
BSDC1	1	0	1
BSG	1	1	1
BSN	1	0	1
BSND	1	0	1
BSPH1	1	0	1
BSPRY	1	0	1
BST1	1	0	1
BST2	1	0	1
BSX	1	0	1
BTAF1	1	0	1
BTBD1	1	0	1
BTBD10	1	0	1
BTBD16	1	0	1
BTBD17	1	0	1
BTBD18	1	0	1
BTBD19	1	0	1
BTBD2	1	0	1
BTBD3	1	0	1
BTBD6	1	0	1
BTBD7	1	0	1
BTBD8	1	0	1
BTBD9	1	1	1
BTC	1	0	1
BTD	1	0	1
BTF3	1	0	1
BTF3L4	1	0	1
BTF3L4P3	0	1	0
BTG1	1	0	1
BTG1P1	0	1	0
BTG2	1	0	1
BTG3	1	0	1
BTG4	1	0	1
BTK	1	0	1
BTLA	1	0	1
BTN1A1	1	1	1
BTN2A1	1	1	1
BTN2A2	1	0	1
BTN3A1	1	0	1
BTN3A2	1	0	1
BTN3A3	1	0	1
BTNL2	1	1	1
BTNL3	1	0	1
BTNL8	1	0	1
BTNL9	1	0	1
BTRC	1	0	1
BUB1	1	0	1
BUB1B	1	0	1
BUB3	1	0	1
BUD13	1	1	1
BUD23	1	0	1
BUD31	1	0	1
BVES	1	0	1
BX005214	0	1	0
BX072579	0	1	0
BX119321	0	1	0
BX119917	0	1	0
BX322639	0	1	0
BX322650	0	1	0
BX323845	0	1	0
BX324167	0	1	0
BX510359	0	1	0
BX546450	0	1	0
BX640514	0	1	0
BX890604	0	1	0
BYSL	1	0	1
BZW1	1	0	1
BZW2	1	0	1
C10ORF105	1	0	0
C10ORF113	0	1	0
C10ORF120	1	0	0
C10ORF143	1	0	0
C10ORF53	1	0	0
C10ORF62	1	0	0
C10ORF67	1	1	0
C10ORF71	1	0	0
C10ORF82	1	0	0
C10ORF88	1	0	0
C10ORF90	1	0	0
C10ORF95	1	1	0
C11ORF16	1	0	0
C11ORF21	1	1	0
C11ORF24	1	1	0
C11ORF40	0	1	0
C11ORF42	1	0	0
C11ORF52	1	0	0
C11ORF54	1	0	0
C11ORF58	1	0	0
C11ORF65	1	1	0
C11ORF68	1	0	0
C11ORF71	1	1	0
C11ORF80	1	0	0
C11ORF86	1	0	0
C11ORF87	1	0	0
C11ORF91	1	0	0
C11ORF96	1	0	0
C11ORF97	1	0	0
C11ORF98	1	0	0
C12ORF29	1	0	0
C12ORF4	1	0	0
C12ORF40	1	0	0
C12ORF42	1	1	0
C12ORF43	1	0	0
C12ORF50	1	0	0
C12ORF54	1	1	0
C12ORF56	1	0	0
C12ORF57	1	0	0
C12ORF60	1	1	0
C12ORF65	0	1	0
C12ORF71	1	0	0
C12ORF75	1	0	0
C12ORF76	1	1	0
C12ORF77	0	1	0
C13ORF42	1	1	0
C13ORF46	1	0	0
C14ORF119	1	0	0
C14ORF132	1	0	0
C14ORF180	1	0	0
C14ORF28	1	0	0
C14ORF39	1	0	0
C14ORF93	1	0	0
C15ORF39	1	1	0
C15ORF40	1	0	0
C15ORF41	0	1	0
C15ORF48	1	0	0
C15ORF61	1	0	0
C15ORF62	1	0	0
C16ORF46	1	0	0
C16ORF54	1	0	0
C16ORF74	1	0	0
C16ORF78	1	0	0
C16ORF82	1	0	0
C16ORF86	1	0	0
C16ORF87	1	1	0
C16ORF89	1	1	0
C16ORF90	1	0	0
C16ORF92	1	0	0
C16ORF95	1	1	0
C16ORF96	1	1	0
C16ORF97	0	1	0
C17ORF100	1	0	0
C17ORF107	1	0	0
C17ORF113	1	0	0
C17ORF114	1	0	0
C17ORF49	1	0	0
C17ORF50	1	0	0
C17ORF58	1	0	0
C17ORF67	1	1	0
C17ORF75	1	0	0
C17ORF78	1	0	0
C17ORF80	1	0	0
C17ORF97	1	1	0
C17ORF98	1	0	0
C17ORF99	1	0	0
C18ORF21	1	0	0
C18ORF25	1	0	0
C18ORF32	1	0	0
C18ORF54	1	0	0
C18ORF63	1	0	0
C19ORF12	1	0	0
C19ORF18	1	0	0
C19ORF25	1	0	0
C19ORF33	1	0	0
C19ORF38	1	0	0
C19ORF44	1	0	0
C19ORF47	1	0	0
C19ORF53	1	0	0
C19ORF67	1	0	0
C19ORF73	1	0	0
C19ORF81	1	0	0
C19ORF84	1	0	0
C19ORF85	1	0	0
C1D	1	0	1
C1GALT1	1	0	1
C1GALT1C1	1	0	1
C1GALT1C1L	1	0	1
C1ORF100	1	0	0
C1ORF105	1	1	0
C1ORF109	1	0	0
C1ORF112	1	0	0
C1ORF115	1	0	0
C1ORF116	1	0	0
C1ORF122	1	0	0
C1ORF127	1	0	0
C1ORF131	1	0	0
C1ORF141	1	0	0
C1ORF143	0	1	0
C1ORF146	1	0	0
C1ORF159	1	0	0
C1ORF162	1	0	0
C1ORF167	1	0	0
C1ORF174	1	0	0
C1ORF185	1	0	0
C1ORF198	1	0	0
C1ORF21	1	0	0
C1ORF210	1	0	0
C1ORF216	1	0	0
C1ORF220	0	1	0
C1ORF226	1	0	0
C1ORF232	1	0	0
C1ORF35	1	0	0
C1ORF43	1	0	0
C1ORF50	1	0	0
C1ORF52	1	0	0
C1ORF53	1	0	0
C1ORF54	1	0	0
C1ORF56	1	0	0
C1ORF68	1	0	0
C1ORF74	1	0	0
C1ORF87	1	0	0
C1ORF94	1	0	0
C1QA	1	0	1
C1QB	1	0	1
C1QBP	1	0	1
C1QC	1	0	1
C1QL1	1	0	1
C1QL2	1	0	1
C1QL3	1	0	1
C1QL4	1	0	1
C1QTNF1	1	0	1
C1QTNF12	1	0	1
C1QTNF2	1	0	1
C1QTNF3	1	0	1
C1QTNF4	1	0	1
C1QTNF5	1	0	1
C1QTNF6	1	0	1
C1QTNF7	1	0	1
C1QTNF8	1	0	1
C1QTNF9	1	0	1
C1QTNF9B	1	0	1
C1R	1	0	1
C1RL	1	0	1
C1S	1	0	1
C2	1	0	1
C20ORF141	1	0	0
C20ORF144	1	0	0
C20ORF173	1	0	0
C20ORF202	1	0	0
C20ORF203	1	1	0
C20ORF204	1	0	0
C20ORF85	1	0	0
C20ORF96	1	0	0
C21ORF140	1	0	0
C21ORF58	1	0	0
C21ORF59-TCP10L	0	1	0
C21ORF62	1	0	0
C21ORF62-AS1	0	1	0
C21ORF91	1	0	0
C21ORF91-OT1	0	1	0
C22ORF15	1	0	0
C22ORF23	1	0	0
C22ORF31	1	0	0
C22ORF34	0	1	0
C22ORF39	1	0	0
C22ORF42	1	0	0
C2CD2	1	0	1
C2CD2L	1	0	1
C2CD3	1	0	1
C2CD4A	1	0	1
C2CD4B	1	0	1
C2CD4C	1	0	1
C2CD4D	1	0	1
C2CD5	1	0	1
C2CD6	1	0	1
C2ORF15	1	0	0
C2ORF16	1	1	0
C2ORF27AP2	0	1	0
C2ORF42	1	0	0
C2ORF49	1	0	0
C2ORF50	1	1	0
C2ORF66	1	0	0
C2ORF68	1	0	0
C2ORF69	1	0	0
C2ORF72	1	0	0
C2ORF73	1	0	0
C2ORF74	1	0	0
C2ORF76	1	0	0
C2ORF78	1	0	0
C2ORF80	1	0	0
C2ORF81	1	0	0
C2ORF83	1	1	0
C2ORF88	1	0	0
C2ORF92	1	0	0
C3	1	0	1
C3AR1	1	0	1
C3ORF14	1	0	0
C3ORF18	1	0	0
C3ORF20	1	0	0
C3ORF22	1	0	0
C3ORF33	1	0	0
C3ORF35	0	1	0
C3ORF36	1	0	0
C3ORF38	1	0	0
C3ORF49	1	0	0
C3ORF52	1	1	0
C3ORF62	1	0	0
C3ORF67	0	1	0
C3ORF70	1	0	0
C3ORF79	0	1	0
C3ORF80	1	0	0
C3ORF84	1	0	0
C3ORF85	1	0	0
C3P1	0	1	0
C4A	1	0	1
C4B	1	0	1
C4BPA	1	0	1
C4BPAP2	0	1	0
C4BPB	1	0	1
C4ORF17	1	0	0
C4ORF19	1	0	0
C4ORF3	1	0	0
C4ORF33	1	0	0
C4ORF36	1	1	0
C4ORF45	1	0	0
C4ORF46	1	0	0
C4ORF47	1	0	0
C4ORF48	1	0	0
C4ORF50	1	0	0
C4ORF51	1	0	0
C4ORF54	1	0	0
C5	1	0	1
C5AR1	1	0	1
C5AR2	1	0	1
C5ORF15	1	0	0
C5ORF22	1	0	0
C5ORF24	1	0	0
C5ORF34	1	0	0
C5ORF46	1	0	0
C5ORF47	1	0	0
C5ORF52	1	0	0
C5ORF58	1	0	0
C5ORF63	1	0	0
C5ORF64	0	1	0
C5ORF66-AS2	0	1	0
C5ORF67	0	1	0
C6	1	0	1
C6ORF118	1	0	0
C6ORF120	1	0	0
C6ORF132	1	0	0
C6ORF136	1	0	0
C6ORF141	1	0	0
C6ORF15	1	1	0
C6ORF163	1	0	0
C6ORF226	1	0	0
C6ORF47	1	0	0
C6ORF52	1	0	0
C6ORF58	1	0	0
C6ORF62	1	0	0
C6ORF89	1	0	0
C6ORF99	0	1	0
C7	1	0	1
C7ORF25	1	0	0
C7ORF31	1	0	0
C7ORF33	1	0	0
C7ORF50	1	0	0
C7ORF57	1	0	0
C7ORF77	0	1	0
C8A	1	0	1
C8B	1	0	1
C8G	1	0	1
C8ORF33	1	0	0
C8ORF34	1	0	0
C8ORF34-AS1	0	1	0
C8ORF44	1	0	0
C8ORF48	1	0	0
C8ORF58	1	0	0
C8ORF74	1	0	0
C8ORF76	1	0	0
C8ORF82	1	0	0
C8ORF87	0	1	0
C8ORF88	1	0	0
C8ORF89	1	0	0
C8ORF90	1	0	0
C9	1	0	1
C9ORF131	1	1	0
C9ORF152	1	1	0
C9ORF153	1	0	0
C9ORF24	1	0	0
C9ORF40	1	0	0
C9ORF43	1	1	0
C9ORF50	1	0	0
C9ORF57	1	1	0
C9ORF62	0	1	0
C9ORF64	1	0	0
C9ORF72	1	0	0
C9ORF78	1	0	0
C9ORF85	1	1	0
CA1	1	1	1
CA10	1	0	1
CA11	1	0	1
CA12	1	0	1
CA13	1	0	1
CA14	1	0	1
CA2	1	0	1
CA3	1	0	1
CA4	1	0	1
CA5A	1	0	1
CA5B	1	1	1
CA6	1	0	1
CA7	1	0	1
CA8	1	0	1
CA9	1	0	1
CAAP1	1	0	1
CAB39	1	0	1
CAB39L	1	0	1
CABCOCO1	1	0	1
CABIN1	1	0	1
CABLES1	1	0	1
CABLES2	1	0	1
CABP1	1	0	1
CABP2	1	0	1
CABP4	1	0	1
CABP5	1	0	1
CABP7	1	0	1
CABS1	1	0	1
CABYR	1	0	1
CABYRP1	0	1	0
CACFD1	1	0	1
CACHD1	1	0	1
CACNA1A	1	0	1
CACNA1B	1	0	1
CACNA1C	1	0	1
CACNA1D	1	0	1
CACNA1E	1	0	1
CACNA1F	1	0	1
CACNA1G	1	0	1
CACNA1H	1	0	1
CACNA1I	1	0	1
CACNA1S	1	0	1
CACNA2D1	1	0	1
CACNA2D2	1	0	1
CACNA2D3	1	0	1
CACNA2D4	1	0	1
CACNB1	1	0	1
CACNB2	1	0	1
CACNB3	1	0	1
CACNB4	1	0	1
CACNG1	1	0	1
CACNG2	1	0	1
CACNG3	1	0	1
CACNG4	1	0	1
CACNG5	1	0	1
CACNG6	1	0	1
CACNG7	1	0	1
CACNG8	1	0	1
CACTIN	1	0	1
CACUL1	1	0	1
CACYBP	1	0	1
CACYBPP2	0	1	0
CAD	1	0	1
CADM1	1	0	1
CADM2	1	0	1
CADM3	1	0	1
CADM4	1	0	1
CADPS	1	0	1
CADPS2	1	0	1
CAGE1	1	0	1
CALB1	1	0	1
CALB2	1	0	1
CALCA	1	0	1
CALCB	1	0	1
CALCOCO1	1	0	1
CALCOCO2	1	0	1
CALCR	1	1	1
CALCRL	1	0	1
CALD1	1	1	1
CALHM1	1	0	1
CALHM2	1	0	1
CALHM3	1	0	1
CALHM4	1	0	1
CALHM5	1	0	1
CALHM6	1	0	1
CALM1	1	0	1
CALM1P1	0	1	0
CALM1P2	0	1	0
CALM2	1	0	1
CALM3	1	0	1
CALML3	1	0	1
CALML4	1	0	1
CALML5	1	0	1
CALML6	1	0	1
CALN1	1	0	1
CALR	1	0	1
CALR3	1	0	1
CALU	1	0	1
CALY	1	0	1
CAMK1	1	0	1
CAMK1D	1	0	1
CAMK1G	1	0	1
CAMK2A	1	0	1
CAMK2B	1	0	1
CAMK2D	1	0	1
CAMK2G	1	0	1
CAMK2N1	1	0	1
CAMK2N2	1	0	1
CAMK4	1	0	1
CAMKK1	1	0	1
CAMKK2	1	0	1
CAMKMT	1	0	1
CAMKV	1	0	1
CAMLG	1	0	1
CAMP	1	0	1
CAMSAP1	1	0	1
CAMSAP2	1	0	1
CAMSAP3	1	0	1
CAMTA1	1	0	1
CAMTA2	1	0	1
CAND1	1	0	1
CAND2	1	0	1
CANT1	1	1	1
CANX	1	0	1
CAP1	1	0	1
CAP2	1	0	1
CAPG	1	0	1
CAPN1	1	0	1
CAPN10	1	0	1
CAPN11	1	0	1
CAPN12	1	0	1
CAPN13	1	0	1
CAPN14	1	0	1
CAPN15	1	0	1
CAPN2	1	0	1
CAPN3	1	0	1
CAPN5	1	1	1
CAPN6	1	0	1
CAPN7	1	0	1
CAPN8	1	0	1
CAPN9	1	0	1
CAPNS1	1	0	1
CAPNS2	1	0	1
CAPRIN1	1	0	1
CAPRIN2	1	0	1
CAPS	1	0	1
CAPS2	1	0	1
CAPSL	1	0	1
CAPZA1	1	0	1
CAPZA1P	0	1	0
CAPZA2	1	0	1
CAPZA3	1	0	1
CAPZB	1	0	1
CARD10	1	0	1
CARD11	1	0	1
CARD14	1	0	1
CARD16	1	0	1
CARD17P	1	0	0
CARD18	1	1	1
CARD19	1	0	1
CARD6	1	1	1
CARD8	1	0	1
CARD9	1	0	1
CARF	1	0	1
CARHSP1	1	0	1
CARM1	1	0	1
CARM1P1	0	1	0
CARMIL1	1	0	1
CARMIL2	1	0	1
CARMIL3	1	0	1
CARNMT1	1	0	1
CARNS1	1	1	1
CARS1	1	0	1
CARS1P1	0	1	0
CARS2	1	0	1
CARTPT	1	0	1
CASC1	0	1	0
CASC15	0	1	0
CASC19	0	1	0
CASC3	1	0	1
CASC8	0	1	0
CASD1	1	0	1
CASK	1	0	1
CASKIN1	1	0	1
CASKIN2	1	0	1
CASP1	1	0	1
CASP10	1	0	1
CASP12	1	1	1
CASP14	1	0	1
CASP2	1	0	1
CASP3	1	0	1
CASP4	1	0	1
CASP5	1	1	1
CASP6	1	0	1
CASP7	1	0	1
CASP8	1	0	1
CASP8AP2	1	0	1
CASP9	1	0	1
CASQ1	1	0	1
CASQ2	1	0	1
CASR	1	0	1
CASS4	1	1	1
CAST	1	0	1
CASTOR1	1	0	1
CASTOR2	1	0	1
CASZ1	1	0	1
CAT	1	0	1
CATIP	1	0	1
CATSPER1	1	1	1
CATSPER2	1	0	1
CATSPER3	1	0	1
CATSPER4	1	0	1
CATSPERB	1	0	1
CATSPERD	1	0	1
CATSPERE	1	0	1
CATSPERG	1	0	1
CATSPERZ	1	0	1
CAV1	1	0	1
CAV2	1	1	1
CAV3	1	0	1
CAVIN1	1	0	1
CAVIN2	1	0	1
CAVIN3	1	0	1
CAVIN4	1	0	1
CBARP	1	0	1
CBFA2T2	1	0	1
CBFA2T3	1	0	1
CBFB	1	0	1
CBL	1	0	1
CBLB	1	0	1
CBLC	1	0	1
CBLIF	1	0	1
CBLL1	1	0	1
CBLL2	1	0	1
CBLN1	1	0	1
CBLN2	1	0	1
CBLN3	1	0	1
CBLN4	1	0	1
CBR1	1	0	1
CBR3	1	0	1
CBR4	1	0	1
CBS	1	0	1
CBX1	1	0	1
CBX1P1	0	1	0
CBX1P3	0	1	0
CBX2	1	0	1
CBX3	1	0	1
CBX4	1	0	1
CBX5	1	0	1
CBX6	1	0	1
CBX7	1	0	1
CBX8	1	0	1
CBY1	1	0	1
CBY2	1	1	1
CBY3	1	0	1
CC2D1A	1	0	1
CC2D1B	1	0	1
CC2D2A	1	0	1
CC2D2B	1	0	1
CCAR1	1	0	1
CCAR2	1	0	1
CCBE1	1	0	1
CCDC102A	1	0	1
CCDC102B	1	0	1
CCDC103	1	0	1
CCDC105	1	0	1
CCDC106	1	0	1
CCDC107	1	0	1
CCDC110	1	0	1
CCDC112	1	0	1
CCDC113	1	0	1
CCDC115	1	0	1
CCDC116	1	0	1
CCDC117	1	0	1
CCDC12	1	0	1
CCDC120	1	0	1
CCDC121	1	0	1
CCDC122	1	0	1
CCDC124	1	0	1
CCDC125	1	0	1
CCDC126	1	0	1
CCDC127	1	0	1
CCDC13	1	0	1
CCDC134	1	0	1
CCDC136	1	0	1
CCDC137	1	0	1
CCDC138	1	1	1
CCDC14	1	0	1
CCDC141	1	0	1
CCDC142	1	0	1
CCDC144A	1	0	1
CCDC144NL-AS1	0	1	0
CCDC146	1	0	1
CCDC148	1	0	1
CCDC149	1	0	1
CCDC15	1	0	1
CCDC150	1	1	1
CCDC152	1	0	1
CCDC153	1	1	1
CCDC154	1	0	1
CCDC157	1	1	1
CCDC158	1	0	1
CCDC159	1	0	1
CCDC160	1	0	1
CCDC163	1	1	1
CCDC166	1	0	1
CCDC167	1	0	1
CCDC168	1	1	1
CCDC169	1	1	1
CCDC17	1	0	1
CCDC170	1	0	1
CCDC171	1	1	1
CCDC172	1	0	1
CCDC174	1	0	1
CCDC175	1	0	1
CCDC177	1	0	1
CCDC178	1	0	1
CCDC179	1	0	1
CCDC18	1	0	1
CCDC180	1	0	1
CCDC181	1	0	1
CCDC182	1	0	1
CCDC183	1	0	1
CCDC184	1	0	1
CCDC185	1	0	1
CCDC186	1	0	1
CCDC187	1	1	1
CCDC188	1	0	1
CCDC190	1	0	1
CCDC191	1	0	1
CCDC192	1	0	1
CCDC194	1	0	1
CCDC195	1	0	1
CCDC196	1	1	1
CCDC197	1	1	1
CCDC198	1	1	1
CCDC200	1	0	1
CCDC201	1	0	1
CCDC22	1	0	1
CCDC24	1	0	1
CCDC25	1	0	1
CCDC26	0	1	0
CCDC27	1	0	1
CCDC28A	1	0	1
CCDC28B	1	0	1
CCDC3	1	0	1
CCDC30	1	1	1
CCDC32	1	0	1
CCDC33	1	0	1
CCDC34	1	0	1
CCDC38	1	0	1
CCDC39	1	0	1
CCDC40	1	1	1
CCDC42	1	0	1
CCDC43	1	0	1
CCDC47	1	0	1
CCDC50	1	0	1
CCDC51	1	0	1
CCDC54	1	0	1
CCDC57	1	1	1
CCDC59	1	0	1
CCDC6	1	0	1
CCDC60	1	0	1
CCDC61	1	0	1
CCDC62	1	0	1
CCDC63	1	0	1
CCDC65	1	0	1
CCDC66	1	0	1
CCDC68	1	0	1
CCDC69	1	0	1
CCDC7	1	1	1
CCDC70	1	0	1
CCDC71	1	0	1
CCDC71L	1	0	1
CCDC73	1	0	1
CCDC74A	1	0	1
CCDC74B	1	0	1
CCDC77	1	1	1
CCDC78	1	0	1
CCDC8	1	0	1
CCDC80	1	0	1
CCDC81	1	0	1
CCDC82	1	0	1
CCDC83	1	0	1
CCDC85A	1	0	1
CCDC85B	1	0	1
CCDC85C	1	0	1
CCDC86	1	0	1
CCDC87	1	0	1
CCDC88A	1	0	1
CCDC88B	1	0	1
CCDC88C	1	0	1
CCDC89	1	0	1
CCDC9	1	0	1
CCDC90B	1	0	1
CCDC91	1	1	1
CCDC92	1	0	1
CCDC92B	0	0	1
CCDC93	1	0	1
CCDC96	1	0	1
CCDC97	1	0	1
CCDC9B	1	0	1
CCER1	1	0	1
CCER2	1	0	1
CCHCR1	1	0	1
CCIN	1	0	1
CCK	1	0	1
CCKAR	1	0	1
CCKBR	1	0	1
CCL1	1	0	1
CCL11	1	0	1
CCL13	1	0	1
CCL14	1	0	1
CCL15	1	0	1
CCL16	1	0	1
CCL17	1	0	1
CCL18	1	0	1
CCL19	1	0	1
CCL2	1	0	1
CCL20	1	0	1
CCL21	1	0	1
CCL22	1	0	1
CCL23	1	0	1
CCL24	1	0	1
CCL25	1	0	1
CCL26	1	0	1
CCL27	1	0	1
CCL28	1	0	1
CCL3	1	0	1
CCL3L3	1	0	1
CCL4	1	0	1
CCL4L2	1	0	1
CCL5	1	0	1
CCL7	1	0	1
CCL8	1	0	1
CCM2	1	0	1
CCM2L	1	0	1
CCN1	1	0	1
CCN2	1	0	1
CCN3	1	0	1
CCN4	1	0	1
CCN5	1	0	1
CCN6	1	0	1
CCNA1	1	0	1
CCNA2	1	0	1
CCNB1	1	0	1
CCNB1IP1	1	0	1
CCNB2	1	0	1
CCNB3	1	1	1
CCNB3P1	0	1	0
CCNC	1	0	1
CCND1	1	0	1
CCND2	1	0	1
CCND3	1	0	1
CCND3P1	0	1	0
CCND3P2	0	1	0
CCNDBP1	1	0	1
CCNE1	1	0	1
CCNE2	1	0	1
CCNF	1	0	1
CCNG1	1	0	1
CCNG2	1	0	1
CCNH	1	0	1
CCNI	1	0	1
CCNI2	1	0	1
CCNJ	1	0	1
CCNJL	1	0	1
CCNK	1	0	1
CCNL1	1	0	1
CCNL2	1	0	1
CCNO	1	0	1
CCNP	1	0	1
CCNQ	1	0	1
CCNQP1	0	1	0
CCNT1	1	0	1
CCNT2	1	0	1
CCNT2-AS1	0	1	0
CCNY	1	0	1
CCNYL1	1	0	1
CCNYL2	0	1	0
CCP110	1	0	1
CCPG1	1	0	1
CCR1	1	0	1
CCR10	1	0	1
CCR2	1	0	1
CCR3	1	1	1
CCR4	1	0	1
CCR5	1	0	1
CCR5AS	0	1	0
CCR6	1	0	1
CCR7	1	0	1
CCR8	1	0	1
CCR9	1	0	1
CCRL2	1	0	1
CCS	1	0	1
CCSAP	1	0	1
CCSER1	1	0	1
CCSER2	1	0	1
CCT2	1	0	1
CCT3	1	0	1
CCT4	1	0	1
CCT5	1	0	1
CCT6A	1	0	1
CCT6B	1	1	1
CCT6P2	0	1	0
CCT7	1	0	1
CCT8	1	0	1
CCT8L2	1	1	1
CCZ1	1	0	1
CCZ1B	1	0	1
CD101	1	0	1
CD109	1	0	1
CD14	1	0	1
CD151	1	0	1
CD160	1	0	1
CD163	1	0	1
CD163L1	1	1	1
CD164	1	0	1
CD164L2	1	0	1
CD177	1	1	1
CD180	1	0	1
CD19	1	0	1
CD1A	1	0	1
CD1B	1	0	1
CD1C	1	0	1
CD1D	1	0	1
CD1E	1	0	1
CD2	1	1	1
CD200	1	1	1
CD200R1	1	0	1
CD200R1L	1	1	1
CD207	1	0	1
CD209	1	1	1
CD22	1	0	1
CD226	1	0	1
CD24	1	0	1
CD244	1	0	1
CD247	1	0	1
CD248	1	0	1
CD27	1	0	1
CD274	1	0	1
CD276	1	0	1
CD28	1	0	1
CD2AP	1	0	1
CD2BP2	1	0	1
CD300A	1	0	1
CD300C	1	1	1
CD300E	1	1	1
CD300H	1	1	1
CD300LB	1	1	1
CD300LD	1	1	1
CD300LF	1	1	1
CD300LG	1	1	1
CD302	1	0	1
CD320	1	1	1
CD33	1	0	1
CD34	1	0	1
CD36	1	0	1
CD37	1	0	1
CD38	1	0	1
CD3D	1	0	1
CD3E	1	0	1
CD3G	1	0	1
CD4	1	0	1
CD40	1	0	1
CD40LG	1	0	1
CD44	1	0	1
CD46	1	0	1
CD47	1	0	1
CD48	1	0	1
CD5	1	1	1
CD52	1	0	1
CD53	1	1	1
CD55	1	1	1
CD58	1	0	1
CD59	1	1	1
CD5L	1	0	1
CD6	1	0	1
CD63	1	0	1
CD68	1	0	1
CD69	1	0	1
CD7	1	0	1
CD70	1	0	1
CD72	1	0	1
CD74	1	0	1
CD79A	1	0	1
CD79B	1	0	1
CD80	1	0	1
CD81	1	0	1
CD82	1	0	1
CD83	1	0	1
CD84	1	1	1
CD86	1	0	1
CD8A	1	0	1
CD8B	1	0	1
CD8B2	1	0	1
CD9	1	0	1
CD93	1	0	1
CD96	1	1	1
CD99	1	0	1
CD99L2	1	0	1
CD99P1	0	1	0
CDA	1	0	1
CDADC1	1	0	1
CDAN1	1	0	1
CDC123	1	0	1
CDC14A	1	0	1
CDC14B	1	0	1
CDC14C	1	0	1
CDC16	1	0	1
CDC20	1	0	1
CDC20B	1	0	1
CDC20P1	0	1	0
CDC23	1	0	1
CDC25A	1	0	1
CDC25B	1	0	1
CDC25C	1	0	1
CDC26	1	0	1
CDC27	1	0	1
CDC34	1	0	1
CDC37	1	0	1
CDC37L1	1	0	1
CDC40	1	0	1
CDC42	1	1	1
CDC42BPA	1	0	1
CDC42BPB	1	0	1
CDC42BPG	1	0	1
CDC42EP1	1	1	1
CDC42EP2	1	0	1
CDC42EP3	1	0	1
CDC42EP4	1	0	1
CDC42EP5	1	0	1
CDC42SE1	1	0	1
CDC42SE2	1	1	1
CDC45	1	0	1
CDC5L	1	0	1
CDC6	1	0	1
CDC7	1	0	1
CDC73	1	0	1
CDCA2	1	0	1
CDCA3	1	0	1
CDCA4	1	0	1
CDCA5	1	0	1
CDCA7	1	0	1
CDCA7L	1	0	1
CDCA8	1	0	1
CDCP1	1	0	1
CDCP2	1	0	1
CDH1	1	0	1
CDH10	1	0	1
CDH11	1	1	1
CDH12	1	0	1
CDH13	1	0	1
CDH15	1	0	1
CDH16	1	0	1
CDH17	1	0	1
CDH18	1	1	1
CDH19	1	0	1
CDH2	1	0	1
CDH20	1	0	1
CDH22	1	0	1
CDH23	1	0	1
CDH24	1	0	1
CDH26	1	0	1
CDH3	1	1	1
CDH4	1	0	1
CDH5	1	0	1
CDH6	1	0	1
CDH7	1	0	1
CDH8	1	0	1
CDH9	1	0	1
CDHR1	1	0	1
CDHR2	1	1	1
CDHR3	1	1	1
CDHR4	1	1	1
CDHR5	1	0	1
CDIN1	1	0	1
CDIP1	1	0	1
CDIPT	1	0	1
CDK1	1	0	1
CDK10	1	0	1
CDK11A	1	0	1
CDK11B	1	0	1
CDK12	1	0	1
CDK13	1	0	1
CDK14	1	0	1
CDK15	1	0	1
CDK16	1	0	1
CDK17	1	0	1
CDK18	1	0	1
CDK19	1	0	1
CDK2	1	0	1
CDK20	1	0	1
CDK2AP1	1	0	1
CDK2AP2	1	0	1
CDK3	1	0	1
CDK4	1	0	1
CDK5	1	0	1
CDK5R1	1	0	1
CDK5R2	1	0	1
CDK5RAP1	1	0	1
CDK5RAP2	1	0	1
CDK5RAP3	1	0	1
CDK6	1	0	1
CDK7	1	0	1
CDK8	1	0	1
CDK9	1	0	1
CDKAL1	1	0	1
CDKL1	1	0	1
CDKL2	1	0	1
CDKL3	1	0	1
CDKL4	1	0	1
CDKL5	1	0	1
CDKN1A	1	0	1
CDKN1B	1	0	1
CDKN1C	1	1	1
CDKN2A	1	0	1
CDKN2AIP	1	0	1
CDKN2AIPNL	1	0	1
CDKN2B	1	0	1
CDKN2B-AS1	0	1	0
CDKN2C	1	0	1
CDKN2D	1	0	1
CDKN3	1	0	1
CDNF	1	0	1
CDO1	1	0	1
CDON	1	0	1
CDPF1	1	0	1
CDR1	1	0	0
CDR2	1	1	1
CDR2L	1	0	1
CDRT15	1	0	1
CDRT15L2	1	0	1
CDRT4	1	0	1
CDS1	1	0	1
CDS2	1	0	1
CDSN	1	0	1
CDT1	1	0	1
CDV3	1	0	1
CDX1	1	0	1
CDX2	1	0	1
CDX4	1	0	1
CDY1	1	0	1
CDY1B	1	0	1
CDY2A	1	0	1
CDY2B	1	0	1
CDYL	1	0	1
CDYL2	1	0	1
CEACAM1	1	0	1
CEACAM16	1	0	1
CEACAM18	1	0	1
CEACAM19	1	0	1
CEACAM20	1	0	1
CEACAM21	1	0	1
CEACAM3	1	1	1
CEACAM4	1	0	1
CEACAM5	1	0	1
CEACAM6	1	0	1
CEACAM7	1	0	1
CEACAM8	1	0	1
CEACAMP5	0	1	0
CEBPA	1	0	1
CEBPB	1	0	1
CEBPD	1	0	1
CEBPE	1	0	1
CEBPG	1	0	1
CEBPZ	1	0	1
CEBPZOS	1	1	1
CECR2	1	1	1
CEL	1	0	1
CELA1	1	0	1
CELA2A	1	0	1
CELA2B	1	0	1
CELA3A	1	0	1
CELA3B	1	0	1
CELF1	1	0	1
CELF2	1	0	1
CELF3	1	0	1
CELF4	1	0	1
CELF5	1	0	1
CELF6	1	0	1
CELP	0	1	0
CELSR1	1	0	1
CELSR2	1	0	1
CELSR3	1	0	1
CEMIP	1	0	1
CEMIP2	1	0	1
CEMP1	1	0	1
CENATAC	1	0	1
CEND1	1	0	1
CENPA	1	0	1
CENPB	1	0	1
CENPBD1P	1	0	0
CENPC	1	0	1
CENPE	1	0	1
CENPF	1	1	1
CENPH	1	0	1
CENPI	1	0	1
CENPIP1	0	1	0
CENPJ	1	0	1
CENPK	1	0	1
CENPL	1	0	1
CENPM	1	0	1
CENPN	1	0	1
CENPO	1	0	1
CENPP	1	0	1
CENPQ	1	0	1
CENPS	1	0	1
CENPT	1	0	1
CENPU	1	0	1
CENPV	1	0	1
CENPVL1	1	0	1
CENPVL2	1	0	1
CENPVL3	1	0	1
CENPW	1	0	1
CENPX	1	0	1
CEP104	1	0	1
CEP112	1	0	1
CEP120	1	0	1
CEP126	1	0	1
CEP128	1	0	1
CEP131	1	0	1
CEP135	1	0	1
CEP152	1	0	1
CEP162	1	0	1
CEP164	1	0	1
CEP164P1	0	1	0
CEP170	1	0	1
CEP170B	1	0	1
CEP19	1	0	1
CEP192	1	1	1
CEP20	1	0	1
CEP250	1	0	1
CEP290	1	0	1
CEP295	1	1	1
CEP295NL	1	0	1
CEP350	1	0	1
CEP41	1	0	1
CEP43	1	0	1
CEP44	1	0	1
CEP55	1	0	1
CEP57	1	1	1
CEP57L1	1	0	1
CEP63	1	0	1
CEP68	1	0	1
CEP70	1	0	1
CEP72	1	0	1
CEP76	1	0	1
CEP78	1	0	1
CEP83	1	0	1
CEP85	1	0	1
CEP85L	1	0	1
CEP89	1	0	1
CEP95	1	0	1
CEP97	1	0	1
CEPT1	1	0	1
CER1	1	0	1
CERCAM	1	0	1
CERK	1	0	1
CERKL	1	0	1
CERS1	1	0	1
CERS2	1	0	1
CERS3	1	0	1
CERS3-AS1	0	1	0
CERS4	1	0	1
CERS5	1	1	1
CERS6	1	0	1
CERT1	1	0	1
CES1	1	0	1
CES2	1	0	1
CES3	1	0	1
CES4A	1	1	1
CES5A	1	1	1
CETN1	1	0	1
CETN2	1	0	1
CETN3	1	0	1
CETP	1	0	1
CFAP100	1	0	1
CFAP107	1	0	1
CFAP119	1	0	1
CFAP126	1	0	1
CFAP141	1	0	1
CFAP144	1	0	1
CFAP157	1	1	1
CFAP161	1	1	1
CFAP20	1	0	1
CFAP206	1	0	1
CFAP20DC	1	0	1
CFAP210	1	0	1
CFAP221	1	0	1
CFAP251	1	0	1
CFAP276	1	0	1
CFAP298	1	0	1
CFAP299	1	0	1
CFAP300	1	0	1
CFAP36	1	0	1
CFAP410	1	0	1
CFAP418	1	0	1
CFAP43	1	0	1
CFAP44	1	0	1
CFAP45	1	0	1
CFAP46	1	1	1
CFAP47	1	0	1
CFAP52	1	0	1
CFAP53	1	0	1
CFAP54	1	0	1
CFAP57	1	0	1
CFAP58	1	0	1
CFAP61	1	0	1
CFAP65	1	0	1
CFAP68	1	0	1
CFAP69	1	0	1
CFAP70	1	0	1
CFAP73	1	0	1
CFAP74	1	0	1
CFAP77	1	0	1
CFAP90	1	0	1
CFAP91	1	0	1
CFAP92	1	0	1
CFAP95	1	0	1
CFAP97	1	0	1
CFAP97D1	1	0	1
CFAP97D2	1	0	1
CFAP99	1	0	1
CFB	1	0	1
CFC1	1	0	1
CFC1B	1	0	1
CFD	1	0	1
CFDP1	1	0	1
CFH	1	0	1
CFHR1	1	0	1
CFHR2	1	1	1
CFHR3	1	0	1
CFHR4	1	0	1
CFHR5	1	0	1
CFI	1	0	1
CFL1	1	1	1
CFL1P8	0	1	0
CFL2	1	0	1
CFLAR	1	0	1
CFP	1	0	1
CFTR	1	0	1
CGA	1	0	1
CGAS	1	0	1
CGB1	1	0	1
CGB2	1	0	1
CGB3	1	0	1
CGB5	1	0	1
CGB7	1	0	1
CGB8	1	0	1
CGGBP1	1	0	1
CGN	1	0	1
CGNL1	1	0	1
CGREF1	1	1	1
CGRRF1	1	1	1
CH25H	1	0	1
CHAC1	1	0	1
CHAC2	1	0	1
CHAD	1	0	1
CHADL	1	0	1
CHAF1A	1	0	1
CHAF1B	1	0	1
CHAMP1	1	0	1
CHAT	1	0	1
CHCHD1	1	0	1
CHCHD10	1	0	1
CHCHD2	1	0	1
CHCHD2P9	0	1	0
CHCHD3	1	0	1
CHCHD4	1	0	1
CHCHD5	1	0	1
CHCHD6	1	0	1
CHCHD7	1	0	1
CHCT1	1	0	1
CHD1	1	0	1
CHD1L	1	0	1
CHD2	1	0	1
CHD3	1	0	1
CHD4	1	0	1
CHD5	1	0	1
CHD6	1	0	1
CHD7	1	0	1
CHD8	1	0	1
CHD9	1	0	1
CHD9NB	1	0	1
CHDH	1	0	1
CHEK1	1	0	1
CHEK2	1	0	1
CHERP	1	0	1
CHFR	1	0	1
CHGA	1	0	1
CHGB	1	0	1
CHI3L1	1	0	1
CHI3L2	1	1	1
CHIA	1	0	1
CHIC1	1	0	1
CHIC2	1	0	1
CHID1	1	0	1
CHIT1	1	0	1
CHKA	1	0	1
CHKB	1	0	1
CHL1	1	0	1
CHM	1	0	1
CHML	1	0	1
CHMP1A	1	0	1
CHMP1B	1	0	1
CHMP2A	1	0	1
CHMP2B	1	0	1
CHMP3	1	0	1
CHMP4A	1	0	1
CHMP4B	1	0	1
CHMP4C	1	0	1
CHMP5	1	0	1
CHMP6	1	0	1
CHMP7	1	0	1
CHN1	1	0	1
CHN2	1	0	1
CHODL	1	1	1
CHORDC1	1	0	1
CHP1	1	0	1
CHP2	1	0	1
CHPF	1	0	1
CHPF2	1	0	1
CHPT1	1	0	1
CHRAC1	1	0	1
CHRD	1	0	1
CHRDL1	1	0	1
CHRDL2	1	0	1
CHRFAM7A	1	0	1
CHRM1	1	0	1
CHRM2	1	0	1
CHRM3	1	0	1
CHRM4	1	0	1
CHRM5	1	1	1
CHRNA1	1	0	1
CHRNA10	1	0	1
CHRNA2	1	0	1
CHRNA3	1	0	1
CHRNA4	1	0	1
CHRNA5	1	0	1
CHRNA6	1	0	1
CHRNA7	1	1	1
CHRNA9	1	0	1
CHRNB1	1	0	1
CHRNB2	1	0	1
CHRNB3	1	0	1
CHRNB4	1	1	1
CHRND	1	0	1
CHRNE	1	0	1
CHRNG	1	0	1
CHST1	1	0	1
CHST10	1	0	1
CHST11	1	0	1
CHST12	1	0	1
CHST13	1	0	1
CHST14	1	0	1
CHST15	1	0	1
CHST2	1	0	1
CHST3	1	0	1
CHST4	1	0	1
CHST5	1	0	1
CHST6	1	0	1
CHST7	1	0	1
CHST8	1	0	1
CHST9	1	0	1
CHSY1	1	0	1
CHSY3	1	0	1
CHTF18	1	0	1
CHTF8	1	0	1
CHTOP	1	0	1
CHUK	1	0	1
CHURC1	1	0	1
CIAO1	1	0	1
CIAO2A	1	0	1
CIAO2B	1	0	1
CIAO3	1	0	1
CIAPIN1	1	0	1
CIART	1	0	1
CIB1	1	0	1
CIB2	1	0	1
CIB3	1	0	1
CIB4	1	0	1
CIBAR1	1	0	1
CIBAR2	1	0	1
CIC	1	0	1
CIDEA	1	0	1
CIDEB	1	0	1
CIDEC	1	0	1
CIITA	1	0	1
CILK1	1	0	1
CILP	1	0	1
CILP2	1	0	1
CINP	1	0	1
CIP2A	1	0	1
CIPC	1	0	1
CIR1	1	0	1
CIR1P1	0	1	0
CIRBP	1	0	1
CIROP	1	0	1
CISD1	1	0	1
CISD2	1	0	1
CISD3	1	0	1
CISH	1	0	1
CIT	1	0	1
CITED1	1	0	1
CITED2	1	0	1
CITED4	1	0	1
CIZ1	1	0	1
CKAP2	1	0	1
CKAP2L	1	0	1
CKAP4	1	0	1
CKAP5	1	0	1
CKB	1	0	1
CKLF	1	0	1
CKM	1	0	1
CKMT1A	1	0	1
CKMT1B	1	0	1
CKMT2	1	0	1
CKS1B	1	0	1
CKS1BP6	0	1	0
CKS2	1	0	1
CLASP1	1	0	1
CLASP2	1	1	1
CLASRP	1	0	1
CLBA1	1	0	1
CLC	1	0	1
CLCA1	1	0	1
CLCA2	1	0	1
CLCA4	1	0	1
CLCA4-AS1	0	1	0
CLCC1	1	0	1
CLCF1	1	0	1
CLCN1	1	0	1
CLCN2	1	0	1
CLCN3	1	0	1
CLCN3P1	0	1	0
CLCN4	1	0	1
CLCN5	1	0	1
CLCN6	1	0	1
CLCN7	1	0	1
CLCNKA	1	0	1
CLCNKB	1	0	1
CLDN1	1	0	1
CLDN10	1	0	1
CLDN11	1	0	1
CLDN12	1	0	1
CLDN14	1	0	1
CLDN15	1	0	1
CLDN16	1	1	1
CLDN17	1	0	1
CLDN18	1	0	1
CLDN19	1	0	1
CLDN2	1	0	1
CLDN20	1	0	1
CLDN22	1	0	1
CLDN23	1	0	1
CLDN24	1	0	1
CLDN25	1	0	1
CLDN3	1	0	1
CLDN34	1	0	1
CLDN4	1	1	1
CLDN5	1	0	1
CLDN6	1	0	1
CLDN7	1	0	1
CLDN8	1	0	1
CLDN9	1	0	1
CLDND1	1	0	1
CLDND2	1	0	1
CLEC10A	1	0	1
CLEC11A	1	0	1
CLEC12A	1	1	1
CLEC12B	1	0	1
CLEC14A	1	0	1
CLEC16A	1	0	1
CLEC17A	1	0	1
CLEC18A	1	0	1
CLEC18B	1	0	1
CLEC18C	1	0	1
CLEC19A	1	0	1
CLEC1A	1	0	1
CLEC1B	1	0	1
CLEC20A	1	0	1
CLEC2A	1	0	1
CLEC2B	1	0	1
CLEC2D	1	0	1
CLEC2L	1	0	1
CLEC3A	1	1	1
CLEC3B	1	0	1
CLEC4A	1	0	1
CLEC4C	1	0	1
CLEC4D	1	0	1
CLEC4E	1	0	1
CLEC4F	1	1	1
CLEC4G	1	0	1
CLEC4M	1	0	1
CLEC5A	1	0	1
CLEC6A	1	0	1
CLEC7A	1	0	1
CLEC9A	1	1	1
CLECL1P	1	0	0
CLGN	1	0	1
CLHC1	1	0	1
CLIC1	1	0	1
CLIC1P1	0	1	0
CLIC2	1	0	1
CLIC3	1	0	1
CLIC4	1	0	1
CLIC5	1	0	1
CLIC6	1	0	1
CLINT1	1	0	1
CLIP1	1	0	1
CLIP2	1	1	1
CLIP3	1	0	1
CLIP4	1	0	1
CLK1	1	0	1
CLK2	1	0	1
CLK3	1	0	1
CLK4	1	0	1
CLMN	1	0	1
CLMP	1	0	1
CLN3	1	0	1
CLN5	1	1	1
CLN6	1	0	1
CLN8	1	0	1
CLNK	1	0	1
CLNS1A	1	0	1
CLOCK	1	0	1
CLP1	1	0	1
CLPB	1	1	1
CLPP	1	0	1
CLPS	1	1	1
CLPSL1	1	0	1
CLPSL2	1	0	1
CLPTM1	1	0	1
CLPTM1L	1	0	1
CLPX	1	0	1
CLRN1	1	0	1
CLRN2	1	0	1
CLRN3	1	0	1
CLSPN	1	0	1
CLSTN1	1	0	1
CLSTN2	1	0	1
CLSTN3	1	0	1
CLTA	1	0	1
CLTB	1	0	1
CLTC	1	0	1
CLTCL1	1	0	1
CLTRN	1	0	1
CLU	1	0	1
CLUAP1	1	0	1
CLUH	1	0	1
CLUHP3	0	1	0
CLUL1	1	1	1
CLVS1	1	0	1
CLVS2	1	0	1
CLXN	1	0	1
CLYBL	1	0	1
CMA1	1	0	1
CMAHP	0	1	0
CMAS	1	0	1
CMBL	1	0	1
CMC1	1	0	1
CMC2	1	0	1
CMC4	1	0	1
CMIP	1	0	1
CMKLR1	1	0	1
CMKLR2	1	0	1
CMPK1	1	0	1
CMPK2	1	1	1
CMSS1	1	0	1
CMTM1	1	0	1
CMTM2	1	1	1
CMTM3	1	0	1
CMTM4	1	0	1
CMTM5	1	0	1
CMTM6	1	0	1
CMTM7	1	0	1
CMTM8	1	0	1
CMTR1	1	1	1
CMTR2	1	0	1
CMYA5	1	1	1
CNBD1	1	1	1
CNBD2	1	0	1
CNBP	1	0	1
CNDP1	1	0	1
CNDP2	1	0	1
CNEP1R1	1	0	1
CNFN	1	0	1
CNGA1	1	0	1
CNGA2	1	0	1
CNGA3	1	0	1
CNGA4	1	0	1
CNGB1	1	1	1
CNGB3	1	1	1
CNIH1	1	0	1
CNIH2	1	0	1
CNIH3	1	0	1
CNIH4	1	0	1
CNKSR1	1	0	1
CNKSR2	1	0	1
CNKSR3	1	0	1
CNMD	1	0	1
CNN1	1	0	1
CNN2	1	0	1
CNN3	1	0	1
CNNM1	1	0	1
CNNM2	1	0	1
CNNM3	1	0	1
CNNM4	1	0	1
CNOT1	1	0	1
CNOT10	1	0	1
CNOT11	1	0	1
CNOT2	1	0	1
CNOT2-DT	0	1	0
CNOT3	1	0	1
CNOT4	1	0	1
CNOT6	1	0	1
CNOT6L	1	0	1
CNOT7	1	0	1
CNOT8	1	0	1
CNOT9	1	0	1
CNP	1	0	1
CNPPD1	1	0	1
CNPY1	1	0	1
CNPY2	1	0	1
CNPY3	1	0	1
CNPY4	1	0	1
CNR1	1	0	1
CNR2	1	0	1
CNRIP1	1	1	1
CNST	1	0	1
CNTD1	1	0	1
CNTF	1	0	1
CNTFR	1	0	1
CNTLN	1	0	1
CNTN1	1	0	1
CNTN2	1	0	1
CNTN3	1	0	1
CNTN4	1	0	1
CNTN5	1	0	1
CNTN6	1	0	1
CNTNAP1	1	0	1
CNTNAP2	1	1	1
CNTNAP3	1	0	1
CNTNAP3B	1	0	1
CNTNAP4	1	0	1
CNTNAP5	1	0	1
CNTRL	1	0	1
CNTROB	1	1	1
COA1	1	0	1
COA3	1	0	1
COA4	1	0	1
COA5	1	0	1
COA6	1	0	1
COA7	1	0	1
COA8	1	0	1
COASY	1	0	1
COBL	1	0	1
COBLL1	1	0	1
COCH	1	0	1
COG1	1	0	1
COG2	1	0	1
COG3	1	0	1
COG4	1	0	1
COG5	1	0	1
COG6	1	0	1
COG7	1	0	1
COG8	1	0	1
COIL	1	0	1
COL10A1	1	0	1
COL11A1	1	0	1
COL11A2	1	0	1
COL12A1	1	0	1
COL13A1	1	0	1
COL14A1	1	0	1
COL15A1	1	0	1
COL16A1	1	0	1
COL17A1	1	1	1
COL18A1	1	0	1
COL19A1	1	0	1
COL1A1	1	0	1
COL1A2	1	0	1
COL20A1	1	0	1
COL21A1	1	0	1
COL22A1	1	0	1
COL23A1	1	0	1
COL24A1	1	0	1
COL25A1	1	0	1
COL25A1-DT	0	1	0
COL26A1	1	0	1
COL27A1	1	0	1
COL28A1	1	0	1
COL2A1	1	0	1
COL3A1	1	0	1
COL4A1	1	0	1
COL4A2	1	0	1
COL4A3	1	0	1
COL4A4	1	0	1
COL4A5	1	0	1
COL4A6	1	0	1
COL5A1	1	0	1
COL5A2	1	0	1
COL5A3	1	0	1
COL6A1	1	0	1
COL6A2	1	0	1
COL6A3	1	0	1
COL6A4P1	0	1	0
COL6A4P2	0	1	0
COL6A5	1	1	1
COL6A6	1	0	1
COL7A1	1	0	1
COL8A1	1	0	1
COL8A2	1	0	1
COL9A1	1	0	1
COL9A2	1	0	1
COL9A3	1	0	1
COLEC10	1	0	1
COLEC11	1	1	1
COLEC12	1	0	1
COLGALT1	1	0	1
COLGALT2	1	0	1
COLQ	1	0	1
COMMD1	1	1	1
COMMD10	1	0	1
COMMD2	1	0	1
COMMD3	1	0	1
COMMD3-BMI1	0	0	1
COMMD4	1	0	1
COMMD5	1	0	1
COMMD6	1	0	1
COMMD7	1	0	1
COMMD8	1	0	1
COMMD9	1	0	1
COMP	1	0	1
COMT	1	0	1
COMTD1	1	0	1
COP1	1	0	1
COPA	1	0	1
COPB1	1	0	1
COPB2	1	0	1
COPE	1	0	1
COPG1	1	0	1
COPG2	1	0	1
COPRS	1	0	1
COPS2	1	1	1
COPS3	1	0	1
COPS4	1	0	1
COPS5	1	0	1
COPS6	1	0	1
COPS7A	1	0	1
COPS7B	1	0	1
COPS8	1	0	1
COPS9	1	0	1
COPZ1	1	0	1
COPZ2	1	0	1
COQ10A	1	0	1
COQ10B	1	0	1
COQ2	1	0	1
COQ3	1	0	1
COQ4	1	0	1
COQ5	1	0	1
COQ6	1	0	1
COQ7	1	0	1
COQ8A	1	0	1
COQ8B	1	0	1
COQ9	1	0	1
CORIN	1	0	1
CORO1A	1	0	1
CORO1B	1	0	1
CORO1C	1	0	1
CORO2A	1	0	1
CORO2B	1	1	1
CORO6	1	0	1
CORO7	1	0	1
CORT	1	0	1
COTL1	1	0	1
COTL1P2	0	1	0
COX10	1	0	1
COX11	1	0	1
COX14	1	1	1
COX15	1	0	1
COX16	1	0	1
COX17	1	0	1
COX18	1	0	1
COX19	1	0	1
COX20	1	0	1
COX4I1	1	0	1
COX4I2	1	0	1
COX5A	1	0	1
COX5B	1	0	1
COX6A1	1	0	1
COX6A2	1	0	1
COX6B1	1	0	1
COX6B2	1	1	1
COX6C	1	0	1
COX7A1	1	0	1
COX7A2	1	0	1
COX7A2L	1	0	1
COX7A2P2	0	1	0
COX7B	1	0	1
COX7B2	1	1	1
COX7C	1	0	1
COX8A	1	0	1
COX8C	1	0	1
CP	1	0	1
CPA1	1	0	1
CPA2	1	0	1
CPA3	1	0	1
CPA4	1	0	1
CPA5	1	0	1
CPA6	1	0	1
CPAMD8	1	0	1
CPB1	1	0	1
CPB2	1	0	1
CPD	1	0	1
CPE	1	0	1
CPEB1	1	1	1
CPEB2	1	0	1
CPEB2-DT	0	1	0
CPEB3	1	0	1
CPEB4	1	0	1
CPED1	1	0	1
CPHXL	1	0	1
CPHXL2	1	0	1
CPLANE1	1	0	1
CPLANE2	1	0	1
CPLX1	1	0	1
CPLX2	1	0	1
CPLX3	1	0	1
CPLX4	1	0	1
CPM	1	0	1
CPN1	1	0	1
CPN2	1	0	1
CPNE1	1	0	1
CPNE2	1	0	1
CPNE3	1	0	1
CPNE4	1	0	1
CPNE5	1	0	1
CPNE6	1	0	1
CPNE7	1	0	1
CPNE8	1	0	1
CPNE9	1	0	1
CPO	1	0	1
CPOX	1	0	1
CPPED1	1	0	1
CPQ	1	1	1
CPS1	1	1	1
CPSF1	1	0	1
CPSF2	1	0	1
CPSF3	1	0	1
CPSF4	1	0	1
CPSF4L	1	0	1
CPSF6	1	0	1
CPSF7	1	0	1
CPT1A	1	0	1
CPT1B	1	0	1
CPT1C	1	0	1
CPT2	1	0	1
CPTP	1	0	1
CPVL	1	0	1
CPXCR1	1	1	1
CPXM1	1	0	1
CPXM2	1	0	1
CPZ	1	0	1
CR1	1	0	1
CR1L	1	0	1
CR2	1	0	1
CRABP1	1	0	1
CRABP2	1	0	1
CRACD	1	1	1
CRACDL	1	0	1
CRACR2A	1	0	1
CRACR2B	1	0	1
CRADD	1	0	1
CRAMP1	1	0	1
CRAT	1	0	1
CRB1	1	0	1
CRB2	1	1	1
CRB3	1	0	1
CRBN	1	0	1
CRCP	1	0	1
CRCT1	1	0	1
CREB1	1	0	1
CREB3	1	0	1
CREB3L1	1	0	1
CREB3L2	1	0	1
CREB3L3	1	0	1
CREB3L4	1	0	1
CREB5	1	0	1
CREBBP	1	0	1
CREBL2	1	0	1
CREBRF	1	0	1
CREBZF	1	0	1
CREG1	1	0	1
CREG2	1	0	1
CRELD1	1	0	1
CRELD2	1	0	1
CREM	1	0	1
CRH	1	0	1
CRHBP	1	1	1
CRHR1	1	0	1
CRHR2	1	0	1
CRIM1	1	0	1
CRIP1	1	0	1
CRIP1P2	0	1	0
CRIP2	1	0	1
CRIP3	1	0	1
CRIPT	1	0	1
CRISP1	1	1	1
CRISP2	1	0	1
CRISP3	1	0	1
CRISPLD1	1	0	1
CRISPLD2	1	0	1
CRK	1	0	1
CRKL	1	0	1
CRLF1	1	0	1
CRLF2	1	0	1
CRLF3	1	1	1
CRLS1	1	0	1
CRMP1	1	0	1
CRNKL1	1	0	1
CRNN	1	1	1
CROCC	1	0	1
CROCC2	1	1	1
CROCCP3	0	1	0
CROT	1	0	1
CRP	1	0	1
CRPPA	1	0	1
CRTAC1	1	0	1
CRTAM	1	0	1
CRTAP	1	0	1
CRTC1	1	0	1
CRTC2	1	0	1
CRTC3	1	0	1
CRX	1	1	1
CRY1	1	0	1
CRY2	1	0	1
CRYAA	1	0	1
CRYAB	1	0	1
CRYBA1	1	0	1
CRYBA2	1	0	1
CRYBA4	1	0	1
CRYBB1	1	0	1
CRYBB2	1	0	1
CRYBB2P1	0	1	0
CRYBB3	1	0	1
CRYBG1	1	0	1
CRYBG2	1	0	1
CRYBG3	1	1	1
CRYGA	1	0	1
CRYGB	1	0	1
CRYGC	1	0	1
CRYGD	1	0	1
CRYGEP	0	1	0
CRYGN	1	0	1
CRYGS	1	0	1
CRYL1	1	0	1
CRYM	1	0	1
CRYZ	1	0	1
CRYZL1	1	0	1
CRYZL2P	0	1	0
CRYZL2P-SEC16B	0	1	0
CS	1	0	1
CSAD	1	0	1
CSAG1	1	0	1
CSAG2	1	0	1
CSAG3	1	0	1
CSDC2	1	0	1
CSDE1	1	0	1
CSE1L	1	0	1
CSF1	1	0	1
CSF1R	1	0	1
CSF2	1	0	1
CSF2RA	1	0	1
CSF2RB	1	0	1
CSF2RBP1	0	1	0
CSF3	1	0	1
CSF3R	1	0	1
CSGALNACT1	1	1	1
CSGALNACT2	1	0	1
CSH1	1	0	1
CSH2	1	0	1
CSHL1	1	0	1
CSK	1	0	1
CSKMT	1	0	1
CSMD1	1	0	1
CSMD2	1	0	1
CSMD3	1	0	1
CSN1S1	1	0	1
CSN2	1	0	1
CSN3	1	0	1
CSNK1A1	1	0	1
CSNK1A1L	1	0	1
CSNK1A1P1	0	1	0
CSNK1A1P3	0	1	0
CSNK1D	1	0	1
CSNK1E	1	0	1
CSNK1G1	1	0	1
CSNK1G2	1	0	1
CSNK1G3	1	0	1
CSNK2A1	1	0	1
CSNK2A2	1	0	1
CSNK2A3	1	0	1
CSNK2B	1	0	1
CSNKA2IP	1	0	1
CSPG4	1	0	1
CSPG5	1	0	1
CSPP1	1	0	1
CSRNP1	1	0	1
CSRNP2	1	0	1
CSRNP3	1	0	1
CSRP1	1	0	1
CSRP2	1	0	1
CSRP3	1	0	1
CST1	1	0	1
CST11	1	0	1
CST2	1	0	1
CST3	1	0	1
CST4	1	1	1
CST5	1	0	1
CST6	1	0	1
CST7	1	0	1
CST8	1	0	1
CST9	1	0	1
CST9L	1	0	1
CSTA	1	0	1
CSTB	1	0	1
CSTF1	1	0	1
CSTF2	1	0	1
CSTF2T	1	0	1
CSTF3	1	0	1
CSTL1	1	0	1
CSTPP1	1	0	1
CT45A1	1	0	1
CT45A10	1	0	1
CT45A2	1	0	1
CT45A3	1	0	1
CT45A5	1	0	1
CT45A6	1	0	1
CT45A7	1	0	1
CT45A8	1	0	1
CT45A9	1	0	1
CT47A1	1	0	1
CT47A10	1	0	1
CT47A11	1	0	1
CT47A12	1	0	1
CT47A2	1	0	1
CT47A3	1	0	1
CT47A4	1	0	1
CT47A5	1	0	1
CT47A6	1	0	1
CT47A7	1	0	1
CT47A8	1	0	1
CT47A9	1	0	1
CT47B1	1	0	1
CT47C1	1	0	1
CT55	1	0	1
CT69	0	1	0
CT75	0	1	0
CT83	1	0	1
CTAG1A	1	0	1
CTAG1B	1	0	1
CTAG2	1	0	1
CTAGE1	1	0	1
CTAGE11P	0	1	0
CTAGE14P	0	1	0
CTAGE15	1	0	1
CTAGE6	1	0	1
CTAGE9	1	0	1
CTBP1	1	0	1
CTBP2	1	0	1
CTBP2P2	0	1	0
CTBS	1	0	1
CTC1	1	0	1
CTCF	1	0	1
CTCFL	1	1	1
CTDNEP1	1	0	1
CTDP1	1	0	1
CTDSP1	1	0	1
CTDSP2	1	0	1
CTDSPL	1	0	1
CTDSPL2	1	0	1
CTF1	1	0	1
CTH	1	0	1
CTHRC1	1	0	1
CTIF	1	0	1
CTLA4	1	0	1
CTNNA1	1	0	1
CTNNA2	1	1	1
CTNNA3	1	0	1
CTNNAL1	1	0	1
CTNNB1	1	0	1
CTNNBIP1	1	0	1
CTNNBL1	1	0	1
CTNND1	1	0	1
CTNND2	1	0	1
CTNS	1	0	1
CTPS1	1	0	1
CTPS2	1	0	1
CTR9	1	0	1
CTRB1	1	0	1
CTRB2	1	0	1
CTRC	1	0	1
CTRL	1	0	1
CTSA	1	0	1
CTSB	1	0	1
CTSC	1	0	1
CTSD	1	0	1
CTSE	1	0	1
CTSF	1	0	1
CTSG	1	0	1
CTSH	1	0	1
CTSK	1	0	1
CTSL	1	0	1
CTSO	1	0	1
CTSS	1	0	1
CTSV	1	1	1
CTSW	1	0	1
CTSZ	1	0	1
CTTN	1	0	1
CTTNBP2	1	0	1
CTTNBP2NL	1	0	1
CTU1	1	0	1
CTU2	1	0	1
CTXN1	1	0	1
CTXN2	1	0	1
CTXN3	1	0	1
CTXND1	1	0	1
CTXND2	1	0	1
CUBN	1	0	1
CUEDC1	1	1	1
CUEDC2	1	0	1
CUL1	1	0	1
CUL2	1	0	1
CUL3	1	0	1
CUL4A	1	0	1
CUL4B	1	0	1
CUL5	1	0	1
CUL7	1	0	1
CUL9	1	0	1
CUTA	1	0	1
CUTC	1	0	1
CUX1	1	0	1
CUX2	1	0	1
CUZD1	1	0	1
CWC15	1	0	1
CWC22	1	1	1
CWC25	1	0	1
CWC27	1	0	1
CWF19L1	1	0	1
CWF19L2	1	0	1
CWH43	1	0	1
CX3CL1	1	0	1
CX3CR1	1	0	1
CXADR	1	0	1
CXCL1	1	0	1
CXCL10	1	0	1
CXCL11	1	0	1
CXCL12	1	0	1
CXCL13	1	0	1
CXCL14	1	0	1
CXCL16	1	0	1
CXCL17	1	0	1
CXCL2	1	0	1
CXCL3	1	0	1
CXCL5	1	0	1
CXCL6	1	0	1
CXCL8	1	0	1
CXCL9	1	0	1
CXCR1	1	0	1
CXCR2	1	0	1
CXCR3	1	0	1
CXCR4	1	0	1
CXCR5	1	0	1
CXCR6	1	0	1
CXORF38	1	0	0
CXORF49	1	0	0
CXORF49B	1	0	0
CXORF51A	1	0	0
CXORF51B	1	0	0
CXORF58	1	0	0
CXORF65	1	0	0
CXORF66	1	0	0
CXXC1	1	0	1
CXXC1P1	0	1	0
CXXC4	1	0	1
CXXC4-AS1	0	1	0
CXXC5	1	0	1
CYB561	1	0	1
CYB561A3	1	0	1
CYB561D1	1	0	1
CYB561D2	1	0	1
CYB5A	1	0	1
CYB5B	1	0	1
CYB5D1	1	0	1
CYB5D2	1	0	1
CYB5R1	1	0	1
CYB5R2	1	0	1
CYB5R3	1	0	1
CYB5R4	1	0	1
CYB5RL	1	0	1
CYBA	1	0	1
CYBB	1	0	1
CYBC1	1	0	1
CYBRD1	1	0	1
CYC1	1	0	1
CYCS	1	0	1
CYCSP33	0	1	0
CYCSP39	0	1	0
CYCSP6	0	1	0
CYFIP1	1	0	1
CYFIP2	1	0	1
CYGB	1	0	1
CYLC1	1	1	1
CYLC2	1	0	1
CYLD	1	0	1
CYMP	0	1	0
CYP11A1	1	0	1
CYP11B1	1	0	1
CYP11B2	1	0	1
CYP17A1	1	0	1
CYP19A1	1	0	1
CYP1A1	1	0	1
CYP1A2	1	0	1
CYP1B1	1	0	1
CYP1B1-AS1	0	1	0
CYP20A1	1	0	1
CYP21A2	1	0	1
CYP24A1	1	0	1
CYP26A1	1	0	1
CYP26B1	1	0	1
CYP26C1	1	0	1
CYP27A1	1	0	1
CYP27B1	1	0	1
CYP27C1	1	0	1
CYP2A13	1	0	1
CYP2A6	1	0	1
CYP2A7	1	0	1
CYP2B6	1	0	1
CYP2B7P	0	1	0
CYP2C18	1	1	1
CYP2C19	1	0	1
CYP2C8	1	0	1
CYP2C9	1	0	1
CYP2D6	1	0	1
CYP2D7	1	0	1
CYP2E1	1	0	1
CYP2F1	1	0	1
CYP2J2	1	0	1
CYP2R1	1	0	1
CYP2S1	1	0	1
CYP2U1	1	0	1
CYP2W1	1	1	1
CYP39A1	1	0	1
CYP3A4	1	0	1
CYP3A43	1	0	1
CYP3A5	1	0	1
CYP3A7	1	0	1
CYP3A7-CYP3A51P	1	0	1
CYP46A1	1	0	1
CYP4A11	1	0	1
CYP4A22	1	0	1
CYP4B1	1	1	1
CYP4F11	1	0	1
CYP4F12	1	0	1
CYP4F2	1	0	1
CYP4F22	1	0	1
CYP4F23P	0	1	0
CYP4F3	1	0	1
CYP4F8	1	0	1
CYP4V2	1	0	1
CYP4X1	1	0	1
CYP4Z1	1	0	1
CYP51A1	1	0	1
CYP7A1	1	0	1
CYP7B1	1	0	1
CYP8B1	1	0	1
CYREN	1	0	1
CYRIA	1	0	1
CYRIB	1	0	1
CYS1	1	0	1
CYSLTR1	1	0	1
CYSLTR2	1	0	1
CYSRT1	1	0	1
CYSTM1	1	0	1
CYTH1	1	0	1
CYTH2	1	0	1
CYTH3	1	0	1
CYTH4	1	0	1
CYTIP	1	1	1
CYTL1	1	0	1
CYYR1	1	1	1
CZIB	1	0	1
D2HGDH	1	0	1
DAAM1	1	0	1
DAAM2	1	0	1
DAB1	1	0	1
DAB2	1	0	1
DAB2IP	1	0	1
DACH1	1	0	1
DACH2	1	0	1
DACT1	1	0	1
DACT2	1	0	1
DACT3	1	0	1
DAD1	1	0	1
DAG1	1	0	1
DAGLA	1	0	1
DAGLB	1	0	1
DALRD3	1	0	1
DAND5	1	0	1
DANT2	0	1	0
DAO	1	0	1
DAOA	1	0	1
DAP	1	0	1
DAP3	1	0	1
DAPK1	1	0	1
DAPK2	1	0	1
DAPK3	1	0	1
DAPL1	1	1	1
DAPP1	1	0	1
DARS1	1	0	1
DARS2	1	0	1
DAW1	1	0	1
DAXX	1	0	1
DAZ1	1	0	1
DAZ2	1	0	1
DAZ3	1	0	1
DAZ4	1	0	1
DAZAP1	1	0	1
DAZAP2	1	0	1
DAZL	1	1	1
DBF4	1	0	1
DBF4B	1	0	1
DBH	1	0	1
DBI	1	0	1
DBN1	1	0	1
DBNDD1	1	0	1
DBNDD2	1	0	1
DBNL	1	0	1
DBP	1	0	1
DBR1	1	0	1
DBT	1	0	1
DBX1	1	0	1
DBX2	1	0	1
DCAF1	1	0	1
DCAF10	1	0	1
DCAF11	1	0	1
DCAF12	1	0	1
DCAF12L1	1	0	1
DCAF12L2	1	0	1
DCAF13	1	0	1
DCAF15	1	0	1
DCAF16	1	0	1
DCAF17	1	0	1
DCAF4	1	0	1
DCAF4L1	1	0	1
DCAF4L2	1	0	1
DCAF5	1	0	1
DCAF6	1	0	1
DCAF7	1	0	1
DCAF8	1	0	1
DCAF8L1	1	0	1
DCAF8L2	1	0	1
DCAKD	1	0	1
DCANP1	1	0	1
DCBLD1	1	0	1
DCBLD2	1	0	1
DCC	1	0	1
DCD	1	0	1
DCDC1	1	1	1
DCDC2	1	0	1
DCDC2B	1	0	1
DCDC2C	1	0	1
DCHS1	1	0	1
DCHS2	1	0	1
DCK	1	0	1
DCLK1	1	0	1
DCLK2	1	0	1
DCLK3	1	0	1
DCLRE1A	1	0	1
DCLRE1B	1	0	1
DCLRE1C	1	0	1
DCN	1	0	1
DCP1A	1	0	1
DCP1B	1	0	1
DCP2	1	0	1
DCPS	1	0	1
DCST1	1	0	1
DCST2	1	0	1
DCSTAMP	1	0	1
DCT	1	0	1
DCTD	1	0	1
DCTN1	1	0	1
DCTN2	1	0	1
DCTN3	1	0	1
DCTN4	1	0	1
DCTN5	1	1	1
DCTN6	1	0	1
DCTPP1	1	0	1
DCUN1D1	1	1	1
DCUN1D2	1	0	1
DCUN1D3	1	0	1
DCUN1D4	1	0	1
DCUN1D5	1	0	1
DCX	1	0	1
DCXR	1	0	1
DDA1	1	0	1
DDAH1	1	0	1
DDAH2	1	0	1
DDB1	1	0	1
DDB2	1	0	1
DDC	1	0	1
DDHD1	1	0	1
DDHD2	1	0	1
DDI1	1	0	1
DDI2	1	0	1
DDIAS	1	0	1
DDIT3	1	0	1
DDIT4	1	0	1
DDIT4L	1	0	1
DDN	1	0	1
DDO	1	0	1
DDOST	1	0	1
DDR1	1	0	1
DDR2	1	0	1
DDRGK1	1	0	1
DDT	1	0	1
DDTL	1	0	1
DDX1	1	0	1
DDX10	1	0	1
DDX10P2	0	1	0
DDX11	1	0	1
DDX17	1	0	1
DDX18	1	0	1
DDX19A	1	0	1
DDX19B	1	0	1
DDX20	1	0	1
DDX21	1	0	1
DDX23	1	0	1
DDX24	1	0	1
DDX25	1	0	1
DDX27	1	0	1
DDX28	1	0	1
DDX31	1	0	1
DDX39A	1	0	1
DDX39B	1	0	1
DDX3X	1	1	1
DDX3Y	1	0	1
DDX4	1	1	1
DDX41	1	0	1
DDX42	1	0	1
DDX43	1	0	1
DDX46	1	0	1
DDX47	1	0	1
DDX49	1	0	1
DDX5	1	0	1
DDX50	1	0	1
DDX51	1	1	1
DDX52	1	0	1
DDX53	1	1	1
DDX54	1	0	1
DDX55	1	0	1
DDX55P1	0	1	0
DDX56	1	0	1
DDX59	1	0	1
DDX59-AS1	0	1	0
DDX6	1	0	1
DDX60	1	1	1
DDX60L	1	0	1
DDX6P2	0	1	0
DEAF1	1	0	1
DECR1	1	0	1
DECR2	1	0	1
DEDD	1	1	1
DEDD2	1	0	1
DEF6	1	0	1
DEF8	1	0	1
DEFA1	1	0	1
DEFA1B	1	0	1
DEFA3	1	0	1
DEFA4	1	1	1
DEFA5	1	0	1
DEFA6	1	0	1
DEFB1	1	0	1
DEFB103A	1	0	1
DEFB103B	1	0	1
DEFB104A	1	0	1
DEFB104B	1	0	1
DEFB105A	1	0	1
DEFB105B	1	0	1
DEFB106A	1	0	1
DEFB106B	1	0	1
DEFB107A	1	0	1
DEFB107B	1	0	1
DEFB108B	1	0	1
DEFB110	1	0	1
DEFB112	1	0	1
DEFB113	1	0	1
DEFB114	1	0	1
DEFB115	1	0	1
DEFB116	1	0	1
DEFB118	1	0	1
DEFB119	1	1	1
DEFB121	1	0	1
DEFB123	1	0	1
DEFB124	1	1	1
DEFB125	1	0	1
DEFB126	1	0	1
DEFB127	1	0	1
DEFB128	1	0	1
DEFB129	1	0	1
DEFB130A	1	0	1
DEFB130B	1	0	1
DEFB131A	1	0	1
DEFB131B	1	0	1
DEFB132	1	0	1
DEFB133	1	0	0
DEFB134	1	0	1
DEFB135	1	1	1
DEFB136	1	0	1
DEFB4A	1	0	1
DEFB4B	1	0	1
DEFT1P	0	1	0
DEGS1	1	0	1
DEGS2	1	0	1
DEK	1	0	1
DELE1	1	0	1
DENND10	1	0	1
DENND11	1	0	1
DENND1A	1	0	1
DENND1B	1	0	1
DENND1C	1	0	1
DENND2A	1	0	1
DENND2B	1	0	1
DENND2C	1	1	1
DENND2D	1	0	1
DENND3	1	0	1
DENND4A	1	0	1
DENND4B	1	0	1
DENND4C	1	0	1
DENND5A	1	0	1
DENND5B	1	0	1
DENND5B-AS1	0	1	0
DENND6A	1	0	1
DENND6B	1	0	1
DENR	1	0	1
DEPDC1	1	0	1
DEPDC1-AS1	0	1	0
DEPDC1B	1	0	1
DEPDC4	1	1	1
DEPDC5	1	0	1
DEPDC7	1	0	1
DEPP1	1	0	1
DEPTOR	1	0	1
DERA	1	0	1
DERL1	1	0	1
DERL2	1	0	1
DERL3	1	0	1
DERPC	1	0	1
DES	1	0	1
DESI1	1	0	1
DESI2	1	0	1
DET1	1	0	1
DEUP1	1	0	1
DEXI	1	0	1
DFFA	1	0	1
DFFB	1	0	1
DGAT1	1	0	1
DGAT2	1	0	1
DGAT2L6	1	0	1
DGCR2	1	0	1
DGCR6	1	0	1
DGCR6L	1	0	1
DGCR8	1	0	1
DGKA	1	0	1
DGKB	1	0	1
DGKD	1	0	1
DGKE	1	0	1
DGKG	1	0	1
DGKH	1	0	1
DGKI	1	0	1
DGKK	1	1	1
DGKQ	1	0	1
DGKZ	1	0	1
DGKZP1	0	1	0
DGLUCY	1	1	1
DGUOK	1	0	1
DHCR24	1	0	1
DHCR7	1	0	1
DHDDS	1	0	1
DHDH	1	0	1
DHFR	1	0	1
DHFR2	1	0	1
DHH	1	0	1
DHODH	1	0	1
DHPS	1	0	1
DHRS1	1	0	1
DHRS11	1	0	1
DHRS12	1	0	1
DHRS13	1	0	1
DHRS2	1	0	1
DHRS3	1	0	1
DHRS4	1	0	1
DHRS4L2	1	0	1
DHRS7	1	0	1
DHRS7B	1	0	1
DHRS7C	1	0	1
DHRS9	1	0	1
DHRSX	1	0	1
DHTKD1	1	1	1
DHX15	1	0	1
DHX16	1	0	1
DHX29	1	0	1
DHX30	1	0	1
DHX32	1	0	1
DHX33	1	0	1
DHX34	1	0	1
DHX35	1	0	1
DHX36	1	0	1
DHX37	1	0	1
DHX38	1	0	1
DHX40	1	0	1
DHX57	1	0	1
DHX58	1	0	1
DHX8	1	0	1
DHX9	1	1	1
DIABLO	1	0	1
DIAPH1	1	1	1
DIAPH2	1	0	1
DIAPH2-AS1	0	1	0
DIAPH3	1	0	1
DICER1	1	0	1
DIDO1	1	0	1
DIMT1	1	0	1
DIO1	1	0	1
DIO2	1	0	1
DIO3	1	0	1
DIP2A	1	0	1
DIP2B	1	0	1
DIP2C	1	0	1
DIPK1A	1	0	1
DIPK1B	1	0	1
DIPK1C	1	0	1
DIPK2A	1	0	1
DIPK2B	1	0	1
DIRAS1	1	0	1
DIRAS2	1	0	1
DIRAS3	1	0	1
DIRC3	0	1	0
DIS3	1	0	1
DIS3L	1	0	1
DIS3L2	1	1	1
DISC1	1	0	1
DISP1	1	1	1
DISP2	1	0	1
DISP3	1	1	1
DIXDC1	1	0	1
DKC1	1	0	1
DKK1	1	0	1
DKK2	1	0	1
DKK3	1	0	1
DKK4	1	0	1
DKKL1	1	0	1
DLAT	1	1	1
DLC1	1	0	1
DLD	1	0	1
DLEC1	1	0	1
DLEU1	0	1	0
DLEU2	0	1	0
DLEU7	1	0	1
DLG1	1	0	1
DLG2	1	0	1
DLG3	1	0	1
DLG4	1	0	1
DLG5	1	0	1
DLGAP1	1	0	1
DLGAP2	1	1	1
DLGAP3	1	0	1
DLGAP4	1	0	1
DLGAP4-AS1	0	1	0
DLGAP5	1	0	1
DLK1	1	0	1
DLK2	1	0	1
DLL1	1	0	1
DLL3	1	0	1
DLL4	1	0	1
DLST	1	0	1
DLX1	1	0	1
DLX2	1	0	1
DLX3	1	0	1
DLX4	1	0	1
DLX5	1	0	1
DLX6	1	0	1
DMAC1	1	1	1
DMAC2	1	1	1
DMAC2L	1	1	1
DMAP1	1	0	1
DMBT1	1	1	1
DMBT1P1	0	1	0
DMBX1	1	0	1
DMC1	1	0	1
DMD	1	0	1
DMGDH	1	0	1
DMKN	1	1	1
DMP1	1	0	1
DMPK	1	0	1
DMRT1	1	0	1
DMRT2	1	0	1
DMRT3	1	0	1
DMRTA1	1	0	1
DMRTA2	1	0	1
DMRTB1	1	0	1
DMRTC1	1	0	1
DMRTC1B	1	0	1
DMRTC2	1	0	1
DMTF1	1	0	1
DMTN	1	0	1
DMWD	1	0	1
DMXL1	1	0	1
DMXL2	1	0	1
DNA2	1	0	1
DNAAF1	1	0	1
DNAAF10	1	0	1
DNAAF11	1	0	1
DNAAF2	1	0	1
DNAAF3	1	0	1
DNAAF4	1	0	1
DNAAF5	1	0	1
DNAAF6	1	0	1
DNAAF8	1	0	1
DNAAF9	1	0	1
DNAH1	1	1	1
DNAH10	1	0	1
DNAH11	1	0	1
DNAH12	1	1	1
DNAH14	1	1	1
DNAH17	1	1	1
DNAH2	1	0	1
DNAH3	1	1	1
DNAH5	1	0	1
DNAH6	1	1	1
DNAH7	1	0	1
DNAH8	1	0	1
DNAH9	1	0	1
DNAI1	1	0	1
DNAI2	1	0	1
DNAI3	1	0	1
DNAI4	1	0	1
DNAI7	1	0	1
DNAJA1	1	0	1
DNAJA2	1	0	1
DNAJA3	1	0	1
DNAJA4	1	1	1
DNAJB1	1	0	1
DNAJB11	1	0	1
DNAJB12	1	0	1
DNAJB13	1	0	1
DNAJB14	1	0	1
DNAJB2	1	0	1
DNAJB4	1	0	1
DNAJB5	1	0	1
DNAJB5P1	0	1	0
DNAJB6	1	0	1
DNAJB7	1	1	1
DNAJB8	1	0	1
DNAJB9	1	0	1
DNAJC1	1	0	1
DNAJC10	1	0	1
DNAJC11	1	0	1
DNAJC12	1	0	1
DNAJC13	1	0	1
DNAJC14	1	0	1
DNAJC15	1	0	1
DNAJC16	1	0	1
DNAJC17	1	0	1
DNAJC18	1	0	1
DNAJC19	1	0	1
DNAJC19P9	0	1	0
DNAJC2	1	0	1
DNAJC21	1	0	1
DNAJC22	1	0	1
DNAJC24	1	0	1
DNAJC25	1	0	1
DNAJC27	1	0	1
DNAJC27-AS1	0	1	0
DNAJC28	1	0	1
DNAJC3	1	0	1
DNAJC30	1	0	1
DNAJC4	1	0	1
DNAJC5	1	0	1
DNAJC5B	1	0	1
DNAJC5G	1	1	1
DNAJC6	1	0	1
DNAJC7	1	0	1
DNAJC8	1	0	1
DNAJC9	1	0	1
DNAL1	1	0	1
DNAL4	1	0	1
DNALI1	1	0	1
DNASE1	1	0	1
DNASE1L1	1	0	1
DNASE1L2	1	0	1
DNASE1L3	1	0	1
DNASE2	1	0	1
DNASE2B	1	0	1
DND1	1	0	1
DNER	1	0	1
DNHD1	1	0	1
DNLZ	1	0	1
DNM1	1	0	1
DNM1L	1	0	1
DNM2	1	0	1
DNM3	1	0	1
DNMBP	1	0	1
DNMT1	1	0	1
DNMT3A	1	0	1
DNMT3B	1	0	1
DNMT3L	1	0	1
DNPEP	1	0	1
DNPH1	1	0	1
DNTT	1	0	1
DNTTIP1	1	0	1
DNTTIP2	1	0	1
DOC2A	1	0	1
DOC2B	1	0	1
DOCK1	1	0	1
DOCK10	1	0	1
DOCK11	1	0	1
DOCK2	1	0	1
DOCK3	1	0	1
DOCK4	1	0	1
DOCK5	1	0	1
DOCK6	1	0	1
DOCK7	1	0	1
DOCK8	1	0	1
DOCK9	1	0	1
DOHH	1	0	1
DOK1	1	0	1
DOK2	1	0	1
DOK3	1	0	1
DOK4	1	0	1
DOK5	1	0	1
DOK6	1	0	1
DOK7	1	0	1
DOLK	1	0	1
DOLPP1	1	0	1
DONSON	1	0	1
DOP1A	1	0	1
DOP1B	1	0	1
DOT1L	1	0	1
DPAGT1	1	0	1
DPCD	1	0	1
DPEP1	1	0	1
DPEP2	1	0	1
DPEP2NB	1	0	1
DPEP3	1	0	1
DPF1	1	0	1
DPF2	1	0	1
DPF3	1	0	1
DPH1	1	0	1
DPH2	1	0	1
DPH3	1	0	1
DPH5	1	0	1
DPH6	1	0	1
DPH7	1	0	1
DPM1	1	0	1
DPM2	1	0	1
DPM3	1	0	1
DPP10	1	0	1
DPP3	1	0	1
DPP3P1	0	1	0
DPP3P2	0	1	0
DPP4	1	0	1
DPP6	1	1	1
DPP7	1	0	1
DPP8	1	0	1
DPP9	1	0	1
DPPA2	1	0	1
DPPA3	1	0	1
DPPA3P2	0	1	0
DPPA4	1	0	1
DPPA5	1	0	1
DPRX	1	0	1
DPT	1	0	1
DPY19L1	1	0	1
DPY19L1P1	0	1	0
DPY19L2	1	0	1
DPY19L2P3	0	1	0
DPY19L3	1	0	1
DPY19L4	1	0	1
DPY30	1	0	1
DPYD	1	0	1
DPYS	1	0	1
DPYSL2	1	0	1
DPYSL3	1	0	1
DPYSL4	1	0	1
DPYSL5	1	0	1
DQX1	1	0	1
DR1	1	0	1
DRAIC	0	1	0
DRAM1	1	0	1
DRAM2	1	0	1
DRAP1	1	0	1
DRAXIN	1	0	1
DRC1	1	0	1
DRC3	1	0	1
DRC7	1	0	1
DRD1	1	0	1
DRD2	1	0	1
DRD3	1	0	1
DRD4	1	0	1
DRD5	1	0	1
DRG1	1	0	1
DRG2	1	0	1
DRGX	1	0	1
DRICH1	1	0	1
DROSHA	1	1	1
DRP2	1	0	1
DSC1	1	0	1
DSC2	1	0	1
DSC3	1	0	1
DSCAM	1	0	1
DSCAML1	1	0	1
DSCC1	1	0	1
DSE	1	0	1
DSEL	1	0	1
DSG1	1	0	1
DSG2	1	0	1
DSG3	1	0	1
DSG4	1	0	1
DSN1	1	0	1
DSP	1	0	1
DSPP	1	0	1
DST	1	0	1
DSTN	1	0	1
DSTYK	1	0	1
DTD1	1	1	1
DTD2	1	1	1
DTHD1	1	0	1
DTL	1	0	1
DTNA	1	0	1
DTNB	1	0	1
DTNBP1	1	0	1
DTWD1	1	0	1
DTWD2	1	0	1
DTX1	1	0	1
DTX2	1	0	1
DTX3	1	0	1
DTX3L	1	0	1
DTX4	1	0	1
DTYMK	1	0	1
DUBR	0	1	0
DUOX1	1	0	1
DUOX2	1	0	1
DUOXA1	1	0	1
DUOXA2	1	0	1
DUS1L	1	0	1
DUS2	1	0	1
DUS3L	1	0	1
DUS4L	1	0	1
DUSP1	1	0	1
DUSP10	1	0	1
DUSP11	1	0	1
DUSP12	1	0	1
DUSP13	1	0	1
DUSP14	1	0	1
DUSP15	1	0	1
DUSP16	1	0	1
DUSP18	1	0	1
DUSP19	1	0	1
DUSP2	1	0	1
DUSP21	1	0	1
DUSP22	1	0	1
DUSP23	1	0	1
DUSP26	1	0	1
DUSP28	1	0	1
DUSP29	1	0	1
DUSP3	1	0	1
DUSP4	1	0	1
DUSP5	1	0	1
DUSP5P2	0	1	0
DUSP6	1	0	1
DUSP7	1	0	1
DUSP8	1	0	1
DUSP9	1	0	1
DUT	1	0	1
DUX4	1	0	1
DUXA	1	0	1
DUXAP11	0	1	0
DUXAP9	0	1	0
DUXB	1	0	1
DVL1	1	0	1
DVL2	1	0	1
DVL3	1	0	1
DXO	1	0	1
DYDC1	1	0	1
DYDC2	1	0	1
DYM	1	0	1
DYNAP	1	0	1
DYNC1H1	1	0	1
DYNC1I1	1	0	1
DYNC1I2	1	0	1
DYNC1LI1	1	0	1
DYNC1LI2	1	0	1
DYNC2H1	1	0	1
DYNC2I1	1	0	1
DYNC2I2	1	0	1
DYNC2LI1	1	0	1
DYNLL1	1	0	1
DYNLL1P1	0	1	0
DYNLL1P7	0	1	0
DYNLL2	1	0	1
DYNLRB1	1	0	1
DYNLRB2	1	0	1
DYNLT1	1	0	1
DYNLT2	1	0	1
DYNLT2B	1	0	1
DYNLT3	1	0	1
DYNLT4	1	0	1
DYNLT5	1	0	1
DYRK1A	1	0	1
DYRK1B	1	0	1
DYRK2	1	0	1
DYRK3	1	0	1
DYRK4	1	0	1
DYSF	1	0	1
DYTN	1	0	1
DZANK1	1	0	1
DZIP1	1	0	1
DZIP1L	1	0	1
DZIP3	1	0	1
E2F1	1	0	1
E2F2	1	0	1
E2F3	1	0	1
E2F4	1	0	1
E2F5	1	0	1
E2F6	1	0	1
E2F7	1	0	1
E2F8	1	0	1
E4F1	1	0	1
EAF1	1	0	1
EAF2	1	0	1
EAPP	1	0	1
EARS2	1	0	1
EBAG9	1	0	1
EBF1	1	0	1
EBF2	1	0	1
EBF3	1	0	1
EBF4	1	0	1
EBI3	1	0	1
EBLN1	1	0	1
EBLN2	1	0	1
EBLN3P	0	1	0
EBNA1BP2	1	1	1
EBP	1	0	1
EBPL	1	0	1
ECD	1	0	1
ECE1	1	0	1
ECE2	1	0	1
ECEL1	1	0	1
ECH1	1	0	1
ECHDC1	1	0	1
ECHDC2	1	0	1
ECHDC3	1	0	1
ECHS1	1	0	1
ECI1	1	0	1
ECI2	1	0	1
ECM1	1	0	1
ECM1P1	0	1	0
ECM1P2	0	1	0
ECM2	1	0	1
ECPAS	1	0	1
ECRG4	1	0	1
ECSCR	1	0	1
ECSIT	1	0	1
ECT2	1	1	1
ECT2L	1	1	1
EDA	1	1	1
EDA2R	1	0	1
EDAR	1	0	1
EDARADD	1	0	1
EDC3	1	0	1
EDC4	1	0	1
EDDM13	1	0	1
EDDM3A	1	0	1
EDDM3B	1	0	1
EDEM1	1	0	1
EDEM2	1	0	1
EDEM3	1	0	1
EDF1	1	0	1
EDIL3	1	0	1
EDN1	1	0	1
EDN2	1	0	1
EDN3	1	0	1
EDNRA	1	0	1
EDNRB	1	1	1
EDRF1	1	0	1
EEA1	1	0	1
EED	1	0	1
EEF1A1	1	0	1
EEF1A1P11	0	1	0
EEF1A1P12	0	1	0
EEF1A1P13	0	1	0
EEF1A1P30	0	1	0
EEF1A1P33	0	1	0
EEF1A1P38	0	1	0
EEF1A1P40	0	1	0
EEF1A1P42	0	1	0
EEF1A1P7	0	1	0
EEF1A2	1	0	1
EEF1AKMT1	1	0	1
EEF1AKMT2	1	1	1
EEF1AKMT3	1	0	1
EEF1AKMT4	1	0	1
EEF1AKMT4-ECE2	0	0	1
EEF1B2	1	0	1
EEF1D	1	1	1
EEF1E1	1	1	1
EEF1E1-BLOC1S5	0	0	1
EEF1G	1	0	1
EEF2	1	0	1
EEF2K	1	0	1
EEF2KMT	1	0	1
EEFSEC	1	0	1
EEIG1	1	0	1
EEIG2	1	0	1
EEPD1	1	0	1
EFCAB1	0	1	0
EFCAB10	1	0	1
EFCAB11	1	0	1
EFCAB12	1	0	1
EFCAB13	1	1	1
EFCAB14	1	0	1
EFCAB2	1	0	1
EFCAB3	1	1	1
EFCAB5	1	0	1
EFCAB6	1	0	1
EFCAB6-AS1	0	1	0
EFCAB7	1	0	1
EFCAB8	1	1	1
EFCAB9	1	0	1
EFCC1	1	0	1
EFEMP1	1	0	1
EFEMP2	1	0	1
EFHB	1	0	1
EFHC1	1	0	1
EFHC2	1	0	1
EFHD1	1	1	1
EFHD2	1	0	1
EFL1	1	0	1
EFL1P1	0	1	0
EFNA1	1	0	1
EFNA2	1	1	1
EFNA3	1	0	1
EFNA4	1	0	1
EFNA5	1	0	1
EFNB1	1	0	1
EFNB2	1	0	1
EFNB3	1	0	1
EFR3A	1	0	1
EFR3B	1	0	1
EFS	1	0	1
EFTUD2	1	0	1
EGF	1	0	1
EGFL6	1	0	1
EGFL7	1	0	1
EGFL8	1	0	1
EGFLAM	1	0	1
EGFR	1	0	1
EGLN1	1	0	1
EGLN2	1	0	1
EGLN3	1	0	1
EGR1	1	0	1
EGR2	1	1	1
EGR3	1	0	1
EGR4	1	0	1
EHBP1	1	0	1
EHBP1L1	1	1	1
EHD1	1	0	1
EHD2	1	0	1
EHD3	1	0	1
EHD4	1	0	1
EHF	1	0	1
EHHADH	1	0	1
EHMT1	1	1	1
EHMT2	1	0	1
EI24	1	0	1
EID1	1	0	1
EID2	1	0	1
EID2B	1	0	1
EID3	1	0	1
EIF1	1	0	1
EIF1AD	1	0	1
EIF1AX	1	0	1
EIF1AY	1	0	1
EIF1B	1	0	1
EIF1P2	0	1	0
EIF1P3	0	1	0
EIF2A	1	0	1
EIF2AK1	1	0	1
EIF2AK2	1	0	1
EIF2AK3	1	0	1
EIF2AK4	1	0	1
EIF2B1	1	0	1
EIF2B2	1	0	1
EIF2B3	1	0	1
EIF2B4	1	0	1
EIF2B5	1	0	1
EIF2D	1	0	1
EIF2S1	1	0	1
EIF2S2	1	0	1
EIF2S3	1	0	1
EIF2S3B	1	1	1
EIF3A	1	0	1
EIF3B	1	0	1
EIF3C	1	0	1
EIF3CL	1	0	1
EIF3D	1	0	1
EIF3E	1	0	1
EIF3F	1	1	1
EIF3FP3	0	1	0
EIF3G	1	0	1
EIF3H	1	0	1
EIF3I	1	0	1
EIF3J	1	0	1
EIF3K	1	0	1
EIF3L	1	0	1
EIF3M	1	0	1
EIF4A1	1	0	1
EIF4A1P9	0	1	0
EIF4A2	1	0	1
EIF4A3	1	1	1
EIF4B	1	0	1
EIF4BP3	0	1	0
EIF4BP8	0	1	0
EIF4E	1	0	1
EIF4E1B	1	0	1
EIF4E2	1	0	1
EIF4E3	1	0	1
EIF4EBP1	1	0	1
EIF4EBP2	1	0	1
EIF4EBP3	1	0	1
EIF4ENIF1	1	0	1
EIF4EP2	0	1	0
EIF4EP4	0	1	0
EIF4G1	1	0	1
EIF4G3	1	0	1
EIF4H	1	0	1
EIF5	1	0	1
EIF5A	1	0	1
EIF5A2	1	0	1
EIF5AL1	1	0	1
EIF5B	1	0	1
EIF6	1	0	1
EIPR1	1	0	1
ELAC1	1	0	1
ELAC2	1	0	1
ELANE	1	0	1
ELAPOR1	1	0	1
ELAPOR2	1	0	1
ELAVL1	1	0	1
ELAVL2	1	0	1
ELAVL3	1	0	1
ELAVL4	1	0	1
ELF1	1	0	1
ELF2	1	0	1
ELF3	1	0	1
ELF4	1	0	1
ELF5	1	0	1
ELFN1	1	0	1
ELFN2	1	0	1
ELK1	1	0	1
ELK3	1	0	1
ELK4	1	0	1
ELL	1	0	1
ELL2	1	0	1
ELL3	1	0	1
ELMO1	1	0	1
ELMO2	1	0	1
ELMO3	1	0	1
ELMOD1	1	0	1
ELMOD2	1	0	1
ELMOD3	1	1	1
ELN	1	1	1
ELOA	1	0	1
ELOA2	1	1	1
ELOA3BP	1	0	0
ELOA3DP	1	0	0
ELOA3P	1	0	0
ELOB	1	0	1
ELOC	1	0	1
ELOF1	1	0	1
ELOVL1	1	0	1
ELOVL2	1	0	1
ELOVL3	1	0	1
ELOVL4	1	0	1
ELOVL5	1	0	1
ELOVL6	1	0	1
ELOVL7	1	0	1
ELP1	1	0	1
ELP2	1	0	1
ELP3	1	0	1
ELP4	1	1	1
ELP5	1	1	1
ELP6	1	0	1
ELSPBP1	1	0	1
EMB	1	0	1
EMC1	1	0	1
EMC10	1	0	1
EMC2	1	0	1
EMC3	1	0	1
EMC4	1	0	1
EMC6	1	0	1
EMC7	1	0	1
EMC8	1	0	1
EMC9	1	0	1
EMCN	1	1	1
EMD	1	0	1
EME1	1	0	1
EME2	1	0	1
EMG1	1	0	1
EMID1	1	0	1
EMILIN1	1	0	1
EMILIN2	1	0	1
EMILIN3	1	0	1
EML1	1	0	1
EML2	1	0	1
EML3	1	0	1
EML4	1	0	1
EML4-AS1	0	1	0
EML5	1	0	1
EML6	1	0	1
EMP1	1	0	1
EMP2	1	0	1
EMP3	1	0	1
EMSY	1	0	1
EMX1	1	0	1
EMX2	1	0	1
EMX2OS	0	1	0
EN1	1	0	1
EN2	1	0	1
ENAH	1	0	1
ENAM	1	0	1
ENC1	1	0	1
ENDOD1	1	0	1
ENDOG	1	0	1
ENDOU	1	0	1
ENDOV	1	0	1
ENG	1	0	1
ENGASE	1	0	1
ENHO	1	0	1
ENKD1	1	0	1
ENKUR	1	0	1
ENO1	1	0	1
ENO2	1	0	1
ENO3	1	0	1
ENO4	1	0	1
ENOPH1	1	0	1
ENOSF1	1	0	1
ENOX1	1	0	1
ENOX2	1	0	1
ENPEP	1	0	1
ENPP1	1	0	1
ENPP2	1	0	1
ENPP3	1	0	1
ENPP4	1	0	1
ENPP5	1	0	1
ENPP6	1	0	1
ENPP7	1	0	1
ENSA	1	0	1
ENSG00000100101	0	0	1
ENSG00000112096	1	0	0
ENSG00000131152	0	0	1
ENSG00000141979	0	0	1
ENSG00000142539	0	0	1
ENSG00000170846	1	0	1
ENSG00000182230	1	0	0
ENSG00000187186	1	0	1
ENSG00000188897	1	0	1
ENSG00000203546	0	0	1
ENSG00000203812	1	0	0
ENSG00000204003	0	0	1
ENSG00000204805	1	0	0
ENSG00000205236	0	0	1
ENSG00000213204	0	0	1
ENSG00000214265	0	0	1
ENSG00000215271	1	0	0
ENSG00000221995	1	0	0
ENSG00000225932	1	0	0
ENSG00000226690	1	0	1
ENSG00000228144	0	0	1
ENSG00000230626	1	0	0
ENSG00000230707	1	0	1
ENSG00000232196	1	0	0
ENSG00000236543	1	0	1
ENSG00000237378	1	0	1
ENSG00000241489	1	0	1
ENSG00000244693	1	0	0
ENSG00000248235	1	0	1
ENSG00000249319	0	0	1
ENSG00000249860	1	0	0
ENSG00000250264	0	0	1
ENSG00000250424	0	0	1
ENSG00000251357	0	0	1
ENSG00000251537	0	0	1
ENSG00000254536	0	0	1
ENSG00000254553	0	0	1
ENSG00000254692	0	0	1
ENSG00000254706	0	0	1
ENSG00000255292	1	0	1
ENSG00000255330	0	0	1
ENSG00000255432	0	0	1
ENSG00000255639	0	0	1
ENSG00000255823	1	0	0
ENSG00000256045	1	0	0
ENSG00000256100	1	0	0
ENSG00000256222	1	0	0
ENSG00000256374	1	0	0
ENSG00000256514	1	0	1
ENSG00000256618	1	0	0
ENSG00000256825	0	0	1
ENSG00000256892	1	0	0
ENSG00000257767	0	0	1
ENSG00000258881	1	0	1
ENSG00000259784	0	0	1
ENSG00000259900	0	0	1
ENSG00000260234	0	0	1
ENSG00000260272	0	0	1
ENSG00000260537	0	0	1
ENSG00000260914	0	0	1
ENSG00000261147	0	0	1
ENSG00000261459	0	0	1
ENSG00000262304	0	0	1
ENSG00000262633	0	0	1
ENSG00000262660	0	0	1
ENSG00000263020	0	0	1
ENSG00000263464	1	0	0
ENSG00000264813	0	0	1
ENSG00000266086	0	0	1
ENSG00000266202	0	0	1
ENSG00000266302	0	0	1
ENSG00000266728	0	0	1
ENSG00000267001	0	0	1
ENSG00000267228	0	0	1
ENSG00000267477	0	0	1
ENSG00000267706	0	0	1
ENSG00000268163	1	0	1
ENSG00000268279	0	0	1
ENSG00000268643	0	0	1
ENSG00000268655	1	0	1
ENSG00000268750	0	0	1
ENSG00000268870	0	0	1
ENSG00000269028	1	0	0
ENSG00000269307	0	0	1
ENSG00000269403	0	0	1
ENSG00000269476	0	0	1
ENSG00000269533	0	0	1
ENSG00000270188	1	0	0
ENSG00000270394	1	0	0
ENSG00000270672	1	0	0
ENSG00000271741	0	0	1
ENSG00000272196	1	0	0
ENSG00000272772	0	0	1
ENSG00000273167	0	0	1
ENSG00000273171	0	0	1
ENSG00000273590	1	0	0
ENSG00000274276	1	0	0
ENSG00000274559	1	0	0
ENSG00000275464	1	0	0
ENSG00000275740	0	0	1
ENSG00000275778	0	0	1
ENSG00000275895	1	0	0
ENSG00000275993	1	0	0
ENSG00000276076	1	0	0
ENSG00000276289	1	0	0
ENSG00000276418	0	0	1
ENSG00000277117	1	0	0
ENSG00000277277	1	0	0
ENSG00000278961	1	0	0
ENSG00000279686	0	0	1
ENSG00000279983	0	0	1
ENSG00000280071	1	0	0
ENSG00000281938	0	0	1
ENSG00000282034	0	0	1
ENSG00000282936	1	0	1
ENSG00000283189	0	0	1
ENSG00000283205	1	0	1
ENSG00000283536	1	0	1
ENSG00000283599	1	0	1
ENSG00000283782	1	0	1
ENSG00000283809	1	0	1
ENSG00000283886	1	0	1
ENSG00000284188	1	0	1
ENSG00000284292	0	0	1
ENSG00000284554	0	0	1
ENSG00000284684	1	0	1
ENSG00000284741	1	0	0
ENSG00000284762	0	0	1
ENSG00000284797	1	0	1
ENSG00000284895	1	0	1
ENSG00000284946	0	0	1
ENSG00000284976	1	0	1
ENSG00000285043	1	0	1
ENSG00000285053	1	0	1
ENSG00000285133	1	0	1
ENSG00000285188	0	0	1
ENSG00000285238	0	0	1
ENSG00000285283	0	0	1
ENSG00000285330	1	0	1
ENSG00000285444	0	0	1
ENSG00000285526	0	0	1
ENSG00000285566	1	0	1
ENSG00000285868	1	0	1
ENSG00000285938	1	0	1
ENSG00000285982	0	0	1
ENSG00000286001	0	0	1
ENSG00000286131	1	0	1
ENSG00000286143	0	0	1
ENSG00000286190	1	0	1
ENSG00000286224	1	0	1
ENSG00000286228	1	0	0
ENSG00000286264	0	0	1
ENSG00000286268	1	0	1
ENSG00000287585	1	0	1
ENSG00000287694	0	0	1
ENSG00000287725	0	0	1
ENSG00000288380	1	0	0
ENSG00000288436	1	0	0
ENSG00000288520	0	0	1
ENSG00000288529	1	0	1
ENSG00000288570	1	0	1
ENSG00000288593	1	0	1
ENSG00000288608	1	0	1
ENSG00000288614	1	0	1
ENSG00000288623	0	0	1
ENSG00000288625	1	0	1
ENSG00000288626	1	0	1
ENSG00000288629	1	0	1
ENSG00000288634	1	0	1
ENSG00000288637	0	0	1
ENSG00000288644	1	0	1
ENSG00000288645	1	0	1
ENSG00000288658	1	0	1
ENSG00000288671	0	0	1
ENSG00000288678	0	0	1
ENSG00000288681	0	0	1
ENSG00000288684	0	0	1
ENSG00000288711	0	0	1
ENSG00000288716	1	0	1
ENSG00000289027	0	0	1
ENSG00000289346	0	0	1
ENSG00000289491	0	0	1
ENSG00000289685	0	0	1
ENSG00000289690	0	0	1
ENSG00000289695	0	0	1
ENSG00000289697	0	0	1
ENSG00000289700	0	0	1
ENSG00000289701	0	0	1
ENSG00000289809	0	0	1
ENSG00000290147	0	0	1
ENSG00000290230	0	0	1
ENSG00000291316	0	0	1
ENTHD1	1	1	1
ENTPD1	1	0	1
ENTPD1-AS1	0	1	0
ENTPD2	1	0	1
ENTPD3	1	0	1
ENTPD4	1	0	1
ENTPD5	1	0	1
ENTPD6	1	0	1
ENTPD7	1	0	1
ENTPD8	1	0	1
ENTR1	1	0	1
ENTR1P2	0	1	0
ENTREP1	1	0	1
ENTREP2	1	0	1
ENTREP3	1	0	1
ENY2	1	0	1
EOGT	1	0	1
EOLA1	1	0	1
EOLA2	1	0	1
EOMES	1	0	1
EP300	1	0	1
EP400	1	1	1
EPAS1	1	0	1
EPB41	1	0	1
EPB41L1	1	0	1
EPB41L2	1	0	1
EPB41L3	1	1	1
EPB41L4A	1	0	1
EPB41L4B	1	0	1
EPB41L5	1	0	1
EPB42	1	0	1
EPC1	1	0	1
EPC2	1	0	1
EPCAM	1	0	1
EPDR1	1	0	1
EPG5	1	0	1
EPGN	1	0	1
EPHA1	1	0	1
EPHA10	1	0	1
EPHA2	1	0	1
EPHA3	1	0	1
EPHA4	1	0	1
EPHA5	1	0	1
EPHA6	1	0	1
EPHA7	1	0	1
EPHA8	1	0	1
EPHB1	1	0	1
EPHB2	1	0	1
EPHB3	1	0	1
EPHB4	1	0	1
EPHB6	1	0	1
EPHX1	1	1	1
EPHX2	1	0	1
EPHX3	1	0	1
EPHX4	1	0	1
EPM2A	1	1	1
EPM2AIP1	1	0	1
EPN1	1	0	1
EPN2	1	0	1
EPN3	1	0	1
EPO	1	0	1
EPOP	1	0	1
EPOR	1	0	1
EPPIN	1	0	1
EPPIN-WFDC6	0	1	1
EPPK1	1	0	1
EPRS1	1	0	1
EPS15	1	0	1
EPS15L1	1	0	1
EPS8	1	0	1
EPS8L1	1	0	1
EPS8L2	1	0	1
EPS8L3	1	0	1
EPSTI1	1	1	1
EPX	1	0	1
EPYC	1	0	1
EQTN	1	0	1
ERAL1	1	0	1
ERAP1	1	0	1
ERAP2	1	0	1
ERAS	1	0	1
ERBB2	1	0	1
ERBB3	1	0	1
ERBB4	1	0	1
ERBIN	1	0	1
ERC1	1	0	1
ERC2	1	0	1
ERCC1	1	0	1
ERCC2	1	0	1
ERCC3	1	0	1
ERCC4	1	0	1
ERCC5	1	0	1
ERCC6	1	0	1
ERCC6L	1	0	1
ERCC6L2	1	1	1
ERCC8	1	0	1
EREG	1	0	1
ERF	1	0	1
ERFE	1	0	1
ERFL	1	0	1
ERG	1	0	1
ERG28	1	0	1
ERGIC1	1	0	1
ERGIC2	1	0	1
ERGIC3	1	0	1
ERH	1	0	1
ERI1	1	1	1
ERI2	1	0	1
ERI3	1	0	1
ERICH1	1	1	1
ERICH2	1	0	1
ERICH3	1	0	1
ERICH4	1	0	1
ERICH5	1	0	1
ERICH6	1	0	1
ERICH6B	1	0	1
ERLEC1	1	0	1
ERLIN1	1	0	1
ERLIN2	1	0	1
ERMAP	1	0	1
ERMARD	1	0	1
ERMN	1	0	1
ERMP1	1	0	1
ERN1	1	0	1
ERN2	1	0	1
ERO1A	1	0	1
ERO1B	1	0	1
ERP27	1	0	1
ERP29	1	0	1
ERP44	1	0	1
ERRFI1	1	0	1
ERVFRD-1	1	0	1
ERVH48-1	1	0	1
ERVK3-1	1	0	1
ERVMER34-1	1	0	1
ERVMER61-1	0	1	0
ERVV-1	1	1	1
ERVV-2	1	0	1
ERVW-1	1	0	1
ESAM	1	0	1
ESCO1	1	0	1
ESCO2	1	0	1
ESD	1	0	1
ESF1	1	0	1
ESM1	1	0	1
ESPL1	1	0	1
ESPN	1	0	1
ESPNL	1	0	1
ESR1	1	0	1
ESR2	1	0	1
ESRP1	1	0	1
ESRP2	1	0	1
ESRRA	1	0	1
ESRRB	1	0	1
ESRRG	1	0	1
ESS2	1	0	1
ESX1	1	0	1
ESYT1	1	0	1
ESYT2	1	0	1
ESYT3	1	0	1
ETAA1	1	0	1
ETDA	1	0	1
ETDB	1	0	1
ETDC	1	1	1
ETF1	1	0	1
ETFA	1	0	1
ETFB	1	0	1
ETFBKMT	1	0	1
ETFDH	1	0	1
ETFRF1	1	0	1
ETHE1	1	0	1
ETNK1	1	0	1
ETNK2	1	0	1
ETNPPL	1	0	1
ETS1	1	0	1
ETS2	1	0	1
ETV1	1	0	1
ETV2	1	0	1
ETV3	1	0	1
ETV3L	1	0	1
ETV4	1	0	1
ETV5	1	0	1
ETV6	1	0	1
ETV7	1	1	1
EVA1A	1	1	1
EVA1B	1	0	1
EVA1C	1	0	1
EVC	1	0	1
EVC2	1	0	1
EVI2A	1	0	1
EVI2B	1	0	1
EVI5	1	0	1
EVI5L	1	0	1
EVL	1	0	1
EVPL	1	0	1
EVPLL	1	0	1
EVX1	1	0	1
EVX2	1	0	1
EWSR1	1	0	1
EXD1	1	0	1
EXD2	1	1	1
EXD3	1	0	1
EXO1	1	0	1
EXO5	1	0	1
EXOC1	1	0	1
EXOC1L	1	0	1
EXOC2	1	0	1
EXOC3	1	0	1
EXOC3L1	1	0	1
EXOC3L2	1	0	1
EXOC3L4	1	0	1
EXOC4	1	0	1
EXOC5	1	0	1
EXOC5P1	0	1	0
EXOC6	1	1	1
EXOC6B	1	0	1
EXOC7	1	0	1
EXOC8	1	0	1
EXOG	1	0	1
EXOSC1	1	0	1
EXOSC10	1	0	1
EXOSC2	1	0	1
EXOSC3	1	0	1
EXOSC4	1	0	1
EXOSC5	1	0	1
EXOSC6	1	0	1
EXOSC7	1	0	1
EXOSC8	1	0	1
EXOSC9	1	0	1
EXPH5	1	1	1
EXT1	1	0	1
EXT2	1	0	1
EXTL1	1	0	1
EXTL2	1	0	1
EXTL3	1	0	1
EYA1	1	1	1
EYA2	1	0	1
EYA3	1	0	1
EYA4	1	0	1
EYS	1	0	1
EZH1	1	0	1
EZH2	1	0	1
EZHIP	1	1	1
EZR	1	0	1
F10	1	0	1
F11	1	0	1
F11-AS1	0	1	0
F11R	1	0	1
F12	1	0	1
F13A1	1	0	1
F13B	1	0	1
F2	1	0	1
F2R	1	0	1
F2RL1	1	0	1
F2RL2	1	0	1
F2RL3	1	0	1
F3	1	0	1
F5	1	1	1
F7	1	0	1
F8	1	1	1
F8A1	1	0	1
F8A2	1	0	1
F8A3	1	0	1
F9	1	0	1
FA2H	1	0	1
FAAH	1	0	1
FAAH2	1	0	1
FAAP100	1	0	1
FAAP20	1	0	1
FAAP24	1	0	1
FABP1	1	0	1
FABP12	1	0	1
FABP2	1	0	1
FABP3	1	0	1
FABP4	1	0	1
FABP5	1	0	1
FABP6	1	0	1
FABP7	1	0	1
FABP9	1	1	1
FADD	1	0	1
FADS1	1	0	1
FADS2	1	0	1
FADS3	1	0	1
FADS6	1	0	1
FAF1	1	0	1
FAF2	1	0	1
FAF2P1	0	1	0
FAH	1	0	1
FAHD1	1	0	1
FAHD2A	1	1	1
FAHD2B	1	0	1
FAIM	1	1	1
FAIM2	1	0	1
FAM104A	1	0	1
FAM104B	1	0	1
FAM107A	1	0	1
FAM107B	1	0	1
FAM110A	1	1	1
FAM110B	1	0	1
FAM110C	1	0	1
FAM110D	1	0	1
FAM111A	1	1	1
FAM111B	1	0	1
FAM114A1	1	0	1
FAM114A2	1	0	1
FAM117A	1	0	1
FAM117B	1	0	1
FAM118A	1	0	1
FAM118B	1	0	1
FAM120A	1	0	1
FAM120AOS	1	0	1
FAM120B	1	0	1
FAM120C	1	0	1
FAM122C	0	1	0
FAM124A	1	0	1
FAM124B	1	0	1
FAM131A	1	0	1
FAM131B	1	0	1
FAM131C	1	0	1
FAM133A	1	0	1
FAM133B	1	0	1
FAM133DP	0	1	0
FAM135A	1	0	1
FAM135B	1	0	1
FAM136A	1	0	1
FAM13A	1	0	1
FAM13B	1	0	1
FAM13C	1	1	1
FAM149A	1	0	1
FAM149B1	1	0	1
FAM151A	1	0	1
FAM151B	1	0	1
FAM153A	1	0	1
FAM156A	1	1	1
FAM156B	1	1	1
FAM157A	0	1	0
FAM161A	1	0	1
FAM161B	1	1	1
FAM162A	1	0	1
FAM162B	1	0	1
FAM163A	1	0	1
FAM163B	1	0	1
FAM166A	1	0	1
FAM166B	1	0	1
FAM166C	1	0	1
FAM167A	1	0	1
FAM167B	1	0	1
FAM168A	1	0	1
FAM168B	1	0	1
FAM169A	1	0	1
FAM170A	1	0	1
FAM170B	1	1	1
FAM170B-AS1	0	1	0
FAM171A1	1	0	1
FAM171A2	1	0	1
FAM171B	1	0	1
FAM172A	1	0	1
FAM174A	1	0	1
FAM174B	1	0	1
FAM174C	1	0	1
FAM177A1	1	0	1
FAM177A1P1	0	1	0
FAM177B	1	0	1
FAM178B	1	0	1
FAM180A	1	0	1
FAM180B	1	0	1
FAM181A	1	0	1
FAM181B	1	0	1
FAM184A	1	0	1
FAM184B	1	0	1
FAM185A	1	0	1
FAM186A	1	1	1
FAM186B	1	0	1
FAM187A	1	0	1
FAM187B	1	0	1
FAM189A1	0	1	0
FAM189A2	0	1	0
FAM192BP	0	1	0
FAM193A	1	1	1
FAM193B	1	0	1
FAM199X	1	0	1
FAM200A	1	0	1
FAM200B	1	0	1
FAM200C	1	0	1
FAM204A	1	0	1
FAM205A	1	1	1
FAM205C	1	0	1
FAM207CP	0	1	0
FAM209A	1	0	1
FAM209B	1	0	1
FAM20A	1	0	1
FAM20B	1	0	1
FAM20C	1	0	1
FAM210A	1	0	1
FAM210B	1	0	1
FAM216A	1	0	1
FAM216B	1	0	1
FAM217A	1	0	1
FAM217B	1	0	1
FAM219A	1	0	1
FAM219B	1	0	1
FAM220A	1	0	1
FAM221A	1	0	1
FAM221B	1	0	1
FAM222A	1	0	1
FAM222B	1	0	1
FAM225A	0	1	0
FAM225B	0	1	0
FAM227A	1	0	1
FAM227B	1	0	1
FAM228A	1	1	1
FAM228B	1	0	1
FAM229A	1	0	1
FAM229B	1	0	1
FAM234A	1	0	1
FAM234B	1	0	1
FAM236A	1	0	1
FAM236B	1	0	1
FAM236C	1	0	1
FAM236D	1	0	1
FAM237A	1	0	1
FAM237B	1	0	1
FAM240A	1	0	1
FAM240B	1	1	1
FAM240C	1	0	1
FAM241A	1	0	1
FAM241B	1	0	1
FAM246A	1	0	1
FAM246B	1	0	1
FAM24A	1	0	1
FAM24B	1	0	1
FAM25A	1	0	1
FAM25C	1	0	1
FAM25G	1	0	1
FAM32A	1	0	1
FAM3A	1	0	1
FAM3B	1	0	1
FAM3C	1	0	1
FAM3C2	0	1	0
FAM3D	1	0	1
FAM43A	1	0	1
FAM43B	1	0	1
FAM47A	1	1	1
FAM47B	1	1	1
FAM47C	1	1	1
FAM47E	1	1	1
FAM47E-STBD1	0	0	1
FAM50A	1	0	1
FAM50B	1	0	1
FAM53A	1	0	1
FAM53B	1	0	1
FAM53C	1	0	1
FAM66D	0	1	0
FAM71C	0	1	0
FAM72A	1	0	1
FAM72B	1	0	1
FAM72C	1	0	1
FAM72D	1	0	1
FAM76A	1	0	1
FAM76B	1	0	1
FAM78A	1	0	1
FAM78B	1	0	1
FAM81A	1	0	1
FAM81B	1	0	1
FAM83A	1	0	1
FAM83B	1	0	1
FAM83C	1	0	1
FAM83D	1	0	1
FAM83E	1	0	1
FAM83F	1	0	1
FAM83G	1	0	1
FAM83H	1	0	1
FAM86B1	1	0	1
FAM86B2	1	0	1
FAM89A	1	0	1
FAM89B	1	0	1
FAM8A1	1	0	1
FAM90A1	1	0	1
FAM90A10	1	0	1
FAM90A14	1	0	1
FAM90A16	1	0	1
FAM90A17	1	0	1
FAM90A18	1	0	1
FAM90A19	1	0	1
FAM90A22	1	0	1
FAM90A23	1	0	1
FAM90A26	1	0	1
FAM90A27P	0	0	1
FAM90A7	1	0	1
FAM90A8	1	0	1
FAM90A9	1	0	1
FAM91A1	1	0	1
FAM92A1P2	0	1	0
FAM98A	1	0	1
FAM98B	1	0	1
FAM98C	1	0	1
FAM9A	1	1	1
FAM9B	1	0	1
FAM9C	1	1	1
FAN1	1	0	1
FANCA	1	0	1
FANCB	1	0	1
FANCC	1	0	1
FANCD2	1	0	1
FANCD2OS	1	0	1
FANCD2P2	0	1	0
FANCE	1	0	1
FANCF	1	0	1
FANCG	1	0	1
FANCI	1	0	1
FANCL	1	0	1
FANCM	1	0	1
FANK1	1	0	1
FAP	1	0	1
FAR1	1	0	1
FAR2	1	0	1
FARP1	1	1	1
FARP2	1	1	1
FARS2	1	0	1
FARSA	1	0	1
FARSB	1	0	1
FAS	1	0	1
FASLG	1	0	1
FASN	1	0	1
FASTK	1	0	1
FASTKD1	1	0	1
FASTKD2	1	0	1
FASTKD3	1	0	1
FASTKD5	1	0	1
FAT1	1	0	1
FAT1P1	0	1	0
FAT2	1	0	1
FAT3	1	0	1
FAT4	1	0	1
FATE1	1	0	1
FAU	1	0	1
FAUP1	0	1	0
FAXC	1	0	1
FAXDC2	1	0	1
FBF1	1	0	1
FBH1	1	1	1
FBL	1	0	1
FBLIM1	1	0	1
FBLL1	1	0	1
FBLN1	1	0	1
FBLN2	1	0	1
FBLN5	1	0	1
FBLN7	1	0	1
FBN1	1	0	1
FBN2	1	0	1
FBN3	1	0	1
FBP1	1	0	1
FBP2	1	0	1
FBRS	1	0	1
FBRSL1	1	0	1
FBXL12	1	0	1
FBXL13	1	1	1
FBXL14	1	0	1
FBXL15	1	0	1
FBXL16	1	0	1
FBXL17	1	0	1
FBXL18	1	0	1
FBXL19	1	0	1
FBXL2	1	0	1
FBXL20	1	0	1
FBXL22	1	0	1
FBXL3	1	0	1
FBXL4	1	0	1
FBXL5	1	0	1
FBXL6	1	0	1
FBXL7	1	0	1
FBXL8	1	0	1
FBXL9P	1	0	0
FBXO10	1	0	1
FBXO11	1	0	1
FBXO15	1	0	1
FBXO16	1	0	1
FBXO17	1	0	1
FBXO2	1	0	1
FBXO21	1	0	1
FBXO22	1	0	1
FBXO24	1	0	1
FBXO25	1	0	1
FBXO27	1	1	1
FBXO28	1	0	1
FBXO3	1	0	1
FBXO30	1	0	1
FBXO31	1	0	1
FBXO32	1	0	1
FBXO33	1	0	1
FBXO34	1	0	1
FBXO36	1	0	1
FBXO38	1	0	1
FBXO39	1	1	1
FBXO4	1	0	1
FBXO40	1	0	1
FBXO41	1	0	1
FBXO42	1	0	1
FBXO43	1	0	1
FBXO44	1	0	1
FBXO45	1	0	1
FBXO46	1	0	1
FBXO47	1	0	1
FBXO48	1	0	1
FBXO5	1	0	1
FBXO6	1	0	1
FBXO7	1	0	1
FBXO8	1	0	1
FBXO9	1	0	1
FBXW10	1	0	1
FBXW10B	1	0	1
FBXW11	1	0	1
FBXW12	1	0	1
FBXW2	1	0	1
FBXW4	1	0	1
FBXW5	1	0	1
FBXW7	1	0	1
FBXW8	1	0	1
FBXW9	1	0	1
FCAMR	1	0	1
FCAR	1	0	1
FCER1A	1	0	1
FCER1G	1	0	1
FCER2	1	0	1
FCF1	1	0	1
FCGBP	1	0	1
FCGR1A	1	0	1
FCGR1BP	1	0	0
FCGR2A	1	0	1
FCGR2B	1	0	1
FCGR2C	1	0	1
FCGR3A	1	0	1
FCGR3B	1	0	1
FCGRT	1	0	1
FCHO1	1	0	1
FCHO2	1	1	1
FCHSD1	1	0	1
FCHSD2	1	0	1
FCMR	1	0	1
FCN1	1	0	1
FCN2	1	0	1
FCN3	1	0	1
FCRL1	1	0	1
FCRL2	1	0	1
FCRL3	1	1	1
FCRL4	1	0	1
FCRL5	1	0	1
FCRL6	1	1	1
FCRLA	1	1	1
FCRLB	1	0	1
FCSK	1	0	1
FDCSP	1	0	1
FDFT1	1	0	1
FDPS	1	0	1
FDPSP5	0	1	0
FDX1	1	0	1
FDX2	1	0	1
FDXACB1	1	0	1
FDXR	1	0	1
FECH	1	0	1
FEM1A	1	0	1
FEM1B	1	0	1
FEM1C	1	0	1
FEN1	1	0	1
FER	1	0	1
FER1L5	1	0	1
FER1L6	1	0	1
FERD3L	1	0	1
FERMT1	1	0	1
FERMT2	1	0	1
FERMT3	1	0	1
FES	1	0	1
FETUB	1	0	1
FEV	1	0	1
FEZ1	1	1	1
FEZ2	1	0	1
FEZF1	1	0	1
FEZF2	1	0	1
FFAR1	1	0	1
FFAR2	1	0	1
FFAR3	1	0	1
FFAR4	1	0	1
FGA	1	1	1
FGB	1	0	1
FGD1	1	0	1
FGD2	1	0	1
FGD3	1	0	1
FGD4	1	0	1
FGD5	1	0	1
FGD5P1	0	1	0
FGD6	1	0	1
FGF1	1	0	1
FGF10	1	0	1
FGF11	1	0	1
FGF12	1	0	1
FGF13	1	0	1
FGF14	1	0	1
FGF16	1	0	1
FGF17	1	0	1
FGF18	1	0	1
FGF19	1	0	1
FGF2	1	0	1
FGF20	1	0	1
FGF21	1	0	1
FGF22	1	0	1
FGF23	1	0	1
FGF3	1	0	1
FGF4	1	0	1
FGF5	1	0	1
FGF6	1	0	1
FGF7	1	0	1
FGF8	1	0	1
FGF9	1	0	1
FGFBP1	1	0	1
FGFBP2	1	0	1
FGFBP3	1	0	1
FGFR1	1	0	1
FGFR1OP2	1	0	1
FGFR2	1	0	1
FGFR3	1	0	1
FGFR4	1	0	1
FGFRL1	1	0	1
FGG	1	0	1
FGGY	1	1	1
FGL1	1	1	1
FGL2	1	0	1
FGR	1	0	1
FH	1	0	1
FHAD1	1	0	1
FHDC1	1	0	1
FHIP1A	1	0	1
FHIP1B	1	0	1
FHIP2A	1	0	1
FHIP2B	1	0	1
FHIT	1	0	1
FHL1	1	1	1
FHL2	1	1	1
FHL3	1	0	1
FHL5	1	0	1
FHOD1	1	0	1
FHOD3	1	0	1
FIBCD1	1	0	1
FIBIN	1	0	1
FIBP	1	0	1
FICD	1	0	1
FIG4	1	0	1
FIGLA	1	0	1
FIGN	1	0	1
FIGNL1	1	0	1
FIGNL2	1	0	1
FILIP1	1	0	1
FILIP1L	1	0	1
FILNC1	0	1	0
FIP1L1	1	0	1
FIRRE	0	1	0
FIS1	1	0	1
FITM1	1	0	1
FITM2	1	0	1
FIZ1	1	0	1
FJX1	1	0	1
FKBP10	1	0	1
FKBP11	1	0	1
FKBP14	1	0	1
FKBP15	1	0	1
FKBP1A	1	0	1
FKBP1B	1	0	1
FKBP1C	1	1	1
FKBP2	1	0	1
FKBP3	1	0	1
FKBP4	1	0	1
FKBP5	1	0	1
FKBP6	1	0	1
FKBP7	1	0	1
FKBP8	1	0	1
FKBP9	1	0	1
FKBPL	1	0	1
FKRP	1	1	1
FKTN	1	0	1
FLACC1	1	0	1
FLAD1	1	0	1
FLCN	1	0	1
FLG	1	0	1
FLG-AS1	0	1	0
FLG2	1	0	1
FLI1	1	0	1
FLII	1	0	1
FLNA	1	0	1
FLNB	1	0	1
FLNC	1	0	1
FLOT1	1	0	1
FLOT2	1	0	1
FLRT1	1	0	1
FLRT2	1	0	1
FLRT3	1	0	1
FLT1	1	1	1
FLT1P1	0	1	0
FLT3	1	0	1
FLT3LG	1	1	1
FLT4	1	1	1
FLVCR1	1	0	1
FLVCR2	1	0	1
FLYWCH1	1	0	1
FLYWCH2	1	0	1
FMC1	1	0	1
FMC1-LUC7L2	0	0	1
FMN1	1	0	1
FMN2	1	0	1
FMNL1	1	0	1
FMNL2	1	0	1
FMNL3	1	0	1
FMO1	1	1	1
FMO10P	0	1	0
FMO11P	0	1	0
FMO2	1	0	1
FMO3	1	0	1
FMO4	1	0	1
FMO5	1	0	1
FMO6P	0	1	0
FMO8P	0	1	0
FMOD	1	0	1
FMR1	1	0	1
FMR1NB	1	1	1
FN1	1	0	1
FN3K	1	0	1
FN3KRP	1	0	1
FNBP1	1	0	1
FNBP1L	1	0	1
FNBP4	1	0	1
FNDC1	1	1	1
FNDC10	1	0	1
FNDC11	1	0	1
FNDC3A	1	0	1
FNDC3B	1	0	1
FNDC4	1	0	1
FNDC5	1	0	1
FNDC7	1	0	1
FNDC8	1	0	1
FNDC9	1	0	1
FNIP1	1	0	1
FNIP2	1	0	1
FNTA	1	0	1
FNTB	1	0	1
FO393411	0	1	0
FOCAD	1	0	1
FOLH1	1	0	1
FOLR1	1	0	1
FOLR2	1	0	1
FOLR3	1	0	1
FOS	1	0	1
FOSB	1	0	1
FOSL1	1	0	1
FOSL2	1	0	1
FOXA1	1	0	1
FOXA2	1	0	1
FOXA3	1	0	1
FOXB1	1	0	1
FOXB2	1	0	1
FOXC1	1	0	1
FOXC2	1	0	1
FOXD1	1	0	1
FOXD2	1	0	1
FOXD3	1	0	1
FOXD4	1	0	1
FOXD4L1	1	0	1
FOXD4L3	1	0	1
FOXD4L4	1	0	1
FOXD4L5	1	0	1
FOXD4L6	1	0	1
FOXE1	1	0	1
FOXE3	1	0	1
FOXF1	1	0	1
FOXF2	1	0	1
FOXG1	1	0	1
FOXH1	1	0	1
FOXI1	1	0	1
FOXI2	1	0	1
FOXI3	1	0	1
FOXJ1	1	0	1
FOXJ2	1	0	1
FOXJ3	1	0	1
FOXK1	1	0	1
FOXK2	1	0	1
FOXL1	1	0	1
FOXL2	1	0	1
FOXL2NB	1	0	1
FOXL3	1	0	1
FOXM1	1	0	1
FOXN1	1	0	1
FOXN2	1	0	1
FOXN3	1	0	1
FOXN4	1	0	1
FOXO1	1	0	1
FOXO3	1	0	1
FOXO3B	1	0	1
FOXO4	1	0	1
FOXO6	1	0	1
FOXP1	1	0	1
FOXP2	1	0	1
FOXP3	1	0	1
FOXP4	1	0	1
FOXQ1	1	0	1
FOXR1	1	0	1
FOXR2	1	0	1
FOXRED1	1	0	1
FOXRED2	1	0	1
FOXS1	1	0	1
FP325330	0	1	0
FPGS	1	0	1
FPGT	1	0	1
FPR1	1	1	1
FPR2	1	0	1
FPR3	1	0	1
FRA10AC1	1	0	1
FRAS1	1	0	1
FRAT1	1	0	1
FRAT2	1	0	1
FREM1	1	0	1
FREM2	1	0	1
FREM3	1	0	1
FREY1	1	0	1
FRG1	1	0	1
FRG2	1	0	1
FRG2B	1	0	1
FRG2C	1	0	1
FRK	1	0	1
FRMD1	1	1	1
FRMD3	1	0	1
FRMD4A	1	0	1
FRMD4B	1	0	1
FRMD5	1	0	1
FRMD6	1	0	1
FRMD7	1	0	1
FRMD8	1	0	1
FRMPD1	1	0	1
FRMPD2	1	0	1
FRMPD3	1	0	1
FRMPD4	1	0	1
FRRS1	1	0	1
FRRS1L	1	0	1
FRS2	1	0	1
FRS3	1	0	1
FRY	1	0	1
FRYL	1	0	1
FRZB	1	0	1
FSBP	1	0	1
FSCB	1	1	1
FSCN1	1	0	1
FSCN2	1	0	1
FSCN3	1	0	1
FSD1	1	0	1
FSD1L	1	0	1
FSD2	1	0	1
FSHB	1	0	1
FSHR	1	0	1
FSIP1	1	0	1
FSIP2	1	1	1
FST	1	0	1
FSTL1	1	0	1
FSTL3	1	0	1
FSTL4	1	0	1
FSTL5	1	0	1
FTCD	1	0	1
FTCDNL1	1	0	1
FTH1	1	0	1
FTH1P10	0	1	0
FTH1P2	0	1	0
FTH1P20	0	1	0
FTH1P21	0	1	0
FTH1P6	0	1	0
FTHL17	1	0	1
FTL	1	0	1
FTLP18	0	1	0
FTMT	1	0	1
FTO	1	0	1
FTSJ1	1	0	1
FTSJ3	1	0	1
FTX	0	1	0
FUBP1	1	0	1
FUBP3	1	0	1
FUCA1	1	0	1
FUCA2	1	0	1
FUNDC1	1	0	1
FUNDC2	1	0	1
FUOM	1	0	1
FURIN	1	0	1
FUS	1	0	1
FUT1	1	1	1
FUT10	1	0	1
FUT11	1	0	1
FUT2	1	1	1
FUT3	1	0	1
FUT4	1	0	1
FUT5	1	1	1
FUT6	1	0	1
FUT7	1	0	1
FUT8	1	0	1
FUT9	1	0	1
FUZ	1	0	1
FXN	1	0	1
FXR1	1	0	1
FXR2	1	0	1
FXYD1	1	0	1
FXYD2	1	0	1
FXYD3	1	0	1
FXYD4	1	0	1
FXYD5	1	0	1
FXYD6	1	0	1
FXYD7	1	0	1
FYB1	1	0	1
FYB2	1	0	1
FYCO1	1	0	1
FYN	1	1	1
FYTTD1	1	0	1
FZD1	1	0	1
FZD10	1	0	1
FZD10-AS1	0	1	0
FZD2	1	0	1
FZD3	1	0	1
FZD4	1	0	1
FZD5	1	0	1
FZD6	1	1	1
FZD7	1	0	1
FZD8	1	0	1
FZD9	1	0	1
FZR1	1	1	1
G0S2	1	0	1
G2E3	1	0	1
G2E3-AS1	0	1	0
G3BP1	1	0	1
G3BP2	1	0	1
G6PC1	1	0	1
G6PC2	1	0	1
G6PC3	1	0	1
G6PD	1	0	1
GAA	1	0	1
GAB1	1	0	1
GAB2	1	0	1
GAB3	1	0	1
GAB4	1	0	1
GABARAP	1	0	1
GABARAPL1	1	0	1
GABARAPL2	1	0	1
GABBR1	1	0	1
GABBR2	1	0	1
GABPA	1	0	1
GABPB1	1	0	1
GABPB2	1	0	1
GABRA1	1	0	1
GABRA2	1	0	1
GABRA3	1	0	1
GABRA4	1	0	1
GABRA5	1	0	1
GABRA6	1	1	1
GABRB1	1	0	1
GABRB2	1	0	1
GABRB3	1	0	1
GABRD	1	0	1
GABRE	1	0	1
GABRG1	1	0	1
GABRG2	1	0	1
GABRG3	1	0	1
GABRP	1	0	1
GABRQ	1	0	1
GABRR1	1	0	1
GABRR2	1	0	1
GABRR3	1	0	1
GAD1	1	0	1
GAD2	1	0	1
GADD45A	1	0	1
GADD45B	1	0	1
GADD45G	1	0	1
GADD45GIP1	1	0	1
GADL1	1	0	1
GAGE1	1	0	1
GAGE10	1	0	1
GAGE12C	1	0	1
GAGE12D	1	0	1
GAGE12E	1	0	1
GAGE12F	1	0	1
GAGE12G	1	0	1
GAGE12H	1	0	1
GAGE12J	1	0	1
GAGE13	1	0	1
GAGE2A	1	0	1
GAK	1	0	1
GAL	1	0	1
GAL3ST1	1	0	1
GAL3ST2	1	0	1
GAL3ST3	1	0	1
GAL3ST4	1	0	1
GALC	1	0	1
GALE	1	0	1
GALK1	1	0	1
GALK2	1	0	1
GALM	1	0	1
GALNS	1	0	1
GALNT1	1	0	1
GALNT10	1	0	1
GALNT11	1	0	1
GALNT12	1	0	1
GALNT13	1	0	1
GALNT14	1	0	1
GALNT15	1	0	1
GALNT16	1	0	1
GALNT17	1	0	1
GALNT18	1	0	1
GALNT2	1	1	1
GALNT3	1	0	1
GALNT4	1	0	1
GALNT5	1	0	1
GALNT6	1	0	1
GALNT7	1	0	1
GALNT8	1	0	1
GALNT9	1	0	1
GALNTL5	1	0	1
GALNTL6	1	0	1
GALP	1	0	1
GALR1	1	0	1
GALR2	1	0	1
GALR3	1	0	1
GALT	1	0	1
GAMT	1	0	1
GAN	1	0	1
GANAB	1	0	1
GANC	1	1	1
GAP43	1	0	1
GAPDH	1	0	1
GAPDHP1	0	1	0
GAPDHP26	0	1	0
GAPDHP63	0	1	0
GAPDHP65	0	1	0
GAPDHP70	0	1	0
GAPDHS	1	0	1
GAPLINC	0	1	0
GAPT	1	0	1
GAPVD1	1	1	1
GAR1	1	0	1
GAREM1	1	0	1
GAREM2	1	0	1
GARIN1A	1	0	1
GARIN1B	1	0	1
GARIN2	1	0	1
GARIN3	1	0	1
GARIN4	1	0	1
GARIN5A	1	0	1
GARIN5B	1	0	1
GARIN6	1	0	1
GARNL3	1	0	1
GARRE1	1	0	1
GARS-DT	0	1	0
GARS1	1	0	1
GART	1	0	1
GAS1	1	0	1
GAS2	1	0	1
GAS2L1	1	0	1
GAS2L2	1	0	1
GAS2L3	1	0	1
GAS6	1	0	1
GAS7	1	0	1
GAS8	1	0	1
GASK1A	1	0	1
GASK1B	1	0	1
GAST	1	0	1
GATA1	1	0	1
GATA2	1	0	1
GATA3	1	0	1
GATA4	1	0	1
GATA5	1	0	1
GATA6	1	0	1
GATAD1	1	0	1
GATAD2A	1	0	1
GATAD2B	1	0	1
GATB	1	0	1
GATC	1	0	1
GATD1	1	0	1
GATD3	1	0	1
GATD3A	0	1	0
GATM	1	0	1
GBA1	1	0	1
GBA2	1	0	1
GBA3	1	0	1
GBE1	1	0	1
GBF1	1	0	1
GBGT1	1	0	1
GBP1	1	0	1
GBP1P1	0	1	0
GBP2	1	1	1
GBP3	1	0	1
GBP4	1	0	1
GBP5	1	1	1
GBP6	1	0	1
GBP7	1	0	1
GBX1	1	0	1
GBX2	1	0	1
GC	1	0	1
GCA	1	0	1
GCAT	1	0	1
GCC1	1	0	1
GCC2	1	0	1
GCDH	1	0	1
GCFC2	1	0	1
GCG	1	0	1
GCGR	1	0	1
GCH1	1	0	1
GCHFR	1	0	1
GCK	1	0	1
GCKR	1	0	1
GCLC	1	0	1
GCLM	1	0	1
GCM1	1	0	1
GCM2	1	0	1
GCN1	1	0	1
GCNA	1	1	1
GCNAP1	0	1	0
GCNT1	1	1	1
GCNT2	1	0	1
GCNT3	1	0	1
GCNT4	1	0	1
GCNT7	1	0	1
GCOM1	1	0	1
GCSAM	1	0	1
GCSAML	1	0	1
GCSH	1	0	1
GDA	1	1	1
GDAP1	1	0	1
GDAP1L1	1	0	1
GDAP2	1	0	1
GDE1	1	0	1
GDF1	1	0	1
GDF10	1	0	1
GDF11	1	0	1
GDF15	1	0	1
GDF2	1	0	1
GDF3	1	0	1
GDF5	1	1	1
GDF6	1	0	1
GDF7	1	0	1
GDF9	1	0	1
GDI1	1	0	1
GDI2	1	0	1
GDNF	1	0	1
GDNF-AS1	0	1	0
GDPD1	1	0	1
GDPD2	1	1	1
GDPD3	1	0	1
GDPD4	1	0	1
GDPD5	1	0	1
GDPGP1	1	0	1
GEM	1	0	1
GEMIN2	1	0	1
GEMIN2P1	0	1	0
GEMIN2P2	0	1	0
GEMIN4	1	0	1
GEMIN5	1	0	1
GEMIN6	1	1	1
GEMIN7	1	0	1
GEMIN8	1	0	1
GEN1	1	0	1
GET1	1	0	1
GET3	1	0	1
GET4	1	0	1
GFAP	1	0	1
GFER	1	0	1
GFI1	1	0	1
GFI1B	1	0	1
GFM1	1	0	1
GFM2	1	0	1
GFOD1	1	0	1
GFOD2	1	0	1
GFPT1	1	0	1
GFPT2	1	0	1
GFRA1	1	0	1
GFRA2	1	0	1
GFRA3	1	0	1
GFRA4	1	1	1
GFRAL	1	0	1
GFUS	1	0	1
GFY	1	0	1
GGA1	1	0	1
GGA2	1	0	1
GGA3	1	0	1
GGACT	1	0	1
GGCT	1	0	1
GGCX	1	0	1
GGH	1	0	1
GGN	1	0	1
GGNBP2	1	0	1
GGPS1	1	0	1
GGT1	1	0	1
GGT2P	1	0	0
GGT5	1	0	1
GGT6	1	0	1
GGT7	1	0	1
GGTA1	1	0	1
GGTLC1	1	0	1
GGTLC2	1	0	1
GGTLC3	1	0	1
GH1	1	0	1
GH2	1	0	1
GHDC	1	0	1
GHITM	1	0	1
GHR	1	0	1
GHRH	1	0	1
GHRHR	1	0	1
GHRL	1	0	1
GHSR	1	0	1
GID4	1	0	1
GID8	1	1	1
GIGYF1	1	0	1
GIGYF2	1	0	1
GIMAP1	1	0	1
GIMAP2	1	0	1
GIMAP4	1	0	1
GIMAP5	1	0	1
GIMAP6	1	1	1
GIMAP7	1	0	1
GIMAP8	1	0	1
GIMD1	1	0	1
GIN1	1	0	1
GINM1	1	0	1
GINS1	1	0	1
GINS2	1	0	1
GINS3	1	0	1
GINS4	1	0	1
GIP	1	0	1
GIPC1	1	0	1
GIPC2	1	0	1
GIPC3	1	0	1
GIPR	1	0	1
GIT1	1	0	1
GIT2	1	0	1
GJA1	1	0	1
GJA10	1	0	1
GJA3	1	0	1
GJA4	1	0	1
GJA5	1	0	1
GJA8	1	0	1
GJA9	1	0	1
GJB1	1	0	1
GJB2	1	0	1
GJB3	1	0	1
GJB4	1	0	1
GJB5	1	0	1
GJB6	1	0	1
GJB7	1	1	1
GJC1	1	0	1
GJC2	1	0	1
GJC3	1	0	1
GJD2	1	0	1
GJD3	1	0	1
GJD4	1	0	1
GJE1	1	0	1
GK	1	0	1
GK2	1	0	1
GK3	1	0	1
GK5	1	0	1
GKAP1	1	0	1
GKN1	1	0	1
GKN2	1	0	1
GLA	1	0	1
GLB1	1	0	1
GLB1L	1	0	1
GLB1L2	1	1	1
GLB1L3	1	0	1
GLCCI1	1	0	1
GLCE	1	0	1
GLDC	1	0	1
GLDN	1	0	1
GLE1	1	0	1
GLG1	1	0	1
GLI1	1	0	1
GLI2	1	0	1
GLI3	1	0	1
GLI4	1	0	1
GLIPR1	1	0	1
GLIPR1L1	1	0	1
GLIPR1L2	1	0	1
GLIPR2	1	0	1
GLIS1	1	0	1
GLIS2	1	0	1
GLIS3	1	0	1
GLMN	1	0	1
GLMP	1	0	1
GLO1	1	0	1
GLOD4	1	0	1
GLOD5	1	0	1
GLP1R	1	0	1
GLP2R	1	0	1
GLRA1	1	0	1
GLRA2	1	0	1
GLRA3	1	0	1
GLRA4	1	0	0
GLRB	1	0	1
GLRX	1	0	1
GLRX2	1	0	1
GLRX3	1	0	1
GLRX5	1	0	1
GLRXP3	0	1	0
GLS	1	0	1
GLS2	1	0	1
GLT1D1	1	0	1
GLT6D1	1	1	1
GLT8D1	1	0	1
GLT8D2	1	0	1
GLTP	1	0	1
GLTPD2	1	0	1
GLUD1	1	0	1
GLUD2	1	1	1
GLUL	1	0	1
GLULP4	0	1	0
GLYAT	1	1	1
GLYATL1	1	0	1
GLYATL1B	1	0	1
GLYATL2	1	1	1
GLYATL3	1	0	1
GLYCTK	1	0	1
GLYR1	1	0	1
GM2A	1	0	1
GM2AP1	0	1	0
GMCL1	1	0	1
GMCL2	1	1	1
GMDS	1	0	1
GMDS-DT	0	1	0
GMEB1	1	0	1
GMEB2	1	0	1
GMFB	1	0	1
GMFG	1	0	1
GMIP	1	0	1
GML	1	0	1
GMNC	1	0	1
GMNN	1	0	1
GMPPA	1	0	1
GMPPB	1	0	1
GMPR	1	0	1
GMPR2	1	0	1
GMPS	1	0	1
GNA11	1	0	1
GNA12	1	1	1
GNA13	1	0	1
GNA14	1	0	1
GNA15	1	0	1
GNAI1	1	1	1
GNAI2	1	0	1
GNAI3	1	0	1
GNAL	1	0	1
GNAO1	1	0	1
GNAQ	1	0	1
GNAS	1	0	1
GNAT1	1	0	1
GNAT2	1	0	1
GNAT3	1	0	1
GNAZ	1	0	1
GNB1	1	0	1
GNB1L	1	0	1
GNB2	1	0	1
GNB3	1	0	1
GNB4	1	0	1
GNB5	1	0	1
GNE	1	0	1
GNG10	1	0	1
GNG11	1	0	1
GNG12	1	0	1
GNG13	1	0	1
GNG14	1	0	1
GNG2	1	0	1
GNG3	1	0	1
GNG4	1	0	1
GNG5	1	0	1
GNG5B	1	0	1
GNG7	1	0	1
GNG8	1	0	1
GNGT1	1	1	1
GNGT2	1	0	1
GNL1	1	0	1
GNL2	1	0	1
GNL3	1	0	1
GNL3L	1	0	1
GNLY	1	0	1
GNMT	1	0	1
GNPAT	1	0	1
GNPDA1	1	0	1
GNPDA2	1	0	1
GNPNAT1	1	1	1
GNPTAB	1	0	1
GNPTG	1	0	1
GNRH1	1	0	1
GNRH2	1	0	1
GNRHR	1	0	1
GNRHR2P1	0	1	0
GNS	1	0	1
GOLGA1	1	0	1
GOLGA2	1	0	1
GOLGA2P11	0	1	0
GOLGA2P5	0	1	0
GOLGA3	1	0	1
GOLGA4	1	1	1
GOLGA5	1	0	1
GOLGA6A	1	0	1
GOLGA6B	1	0	1
GOLGA6C	1	0	1
GOLGA6D	1	0	1
GOLGA6L1	1	0	1
GOLGA6L10	1	1	1
GOLGA6L2	1	0	1
GOLGA6L22	1	0	1
GOLGA6L25	0	0	1
GOLGA6L4	1	0	1
GOLGA6L6	1	0	1
GOLGA6L7	1	0	1
GOLGA6L9	1	0	1
GOLGA7	1	0	1
GOLGA7B	1	0	1
GOLGA8A	1	0	1
GOLGA8B	1	0	1
GOLGA8F	1	0	1
GOLGA8G	1	0	1
GOLGA8H	1	0	1
GOLGA8J	1	0	1
GOLGA8K	1	0	1
GOLGA8M	1	0	1
GOLGA8N	1	0	1
GOLGA8O	1	0	1
GOLGA8Q	1	0	1
GOLGA8R	1	0	1
GOLGA8S	1	0	1
GOLGA8T	1	0	1
GOLGB1	1	0	1
GOLIM4	1	0	1
GOLM1	1	0	1
GOLM2	1	0	1
GOLPH3	1	0	1
GOLPH3L	1	0	1
GOLT1A	1	0	1
GOLT1B	1	0	1
GON4L	1	0	1
GON7	1	0	1
GOPC	1	0	1
GORAB	1	0	1
GORAB-AS1	0	1	0
GORASP1	1	0	1
GORASP2	1	0	1
GOSR1	1	0	1
GOSR2	1	1	1
GOT1	1	0	1
GOT1L1	1	0	1
GOT2	1	0	1
GP1BA	1	0	1
GP1BB	1	0	1
GP2	1	0	1
GP5	1	0	1
GP6	1	0	1
GP9	1	0	1
GPA33	1	0	1
GPAA1	1	0	1
GPALPP1	1	0	1
GPAM	1	0	1
GPANK1	1	0	1
GPAT2	1	0	1
GPAT3	1	0	1
GPAT4	1	0	1
GPATCH1	1	0	1
GPATCH11	1	0	1
GPATCH2	1	0	1
GPATCH2L	1	0	1
GPATCH3	1	0	1
GPATCH4	1	0	1
GPATCH8	1	0	1
GPBAR1	1	0	1
GPBP1	1	0	1
GPBP1L1	1	0	1
GPC1	1	0	1
GPC2	1	0	1
GPC3	1	0	1
GPC4	1	0	1
GPC5	1	0	1
GPC6	1	0	1
GPCPD1	1	0	1
GPD1	1	0	1
GPD1L	1	0	1
GPD2	1	0	1
GPER1	1	0	1
GPHA2	1	0	1
GPHB5	1	0	1
GPHN	1	0	1
GPI	1	0	1
GPIHBP1	1	0	1
GPKOW	1	0	1
GPLD1	1	0	1
GPM6A	1	0	1
GPM6B	1	0	1
GPN1	1	0	1
GPN2	1	0	1
GPN3	1	0	1
GPNMB	1	0	1
GPR101	1	0	1
GPR107	1	0	1
GPR108	1	0	1
GPR119	1	0	1
GPR12	1	0	1
GPR132	1	0	1
GPR135	1	0	1
GPR137	1	0	1
GPR137B	1	0	1
GPR137C	1	0	1
GPR139	1	0	1
GPR141	1	0	1
GPR142	1	1	1
GPR143	1	0	1
GPR146	1	0	1
GPR148	1	0	1
GPR149	1	0	1
GPR15	1	0	1
GPR150	1	0	1
GPR151	1	0	1
GPR152	1	0	1
GPR153	1	0	1
GPR155	1	0	1
GPR156	1	0	1
GPR157	1	0	1
GPR158	1	0	1
GPR15LG	1	0	1
GPR160	1	0	1
GPR161	1	0	1
GPR162	1	0	1
GPR17	1	0	1
GPR171	1	0	1
GPR173	1	0	1
GPR174	1	0	1
GPR176	1	0	1
GPR179	1	1	1
GPR18	1	0	1
GPR180	1	0	1
GPR182	1	0	1
GPR183	1	0	1
GPR19	1	0	1
GPR20	1	0	1
GPR21	1	0	1
GPR22	1	0	1
GPR25	1	0	1
GPR26	1	0	1
GPR27	1	0	1
GPR3	1	0	1
GPR31	1	0	1
GPR32	1	0	1
GPR33	1	0	1
GPR34	1	0	1
GPR35	1	0	1
GPR37	1	0	1
GPR37L1	1	0	1
GPR39	1	0	1
GPR4	1	0	1
GPR42	1	0	1
GPR45	1	0	1
GPR50	1	0	1
GPR52	1	0	1
GPR55	1	0	1
GPR6	1	0	1
GPR61	1	0	1
GPR62	1	0	1
GPR63	1	0	1
GPR65	1	0	1
GPR68	1	0	1
GPR75	1	0	1
GPR78	1	1	1
GPR82	1	0	1
GPR83	1	0	1
GPR84	1	0	1
GPR85	1	0	1
GPR87	1	0	1
GPR88	1	0	1
GPR89A	1	0	1
GPR89B	1	0	1
GPRASP1	1	0	1
GPRASP2	1	0	1
GPRASP3	1	0	1
GPRC5A	1	0	1
GPRC5B	1	0	1
GPRC5C	1	0	1
GPRC5D	1	0	1
GPRC6A	1	0	1
GPRIN1	1	0	1
GPRIN2	1	0	1
GPRIN3	1	0	1
GPS1	1	0	1
GPS2	1	0	1
GPSM1	1	0	1
GPSM2	1	0	1
GPSM3	1	0	1
GPT	1	0	1
GPT2	1	0	1
GPX1	1	0	1
GPX1P1	0	1	0
GPX2	1	0	1
GPX3	1	0	1
GPX4	1	0	1
GPX5	1	0	1
GPX6	1	0	1
GPX7	1	0	1
GPX8	1	0	1
GRAMD1A	1	0	1
GRAMD1B	1	0	1
GRAMD1C	1	1	1
GRAMD2A	1	0	1
GRAMD2B	1	0	1
GRAMD4	1	0	1
GRAP	1	0	1
GRAP2	1	0	1
GRAPL	1	0	1
GRB10	1	0	1
GRB14	1	0	1
GRB2	1	0	1
GRB7	1	0	1
GREB1	1	0	1
GREB1L	1	0	1
GREM1	1	0	1
GREM2	1	0	1
GREP1	1	0	1
GRHL1	1	0	1
GRHL2	1	0	1
GRHL3	1	0	1
GRHL3-AS1	0	1	0
GRHPR	1	1	1
GRIA1	1	0	1
GRIA2	1	1	1
GRIA3	1	0	1
GRIA4	1	0	1
GRID1	1	0	1
GRID2	1	0	1
GRID2IP	1	0	1
GRIFIN	1	0	1
GRIK1	1	0	1
GRIK2	1	0	1
GRIK3	1	0	1
GRIK4	1	0	1
GRIK5	1	0	1
GRIN1	1	0	1
GRIN2A	1	0	1
GRIN2B	1	0	1
GRIN2C	1	0	1
GRIN2D	1	0	1
GRIN3A	1	0	1
GRIN3B	1	0	1
GRINA	1	0	1
GRIP1	1	0	1
GRIP2	1	0	1
GRIPAP1	1	0	1
GRK1	1	0	1
GRK2	1	1	1
GRK3	1	0	1
GRK4	1	0	1
GRK5	1	0	1
GRK6	1	0	1
GRK7	1	0	1
GRM1	1	0	1
GRM2	1	0	1
GRM3	1	0	1
GRM4	1	0	1
GRM5	1	0	1
GRM6	1	0	1
GRM7	1	1	1
GRM7-AS3	0	1	0
GRM8	1	0	1
GRN	1	0	1
GRP	1	0	1
GRPEL1	1	0	1
GRPEL2	1	0	1
GRPR	1	0	1
GRSF1	1	0	1
GRTP1	1	0	1
GRWD1	1	0	1
GRXCR1	1	0	1
GRXCR2	1	0	1
GSAP	1	0	1
GSC	1	0	1
GSC2	1	0	1
GSDMA	1	1	1
GSDMB	1	0	1
GSDMC	1	0	1
GSDMD	1	0	1
GSDME	1	0	1
GSE1	1	0	1
GSG1	1	0	1
GSG1L	1	0	1
GSG1L2	1	0	1
GSK3A	1	0	1
GSK3B	1	0	1
GSKIP	1	0	1
GSN	1	0	1
GSPT1	1	0	1
GSPT2	1	0	1
GSR	1	0	1
GSS	1	0	1
GSTA1	1	0	1
GSTA2	1	0	1
GSTA3	1	0	1
GSTA4	1	0	1
GSTA5	1	0	1
GSTA7P	0	1	0
GSTA8P	0	1	0
GSTA9P	0	1	0
GSTCD	1	0	1
GSTK1	1	1	1
GSTM1	1	0	1
GSTM2	1	0	1
GSTM3	1	0	1
GSTM4	1	0	1
GSTM5	1	0	1
GSTM5P1	0	1	0
GSTO1	1	0	1
GSTO2	1	0	1
GSTP1	1	0	1
GSTT2	1	0	1
GSTT2B	1	0	1
GSTT4	1	0	1
GSTZ1	1	0	1
GSX1	1	0	1
GSX2	1	0	1
GTDC1	1	0	1
GTF2A1	1	0	1
GTF2A1L	1	0	1
GTF2A2	1	0	1
GTF2B	1	0	1
GTF2E1	1	0	1
GTF2E2	1	0	1
GTF2F1	1	0	1
GTF2F2	1	0	1
GTF2H1	1	0	1
GTF2H2	1	0	1
GTF2H2C	1	1	1
GTF2H3	1	0	1
GTF2H4	1	0	1
GTF2H5	1	0	1
GTF2I	1	0	1
GTF2IP13	0	1	0
GTF2IP8	0	1	0
GTF2IRD1	1	0	1
GTF2IRD2	1	0	1
GTF2IRD2B	1	0	1
GTF3A	1	0	1
GTF3AP1	0	1	0
GTF3C1	1	0	1
GTF3C2	1	0	1
GTF3C3	1	0	1
GTF3C4	1	0	1
GTF3C5	1	0	1
GTF3C6	1	0	1
GTPBP1	1	0	1
GTPBP10	1	0	1
GTPBP2	1	0	1
GTPBP3	1	0	1
GTPBP4	1	0	1
GTPBP6	1	0	1
GTPBP8	1	0	1
GTSE1	1	0	1
GTSF1	1	0	1
GTSF1L	1	0	1
GUCA1A	1	0	1
GUCA1ANB	1	0	1
GUCA1B	1	0	1
GUCA1C	1	0	1
GUCA2A	1	0	1
GUCA2B	1	0	1
GUCD1	1	0	1
GUCY1A1	1	0	1
GUCY1A2	1	0	1
GUCY1B1	1	0	1
GUCY2C	1	0	1
GUCY2D	1	0	1
GUCY2EP	0	1	0
GUCY2F	1	0	1
GUCY2GP	0	1	0
GUF1	1	0	1
GUK1	1	0	1
GULOP	0	1	0
GULP1	1	0	1
GUSB	1	0	1
GUSBP12	0	1	0
GVQW2	0	1	0
GVQW3	1	0	1
GXYLT1	1	0	1
GXYLT2	1	0	1
GYG1	1	0	1
GYG2	1	0	1
GYPA	1	0	1
GYPB	1	0	1
GYPC	1	0	1
GYPE	1	0	1
GYS1	1	0	1
GYS2	1	0	1
GZF1	1	0	1
GZMA	1	0	1
GZMAP1	0	1	0
GZMB	1	1	1
GZMH	1	0	1
GZMK	1	0	1
GZMM	1	0	1
H1-0	1	0	1
H1-1	1	0	1
H1-10	1	0	1
H1-2	1	0	1
H1-3	1	0	1
H1-4	1	0	1
H1-5	1	0	1
H1-6	1	0	1
H1-7	1	0	1
H1-8	1	0	1
H2AB1	1	0	1
H2AB2	1	0	1
H2AB3	1	0	1
H2AC1	1	0	1
H2AC11	1	0	1
H2AC12	1	0	1
H2AC13	1	0	1
H2AC14	1	0	1
H2AC15	1	0	1
H2AC16	1	0	1
H2AC17	1	0	1
H2AC20	1	0	1
H2AC21	1	0	1
H2AC25	1	0	1
H2AC4	1	0	1
H2AC6	1	0	1
H2AC7	1	0	1
H2AC8	1	0	1
H2AJ	1	0	1
H2AL3	1	0	1
H2AP	1	0	1
H2AX	1	0	1
H2AZ1	1	0	1
H2AZ2	1	0	1
H2BC1	1	0	1
H2BC10	1	0	1
H2BC11	1	0	1
H2BC12	1	0	1
H2BC12L	1	0	1
H2BC13	1	0	1
H2BC14	1	0	1
H2BC15	1	0	1
H2BC17	1	0	1
H2BC18	1	0	1
H2BC21	1	0	1
H2BC26	1	0	1
H2BC3	1	0	1
H2BC4	1	0	1
H2BC5	1	0	1
H2BC6	1	0	1
H2BC7	1	0	1
H2BC8	1	0	1
H2BC9	1	0	1
H2BK1	1	0	1
H2BN1	0	0	1
H2BP3	0	1	0
H2BP8	0	1	0
H2BW1	1	0	1
H2BW2	1	0	1
H3-3A	1	0	1
H3-3B	1	0	1
H3-4	1	0	1
H3-5	1	0	1
H3-7	1	0	1
H3C1	1	0	1
H3C10	1	0	1
H3C11	1	0	1
H3C12	1	0	1
H3C13	1	0	1
H3C14	1	0	1
H3C15	1	0	1
H3C2	1	0	1
H3C3	1	0	1
H3C4	1	0	1
H3C6	1	0	1
H3C7	1	0	1
H3C8	1	0	1
H3P15	0	1	0
H3P22	0	1	0
H3P27	0	1	0
H3P30	0	1	0
H3P40	0	1	0
H3P47	0	1	0
H3P6	0	1	0
H3Y1	1	0	1
H3Y2	1	0	1
H4C1	1	0	1
H4C11	1	0	1
H4C12	1	0	1
H4C13	1	0	1
H4C14	1	0	1
H4C15	1	0	1
H4C16	1	0	1
H4C2	1	0	1
H4C3	1	0	1
H4C4	1	0	1
H4C5	1	0	1
H4C6	1	0	1
H4C7	1	0	1
H4C8	1	0	1
H4C9	1	0	1
H6PD	1	0	1
HAAO	1	0	1
HABP2	1	0	1
HABP4	1	0	1
HACD1	1	0	1
HACD2	1	0	1
HACD3	1	0	1
HACD4	1	0	1
HACE1	1	0	1
HACL1	1	0	1
HADH	1	0	1
HADHA	1	1	1
HADHB	1	0	1
HAGH	1	0	1
HAGHL	1	0	1
HAL	1	0	1
HAMP	1	0	1
HAND1	1	0	1
HAND2	1	0	1
HAND2-AS1	0	1	0
HAO1	1	0	1
HAO2	1	0	1
HAP1	1	1	1
HAPLN1	1	0	1
HAPLN2	1	0	1
HAPLN3	1	1	1
HAPLN4	1	0	1
HAPSTR1	1	0	1
HAR1B	0	1	0
HARBI1	1	0	1
HARS1	1	0	1
HARS2	1	0	1
HAS1	1	0	1
HAS2	1	0	1
HAS2-AS1	0	1	0
HAS3	1	0	1
HASPIN	1	0	1
HAT1	1	0	1
HAUS1	1	0	1
HAUS2	1	0	1
HAUS3	1	0	1
HAUS4	1	0	1
HAUS5	1	0	1
HAUS6	1	0	1
HAUS7	1	0	1
HAUS8	1	0	1
HAVCR1	1	1	1
HAVCR2	1	0	1
HAX1	1	0	1
HBA1	1	0	1
HBA2	1	0	1
HBB	1	0	1
HBD	1	0	1
HBE1	1	0	1
HBEGF	1	0	1
HBG1	1	0	1
HBG2	1	1	1
HBM	1	0	1
HBP1	1	0	1
HBQ1	1	0	1
HBS1L	1	0	1
HBZ	1	0	1
HCAR1	1	0	1
HCAR2	1	0	1
HCAR3	1	0	1
HCCS	1	0	1
HCFC1	1	0	1
HCFC1R1	1	0	1
HCFC2	1	0	1
HCFC2P1	0	1	0
HCG14	0	1	0
HCG18	0	1	0
HCK	1	0	1
HCLS1	1	0	1
HCN1	1	0	1
HCN2	1	0	1
HCN3	1	0	1
HCN4	1	0	1
HCRT	1	0	1
HCRTR1	1	0	1
HCRTR2	1	0	1
HCST	1	0	1
HDAC1	1	0	1
HDAC10	1	0	1
HDAC11	1	0	1
HDAC2	1	0	1
HDAC3	1	0	1
HDAC4	1	0	1
HDAC5	1	0	1
HDAC6	1	0	1
HDAC7	1	0	1
HDAC8	1	0	1
HDAC9	1	0	1
HDC	1	0	1
HDDC2	1	0	1
HDDC3	1	0	1
HDGF	1	0	1
HDGFL1	1	0	1
HDGFL2	1	0	1
HDGFL3	1	0	1
HDHD2	1	0	1
HDHD3	1	0	1
HDHD5	1	0	1
HDLBP	1	0	1
HDX	1	0	1
HEATR1	1	0	1
HEATR3	1	0	1
HEATR4	1	0	1
HEATR5A	1	0	1
HEATR5B	1	0	1
HEATR6	1	1	1
HEATR9	1	0	1
HEBP1	1	0	1
HEBP2	1	0	1
HECA	1	0	1
HECTD1	1	0	1
HECTD2	1	0	1
HECTD3	1	0	1
HECTD4	1	0	1
HECW1	1	0	1
HECW2	1	0	1
HEG1	1	0	1
HEIH	0	1	0
HELB	1	0	1
HELLS	1	1	1
HELQ	1	0	1
HELT	1	0	1
HELZ	1	0	1
HELZ2	1	1	1
HEMGN	1	0	1
HEMK1	1	0	1
HENMT1	1	0	1
HEPACAM	1	0	1
HEPACAM2	1	0	1
HEPH	1	0	1
HEPHL1	1	0	1
HEPN1	1	0	1
HERC1	1	0	1
HERC2	1	0	1
HERC3	1	0	1
HERC4	1	0	1
HERC5	1	0	1
HERC6	1	0	1
HERPUD1	1	0	1
HERPUD2	1	0	1
HES1	1	0	1
HES2	1	0	1
HES3	1	0	1
HES4	1	0	1
HES5	1	0	1
HES6	1	0	1
HES7	1	0	1
HESX1	1	0	1
HEXA	1	0	1
HEXB	1	0	1
HEXD	1	0	1
HEXIM1	1	0	1
HEXIM2	1	0	1
HEY1	1	0	1
HEY2	1	0	1
HEYL	1	0	1
HFE	1	0	1
HFM1	1	0	1
HGD	1	0	1
HGF	1	0	1
HGFAC	1	0	1
HGH1	1	0	1
HGS	1	0	1
HGSNAT	1	0	1
HHAT	1	0	1
HHATL	1	0	1
HHEX	1	0	1
HHIP	1	0	1
HHIPL1	1	0	1
HHIPL2	1	0	1
HHLA1	1	0	1
HHLA2	1	0	1
HHLA3	1	0	0
HIBADH	1	1	1
HIBCH	1	0	1
HIC1	1	0	1
HIC2	1	0	1
HID1	1	0	1
HIF1A	1	0	1
HIF1AN	1	0	1
HIF3A	1	0	1
HIGD1A	1	0	1
HIGD1AP6	0	1	0
HIGD1B	1	0	1
HIGD1C	1	0	1
HIGD2A	1	0	1
HIGD2B	1	0	1
HIKESHI	1	0	1
HILPDA	1	0	1
HINFP	1	0	1
HINT1	1	0	1
HINT2	1	0	1
HINT3	1	0	1
HIP1	1	0	1
HIP1R	1	0	1
HIPK1	1	0	1
HIPK2	1	0	1
HIPK3	1	0	1
HIPK4	1	0	1
HIRA	1	0	1
HIRIP3	1	0	1
HIVEP1	1	0	1
HIVEP2	1	0	1
HIVEP3	1	0	1
HJURP	1	1	1
HJV	1	0	1
HK1	1	0	1
HK2	1	0	1
HK3	1	0	1
HKDC1	1	0	1
HLA-A	1	0	1
HLA-B	1	0	1
HLA-C	1	0	1
HLA-DMA	1	0	1
HLA-DMB	1	0	1
HLA-DOA	1	0	1
HLA-DOB	1	0	1
HLA-DPA1	1	0	1
HLA-DPB1	1	0	1
HLA-DQA1	1	1	1
HLA-DQA2	1	0	1
HLA-DQB1	1	0	1
HLA-DQB2	1	0	1
HLA-DQB3	0	1	0
HLA-DRA	1	0	1
HLA-DRB1	1	0	1
HLA-DRB5	1	0	1
HLA-E	1	0	1
HLA-F	1	1	1
HLA-G	1	0	1
HLCS	1	0	1
HLF	1	0	1
HLTF	1	0	1
HLX	1	0	1
HM13	1	0	1
HMBOX1	1	0	1
HMBS	1	0	1
HMCES	1	0	1
HMCN1	1	0	1
HMCN2	1	0	1
HMG20A	1	1	1
HMG20B	1	0	1
HMGA1	1	0	1
HMGA1P6	0	1	0
HMGA2	1	0	1
HMGB1	1	0	1
HMGB1P1	0	1	1
HMGB1P26	0	1	0
HMGB1P40	0	1	0
HMGB1P5	0	1	0
HMGB1P50	0	1	0
HMGB1P9	0	1	0
HMGB2	1	0	1
HMGB3	1	0	1
HMGB3P11	0	1	0
HMGB3P3	0	1	0
HMGB3P6	0	1	0
HMGB4	1	0	1
HMGCL	1	0	1
HMGCLL1	1	0	1
HMGCR	1	0	1
HMGCS1	1	0	1
HMGCS2	1	0	1
HMGN1	1	0	1
HMGN1P17	0	1	0
HMGN1P26	0	1	0
HMGN2	1	0	1
HMGN2P13	0	1	0
HMGN2P17	0	1	0
HMGN2P24	0	1	0
HMGN2P46	0	1	0
HMGN2P7	0	1	0
HMGN3	1	0	1
HMGN4	1	0	1
HMGN5	1	0	1
HMGXB3	1	0	1
HMGXB4	1	0	1
HMHB1	1	0	1
HMMR	1	0	1
HMOX1	1	0	1
HMOX2	1	0	1
HMSD	1	0	1
HMX1	1	1	1
HMX2	1	0	1
HMX3	1	0	1
HNF1A	1	0	1
HNF1B	1	0	1
HNF4A	1	0	1
HNF4G	1	1	1
HNMT	1	0	1
HNRNPA0	1	0	1
HNRNPA1	1	0	1
HNRNPA1L2	1	0	1
HNRNPA1L3	1	0	1
HNRNPA1P27	0	1	0
HNRNPA1P28	0	1	0
HNRNPA1P4	0	1	0
HNRNPA1P51	0	1	0
HNRNPA1P56	0	1	0
HNRNPA1P6	0	1	0
HNRNPA1P63	0	1	0
HNRNPA1P8	0	1	0
HNRNPA2B1	1	0	1
HNRNPA3	1	0	1
HNRNPA3P1	0	1	0
HNRNPA3P12	0	1	0
HNRNPA3P3	0	1	0
HNRNPA3P4	0	1	0
HNRNPAB	1	0	1
HNRNPC	1	0	1
HNRNPCL1	1	0	1
HNRNPCL2	1	0	1
HNRNPCL3	1	0	1
HNRNPCL4	1	0	1
HNRNPCP2	0	1	0
HNRNPCP8	0	1	0
HNRNPD	1	0	1
HNRNPDL	1	0	1
HNRNPF	1	0	1
HNRNPH1	1	0	1
HNRNPH2	1	0	1
HNRNPH3	1	0	1
HNRNPH3P1	0	1	0
HNRNPK	1	0	1
HNRNPKP2	0	1	0
HNRNPL	1	0	1
HNRNPLL	1	0	1
HNRNPLP1	0	1	0
HNRNPM	1	0	1
HNRNPR	1	0	1
HNRNPU	1	0	1
HNRNPUL1	1	0	1
HNRNPUL2	1	0	1
HOATZ	1	0	1
HOGA1	1	0	1
HOMER1	1	0	1
HOMER2	1	0	1
HOMER3	1	0	1
HOOK1	1	0	1
HOOK2	1	0	1
HOOK3	1	0	1
HOPX	1	0	1
HORMAD1	1	0	1
HORMAD2	1	0	1
HOXA1	1	0	1
HOXA10	1	0	1
HOXA11	1	0	1
HOXA13	1	0	1
HOXA2	1	0	1
HOXA3	1	0	1
HOXA4	1	0	1
HOXA5	1	0	1
HOXA6	1	0	1
HOXA7	1	0	1
HOXA9	1	0	1
HOXB1	1	0	1
HOXB13	1	0	1
HOXB2	1	0	1
HOXB3	1	0	1
HOXB4	1	0	1
HOXB5	1	0	1
HOXB6	1	1	1
HOXB7	1	0	1
HOXB8	1	0	1
HOXB9	1	0	1
HOXC10	1	0	1
HOXC11	1	0	1
HOXC12	1	0	1
HOXC13	1	0	1
HOXC4	1	0	1
HOXC5	1	0	1
HOXC6	1	0	1
HOXC8	1	0	1
HOXC9	1	0	1
HOXD1	1	0	1
HOXD10	1	0	1
HOXD11	1	0	1
HOXD12	1	0	1
HOXD13	1	0	1
HOXD3	1	0	1
HOXD4	1	0	1
HOXD8	1	0	1
HOXD9	1	0	1
HP	1	0	1
HP1BP3	1	0	1
HPCA	1	0	1
HPCAL1	1	0	1
HPCAL4	1	0	1
HPD	1	0	1
HPDL	1	0	1
HPF1	1	0	1
HPGD	1	0	1
HPGDS	1	0	1
HPN	1	0	1
HPN-AS1	0	1	0
HPR	1	0	1
HPRT1	1	0	1
HPS1	1	0	1
HPS3	1	0	1
HPS4	1	0	1
HPS5	1	0	1
HPS6	1	0	1
HPSE	1	0	1
HPSE2	1	0	1
HPX	1	0	1
HPYR1	0	1	0
HR	1	0	1
HRAS	1	0	1
HRC	1	0	1
HRCT1	1	0	1
HRG	1	1	1
HRH1	1	0	1
HRH2	1	0	1
HRH3	1	0	1
HRH4	1	1	1
HRK	1	0	1
HRNR	1	1	1
HROB	1	0	1
HS1BP3	1	0	1
HS2ST1	1	0	1
HS3ST1	1	0	1
HS3ST2	1	0	1
HS3ST3A1	1	0	1
HS3ST3B1	1	0	1
HS3ST4	1	0	1
HS3ST5	1	0	1
HS3ST6	1	0	1
HS6ST1	1	0	1
HS6ST2	1	0	1
HS6ST3	1	0	1
HSBP1	1	0	1
HSBP1L1	1	0	1
HSCB	1	0	1
HSD11B1	1	0	1
HSD11B1L	1	0	1
HSD11B2	1	0	1
HSD17B1	1	0	1
HSD17B10	1	0	1
HSD17B11	1	0	1
HSD17B12	1	0	1
HSD17B13	1	0	1
HSD17B14	1	0	1
HSD17B2	1	0	1
HSD17B3	1	0	1
HSD17B4	1	0	1
HSD17B6	1	1	1
HSD17B7	1	0	1
HSD17B8	1	0	1
HSD3B1	1	0	1
HSD3B2	1	0	1
HSD3B7	1	0	1
HSD3BP4	0	1	0
HSDL1	1	0	1
HSDL2	1	0	1
HSF1	1	0	1
HSF2	1	0	1
HSF2BP	1	0	1
HSF4	1	0	1
HSF5	1	0	1
HSFX1	1	0	1
HSFX2	1	0	1
HSFX3	1	0	1
HSFX4	1	0	1
HSFY1	1	0	1
HSFY2	1	0	1
HSH2D	1	0	1
HSP90AA1	1	0	1
HSP90AA2P	0	1	0
HSP90AA5P	0	1	0
HSP90AB1	1	0	1
HSP90B1	1	0	1
HSP90B3P	0	1	0
HSPA12A	1	0	1
HSPA12B	1	0	1
HSPA13	1	0	1
HSPA14	1	0	1
HSPA1A	1	0	1
HSPA1B	1	0	1
HSPA1L	1	0	1
HSPA2	1	0	1
HSPA4	1	1	1
HSPA4L	1	0	1
HSPA5	1	0	1
HSPA6	1	0	1
HSPA8	1	0	1
HSPA8P11	0	1	0
HSPA8P20	0	1	0
HSPA8P8	0	1	0
HSPA8P9	0	1	0
HSPA9	1	0	1
HSPA9P1	0	1	0
HSPB1	1	0	1
HSPB2	1	0	1
HSPB3	1	0	1
HSPB6	1	0	1
HSPB7	1	0	1
HSPB8	1	0	1
HSPB9	1	0	1
HSPBAP1	1	0	1
HSPBP1	1	0	1
HSPD1	1	0	1
HSPD1P5	0	1	0
HSPD1P8	0	1	0
HSPE1	1	0	1
HSPE1P6	0	1	0
HSPE1P7	0	1	0
HSPG2	1	0	1
HSPH1	1	0	1
HTATIP2	1	0	1
HTATSF1	1	0	1
HTD2	1	1	1
HTN1	1	0	1
HTN3	1	0	1
HTR1A	1	0	1
HTR1B	1	0	1
HTR1D	1	0	1
HTR1E	1	0	1
HTR1F	1	0	1
HTR2A	1	0	1
HTR2B	1	0	1
HTR2C	1	0	1
HTR3A	1	0	1
HTR3B	1	0	1
HTR3C	1	1	1
HTR3C2P	0	1	0
HTR3D	1	1	1
HTR3E	1	1	1
HTR4	1	0	1
HTR5A	1	0	1
HTR6	1	0	1
HTR7	1	0	1
HTRA1	1	0	1
HTRA2	1	0	1
HTRA3	1	0	1
HTRA4	1	0	1
HTT	1	0	1
HULC	0	1	0
HUNK	1	0	1
HUS1	1	0	1
HUS1B	1	0	1
HUWE1	1	0	1
HVCN1	1	0	1
HYAL1	1	1	1
HYAL2	1	0	1
HYAL3	1	0	1
HYAL4	1	0	1
HYCC1	1	0	1
HYCC2	1	0	1
HYDIN	1	0	1
HYI	1	0	1
HYKK	1	0	1
HYLS1	1	1	1
HYOU1	1	0	1
HYPK	1	0	1
IAH1	1	0	1
IAPP	1	0	1
IARS1	1	0	1
IARS2	1	0	1
IBA57	1	0	1
IBSP	1	0	1
IBTK	1	0	1
ICA1	1	0	1
ICA1L	1	0	1
ICAM1	1	1	1
ICAM2	1	0	1
ICAM3	1	0	1
ICAM4	1	0	1
ICAM5	1	0	1
ICE1	1	0	1
ICE2	1	0	1
ICMT	1	0	1
ICOS	1	0	1
ICOSLG	1	0	1
ID1	1	0	1
ID2	1	0	1
ID3	1	0	1
ID4	1	0	1
IDE	1	0	1
IDH1	1	0	1
IDH2	1	1	1
IDH2-DT	0	1	0
IDH3A	1	0	1
IDH3B	1	0	1
IDH3G	1	0	1
IDI1	1	0	1
IDI2	1	0	1
IDNK	1	0	1
IDO1	1	0	1
IDO2	1	0	1
IDS	1	1	1
IDUA	1	0	1
IER2	1	0	1
IER3	1	0	1
IER3IP1	1	0	1
IER5	1	0	1
IER5L	1	0	1
IFFO1	1	0	1
IFFO2	1	0	1
IFI16	1	1	1
IFI27	1	0	1
IFI27L1	1	1	1
IFI27L2	1	0	1
IFI30	1	0	1
IFI35	1	0	1
IFI44	1	0	1
IFI44L	1	1	1
IFI6	1	0	1
IFIH1	1	0	1
IFIT1	1	1	1
IFIT1B	1	1	1
IFIT2	1	1	1
IFIT3	1	0	1
IFIT5	1	0	1
IFITM1	1	0	1
IFITM10	1	0	1
IFITM2	1	0	1
IFITM3	1	0	1
IFITM5	1	0	1
IFITM9P	0	1	0
IFNA1	1	0	1
IFNA10	1	0	1
IFNA13	1	0	1
IFNA14	1	0	1
IFNA16	1	0	1
IFNA17	1	0	1
IFNA2	1	0	1
IFNA21	1	0	1
IFNA4	1	0	1
IFNA5	1	0	1
IFNA6	1	0	1
IFNA7	1	0	1
IFNA8	1	0	1
IFNAR1	1	0	1
IFNAR2	1	0	1
IFNB1	1	0	1
IFNE	1	0	1
IFNG	1	0	1
IFNGR1	1	0	1
IFNGR2	1	1	1
IFNK	1	0	1
IFNL1	1	0	1
IFNL2	1	0	1
IFNL3	1	0	1
IFNL3P1	0	1	0
IFNL4	1	0	1
IFNLR1	1	0	1
IFNW1	1	0	1
IFRD1	1	0	1
IFRD2	1	0	1
IFT122	1	1	1
IFT140	1	0	1
IFT172	1	0	1
IFT20	1	0	1
IFT22	1	0	1
IFT25	1	0	1
IFT27	1	0	1
IFT43	1	0	1
IFT46	1	0	1
IFT52	1	1	1
IFT57	1	0	1
IFT74	1	1	1
IFT80	1	0	1
IFT81	1	0	1
IFT88	1	0	1
IFTAP	1	0	1
IGBP1	1	0	1
IGBP1C	1	0	1
IGDCC3	1	0	1
IGDCC4	1	0	1
IGF1	1	0	1
IGF1R	1	0	1
IGF2	1	0	1
IGF2BP1	1	0	1
IGF2BP2	1	0	1
IGF2BP3	1	0	1
IGF2R	1	0	1
IGFALS	1	0	1
IGFBP1	1	0	1
IGFBP2	1	0	1
IGFBP3	1	0	1
IGFBP4	1	0	1
IGFBP5	1	0	1
IGFBP6	1	0	1
IGFBP7	1	0	1
IGFBPL1	1	0	1
IGFL1	1	0	1
IGFL2	1	0	1
IGFL3	1	0	1
IGFL4	1	1	1
IGFLR1	1	0	1
IGFN1	1	1	1
IGHA1	1	0	1
IGHA2	1	0	1
IGHD	1	0	1
IGHD3-10	1	0	1
IGHD3-9	1	0	1
IGHD6-13	1	0	1
IGHD6-19	1	0	1
IGHD6-25	1	0	1
IGHD6-6	1	0	1
IGHE	1	0	1
IGHG1	1	0	1
IGHG2	1	0	1
IGHG4	1	0	1
IGHGP	0	1	0
IGHM	1	0	1
IGHMBP2	1	0	1
IGHV1-18	1	0	1
IGHV1-24	1	0	1
IGHV1-46	1	0	1
IGHV1-69	1	0	1
IGHV2-26	1	0	1
IGHV3-15	1	0	1
IGHV3-16	1	0	1
IGHV3-21	1	0	1
IGHV3-30	1	0	1
IGHV3-33	1	0	1
IGHV3-35	1	0	1
IGHV3-38	1	0	1
IGHV3-43	1	0	1
IGHV3-48	0	1	1
IGHV3-50	0	1	0
IGHV3-52	0	1	0
IGHV3-60	0	1	0
IGHV3-64	1	0	1
IGHV3-66	1	0	1
IGHV3-7	1	0	1
IGHV3-72	1	0	1
IGHV3-73	1	0	1
IGHV3-74	1	0	1
IGHV3-75	0	1	0
IGHV3OR16-9	1	0	1
IGHV4-34	1	0	1
IGHV4-39	1	0	1
IGHV4OR15-8	0	0	1
IGHV5-51	1	0	1
IGHV6-1	1	0	1
IGHV7-81	1	0	1
IGIP	1	0	1
IGKJ2	1	0	1
IGKV1D-12	1	0	1
IGKV1D-13	1	0	1
IGKV1D-16	1	0	1
IGKV1D-17	1	0	1
IGKV1D-33	1	0	1
IGKV1D-43	1	0	1
IGKV2-26	0	1	0
IGKV2D-24	1	0	1
IGKV2D-28	1	0	1
IGKV2D-29	1	0	1
IGKV2D-30	1	0	1
IGKV3D-20	1	0	1
IGKV3OR2-268	0	0	1
IGKV4-1	1	0	1
IGKV5-2	0	1	1
IGKV6D-21	1	0	1
IGKV6D-41	1	0	1
IGLJ4	1	0	1
IGLJ5	1	0	1
IGLL1	1	0	1
IGLL5	1	0	1
IGLON5	1	0	1
IGLV1-36	0	0	1
IGLV1-47	1	0	1
IGLV1-50	1	0	1
IGLV1-51	0	0	1
IGLV11-55	1	0	1
IGLV2-18	1	0	1
IGLV2-33	0	0	1
IGLV2-8	1	0	1
IGLV3-10	0	0	1
IGLV3-12	0	1	1
IGLV3-16	0	0	1
IGLV3-21	1	0	1
IGLV3-22	1	0	1
IGLV3-27	1	0	1
IGLV3-9	0	0	1
IGLV4-3	1	0	1
IGLV4-69	0	1	1
IGLV5-48	1	0	1
IGLV6-57	0	0	1
IGLV7-46	1	0	1
IGLV9-49	1	0	1
IGSF1	1	1	1
IGSF10	1	0	1
IGSF11	1	0	1
IGSF21	1	0	1
IGSF22	1	0	1
IGSF23	1	0	1
IGSF3	1	0	1
IGSF5	1	0	1
IGSF6	1	0	1
IGSF8	1	0	1
IGSF9	1	0	1
IGSF9B	1	0	1
IHH	1	0	1
IHO1	1	0	1
IK	1	0	1
IKBIP	1	0	1
IKBKB	1	0	1
IKBKE	1	0	1
IKBKG	1	0	1
IKZF1	1	0	1
IKZF2	1	0	1
IKZF3	1	0	1
IKZF4	1	0	1
IKZF5	1	0	1
IL10	1	0	1
IL10RA	1	0	1
IL10RB	1	0	1
IL11	1	0	1
IL11RA	1	0	1
IL12A	1	0	1
IL12A-AS1	0	1	0
IL12B	1	0	1
IL12RB1	1	0	1
IL12RB2	1	0	1
IL13	1	0	1
IL13RA1	1	0	1
IL13RA2	1	0	1
IL15	1	1	1
IL15RA	1	0	1
IL16	1	1	1
IL17A	1	0	1
IL17B	1	0	1
IL17C	1	0	1
IL17D	1	0	1
IL17F	1	0	1
IL17RA	1	0	1
IL17RB	1	0	1
IL17RC	1	0	1
IL17RD	1	0	1
IL17RE	1	0	1
IL17REL	1	0	1
IL18	1	0	1
IL18BP	1	0	1
IL18R1	1	0	1
IL18RAP	1	0	1
IL19	1	0	1
IL1A	1	0	1
IL1B	1	0	1
IL1F10	1	0	1
IL1R1	1	0	1
IL1R2	1	0	1
IL1RAP	1	0	1
IL1RAPL1	1	0	1
IL1RAPL2	1	0	1
IL1RL1	1	0	1
IL1RL2	1	0	1
IL1RN	1	0	1
IL2	1	0	1
IL20	1	0	1
IL20RA	1	0	1
IL20RB	1	0	1
IL21	1	0	1
IL21R	1	0	1
IL22	1	0	1
IL22RA1	1	0	1
IL22RA2	1	0	1
IL23A	1	0	1
IL23R	1	0	1
IL24	1	0	1
IL25	1	0	1
IL26	1	0	1
IL27	1	0	1
IL27RA	1	0	1
IL2RA	1	0	1
IL2RB	1	0	1
IL2RG	1	0	1
IL3	1	0	1
IL31	1	0	1
IL31RA	1	0	1
IL32	1	1	1
IL33	1	0	1
IL34	1	0	1
IL36A	1	0	1
IL36B	1	0	1
IL36G	1	0	1
IL36RN	1	0	1
IL37	1	1	1
IL3RA	1	0	1
IL4	1	0	1
IL4I1	1	0	1
IL4R	1	0	1
IL5	1	0	1
IL5RA	1	0	1
IL6	1	0	1
IL6R	1	1	1
IL6ST	1	0	1
IL7	1	0	1
IL7R	1	0	1
IL9	1	0	1
IL9R	1	0	1
ILDR1	1	0	1
ILDR2	1	0	1
ILF2	1	0	1
ILF3	1	0	1
ILK	1	0	1
ILKAP	1	0	1
ILRUN	1	0	1
ILVBL	1	0	1
IMMP1L	1	1	1
IMMP2L	1	0	1
IMMT	1	0	1
IMP3	1	0	1
IMP4	1	0	1
IMPA1	1	0	1
IMPA2	1	0	1
IMPACT	1	0	1
IMPDH1	1	0	1
IMPDH2	1	0	1
IMPG1	1	0	1
IMPG2	1	0	1
INA	1	0	1
INAFM1	1	0	1
INAFM2	1	0	1
INAVA	1	0	1
INCA1	1	1	1
INCENP	1	0	1
INF2	1	0	1
ING1	1	0	1
ING2	1	0	1
ING3	1	0	1
ING4	1	0	1
ING5	1	1	1
INHA	1	0	1
INHBA	1	0	1
INHBA-AS1	0	1	0
INHBB	1	0	1
INHBC	1	0	1
INHBE	1	0	1
INIP	1	0	1
INKA1	1	0	1
INKA2	1	0	1
INMT	1	0	1
INO80	1	0	1
INO80B	1	0	1
INO80B-WBP1	0	0	1
INO80C	1	0	1
INO80D	1	0	1
INO80E	1	0	1
INPP1	1	0	1
INPP4A	1	0	1
INPP4B	1	0	1
INPP5A	1	0	1
INPP5B	1	0	1
INPP5D	1	0	1
INPP5E	1	0	1
INPP5F	1	0	1
INPP5J	1	0	1
INPP5K	1	0	1
INPPL1	1	0	1
INS	1	0	1
INS-IGF2	1	0	1
INSC	1	0	1
INSIG1	1	0	1
INSIG2	1	0	1
INSL3	1	0	1
INSL4	1	0	1
INSL5	1	0	1
INSL6	1	0	1
INSM1	1	0	1
INSM2	1	0	1
INSR	1	0	1
INSRR	1	0	1
INSYN1	1	0	1
INSYN2A	1	0	1
INSYN2B	1	0	1
INTS1	1	0	1
INTS10	1	1	1
INTS11	1	0	1
INTS12	1	0	1
INTS13	1	0	1
INTS14	1	0	1
INTS15	1	0	1
INTS2	1	0	1
INTS3	1	0	1
INTS4	1	0	1
INTS4P1	0	1	0
INTS5	1	0	1
INTS6	1	0	1
INTS6-AS1	0	1	0
INTS6L	1	0	1
INTS6P1	0	1	0
INTS7	1	0	1
INTS8	1	0	1
INTS9	1	0	1
INTU	1	0	1
INVS	1	0	1
IP6K1	1	0	1
IP6K2	1	1	1
IP6K3	1	0	1
IPCEF1	1	0	1
IPMK	1	0	1
IPO11	1	1	1
IPO13	1	0	1
IPO4	1	0	1
IPO5	1	0	1
IPO7	1	0	1
IPO8	1	0	1
IPO9	1	0	1
IPP	1	0	1
IPPK	1	0	1
IQANK1	1	0	1
IQCA1	1	0	1
IQCA1L	1	0	1
IQCB1	1	0	1
IQCC	1	0	1
IQCD	1	0	1
IQCE	1	0	1
IQCF1	1	0	1
IQCF2	1	0	1
IQCF3	1	1	1
IQCF5	1	0	1
IQCF6	1	0	1
IQCG	1	0	1
IQCH	1	0	1
IQCJ	1	0	1
IQCJ-SCHIP1	0	0	1
IQCK	1	0	1
IQCM	1	1	1
IQCN	1	1	1
IQGAP1	1	0	1
IQGAP2	1	0	1
IQGAP3	1	0	1
IQSEC1	1	0	1
IQSEC2	1	0	1
IQSEC3	1	0	1
IQUB	1	1	1
IRAG1	1	0	1
IRAG2	1	0	1
IRAK1	1	0	1
IRAK1BP1	1	0	1
IRAK2	1	0	1
IRAK3	1	0	1
IRAK4	1	0	1
IREB2	1	0	1
IRF1	1	0	1
IRF2	1	0	1
IRF2BP1	1	0	1
IRF2BP2	1	0	1
IRF2BPL	1	0	1
IRF3	1	0	1
IRF4	1	0	1
IRF5	1	0	1
IRF6	1	0	1
IRF7	1	0	1
IRF8	1	0	1
IRF9	1	0	1
IRGC	1	0	1
IRGM	1	0	1
IRGQ	1	0	1
IRS1	1	0	1
IRS2	1	0	1
IRS4	1	0	1
IRX1	1	0	1
IRX2	1	0	1
IRX2-DT	1	0	0
IRX3	1	0	1
IRX4	1	0	1
IRX5	1	0	1
IRX6	1	0	1
ISCA1	1	0	1
ISCA1P1	0	1	0
ISCA1P6	0	1	0
ISCA2	1	0	1
ISCU	1	1	1
ISG15	1	0	1
ISG20	1	0	1
ISG20L2	1	0	1
ISL1	1	0	1
ISL2	1	0	1
ISLR	1	0	1
ISLR2	1	0	1
ISM1	1	0	1
ISM2	1	0	1
ISOC1	1	0	1
ISOC2	1	0	1
IST1	1	0	1
ISX	1	0	1
ISY1	1	1	1
ISYNA1	1	0	1
ITCH	1	0	1
ITFG1	1	0	1
ITFG2	1	1	1
ITFG2-AS1	0	1	0
ITGA1	1	0	1
ITGA10	1	0	1
ITGA11	1	0	1
ITGA2	1	0	1
ITGA2B	1	0	1
ITGA3	1	0	1
ITGA4	1	0	1
ITGA5	1	0	1
ITGA6	1	0	1
ITGA7	1	0	1
ITGA8	1	0	1
ITGA9	1	0	1
ITGAD	1	1	1
ITGAE	1	0	1
ITGAL	1	0	1
ITGAM	1	0	1
ITGAV	1	0	1
ITGAX	1	0	1
ITGB1	1	0	1
ITGB1BP1	1	0	1
ITGB1BP2	1	0	1
ITGB2	1	0	1
ITGB3	1	0	1
ITGB3BP	1	0	1
ITGB4	1	0	1
ITGB5	1	0	1
ITGB6	1	0	1
ITGB7	1	0	1
ITGB8	1	0	1
ITGBL1	1	0	1
ITIH1	1	0	1
ITIH2	1	0	1
ITIH3	1	0	1
ITIH4	1	0	1
ITIH5	1	0	1
ITIH6	1	0	1
ITK	1	0	1
ITLN1	1	0	1
ITLN2	1	0	1
ITM2A	1	0	1
ITM2B	1	0	1
ITM2C	1	0	1
ITPA	1	0	1
ITPK1	1	0	1
ITPKA	1	0	1
ITPKB	1	0	1
ITPKC	1	0	1
ITPR1	1	0	1
ITPR2	1	0	1
ITPR3	1	0	1
ITPRID1	1	1	1
ITPRID2	1	0	1
ITPRIP	1	0	1
ITPRIPL1	1	0	1
ITPRIPL2	1	0	1
ITSN1	1	0	1
ITSN2	1	0	1
IVD	1	0	1
IVL	1	0	1
IVNS1ABP	1	0	1
IWS1	1	0	1
IYD	1	0	1
IZUMO1	1	0	1
IZUMO1R	1	0	1
IZUMO2	1	0	1
IZUMO3	1	0	1
IZUMO4	1	0	1
JADE1	1	0	1
JADE2	1	0	1
JADE3	1	0	1
JAG1	1	0	1
JAG2	1	0	1
JAGN1	1	0	1
JAK1	1	0	1
JAK2	1	0	1
JAK3	1	0	1
JAKMIP1	1	0	1
JAKMIP2	1	0	1
JAKMIP3	1	0	1
JAM2	1	1	1
JAM3	1	0	1
JAML	1	0	1
JARID2	1	0	1
JAZF1	1	0	1
JCAD	1	0	1
JCHAIN	1	0	1
JDP2	1	0	1
JHY	1	0	1
JKAMP	1	0	1
JMJD1C	1	0	1
JMJD4	1	0	1
JMJD6	1	0	1
JMJD7	1	0	1
JMJD7-PLA2G4B	0	0	1
JMJD8	1	0	1
JMY	1	0	1
JOSD1	1	0	1
JOSD2	1	0	1
JPH1	1	0	1
JPH2	1	0	1
JPH3	1	0	1
JPH4	1	0	1
JPT1	1	0	1
JPT2	1	0	1
JPX	0	1	0
JRK	1	0	1
JRKL	1	0	1
JRKL-AS1	0	1	0
JSRP1	1	0	1
JTB	1	0	1
JUN	1	0	1
JUNB	1	0	1
JUND	1	0	1
JUP	1	0	1
KAAG1	1	0	0
KALRN	1	0	1
KANK1	1	0	1
KANK2	1	0	1
KANK3	1	0	1
KANK4	1	0	1
KANSL1	1	0	1
KANSL1L	1	0	1
KANSL2	1	0	1
KANSL3	1	0	1
KANTR	1	1	1
KARS1	1	0	1
KASH5	1	0	1
KAT14	1	0	1
KAT2A	1	0	1
KAT2B	1	0	1
KAT5	1	0	1
KAT6A	1	0	1
KAT6B	1	0	1
KAT7	1	0	1
KAT8	1	0	1
KATNA1	1	0	1
KATNAL1	1	0	1
KATNAL2	1	0	1
KATNB1	1	0	1
KATNBL1	1	0	1
KATNBL1P4	0	1	0
KATNIP	1	0	1
KAZALD1	1	0	1
KAZN	1	0	1
KBTBD11	1	0	1
KBTBD11-OT1	0	0	1
KBTBD12	1	0	1
KBTBD13	1	0	1
KBTBD2	1	0	1
KBTBD3	1	0	1
KBTBD4	1	0	1
KBTBD6	1	0	1
KBTBD7	1	1	1
KBTBD8	1	0	1
KCMF1	1	1	1
KCNA1	1	0	1
KCNA10	1	0	1
KCNA2	1	0	1
KCNA3	1	0	1
KCNA4	1	0	1
KCNA5	1	0	1
KCNA6	1	0	1
KCNA7	1	0	1
KCNAB1	1	0	1
KCNAB2	1	0	1
KCNAB3	1	0	1
KCNB1	1	0	1
KCNB2	1	0	1
KCNC1	1	0	1
KCNC2	1	0	1
KCNC3	1	0	1
KCNC4	1	0	1
KCND1	1	0	1
KCND2	1	0	1
KCND3	1	0	1
KCNE1	1	0	1
KCNE2	1	0	1
KCNE3	1	0	1
KCNE4	1	1	1
KCNE5	1	0	1
KCNF1	1	0	1
KCNG1	1	0	1
KCNG2	1	0	1
KCNG3	1	0	1
KCNG4	1	0	1
KCNH1	1	0	1
KCNH2	1	0	1
KCNH3	1	0	1
KCNH4	1	0	1
KCNH5	1	0	1
KCNH6	1	0	1
KCNH7	1	0	1
KCNH8	1	0	1
KCNIP1	1	0	1
KCNIP2	1	0	1
KCNIP3	1	0	1
KCNIP4	1	0	1
KCNJ1	1	0	1
KCNJ10	1	0	1
KCNJ11	1	0	1
KCNJ12	1	0	1
KCNJ13	1	0	1
KCNJ14	1	0	1
KCNJ15	1	0	1
KCNJ16	1	0	1
KCNJ18	1	0	1
KCNJ2	1	0	1
KCNJ3	1	0	1
KCNJ4	1	0	1
KCNJ5	1	0	1
KCNJ5-AS1	1	0	0
KCNJ6	1	0	1
KCNJ8	1	0	1
KCNJ9	1	0	1
KCNK1	1	0	1
KCNK10	1	0	1
KCNK12	1	0	1
KCNK13	1	0	1
KCNK15	1	0	1
KCNK16	1	0	1
KCNK17	1	1	1
KCNK18	1	0	1
KCNK2	1	0	1
KCNK3	1	0	1
KCNK4	1	0	1
KCNK5	1	0	1
KCNK6	1	0	1
KCNK7	1	0	1
KCNK9	1	0	1
KCNMA1	1	0	1
KCNMB1	1	0	1
KCNMB2	1	0	1
KCNMB2-AS1	0	1	0
KCNMB3	1	0	1
KCNMB4	1	0	1
KCNN1	1	0	1
KCNN2	1	0	1
KCNN3	1	0	1
KCNN4	1	0	1
KCNQ1	1	0	1
KCNQ2	1	0	1
KCNQ3	1	0	1
KCNQ4	1	0	1
KCNQ5	1	0	1
KCNRG	1	1	1
KCNS1	1	0	1
KCNS2	1	0	1
KCNS3	1	1	1
KCNT1	1	1	1
KCNT2	1	0	1
KCNU1	1	0	1
KCNV1	1	0	1
KCNV2	1	0	1
KCP	1	0	1
KCTD1	1	0	1
KCTD10	1	0	1
KCTD11	1	0	1
KCTD12	1	0	1
KCTD13	1	0	1
KCTD14	1	0	1
KCTD15	1	0	1
KCTD16	1	0	1
KCTD17	1	0	1
KCTD18	1	0	1
KCTD19	1	0	1
KCTD2	1	0	1
KCTD20	1	0	1
KCTD21	1	0	1
KCTD3	1	0	1
KCTD4	1	0	1
KCTD5	1	0	1
KCTD6	1	0	1
KCTD7	1	0	1
KCTD8	1	0	1
KCTD9	1	0	1
KCTD9P3	0	1	0
KCTD9P6	0	1	0
KDELR1	1	0	1
KDELR2	1	0	1
KDELR3	1	0	1
KDF1	1	0	1
KDM1A	1	0	1
KDM1B	1	0	1
KDM2A	1	0	1
KDM2B	1	0	1
KDM3A	1	0	1
KDM3B	1	0	1
KDM4A	1	0	1
KDM4B	1	0	1
KDM4C	1	0	1
KDM4D	1	0	1
KDM4E	1	0	1
KDM4F	1	0	1
KDM5A	1	1	1
KDM5B	1	0	1
KDM5C	1	0	1
KDM5D	1	0	1
KDM6A	1	0	1
KDM6B	1	0	1
KDM7A	1	0	1
KDM8	1	0	1
KDR	1	0	1
KDSR	1	0	1
KEAP1	1	0	1
KEL	1	0	1
KERA	1	0	1
KHDC1	1	1	1
KHDC1L	1	0	1
KHDC3L	1	0	1
KHDC4	1	0	1
KHDRBS1	1	0	1
KHDRBS2	1	0	1
KHDRBS3	1	0	1
KHK	1	0	1
KHNYN	1	0	1
KHSRP	1	0	1
KIAA0040	1	0	1
KIAA0232	1	0	1
KIAA0319	1	0	1
KIAA0319L	1	0	1
KIAA0408	1	0	1
KIAA0513	1	0	1
KIAA0586	1	0	1
KIAA0753	1	0	1
KIAA0825	1	0	1
KIAA0930	1	0	1
KIAA1143	1	0	1
KIAA1191	1	0	1
KIAA1210	1	1	1
KIAA1217	1	0	1
KIAA1257	0	1	0
KIAA1328	1	0	1
KIAA1522	1	0	1
KIAA1549	1	0	1
KIAA1549L	1	0	1
KIAA1586	1	1	1
KIAA1614	1	0	1
KIAA1671	1	0	1
KIAA1755	1	0	1
KIAA1958	1	0	1
KIAA2012	1	0	1
KIAA2013	1	0	1
KIAA2026	1	1	1
KICS2	1	0	1
KIDINS220	1	1	1
KIF11	1	0	1
KIF12	1	0	1
KIF13A	1	0	1
KIF13B	1	0	1
KIF14	1	0	1
KIF15	1	0	1
KIF16B	1	0	1
KIF17	1	0	1
KIF18A	1	0	1
KIF18B	1	0	1
KIF19	1	1	1
KIF1A	1	0	1
KIF1B	1	1	1
KIF1C	1	0	1
KIF20A	1	0	1
KIF20B	1	1	1
KIF21A	1	0	1
KIF21B	1	0	1
KIF22	1	0	1
KIF23	1	0	1
KIF24	1	0	1
KIF25	1	1	1
KIF26A	1	0	1
KIF26B	1	0	1
KIF27	1	0	1
KIF28P	0	1	0
KIF2A	1	0	1
KIF2B	1	0	1
KIF2C	1	0	1
KIF3A	1	0	1
KIF3B	1	0	1
KIF3C	1	0	1
KIF4A	1	0	1
KIF4B	1	0	1
KIF5A	1	0	1
KIF5B	1	0	1
KIF5C	1	0	1
KIF6	1	0	1
KIF7	1	0	1
KIF9	1	0	1
KIFAP3	1	0	1
KIFBP	1	1	1
KIFC1	1	0	1
KIFC2	1	0	1
KIFC3	1	1	1
KIN	1	0	1
KIR2DL1	1	0	1
KIR2DL3	1	0	1
KIR2DL4	1	0	1
KIR3DL1	1	0	1
KIR3DL2	1	0	1
KIR3DL3	1	0	1
KIRREL1	1	0	1
KIRREL2	1	0	1
KIRREL3	1	0	1
KISS1	1	0	1
KISS1R	1	0	1
KIT	1	0	1
KITLG	1	0	1
KIZ	1	0	1
KL	1	0	1
KLB	1	0	1
KLC1	1	0	1
KLC2	1	0	1
KLC3	1	0	1
KLC4	1	0	1
KLF1	1	0	1
KLF10	1	0	1
KLF11	1	0	1
KLF12	1	0	1
KLF13	1	0	1
KLF14	1	0	1
KLF15	1	0	1
KLF16	1	0	1
KLF17	1	0	1
KLF18	1	0	1
KLF2	1	0	1
KLF3	1	0	1
KLF3-AS1	0	1	0
KLF4	1	0	1
KLF5	1	0	1
KLF6	1	0	1
KLF7	1	0	1
KLF7P1	0	1	0
KLF8	1	0	1
KLF9	1	0	1
KLHDC1	1	0	1
KLHDC10	1	0	1
KLHDC2	1	0	1
KLHDC3	1	0	1
KLHDC4	1	0	1
KLHDC7A	1	0	1
KLHDC7B	1	0	1
KLHDC8A	1	1	1
KLHDC8B	1	0	1
KLHDC9	1	0	1
KLHL1	1	0	1
KLHL10	1	0	1
KLHL11	1	0	1
KLHL12	1	0	1
KLHL13	1	0	1
KLHL14	1	0	1
KLHL15	1	0	1
KLHL17	1	1	1
KLHL18	1	0	1
KLHL2	1	0	1
KLHL20	1	0	1
KLHL21	1	0	1
KLHL22	1	0	1
KLHL23	1	1	1
KLHL24	1	0	1
KLHL25	1	0	1
KLHL26	1	0	1
KLHL28	1	0	1
KLHL29	1	0	1
KLHL2P1	0	1	0
KLHL3	1	0	1
KLHL30	1	0	1
KLHL31	1	0	1
KLHL32	1	0	1
KLHL33	1	0	1
KLHL34	1	0	1
KLHL35	1	0	1
KLHL36	1	0	1
KLHL38	1	0	1
KLHL4	1	0	1
KLHL40	1	0	1
KLHL41	1	0	1
KLHL42	1	0	1
KLHL5	1	0	1
KLHL6	1	0	1
KLHL7	1	0	1
KLHL8	1	0	1
KLHL9	1	0	1
KLK1	1	0	1
KLK10	1	0	1
KLK11	1	0	1
KLK12	1	0	1
KLK13	1	0	1
KLK14	1	0	1
KLK15	1	0	1
KLK2	1	0	1
KLK3	1	0	1
KLK4	1	0	1
KLK5	1	0	1
KLK6	1	0	1
KLK7	1	0	1
KLK8	1	0	1
KLK9	1	0	1
KLKB1	1	0	1
KLKP1	0	1	0
KLLN	1	0	1
KLRB1	1	0	1
KLRC1	1	1	1
KLRC2	1	1	1
KLRC3	1	1	1
KLRC4	1	0	1
KLRD1	1	0	1
KLRF1	1	0	1
KLRF2	1	0	1
KLRG1	1	0	1
KLRG2	1	0	1
KLRK1	1	0	1
KMO	1	0	1
KMT2A	1	0	1
KMT2B	1	0	1
KMT2C	1	0	1
KMT2D	1	1	1
KMT2E	1	0	1
KMT5A	1	0	1
KMT5B	1	0	1
KMT5C	1	0	1
KNCN	1	0	1
KNDC1	1	0	1
KNG1	1	0	1
KNL1	1	1	1
KNOP1	1	0	1
KNSTRN	1	0	1
KNTC1	1	0	1
KPNA1	1	0	1
KPNA2	1	0	1
KPNA3	1	0	1
KPNA4	1	0	1
KPNA5	1	0	1
KPNA6	1	0	1
KPNA7	1	0	1
KPNB1	1	0	1
KPRP	1	0	1
KPTN	1	0	1
KRAS	1	0	1
KRBA1	1	1	1
KRBA2	1	0	1
KRBOX1	1	0	1
KRBOX4	1	0	1
KRBOX5	1	0	1
KRCC1	1	0	1
KREMEN1	1	0	1
KREMEN2	1	0	1
KRI1	1	0	1
KRIT1	1	0	1
KRR1	1	0	1
KRT1	1	0	1
KRT10	1	0	1
KRT12	1	0	1
KRT126P	0	1	0
KRT128P	0	1	0
KRT13	1	0	1
KRT14	1	0	1
KRT15	1	0	1
KRT16	1	0	1
KRT17	1	0	1
KRT18	1	0	1
KRT18P16	0	1	0
KRT18P19	0	1	0
KRT18P24	0	1	0
KRT18P27	0	1	0
KRT18P3	0	1	0
KRT18P32	0	1	0
KRT18P43	0	1	0
KRT18P51	0	1	0
KRT18P8	0	1	0
KRT19	1	0	1
KRT19P4	0	1	0
KRT2	1	0	1
KRT20	1	0	1
KRT222	1	0	1
KRT23	1	0	1
KRT24	1	0	1
KRT25	1	0	1
KRT26	1	0	1
KRT27	1	0	1
KRT28	1	0	1
KRT3	1	0	1
KRT31	1	0	1
KRT32	1	0	1
KRT33A	1	0	1
KRT33B	1	0	1
KRT34	1	0	1
KRT35	1	0	1
KRT36	1	0	1
KRT37	1	0	1
KRT38	1	0	1
KRT39	1	0	1
KRT4	1	0	1
KRT40	1	0	1
KRT43P	0	1	0
KRT5	1	0	1
KRT6A	1	0	1
KRT6B	1	0	1
KRT6C	1	0	1
KRT7	1	0	1
KRT71	1	0	1
KRT72	1	0	1
KRT73	1	0	1
KRT74	1	0	1
KRT75	1	0	1
KRT76	1	0	1
KRT77	1	0	1
KRT78	1	0	1
KRT79	1	0	1
KRT8	1	0	1
KRT80	1	0	1
KRT81	1	0	1
KRT82	1	1	1
KRT83	1	0	1
KRT84	1	0	1
KRT85	1	0	1
KRT86	1	0	1
KRT8P18	0	1	0
KRT8P20	0	1	0
KRT8P32	0	1	0
KRT9	1	1	1
KRT90P	0	1	0
KRTAP1-1	1	1	1
KRTAP1-3	1	0	1
KRTAP1-4	1	0	1
KRTAP1-5	1	1	1
KRTAP10-1	1	0	1
KRTAP10-10	1	0	1
KRTAP10-11	1	0	1
KRTAP10-12	1	0	1
KRTAP10-2	1	0	1
KRTAP10-3	1	0	1
KRTAP10-4	1	0	1
KRTAP10-5	1	0	1
KRTAP10-6	1	0	1
KRTAP10-7	1	0	1
KRTAP10-8	1	0	1
KRTAP10-9	1	0	1
KRTAP11-1	1	0	1
KRTAP12-1	1	0	1
KRTAP12-2	1	0	1
KRTAP12-3	1	0	1
KRTAP12-4	1	1	1
KRTAP13-1	1	0	1
KRTAP13-2	1	0	1
KRTAP13-3	1	0	1
KRTAP13-4	1	0	1
KRTAP15-1	1	0	1
KRTAP16-1	1	0	1
KRTAP17-1	1	0	1
KRTAP19-1	1	0	1
KRTAP19-2	1	0	1
KRTAP19-3	1	0	1
KRTAP19-4	1	0	1
KRTAP19-5	1	0	1
KRTAP19-6	1	1	1
KRTAP19-7	1	0	1
KRTAP19-8	1	0	1
KRTAP2-1	1	0	1
KRTAP2-2	1	0	1
KRTAP2-3	1	0	1
KRTAP2-4	1	0	1
KRTAP20-1	1	0	1
KRTAP20-2	1	1	1
KRTAP20-3	1	0	1
KRTAP20-4	1	0	1
KRTAP21-1	1	0	1
KRTAP21-2	1	0	1
KRTAP21-3	1	0	1
KRTAP22-1	1	0	1
KRTAP22-2	1	0	1
KRTAP23-1	1	0	1
KRTAP24-1	1	0	1
KRTAP25-1	1	1	1
KRTAP26-1	1	0	1
KRTAP27-1	1	0	1
KRTAP29-1	1	0	1
KRTAP3-1	1	0	1
KRTAP3-2	1	0	1
KRTAP3-3	1	0	1
KRTAP4-1	1	0	1
KRTAP4-11	1	0	1
KRTAP4-12	1	0	1
KRTAP4-16	1	0	1
KRTAP4-2	1	0	1
KRTAP4-3	1	0	1
KRTAP4-4	1	0	1
KRTAP4-5	1	0	1
KRTAP4-6	1	1	1
KRTAP4-7	1	0	1
KRTAP4-8	1	0	1
KRTAP4-9	1	0	1
KRTAP5-1	1	0	1
KRTAP5-10	1	0	1
KRTAP5-11	1	0	1
KRTAP5-2	1	0	1
KRTAP5-3	1	0	1
KRTAP5-4	1	0	1
KRTAP5-5	1	0	1
KRTAP5-6	1	0	1
KRTAP5-7	1	0	1
KRTAP5-8	1	0	1
KRTAP5-9	1	0	1
KRTAP6-1	1	0	1
KRTAP6-2	1	0	1
KRTAP6-3	1	1	1
KRTAP7-1	1	0	1
KRTAP8-1	1	0	1
KRTAP9-1	1	0	1
KRTAP9-2	1	1	1
KRTAP9-3	1	0	1
KRTAP9-4	1	0	1
KRTAP9-6	1	0	1
KRTAP9-7	1	0	1
KRTAP9-8	1	0	1
KRTAP9-9	1	0	1
KRTCAP2	1	0	1
KRTCAP3	1	0	1
KRTDAP	1	0	1
KSR1	1	0	1
KSR2	1	0	1
KTI12	1	0	1
KTN1	1	0	1
KXD1	1	0	1
KY	1	0	1
KYAT1	1	0	1
KYAT3	1	0	1
KYNU	1	0	1
L1CAM	1	0	1
L1TD1	1	1	1
L2HGDH	1	0	1
L3HYPDH	1	0	1
L3MBTL1	1	0	1
L3MBTL2	1	0	1
L3MBTL3	1	0	1
L3MBTL4	1	0	1
LACC1	1	0	1
LACRT	1	0	1
LACTB	1	0	1
LACTB2	1	0	1
LACTBL1	1	0	1
LAD1	1	0	1
LAG3	1	0	1
LAGE3	1	0	1
LAIR1	1	1	1
LAIR2	1	0	1
LALBA	1	0	1
LAMA1	1	0	1
LAMA2	1	0	1
LAMA3	1	0	1
LAMA4	1	0	1
LAMA5	1	0	1
LAMB1	1	0	1
LAMB2	1	0	1
LAMB3	1	0	1
LAMB4	1	0	1
LAMC1	1	0	1
LAMC2	1	0	1
LAMC3	1	0	1
LAMP1	1	0	1
LAMP2	1	0	1
LAMP3	1	0	1
LAMP5	1	0	1
LAMTOR1	1	0	1
LAMTOR2	1	0	1
LAMTOR3	1	0	1
LAMTOR4	1	0	1
LAMTOR5	1	0	1
LAMTOR5-AS1	0	1	0
LANCL1	1	0	1
LANCL2	1	0	1
LANCL3	1	0	1
LAP3	1	0	1
LAPTM4A	1	0	1
LAPTM4B	1	0	1
LAPTM5	1	0	1
LARGE1	1	0	1
LARGE2	1	0	1
LARP1	1	0	1
LARP1B	1	1	1
LARP4	1	0	1
LARP4B	1	0	1
LARP6	1	0	1
LARP7	1	0	1
LARP7P3	0	1	0
LARP7P4	0	1	0
LARS1	1	0	1
LARS2	1	1	1
LAS1L	1	0	1
LASP1	1	0	1
LASP1NB	1	0	1
LAT	1	0	1
LAT2	1	0	1
LATS1	1	0	1
LATS2	1	0	1
LAX1	1	0	1
LAYN	1	0	1
LBH	1	0	1
LBHD1	1	0	1
LBHD2	1	0	1
LBP	1	0	1
LBR	1	0	1
LBX1	1	0	1
LBX1-AS1	0	1	0
LBX2	1	0	1
LCA5	1	0	1
LCA5L	1	1	1
LCAT	1	0	1
LCE1A	1	0	1
LCE1B	1	0	1
LCE1C	1	0	1
LCE1D	1	0	1
LCE1E	1	0	1
LCE1F	1	0	1
LCE2A	1	0	1
LCE2B	1	0	1
LCE2C	1	0	1
LCE2D	1	1	1
LCE3A	1	0	1
LCE3B	1	0	1
LCE3C	1	0	1
LCE3D	1	0	1
LCE3E	1	0	1
LCE4A	1	0	1
LCE5A	1	1	1
LCE6A	1	0	1
LCE7A	1	0	1
LCK	1	0	1
LCLAT1	1	0	1
LCMT1	1	0	1
LCMT2	1	0	1
LCN1	1	0	1
LCN10	1	0	1
LCN12	1	0	1
LCN15	1	0	1
LCN2	1	0	1
LCN6	1	0	1
LCN8	1	0	1
LCN9	1	0	1
LCNL1	1	1	1
LCOR	1	0	1
LCORL	1	0	1
LCP1	1	0	1
LCP2	1	0	1
LCT	1	0	1
LCTL	1	0	1
LDAF1	1	0	1
LDAH	1	0	1
LDB1	1	0	1
LDB2	1	0	1
LDB3	1	0	1
LDHA	1	0	1
LDHAL6A	1	0	1
LDHAL6B	1	0	1
LDHAP4	0	1	0
LDHAP5	0	1	0
LDHB	1	1	1
LDHC	1	0	1
LDHD	1	0	1
LDLR	1	0	1
LDLRAD1	1	0	1
LDLRAD2	1	0	1
LDLRAD3	1	0	1
LDLRAD4	1	0	1
LDLRAP1	1	0	1
LDOC1	1	0	1
LEAP2	1	0	1
LECT2	1	0	1
LEF1	1	0	1
LEFTY1	1	0	1
LEFTY2	1	0	1
LEKR1	1	0	1
LELP1	1	0	1
LEMD1	1	0	1
LEMD2	1	0	1
LEMD3	1	0	1
LENEP	1	0	1
LENG1	1	0	1
LENG8	1	0	1
LENG9	1	0	1
LEO1	1	0	1
LEP	1	0	1
LEPR	1	1	1
LEPROT	1	0	1
LEPROTL1	1	0	1
LETM1	1	0	1
LETM2	1	0	1
LETMD1	1	0	1
LEUTX	1	0	1
LEXM	1	0	1
LFNG	1	0	1
LGALS1	1	0	1
LGALS12	1	0	1
LGALS13	1	0	1
LGALS14	1	0	1
LGALS16	1	0	1
LGALS2	1	0	1
LGALS3	1	1	1
LGALS3BP	1	0	1
LGALS4	1	0	1
LGALS7	1	0	1
LGALS7B	1	0	1
LGALS8	1	1	1
LGALS9	1	0	1
LGALS9B	1	0	1
LGALS9C	1	0	1
LGALSL	1	0	1
LGI1	1	0	1
LGI2	1	0	1
LGI3	1	0	1
LGI4	1	0	1
LGMN	1	0	1
LGR4	1	0	1
LGR5	1	0	1
LGR6	1	0	1
LGSN	1	0	1
LHB	1	0	1
LHCGR	1	0	1
LHFPL1	1	0	1
LHFPL2	1	0	1
LHFPL3	1	0	1
LHFPL4	1	0	1
LHFPL5	1	1	1
LHFPL6	1	1	1
LHFPL7	1	0	1
LHPP	1	0	1
LHX1	1	0	1
LHX2	1	0	1
LHX3	1	0	1
LHX4	1	0	1
LHX5	1	0	1
LHX6	1	0	1
LHX8	1	0	1
LHX9	1	0	1
LIAS	1	0	1
LIF	1	0	1
LIFR	1	0	1
LIG1	1	0	1
LIG3	1	0	1
LIG4	1	0	1
LILRA1	1	0	1
LILRA2	1	0	1
LILRA4	1	0	1
LILRA5	1	0	1
LILRA6	1	0	1
LILRB1	1	0	1
LILRB2	1	0	1
LILRB3	1	0	1
LILRB4	1	0	1
LILRB5	1	0	1
LIM2	1	0	1
LIMA1	1	0	1
LIMCH1	1	0	1
LIMD1	1	0	1
LIMD2	1	0	1
LIME1	1	0	1
LIMK1	1	1	1
LIMK2	1	1	1
LIMS1	1	0	1
LIMS2	1	0	1
LIMS3	1	0	1
LIMS4	1	0	1
LIN28A	1	1	1
LIN28B	1	0	1
LIN28B-AS1	0	1	0
LIN37	1	0	1
LIN52	1	0	1
LIN54	1	0	1
LIN7A	1	0	1
LIN7B	1	0	1
LIN7C	1	0	1
LIN9	1	0	1
LINC-ROR	0	1	0
LINC00111	0	1	0
LINC00114	0	1	0
LINC00158	0	1	0
LINC00211	0	1	0
LINC00221	0	1	0
LINC00222	0	1	0
LINC00229	0	1	0
LINC00240	0	1	0
LINC00251	0	1	0
LINC00265	0	1	0
LINC00271	0	1	0
LINC00308	0	1	0
LINC00313	0	1	0
LINC00315	0	1	0
LINC00317	0	1	0
LINC00320	0	1	0
LINC00327	0	1	0
LINC00333	0	1	0
LINC00343	0	1	0
LINC00348	0	1	0
LINC00352	0	1	0
LINC00353	0	1	0
LINC00355	0	1	0
LINC00364	0	1	0
LINC00368	0	1	0
LINC00376	0	1	0
LINC00378	0	1	0
LINC00379	0	1	0
LINC00381	0	1	0
LINC00392	0	1	0
LINC00393	0	1	0
LINC00395	0	1	0
LINC00397	0	1	0
LINC00410	0	1	0
LINC00426	0	1	0
LINC00431	0	1	0
LINC00433	0	1	0
LINC00440	0	1	0
LINC00448	0	1	0
LINC00457	0	1	0
LINC00458	0	1	0
LINC00466	0	1	0
LINC00467	0	1	0
LINC00470	0	1	0
LINC00472	0	1	0
LINC00476	0	1	0
LINC00491	0	1	0
LINC00494	0	1	0
LINC00499	0	1	0
LINC00504	0	1	0
LINC00507	0	1	0
LINC00511	0	1	0
LINC00514	0	1	0
LINC00534	0	1	0
LINC00535	0	1	0
LINC00536	0	1	0
LINC00544	0	1	0
LINC00550	0	1	0
LINC00551	0	1	0
LINC00552	0	1	0
LINC00558	0	1	0
LINC00570	0	1	0
LINC00578	0	1	0
LINC00595	0	1	0
LINC00598	0	1	0
LINC00603	0	1	0
LINC00604	0	1	0
LINC00607	0	1	0
LINC00616	0	1	0
LINC00624	0	1	0
LINC00626	0	1	0
LINC00630	0	1	0
LINC00632	0	1	0
LINC00635	0	1	0
LINC00639	0	1	0
LINC00640	0	1	0
LINC00645	0	1	0
LINC00648	0	1	0
LINC00652	0	1	0
LINC00654	0	1	0
LINC00658	0	1	0
LINC00659	0	1	0
LINC00662	0	1	0
LINC00665	0	1	0
LINC00671	0	1	0
LINC00674	0	1	0
LINC00678	0	1	0
LINC00683	0	1	0
LINC00690	0	1	0
LINC00698	0	1	0
LINC00700	0	1	0
LINC00706	0	1	0
LINC00707	0	1	0
LINC00708	0	1	0
LINC00824	0	1	0
LINC00836	0	1	0
LINC00847	0	1	0
LINC00850	0	1	0
LINC00858	0	1	0
LINC00861	0	1	0
LINC00862	0	1	0
LINC00865	0	1	0
LINC00866	0	1	0
LINC00868	0	1	0
LINC00871	0	1	0
LINC00879	0	1	0
LINC00882	0	1	0
LINC00894	0	1	0
LINC00905	0	1	0
LINC00907	0	1	0
LINC00910	0	1	0
LINC00917	0	1	0
LINC00922	0	1	0
LINC00923	0	1	0
LINC00924	0	1	0
LINC00927	0	1	0
LINC00929	0	1	0
LINC00930	0	1	0
LINC00939	0	1	0
LINC00944	0	1	0
LINC00958	0	1	0
LINC00964	0	1	0
LINC00968	0	1	0
LINC00970	0	1	0
LINC00971	0	1	0
LINC00972	0	1	0
LINC00989	0	1	0
LINC01004	0	1	0
LINC01005	0	1	0
LINC01017	0	1	0
LINC01030	0	1	0
LINC01031	0	1	0
LINC01035	0	1	0
LINC01047	0	1	0
LINC01050	0	1	0
LINC01052	0	1	0
LINC01060	0	1	0
LINC01065	0	1	0
LINC01068	0	1	0
LINC01070	0	1	0
LINC01088	0	1	0
LINC01090	0	1	0
LINC01091	0	1	0
LINC01099	0	1	0
LINC01115	0	1	0
LINC01118	0	1	0
LINC01120	0	1	0
LINC01122	0	1	0
LINC01127	0	1	0
LINC01128	0	1	0
LINC01133	0	1	0
LINC01146	0	1	0
LINC01152	0	1	0
LINC01170	0	1	0
LINC01177	0	1	0
LINC01180	0	1	0
LINC01181	0	1	0
LINC01184	0	1	0
LINC01185	0	1	0
LINC01192	0	1	0
LINC01194	0	1	0
LINC01198	0	1	0
LINC01204	0	1	0
LINC01205	0	1	0
LINC01206	0	1	0
LINC01208	0	1	0
LINC01209	0	1	0
LINC01218	0	1	0
LINC01222	0	1	0
LINC01224	0	1	0
LINC01226	0	1	0
LINC01228	0	1	0
LINC01229	0	1	0
LINC01231	0	1	0
LINC01234	0	1	0
LINC01235	0	1	0
LINC01239	0	1	0
LINC01247	0	1	0
LINC01248	0	1	0
LINC01252	0	1	0
LINC01255	0	1	0
LINC01266	0	1	0
LINC01267	0	1	0
LINC01269	0	1	0
LINC01273	0	1	0
LINC01278	0	1	0
LINC01280	0	1	0
LINC01282	0	1	0
LINC01285	0	1	0
LINC01287	0	1	0
LINC01293	0	1	0
LINC01299	0	1	0
LINC01300	0	1	0
LINC01301	0	1	0
LINC01304	0	1	0
LINC01310	0	1	0
LINC01320	0	1	0
LINC01322	0	1	0
LINC01323	0	1	0
LINC01324	0	1	0
LINC01327	0	1	0
LINC01333	0	1	0
LINC01340	0	1	0
LINC01344	0	1	0
LINC01350	0	1	0
LINC01354	0	1	0
LINC01358	0	1	0
LINC01364	0	1	0
LINC01378	0	1	0
LINC01386	0	1	0
LINC01387	0	1	0
LINC01393	0	1	0
LINC01399	0	1	0
LINC01411	0	1	0
LINC01414	0	1	0
LINC01422	0	1	0
LINC01426	0	1	0
LINC01432	0	1	0
LINC01435	0	1	0
LINC01444	0	1	0
LINC01445	0	1	0
LINC01446	0	1	0
LINC01447	0	1	0
LINC01448	0	1	0
LINC01449	0	1	0
LINC01456	0	1	0
LINC01470	0	1	0
LINC01473	0	1	0
LINC01474	0	1	0
LINC01476	0	1	0
LINC01478	0	1	0
LINC01482	0	1	0
LINC01485	0	1	0
LINC01487	0	1	0
LINC01491	0	1	0
LINC01493	0	1	0
LINC01497	0	1	0
LINC01498	0	1	0
LINC01499	0	1	0
LINC01500	0	1	0
LINC01501	0	1	0
LINC01505	0	1	0
LINC01507	0	1	0
LINC01508	0	1	0
LINC01509	0	1	0
LINC01515	0	1	0
LINC01517	0	1	0
LINC01520	0	1	0
LINC01522	0	1	0
LINC01524	0	1	0
LINC01527	0	1	0
LINC01531	0	1	0
LINC01539	0	1	0
LINC01543	0	1	0
LINC01545	0	1	0
LINC01546	0	1	0
LINC01548	0	1	0
LINC01550	0	1	0
LINC01551	0	1	0
LINC01555	0	1	0
LINC01558	0	1	0
LINC01562	0	1	0
LINC01563	0	1	0
LINC01572	0	1	0
LINC01579	0	1	0
LINC01583	0	1	0
LINC01588	0	1	0
LINC01592	0	1	0
LINC01593	0	1	0
LINC01603	0	1	0
LINC01605	0	1	0
LINC01608	0	1	0
LINC01609	0	1	0
LINC01611	0	1	0
LINC01618	0	1	0
LINC01621	0	1	0
LINC01622	0	1	0
LINC01633	0	1	0
LINC01638	0	1	0
LINC01639	0	1	0
LINC01644	0	1	0
LINC01645	0	1	0
LINC01653	0	1	0
LINC01661	0	1	0
LINC01672	0	1	0
LINC01676	0	1	0
LINC01682	0	1	0
LINC01684	0	1	0
LINC01687	0	1	0
LINC01689	0	1	0
LINC01693	0	1	0
LINC01694	0	1	0
LINC01695	0	1	0
LINC01697	0	1	0
LINC01701	0	1	0
LINC01702	0	1	0
LINC01706	0	1	0
LINC01709	0	1	0
LINC01717	0	1	0
LINC01721	0	1	0
LINC01722	0	1	0
LINC01726	0	1	0
LINC01739	0	1	0
LINC01741	0	1	0
LINC01743	0	1	0
LINC01745	0	1	0
LINC01748	0	1	0
LINC01755	0	1	0
LINC01762	0	1	0
LINC01764	0	1	0
LINC01768	0	1	0
LINC01776	0	1	0
LINC01778	0	1	0
LINC01780	0	1	0
LINC01788	0	1	0
LINC01798	0	1	0
LINC01801	0	1	0
LINC01804	0	1	0
LINC01807	0	1	0
LINC01811	0	1	0
LINC01814	0	1	0
LINC01818	0	1	0
LINC01823	0	1	0
LINC01826	0	1	0
LINC01828	0	1	0
LINC01837	0	1	0
LINC01841	0	1	0
LINC01850	0	1	0
LINC01872	0	1	0
LINC01874	0	1	0
LINC01876	0	1	0
LINC01877	0	1	0
LINC01885	0	1	0
LINC01891	0	1	0
LINC01897	0	1	0
LINC01898	0	1	0
LINC01899	0	1	0
LINC01900	0	1	0
LINC01901	0	1	0
LINC01903	0	1	0
LINC01907	0	1	0
LINC01909	0	1	0
LINC01911	0	1	0
LINC01934	0	1	0
LINC01939	0	1	0
LINC01941	0	1	0
LINC01947	0	1	0
LINC01948	0	1	0
LINC01950	0	1	0
LINC01962	0	1	0
LINC01965	0	1	0
LINC01967	0	1	0
LINC01992	0	1	0
LINC01993	0	1	0
LINC01997	0	1	0
LINC02008	0	1	0
LINC02013	0	1	0
LINC02020	0	1	0
LINC02022	0	1	0
LINC02024	0	1	0
LINC02025	0	1	0
LINC02027	0	1	0
LINC02028	0	1	0
LINC02031	0	1	0
LINC02042	0	1	0
LINC02046	0	1	0
LINC02049	0	1	0
LINC02050	0	1	0
LINC02053	0	1	0
LINC02055	0	1	0
LINC02062	0	1	0
LINC02064	0	1	0
LINC02077	0	1	0
LINC02080	0	1	0
LINC02082	0	1	0
LINC02086	0	1	0
LINC02087	0	1	0
LINC02092	0	1	0
LINC02093	0	1	0
LINC02100	0	1	0
LINC02103	0	1	0
LINC02108	0	1	0
LINC02109	0	1	0
LINC02111	0	1	0
LINC02117	0	1	0
LINC02120	0	1	0
LINC02125	0	1	0
LINC02128	0	1	0
LINC02137	0	1	0
LINC02144	0	1	0
LINC02146	0	1	0
LINC02147	0	1	0
LINC02148	0	1	0
LINC02150	0	1	0
LINC02154	0	1	0
LINC02156	0	1	0
LINC02160	0	1	0
LINC02161	0	1	0
LINC02169	0	1	0
LINC02174	0	1	0
LINC02183	0	1	0
LINC02188	0	1	0
LINC02190	0	1	0
LINC02196	0	1	0
LINC02199	0	1	0
LINC02203	1	0	1
LINC02207	0	1	0
LINC02208	0	1	0
LINC02209	0	1	0
LINC02211	0	1	0
LINC02214	0	1	0
LINC02216	0	1	0
LINC02218	1	1	1
LINC02219	0	1	0
LINC02220	0	1	0
LINC02223	0	1	0
LINC02228	0	1	0
LINC02231	0	1	0
LINC02232	0	1	0
LINC02234	0	1	0
LINC02235	0	1	0
LINC02236	0	1	0
LINC02237	0	1	0
LINC02240	0	1	0
LINC02241	0	1	0
LINC02242	0	1	0
LINC02245	0	1	0
LINC02246	0	1	0
LINC02252	0	1	0
LINC02253	0	1	0
LINC02261	0	1	0
LINC02263	0	1	0
LINC02269	0	1	0
LINC02272	0	1	0
LINC02286	0	1	0
LINC02290	0	1	0
LINC02296	0	1	0
LINC02301	0	1	0
LINC02303	0	1	0
LINC02304	0	1	0
LINC02305	0	1	0
LINC02307	0	1	0
LINC02308	0	1	0
LINC02309	0	1	0
LINC02310	0	1	0
LINC02311	0	1	0
LINC02312	0	1	0
LINC02319	0	1	0
LINC02320	0	1	0
LINC02321	0	1	0
LINC02324	0	1	0
LINC02327	0	1	0
LINC02328	0	1	0
LINC02334	0	1	0
LINC02338	0	1	0
LINC02340	0	1	0
LINC02341	0	1	0
LINC02345	0	1	0
LINC02346	0	1	0
LINC02347	0	1	0
LINC02349	0	1	0
LINC02355	0	1	0
LINC02359	0	1	0
LINC02360	0	1	0
LINC02362	0	1	0
LINC02363	0	1	0
LINC02364	0	1	0
LINC02372	0	1	0
LINC02374	0	1	0
LINC02376	0	1	0
LINC02377	0	1	0
LINC02379	0	1	0
LINC02380	0	1	0
LINC02382	0	1	0
LINC02383	0	1	0
LINC02384	0	1	0
LINC02389	0	1	0
LINC02392	0	1	0
LINC02394	0	1	0
LINC02395	0	1	0
LINC02396	0	1	0
LINC02401	0	1	0
LINC02402	0	1	0
LINC02404	0	1	0
LINC02405	0	1	0
LINC02408	0	1	0
LINC02416	0	1	0
LINC02419	0	1	0
LINC02421	0	1	0
LINC02428	0	1	0
LINC02432	0	1	0
LINC02436	0	1	0
LINC02444	0	1	0
LINC02446	0	1	0
LINC02447	0	1	0
LINC02448	0	1	0
LINC02450	0	1	0
LINC02451	0	1	0
LINC02462	0	1	0
LINC02465	0	1	0
LINC02466	0	1	0
LINC02469	0	1	0
LINC02474	0	1	0
LINC02477	0	1	0
LINC02482	0	1	0
LINC02483	0	1	0
LINC02484	0	1	0
LINC02488	0	1	0
LINC02492	0	1	0
LINC02495	0	1	0
LINC02497	0	1	0
LINC02501	0	1	0
LINC02505	0	1	0
LINC02507	0	1	0
LINC02511	0	1	0
LINC02515	0	1	0
LINC02516	0	1	0
LINC02521	0	1	0
LINC02522	0	1	0
LINC02525	0	1	0
LINC02531	0	1	0
LINC02532	0	1	0
LINC02542	0	1	0
LINC02546	0	1	0
LINC02548	0	1	0
LINC02549	0	1	0
LINC02552	0	1	0
LINC02568	0	1	0
LINC02569	0	1	0
LINC02572	0	1	0
LINC02577	0	1	0
LINC02594	0	1	0
LINC02607	0	1	0
LINC02621	0	1	0
LINC02624	0	1	0
LINC02625	0	1	0
LINC02628	0	1	0
LINC02633	0	1	0
LINC02641	0	1	0
LINC02642	0	1	0
LINC02645	0	1	0
LINC02649	0	1	0
LINC02652	0	1	0
LINC02653	0	1	0
LINC02661	0	1	0
LINC02663	0	1	0
LINC02668	0	1	0
LINC02671	0	1	0
LINC02674	0	1	0
LINC02682	0	1	0
LINC02693	0	1	0
LINC02694	0	1	0
LINC02697	0	1	0
LINC02698	0	1	0
LINC02699	0	1	0
LINC02704	0	1	0
LINC02715	0	1	0
LINC02718	0	1	0
LINC02725	0	1	0
LINC02740	0	1	0
LINC02741	0	1	0
LINC02742	0	1	0
LINC02748	0	1	0
LINC02749	0	1	0
LINC02751	0	1	0
LINC02755	0	1	0
LINC02756	0	1	0
LINC02757	0	1	0
LINC02759	0	1	0
LINC02763	0	1	0
LINC02765	0	1	0
LINC02770	0	1	0
LINC02775	0	1	0
LINC02780	0	1	0
LINC02782	0	1	0
LINC02783	0	1	0
LINC02790	0	1	0
LINC02791	0	1	0
LINC02796	0	1	0
LINC02797	0	1	0
LINC02808	0	1	0
LINC02814	0	1	0
LINC02815	0	1	0
LINC02820	0	1	0
LINC02822	0	1	0
LINC02824	0	1	0
LINC02826	0	1	0
LINC02829	0	1	0
LINC02831	0	1	0
LINC02832	0	1	0
LINC02839	0	1	0
LINC02840	0	1	0
LINC02842	0	1	0
LINC02847	0	1	0
LINC02849	0	1	0
LINC02853	0	1	0
LINC02854	0	1	0
LINC02855	0	1	0
LINC02857	0	1	0
LINC02858	0	1	0
LINC02860	0	1	0
LINC02864	0	1	0
LINC03040	1	0	0
LINC2194	0	1	0
LINGO1	1	0	1
LINGO2	1	0	1
LINGO3	1	0	1
LINGO4	1	0	1
LINP1	0	1	0
LINS1	1	0	1
LIPA	1	0	1
LIPC	1	1	1
LIPE	1	0	1
LIPE-AS1	0	1	0
LIPF	1	0	1
LIPG	1	0	1
LIPH	1	0	1
LIPI	1	1	1
LIPJ	1	1	1
LIPK	1	0	1
LIPM	1	0	1
LIPN	1	0	1
LIPT1	1	0	1
LIPT2	1	0	1
LITAF	1	0	1
LITAFD	1	1	1
LIX1	1	0	1
LIX1L	1	0	1
LKAAEAR1	1	0	1
LLCFC1	1	0	1
LLGL1	1	0	1
LLGL2	1	0	1
LLPH	1	0	1
LMAN1	1	0	1
LMAN1L	1	1	1
LMAN2	1	0	1
LMAN2L	1	0	1
LMBR1	1	1	1
LMBR1L	1	0	1
LMBRD1	1	1	1
LMBRD2	1	0	1
LMCD1	1	0	1
LMCD1-AS1	0	1	0
LMF1	1	0	1
LMF2	1	0	1
LMLN	1	1	1
LMNA	1	0	1
LMNB1	1	0	1
LMNB2	1	0	1
LMNTD1	1	0	1
LMNTD2	1	0	1
LMO1	1	0	1
LMO2	1	0	1
LMO3	1	0	1
LMO4	1	0	1
LMO7	1	1	1
LMOD1	1	0	1
LMOD2	1	0	1
LMOD3	1	0	1
LMTK2	1	0	1
LMTK3	1	0	1
LMX1A	1	0	1
LMX1B	1	0	1
LNC-LBCS	0	1	0
LNCAROD	0	1	0
LNCARSR	0	1	0
LNCOC1	0	1	0
LNCOG	0	1	0
LNCPRESS2	0	1	0
LNP1	1	0	1
LNPEP	1	0	1
LNPK	1	1	1
LNX1	1	1	1
LNX2	1	0	1
LONP1	1	0	1
LONP2	1	0	1
LONRF1	1	0	1
LONRF2	1	0	1
LONRF3	1	0	1
LOR	0	1	0
LORICRIN	1	0	1
LOX	1	0	1
LOXHD1	1	0	1
LOXL1	1	0	1
LOXL2	1	0	1
LOXL3	1	0	1
LOXL4	1	0	1
LPA	1	0	1
LPAL2	0	1	0
LPAR1	1	0	1
LPAR2	1	0	1
LPAR3	1	0	1
LPAR4	1	0	1
LPAR5	1	0	1
LPAR6	1	0	1
LPCAT1	1	0	1
LPCAT2	1	0	1
LPCAT3	1	0	1
LPCAT4	1	0	1
LPGAT1	1	0	1
LPIN1	1	1	1
LPIN2	1	0	1
LPIN3	1	0	1
LPL	1	0	1
LPO	1	0	1
LPP	1	0	1
LPXN	1	0	1
LRAT	1	0	1
LRATD1	1	1	1
LRATD2	1	0	1
LRBA	1	0	1
LRCH1	1	0	1
LRCH2	1	0	1
LRCH3	1	0	1
LRCH4	1	0	1
LRCOL1	1	0	1
LRFN1	1	0	1
LRFN2	1	0	1
LRFN3	1	0	1
LRFN4	1	0	1
LRFN5	1	0	1
LRG1	1	0	1
LRGUK	1	0	1
LRIF1	1	0	1
LRIG1	1	0	1
LRIG2	1	0	1
LRIG2-DT	0	1	0
LRIG3	1	0	1
LRIT1	1	0	1
LRIT2	1	0	1
LRIT3	1	0	1
LRMDA	1	0	1
LRP1	1	0	1
LRP10	1	0	1
LRP11	1	0	1
LRP12	1	0	1
LRP1B	1	0	1
LRP2	1	0	1
LRP2BP	1	1	1
LRP3	1	0	1
LRP4	1	0	1
LRP5	1	0	1
LRP5L	1	0	0
LRP6	1	0	1
LRP8	1	0	1
LRPAP1	1	0	1
LRPPRC	1	0	1
LRR1	1	0	1
LRRC1	1	0	1
LRRC10	1	0	1
LRRC10B	1	0	1
LRRC14	1	0	1
LRRC14B	1	0	1
LRRC15	1	0	1
LRRC17	1	0	1
LRRC18	1	0	1
LRRC19	1	0	1
LRRC2	1	0	1
LRRC20	1	0	1
LRRC23	1	0	1
LRRC24	1	0	1
LRRC25	1	0	1
LRRC26	1	0	1
LRRC27	1	0	1
LRRC28	1	0	1
LRRC3	1	0	1
LRRC30	1	0	1
LRRC31	1	0	1
LRRC32	1	0	1
LRRC34	1	0	1
LRRC34P1	0	1	0
LRRC36	1	1	1
LRRC37A	1	0	1
LRRC37A11P	0	1	0
LRRC37A12P	0	1	0
LRRC37A2	1	0	1
LRRC37A3	1	1	1
LRRC37B	1	0	1
LRRC38	1	0	1
LRRC39	1	1	1
LRRC3B	1	0	1
LRRC3C	1	0	1
LRRC4	1	0	1
LRRC40	1	0	1
LRRC41	1	0	1
LRRC42	1	0	1
LRRC43	1	0	1
LRRC45	1	0	1
LRRC46	1	0	1
LRRC47	1	0	1
LRRC49	1	1	1
LRRC4B	1	0	1
LRRC4C	1	1	1
LRRC51	1	0	1
LRRC52	1	0	1
LRRC52-AS1	0	1	0
LRRC53	1	0	1
LRRC55	1	0	1
LRRC56	1	0	1
LRRC57	1	0	1
LRRC58	1	0	1
LRRC59	1	0	1
LRRC61	1	0	1
LRRC63	1	1	1
LRRC66	1	1	1
LRRC69	1	0	1
LRRC7	1	0	1
LRRC70	1	0	1
LRRC71	1	1	1
LRRC72	1	0	1
LRRC73	1	0	1
LRRC74A	1	0	1
LRRC74B	1	0	1
LRRC75A	1	0	1
LRRC75B	1	0	1
LRRC8A	1	0	1
LRRC8B	1	0	1
LRRC8C	1	1	1
LRRC8D	1	0	1
LRRC8E	1	1	1
LRRC9	1	0	1
LRRCC1	1	0	1
LRRD1	1	0	1
LRRFIP1	1	0	1
LRRFIP2	1	0	1
LRRIQ1	1	0	1
LRRIQ3	1	0	1
LRRIQ4	1	0	1
LRRK1	1	0	1
LRRK2	1	0	1
LRRN1	1	0	1
LRRN2	1	0	1
LRRN3	1	0	1
LRRN4	1	0	1
LRRN4CL	1	0	1
LRRTM1	1	0	1
LRRTM2	1	0	1
LRRTM3	1	0	1
LRRTM4	1	1	1
LRSAM1	1	0	1
LRTM1	1	0	1
LRTM2	1	0	1
LRWD1	1	0	1
LSAMP	1	0	1
LSG1	1	0	1
LSM1	1	0	1
LSM10	1	0	1
LSM11	1	0	1
LSM12	1	0	1
LSM14A	1	0	1
LSM14B	1	0	1
LSM2	1	0	1
LSM3	1	0	1
LSM3P3	0	1	0
LSM4	1	0	1
LSM5	1	0	1
LSM6	1	0	1
LSM7	1	0	1
LSM8	1	0	1
LSMEM1	1	0	1
LSMEM2	1	0	1
LSP1	1	0	1
LSR	1	0	1
LSS	1	0	1
LST1	1	0	1
LTA	1	0	1
LTA4H	1	0	1
LTB	1	0	1
LTB4R	1	0	1
LTB4R2	1	0	1
LTBP1	1	1	1
LTBP2	1	0	1
LTBP3	1	0	1
LTBP4	1	1	1
LTBR	1	0	1
LTC4S	1	0	1
LTF	1	0	1
LTK	1	0	1
LTN1	1	0	1
LTO1	1	0	1
LTV1	1	0	1
LUADT1	0	1	0
LUC7L	1	0	1
LUC7L2	1	0	1
LUC7L3	1	0	1
LUCAT1	0	1	0
LUM	1	0	1
LUNAR1	0	1	0
LURAP1	1	0	1
LURAP1L	1	0	1
LUZP1	1	0	1
LUZP2	1	0	1
LUZP4	1	1	1
LVRN	1	0	1
LXN	1	0	1
LY6D	1	0	1
LY6E	1	0	1
LY6G5B	1	0	1
LY6G5C	1	0	1
LY6G6C	1	0	1
LY6G6D	1	0	1
LY6G6E	1	0	0
LY6G6F	1	0	1
LY6G6F-LY6G6D	0	0	1
LY6H	1	0	1
LY6K	1	1	1
LY6L	1	0	1
LY75	1	0	1
LY86	1	0	1
LY9	1	1	1
LY96	1	0	1
LYAR	1	0	1
LYG1	1	1	1
LYG2	1	0	1
LYL1	1	0	1
LYN	1	0	1
LYNX1	1	0	1
LYNX1-SLURP2	1	0	1
LYPD1	1	0	1
LYPD2	1	0	1
LYPD3	1	0	1
LYPD4	1	1	1
LYPD5	1	0	1
LYPD6	1	1	1
LYPD6B	1	0	1
LYPD8	1	0	1
LYPLA1	1	0	1
LYPLA1P3	0	1	0
LYPLA2	1	0	1
LYPLA2P3	0	1	0
LYPLAL1	1	1	1
LYPLAL1-AS1	0	1	0
LYRM1	1	0	1
LYRM2	1	0	1
LYRM4	1	0	1
LYRM7	1	0	1
LYRM9	1	0	1
LYSET	1	0	1
LYSMD1	1	0	1
LYSMD2	1	0	1
LYSMD3	1	0	1
LYSMD4	1	0	1
LYST	1	0	1
LYVE1	1	0	1
LYZ	1	0	1
LYZL1	1	0	1
LYZL2	1	0	1
LYZL4	1	0	1
LYZL6	1	0	1
LZIC	1	1	1
LZTFL1	1	0	1
LZTR1	1	0	1
LZTS1	1	0	1
LZTS2	1	0	1
LZTS3	1	0	1
M1AP	1	0	1
M6PR	1	0	1
MAB21L1	1	0	1
MAB21L2	1	0	1
MAB21L3	1	0	1
MAB21L4	1	0	1
MACC1	1	1	1
MACF1	1	1	1
MACIR	1	0	1
MACO1	1	0	1
MACROD1	1	0	1
MACROD2	1	1	1
MACROH2A1	1	0	1
MACROH2A2	1	0	1
MAD1L1	1	0	1
MAD2L1	1	0	1
MAD2L1BP	1	0	1
MAD2L2	1	0	1
MADCAM1	1	0	1
MADD	1	1	1
MAEA	1	0	1
MAEL	1	0	1
MAF	1	0	1
MAF1	1	0	1
MAFA	1	0	1
MAFA-AS1	0	1	0
MAFB	1	0	1
MAFF	1	0	1
MAFG	1	0	1
MAFK	1	0	1
MAFTRR	0	1	0
MAG	1	0	1
MAGEA1	1	0	1
MAGEA10	1	0	1
MAGEA10-MAGEA5	0	1	0
MAGEA11	1	0	1
MAGEA12	1	0	1
MAGEA2	1	0	1
MAGEA2B	1	0	1
MAGEA3	1	0	1
MAGEA4	1	0	1
MAGEA4-AS1	0	1	0
MAGEA6	1	0	1
MAGEA8	1	0	1
MAGEA9	1	0	1
MAGEA9B	1	0	1
MAGEB1	1	0	1
MAGEB10	1	0	1
MAGEB16	1	1	1
MAGEB17	1	1	1
MAGEB18	1	0	1
MAGEB2	1	0	1
MAGEB3	1	1	1
MAGEB4	1	0	1
MAGEB5	1	1	1
MAGEB6	1	1	1
MAGEB6B	1	0	1
MAGEC1	1	1	1
MAGEC2	1	0	1
MAGEC3	1	1	1
MAGED1	1	0	1
MAGED2	1	0	1
MAGED4	1	0	1
MAGED4B	1	0	1
MAGEE1	1	0	1
MAGEE2	1	0	1
MAGEF1	1	0	1
MAGEH1	1	0	1
MAGEL2	1	0	1
MAGI1	1	0	1
MAGI2	1	0	1
MAGI2-AS3	0	1	0
MAGI3	1	0	1
MAGIX	1	0	1
MAGOH	1	0	1
MAGOH3P	0	1	0
MAGOHB	1	0	1
MAGT1	1	0	1
MAIP1	1	0	1
MAJIN	1	0	1
MAK	1	0	1
MAK16	1	0	1
MAL	1	0	1
MAL2	1	1	1
MALL	1	0	1
MALRD1	1	1	1
MALSU1	1	0	1
MALT1	1	0	1
MAMDC2	1	0	1
MAMDC4	1	1	1
MAML1	1	0	1
MAML2	1	0	1
MAML3	1	0	1
MAMLD1	1	0	1
MAMSTR	1	0	1
MAN1A1	1	0	1
MAN1A2	1	1	1
MAN1B1	1	0	1
MAN1C1	1	0	1
MAN2A1	1	0	1
MAN2A2	1	0	1
MAN2B1	1	0	1
MAN2B2	1	1	1
MAN2C1	1	0	1
MANBA	1	0	1
MANBAL	1	0	1
MANEA	1	0	1
MANEAL	1	0	1
MANF	1	0	1
MANSC1	1	0	1
MANSC4	1	0	1
MAOA	1	0	1
MAOB	1	0	1
MAP10	1	0	1
MAP1A	1	0	1
MAP1B	1	0	1
MAP1LC3A	1	0	1
MAP1LC3B	1	0	1
MAP1LC3B2	1	0	1
MAP1LC3BP1	0	1	0
MAP1LC3C	1	0	1
MAP1S	1	0	1
MAP2	1	0	1
MAP2K1	1	0	1
MAP2K2	1	0	1
MAP2K3	1	0	1
MAP2K4	1	0	1
MAP2K5	1	0	1
MAP2K6	1	0	1
MAP2K7	1	0	1
MAP3K1	1	0	1
MAP3K10	1	0	1
MAP3K11	1	0	1
MAP3K12	1	0	1
MAP3K13	1	0	1
MAP3K14	1	0	1
MAP3K15	1	0	1
MAP3K19	1	0	1
MAP3K2	1	0	1
MAP3K20	1	0	1
MAP3K21	1	0	1
MAP3K3	1	0	1
MAP3K4	1	0	1
MAP3K5	1	0	1
MAP3K6	1	0	1
MAP3K7	1	0	1
MAP3K7CL	1	0	1
MAP3K8	1	0	1
MAP3K9	1	0	1
MAP4	1	0	1
MAP4K1	1	1	1
MAP4K2	1	0	1
MAP4K3	1	0	1
MAP4K3-DT	0	1	0
MAP4K4	1	0	1
MAP4K5	1	0	1
MAP6	1	1	1
MAP6D1	1	0	1
MAP7	1	1	1
MAP7D1	1	0	1
MAP7D2	1	0	1
MAP7D3	1	0	1
MAP9	1	0	1
MAPK1	1	0	1
MAPK10	1	0	1
MAPK11	1	0	1
MAPK12	1	0	1
MAPK13	1	0	1
MAPK14	1	0	1
MAPK15	1	0	1
MAPK1IP1L	1	0	1
MAPK3	1	0	1
MAPK4	1	0	1
MAPK6	1	0	1
MAPK6P6	0	1	0
MAPK7	1	0	1
MAPK8	1	0	1
MAPK8IP1	1	0	1
MAPK8IP2	1	1	1
MAPK8IP3	1	0	1
MAPK9	1	0	1
MAPKAP1	1	0	1
MAPKAPK2	1	0	1
MAPKAPK3	1	0	1
MAPKAPK5	1	0	1
MAPKBP1	1	0	1
MAPRE1	1	0	1
MAPRE2	1	0	1
MAPRE3	1	0	1
MAPT	1	0	1
MARCHF1	1	0	1
MARCHF10	1	0	1
MARCHF11	1	0	1
MARCHF2	1	0	1
MARCHF3	1	0	1
MARCHF4	1	0	1
MARCHF5	1	0	1
MARCHF6	1	0	1
MARCHF7	1	0	1
MARCHF8	1	0	1
MARCHF9	1	0	1
MARCKS	1	0	1
MARCKSL1	1	0	1
MARCO	1	0	1
MARCOL	1	0	1
MARF1	1	0	1
MARK1	1	0	1
MARK2	1	0	1
MARK2P10	0	1	0
MARK2P11	0	1	0
MARK2P14	0	1	0
MARK3	1	0	1
MARK4	1	0	1
MARS1	1	0	1
MARS2	1	0	1
MARVELD1	1	0	1
MARVELD2	1	0	1
MARVELD3	1	0	1
MAS1	1	0	1
MAS1L	1	1	1
MASP1	1	0	1
MASP2	1	0	1
MAST1	1	0	1
MAST2	1	1	1
MAST3	1	0	1
MAST4	1	0	1
MASTL	1	0	1
MAT1A	1	0	1
MAT2A	1	0	1
MAT2B	1	0	1
MATCAP1	1	0	1
MATCAP2	1	0	1
MATK	1	0	1
MATN1	1	0	1
MATN2	1	0	1
MATN3	1	0	1
MATN4	1	0	1
MATR3	1	0	1
MAU2	1	0	1
MAVS	1	0	1
MAX	1	0	1
MAZ	1	0	1
MB	1	0	1
MB21D2	1	0	1
MBD1	1	0	1
MBD2	1	0	1
MBD3	1	0	1
MBD3L1	1	0	1
MBD3L2	1	0	1
MBD3L2B	1	0	1
MBD3L3	1	0	1
MBD3L4	1	0	1
MBD3L5	1	0	1
MBD4	1	0	1
MBD5	1	0	1
MBD6	1	0	1
MBIP	1	0	1
MBL2	1	0	1
MBLAC1	1	0	1
MBLAC2	1	0	1
MBNL1	1	0	1
MBNL2	1	0	1
MBNL3	1	0	1
MBOAT1	1	0	1
MBOAT2	1	0	1
MBOAT4	1	0	1
MBOAT7	1	0	1
MBP	1	0	1
MBTD1	1	0	1
MBTPS1	1	0	1
MBTPS2	1	0	1
MC1R	1	0	1
MC2R	1	0	1
MC3R	1	0	1
MC4R	1	0	1
MC5R	1	0	1
MCAM	1	0	1
MCAT	1	0	1
MCC	1	0	1
MCCC1	1	0	1
MCCC2	1	0	1
MCCD1	1	0	1
MCEE	1	0	1
MCEMP1	1	0	1
MCF2	1	0	1
MCF2L	1	1	1
MCF2L2	1	0	1
MCFD2	1	0	1
MCHR1	1	0	1
MCHR2	1	0	1
MCHR2-AS1	0	1	0
MCIDAS	1	0	1
MCL1	1	0	1
MCM10	1	0	1
MCM2	1	0	1
MCM3	1	0	1
MCM3AP	1	0	1
MCM4	1	1	1
MCM5	1	0	1
MCM6	1	0	1
MCM7	1	0	1
MCM8	1	0	1
MCM9	1	0	1
MCMBP	1	0	1
MCMDC2	1	0	1
MCOLN1	1	0	1
MCOLN2	1	0	1
MCOLN3	1	0	1
MCPH1	1	0	1
MCRIP1	1	1	1
MCRIP2	1	0	1
MCRS1	1	0	1
MCTP1	1	0	1
MCTP2	1	1	1
MCTS1	1	1	1
MCTS2	1	0	1
MCU	1	0	1
MCUB	1	0	1
MCUR1	1	0	1
MDC1	1	0	1
MDFI	1	0	1
MDFIC	1	0	1
MDFIC2	1	0	1
MDGA1	1	0	1
MDGA2	1	0	1
MDH1	1	0	1
MDH1B	1	0	1
MDH2	1	0	1
MDK	1	0	1
MDM1	1	0	1
MDM2	1	0	1
MDM4	1	0	1
MDN1	1	0	1
MDP1	1	0	1
MDS2	0	1	0
ME1	1	0	1
ME2	1	0	1
ME3	1	0	1
MEA1	1	0	1
MEAF6	1	0	1
MEAK7	1	0	1
MECOM	1	0	1
MECP2	1	0	1
MECR	1	0	1
MED1	1	0	1
MED10	1	0	1
MED11	1	0	1
MED12	1	0	1
MED12L	1	0	1
MED13	1	0	1
MED13L	1	0	1
MED14	1	0	1
MED15	1	0	1
MED16	1	1	1
MED17	1	0	1
MED18	1	1	1
MED19	1	0	1
MED20	1	0	1
MED21	1	0	1
MED22	1	0	1
MED23	1	0	1
MED24	1	0	1
MED25	1	0	1
MED26	1	0	1
MED27	1	0	1
MED28	1	0	1
MED29	1	0	1
MED30	1	0	1
MED31	1	0	1
MED4	1	0	1
MED6	1	0	1
MED7	1	0	1
MED8	1	0	1
MED9	1	0	1
MEDAG	1	0	1
MEF2A	1	0	1
MEF2B	1	0	1
MEF2BNBP1	0	1	0
MEF2C	1	0	1
MEF2C-AS1	0	1	0
MEF2D	1	0	1
MEFV	1	0	1
MEG8	0	1	0
MEGF10	1	1	1
MEGF11	1	0	1
MEGF6	1	0	1
MEGF8	1	0	1
MEGF9	1	0	1
MEI1	1	0	1
MEI4	1	0	1
MEIG1	1	0	1
MEIKIN	1	0	1
MEIOB	1	0	1
MEIOC	1	0	1
MEIOSIN	1	0	1
MEIS1	1	0	1
MEIS2	1	0	1
MEIS3	1	0	1
MELK	1	0	1
MELTF	1	0	1
MEMO1	1	0	1
MEMO1P3	0	1	0
MEMO1P5	0	1	0
MEN1	1	0	1
MEOX1	1	0	1
MEOX2	1	0	1
MEP1A	1	0	1
MEP1AP1	0	1	0
MEP1B	1	0	1
MEPCE	1	0	1
MEPE	1	1	1
MERTK	1	0	1
MESD	1	0	1
MESP1	1	0	1
MESP2	1	1	1
MEST	1	0	1
MET	1	0	1
METAP1	1	0	1
METAP1D	1	0	1
METAP2	1	0	1
METRN	1	1	1
METRNL	1	0	1
METTL1	1	0	1
METTL13	1	0	1
METTL14	1	0	1
METTL15	1	1	1
METTL16	1	0	1
METTL17	1	0	1
METTL18	1	0	1
METTL21A	1	0	1
METTL21C	1	0	1
METTL22	1	0	1
METTL23	1	0	1
METTL24	1	0	1
METTL25	1	0	1
METTL25B	1	0	1
METTL26	1	0	1
METTL27	1	1	1
METTL2A	1	0	1
METTL2B	1	0	1
METTL3	1	0	1
METTL4	1	0	1
METTL5	1	0	1
METTL6	1	0	1
METTL7A	1	0	1
METTL7B	1	0	1
METTL8	1	0	1
METTL9	1	0	1
MEX3A	1	0	1
MEX3B	1	0	1
MEX3C	1	0	1
MEX3D	1	0	1
MFAP1	1	0	1
MFAP2	1	0	1
MFAP3	1	0	1
MFAP3L	1	0	1
MFAP4	1	0	1
MFAP5	1	1	1
MFF	1	0	1
MFGE8	1	0	1
MFHAS1	1	0	1
MFN1	1	0	1
MFN2	1	0	1
MFNG	1	0	1
MFRP	1	0	1
MFSD1	1	0	1
MFSD10	1	0	1
MFSD11	1	0	1
MFSD12	1	0	1
MFSD13A	1	1	1
MFSD14A	1	0	1
MFSD14B	1	0	1
MFSD2A	1	0	1
MFSD2B	1	0	1
MFSD3	1	0	1
MFSD4A	1	0	1
MFSD4B	1	0	1
MFSD5	1	0	1
MFSD6	1	0	1
MFSD6L	1	0	1
MFSD8	1	0	1
MFSD9	1	0	1
MGA	1	0	1
MGAM	1	1	1
MGAM2	1	1	1
MGARP	1	0	1
MGAT1	1	0	1
MGAT2	1	0	1
MGAT3	1	0	1
MGAT4A	1	0	1
MGAT4B	1	0	1
MGAT4C	1	0	1
MGAT4D	1	1	1
MGAT4FP	0	1	0
MGAT5	1	0	1
MGAT5B	1	0	1
MGLL	1	0	1
MGME1	1	0	1
MGMT	1	0	1
MGP	1	0	1
MGRN1	1	0	1
MGST1	1	0	1
MGST2	1	0	1
MGST3	1	0	1
MIA	1	0	1
MIA2	1	0	1
MIA3	1	1	1
MIATNB	0	1	0
MIB1	1	0	1
MIB2	1	0	1
MICA	1	0	1
MICAL1	1	0	1
MICAL2	1	0	1
MICAL3	1	0	1
MICALL1	1	0	1
MICALL2	1	0	1
MICB	1	0	1
MICOS10	1	0	1
MICOS13	1	0	1
MICU1	1	0	1
MICU2	1	0	1
MICU3	1	0	1
MID1	1	1	1
MID1IP1	1	0	1
MID2	1	0	1
MIDEAS	1	0	1
MIDN	1	0	1
MIEF1	1	0	1
MIEF2	1	0	1
MIEN1	1	0	1
MIER1	1	0	1
MIER2	1	0	1
MIER3	1	1	1
MIF	1	0	1
MIF4GD	1	0	1
MIGA1	1	0	1
MIGA2	1	1	1
MIIP	1	0	1
MILR1	1	1	1
MINAR1	1	0	1
MINAR2	1	0	1
MINDY1	1	0	1
MINDY2	1	0	1
MINDY3	1	0	1
MINDY4	1	0	1
MINDY4B	1	0	1
MINK1	1	0	1
MINPP1	1	0	1
MIOS	1	0	1
MIOX	1	0	1
MIP	1	0	1
MIPEP	1	0	1
MIPEPP1	0	1	0
MIPEPP2	0	1	0
MIPOL1	1	0	1
MIR100HG	0	1	0
MIR122HG	0	1	0
MIR1302-4	0	1	0
MIR1321	0	1	0
MIR137HG	0	1	0
MIR193BHG	0	1	0
MIR2052HG	0	1	0
MIR2117HG	0	1	0
MIR3144	0	1	0
MIR3168	0	1	0
MIR3681HG	0	1	0
MIR3683	0	1	0
MIR378F	0	1	0
MIR3936HG	0	1	0
MIR3976HG	0	1	0
MIR4255	0	1	0
MIR4290HG	0	1	0
MIR4300HG	0	1	0
MIR4325	0	1	0
MIR4421	0	1	0
MIR4424	0	1	0
MIR4478	0	1	0
MIR4500HG	0	1	0
MIR4527HG	0	1	0
MIR548AE2	0	1	0
MIR548X2	0	1	0
MIR572	0	1	0
MIR6078	0	1	0
MIR646HG	0	1	0
MIR663AHG	0	1	0
MIR7-3HG	0	1	0
MIR924HG	0	1	0
MIR99AHG	0	1	0
MIS12	1	0	1
MIS18A	1	0	1
MIS18BP1	1	0	1
MISFA	1	0	1
MISP	1	0	1
MISP3	1	0	1
MITD1	1	0	1
MITF	1	0	1
MIURF	1	0	1
MIX23	1	0	1
MIXL1	1	0	1
MKI67	1	0	1
MKI67P1	0	1	0
MKKS	1	0	1
MKLN1	1	0	1
MKNK1	1	0	1
MKNK2	1	0	1
MKNK2P1	0	1	0
MKRN1	1	0	1
MKRN2	1	0	1
MKRN2OS	1	0	1
MKRN3	1	0	1
MKRN7P	0	1	0
MKS1	1	0	1
MKX	1	0	1
MKX-AS1	0	1	0
MLANA	1	0	1
MLC1	1	0	1
MLEC	1	0	1
MLF1	1	0	1
MLF2	1	0	1
MLH1	1	1	1
MLH3	1	0	1
MLIP	1	0	1
MLKL	1	0	1
MLLT1	1	0	1
MLLT10	1	1	1
MLLT11	1	0	1
MLLT3	1	0	1
MLLT6	1	0	1
MLN	1	0	1
MLNR	1	0	1
MLPH	1	0	1
MLST8	1	0	1
MLX	1	0	1
MLXIP	1	0	1
MLXIPL	1	0	1
MLYCD	1	0	1
MMAA	1	0	1
MMAB	1	0	1
MMACHC	1	0	1
MMADHC	1	0	1
MMD	1	0	1
MMD2	1	0	1
MME	1	0	1
MMEL1	1	0	1
MMGT1	1	0	1
MMP1	1	0	1
MMP10	1	0	1
MMP11	1	0	1
MMP12	1	0	1
MMP13	1	0	1
MMP14	1	0	1
MMP15	1	0	1
MMP16	1	0	1
MMP17	1	0	1
MMP19	1	0	1
MMP2	1	0	1
MMP20	1	0	1
MMP21	1	0	1
MMP23B	1	0	1
MMP24	1	0	1
MMP24OS	1	0	1
MMP25	1	0	1
MMP26	1	0	1
MMP27	1	0	1
MMP28	1	0	1
MMP3	1	0	1
MMP7	1	0	1
MMP8	1	0	1
MMP9	1	0	1
MMRN1	1	0	1
MMRN2	1	0	1
MMS19	1	0	1
MMS22L	1	0	1
MMUT	1	0	1
MN1	1	0	1
MNAT1	1	0	1
MND1	1	0	1
MNDA	1	0	1
MNS1	1	1	1
MNT	1	0	1
MNX1	1	0	1
MOAP1	1	0	1
MOB1A	1	0	1
MOB1B	1	0	1
MOB2	1	0	1
MOB3A	1	0	1
MOB3B	1	0	1
MOB3C	1	0	1
MOB4	1	0	1
MOBP	1	1	1
MOCOS	1	0	1
MOCS1	1	0	1
MOCS2	1	0	1
MOCS3	1	0	1
MOG	1	0	1
MOGAT1	1	1	1
MOGAT2	1	0	1
MOGAT3	1	0	1
MOGS	1	0	1
MOK	1	0	1
MON1A	1	0	1
MON1B	1	0	1
MON2	1	0	1
MORC1	1	0	1
MORC2	1	1	1
MORC3	1	0	1
MORC4	1	0	1
MORF4L1	1	0	1
MORF4L1P5	0	1	0
MORF4L1P6	0	1	0
MORF4L2	1	0	1
MORN1	1	0	1
MORN2	1	0	1
MORN3	1	0	1
MORN4	1	0	1
MORN5	1	0	1
MOS	1	0	1
MOSMO	1	0	1
MOSPD1	1	0	1
MOSPD2	1	0	1
MOSPD3	1	0	1
MOV10	1	0	1
MOV10L1	1	0	1
MOXD1	1	0	1
MPC1	1	0	1
MPC1L	1	0	1
MPC2	1	0	1
MPDU1	1	0	1
MPDZ	1	0	1
MPEG1	1	0	1
MPG	1	0	1
MPHOSPH10	1	0	1
MPHOSPH6	1	0	1
MPHOSPH8	1	0	1
MPHOSPH9	1	0	1
MPI	1	0	1
MPIG6B	1	0	1
MPL	1	0	1
MPLKIP	1	0	1
MPND	1	0	1
MPO	1	0	1
MPP1	1	0	1
MPP2	1	0	1
MPP3	1	0	1
MPP4	1	1	1
MPP7	1	0	1
MPPE1	1	1	1
MPPED1	1	0	1
MPPED2	1	0	1
MPRIP	1	0	1
MPST	1	0	1
MPV17	1	0	1
MPV17L	1	0	1
MPV17L2	1	0	1
MPZ	1	0	1
MPZL1	1	0	1
MPZL2	1	0	1
MPZL3	1	0	1
MR1	1	0	1
MRAP	1	1	1
MRAP2	1	0	1
MRAS	1	0	1
MRC1	1	0	1
MRC2	1	0	1
MRE11	1	0	1
MREG	1	1	1
MRFAP1	1	0	1
MRFAP1L1	1	0	1
MRGBP	1	0	1
MRGPRD	1	0	1
MRGPRE	1	0	1
MRGPRF	1	0	1
MRGPRG	1	0	1
MRGPRX1	1	0	1
MRGPRX2	1	0	1
MRGPRX3	1	0	1
MRGPRX4	1	0	1
MRI1	1	0	1
MRLN	1	1	1
MRM1	1	0	1
MRM2	1	0	1
MRM3	1	0	1
MRNIP	1	0	1
MRO	1	0	1
MROH1	1	0	1
MROH2A	1	1	1
MROH2B	1	0	1
MROH5	1	0	1
MROH6	1	0	1
MROH7	1	0	1
MROH7-TTC4	0	0	1
MROH9	1	0	1
MRPL1	1	0	1
MRPL10	1	0	1
MRPL11	1	0	1
MRPL12	1	0	1
MRPL13	1	0	1
MRPL14	1	0	1
MRPL15	1	0	1
MRPL16	1	0	1
MRPL17	1	0	1
MRPL18	1	0	1
MRPL19	1	0	1
MRPL2	1	0	1
MRPL20	1	0	1
MRPL21	1	0	1
MRPL22	1	0	1
MRPL23	1	0	1
MRPL24	1	0	1
MRPL27	1	0	1
MRPL28	1	0	1
MRPL3	1	0	1
MRPL30	1	0	1
MRPL32	1	0	1
MRPL33	1	0	1
MRPL34	1	0	1
MRPL35	1	0	1
MRPL35P2	0	1	0
MRPL36	1	0	1
MRPL37	1	0	1
MRPL38	1	0	1
MRPL39	1	0	1
MRPL3P1	0	1	0
MRPL4	1	0	1
MRPL40	1	0	1
MRPL41	1	0	1
MRPL42	1	0	1
MRPL42P3	0	1	0
MRPL43	1	1	1
MRPL44	1	0	1
MRPL45	1	0	1
MRPL46	1	0	1
MRPL47	1	0	1
MRPL48	1	0	1
MRPL49	1	0	1
MRPL50	1	0	1
MRPL51	1	0	1
MRPL52	1	0	1
MRPL53	1	0	1
MRPL54	1	0	1
MRPL55	1	0	1
MRPL57	1	0	1
MRPL58	1	0	1
MRPL9	1	0	1
MRPS10	1	0	1
MRPS11	1	0	1
MRPS11P1	0	1	0
MRPS12	1	0	1
MRPS14	1	0	1
MRPS15	1	0	1
MRPS16	1	0	1
MRPS17	1	0	1
MRPS18A	1	0	1
MRPS18B	1	0	1
MRPS18BP2	0	1	0
MRPS18C	1	0	1
MRPS2	1	0	1
MRPS21	1	0	1
MRPS22	1	0	1
MRPS23	1	0	1
MRPS24	1	0	1
MRPS25	1	0	1
MRPS26	1	0	1
MRPS27	1	0	1
MRPS28	1	0	1
MRPS30	1	0	1
MRPS31	1	0	1
MRPS31P5	0	1	0
MRPS33	1	0	1
MRPS34	1	0	1
MRPS35	1	0	1
MRPS36	1	0	1
MRPS5	1	0	1
MRPS5P3	0	1	0
MRPS6	1	0	1
MRPS7	1	0	1
MRPS9	1	0	1
MRRF	1	0	1
MRRFP1	0	1	0
MRS2	1	0	1
MRTFA	1	0	1
MRTFB	1	0	1
MRTO4	1	0	1
MS4A1	1	0	1
MS4A10	1	0	1
MS4A12	1	0	1
MS4A13	1	0	1
MS4A14	1	0	1
MS4A15	1	1	1
MS4A18	1	1	1
MS4A2	1	0	1
MS4A3	1	0	1
MS4A4A	1	0	1
MS4A4E	1	1	1
MS4A5	1	0	1
MS4A6A	1	0	1
MS4A6E	1	0	1
MS4A7	1	0	1
MS4A8	1	0	1
MSANTD1	1	1	1
MSANTD2	1	0	1
MSANTD2P1	0	1	0
MSANTD3	1	0	1
MSANTD3-TMEFF1	0	0	1
MSANTD4	1	0	1
MSANTD5	1	0	1
MSC	1	0	1
MSC-AS1	0	1	0
MSGN1	1	0	1
MSH2	1	1	1
MSH3	1	0	1
MSH4	1	0	1
MSH5	1	0	1
MSH5-SAPCD1	0	0	1
MSH6	1	0	1
MSI1	1	0	1
MSI2	1	0	1
MSL1	1	0	1
MSL2	1	0	1
MSL3	1	0	1
MSLN	1	0	1
MSLNL	1	0	1
MSMB	1	0	1
MSMO1	1	0	1
MSMP	1	0	1
MSN	1	0	1
MSR1	1	1	1
MSRA	1	0	1
MSRB1	1	0	1
MSRB2	1	0	1
MSRB3	1	1	1
MSS51	1	0	1
MST1	1	0	1
MST1R	1	0	1
MSTN	1	0	1
MSTO1	1	0	1
MSX1	1	0	1
MSX2	1	0	1
MT1A	1	0	1
MT1B	1	0	1
MT1E	1	0	1
MT1F	1	0	1
MT1G	1	0	1
MT1H	1	0	1
MT1HL1	1	1	1
MT1M	1	0	1
MT1X	1	0	1
MT2A	1	0	1
MT2P1	0	1	0
MT3	1	0	1
MT4	1	0	1
MTA1	1	0	1
MTA2	1	0	1
MTA3	1	0	1
MTAP	1	0	1
MTARC1	1	0	1
MTARC2	1	0	1
MTBP	1	0	1
MTCH1	1	0	1
MTCH2	1	0	1
MTCL1	1	0	1
MTCL1P1	0	1	0
MTCO1P21	0	1	0
MTCO1P56	0	1	0
MTCO2P30	0	1	0
MTCP1	1	0	1
MTCYBP19	0	1	0
MTCYBP21	0	1	0
MTCYBP24	0	1	0
MTCYBP41	0	1	0
MTDH	1	0	1
MTERF1	1	1	1
MTERF2	1	0	1
MTERF3	1	0	1
MTERF4	1	0	1
MTF1	1	0	1
MTF2	1	0	1
MTFMT	1	0	1
MTFP1	1	0	1
MTFR1	1	0	1
MTFR1L	1	0	1
MTFR2	1	0	1
MTG1	1	1	1
MTG2	1	0	1
MTHFD1	1	1	1
MTHFD1L	1	1	1
MTHFD2	1	0	1
MTHFD2L	1	1	1
MTHFD2P1	0	1	0
MTHFD2P7	0	1	0
MTHFR	1	0	1
MTHFS	1	0	1
MTHFSD	1	0	1
MTIF2	1	0	1
MTIF3	1	0	1
MTLN	1	1	1
MTM1	1	0	1
MTMR1	1	0	1
MTMR10	1	0	1
MTMR11	1	0	1
MTMR12	1	0	1
MTMR14	1	0	1
MTMR2	1	0	1
MTMR3	1	0	1
MTMR4	1	0	1
MTMR6	1	0	1
MTMR7	1	0	1
MTMR8	1	0	1
MTMR9	1	0	1
MTND1P29	0	1	0
MTND2P7	0	1	0
MTND2P9	0	1	0
MTND4P6	0	1	0
MTND4P9	0	1	0
MTNR1A	1	0	1
MTNR1B	1	0	1
MTO1	1	1	1
MTOR	1	0	1
MTPAP	1	0	1
MTPN	1	0	1
MTR	1	0	1
MTRES1	1	0	1
MTREX	1	0	1
MTRF1	1	0	1
MTRF1L	1	0	1
MTRF1LP2	0	1	0
MTRFR	1	0	1
MTRNR2L13	0	1	0
MTRNR2L9	0	1	0
MTRR	1	0	1
MTSS1	1	0	1
MTSS2	1	0	1
MTTP	1	0	1
MTURN	1	0	1
MTUS1	1	0	1
MTUS2	1	0	1
MTX1	1	0	1
MTX2	1	0	1
MTX3	1	0	1
MUC1	1	0	1
MUC12	1	1	1
MUC13	1	1	1
MUC15	1	0	1
MUC16	1	1	1
MUC17	1	1	1
MUC19	0	1	1
MUC2	1	0	1
MUC20	1	0	1
MUC20-OT1	0	1	0
MUC21	1	0	1
MUC22	1	1	1
MUC3A	1	0	1
MUC4	1	1	1
MUC5AC	1	1	1
MUC5B	1	1	1
MUC6	1	0	1
MUC7	1	0	1
MUCL1	1	1	1
MUCL3	1	0	1
MUL1	1	0	1
MUS81	1	0	1
MUSK	1	0	1
MUSTN1	1	0	1
MUTYH	1	0	1
MVB12A	1	0	1
MVB12B	1	0	1
MVD	1	0	1
MVK	1	0	1
MVP	1	0	1
MX1	1	0	1
MX2	1	0	1
MXD1	1	0	1
MXD3	1	0	1
MXD4	1	0	1
MXI1	1	0	1
MXRA5	1	0	1
MXRA7	1	0	1
MXRA8	1	0	1
MYADM	1	0	1
MYADML2	1	0	1
MYB	1	0	1
MYBBP1A	1	0	1
MYBL1	1	0	1
MYBL2	1	0	1
MYBPC1	1	0	1
MYBPC2	1	0	1
MYBPC3	1	0	1
MYBPH	1	0	1
MYBPHL	1	0	1
MYC	1	0	1
MYCBP	1	0	1
MYCBP2	1	0	1
MYCBPAP	1	0	1
MYCL	1	0	1
MYCN	1	0	1
MYCT1	1	0	1
MYD88	1	0	1
MYDGF	1	0	1
MYEF2	1	0	1
MYEOV	1	1	1
MYF5	1	0	1
MYF6	1	0	1
MYG1	1	0	1
MYH1	1	0	1
MYH10	1	0	1
MYH11	1	0	1
MYH13	1	0	1
MYH14	1	0	1
MYH15	1	1	1
MYH2	1	0	1
MYH3	1	0	1
MYH4	1	0	1
MYH6	1	0	1
MYH7	1	0	1
MYH7B	1	0	1
MYH8	1	0	1
MYH9	1	1	1
MYHAS	0	1	0
MYL1	1	0	1
MYL10	1	0	1
MYL11	1	0	1
MYL12A	1	0	1
MYL12AP1	0	1	0
MYL12B	1	0	1
MYL12BP2	0	1	0
MYL2	1	0	1
MYL3	1	0	1
MYL4	1	0	1
MYL5	1	0	1
MYL6	1	0	1
MYL6B	1	0	1
MYL7	1	0	1
MYL9	1	0	1
MYLIP	1	0	1
MYLK	1	1	1
MYLK2	1	0	1
MYLK3	1	1	1
MYLK4	1	0	1
MYLKP1	0	1	0
MYMK	1	0	1
MYMX	1	0	1
MYNN	1	0	1
MYO10	1	0	1
MYO15A	1	0	1
MYO15B	1	0	1
MYO16	1	0	1
MYO18A	1	0	1
MYO18B	1	0	1
MYO19	1	0	1
MYO1A	1	0	1
MYO1B	1	0	1
MYO1C	1	0	1
MYO1D	1	0	1
MYO1E	1	0	1
MYO1F	1	0	1
MYO1G	1	0	1
MYO1H	1	0	1
MYO3A	1	1	1
MYO3B	1	0	1
MYO5A	1	0	1
MYO5B	1	0	1
MYO5C	1	0	1
MYO6	1	0	1
MYO7A	1	1	1
MYO7B	1	0	1
MYO9A	1	0	1
MYO9B	1	1	1
MYOC	1	0	1
MYOCD	1	0	1
MYOCOS	1	1	1
MYOD1	1	0	1
MYOF	1	0	1
MYOG	1	0	1
MYOM1	1	0	1
MYOM2	1	0	1
MYOM3	1	0	1
MYORG	1	0	1
MYOT	1	0	1
MYOZ1	1	0	1
MYOZ2	1	0	1
MYOZ3	1	0	1
MYPN	1	0	1
MYPOP	1	0	1
MYRF	1	0	1
MYRFL	1	0	1
MYRIP	1	0	1
MYSM1	1	0	1
MYT1	1	0	1
MYT1L	1	0	1
MYZAP	1	0	1
MZB1	1	0	1
MZF1	1	0	1
MZT1	1	0	1
MZT2A	1	0	1
MZT2B	1	0	1
N4BP1	1	1	1
N4BP2	1	0	1
N4BP2L1	1	0	1
N4BP2L2	1	0	1
N4BP3	1	0	1
N6AMT1	1	0	1
NAA10	1	0	1
NAA11	1	0	1
NAA15	1	0	1
NAA16	1	0	1
NAA20	1	0	1
NAA25	1	1	1
NAA30	1	0	1
NAA35	1	0	1
NAA38	1	0	1
NAA40	1	0	1
NAA50	1	0	1
NAA60	1	0	1
NAA80	1	1	1
NAAA	1	0	1
NAALAD2	1	0	1
NAALADL1	1	0	1
NAALADL2	1	1	1
NAB1	1	0	1
NAB2	1	0	1
NABP1	1	0	1
NABP2	1	0	1
NACA	1	0	1
NACA2	1	1	1
NACAD	1	0	1
NACC1	1	0	1
NACC2	1	0	1
NADK	1	0	1
NADK2	1	0	1
NADSYN1	1	0	1
NAE1	1	0	1
NAF1	1	0	1
NAGA	1	0	1
NAGK	1	0	1
NAGLU	1	0	1
NAGPA	1	0	1
NAGS	1	0	1
NAIF1	1	0	1
NAIP	1	0	1
NALCN	1	0	1
NALF1	1	0	1
NALF2	1	0	1
NAMPT	1	0	1
NANOG	1	0	1
NANOGNB	1	0	1
NANOGNBP1	0	1	0
NANOGP1	0	1	0
NANOGP8	1	0	1
NANOS1	1	0	1
NANOS2	1	0	1
NANOS3	1	0	1
NANP	1	0	1
NANS	1	1	1
NAP1L1	1	0	1
NAP1L2	1	0	1
NAP1L3	1	1	1
NAP1L4	1	0	1
NAP1L5	1	0	1
NAPA	1	0	1
NAPB	1	0	1
NAPEPLD	1	0	1
NAPG	1	0	1
NAPGP1	0	1	0
NAPRT	1	0	1
NAPSA	1	0	1
NARF	1	0	1
NARS1	1	0	1
NARS1P2	0	1	0
NARS2	1	0	1
NASP	1	0	1
NAT1	1	0	1
NAT10	1	0	1
NAT14	1	0	1
NAT16	1	1	1
NAT2	1	0	1
NAT8	1	0	1
NAT8L	1	0	1
NAT9	1	0	1
NATD1	1	0	1
NAV1	1	0	1
NAV2	1	0	1
NAV3	1	0	1
NAXD	1	0	1
NAXE	1	0	1
NBAS	1	0	1
NBDY	1	0	1
NBEA	1	1	1
NBEAL1	1	0	1
NBEAL2	1	0	1
NBL1	1	0	1
NBN	1	0	1
NBPF1	1	1	1
NBPF10	1	0	1
NBPF11	1	1	1
NBPF12	1	0	1
NBPF13P	0	1	0
NBPF14	1	0	1
NBPF15	1	0	1
NBPF19	1	0	1
NBPF20	1	0	1
NBPF21P	0	1	0
NBPF26	1	0	1
NBPF3	1	1	1
NBPF4	1	0	1
NBPF6	1	0	1
NBPF9	1	0	1
NBR1	1	0	1
NCALD	1	0	1
NCAM1	1	0	1
NCAM2	1	0	1
NCAN	1	0	1
NCAPD2	1	0	1
NCAPD3	1	0	1
NCAPG	1	0	1
NCAPG2	1	0	1
NCAPH	1	0	1
NCAPH2	1	0	1
NCBP1	1	0	1
NCBP2	1	0	1
NCBP2AS2	1	0	1
NCBP2L	1	0	1
NCBP3	1	0	1
NCCRP1	1	0	1
NCDN	1	0	1
NCEH1	1	0	1
NCF1	1	0	1
NCF2	1	0	1
NCF4	1	0	1
NCF4-AS1	0	1	0
NCK1	1	0	1
NCK2	1	0	1
NCKAP1	1	0	1
NCKAP1L	1	0	1
NCKAP5	1	0	1
NCKAP5L	1	0	1
NCKIPSD	1	0	1
NCL	1	0	1
NCLN	1	0	1
NCMAP	1	0	1
NCOA1	1	0	1
NCOA2	1	0	1
NCOA3	1	0	1
NCOA4	1	0	1
NCOA5	1	0	1
NCOA6	1	0	1
NCOA7	1	0	1
NCOR1	1	0	1
NCOR2	1	0	1
NCR1	1	0	1
NCR2	1	1	1
NCR3	1	0	1
NCR3LG1	1	1	1
NCS1	1	0	1
NCSTN	1	0	1
NDC1	1	0	1
NDC80	1	0	1
NDE1	1	0	1
NDEL1	1	0	1
NDFIP1	1	0	1
NDFIP2	1	0	1
NDN	1	0	1
NDNF	1	0	1
NDOR1	1	0	1
NDP	1	0	1
NDRG1	1	0	1
NDRG2	1	0	1
NDRG3	1	0	1
NDRG4	1	0	1
NDST1	1	0	1
NDST2	1	0	1
NDST3	1	0	1
NDST4	1	0	1
NDUFA1	1	0	1
NDUFA10	1	0	1
NDUFA11	1	0	1
NDUFA12	1	0	1
NDUFA13	1	0	1
NDUFA2	1	0	1
NDUFA3	1	0	1
NDUFA4	1	0	1
NDUFA4L2	1	0	1
NDUFA4P2	0	1	0
NDUFA5	1	0	1
NDUFA6	1	0	1
NDUFA6-DT	0	1	0
NDUFA7	1	0	1
NDUFA8	1	0	1
NDUFA9	1	0	1
NDUFAB1	1	0	1
NDUFAF1	1	0	1
NDUFAF2	1	0	1
NDUFAF3	1	0	1
NDUFAF4	1	0	1
NDUFAF5	1	0	1
NDUFAF6	1	1	1
NDUFAF7	1	0	1
NDUFAF8	1	0	1
NDUFB1	1	0	1
NDUFB10	1	0	1
NDUFB10P1	0	1	0
NDUFB11	1	0	1
NDUFB2	1	0	1
NDUFB3	1	0	1
NDUFB4	1	0	1
NDUFB4P12	0	1	0
NDUFB5	1	0	1
NDUFB6	1	0	1
NDUFB7	1	0	1
NDUFB8	1	0	1
NDUFB9	1	0	1
NDUFB9P2	0	1	0
NDUFC1	1	0	1
NDUFC2	1	1	1
NDUFC2-KCTD14	0	1	1
NDUFS1	1	0	1
NDUFS2	1	0	1
NDUFS3	1	0	1
NDUFS4	1	0	1
NDUFS5	1	0	1
NDUFS5P4	0	1	0
NDUFS6	1	0	1
NDUFS7	1	0	1
NDUFS8	1	0	1
NDUFV1	1	0	1
NDUFV2	1	0	1
NDUFV2P1	0	1	0
NDUFV3	1	0	1
NEB	1	0	1
NEBL	1	1	1
NECAB1	1	0	1
NECAB2	1	0	1
NECAB3	1	0	1
NECAP1	1	0	1
NECAP2	1	0	1
NECTIN1	1	0	1
NECTIN2	1	0	1
NECTIN3	1	0	1
NECTIN3-AS1	0	1	0
NECTIN4	1	0	1
NEDD1	1	0	1
NEDD4	1	0	1
NEDD4L	1	0	1
NEDD8	1	0	1
NEDD9	1	0	1
NEFH	1	0	1
NEFHP1	0	1	0
NEFL	1	0	1
NEFM	1	1	1
NEGR1	1	0	1
NEIL1	1	0	1
NEIL2	1	0	1
NEIL3	1	0	1
NEK1	1	0	1
NEK10	1	0	1
NEK11	1	1	1
NEK2	1	0	1
NEK3	1	0	1
NEK4	1	1	1
NEK5	1	1	1
NEK6	1	0	1
NEK7	1	0	1
NEK8	1	0	1
NEK9	1	0	1
NELFA	1	0	1
NELFB	1	1	1
NELFCD	1	0	1
NELFE	1	0	1
NELL1	1	0	1
NELL2	1	0	1
NEMF	1	0	1
NEMP1	1	0	1
NEMP2	1	0	1
NENF	1	0	1
NEO1	1	0	1
NEPRO	1	0	1
NES	1	1	1
NET1	1	0	1
NETO1	1	0	1
NETO2	1	0	1
NEU1	1	0	1
NEU2	1	0	1
NEU3	1	0	1
NEU4	1	0	1
NEURL1	1	0	1
NEURL1B	1	0	1
NEURL2	1	0	1
NEURL3	1	1	1
NEURL4	1	0	1
NEUROD1	1	0	1
NEUROD2	1	0	1
NEUROD4	1	0	1
NEUROD6	1	0	1
NEUROG1	1	0	1
NEUROG2	1	0	1
NEUROG3	1	0	1
NEXMIF	1	0	1
NEXN	1	0	1
NF1	1	0	1
NF1P5	0	1	0
NF2	1	0	1
NFAM1	1	0	1
NFASC	1	0	1
NFAT5	1	0	1
NFATC1	1	0	1
NFATC2	1	0	1
NFATC2IP	1	0	1
NFATC3	1	0	1
NFATC4	1	0	1
NFE2	1	0	1
NFE2L1	1	0	1
NFE2L2	1	0	1
NFE2L3	1	0	1
NFIA	1	0	1
NFIB	1	0	1
NFIC	1	0	1
NFIL3	1	0	1
NFILZ	1	0	1
NFIX	1	0	1
NFKB1	1	0	1
NFKB2	1	0	1
NFKBIA	1	0	1
NFKBIB	1	0	1
NFKBID	1	0	1
NFKBIE	1	0	1
NFKBIL1	1	0	1
NFKBIZ	1	0	1
NFRKB	1	0	1
NFS1	1	0	1
NFU1	1	0	1
NFX1	1	0	1
NFXL1	1	0	1
NFYA	1	0	1
NFYB	1	0	1
NFYC	1	1	1
NGB	1	0	1
NGDN	1	0	1
NGEF	1	0	1
NGF	1	0	1
NGFR	1	0	1
NGLY1	1	1	1
NGRN	1	0	1
NHEJ1	1	0	1
NHERF1	1	0	1
NHERF2	1	0	1
NHERF4	1	0	1
NHLH1	1	0	1
NHLH2	1	0	1
NHLRC1	1	0	1
NHLRC2	1	0	1
NHLRC3	1	0	1
NHLRC4	1	0	1
NHP2	1	0	1
NHS	1	0	1
NHSL1	1	0	1
NHSL2	1	0	1
NIBAN1	1	0	1
NIBAN2	1	0	1
NIBAN3	1	0	1
NICN1	1	0	1
NID1	1	0	1
NID2	1	0	1
NIF3L1	1	0	1
NIFK	1	0	1
NIFK-AS1	0	1	0
NIFKP7	0	1	0
NIM1K	1	0	1
NIN	1	0	1
NINJ1	1	0	1
NINJ2	1	0	1
NINL	1	0	1
NIP7	1	0	1
NIPA1	1	0	1
NIPA2	1	0	1
NIPA2P5	0	1	0
NIPAL1	1	0	1
NIPAL2	1	0	1
NIPAL3	1	1	1
NIPAL4	1	0	1
NIPBL	1	0	1
NIPSNAP1	1	0	1
NIPSNAP2	1	0	1
NIPSNAP3A	1	0	1
NIPSNAP3B	1	0	1
NISCH	1	0	1
NIT1	1	0	1
NIT2	1	0	1
NKAIN1	1	0	1
NKAIN2	1	0	1
NKAIN3	1	0	1
NKAIN4	1	0	1
NKAP	1	0	1
NKAPD1	1	0	1
NKAPL	1	0	1
NKAPP1	0	1	0
NKD1	1	0	1
NKD2	1	0	1
NKG7	1	0	1
NKIRAS1	1	0	1
NKIRAS2	1	0	1
NKPD1	1	0	1
NKRF	1	1	1
NKTR	1	0	1
NKX1-1	1	0	1
NKX1-2	1	0	1
NKX2-1	1	0	1
NKX2-2	1	0	1
NKX2-3	1	0	1
NKX2-4	1	0	1
NKX2-5	1	0	1
NKX2-6	1	0	1
NKX2-8	1	0	1
NKX3-1	1	0	1
NKX3-2	1	0	1
NKX6-1	1	0	1
NKX6-2	1	0	1
NKX6-3	1	0	1
NLE1	1	0	1
NLGN1	1	0	1
NLGN2	1	0	1
NLGN3	1	0	1
NLGN4X	1	0	1
NLGN4Y	1	0	1
NLK	1	0	1
NLN	1	1	1
NLRC3	1	0	1
NLRC4	1	0	1
NLRC5	1	0	1
NLRP1	1	1	1
NLRP10	1	1	1
NLRP11	1	0	1
NLRP12	1	0	1
NLRP13	1	0	1
NLRP14	1	0	1
NLRP2	1	0	1
NLRP2B	1	0	1
NLRP3	1	0	1
NLRP4	1	1	1
NLRP5	1	0	1
NLRP6	1	0	1
NLRP7	1	0	1
NLRP8	1	0	1
NLRP9	1	1	1
NLRP9P1	0	1	0
NLRX1	1	0	1
NMB	1	0	1
NMBR	1	0	1
NMD3	1	0	1
NME1	1	0	1
NME1-NME2	0	0	1
NME2	1	0	1
NME3	1	0	1
NME4	1	0	1
NME5	1	0	1
NME6	1	0	1
NME7	1	0	1
NME8	1	0	1
NME9	1	0	1
NMI	1	0	1
NMNAT1	1	0	1
NMNAT1P5	0	1	0
NMNAT2	1	0	1
NMNAT3	1	1	1
NMRAL1	1	0	1
NMRK1	1	0	1
NMRK2	1	0	1
NMS	1	0	1
NMT1	1	1	1
NMT2	1	0	1
NMU	1	0	1
NMUR1	1	0	1
NMUR2	1	0	1
NNAT	1	0	1
NNMT	1	0	1
NNT	1	0	1
NOA1	1	0	1
NOB1	1	0	1
NOBOX	1	0	1
NOC2L	1	0	1
NOC3L	1	0	1
NOC4L	1	0	1
NOCT	1	0	1
NOD1	1	0	1
NOD2	1	0	1
NODAL	1	0	1
NOG	1	0	1
NOL10	1	0	1
NOL11	1	0	1
NOL12	1	0	1
NOL3	1	0	1
NOL4	1	0	1
NOL4L	1	0	1
NOL7	1	0	1
NOL8	1	0	1
NOL9	1	0	1
NOLC1	1	0	1
NOM1	1	0	1
NOMO1	1	0	1
NOMO2	1	0	1
NOMO3	1	0	1
NONO	1	0	1
NOP10	1	0	1
NOP14	1	0	1
NOP16	1	0	1
NOP2	1	0	1
NOP53	1	0	1
NOP53-AS1	0	1	0
NOP56	1	0	1
NOP58	1	0	1
NOP9	1	0	1
NOPCHAP1	1	0	1
NOS1	1	0	1
NOS1AP	1	0	1
NOS2	1	0	1
NOS3	1	0	1
NOSIP	1	0	1
NOSTRIN	1	1	1
NOTCH1	1	0	1
NOTCH2	1	0	1
NOTCH2NLA	1	0	1
NOTCH2NLB	1	0	1
NOTCH2NLC	1	0	1
NOTCH2NLR	1	0	1
NOTCH3	1	0	1
NOTCH4	1	0	1
NOTO	1	0	1
NOTUM	1	0	1
NOVA1	1	0	1
NOVA2	1	0	1
NOX1	1	0	1
NOX3	1	0	1
NOX4	1	1	1
NOX5	1	0	1
NOXA1	1	0	1
NOXO1	1	0	1
NOXRED1	1	0	1
NPAP1	1	1	1
NPAP1P2	0	1	0
NPAS1	1	0	1
NPAS2	1	0	1
NPAS3	1	0	1
NPAS4	1	0	1
NPAT	1	0	1
NPB	1	0	1
NPBWR1	1	0	1
NPBWR2	1	0	1
NPC1	1	0	1
NPC1L1	1	1	1
NPC2	1	0	1
NPDC1	1	0	1
NPEPL1	1	0	1
NPEPPS	1	0	1
NPFF	1	0	1
NPFFR1	1	0	1
NPFFR2	1	0	1
NPHP1	1	0	1
NPHP3	1	0	1
NPHP3-ACAD11	0	0	1
NPHP3-AS1	0	1	0
NPHP4	1	0	1
NPHS1	1	0	1
NPHS2	1	0	1
NPIPA1	1	0	1
NPIPA2	1	0	1
NPIPA3	1	0	1
NPIPA5	1	0	1
NPIPA7	1	0	1
NPIPA8	1	0	1
NPIPA9	1	0	1
NPIPB11	1	0	1
NPIPB12	1	0	1
NPIPB13	1	1	1
NPIPB15	1	0	1
NPIPB2	1	0	1
NPIPB3	1	0	1
NPIPB4	1	0	1
NPIPB5	1	0	1
NPIPB6	1	0	1
NPIPB7	1	0	1
NPIPB8	1	0	1
NPIPB9	1	0	1
NPL	1	0	1
NPLOC4	1	0	1
NPM1	1	0	1
NPM1P10	0	1	0
NPM1P14	0	1	0
NPM1P17	0	1	0
NPM1P18	0	1	0
NPM1P2	0	1	0
NPM1P33	0	1	0
NPM1P46	0	1	0
NPM1P51	0	1	0
NPM1P9	0	1	0
NPM2	1	0	1
NPM3	1	0	1
NPNT	1	0	1
NPPA	1	0	1
NPPB	1	0	1
NPPC	1	0	1
NPR1	1	0	1
NPR2	1	0	1
NPR3	1	0	1
NPRL2	1	0	1
NPRL3	1	0	1
NPS	1	0	1
NPSR1	1	1	1
NPSR1-AS1	0	1	0
NPTN	1	0	1
NPTX1	1	0	1
NPTX2	1	0	1
NPTXR	1	0	1
NPVF	1	0	1
NPW	1	1	1
NPY	1	0	1
NPY1R	1	0	1
NPY2R	1	0	1
NPY4R	1	1	1
NPY4R2	1	0	1
NPY5R	1	0	1
NPY6R	0	1	0
NQO1	1	0	1
NQO2	1	0	1
NR0B1	1	0	1
NR0B2	1	0	1
NR1D1	1	0	1
NR1D2	1	0	1
NR1H2	1	0	1
NR1H3	1	0	1
NR1H4	1	0	1
NR1H5P	0	1	0
NR1I2	1	0	1
NR1I3	1	0	1
NR2C1	1	0	1
NR2C2	1	0	1
NR2C2AP	1	0	1
NR2E1	1	0	1
NR2E3	1	0	1
NR2F1	1	0	1
NR2F1-AS1	0	1	0
NR2F2	1	0	1
NR2F2-AS1	0	1	0
NR2F6	1	0	1
NR3C1	1	0	1
NR3C2	1	0	1
NR4A1	1	0	1
NR4A2	1	0	1
NR4A3	1	0	1
NR5A1	1	0	1
NR5A2	1	0	1
NR6A1	1	0	1
NRAP	1	0	1
NRARP	1	0	1
NRAS	1	0	1
NRBF2	1	0	1
NRBP1	1	0	1
NRBP2	1	0	1
NRCAM	1	0	1
NRDC	1	0	1
NRDE2	1	0	1
NREP	1	0	1
NRF1	1	0	1
NRG1	1	1	1
NRG2	1	0	1
NRG3	1	0	1
NRG4	1	1	1
NRGN	1	0	1
NRIP1	1	0	1
NRIP2	1	0	1
NRIP3	1	0	1
NRIR	0	1	0
NRK	1	0	1
NRL	1	0	1
NRM	1	1	1
NRN1	1	0	1
NRN1L	1	0	1
NRP1	1	0	1
NRP2	1	0	1
NRROS	1	0	1
NRSN1	1	0	1
NRSN2	1	0	1
NRTN	1	0	1
NRXN1	1	1	1
NRXN2	1	0	1
NRXN3	1	0	1
NSA2	1	0	1
NSD1	1	0	1
NSD2	1	1	1
NSD3	1	0	1
NSDHL	1	0	1
NSF	1	0	1
NSFL1C	1	0	1
NSG1	1	1	1
NSG2	1	0	1
NSL1	1	1	1
NSMAF	1	0	1
NSMCE1	1	0	1
NSMCE1-DT	0	1	0
NSMCE2	1	0	1
NSMCE3	1	0	1
NSMCE4A	1	0	1
NSMF	1	0	1
NSRP1	1	0	1
NSUN2	1	0	1
NSUN3	1	0	1
NSUN4	1	0	1
NSUN5	1	0	1
NSUN6	1	0	1
NSUN7	1	0	1
NT5C	1	0	1
NT5C1A	1	0	1
NT5C1B	1	0	1
NT5C2	1	0	1
NT5C3A	1	0	1
NT5C3B	1	0	1
NT5DC1	1	0	1
NT5DC2	1	0	1
NT5DC3	1	0	1
NT5DC4	1	0	1
NT5E	1	0	1
NT5M	1	0	1
NTAN1	1	0	1
NTAQ1	1	0	1
NTF3	1	0	1
NTF4	1	0	1
NTHL1	1	0	1
NTM	1	0	1
NTMT1	1	0	1
NTMT2	1	0	1
NTN1	1	0	1
NTN3	1	0	1
NTN4	1	0	1
NTN5	1	0	1
NTNG1	1	0	1
NTNG2	1	0	1
NTPCR	1	0	1
NTRK1	1	0	1
NTRK2	1	0	1
NTRK3	1	0	1
NTS	1	0	1
NTSR1	1	0	1
NTSR2	1	0	1
NUAK1	1	0	1
NUAK2	1	0	1
NUB1	1	0	1
NUBP1	1	0	1
NUBP2	1	0	1
NUBPL	1	1	1
NUCB1	1	0	1
NUCB2	1	0	1
NUCKS1	1	0	1
NUDC	1	0	1
NUDCD1	1	0	1
NUDCD2	1	0	1
NUDCD3	1	0	1
NUDT1	1	0	1
NUDT10	1	0	1
NUDT11	1	0	1
NUDT12	1	0	1
NUDT13	1	0	1
NUDT14	1	0	1
NUDT15	1	0	1
NUDT16	1	0	1
NUDT16L1	1	0	1
NUDT17	1	0	1
NUDT18	1	0	1
NUDT19	1	0	1
NUDT2	1	1	1
NUDT21	1	0	1
NUDT22	1	0	1
NUDT3	1	0	1
NUDT4	1	0	1
NUDT4B	1	0	1
NUDT5	1	0	1
NUDT6	1	0	1
NUDT7	1	0	1
NUDT8	1	0	1
NUDT9	1	0	1
NUF2	1	0	1
NUFIP1	1	0	1
NUFIP2	1	0	1
NUGGC	1	0	1
NUMA1	1	1	1
NUMB	1	0	1
NUMBL	1	0	1
NUP107	1	0	1
NUP133	1	0	1
NUP153	1	0	1
NUP155	1	0	1
NUP160	1	0	1
NUP188	1	0	1
NUP205	1	0	1
NUP210	1	0	1
NUP210L	1	0	1
NUP210P1	0	1	0
NUP214	1	0	1
NUP35	1	1	1
NUP35P2	0	1	0
NUP37	1	0	1
NUP42	1	0	1
NUP43	1	0	1
NUP50	1	0	1
NUP54	1	0	1
NUP58	1	0	1
NUP62	1	0	1
NUP62CL	1	0	1
NUP85	1	0	1
NUP88	1	0	1
NUP93	1	0	1
NUP98	1	0	1
NUPR1	1	0	1
NUPR2	1	0	1
NUS1	1	0	1
NUS1P1	0	1	0
NUSAP1	1	0	1
NUTF2	1	0	1
NUTF2P2	0	1	0
NUTM1	1	0	1
NUTM2A	1	0	1
NUTM2A-AS1	0	1	0
NUTM2B	1	0	1
NUTM2D	1	0	1
NUTM2E	1	0	1
NUTM2F	1	1	1
NUTM2G	1	0	1
NVL	1	0	1
NWD1	1	1	1
NWD2	1	0	1
NXF1	1	0	1
NXF2	1	0	1
NXF2B	1	0	1
NXF3	1	0	1
NXF5	1	0	0
NXN	1	0	1
NXNL1	1	0	1
NXNL2	1	1	1
NXPE1	1	1	1
NXPE2	1	0	1
NXPE3	1	0	1
NXPE4	1	0	1
NXPH1	1	0	1
NXPH2	1	0	1
NXPH3	1	0	1
NXPH4	1	0	1
NXT1	1	0	1
NXT1P1	0	1	0
NXT2	1	1	1
NYAP1	1	0	1
NYAP2	1	0	1
NYNRIN	1	0	1
NYX	1	0	1
OACYLP	0	1	0
OAF	1	0	1
OARD1	1	0	1
OAS1	1	0	1
OAS2	1	0	1
OAS3	1	0	1
OASL	1	0	1
OASL2P	0	1	0
OAT	1	0	1
OAZ1	1	0	1
OAZ2	1	0	1
OAZ3	1	0	1
OBI1	1	0	1
OBI1-AS1	0	1	0
OBP2A	1	0	1
OBP2B	1	1	1
OBSCN	1	0	1
OBSL1	1	0	1
OC90	1	0	1
OCA2	1	0	1
OCEL1	1	0	1
OCIAD1	1	0	1
OCIAD2	1	0	1
OCLN	1	0	1
OCM	1	0	1
OCM2	1	0	1
OCRL	1	0	1
OCSTAMP	1	0	1
ODAD1	1	0	1
ODAD2	1	0	1
ODAD3	1	0	1
ODAD4	1	0	1
ODAM	1	0	1
ODAPH	1	0	1
ODC1	1	0	1
ODF1	1	0	1
ODF2	1	0	1
ODF2L	1	0	1
ODF3	1	0	1
ODF3B	1	0	1
ODF3L1	1	0	1
ODF3L2	1	0	1
ODF4	1	0	1
ODR4	1	0	1
OFCC1	0	1	0
OFD1	1	0	1
OGA	1	0	1
OGDH	1	0	1
OGDHL	1	0	1
OGFOD1	1	0	1
OGFOD2	1	0	1
OGFOD3	1	0	1
OGFR	1	0	1
OGFRL1	1	0	1
OGG1	1	0	1
OGN	1	0	1
OGT	1	0	1
OIP5	1	0	1
OIT3	1	0	1
OLA1	1	0	1
OLA1P3	0	1	0
OLAH	1	0	1
OLFM1	1	0	1
OLFM2	1	0	1
OLFM3	1	0	1
OLFM4	1	0	1
OLFML1	1	0	1
OLFML2A	1	1	1
OLFML2B	1	0	1
OLFML3	1	0	1
OLIG1	1	0	1
OLIG2	1	0	1
OLIG3	1	0	1
OLMALINC	0	1	0
OLR1	1	0	1
OMA1	1	0	1
OMD	1	0	1
OMG	1	0	1
OMP	1	0	1
ONECUT1	1	0	1
ONECUT2	1	0	1
ONECUT3	1	0	1
OOEP	1	0	1
OOSP1	1	1	1
OOSP2	1	0	1
OOSP3	1	1	1
OOSP4A	1	0	1
OOSP4B	1	0	1
OPA1	1	0	1
OPA3	1	0	1
OPALIN	1	0	1
OPCML	1	0	1
OPHN1	1	0	1
OPLAH	1	0	1
OPN1LW	1	0	1
OPN1MW	1	0	1
OPN1MW2	1	0	1
OPN1MW3	1	0	1
OPN1SW	1	0	1
OPN3	1	0	1
OPN4	1	0	1
OPN5	1	0	1
OPRD1	1	0	1
OPRK1	1	0	1
OPRL1	1	0	1
OPRM1	1	0	1
OPRPN	1	0	1
OPTC	1	0	1
OPTN	1	0	1
OR10A2	1	0	1
OR10A3	1	0	1
OR10A4	1	0	1
OR10A5	1	0	1
OR10A6	1	0	1
OR10A7	1	1	1
OR10AD1	1	1	1
OR10AG1	1	0	1
OR10C1	1	0	1
OR10D3	1	0	1
OR10G2	1	1	1
OR10G3	1	0	1
OR10G4	1	1	1
OR10G6	1	0	1
OR10G7	1	0	1
OR10G8	1	0	1
OR10G9	1	0	1
OR10H1	1	0	1
OR10H2	1	0	1
OR10H3	1	0	1
OR10H4	1	0	1
OR10H5	1	0	1
OR10J1	1	0	1
OR10J3	1	0	1
OR10J4	0	1	1
OR10J5	1	0	1
OR10K1	1	1	1
OR10K2	1	0	1
OR10P1	1	0	1
OR10Q1	1	0	1
OR10R1P	0	1	0
OR10R2	1	0	1
OR10S1	1	0	1
OR10T2	1	0	1
OR10V1	1	0	1
OR10W1	1	0	1
OR10X1	1	0	1
OR10Z1	1	0	1
OR11A1	1	1	1
OR11G2	1	0	1
OR11H1	1	0	1
OR11H12	1	0	1
OR11H2	1	0	1
OR11H4	1	0	1
OR11H6	1	0	1
OR11L1	1	0	1
OR12D2	1	0	1
OR12D3	1	0	1
OR13A1	1	0	1
OR13C2	1	0	1
OR13C3	1	0	1
OR13C4	1	0	1
OR13C5	1	0	1
OR13C7	0	0	1
OR13C8	1	0	1
OR13C9	1	0	1
OR13D1	1	0	1
OR13F1	1	0	1
OR13G1	1	0	1
OR13H1	1	0	1
OR13J1	1	0	1
OR14A16	1	0	1
OR14A2	1	0	1
OR14C36	1	0	1
OR14I1	1	0	1
OR14J1	1	0	1
OR14K1	1	0	1
OR14L1P	1	0	1
OR1A1	1	0	1
OR1A2	1	0	1
OR1B1	1	0	1
OR1C1	1	0	1
OR1D2	1	0	1
OR1D5	1	0	1
OR1E1	1	0	1
OR1E2	1	0	1
OR1F1	1	0	1
OR1G1	1	0	1
OR1I1	1	0	1
OR1J1	1	0	1
OR1J2	1	0	1
OR1J4	1	0	1
OR1K1	1	0	1
OR1L1	1	0	1
OR1L3	1	0	1
OR1L4	1	0	1
OR1L6	1	0	1
OR1L8	1	0	1
OR1M1	1	0	1
OR1N1	1	0	1
OR1N2	1	0	1
OR1Q1	1	0	1
OR1R1P	1	0	1
OR1S1	1	0	1
OR1S2	1	0	1
OR2A1	1	0	1
OR2A12	1	0	1
OR2A14	1	0	1
OR2A2	1	0	1
OR2A25	1	0	1
OR2A4	1	0	1
OR2A42	1	0	1
OR2A5	1	0	1
OR2A7	1	0	1
OR2AD1P	0	1	0
OR2AE1	1	0	1
OR2AG1	1	0	1
OR2AG2	1	0	1
OR2AJ1	1	0	1
OR2AK2	1	0	1
OR2AP1	1	0	1
OR2AT4	1	0	1
OR2B11	1	1	1
OR2B2	1	1	1
OR2B3	1	0	1
OR2B6	1	1	1
OR2C1	1	0	1
OR2C3	1	0	1
OR2D2	1	0	1
OR2D3	1	0	1
OR2F1	1	0	1
OR2F2	1	0	1
OR2G2	1	0	1
OR2G3	1	0	1
OR2G6	1	0	1
OR2H1	1	0	1
OR2H2	1	0	1
OR2I1P	1	0	1
OR2J1	1	0	1
OR2J2	1	0	1
OR2J3	1	1	1
OR2K2	1	0	1
OR2L13	1	0	1
OR2L2	1	0	1
OR2L3	1	0	1
OR2L5	1	0	1
OR2L8	1	0	1
OR2M2	1	0	1
OR2M3	1	0	1
OR2M4	1	0	1
OR2M5	1	0	1
OR2M7	1	1	1
OR2S2	1	0	1
OR2T1	1	0	1
OR2T10	1	1	1
OR2T11	1	0	1
OR2T12	1	0	1
OR2T2	1	0	1
OR2T27	1	0	1
OR2T29	1	0	1
OR2T3	1	0	1
OR2T33	1	1	1
OR2T34	1	0	1
OR2T35	1	1	1
OR2T4	1	0	1
OR2T5	1	0	1
OR2T6	1	0	1
OR2T8	1	0	1
OR2V1	1	0	1
OR2V2	1	0	1
OR2W1	1	0	1
OR2W3	1	0	1
OR2W5	0	1	0
OR2Y1	1	0	1
OR2Z1	1	0	1
OR3A1	1	0	1
OR3A2	1	1	1
OR3A3	1	0	1
OR4A15	1	0	1
OR4A16	1	0	1
OR4A47	1	0	1
OR4A5	1	0	1
OR4B1	1	0	1
OR4C11	1	0	1
OR4C12	1	0	1
OR4C13	1	0	1
OR4C14P	0	1	0
OR4C15	1	0	1
OR4C16	1	0	1
OR4C3	1	0	1
OR4C46	1	0	1
OR4C5	1	0	1
OR4C6	1	0	1
OR4D1	1	0	1
OR4D10	1	0	1
OR4D11	1	0	1
OR4D2	1	0	1
OR4D5	1	0	1
OR4D6	1	0	1
OR4D9	1	1	1
OR4E1	1	0	1
OR4E2	1	1	1
OR4F15	1	0	1
OR4F16	1	0	1
OR4F17	1	0	1
OR4F21	1	0	1
OR4F29	1	0	1
OR4F3	1	0	1
OR4F4	1	0	1
OR4F5	1	0	1
OR4F6	1	0	1
OR4K1	1	0	1
OR4K13	1	0	1
OR4K14	1	0	1
OR4K15	1	0	1
OR4K17	1	0	1
OR4K2	1	1	1
OR4K5	1	0	1
OR4L1	1	0	1
OR4M1	1	0	1
OR4M2	1	0	1
OR4M2B	1	0	1
OR4N2	1	0	1
OR4N4	1	0	1
OR4N4C	1	0	1
OR4N5	1	0	1
OR4P4	1	0	1
OR4Q2	1	0	1
OR4Q3	1	0	1
OR4S1	1	0	1
OR4S2	1	0	1
OR4X1	1	1	1
OR4X2	1	0	1
OR51A2	1	0	1
OR51A4	1	0	1
OR51A7	1	0	1
OR51B2	1	0	1
OR51B4	1	0	1
OR51B5	1	0	1
OR51B6	1	0	1
OR51C1P	1	0	1
OR51D1	1	0	1
OR51E1	1	0	1
OR51E2	1	0	1
OR51F1	1	0	1
OR51F2	1	1	1
OR51G1	1	0	1
OR51G2	1	0	1
OR51I1	1	0	1
OR51I2	1	0	1
OR51L1	1	0	1
OR51M1	1	0	1
OR51Q1	1	0	1
OR51S1	1	0	1
OR51T1	1	0	1
OR51V1	1	0	1
OR52A1	1	0	1
OR52A5	1	0	1
OR52B2	1	0	1
OR52B4	1	0	1
OR52B6	1	0	1
OR52D1	1	0	1
OR52E2	1	1	1
OR52E4	1	0	1
OR52E5	1	0	1
OR52E6	1	0	1
OR52E8	1	0	1
OR52H1	1	0	1
OR52I1	1	0	1
OR52I2	1	0	1
OR52J3	1	0	1
OR52K1	1	0	1
OR52K2	1	0	1
OR52K3P	0	1	0
OR52L1	1	0	1
OR52M1	1	0	1
OR52N1	1	0	1
OR52N2	1	0	1
OR52N4	1	0	1
OR52N5	1	0	1
OR52P1	1	0	1
OR52R1	1	0	1
OR52W1	1	0	1
OR52Z1	0	1	0
OR56A1	1	0	1
OR56A3	1	1	1
OR56A4	1	0	1
OR56A5	1	0	1
OR56A7P	0	1	0
OR56B1	1	1	1
OR56B2P	1	0	1
OR56B4	1	0	1
OR5A1	1	0	1
OR5A2	1	0	1
OR5AC2	1	0	1
OR5AK2	1	0	1
OR5AN1	1	0	1
OR5AP2	1	0	1
OR5AR1	1	0	1
OR5AS1	1	0	1
OR5AU1	1	1	1
OR5B12	1	0	1
OR5B17	1	0	1
OR5B2	1	0	1
OR5B21	1	0	1
OR5B3	1	0	1
OR5BS1P	1	0	1
OR5C1	1	0	1
OR5D13	1	0	1
OR5D14	1	0	1
OR5D16	1	1	1
OR5D18	1	0	1
OR5D3P	1	0	1
OR5F1	1	0	1
OR5G5P	0	1	0
OR5H1	1	0	1
OR5H14	1	0	1
OR5H15	1	0	1
OR5H2	1	0	1
OR5H6	1	0	1
OR5I1	1	0	1
OR5J2	1	0	1
OR5K1	1	0	1
OR5K2	1	0	1
OR5K3	1	0	1
OR5K4	1	0	1
OR5L1	1	0	1
OR5L2	1	0	1
OR5M1	1	0	1
OR5M10	1	0	1
OR5M11	1	0	1
OR5M3	1	0	1
OR5M8	1	0	1
OR5M9	1	0	1
OR5P2	1	0	1
OR5P3	1	1	1
OR5S1P	0	1	0
OR5T1	1	0	1
OR5T2	1	0	1
OR5T3	1	0	1
OR5V1	1	0	1
OR5W2	1	0	1
OR6A2	1	0	1
OR6B1	1	0	1
OR6B2	1	1	1
OR6B3	1	0	1
OR6C1	1	1	1
OR6C2	1	0	1
OR6C3	1	0	1
OR6C4	1	0	1
OR6C6	1	1	1
OR6C65	1	1	1
OR6C68	1	0	1
OR6C70	1	0	1
OR6C71P	0	1	0
OR6C74	1	0	1
OR6C75	1	0	1
OR6C76	1	0	1
OR6F1	1	0	1
OR6J1	1	0	1
OR6K2	1	1	1
OR6K3	1	0	1
OR6K5P	0	1	0
OR6K6	1	0	1
OR6M1	1	0	1
OR6N1	1	1	1
OR6N2	1	1	1
OR6P1	1	1	1
OR6Q1	1	0	1
OR6S1	1	0	1
OR6T1	1	0	1
OR6V1	1	0	1
OR6X1	1	0	1
OR6Y1	1	0	1
OR7A10	1	0	1
OR7A17	1	1	1
OR7A5	1	0	1
OR7C1	1	1	1
OR7C2	1	0	1
OR7D2	1	0	1
OR7D4	1	0	1
OR7E104P	0	1	0
OR7E108P	0	1	0
OR7E14P	0	1	0
OR7E24	1	0	1
OR7G1	1	0	1
OR7G2	1	0	1
OR7G3	1	0	1
OR8A1	1	0	1
OR8B12	1	0	1
OR8B1P	0	1	0
OR8B2	1	0	1
OR8B3	1	0	1
OR8B4	1	0	1
OR8B6P	0	1	0
OR8B8	1	0	1
OR8D1	1	0	1
OR8D2	1	0	1
OR8D4	1	1	1
OR8G1	1	0	1
OR8G5	1	0	1
OR8H1	1	0	1
OR8H2	1	0	1
OR8H3	1	0	1
OR8I2	1	0	1
OR8J1	1	0	1
OR8J2	1	0	1
OR8J3	1	0	1
OR8K1	1	0	1
OR8K3	1	0	1
OR8K5	1	0	1
OR8S1	1	0	1
OR8U1	1	0	1
OR8U3	1	0	1
OR9A2	1	1	1
OR9A4	1	0	1
OR9G1	1	0	1
OR9G4	1	0	1
OR9I1	1	0	1
OR9K2	1	0	1
OR9Q1	1	0	1
OR9Q2	1	0	1
ORAI1	1	0	1
ORAI2	1	0	1
ORAI3	1	0	1
ORC1	1	0	1
ORC2	1	0	1
ORC3	1	0	1
ORC4	1	1	1
ORC5	1	0	1
ORC6	1	0	1
ORM1	1	0	1
ORM2	1	0	1
ORMDL1	1	0	1
ORMDL2	1	0	1
ORMDL3	1	0	1
OS9	1	0	1
OSBP	1	0	1
OSBP2	1	0	1
OSBPL10	1	0	1
OSBPL11	1	0	1
OSBPL1A	1	0	1
OSBPL2	1	0	1
OSBPL3	1	0	1
OSBPL5	1	0	1
OSBPL6	1	0	1
OSBPL7	1	0	1
OSBPL8	1	0	1
OSBPL9	1	0	1
OSCAR	1	1	1
OSCP1	1	0	1
OSER1	1	0	1
OSER1-DT	0	1	0
OSGEP	1	0	1
OSGEPL1	1	1	1
OSGIN1	1	0	1
OSGIN2	1	0	1
OSM	1	0	1
OSMR	1	0	1
OSMR-AS1	0	1	0
OSR1	1	0	1
OSR2	1	0	1
OST4	1	0	1
OSTC	1	1	1
OSTCP1	0	1	0
OSTF1	1	0	1
OSTM1	1	0	1
OSTN	1	0	1
OTC	1	0	1
OTOA	1	0	1
OTOF	1	0	1
OTOG	1	0	1
OTOGL	1	0	1
OTOL1	1	0	1
OTOP1	1	0	1
OTOP2	1	0	1
OTOP3	1	0	1
OTOR	1	0	1
OTOS	1	0	1
OTP	1	0	1
OTUB1	1	0	1
OTUB2	1	0	1
OTUD1	1	0	1
OTUD3	1	0	1
OTUD4	1	0	1
OTUD5	1	0	1
OTUD6A	1	0	1
OTUD6B	1	0	1
OTUD7A	1	0	1
OTUD7B	1	0	1
OTULIN	1	0	1
OTULINL	1	0	1
OTX1	1	0	1
OTX2	1	0	1
OVCA2	1	0	1
OVCH1	1	1	1
OVCH2	1	0	1
OVGP1	1	0	1
OVOL1	1	0	1
OVOL2	1	0	1
OVOL3	1	0	1
OXA1L	1	0	1
OXCT1	1	0	1
OXCT2	1	0	1
OXER1	1	0	1
OXGR1	1	0	1
OXLD1	1	0	1
OXNAD1	1	1	1
OXR1	1	0	1
OXSM	1	0	1
OXSR1	1	0	1
OXT	1	0	1
OXTR	1	0	1
P2RX1	1	0	1
P2RX2	1	0	1
P2RX3	1	0	1
P2RX4	1	0	1
P2RX5	1	0	1
P2RX6	1	0	1
P2RX7	1	0	1
P2RY1	1	0	1
P2RY10	1	0	1
P2RY11	1	0	1
P2RY12	1	0	1
P2RY13	1	0	1
P2RY14	1	0	1
P2RY2	1	0	1
P2RY4	1	0	1
P2RY6	1	0	1
P2RY8	1	0	1
P3H1	1	0	1
P3H2	1	0	1
P3H2-AS1	0	1	0
P3H3	1	1	1
P3H4	1	0	1
P3R3URF	1	0	1
P4HA1	1	0	1
P4HA2	1	0	1
P4HA3	1	0	1
P4HB	1	0	1
P4HTM	1	0	1
PA2G4	1	0	1
PA2G4P2	0	1	0
PAAF1	1	0	1
PABIR1	1	0	1
PABIR2	1	0	1
PABIR3	1	0	1
PABPC1	1	0	1
PABPC1L	1	0	1
PABPC1L2A	1	0	1
PABPC1L2B	1	0	1
PABPC3	1	0	1
PABPC4	1	0	1
PABPC4L	1	0	1
PABPC5	1	0	1
PABPN1	1	0	1
PABPN1L	1	0	1
PACC1	1	0	1
PACRG	1	0	1
PACRGL	1	1	1
PACS1	1	0	1
PACS2	1	0	1
PACSIN1	1	0	1
PACSIN2	1	0	1
PACSIN3	1	0	1
PADI1	1	0	1
PADI2	1	0	1
PADI3	1	0	1
PADI4	1	0	1
PADI6	1	0	1
PAEP	1	0	1
PAEPP1	0	1	0
PAF1	1	0	1
PAFAH1B1	1	0	1
PAFAH1B2	1	0	1
PAFAH1B3	1	0	1
PAFAH2	1	0	1
PAG1	1	0	1
PAGE1	1	0	1
PAGE2	1	0	1
PAGE2B	1	0	1
PAGE3	1	0	1
PAGE4	1	0	1
PAGE5	1	0	1
PAGR1	1	0	1
PAH	1	0	1
PAICS	1	1	1
PAICSP5	0	1	0
PAIP1	1	0	1
PAIP2	1	0	1
PAIP2B	1	0	1
PAK1	1	0	1
PAK1IP1	1	0	1
PAK2	1	0	1
PAK3	1	0	1
PAK4	1	0	1
PAK5	1	0	1
PAK6	1	0	1
PALB2	1	0	1
PALD1	1	0	1
PALLD	1	0	1
PALM	1	0	1
PALM2AKAP2	1	0	1
PALM3	1	0	1
PALMD	1	0	1
PALS1	1	0	1
PALS2	1	0	1
PAM	1	0	1
PAM16	1	0	1
PAMR1	1	0	1
PAN2	1	0	1
PAN3	1	0	1
PANK1	1	0	1
PANK2	1	0	1
PANK3	1	0	1
PANK4	1	0	1
PANO1	1	0	1
PANX1	1	0	1
PANX2	1	0	1
PANX3	1	0	1
PAOX	1	0	1
PAPLN	1	0	1
PAPOLA	1	0	1
PAPOLB	1	0	1
PAPOLG	1	0	1
PAPPA	1	0	1
PAPPA2	1	0	1
PAPSS1	1	0	1
PAPSS2	1	0	1
PAQR3	1	0	1
PAQR4	1	0	1
PAQR5	1	0	1
PAQR6	1	0	1
PAQR7	1	0	1
PAQR8	1	0	1
PAQR9	1	0	1
PARD3	1	0	1
PARD3B	1	0	1
PARD6A	1	0	1
PARD6B	1	0	1
PARD6G	1	0	1
PARG	1	0	1
PARK7	1	0	1
PARL	1	0	1
PARM1	1	0	1
PARN	1	0	1
PARP1	1	0	1
PARP10	1	0	1
PARP11	1	1	1
PARP12	1	0	1
PARP14	1	0	1
PARP15	1	0	1
PARP16	1	0	1
PARP2	1	0	1
PARP3	1	0	1
PARP4	1	0	1
PARP4P2	0	1	0
PARP6	1	0	1
PARP8	1	0	1
PARP9	1	0	1
PARPBP	1	0	1
PARS2	1	0	1
PARVA	1	0	1
PARVB	1	0	1
PARVG	1	0	1
PASD1	1	1	1
PASK	1	0	1
PATE1	1	0	1
PATE2	1	0	1
PATE3	1	0	1
PATE4	1	0	1
PATJ	1	0	1
PATL1	1	0	1
PATL2	1	0	1
PATZ1	1	0	1
PAWR	1	0	1
PAX1	1	0	1
PAX2	1	0	1
PAX3	1	0	1
PAX4	1	0	1
PAX5	1	0	1
PAX6	1	0	1
PAX7	1	0	1
PAX8	1	0	1
PAX9	1	0	1
PAXBP1	1	0	1
PAXIP1	1	0	1
PAXX	1	0	1
PBDC1	1	0	1
PBK	1	0	1
PBLD	1	0	1
PBOV1	1	0	1
PBRM1	1	0	1
PBX1	1	1	1
PBX2	1	0	1
PBX2P1	0	1	0
PBX3	1	0	1
PBX4	1	0	1
PBXIP1	1	0	1
PC	1	0	1
PCARE	1	0	1
PCAT1	0	1	0
PCBD1	1	0	1
PCBD2	1	0	1
PCBP1	1	0	1
PCBP1-AS1	0	1	0
PCBP2	1	0	1
PCBP3	1	0	1
PCBP4	1	0	1
PCCA	1	0	1
PCCA-DT	0	1	0
PCCB	1	0	1
PCDH1	1	0	1
PCDH10	1	0	1
PCDH11X	1	0	1
PCDH11Y	1	0	1
PCDH12	1	0	1
PCDH15	1	1	1
PCDH17	1	0	1
PCDH18	1	0	1
PCDH19	1	0	1
PCDH20	1	0	1
PCDH7	1	0	1
PCDH8	1	0	1
PCDH9	1	0	1
PCDHA1	1	0	1
PCDHA10	1	0	1
PCDHA11	1	0	1
PCDHA12	1	0	1
PCDHA13	1	0	1
PCDHA2	1	0	1
PCDHA3	1	0	1
PCDHA4	1	0	1
PCDHA5	1	0	1
PCDHA6	1	0	1
PCDHA7	1	0	1
PCDHA8	1	0	1
PCDHA9	1	0	1
PCDHAC1	1	0	1
PCDHAC2	1	0	1
PCDHB1	1	0	1
PCDHB10	1	0	1
PCDHB11	1	0	1
PCDHB12	1	0	1
PCDHB13	1	0	1
PCDHB14	1	0	1
PCDHB15	1	0	1
PCDHB16	1	0	1
PCDHB2	1	0	1
PCDHB3	1	0	1
PCDHB4	1	0	1
PCDHB5	1	0	1
PCDHB6	1	1	1
PCDHB7	1	0	1
PCDHB8	1	1	1
PCDHB9	1	0	1
PCDHGA1	1	0	1
PCDHGA10	1	0	1
PCDHGA11	1	0	1
PCDHGA12	1	1	1
PCDHGA2	1	0	1
PCDHGA3	1	0	1
PCDHGA4	1	0	1
PCDHGA5	1	0	1
PCDHGA6	1	0	1
PCDHGA7	1	0	1
PCDHGA8	1	0	1
PCDHGA9	1	1	1
PCDHGB1	1	0	1
PCDHGB2	1	0	1
PCDHGB3	1	0	1
PCDHGB4	1	0	1
PCDHGB5	1	0	1
PCDHGB6	1	0	1
PCDHGB7	1	0	1
PCDHGC3	1	0	1
PCDHGC4	1	0	1
PCDHGC5	1	0	1
PCED1A	1	0	1
PCED1B	1	0	1
PCF11	1	0	1
PCGF1	1	0	1
PCGF2	1	0	1
PCGF3	1	0	1
PCGF5	1	0	1
PCGF6	1	0	1
PCID2	1	0	1
PCIF1	1	0	1
PCK1	1	0	1
PCK2	1	0	1
PCLAF	1	0	1
PCLO	1	0	1
PCM1	1	0	1
PCMT1	1	0	1
PCMTD1	1	0	1
PCMTD2	1	0	1
PCNA	1	0	1
PCNP	1	0	1
PCNPP3	0	1	0
PCNT	1	0	1
PCNX1	1	0	1
PCNX2	1	1	1
PCNX3	1	0	1
PCNX4	1	0	1
PCOLCE	1	0	1
PCOLCE2	1	0	1
PCP2	1	0	1
PCP4	1	0	1
PCP4L1	1	0	1
PCSK1	1	0	1
PCSK1N	1	0	1
PCSK2	1	0	1
PCSK4	1	0	1
PCSK5	1	0	1
PCSK6	1	0	1
PCSK7	1	0	1
PCSK9	1	0	1
PCTP	1	0	1
PCYOX1	1	0	1
PCYOX1L	1	0	1
PCYT1A	1	0	1
PCYT1B	1	0	1
PCYT2	1	0	1
PDAP1	1	0	1
PDC	1	0	1
PDCD1	1	0	1
PDCD10	1	0	1
PDCD11	1	0	1
PDCD1LG2	1	0	1
PDCD2	1	0	1
PDCD2L	1	0	1
PDCD4	1	0	1
PDCD5	1	0	1
PDCD6	1	0	1
PDCD6IP	1	0	1
PDCD7	1	0	1
PDCL	1	0	1
PDCL2	1	0	1
PDCL3	1	0	1
PDCL3P7	0	1	0
PDE10A	1	1	1
PDE11A	1	1	1
PDE12	1	0	1
PDE1A	1	0	1
PDE1B	1	0	1
PDE1C	1	0	1
PDE2A	1	0	1
PDE3A	1	0	1
PDE3B	1	0	1
PDE4A	1	0	1
PDE4B	1	0	1
PDE4C	1	0	1
PDE4D	1	0	1
PDE4DIP	1	0	1
PDE5A	1	0	1
PDE6A	1	0	1
PDE6B	1	0	1
PDE6C	1	0	1
PDE6D	1	0	1
PDE6G	1	0	1
PDE6H	1	0	1
PDE7A	1	0	1
PDE7B	1	0	1
PDE8A	1	0	1
PDE8B	1	0	1
PDE9A	1	0	1
PDF	1	0	1
PDGFA	1	0	1
PDGFB	1	0	1
PDGFC	1	0	1
PDGFD	1	0	1
PDGFRA	1	0	1
PDGFRB	1	0	1
PDGFRL	1	0	1
PDHA1	1	0	1
PDHA2	1	0	1
PDHB	1	0	1
PDHX	1	0	1
PDIA2	1	1	1
PDIA3	1	0	1
PDIA4	1	0	1
PDIA5	1	0	1
PDIA6	1	0	1
PDIK1L	1	0	1
PDILT	1	0	1
PDK1	1	0	1
PDK2	1	0	1
PDK3	1	0	1
PDK4	1	0	1
PDLIM1	1	0	1
PDLIM2	1	0	1
PDLIM3	1	0	1
PDLIM4	1	0	1
PDLIM5	1	1	1
PDLIM7	1	0	1
PDP1	1	1	1
PDP2	1	0	1
PDPK1	1	0	1
PDPN	1	0	1
PDPR	1	0	1
PDRG1	1	0	1
PDS5A	1	0	1
PDS5B	1	0	1
PDSS1	1	0	1
PDSS2	1	0	1
PDX1	1	0	1
PDXDC1	1	0	1
PDXK	1	0	1
PDXP	1	0	1
PDYN	1	0	1
PDZD11	1	0	1
PDZD2	1	1	1
PDZD4	1	0	1
PDZD7	1	0	1
PDZD8	1	0	1
PDZD9	1	0	1
PDZK1	1	0	1
PDZK1IP1	1	0	1
PDZRN3	1	0	1
PDZRN4	1	0	1
PEA15	1	0	1
PEAK1	1	0	1
PEAK3	1	0	1
PEAR1	1	0	1
PEBP1	1	0	1
PEBP4	1	0	1
PECAM1	1	1	1
PECR	1	0	1
PEDS1	1	0	1
PEF1	1	0	1
PEG10	1	0	1
PEG3	1	1	1
PELI1	1	0	1
PELI2	1	0	1
PELI3	1	0	1
PELO	1	0	1
PELP1	1	0	1
PEMT	1	0	1
PENK	1	0	1
PEPD	1	0	1
PER1	1	0	1
PER2	1	0	1
PER3	1	1	1
PERCC1	1	0	1
PERM1	1	0	1
PERP	1	0	1
PES1	1	0	1
PET100	1	0	1
PET117	1	0	1
PEX1	1	0	1
PEX10	1	0	1
PEX11A	1	0	1
PEX11B	1	0	1
PEX11G	1	0	1
PEX12	1	0	1
PEX13	1	0	1
PEX14	1	0	1
PEX16	1	0	1
PEX19	1	0	1
PEX2	1	0	1
PEX26	1	0	1
PEX3	1	0	1
PEX5	1	1	1
PEX5L	1	0	1
PEX6	1	0	1
PEX7	1	0	1
PF4	1	0	1
PF4V1	1	1	1
PFAS	1	0	1
PFDN1	1	0	1
PFDN2	1	0	1
PFDN4	1	0	1
PFDN5	1	0	1
PFDN6	1	0	1
PFKFB1	1	0	1
PFKFB2	1	0	1
PFKFB3	1	0	1
PFKFB4	1	0	1
PFKL	1	0	1
PFKM	1	0	1
PFKP	1	0	1
PFN1	1	0	1
PFN2	1	1	1
PFN3	1	0	1
PFN4	1	0	1
PGA3	1	0	1
PGA4	1	0	1
PGA5	1	0	1
PGAM1	1	0	1
PGAM2	1	0	1
PGAM4	1	0	1
PGAM5	1	0	1
PGAP1	1	0	1
PGAP2	1	0	1
PGAP3	1	0	1
PGAP4	1	0	1
PGAP6	1	0	1
PGBD1	1	0	1
PGBD2	1	0	1
PGBD4	1	0	1
PGBD4P8	0	1	0
PGBD5	1	0	1
PGC	1	0	1
PGD	1	0	1
PGF	1	0	1
PGGHG	1	0	1
PGGT1B	1	0	1
PGK1	1	0	1
PGK2	1	0	1
PGLS	1	0	1
PGLYRP1	1	0	1
PGLYRP2	1	0	1
PGLYRP3	1	0	1
PGLYRP4	1	0	1
PGM1	1	0	1
PGM2	1	0	1
PGM2L1	1	0	1
PGM3	1	0	1
PGM5	1	0	1
PGP	1	0	1
PGPEP1	1	0	1
PGPEP1L	1	0	1
PGR	1	0	1
PGRMC1	1	0	1
PGRMC2	1	0	1
PGS1	1	0	1
PHACTR1	1	0	1
PHACTR2	1	0	1
PHACTR3	1	0	1
PHACTR4	1	0	1
PHAF1	1	0	1
PHAX	1	0	1
PHB1	1	0	1
PHB2	1	0	1
PHBP11	0	1	0
PHBP14	0	1	0
PHBP21	0	1	0
PHBP3	0	1	0
PHC1	1	0	1
PHC2	1	0	1
PHC3	1	0	1
PHETA1	1	0	1
PHETA2	1	0	1
PHEX	1	0	1
PHF1	1	0	1
PHF10	1	0	1
PHF11	1	0	1
PHF12	1	0	1
PHF13	1	0	1
PHF14	1	0	1
PHF19	1	0	1
PHF2	1	0	1
PHF20	1	0	1
PHF20L1	1	0	1
PHF21A	1	0	1
PHF21B	1	0	1
PHF23	1	0	1
PHF24	1	0	1
PHF3	1	0	1
PHF5A	1	0	1
PHF6	1	0	1
PHF7	1	0	1
PHF8	1	0	1
PHGDH	1	1	1
PHGR1	1	0	1
PHIP	1	0	1
PHKA1	1	0	1
PHKA1P1	0	1	0
PHKA2	1	0	1
PHKB	1	0	1
PHKG1	1	0	1
PHKG2	1	0	1
PHLDA1	1	0	1
PHLDA2	1	0	1
PHLDA3	1	0	1
PHLDB1	1	0	1
PHLDB2	1	0	1
PHLDB3	1	0	1
PHLPP1	1	0	1
PHLPP2	1	0	1
PHOSPHO1	1	0	1
PHOSPHO2	1	0	1
PHOX2A	1	0	1
PHOX2B	1	0	1
PHPT1	1	0	1
PHRF1	1	0	1
PHTF1	1	0	1
PHTF2	1	0	1
PHYH	1	0	1
PHYHD1	1	0	1
PHYHIP	1	0	1
PHYHIPL	1	0	1
PHYKPL	1	0	1
PI15	1	0	1
PI16	1	0	1
PI3	1	0	1
PI4K2A	1	0	1
PI4K2B	1	0	1
PI4KA	1	0	1
PI4KB	1	0	1
PIANP	1	0	1
PIAS1	1	0	1
PIAS2	1	0	1
PIAS3	1	0	1
PIAS4	1	0	1
PIBF1	1	0	1
PICALM	1	0	1
PICK1	1	0	1
PID1	1	0	1
PIDD1	1	0	1
PIERCE1	1	0	1
PIERCE2	1	0	1
PIEZO1	1	1	1
PIEZO2	1	0	1
PIF1	1	0	1
PIFO	1	0	1
PIGA	1	0	1
PIGB	1	0	1
PIGBOS1	1	0	1
PIGC	1	0	1
PIGF	1	0	1
PIGG	1	0	1
PIGH	1	0	1
PIGK	1	0	1
PIGL	1	0	1
PIGM	1	0	1
PIGN	1	0	1
PIGO	1	0	1
PIGP	1	0	1
PIGQ	1	0	1
PIGR	1	0	1
PIGS	1	0	1
PIGT	1	1	1
PIGU	1	0	1
PIGV	1	0	1
PIGW	1	0	1
PIGX	1	0	1
PIGY	1	0	1
PIGZ	1	0	1
PIH1D1	1	0	1
PIH1D2	1	0	1
PIK3AP1	1	0	1
PIK3C2A	1	0	1
PIK3C2B	1	1	1
PIK3C2G	1	0	1
PIK3C3	1	0	1
PIK3CA	1	0	1
PIK3CB	1	0	1
PIK3CD	1	0	1
PIK3CG	1	0	1
PIK3IP1	1	0	1
PIK3R1	1	0	1
PIK3R2	1	0	1
PIK3R3	1	0	1
PIK3R4	1	0	1
PIK3R5	1	0	1
PIK3R6	1	0	1
PIKFYVE	1	0	1
PILRA	1	0	1
PILRB	1	0	1
PIM1	1	0	1
PIM2	1	0	1
PIM3	1	0	1
PIMREG	1	0	1
PIN1	1	0	1
PIN4	1	0	1
PINCR	0	1	0
PINK1	1	0	1
PINLYP	1	0	1
PINX1	1	0	1
PIP	1	0	1
PIP4K2A	1	0	1
PIP4K2B	1	0	1
PIP4K2C	1	0	1
PIP4P1	1	0	1
PIP4P2	1	0	1
PIP5K1A	1	0	1
PIP5K1B	1	0	1
PIP5K1C	1	0	1
PIP5KL1	1	0	1
PIPOX	1	0	1
PIR	1	0	1
PIRT	1	0	1
PISD	1	0	1
PITHD1	1	0	1
PITPNA	1	0	1
PITPNB	1	0	1
PITPNC1	1	0	1
PITPNM1	1	0	1
PITPNM2	1	0	1
PITPNM3	1	0	1
PITRM1	1	0	1
PITX1	1	0	1
PITX2	1	0	1
PITX3	1	0	1
PIWIL1	1	1	1
PIWIL2	1	0	1
PIWIL3	1	0	1
PIWIL4	1	0	1
PJA1	1	0	1
PJA2	1	0	1
PJVK	1	0	1
PKD1	1	0	1
PKD1L1	1	1	1
PKD1L2	1	1	1
PKD1L3	1	0	1
PKD2	1	0	1
PKD2L1	1	0	1
PKD2L2	1	0	1
PKDCC	1	0	1
PKDREJ	1	0	1
PKHD1	1	0	1
PKHD1L1	1	1	1
PKIA	1	0	1
PKIA-AS1	0	1	0
PKIB	1	0	1
PKIG	1	0	1
PKLR	1	0	1
PKM	1	0	1
PKMP1	0	1	0
PKMYT1	1	0	1
PKN1	1	0	1
PKN2	1	0	1
PKN2-AS1	0	1	0
PKN3	1	0	1
PKNOX1	1	0	1
PKNOX2	1	0	1
PKP1	1	0	1
PKP2	1	0	1
PKP3	1	0	1
PKP4	1	0	1
PLA1A	1	0	1
PLA2G10	1	0	1
PLA2G12A	1	0	1
PLA2G12B	1	0	1
PLA2G15	1	0	1
PLA2G1B	1	0	1
PLA2G2A	1	0	1
PLA2G2C	1	1	1
PLA2G2D	1	0	1
PLA2G2E	1	0	1
PLA2G2F	1	0	1
PLA2G3	1	0	1
PLA2G4A	1	0	1
PLA2G4B	1	0	1
PLA2G4C	1	0	1
PLA2G4D	1	0	1
PLA2G4E	1	0	1
PLA2G4F	1	0	1
PLA2G5	1	1	1
PLA2G6	1	1	1
PLA2G7	1	0	1
PLA2R1	1	0	1
PLAA	1	0	1
PLAAT1	1	0	1
PLAAT2	1	0	1
PLAAT3	1	0	1
PLAAT4	1	0	1
PLAAT5	1	0	1
PLAC1	1	0	1
PLAC8	1	1	1
PLAC8L1	1	0	1
PLAC9	1	0	1
PLAG1	1	0	1
PLAGL1	1	0	1
PLAGL2	1	0	1
PLAT	1	0	1
PLAU	1	0	1
PLAUR	1	0	1
PLB1	1	0	1
PLBD1	1	0	1
PLBD2	1	0	1
PLCB1	1	1	1
PLCB2	1	0	1
PLCB3	1	0	1
PLCB4	1	0	1
PLCD1	1	0	1
PLCD3	1	0	1
PLCD4	1	0	1
PLCE1	1	0	1
PLCG1	1	0	1
PLCG2	1	0	1
PLCH1	1	0	1
PLCH2	1	0	1
PLCL1	1	0	1
PLCL2	1	0	1
PLCXD1	1	0	1
PLCXD2	1	0	1
PLCXD3	1	0	1
PLCZ1	1	0	1
PLD1	1	0	1
PLD2	1	0	1
PLD3	1	0	1
PLD4	1	0	1
PLD5	1	0	1
PLD6	1	0	1
PLEC	1	0	1
PLEK	1	0	1
PLEK2	1	0	1
PLEKHA1	1	0	1
PLEKHA2	1	0	1
PLEKHA3	1	0	1
PLEKHA4	1	0	1
PLEKHA5	1	1	1
PLEKHA6	1	0	1
PLEKHA7	1	0	1
PLEKHA8	1	1	1
PLEKHA8P1	0	1	0
PLEKHB1	1	0	1
PLEKHB2	1	0	1
PLEKHD1	1	0	1
PLEKHF1	1	0	1
PLEKHF2	1	0	1
PLEKHG1	1	1	1
PLEKHG2	1	1	1
PLEKHG3	1	0	1
PLEKHG4	1	0	1
PLEKHG4B	1	1	1
PLEKHG5	1	0	1
PLEKHG6	1	0	1
PLEKHG7	1	0	1
PLEKHH1	1	0	1
PLEKHH2	1	1	1
PLEKHH3	1	0	1
PLEKHJ1	1	0	1
PLEKHM1	1	0	1
PLEKHM2	1	0	1
PLEKHM3	1	0	1
PLEKHN1	1	0	1
PLEKHO1	1	0	1
PLEKHO2	1	0	1
PLEKHS1	1	0	1
PLET1	1	0	1
PLG	1	0	1
PLGLB1	1	0	1
PLGLB2	1	0	1
PLGRKT	1	0	1
PLIN1	1	0	1
PLIN2	1	0	1
PLIN3	1	0	1
PLIN4	1	0	1
PLIN5	1	0	1
PLK1	1	0	1
PLK2	1	0	1
PLK3	1	0	1
PLK4	1	0	1
PLK5	1	0	1
PLLP	1	0	1
PLN	1	0	1
PLOD1	1	0	1
PLOD2	1	0	1
PLOD3	1	0	1
PLP1	1	0	1
PLP2	1	0	1
PLPBP	1	0	1
PLPP1	1	0	1
PLPP2	1	0	1
PLPP3	1	0	1
PLPP4	1	0	1
PLPP5	1	0	1
PLPP6	1	0	1
PLPP7	1	1	1
PLPPR1	1	0	1
PLPPR2	1	0	1
PLPPR3	1	0	1
PLPPR4	1	0	1
PLPPR5	1	0	1
PLRG1	1	0	1
PLS1	1	1	1
PLS3	1	0	1
PLSCR1	1	0	1
PLSCR2	1	1	1
PLSCR3	1	0	1
PLSCR4	1	0	1
PLSCR5	1	0	1
PLTP	1	0	1
PLVAP	1	0	1
PLXDC1	1	0	1
PLXDC2	1	0	1
PLXNA1	1	0	1
PLXNA2	1	0	1
PLXNA3	1	0	1
PLXNA4	1	0	1
PLXNB1	1	0	1
PLXNB2	1	0	1
PLXNB3	1	0	1
PLXNC1	1	0	1
PLXND1	1	0	1
PM20D1	1	0	1
PM20D2	1	0	1
PMAIP1	1	0	1
PMCH	1	0	1
PMEL	1	0	1
PMEPA1	1	0	1
PMF1	1	1	1
PMFBP1	1	0	1
PMIS2	1	0	1
PML	1	0	1
PMM1	1	0	1
PMM2	1	0	1
PMP2	1	0	1
PMP22	1	0	1
PMPCA	1	0	1
PMPCB	1	0	1
PMS1	1	0	1
PMS2	1	0	1
PMVK	1	0	1
PNCK	1	0	1
PNISR	1	0	1
PNKD	1	0	1
PNKP	1	0	1
PNLDC1	1	0	1
PNLIP	1	0	1
PNLIPRP1	1	0	1
PNLIPRP2	1	0	1
PNLIPRP3	1	1	1
PNMA1	1	0	1
PNMA2	1	0	1
PNMA3	1	0	1
PNMA5	1	0	1
PNMA6A	1	0	1
PNMA6E	1	0	1
PNMA6F	1	0	1
PNMA8A	1	0	1
PNMA8B	1	0	1
PNMA8C	1	0	1
PNMT	1	0	1
PNN	1	0	1
PNO1	1	0	1
PNOC	1	0	1
PNP	1	0	1
PNPLA1	1	0	1
PNPLA2	1	0	1
PNPLA3	1	0	1
PNPLA4	1	0	1
PNPLA5	1	0	1
PNPLA6	1	0	1
PNPLA7	1	0	1
PNPLA8	1	1	1
PNPO	1	0	1
PNPT1	1	0	1
PNRC1	1	0	1
PNRC2	1	1	1
POC1A	1	0	1
POC1B	1	0	1
POC5	1	0	1
PODN	1	0	1
PODNL1	1	0	1
PODXL	1	0	1
PODXL2	1	0	1
POF1B	1	0	1
POFUT1	1	0	1
POFUT2	1	0	1
POGK	1	0	1
POGLUT1	1	0	1
POGLUT2	1	0	1
POGLUT3	1	0	1
POGZ	1	0	1
POLA1	1	0	1
POLA2	1	0	1
POLB	1	0	1
POLD1	1	0	1
POLD2	1	0	1
POLD2P1	0	1	0
POLD3	1	0	1
POLD4	1	0	1
POLDIP2	1	0	1
POLDIP3	1	0	1
POLE	1	0	1
POLE2	1	0	1
POLE3	1	0	1
POLE4	1	0	1
POLG	1	0	1
POLG2	1	0	1
POLH	1	0	1
POLI	1	0	1
POLK	1	0	1
POLL	1	0	1
POLM	1	0	1
POLN	1	0	1
POLQ	1	1	1
POLR1A	1	0	1
POLR1B	1	0	1
POLR1C	1	1	1
POLR1D	1	0	1
POLR1E	1	0	1
POLR1F	1	0	1
POLR1G	1	0	1
POLR1H	1	0	1
POLR2A	1	0	1
POLR2B	1	1	1
POLR2C	1	0	1
POLR2D	1	0	1
POLR2E	1	0	1
POLR2F	1	0	1
POLR2G	1	0	1
POLR2H	1	0	1
POLR2I	1	0	1
POLR2J	1	0	1
POLR2J2	1	0	1
POLR2J3	1	0	1
POLR2K	1	0	1
POLR2L	1	0	1
POLR2M	1	1	1
POLR3A	1	0	1
POLR3B	1	0	1
POLR3C	1	0	1
POLR3D	1	0	1
POLR3E	1	0	1
POLR3F	1	1	1
POLR3G	1	0	1
POLR3GL	1	0	1
POLR3H	1	0	1
POLR3K	1	0	1
POLRMT	1	0	1
POM121	1	0	1
POM121C	1	0	1
POM121L12	1	0	1
POM121L2	1	0	1
POMC	1	0	1
POMGNT1	1	0	1
POMGNT2	1	0	1
POMK	1	0	1
POMP	1	0	1
POMT1	1	0	1
POMT2	1	0	1
POMZP3	1	0	1
PON1	1	0	1
PON2	1	0	1
PON3	1	0	1
POP1	1	0	1
POP4	1	0	1
POP5	1	0	1
POP7	1	0	1
POPDC2	1	0	1
POPDC3	1	0	1
POR	1	1	1
PORCN	1	0	1
POSTN	1	0	1
POT1	1	1	1
POT1-AS1	0	1	0
POTEA	0	0	1
POTEB	1	0	1
POTEB2	1	0	1
POTEB3	1	0	1
POTEC	1	0	1
POTED	1	1	1
POTEE	1	0	1
POTEF	1	1	1
POTEG	1	0	1
POTEH	1	0	1
POTEI	1	0	1
POTEJ	1	0	1
POTEM	1	0	1
POU1F1	1	0	1
POU2AF1	1	0	1
POU2AF2	1	0	1
POU2AF3	1	0	1
POU2F1	1	0	1
POU2F2	1	0	1
POU2F3	1	0	1
POU3F1	1	0	1
POU3F2	1	0	1
POU3F3	1	0	1
POU3F4	1	0	1
POU4F1	1	0	1
POU4F2	1	0	1
POU4F3	1	0	1
POU5F1	1	0	1
POU5F1B	1	1	1
POU5F2	1	0	1
POU6F1	1	0	1
POU6F2	1	0	1
PP2D1	1	0	1
PPA1	1	0	1
PPA2	1	0	1
PPAN	1	0	1
PPAN-P2RY11	0	0	1
PPARA	1	0	1
PPARD	1	0	1
PPARG	1	0	1
PPARGC1A	1	0	1
PPARGC1B	1	0	1
PPAT	1	0	1
PPATP1	0	1	0
PPBP	1	0	1
PPCDC	1	0	1
PPCS	1	0	1
PPDPF	1	0	1
PPDPFL	1	1	1
PPEF1	1	0	1
PPEF2	1	0	1
PPFIA1	1	0	1
PPFIA2	1	0	1
PPFIA3	1	0	1
PPFIA4	1	0	1
PPFIBP1	1	0	1
PPFIBP2	1	0	1
PPHLN1	1	0	1
PPIA	1	0	1
PPIAL4A	1	0	1
PPIAL4E	1	0	1
PPIAL4F	1	0	1
PPIAL4G	1	0	1
PPIAL4H	1	0	1
PPIAP22	0	1	0
PPIAP72	0	1	0
PPIAP78	0	1	0
PPIAP79	0	1	0
PPIB	1	0	1
PPIC	1	0	1
PPID	1	0	1
PPIE	1	0	1
PPIF	1	0	1
PPIG	1	0	1
PPIH	1	0	1
PPIL1	1	0	1
PPIL2	1	0	1
PPIL3	1	0	1
PPIL4	1	0	1
PPIL6	1	0	1
PPIP5K1	1	0	1
PPIP5K2	1	0	1
PPL	1	0	1
PPM1A	1	0	1
PPM1B	1	0	1
PPM1D	1	0	1
PPM1E	1	0	1
PPM1F	1	0	1
PPM1G	1	0	1
PPM1H	1	0	1
PPM1J	1	0	1
PPM1K	1	0	1
PPM1L	1	0	1
PPM1M	1	0	1
PPM1N	1	0	1
PPME1	1	0	1
PPOX	1	0	1
PPP1CA	1	0	1
PPP1CB	1	0	1
PPP1CC	1	0	1
PPP1R10	1	0	1
PPP1R11	1	0	1
PPP1R11P2	0	1	0
PPP1R12A	1	0	1
PPP1R12B	1	0	1
PPP1R12C	1	0	1
PPP1R13B	1	0	1
PPP1R13L	1	1	1
PPP1R14A	1	0	1
PPP1R14B	1	0	1
PPP1R14C	1	0	1
PPP1R14D	1	1	1
PPP1R15A	1	0	1
PPP1R15B	1	0	1
PPP1R16A	1	0	1
PPP1R16B	1	0	1
PPP1R17	1	0	1
PPP1R18	1	0	1
PPP1R1A	1	0	1
PPP1R1B	1	0	1
PPP1R1C	1	1	1
PPP1R2	1	0	1
PPP1R21	1	0	1
PPP1R26	1	0	1
PPP1R27	1	0	1
PPP1R2B	1	1	1
PPP1R2C	1	0	1
PPP1R32	1	0	1
PPP1R35	1	0	1
PPP1R36	1	1	1
PPP1R37	1	0	1
PPP1R3A	1	0	1
PPP1R3B	1	0	1
PPP1R3C	1	0	1
PPP1R3D	1	0	1
PPP1R3E	1	0	1
PPP1R3F	1	0	1
PPP1R3G	1	0	1
PPP1R42	1	0	1
PPP1R7	1	0	1
PPP1R8	1	0	1
PPP1R9A	1	0	1
PPP1R9B	1	0	1
PPP2CA	1	0	1
PPP2CB	1	0	1
PPP2R1A	1	0	1
PPP2R1B	1	0	1
PPP2R2A	1	0	1
PPP2R2B	1	0	1
PPP2R2C	1	0	1
PPP2R2D	1	0	1
PPP2R3A	1	0	1
PPP2R3B	1	0	1
PPP2R3C	1	0	1
PPP2R5A	1	0	1
PPP2R5B	1	0	1
PPP2R5C	1	0	1
PPP2R5D	1	0	1
PPP2R5E	1	0	1
PPP3CA	1	0	1
PPP3CB	1	0	1
PPP3CC	1	0	1
PPP3R1	1	0	1
PPP3R2	1	0	1
PPP4C	1	0	1
PPP4R1	1	0	1
PPP4R2	1	0	1
PPP4R3A	1	0	1
PPP4R3B	1	0	1
PPP4R3C	1	1	1
PPP4R4	1	0	1
PPP5C	1	0	1
PPP5D1	0	1	0
PPP6C	1	0	1
PPP6R1	1	0	1
PPP6R2	1	0	1
PPP6R3	1	0	1
PPRC1	1	0	1
PPT1	1	0	1
PPT2	1	0	1
PPTC7	1	0	1
PPWD1	1	0	1
PPY	1	0	1
PQBP1	1	0	1
PRAC1	1	0	1
PRAC2	1	0	1
PRADC1	1	0	1
PRAF2	1	0	1
PRAG1	1	0	1
PRAM1	1	1	1
PRAME	1	0	1
PRAMEF1	1	0	1
PRAMEF10	1	0	1
PRAMEF11	1	0	1
PRAMEF12	1	0	1
PRAMEF13	1	0	1
PRAMEF14	1	0	1
PRAMEF15	1	0	1
PRAMEF17	1	0	1
PRAMEF18	1	0	1
PRAMEF19	1	0	1
PRAMEF2	1	0	1
PRAMEF20	1	0	1
PRAMEF25	1	0	1
PRAMEF26	1	0	1
PRAMEF27	1	0	1
PRAMEF33	1	0	1
PRAMEF4	1	0	1
PRAMEF5	1	0	1
PRAMEF6	1	0	1
PRAMEF7	1	0	1
PRAMEF8	1	0	1
PRAMEF9	1	0	1
PRAP1	1	0	1
PRB1	1	0	1
PRB2	1	1	1
PRB3	1	0	1
PRB4	1	0	1
PRC1	1	0	1
PRCC	1	0	1
PRCD	1	0	1
PRCP	1	0	1
PRDM1	1	0	1
PRDM10	1	0	1
PRDM11	1	0	1
PRDM12	1	0	1
PRDM13	1	0	1
PRDM14	1	0	1
PRDM15	1	0	1
PRDM16	1	0	1
PRDM2	1	0	1
PRDM4	1	0	1
PRDM5	1	0	1
PRDM6	1	0	1
PRDM7	1	0	1
PRDM8	1	0	1
PRDM9	1	1	1
PRDX1	1	0	1
PRDX2	1	0	1
PRDX2P2	0	1	0
PRDX3	1	0	1
PRDX4	1	0	1
PRDX4P1	0	1	0
PRDX5	1	0	1
PRDX6	1	0	1
PREB	1	0	1
PRELID1	1	0	1
PRELID2	1	0	1
PRELID3A	1	0	1
PRELID3B	1	0	1
PRELID3BP1	0	1	0
PRELP	1	0	1
PREP	1	0	1
PREPL	1	0	1
PREX1	1	0	1
PREX2	1	0	1
PRF1	1	1	1
PRG2	1	0	1
PRG3	1	0	1
PRG4	1	0	1
PRH1	1	0	1
PRH2	1	1	1
PRICKLE1	1	0	1
PRICKLE2	1	0	1
PRICKLE3	1	0	1
PRICKLE4	1	0	1
PRIM1	1	0	1
PRIM2	1	0	1
PRIMA1	1	0	1
PRIMPOL	1	1	1
PRKAA1	1	0	1
PRKAA2	1	0	1
PRKAB1	1	0	1
PRKAB2	1	0	1
PRKACA	1	0	1
PRKACB	1	0	1
PRKACG	1	0	1
PRKAG1	1	0	1
PRKAG2	1	0	1
PRKAG3	1	0	1
PRKAR1A	1	1	1
PRKAR1B	1	0	1
PRKAR2A	1	0	1
PRKAR2B	1	0	1
PRKCA	1	0	1
PRKCB	1	0	1
PRKCD	1	0	1
PRKCE	1	0	1
PRKCG	1	0	1
PRKCH	1	0	1
PRKCI	1	0	1
PRKCQ	1	0	1
PRKCSH	1	0	1
PRKCZ	1	0	1
PRKD1	1	1	1
PRKD2	1	0	1
PRKD3	1	0	1
PRKDC	1	0	1
PRKG1	1	0	1
PRKG2	1	0	1
PRKN	1	0	1
PRKRA	1	0	1
PRKRIP1	1	0	1
PRKX	1	0	1
PRKY	1	0	0
PRL	1	0	1
PRLH	1	0	1
PRLHR	1	0	1
PRLR	1	0	1
PRM1	1	0	1
PRM2	1	0	1
PRM3	1	0	1
PRMT1	1	0	1
PRMT2	1	1	1
PRMT3	1	0	1
PRMT5	1	0	1
PRMT6	1	1	1
PRMT7	1	0	1
PRMT8	1	0	1
PRMT9	1	0	1
PRND	1	0	1
PRNP	1	0	1
PROB1	1	0	1
PROC	1	0	1
PROCA1	1	0	1
PROCR	1	0	1
PRODH	1	0	1
PRODH2	1	1	1
PROK1	1	0	1
PROK2	1	0	1
PROKR1	1	0	1
PROKR2	1	0	1
PROM1	1	0	1
PROM2	1	0	1
PROP1	1	0	1
PRORP	1	0	1
PROS1	1	0	1
PROS2P	0	1	0
PROSER1	1	0	1
PROSER2	1	0	1
PROSER3	1	0	1
PROX1	1	0	1
PROX1-AS1	0	1	0
PROX2	1	0	1
PROZ	1	0	1
PRPF18	1	0	1
PRPF19	1	0	1
PRPF3	1	0	1
PRPF31	1	0	1
PRPF38A	1	0	1
PRPF38AP2	0	1	0
PRPF38B	1	0	1
PRPF39	1	0	1
PRPF4	1	0	1
PRPF40A	1	0	1
PRPF40B	1	0	1
PRPF4B	1	0	1
PRPF6	1	1	1
PRPF8	1	0	1
PRPH	1	0	1
PRPH2	1	0	1
PRPS1	1	0	1
PRPS1L1	1	0	1
PRPS2	1	0	1
PRPSAP1	1	0	1
PRPSAP2	1	0	1
PRR11	1	0	1
PRR12	1	0	1
PRR13	1	0	1
PRR14	1	0	1
PRR14L	1	0	1
PRR15	1	0	1
PRR15L	1	0	1
PRR16	1	1	1
PRR18	1	0	1
PRR19	1	0	1
PRR20A	1	0	1
PRR20B	1	0	1
PRR20C	1	0	1
PRR20D	1	0	1
PRR20E	1	0	1
PRR20G	1	0	1
PRR22	1	0	1
PRR23A	1	0	1
PRR23B	1	0	1
PRR23C	1	0	1
PRR23D1	1	0	1
PRR23D2	1	0	1
PRR23E	1	0	1
PRR26	0	1	0
PRR27	1	1	1
PRR29	1	0	1
PRR3	1	0	1
PRR30	1	0	1
PRR32	1	0	1
PRR33	1	0	1
PRR35	1	0	1
PRR36	1	1	1
PRR4	1	0	1
PRR5	1	1	1
PRR5-ARHGAP8	0	0	1
PRR5L	1	0	1
PRR7	1	0	1
PRR9	1	0	1
PRRC1	1	0	1
PRRC2A	1	0	1
PRRC2B	1	0	1
PRRC2C	1	0	1
PRRG1	1	0	1
PRRG2	1	0	1
PRRG3	1	0	1
PRRG4	1	0	1
PRRT1	1	0	1
PRRT1B	1	0	1
PRRT2	1	0	1
PRRT3	1	0	1
PRRT4	1	0	1
PRRX1	1	0	1
PRRX2	1	0	1
PRSS1	1	0	1
PRSS12	1	0	1
PRSS16	1	0	1
PRSS2	1	0	1
PRSS21	1	0	1
PRSS22	1	0	1
PRSS23	1	0	1
PRSS27	1	0	1
PRSS3	1	0	1
PRSS33	1	0	1
PRSS35	1	0	1
PRSS36	1	0	1
PRSS37	1	0	1
PRSS38	1	0	1
PRSS40A	0	1	0
PRSS41	1	0	1
PRSS45P	1	0	0
PRSS48	1	0	1
PRSS50	1	1	1
PRSS51	1	0	1
PRSS53	1	0	1
PRSS54	1	0	1
PRSS55	1	1	1
PRSS56	1	0	1
PRSS57	1	0	1
PRSS58	1	0	1
PRSS8	1	0	1
PRTFDC1	1	0	1
PRTG	1	0	1
PRTN3	1	0	1
PRUNE1	1	0	1
PRUNE2	1	0	1
PRX	1	1	1
PRXL2A	1	0	1
PRXL2AP2	0	1	0
PRXL2B	1	0	1
PRXL2C	1	0	1
PRY	1	0	1
PRY2	1	0	1
PRYP3	1	0	0
PSAP	1	0	1
PSAPL1	1	0	1
PSAT1	1	0	1
PSAT1P1	0	1	0
PSAT1P4	0	1	0
PSCA	1	0	1
PSD	1	0	1
PSD2	1	0	1
PSD3	1	0	1
PSD4	1	0	1
PSEN1	1	0	1
PSEN2	1	0	1
PSENEN	1	0	1
PSG1	1	0	1
PSG11	1	0	1
PSG2	1	0	1
PSG3	1	0	1
PSG4	1	0	1
PSG5	1	0	1
PSG6	1	0	1
PSG7	1	0	1
PSG8	1	0	1
PSG9	1	0	1
PSIP1	1	0	1
PSKH1	1	0	1
PSKH2	1	0	1
PSLNR	0	1	0
PSMA1	1	0	1
PSMA2	1	0	1
PSMA3	1	0	1
PSMA3-AS1	0	1	0
PSMA3P	0	1	0
PSMA4	1	0	1
PSMA5	1	0	1
PSMA6	1	0	1
PSMA7	1	0	1
PSMA8	1	0	1
PSMB1	1	0	1
PSMB10	1	0	1
PSMB11	1	0	1
PSMB2	1	0	1
PSMB3	1	0	1
PSMB4	1	0	1
PSMB5	1	0	1
PSMB6	1	0	1
PSMB7	1	0	1
PSMB8	1	0	1
PSMB9	1	0	1
PSMC1	1	0	1
PSMC1P10	0	1	0
PSMC1P3	0	1	0
PSMC1P8	0	1	0
PSMC2	1	0	1
PSMC3	1	0	1
PSMC3IP	1	0	1
PSMC4	1	0	1
PSMC5	1	0	1
PSMC6	1	0	1
PSMD1	1	0	1
PSMD10	1	0	1
PSMD11	1	0	1
PSMD12	1	0	1
PSMD13	1	0	1
PSMD14	1	0	1
PSMD2	1	0	1
PSMD3	1	0	1
PSMD4	1	0	1
PSMD5	1	0	1
PSMD6	1	1	1
PSMD7	1	0	1
PSMD8	1	0	1
PSMD9	1	0	1
PSME1	1	0	1
PSME2	1	0	1
PSME2P2	0	1	0
PSME2P6	0	1	0
PSME3	1	1	1
PSME3IP1	1	0	1
PSME4	1	0	1
PSMF1	1	0	1
PSMG1	1	0	1
PSMG2	1	0	1
PSMG3	1	0	1
PSMG4	1	0	1
PSORS1C1	1	1	1
PSORS1C2	1	0	1
PSPC1	1	0	1
PSPH	1	0	1
PSPN	1	0	1
PSRC1	1	0	1
PSTK	1	0	1
PSTPIP1	1	0	1
PSTPIP2	1	0	1
PTAFR	1	0	1
PTAR1	1	0	1
PTBP1	1	0	1
PTBP1P	0	1	0
PTBP2	1	0	1
PTBP3	1	0	1
PTCD1	1	0	1
PTCD2	1	0	1
PTCD2P1	0	1	0
PTCD3	1	0	1
PTCH1	1	0	1
PTCH2	1	0	1
PTCHD1	1	0	1
PTCHD3	1	1	1
PTCHD4	1	0	1
PTCRA	1	0	1
PTCSC2	0	1	0
PTCSC3	0	1	0
PTDSS1	1	0	1
PTDSS2	1	0	1
PTEN	1	0	1
PTER	1	1	1
PTF1A	1	0	1
PTGDR	1	0	1
PTGDR2	1	0	1
PTGDS	1	0	1
PTGER1	1	0	1
PTGER2	1	0	1
PTGER3	1	0	1
PTGER4	1	0	1
PTGES	1	0	1
PTGES2	1	0	1
PTGES3	1	0	1
PTGES3L	1	0	1
PTGES3L-AARSD1	0	0	1
PTGFR	1	1	1
PTGFRN	1	0	1
PTGIR	1	0	1
PTGIS	1	0	1
PTGR1	1	0	1
PTGR2	1	0	1
PTGR3	1	0	1
PTGS1	1	0	1
PTGS2	1	0	1
PTH	1	0	1
PTH1R	1	0	1
PTH2	1	0	1
PTH2R	1	1	1
PTHLH	1	0	1
PTK2	1	0	1
PTK2B	1	0	1
PTK6	1	0	1
PTK7	1	0	1
PTMA	1	0	1
PTMAP5	0	1	0
PTMAP6	0	1	0
PTMS	1	0	1
PTN	1	0	1
PTOV1	1	0	1
PTP4A1	1	0	1
PTP4A2	1	1	1
PTP4A3	1	0	1
PTPA	1	0	1
PTPDC1	1	0	1
PTPMT1	1	0	1
PTPN1	1	0	1
PTPN11	1	0	1
PTPN12	1	0	1
PTPN13	1	0	1
PTPN14	1	0	1
PTPN18	1	1	1
PTPN2	1	0	1
PTPN20	1	0	1
PTPN21	1	0	1
PTPN22	1	0	1
PTPN23	1	0	1
PTPN3	1	0	1
PTPN4	1	0	1
PTPN5	1	0	1
PTPN6	1	0	1
PTPN7	1	0	1
PTPN9	1	0	1
PTPRA	1	0	1
PTPRB	1	0	1
PTPRC	1	0	1
PTPRCAP	1	0	1
PTPRD	1	0	1
PTPRE	1	0	1
PTPRF	1	1	1
PTPRG	1	0	1
PTPRH	1	0	1
PTPRJ	1	0	1
PTPRK	1	0	1
PTPRM	1	0	1
PTPRN	1	0	1
PTPRN2	1	0	1
PTPRO	1	0	1
PTPRQ	1	0	1
PTPRR	1	0	1
PTPRS	1	0	1
PTPRT	1	0	1
PTPRU	1	0	1
PTPRVP	0	1	0
PTPRZ1	1	0	1
PTRH1	1	0	1
PTRH2	1	0	1
PTRHD1	1	0	1
PTS	1	0	1
PTTG1	1	0	1
PTTG1IP	1	0	1
PTTG1IP2	1	0	1
PTTG2	1	0	1
PTX3	1	0	1
PTX4	1	0	1
PUDP	1	0	1
PUDPP2	0	1	0
PUF60	1	0	1
PUM1	1	0	1
PUM2	1	0	1
PUM3	1	0	1
PURA	1	0	1
PURB	1	0	1
PURG	1	0	1
PURPL	0	1	0
PUS1	1	0	1
PUS10	1	0	1
PUS3	1	0	1
PUS7	1	0	1
PUS7L	1	0	1
PUSL1	1	0	1
PVALB	1	0	1
PVALEF	1	0	1
PVR	1	0	1
PVRIG	1	0	1
PVT1	0	1	0
PWP1	1	0	1
PWP2	1	0	1
PWRN4	0	1	0
PWWP2A	1	0	1
PWWP2B	1	0	1
PWWP3A	1	0	1
PWWP3B	1	0	1
PWWP4	1	0	1
PXDC1	1	0	1
PXDN	1	0	1
PXDNL	1	0	1
PXK	1	0	1
PXMP2	1	0	1
PXMP4	1	0	1
PXN	1	0	1
PXT1	1	0	1
PXYLP1	1	0	1
PYCARD	1	0	1
PYCR1	1	0	1
PYCR2	1	0	1
PYCR3	1	0	1
PYDC1	1	1	1
PYDC2	1	0	1
PYGB	1	0	1
PYGL	1	0	1
PYGM	1	0	1
PYGO1	1	0	1
PYGO2	1	0	1
PYHIN1	1	1	1
PYHIN5P	0	1	0
PYM1	1	0	1
PYROXD1	1	0	1
PYROXD2	1	0	1
PYURF	1	0	1
PYY	1	0	1
PYY3	0	1	0
PZP	1	0	1
QARS1	1	0	1
QDPR	1	0	1
QKI	1	0	1
QPCT	1	0	1
QPCTL	1	0	1
QPRT	1	0	1
QRFP	1	0	1
QRFPR	1	0	1
QRICH1	1	0	1
QRICH2	1	1	1
QRSL1	1	0	1
QSER1	1	0	1
QSOX1	1	0	1
QSOX2	1	0	1
QTRT1	1	0	1
QTRT2	1	0	1
R3HCC1	1	0	1
R3HCC1L	1	0	1
R3HDM1	1	0	1
R3HDM2	1	0	1
R3HDM4	1	0	1
R3HDML	1	0	1
RAB10	1	0	1
RAB11A	1	0	1
RAB11B	1	0	1
RAB11FIP1	1	0	1
RAB11FIP2	1	0	1
RAB11FIP3	1	0	1
RAB11FIP4	1	0	1
RAB11FIP5	1	0	1
RAB12	1	0	1
RAB13	1	0	1
RAB14	1	0	1
RAB15	1	0	1
RAB17	1	0	1
RAB18	1	0	1
RAB19	1	0	1
RAB1A	1	0	1
RAB1B	1	0	1
RAB1C	0	1	0
RAB20	1	0	1
RAB21	1	0	1
RAB22A	1	0	1
RAB23	1	0	1
RAB24	1	0	1
RAB25	1	0	1
RAB26	1	0	1
RAB27A	1	0	1
RAB27B	1	0	1
RAB28	1	0	1
RAB29	1	0	1
RAB2A	1	0	1
RAB2B	1	0	1
RAB30	1	0	1
RAB30-DT	0	1	0
RAB31	1	0	1
RAB32	1	0	1
RAB33A	1	0	1
RAB33B	1	0	1
RAB34	1	0	1
RAB35	1	0	1
RAB36	1	0	1
RAB37	1	0	1
RAB38	1	0	1
RAB39A	1	0	1
RAB39B	1	0	1
RAB3A	1	0	1
RAB3B	1	0	1
RAB3C	1	0	1
RAB3D	1	0	1
RAB3GAP1	1	0	1
RAB3GAP2	1	0	1
RAB3IL1	1	0	1
RAB3IP	1	0	1
RAB40A	1	0	1
RAB40AL	1	0	1
RAB40B	1	0	1
RAB40C	1	0	1
RAB41	1	0	1
RAB42	1	0	1
RAB43	1	1	1
RAB44	1	0	1
RAB4A	1	0	1
RAB4B	1	0	1
RAB5A	1	0	1
RAB5B	1	0	1
RAB5C	1	0	1
RAB5IF	1	0	1
RAB6A	1	0	1
RAB6B	1	0	1
RAB6C	1	0	1
RAB6D	1	0	1
RAB7A	1	0	1
RAB7B	1	0	1
RAB8A	1	0	1
RAB8B	1	0	1
RAB9A	1	0	1
RAB9B	1	0	1
RABAC1	1	0	1
RABEP1	1	0	1
RABEP2	1	0	1
RABEPK	1	0	1
RABGAP1	1	0	1
RABGAP1L	1	0	1
RABGEF1	1	1	1
RABGGTA	1	0	1
RABGGTB	1	0	1
RABIF	1	0	1
RABL2A	1	0	1
RABL2B	1	0	1
RABL3	1	0	1
RABL6	1	0	1
RAC1	1	0	1
RAC1P2	0	1	0
RAC2	1	0	1
RAC3	1	0	1
RACGAP1	1	1	1
RACK1	1	0	1
RAD1	1	0	1
RAD17	1	0	1
RAD18	1	0	1
RAD21	1	0	1
RAD21L1	1	0	1
RAD23A	1	0	1
RAD23B	1	0	1
RAD50	1	0	1
RAD51	1	1	1
RAD51AP1	1	0	1
RAD51AP2	1	0	1
RAD51B	1	0	1
RAD51C	1	0	1
RAD51D	1	1	1
RAD52	1	0	1
RAD54B	1	0	1
RAD54L	1	0	1
RAD54L2	1	0	1
RAD9A	1	0	1
RAD9B	1	0	1
RADIL	1	0	1
RADX	1	0	1
RAE1	1	0	1
RAET1E	1	1	1
RAET1G	1	1	1
RAET1K	0	1	0
RAET1L	1	0	1
RAF1	1	0	1
RAG1	1	0	1
RAG2	1	0	1
RAI1	1	0	1
RAI14	1	0	1
RAI2	1	0	1
RALA	1	0	1
RALB	1	0	1
RALBP1	1	1	1
RALGAPA1	1	0	1
RALGAPA2	1	0	1
RALGAPB	1	0	1
RALGDS	1	0	1
RALGPS1	1	0	1
RALGPS2	1	0	1
RALY	1	0	1
RALYL	1	0	1
RAMAC	1	0	1
RAMACL	1	0	1
RAMP1	1	0	1
RAMP2	1	0	1
RAMP3	1	1	1
RAN	1	0	1
RANBP1	1	0	1
RANBP10	1	0	1
RANBP17	1	0	1
RANBP2	1	1	1
RANBP3	1	0	1
RANBP3L	1	0	1
RANBP6	1	0	1
RANBP9	1	0	1
RANGAP1	1	0	1
RANGRF	1	0	1
RAP1A	1	0	1
RAP1B	1	0	1
RAP1GAP	1	1	1
RAP1GAP2	1	0	1
RAP1GDS1	1	0	1
RAP2A	1	1	1
RAP2B	1	0	1
RAP2C	1	0	1
RAPGEF1	1	0	1
RAPGEF2	1	0	1
RAPGEF3	1	0	1
RAPGEF4	1	0	1
RAPGEF5	1	0	1
RAPGEF6	1	0	1
RAPGEFL1	1	0	1
RAPH1	1	0	1
RAPSN	1	0	1
RARA	1	0	1
RARB	1	0	1
RARG	1	0	1
RARRES1	1	0	1
RARRES2	1	0	1
RARS1	1	0	1
RARS2	1	0	1
RASA1	1	0	1
RASA2	1	0	1
RASA3	1	0	1
RASA4	1	0	1
RASA4B	1	0	1
RASAL1	1	0	1
RASAL2	1	0	1
RASAL3	1	0	1
RASD1	1	0	1
RASD2	1	0	1
RASEF	1	0	1
RASGEF1A	1	0	1
RASGEF1B	1	0	1
RASGEF1C	1	0	1
RASGRF1	1	0	1
RASGRF2	1	0	1
RASGRF2-AS1	0	1	0
RASGRP1	1	0	1
RASGRP2	1	0	1
RASGRP3	1	0	1
RASGRP4	1	0	1
RASIP1	1	0	1
RASL10A	1	0	1
RASL10B	1	0	1
RASL11A	1	0	1
RASL11B	1	0	1
RASL12	1	0	1
RASSF1	1	0	1
RASSF10	1	0	1
RASSF2	1	0	1
RASSF3	1	0	1
RASSF4	1	0	1
RASSF5	1	0	1
RASSF6	1	0	1
RASSF7	1	0	1
RASSF8	1	0	1
RASSF9	1	0	1
RAVER1	1	0	1
RAVER2	1	0	1
RAX	1	0	1
RAX2	1	0	1
RB1	1	1	1
RB1-DT	0	1	0
RB1CC1	1	0	1
RBAK	1	0	1
RBBP4	1	0	1
RBBP5	1	0	1
RBBP6	1	0	1
RBBP7	1	0	1
RBBP8	1	0	1
RBBP8NL	1	1	1
RBBP9	1	0	1
RBCK1	1	1	1
RBFA	1	0	1
RBFOX1	1	0	1
RBFOX2	1	0	1
RBFOX3	1	0	1
RBIS	1	0	1
RBKS	1	0	1
RBL1	1	0	1
RBL2	1	0	1
RBM10	1	0	1
RBM11	1	1	1
RBM12	1	1	1
RBM12B	1	0	1
RBM14	1	0	1
RBM15	1	0	1
RBM15B	1	0	1
RBM17	1	1	1
RBM18	1	0	1
RBM19	1	0	1
RBM20	1	0	1
RBM22	1	0	1
RBM23	1	0	1
RBM24	1	0	1
RBM25	1	0	1
RBM26	1	0	1
RBM27	1	0	1
RBM28	1	0	1
RBM3	1	0	1
RBM33	1	0	1
RBM34	1	0	1
RBM38	1	0	1
RBM39	1	0	1
RBM4	1	0	1
RBM41	1	0	1
RBM42	1	0	1
RBM43	1	0	1
RBM44	1	0	1
RBM45	1	0	1
RBM46	1	0	1
RBM47	1	0	1
RBM48	1	0	1
RBM4B	1	0	1
RBM5	1	0	1
RBM6	1	0	1
RBM7	1	0	1
RBM8A	1	0	1
RBMS1	1	0	1
RBMS2	1	0	1
RBMS3	1	0	1
RBMX	1	0	1
RBMX2	1	0	1
RBMX2P2	0	1	0
RBMXL1	1	0	1
RBMXL2	1	0	1
RBMXL3	1	0	1
RBMY1A1	1	0	1
RBMY1B	1	0	1
RBMY1D	1	0	1
RBMY1E	1	0	1
RBMY1F	1	0	1
RBMY1J	1	0	1
RBP1	1	0	1
RBP2	1	0	1
RBP3	1	0	1
RBP4	1	0	1
RBP5	1	0	1
RBP7	1	0	1
RBPJ	1	0	1
RBPJL	1	0	1
RBPMS	1	0	1
RBPMS2	1	0	1
RBSN	1	0	1
RBX1	1	0	1
RC3H1	1	0	1
RC3H2	1	0	1
RCAN1	1	0	1
RCAN2	1	0	1
RCAN3	1	1	1
RCBTB1	1	0	1
RCBTB2	1	0	1
RCC1	1	0	1
RCC1L	1	0	1
RCC2	1	0	1
RCC2P3	0	1	0
RCC2P7	0	1	0
RCCD1	1	1	1
RCE1	1	0	1
RCHY1	1	0	1
RCL1	1	0	1
RCN1	1	0	1
RCN2	1	0	1
RCN3	1	0	1
RCOR1	1	0	1
RCOR2	1	0	1
RCOR3	1	0	1
RCSD1	1	0	1
RCVRN	1	0	1
RD3	1	0	1
RD3L	1	0	1
RDH10	1	0	1
RDH11	1	0	1
RDH12	1	0	1
RDH13	1	0	1
RDH14	1	0	1
RDH16	1	0	1
RDH5	1	0	1
RDH8	1	0	1
RDM1	1	0	1
RDX	1	1	1
REC114	1	0	1
REC8	1	0	1
RECK	1	0	1
RECQL	1	0	1
RECQL4	1	0	1
RECQL5	1	0	1
REELD1	1	0	1
REEP1	1	0	1
REEP2	1	0	1
REEP3	1	0	1
REEP4	1	0	1
REEP5	1	0	1
REEP6	1	0	1
REG1A	1	0	1
REG1B	1	0	1
REG1CP	0	1	0
REG3A	1	0	1
REG3G	1	0	1
REG4	1	0	1
REL	1	0	1
RELA	1	0	1
RELB	1	0	1
RELCH	1	0	1
RELL1	1	0	1
RELL2	1	0	1
RELN	1	0	1
RELT	1	0	1
REM1	1	0	1
REM2	1	0	1
REN	1	0	1
RENBP	1	0	1
REP15	1	0	1
REPIN1	1	0	1
REPS1	1	0	1
REPS2	1	0	1
RER1	1	0	1
RERE	1	0	1
RERG	1	0	1
RERGL	1	1	1
RESF1	1	1	1
RESP18	1	0	1
REST	1	0	1
RET	1	1	1
RETN	1	0	1
RETNLB	1	0	1
RETREG1	1	0	1
RETREG2	1	0	1
RETREG3	1	0	1
RETSAT	1	0	1
REV1	1	1	1
REV3L	1	0	1
REX1BD	1	0	1
REXO1	1	0	1
REXO2	1	0	1
REXO4	1	0	1
REXO5	1	0	1
RFC1	1	0	1
RFC2	1	0	1
RFC3	1	0	1
RFC4	1	0	1
RFC5	1	0	1
RFC5P1	0	1	0
RFESD	1	0	1
RFFL	1	0	1
RFK	1	0	1
RFLNA	1	0	1
RFLNB	1	0	1
RFNG	1	0	1
RFPL1	1	1	1
RFPL1S	0	1	0
RFPL2	1	0	1
RFPL3	1	0	1
RFPL4A	1	0	1
RFPL4AL1	1	0	1
RFPL4B	1	1	1
RFT1	1	0	1
RFTN1	1	0	1
RFTN2	1	0	1
RFWD3	1	1	1
RFX1	1	0	1
RFX2	1	0	1
RFX3	1	0	1
RFX3-AS1	0	1	0
RFX4	1	1	1
RFX5	1	0	1
RFX6	1	0	1
RFX7	1	0	1
RFX8	1	0	1
RFXANK	1	0	1
RFXAP	1	0	1
RGCC	1	0	1
RGL1	1	0	1
RGL2	1	0	1
RGL3	1	0	1
RGL4	1	0	1
RGMA	1	0	1
RGMB	1	0	1
RGN	1	0	1
RGP1	1	0	1
RGPD1	1	0	1
RGPD2	1	0	1
RGPD3	1	0	1
RGPD4	1	0	1
RGPD5	1	0	1
RGPD6	1	0	1
RGPD8	1	0	1
RGR	1	0	1
RGS1	1	0	1
RGS10	1	0	1
RGS11	1	0	1
RGS12	1	0	1
RGS13	1	0	1
RGS14	1	0	1
RGS16	1	0	1
RGS17	1	0	1
RGS18	1	0	1
RGS19	1	0	1
RGS2	1	0	1
RGS20	1	0	1
RGS21	1	0	1
RGS22	1	0	1
RGS3	1	1	1
RGS4	1	0	1
RGS5	1	0	1
RGS6	1	0	1
RGS7	1	0	1
RGS7BP	1	0	1
RGS8	1	0	1
RGS9	1	0	1
RGS9BP	1	0	1
RGSL1	1	0	1
RHAG	1	0	1
RHBDD1	1	0	1
RHBDD2	1	0	1
RHBDD3	1	0	1
RHBDF1	1	0	1
RHBDF2	1	0	1
RHBDL1	1	0	1
RHBDL2	1	0	1
RHBDL3	1	0	1
RHBG	1	0	1
RHCE	1	0	1
RHCG	1	0	1
RHD	1	0	1
RHEB	1	0	1
RHEBL1	1	0	1
RHEX	1	0	1
RHNO1	1	0	1
RHO	1	0	1
RHOA	1	1	1
RHOB	1	0	1
RHOBTB1	1	0	1
RHOBTB2	1	0	1
RHOBTB3	1	1	1
RHOC	1	0	1
RHOD	1	0	1
RHOF	1	0	1
RHOG	1	0	1
RHOH	1	0	1
RHOJ	1	0	1
RHOQ	1	0	1
RHOT1	1	0	1
RHOT2	1	0	1
RHOU	1	0	1
RHOV	1	0	1
RHOXF1	1	0	1
RHOXF1P2	0	1	0
RHOXF2	1	0	1
RHOXF2B	1	0	1
RHPN1	1	0	1
RHPN2	1	0	1
RIBC1	1	0	1
RIBC2	1	1	1
RIC1	1	0	1
RIC3	1	0	1
RIC8A	1	0	1
RIC8B	1	0	1
RICTOR	1	0	1
RIDA	1	0	1
RIF1	1	0	1
RIGI	1	0	1
RIIAD1	1	0	1
RILP	1	0	1
RILPL1	1	0	1
RILPL2	1	0	1
RIMBP2	1	0	1
RIMBP3	1	0	1
RIMBP3B	1	0	1
RIMBP3C	1	0	1
RIMKLA	1	0	1
RIMKLB	1	0	1
RIMOC1	1	0	1
RIMS1	1	0	1
RIMS2	1	0	1
RIMS3	1	0	1
RIMS4	1	0	1
RIN1	1	0	1
RIN2	1	0	1
RIN3	1	0	1
RING1	1	0	1
RINL	1	0	1
RINT1	1	0	1
RIOK1	1	0	1
RIOK2	1	0	1
RIOK3	1	0	1
RIOX1	1	0	1
RIOX2	1	0	1
RIPK1	1	0	1
RIPK2	1	0	1
RIPK3	1	1	1
RIPK4	1	0	1
RIPOR1	1	0	1
RIPOR2	1	0	1
RIPOR3	1	0	1
RIPPLY1	1	0	1
RIPPLY2	1	0	1
RIPPLY3	1	0	1
RIT1	1	0	1
RIT2	1	0	1
RITA1	1	0	1
RLBP1	1	0	1
RLF	1	0	1
RLIM	1	0	1
RLN1	1	0	1
RLN2	1	0	1
RLN3	1	0	1
RMC1	1	0	1
RMDN1	1	0	1
RMDN2	1	0	1
RMDN3	1	0	1
RMI1	1	0	1
RMI2	1	0	1
RMND1	1	0	1
RMND5A	1	0	1
RMND5B	1	0	1
RN7SKP1	0	1	0
RN7SKP111	0	1	0
RN7SKP144	0	1	0
RN7SKP149	0	1	0
RN7SKP181	0	1	0
RN7SKP188	0	1	0
RN7SKP203	0	1	0
RN7SKP21	0	1	0
RN7SKP246	0	1	0
RN7SKP27	0	1	0
RN7SKP294	0	1	0
RN7SKP44	0	1	0
RN7SKP65	0	1	0
RN7SL261P	0	1	0
RN7SL26P	0	1	0
RN7SL310P	0	1	0
RN7SL339P	0	1	0
RN7SL33P	0	1	0
RN7SL352P	0	1	0
RN7SL468P	0	1	0
RN7SL547P	0	1	0
RN7SL564P	0	1	0
RN7SL571P	0	1	0
RN7SL58P	0	1	0
RN7SL680P	0	1	0
RN7SL797P	0	1	0
RN7SL837P	0	1	0
RN7SL868P	0	1	0
RNA5SP177	0	1	0
RNA5SP182	0	1	0
RNA5SP190	0	1	0
RNA5SP273	0	1	0
RNA5SP377	0	1	0
RNA5SP487	0	1	0
RNA5SP510	0	1	0
RNA5SP511	0	1	0
RNA5SP517	0	1	0
RNASE1	1	0	1
RNASE10	1	0	1
RNASE11	1	0	1
RNASE12	1	0	1
RNASE13	1	0	1
RNASE2	1	0	1
RNASE3	1	0	1
RNASE4	1	0	1
RNASE6	1	0	1
RNASE7	1	0	1
RNASE8	1	0	1
RNASE9	1	0	1
RNASEH1	1	0	1
RNASEH2A	1	0	1
RNASEH2B	1	0	1
RNASEH2B-AS1	0	1	0
RNASEH2C	1	0	1
RNASEK	1	0	1
RNASEL	1	0	1
RNASET2	1	0	1
RND1	1	0	1
RND2	1	0	1
RND3	1	0	1
RNF10	1	0	1
RNF103	1	0	1
RNF11	1	0	1
RNF111	1	0	1
RNF112	1	0	1
RNF113A	1	0	1
RNF113B	1	0	1
RNF114	1	0	1
RNF115	1	0	1
RNF121	1	0	1
RNF122	1	0	1
RNF123	1	0	1
RNF125	1	0	1
RNF126	1	0	1
RNF128	1	0	1
RNF13	1	0	1
RNF130	1	0	1
RNF133	1	0	1
RNF135	1	0	1
RNF138	1	0	1
RNF139	1	0	1
RNF14	1	0	1
RNF141	1	0	1
RNF144A	1	0	1
RNF144B	1	0	1
RNF145	1	0	1
RNF146	1	0	1
RNF148	1	0	1
RNF149	1	0	1
RNF150	1	0	1
RNF151	1	0	1
RNF152	1	0	1
RNF157	1	0	1
RNF165	1	0	1
RNF166	1	0	1
RNF167	1	0	1
RNF168	1	0	1
RNF169	1	0	1
RNF17	1	0	1
RNF170	1	0	1
RNF175	1	0	1
RNF180	1	0	1
RNF181	1	0	1
RNF182	1	0	1
RNF183	1	0	1
RNF185	1	0	1
RNF186	1	0	1
RNF187	1	0	1
RNF19A	1	0	1
RNF19B	1	0	1
RNF2	1	0	1
RNF20	1	0	1
RNF207	1	0	1
RNF208	1	0	1
RNF212	1	0	1
RNF212B	1	0	1
RNF213	1	0	1
RNF214	1	0	1
RNF215	1	0	1
RNF216	1	0	1
RNF217	1	0	1
RNF217-AS1	0	1	0
RNF220	1	0	1
RNF222	1	0	1
RNF223	1	0	1
RNF224	1	0	1
RNF225	1	0	1
RNF227	1	0	1
RNF24	1	0	1
RNF25	1	0	1
RNF26	1	0	1
RNF31	1	0	1
RNF32	1	0	1
RNF34	1	0	1
RNF38	1	0	1
RNF39	1	0	1
RNF4	1	0	1
RNF40	1	0	1
RNF41	1	0	1
RNF43	1	0	1
RNF44	1	0	1
RNF5	1	0	1
RNF5P1	0	1	0
RNF6	1	0	1
RNF7	1	0	1
RNF8	1	0	1
RNFT1	1	0	1
RNFT2	1	0	1
RNGTT	1	0	1
RNH1	1	0	1
RNLS	1	0	1
RNMT	1	0	1
RNPC3	1	0	1
RNPEP	1	0	1
RNPEPL1	1	0	1
RNPS1	1	0	1
RNU1-104P	0	1	0
RNU1-112P	0	1	0
RNU1-131P	0	1	0
RNU1-136P	0	1	0
RNU1-139P	0	1	0
RNU1-17P	0	1	0
RNU1-18P	0	1	0
RNU1-29P	0	1	0
RNU1-44P	0	1	0
RNU1-57P	0	1	0
RNU1-63P	0	1	0
RNU1-64P	0	1	0
RNU1-89P	0	1	0
RNU11-4P	0	1	0
RNU2-3P	0	1	0
RNU2-54P	0	1	0
RNU2-64P	0	1	0
RNU4-12P	0	1	0
RNU4ATAC9P	0	1	0
RNU5B-6P	0	1	0
RNU6-1001P	0	1	0
RNU6-1004P	0	1	0
RNU6-1012P	0	1	0
RNU6-1017P	0	1	0
RNU6-1060P	0	1	0
RNU6-1067P	0	1	0
RNU6-1084P	0	1	0
RNU6-1090P	0	1	0
RNU6-1103P	0	1	0
RNU6-1104P	0	1	0
RNU6-1119P	0	1	0
RNU6-1130P	0	1	0
RNU6-1135P	0	1	0
RNU6-1146P	0	1	0
RNU6-1148P	0	1	0
RNU6-1163P	0	1	0
RNU6-1249P	0	1	0
RNU6-1286P	0	1	0
RNU6-12P	0	1	0
RNU6-1326P	0	1	0
RNU6-15P	0	1	0
RNU6-164P	0	1	0
RNU6-206P	0	1	0
RNU6-210P	0	1	0
RNU6-21P	0	1	0
RNU6-271P	0	1	0
RNU6-30P	0	1	0
RNU6-316P	0	1	0
RNU6-346P	0	1	0
RNU6-36P	0	1	0
RNU6-38P	0	1	0
RNU6-391P	0	1	0
RNU6-3P	0	1	0
RNU6-408P	0	1	0
RNU6-40P	0	1	0
RNU6-439P	0	1	0
RNU6-477P	0	1	0
RNU6-478P	0	1	0
RNU6-492P	0	1	0
RNU6-4P	0	1	0
RNU6-543P	0	1	0
RNU6-54P	0	1	0
RNU6-552P	0	1	0
RNU6-582P	0	1	0
RNU6-635P	0	1	0
RNU6-63P	0	1	0
RNU6-643P	0	1	0
RNU6-709P	0	1	0
RNU6-713P	0	1	0
RNU6-715P	0	1	0
RNU6-725P	0	1	0
RNU6-73P	0	1	0
RNU6-772P	0	1	0
RNU6-812P	0	1	0
RNU6-830P	0	1	0
RNU6-842P	0	1	0
RNU6-860P	0	1	0
RNU6-867P	0	1	0
RNU6-909P	0	1	0
RNU6-919P	0	1	0
RNU6-931P	0	1	0
RNU6-939P	0	1	0
RNU6-955P	0	1	0
RNU6-968P	0	1	0
RNU6-976P	0	1	0
RNU6-985P	0	1	0
RNU6ATAC2P	0	1	0
RNU6ATAC42P	0	1	0
RNU6ATAC4P	0	1	0
RNU6ATAC8P	0	1	0
RNU7-116P	0	1	0
RNU7-167P	0	1	0
RNU7-62P	0	1	0
RNU7-69P	0	1	0
RNU7-74P	0	1	0
RNU7-90P	0	1	0
RNY4P29	0	1	0
RO60	1	0	1
ROBO1	1	0	1
ROBO2	1	0	1
ROBO2P1	0	1	0
ROBO3	1	0	1
ROBO4	1	0	1
ROCK1	1	0	1
ROCK2	1	0	1
ROGDI	1	0	1
ROM1	1	0	1
ROMO1	1	0	1
ROPN1	1	1	1
ROPN1B	1	0	1
ROPN1L	1	0	1
ROR1	1	0	1
ROR2	1	0	1
RORA	1	0	1
RORB	1	0	1
RORC	1	0	1
ROS1	1	0	1
RP1	1	1	1
RP1L1	1	1	1
RP2	1	0	1
RP9	1	0	1
RP9P	0	1	0
RPA1	1	0	1
RPA2	1	0	1
RPA3	1	0	1
RPA4	1	0	1
RPAIN	1	0	1
RPAP1	1	0	1
RPAP2	1	0	1
RPAP3	1	0	1
RPE	1	1	1
RPE65	1	0	1
RPEL1	1	0	1
RPF1	1	0	1
RPF2	1	0	1
RPGR	1	0	1
RPGRIP1	1	0	1
RPGRIP1L	1	1	1
RPH3A	1	0	1
RPH3AL	1	0	1
RPIA	1	0	1
RPL10	1	0	1
RPL10A	1	0	1
RPL10L	1	0	1
RPL10P19	0	1	0
RPL10P9	0	1	0
RPL11	1	0	1
RPL12	1	0	1
RPL12P17	0	1	0
RPL12P4	0	1	0
RPL13	1	0	1
RPL13A	1	0	1
RPL13AP3	0	1	0
RPL13AP7	0	1	0
RPL13P12	0	1	0
RPL14	1	0	1
RPL14P1	0	1	0
RPL15	1	0	1
RPL15P2	0	1	0
RPL15P21	0	1	0
RPL15P3	0	1	0
RPL17	1	0	1
RPL17P34	0	1	0
RPL17P36	0	1	0
RPL17P43	0	1	0
RPL18	1	0	1
RPL18A	1	0	1
RPL18P13	0	1	0
RPL19	1	0	1
RPL19P20	0	1	0
RPL21	1	0	1
RPL21P103	0	1	0
RPL21P11	0	1	0
RPL21P131	0	1	0
RPL21P16	0	1	0
RPL21P17	0	1	0
RPL21P18	0	1	0
RPL21P2	0	1	0
RPL21P39	0	1	0
RPL21P41	0	1	0
RPL21P7	0	1	0
RPL21P75	0	1	0
RPL22	1	0	1
RPL22L1	1	0	1
RPL22P22	0	1	0
RPL23	1	0	1
RPL23A	1	0	1
RPL23AP12	0	1	0
RPL23AP16	0	1	0
RPL23AP3	0	1	0
RPL23AP41	0	1	0
RPL23AP42	0	1	0
RPL23AP43	0	1	0
RPL23AP46	0	1	0
RPL23AP54	0	1	0
RPL23AP65	0	1	0
RPL23AP73	0	1	0
RPL23AP96	0	1	0
RPL24	1	0	1
RPL24P2	0	1	0
RPL26	1	0	1
RPL26L1	1	1	1
RPL26P19	0	1	0
RPL27	1	0	1
RPL27A	1	0	1
RPL27AP5	0	1	0
RPL28	1	1	1
RPL29	1	0	1
RPL3	1	0	1
RPL30	1	0	1
RPL30P11	0	1	0
RPL30P7	0	1	0
RPL31	1	0	1
RPL31P28	0	1	0
RPL31P35	0	1	0
RPL31P59	0	1	0
RPL32	1	0	1
RPL34	1	1	1
RPL34P18	0	1	0
RPL35	1	0	1
RPL35A	1	0	1
RPL35AP	0	1	0
RPL35AP15	0	1	0
RPL35AP21	0	1	0
RPL35P1	0	1	0
RPL35P4	0	1	0
RPL36	1	0	1
RPL36A	1	0	1
RPL36AL	1	0	1
RPL36AP21	0	1	0
RPL36AP35	0	1	0
RPL36AP39	0	1	0
RPL37	1	0	1
RPL37A	1	1	1
RPL38	1	0	1
RPL39	1	0	1
RPL39L	1	0	1
RPL3L	1	0	1
RPL3P3	0	1	0
RPL3P4	0	1	0
RPL3P8	0	1	0
RPL4	1	0	1
RPL41	1	0	1
RPL41P5	0	1	0
RPL4P5	0	1	0
RPL5	1	0	1
RPL5P22	0	1	0
RPL5P34	0	1	0
RPL6	1	0	1
RPL6P25	0	1	0
RPL7	1	0	1
RPL7A	1	0	1
RPL7AP30	0	1	0
RPL7AP66	0	1	0
RPL7AP8	0	1	0
RPL7L1	1	0	1
RPL7L1P10	0	1	0
RPL7P12	0	1	0
RPL7P13	0	1	0
RPL7P22	0	1	0
RPL7P27	0	1	0
RPL7P33	0	1	0
RPL7P34	0	1	0
RPL7P40	0	1	0
RPL7P47	0	1	0
RPL7P48	0	1	0
RPL7P6	0	1	0
RPL7P61	0	1	0
RPL7P9	0	1	0
RPL8	1	0	1
RPL8P2	0	1	0
RPL9	1	0	1
RPL9P21	0	1	0
RPLP0	1	0	1
RPLP0P2	0	1	0
RPLP0P6	0	1	0
RPLP1	1	0	1
RPLP2	1	0	1
RPN1	1	0	1
RPN2	1	0	1
RPP14	1	0	1
RPP21	1	0	1
RPP25	1	0	1
RPP25L	1	0	1
RPP30	1	0	1
RPP38	1	0	1
RPP40	1	0	1
RPRD1A	1	1	1
RPRD1B	1	0	1
RPRD2	1	0	1
RPRM	1	0	1
RPRML	1	0	1
RPS10	1	0	1
RPS10P27	0	1	0
RPS10P7	0	1	0
RPS11	1	0	1
RPS12	1	0	1
RPS13	1	0	1
RPS14	1	0	1
RPS15	1	0	1
RPS15A	1	0	1
RPS15AP17	0	1	0
RPS16	1	0	1
RPS17	1	0	1
RPS17P2	0	1	0
RPS17P5	0	1	0
RPS18	1	0	1
RPS18P12	0	1	0
RPS19	1	0	1
RPS19BP1	1	0	1
RPS2	1	0	1
RPS20	1	0	1
RPS20P10	0	1	0
RPS20P14	0	1	0
RPS21	1	0	1
RPS23	1	0	1
RPS23P8	0	1	0
RPS24	1	0	1
RPS25	1	0	1
RPS26	1	0	1
RPS26P13	0	1	0
RPS26P2	0	1	0
RPS26P35	0	1	0
RPS26P54	0	1	0
RPS26P6	0	1	0
RPS27	1	0	1
RPS27A	1	0	1
RPS27AP11	0	1	0
RPS27AP16	0	1	0
RPS27AP5	1	0	0
RPS27L	1	0	1
RPS27P20	0	1	0
RPS27P21	0	1	0
RPS28	1	0	1
RPS29	1	0	1
RPS29P17	0	1	0
RPS29P8	0	1	0
RPS2P55	0	1	0
RPS3	1	0	1
RPS3A	1	0	1
RPS3AP1	0	1	0
RPS3AP17	0	1	0
RPS3AP24	0	1	0
RPS3AP4	0	1	0
RPS3AP50	0	1	0
RPS4X	1	0	1
RPS4XP11	0	1	0
RPS4XP15	0	1	0
RPS4XP16	0	1	0
RPS4XP6	0	1	0
RPS4XP8	0	1	0
RPS4XP9	0	1	0
RPS4Y1	1	0	1
RPS4Y2	1	0	1
RPS5	1	0	1
RPS6	1	0	1
RPS6KA1	1	0	1
RPS6KA2	1	0	1
RPS6KA3	1	0	1
RPS6KA4	1	0	1
RPS6KA5	1	0	1
RPS6KA6	1	0	1
RPS6KB1	1	0	1
RPS6KB2	1	0	1
RPS6KC1	1	0	1
RPS6KL1	1	0	1
RPS7	1	0	1
RPS7P10	0	1	0
RPS7P14	0	1	0
RPS7P4	0	1	0
RPS7P6	0	1	0
RPS8	1	0	1
RPS8P4	0	1	0
RPS9	1	0	1
RPSA	1	0	1
RPSA2	0	0	1
RPSAP15	0	1	0
RPSAP29	0	1	0
RPSAP3	0	1	0
RPSAP4	0	1	0
RPSAP5	0	1	0
RPSAP53	0	1	0
RPSAP61	0	1	0
RPSAP67	0	1	0
RPSAP69	0	1	0
RPTN	1	1	1
RPTOR	1	0	1
RPUSD1	1	0	1
RPUSD2	1	0	1
RPUSD3	1	1	1
RPUSD4	1	0	1
RRAD	1	0	1
RRAGA	1	0	1
RRAGB	1	0	1
RRAGC	1	0	1
RRAGD	1	0	1
RRAS	1	0	1
RRAS2	1	0	1
RRBP1	1	0	1
RREB1	1	0	1
RRH	1	0	1
RRM1	1	0	1
RRM2	1	1	1
RRM2B	1	0	1
RRN3	1	0	1
RRP1	1	0	1
RRP12	1	0	1
RRP15	1	0	1
RRP1B	1	0	1
RRP36	1	0	1
RRP7A	1	0	1
RRP8	1	1	1
RRP9	1	0	1
RRS1	1	0	1
RS1	1	0	1
RSAD1	1	0	1
RSAD2	1	0	1
RSBN1	1	0	1
RSBN1L	1	0	1
RSC1A1	1	0	1
RSF1	1	0	1
RSKR	1	0	1
RSL1D1	1	0	1
RSL24D1	1	0	1
RSL24D1P11	0	1	0
RSL24D1P2	0	1	0
RSPH1	1	0	1
RSPH10B	1	0	1
RSPH10B2	1	0	1
RSPH14	1	0	1
RSPH3	1	0	1
RSPH4A	1	0	1
RSPH6A	1	0	1
RSPH9	1	0	1
RSPO1	1	0	1
RSPO2	1	0	1
RSPO3	1	0	1
RSPO4	1	0	1
RSPRY1	1	0	1
RSRC1	1	0	1
RSRC2	1	0	1
RSRP1	1	0	1
RSU1	1	0	1
RTBDN	1	1	1
RTCA	1	0	1
RTCB	1	0	1
RTEL1	1	0	1
RTEL1-TNFRSF6B	0	0	1
RTF1	1	0	1
RTF2	1	1	1
RTKN	1	0	1
RTKN2	1	0	1
RTL1	1	0	1
RTL10	1	0	1
RTL3	1	0	1
RTL4	1	0	1
RTL5	1	0	1
RTL6	1	0	1
RTL8A	1	0	1
RTL8B	1	0	1
RTL8C	1	0	1
RTL9	1	1	1
RTN1	1	0	1
RTN2	1	0	1
RTN3	1	0	1
RTN4	1	1	1
RTN4IP1	1	0	1
RTN4R	1	0	1
RTN4RL1	1	0	1
RTN4RL2	1	0	1
RTP1	1	0	1
RTP2	1	0	1
RTP3	1	0	1
RTP4	1	0	1
RTP5	1	0	1
RTRAF	1	0	1
RTTN	1	0	1
RUBCN	1	0	1
RUBCNL	1	0	1
RUFY1	1	0	1
RUFY2	1	0	1
RUFY3	1	0	1
RUFY4	1	0	1
RUNDC1	1	0	1
RUNDC3A	1	0	1
RUNDC3B	1	0	1
RUNX1	1	0	1
RUNX1T1	1	0	1
RUNX2	1	0	1
RUNX3	1	0	1
RUSC1	1	0	1
RUSC2	1	0	1
RUSF1	1	0	1
RUVBL1	1	1	1
RUVBL2	1	0	1
RWDD1	1	0	1
RWDD2A	1	0	1
RWDD2B	1	0	1
RWDD3	1	0	1
RWDD4	1	0	1
RXFP1	1	1	1
RXFP2	1	0	1
RXFP3	1	0	1
RXFP4	1	0	1
RXRA	1	0	1
RXRB	1	0	1
RXRG	1	0	1
RXYLT1	1	0	1
RYBP	1	0	1
RYK	1	0	1
RYR1	1	0	1
RYR2	1	0	1
RYR3	1	0	1
S100A1	1	0	1
S100A10	1	0	1
S100A11	1	0	1
S100A12	1	0	1
S100A13	1	0	1
S100A14	1	0	1
S100A16	1	0	1
S100A2	1	0	1
S100A3	1	0	1
S100A4	1	0	1
S100A5	1	0	1
S100A6	1	0	1
S100A7	1	0	1
S100A7A	1	0	1
S100A7L2	1	0	0
S100A8	1	0	1
S100A9	1	0	1
S100B	1	0	1
S100G	1	0	1
S100P	1	0	1
S100PBP	1	0	1
S100Z	1	1	1
S1PR1	1	0	1
S1PR2	1	0	1
S1PR3	1	0	1
S1PR4	1	0	1
S1PR5	1	0	1
SAA1	1	0	1
SAA2	1	0	1
SAA3P	0	1	0
SAA4	1	0	1
SAAL1	1	0	1
SAC3D1	1	0	1
SACM1L	1	0	1
SACS	1	0	1
SAE1	1	0	1
SAFB	1	0	1
SAFB2	1	0	1
SAG	1	0	1
SAGE1	1	1	1
SAGE2P	0	1	0
SAGE3P	0	1	0
SAGSIN1	1	0	1
SALL1	1	0	1
SALL2	1	0	1
SALL3	1	0	1
SALL4	1	0	1
SAMD1	1	0	1
SAMD10	1	0	1
SAMD11	1	0	1
SAMD12	1	0	1
SAMD13	1	0	1
SAMD14	1	0	1
SAMD15	1	0	1
SAMD3	1	0	1
SAMD4A	1	0	1
SAMD4B	1	0	1
SAMD5	1	0	1
SAMD7	1	0	1
SAMD8	1	0	1
SAMD9	1	1	1
SAMD9L	1	0	1
SAMHD1	1	0	1
SAMM50	1	0	1
SAMMSON	0	1	0
SAMSN1	1	0	1
SANBR	1	0	1
SAP130	1	0	1
SAP18	1	0	1
SAP25	1	0	1
SAP30	1	0	1
SAP30BP	1	0	1
SAP30L	1	0	1
SAP30L-AS1	0	1	0
SAPCD1	1	0	1
SAPCD2	1	1	1
SAR1A	1	0	1
SAR1B	1	1	1
SARAF	1	0	1
SARDH	1	0	1
SARM1	1	0	1
SARNP	1	0	1
SARS1	1	0	1
SARS2	1	0	1
SART1	1	0	1
SART3	1	0	1
SASH1	1	0	1
SASH3	1	0	1
SASS6	1	0	1
SAT1	1	0	1
SAT2	1	0	1
SATB1	1	0	1
SATB1-AS1	0	1	0
SATB2	1	0	1
SATL1	1	1	1
SAV1	1	0	1
SAXO1	1	1	1
SAXO2	1	0	1
SAYSD1	1	0	1
SBDS	1	0	1
SBF1	1	0	1
SBF2	1	1	1
SBK1	1	0	1
SBK2	1	0	1
SBK3	1	0	1
SBNO1	1	0	1
SBNO2	1	0	1
SBSN	1	0	1
SBSPON	1	0	1
SC5D	1	0	1
SCAF1	1	0	1
SCAF11	1	0	1
SCAF4	1	0	1
SCAF8	1	0	1
SCAI	1	0	1
SCAMP1	1	0	1
SCAMP1-AS1	0	1	0
SCAMP2	1	0	1
SCAMP3	1	0	1
SCAMP4	1	0	1
SCAMP5	1	0	1
SCAND1	1	0	1
SCAND3	1	0	1
SCAP	1	0	1
SCAPER	1	0	1
SCARA3	1	0	1
SCARA5	1	0	1
SCARB1	1	1	1
SCARB2	1	0	1
SCARF1	1	0	1
SCARF2	1	0	1
SCART1	1	1	1
SCCPDH	1	0	1
SCD	1	0	1
SCD5	1	0	1
SCEL	1	0	1
SCFD1	1	0	1
SCFD2	1	0	1
SCG2	1	0	1
SCG3	1	0	1
SCG5	1	0	1
SCGB1A1	1	0	1
SCGB1C1	1	0	1
SCGB1C2	1	0	1
SCGB1D1	1	0	1
SCGB1D2	1	0	1
SCGB1D4	1	0	1
SCGB2A1	1	0	1
SCGB2A2	1	0	1
SCGB2B2	1	0	1
SCGB3A1	1	1	1
SCGB3A2	1	0	1
SCGN	1	0	1
SCHIP1	1	0	1
SCIMP	1	0	1
SCIN	1	1	1
SCLT1	1	1	1
SCLY	1	0	1
SCMH1	1	0	1
SCML1	1	0	1
SCML2	1	0	1
SCML4	1	0	1
SCN10A	1	0	1
SCN11A	1	0	1
SCN1A	1	0	1
SCN1B	1	0	1
SCN2A	1	0	1
SCN2B	1	0	1
SCN3A	1	0	1
SCN3B	1	0	1
SCN4A	1	0	1
SCN4B	1	0	1
SCN5A	1	0	1
SCN7A	1	1	1
SCN8A	1	0	1
SCN9A	1	0	1
SCNM1	1	0	1
SCNN1A	1	0	1
SCNN1B	1	0	1
SCNN1D	1	0	1
SCNN1G	1	0	1
SCO1	1	0	1
SCO2	1	0	1
SCOC	1	0	1
SCP2	1	0	1
SCP2D1	1	0	1
SCPEP1	1	0	1
SCRG1	1	0	1
SCRIB	1	0	1
SCRN1	1	0	1
SCRN2	1	0	1
SCRN3	1	0	1
SCRT1	1	0	1
SCRT2	1	0	1
SCT	1	0	1
SCTR	1	0	1
SCUBE1	1	0	1
SCUBE2	1	0	1
SCUBE3	1	0	1
SCX	1	0	1
SCYGR1	1	0	1
SCYGR2	1	0	1
SCYGR3	1	0	1
SCYGR4	1	0	1
SCYGR5	1	0	1
SCYGR6	1	0	1
SCYGR7	1	0	1
SCYGR8	1	0	1
SCYGR9	1	0	0
SCYL1	1	0	1
SCYL2	1	0	1
SCYL3	1	0	1
SDAD1	1	0	1
SDAD1P3	0	1	0
SDC1	1	0	1
SDC2	1	0	1
SDC3	1	0	1
SDC4	1	0	1
SDCBP	1	0	1
SDCBP2	1	0	1
SDCBP2P1	0	1	0
SDCBPP3	0	1	0
SDCCAG8	1	0	1
SDE2	1	0	1
SDF2	1	0	1
SDF2L1	1	0	1
SDF4	1	0	1
SDHA	1	0	1
SDHAF1	1	0	1
SDHAF2	1	0	1
SDHAF3	1	0	1
SDHAF4	1	0	1
SDHAP1	0	1	0
SDHB	1	0	1
SDHC	1	0	1
SDHD	1	0	1
SDK1	1	0	1
SDK2	1	0	1
SDR16C5	1	0	1
SDR16C6P	0	1	0
SDR39U1	1	0	1
SDR42E1	1	0	1
SDR42E2	1	0	1
SDR9C7	1	0	1
SDS	1	0	1
SDSL	1	0	1
SEBOX	1	1	1
SEC11A	1	0	1
SEC11C	1	0	1
SEC13	1	0	1
SEC14L1	1	1	1
SEC14L2	1	0	1
SEC14L3	1	0	1
SEC14L4	1	1	1
SEC14L5	1	0	1
SEC14L6	1	0	1
SEC16A	1	1	1
SEC16B	1	0	1
SEC22A	1	0	1
SEC22B	1	0	1
SEC22C	1	0	1
SEC23A	1	0	1
SEC23B	1	0	1
SEC23IP	1	0	1
SEC24A	1	0	1
SEC24B	1	0	1
SEC24C	1	0	1
SEC24D	1	0	1
SEC31A	1	0	1
SEC31B	1	0	1
SEC61A1	1	0	1
SEC61A2	1	0	1
SEC61B	1	0	1
SEC61G	1	0	1
SEC62	1	0	1
SEC63	1	0	1
SECISBP2	1	0	1
SECISBP2L	1	0	1
SECTM1	1	0	1
SEH1L	1	0	1
SEL1L	1	0	1
SEL1L2	1	0	1
SEL1L3	1	0	1
SELE	1	0	1
SELENBP1	1	0	1
SELENOF	1	0	1
SELENOH	1	0	1
SELENOI	1	0	1
SELENOK	1	0	1
SELENOM	1	0	1
SELENON	1	0	1
SELENOO	1	0	1
SELENOOLP	0	1	0
SELENOP	1	1	1
SELENOS	1	0	1
SELENOT	1	0	1
SELENOV	1	1	1
SELENOW	1	0	1
SELL	1	0	1
SELP	1	0	1
SELPLG	1	0	1
SEM1	1	1	1
SEM1P1	0	1	0
SEMA3A	1	0	1
SEMA3B	1	0	1
SEMA3C	1	0	1
SEMA3D	1	0	1
SEMA3E	1	0	1
SEMA3F	1	0	1
SEMA3G	1	0	1
SEMA4A	1	0	1
SEMA4B	1	0	1
SEMA4C	1	0	1
SEMA4D	1	1	1
SEMA4F	1	0	1
SEMA4G	1	0	1
SEMA5A	1	0	1
SEMA5B	1	0	1
SEMA6A	1	0	1
SEMA6B	1	0	1
SEMA6C	1	0	1
SEMA6D	1	0	1
SEMA7A	1	0	1
SEMG1	1	1	1
SEMG2	1	0	1
SENP1	1	0	1
SENP2	1	0	1
SENP3	1	0	1
SENP3-EIF4A1	0	0	1
SENP5	1	0	1
SENP6	1	0	1
SENP7	1	0	1
SENP8	1	1	1
SEPHS1	1	0	1
SEPHS1P4	0	1	0
SEPHS2	1	0	1
SEPSECS	1	0	1
SEPTIN1	1	0	1
SEPTIN10	1	0	1
SEPTIN10P1	0	1	0
SEPTIN11	1	0	1
SEPTIN12	1	1	1
SEPTIN14	1	0	1
SEPTIN2	1	0	1
SEPTIN3	1	0	1
SEPTIN4	1	0	1
SEPTIN5	1	0	1
SEPTIN6	1	0	1
SEPTIN7	1	0	1
SEPTIN8	1	0	1
SEPTIN9	1	0	1
SEPTIN9-DT	0	1	0
SERAC1	1	0	1
SERBP1	1	0	1
SERF1A	1	0	1
SERF1B	1	0	1
SERF2	1	0	1
SERGEF	1	0	1
SERHL2	1	1	1
SERINC1	1	0	1
SERINC2	1	0	1
SERINC3	1	0	1
SERINC4	1	0	1
SERINC5	1	1	1
SERP1	1	0	1
SERP2	1	0	1
SERPINA1	1	0	1
SERPINA10	1	0	1
SERPINA11	1	0	1
SERPINA12	1	0	1
SERPINA13P	0	1	0
SERPINA3	1	0	1
SERPINA4	1	0	1
SERPINA5	1	1	1
SERPINA6	1	0	1
SERPINA7	1	1	1
SERPINA9	1	0	1
SERPINB1	1	0	1
SERPINB10	1	0	1
SERPINB11	1	1	1
SERPINB12	1	0	1
SERPINB13	1	0	1
SERPINB2	1	0	1
SERPINB3	1	0	1
SERPINB4	1	0	1
SERPINB5	1	0	1
SERPINB6	1	1	1
SERPINB7	1	0	1
SERPINB8	1	1	1
SERPINB8P1	0	1	0
SERPINB9	1	0	1
SERPINB9P1	0	1	0
SERPINC1	1	0	1
SERPIND1	1	0	1
SERPINE1	1	0	1
SERPINE2	1	0	1
SERPINE3	1	0	1
SERPINF1	1	0	1
SERPINF2	1	0	1
SERPING1	1	0	1
SERPINH1	1	0	1
SERPINH1P1	0	1	0
SERPINI1	1	0	1
SERPINI2	1	0	1
SERTAD1	1	0	1
SERTAD2	1	0	1
SERTAD3	1	0	1
SERTAD4	1	0	1
SERTM1	1	0	1
SERTM2	1	0	1
SESN1	1	0	1
SESN2	1	0	1
SESN3	1	0	1
SESTD1	1	0	1
SET	1	0	1
SETBP1	1	0	1
SETD1A	1	0	1
SETD1B	1	0	1
SETD2	1	0	1
SETD3	1	0	1
SETD4	1	0	1
SETD5	1	0	1
SETD6	1	0	1
SETD7	1	1	1
SETD9	1	0	1
SETDB1	1	0	1
SETDB2	1	0	1
SETMAR	1	0	1
SETP14	0	1	0
SETP2	0	1	0
SETP7	0	1	0
SETSIP	1	0	1
SETX	1	0	1
SEZ6	1	0	1
SEZ6L	1	0	1
SEZ6L2	1	0	1
SF1	1	0	1
SF3A1	1	0	1
SF3A2	1	1	1
SF3A3	1	0	1
SF3B1	1	0	1
SF3B2	1	0	1
SF3B3	1	0	1
SF3B4	1	0	1
SF3B5	1	0	1
SF3B6	1	0	1
SFI1	1	1	1
SFMBT1	1	0	1
SFMBT2	1	0	1
SFN	1	0	1
SFPQ	1	0	1
SFR1	1	0	1
SFRP1	1	0	1
SFRP2	1	0	1
SFRP4	1	0	1
SFRP5	1	0	1
SFSWAP	1	1	1
SFT2D1	1	0	1
SFT2D2	1	0	1
SFT2D3	1	0	1
SFTA2	1	0	1
SFTA3	1	0	1
SFTPA1	1	0	1
SFTPA2	1	0	1
SFTPB	1	0	1
SFTPC	1	0	1
SFTPD	1	1	1
SFXN1	1	0	1
SFXN2	1	0	1
SFXN3	1	0	1
SFXN4	1	0	1
SFXN5	1	0	1
SGCA	1	0	1
SGCB	1	0	1
SGCD	1	0	1
SGCE	1	1	1
SGCG	1	0	1
SGCZ	1	0	1
SGF29	1	0	1
SGIP1	1	0	1
SGK1	1	0	1
SGK2	1	0	1
SGK3	1	0	1
SGMS1	1	0	1
SGMS2	1	0	1
SGO1	1	0	1
SGO1-AS1	0	1	0
SGO2	1	0	1
SGPL1	1	0	1
SGPP1	1	0	1
SGPP2	1	0	1
SGSH	1	0	1
SGSM1	1	0	1
SGSM2	1	0	1
SGSM3	1	0	1
SGTA	1	0	1
SGTB	1	0	1
SH2B1	1	0	1
SH2B2	1	0	1
SH2B3	1	0	1
SH2D1A	1	0	1
SH2D1B	1	0	1
SH2D2A	1	0	1
SH2D3A	1	0	1
SH2D3C	1	0	1
SH2D4A	1	0	1
SH2D4B	1	0	1
SH2D5	1	0	1
SH2D6	1	1	1
SH2D7	1	0	1
SH3BGR	1	0	1
SH3BGRL	1	0	1
SH3BGRL2	1	0	1
SH3BGRL3	1	0	1
SH3BP1	1	0	1
SH3BP2	1	1	1
SH3BP4	1	0	1
SH3BP5	1	1	1
SH3BP5L	1	0	1
SH3D19	1	0	1
SH3D21	1	0	1
SH3GL1	1	0	1
SH3GL2	1	0	1
SH3GL3	1	0	1
SH3GLB1	1	0	1
SH3GLB2	1	0	1
SH3KBP1	1	0	1
SH3PXD2A	1	0	1
SH3PXD2B	1	0	1
SH3RF1	1	0	1
SH3RF2	1	0	1
SH3RF3	1	0	1
SH3TC1	1	0	1
SH3TC2	1	0	1
SH3TC2-DT	0	1	0
SH3YL1	1	1	1
SHANK1	1	0	1
SHANK2	1	1	1
SHANK3	1	1	1
SHARPIN	1	0	1
SHB	1	0	1
SHBG	1	0	1
SHC1	1	0	1
SHC2	1	0	1
SHC3	1	0	1
SHC4	1	0	1
SHCBP1	1	0	1
SHCBP1L	1	0	1
SHD	1	0	1
SHE	1	0	1
SHF	1	0	1
SHFL	1	0	1
SHH	1	0	1
SHISA2	1	0	1
SHISA3	1	0	1
SHISA4	1	0	1
SHISA5	1	0	1
SHISA6	1	0	1
SHISA7	1	0	1
SHISA8	1	0	1
SHISA9	1	0	1
SHISAL1	1	0	1
SHISAL2A	1	0	1
SHISAL2B	1	0	1
SHKBP1	1	0	1
SHLD1	1	0	1
SHLD2	1	1	1
SHLD3	1	0	1
SHMT1	1	0	1
SHMT2	1	0	1
SHOC1	1	0	1
SHOC2	1	0	1
SHOX	1	0	1
SHOX2	1	0	1
SHPK	1	0	1
SHPRH	1	0	1
SHQ1	1	0	1
SHROOM1	1	1	1
SHROOM2	1	0	1
SHROOM3	1	0	1
SHROOM4	1	0	1
SHTN1	1	0	1
SI	1	0	1
SIAE	1	0	1
SIAH1	1	0	1
SIAH2	1	0	1
SIAH3	1	0	1
SIDT1	1	0	1
SIDT2	1	0	1
SIGIRR	1	0	1
SIGLEC1	1	0	1
SIGLEC10	1	0	1
SIGLEC11	1	0	1
SIGLEC12	1	0	1
SIGLEC14	1	0	1
SIGLEC15	1	0	1
SIGLEC16	0	1	1
SIGLEC5	1	0	1
SIGLEC6	1	0	1
SIGLEC7	1	0	1
SIGLEC8	1	0	1
SIGLEC9	1	0	1
SIGLECL1	1	0	1
SIGMAR1	1	0	1
SIK1	1	0	1
SIK2	1	0	1
SIK3	1	0	1
SIKE1	1	0	1
SIL1	1	0	1
SIM1	1	0	1
SIM2	1	0	1
SIMC1	1	0	1
SIN3A	1	0	1
SIN3B	1	0	1
SINHCAF	1	0	1
SIPA1	1	0	1
SIPA1L1	1	0	1
SIPA1L2	1	0	1
SIPA1L3	1	0	1
SIRPA	1	0	1
SIRPB1	1	0	1
SIRPB2	1	0	1
SIRPD	1	0	1
SIRPG	1	0	1
SIRT1	1	0	1
SIRT2	1	0	1
SIRT3	1	0	1
SIRT4	1	0	1
SIRT5	1	0	1
SIRT6	1	0	1
SIRT7	1	1	1
SIT1	1	0	1
SIVA1	1	0	1
SIX1	1	0	1
SIX2	1	0	1
SIX3	1	0	1
SIX4	1	0	1
SIX5	1	0	1
SIX6	1	0	1
SKA1	1	0	1
SKA2	1	0	1
SKA3	1	0	1
SKAP1	1	0	1
SKAP2	1	1	1
SKI	1	0	1
SKIC2	1	0	1
SKIC3	1	0	1
SKIC8	1	0	1
SKIDA1	1	0	1
SKIL	1	0	1
SKINT1L	0	1	0
SKOR1	1	0	1
SKOR2	1	0	1
SKP1	1	0	1
SKP2	1	0	1
SLA	1	0	1
SLA2	1	0	1
SLAIN1	1	0	1
SLAIN2	1	0	1
SLAMF1	1	0	1
SLAMF6	1	0	1
SLAMF7	1	0	1
SLAMF8	1	0	1
SLAMF9	1	0	1
SLBP	1	0	1
SLC10A1	1	0	1
SLC10A2	1	0	1
SLC10A3	1	0	1
SLC10A4	1	0	1
SLC10A5	1	0	1
SLC10A6	1	0	1
SLC10A7	1	0	1
SLC11A1	1	0	1
SLC11A2	1	0	1
SLC12A1	1	0	1
SLC12A2	1	0	1
SLC12A3	1	0	1
SLC12A4	1	0	1
SLC12A5	1	0	1
SLC12A6	1	0	1
SLC12A7	1	1	1
SLC12A8	1	0	1
SLC12A9	1	0	1
SLC13A1	1	0	1
SLC13A2	1	0	1
SLC13A3	1	0	1
SLC13A4	1	0	1
SLC13A5	1	0	1
SLC14A1	1	0	1
SLC14A2	1	0	1
SLC15A1	1	0	1
SLC15A2	1	0	1
SLC15A3	1	0	1
SLC15A4	1	0	1
SLC15A5	1	0	1
SLC16A1	1	0	1
SLC16A1-AS1	0	1	0
SLC16A10	1	0	1
SLC16A11	1	0	1
SLC16A12	1	0	1
SLC16A13	1	0	1
SLC16A14	1	0	1
SLC16A14P1	0	1	0
SLC16A2	1	0	1
SLC16A3	1	0	1
SLC16A4	1	0	1
SLC16A5	1	0	1
SLC16A6	1	0	1
SLC16A7	1	0	1
SLC16A8	1	0	1
SLC16A9	1	0	1
SLC17A1	1	1	1
SLC17A2	1	0	1
SLC17A3	1	0	1
SLC17A4	1	0	1
SLC17A5	1	0	1
SLC17A6	1	0	1
SLC17A7	1	0	1
SLC17A8	1	0	1
SLC17A9	1	0	1
SLC18A1	1	0	1
SLC18A2	1	0	1
SLC18A3	1	0	1
SLC18B1	1	0	1
SLC19A1	1	1	1
SLC19A2	1	0	1
SLC19A3	1	0	1
SLC1A1	1	0	1
SLC1A2	1	1	1
SLC1A3	1	0	1
SLC1A4	1	0	1
SLC1A5	1	0	1
SLC1A6	1	0	1
SLC1A7	1	1	1
SLC20A1	1	0	1
SLC20A2	1	0	1
SLC22A1	1	0	1
SLC22A10	1	0	1
SLC22A11	1	0	1
SLC22A12	1	0	1
SLC22A13	1	0	1
SLC22A14	1	0	1
SLC22A15	1	0	1
SLC22A16	1	0	1
SLC22A17	1	0	1
SLC22A18	1	0	1
SLC22A18AS	1	0	0
SLC22A2	1	0	1
SLC22A23	1	0	1
SLC22A24	1	1	1
SLC22A25	1	0	1
SLC22A3	1	0	1
SLC22A31	1	0	1
SLC22A4	1	0	1
SLC22A5	1	0	1
SLC22A6	1	0	1
SLC22A7	1	0	1
SLC22A8	1	0	1
SLC22A9	1	0	1
SLC23A1	1	0	1
SLC23A2	1	0	1
SLC23A3	1	0	1
SLC24A1	1	0	1
SLC24A2	1	0	1
SLC24A3	1	0	1
SLC24A4	1	0	1
SLC24A5	1	0	1
SLC25A1	1	0	1
SLC25A10	1	1	1
SLC25A11	1	0	1
SLC25A12	1	0	1
SLC25A13	1	0	1
SLC25A14	1	0	1
SLC25A15	1	0	1
SLC25A16	1	0	1
SLC25A17	1	0	1
SLC25A18	1	0	1
SLC25A18P1	0	1	0
SLC25A19	1	0	1
SLC25A2	1	0	1
SLC25A20	1	0	1
SLC25A21	1	0	1
SLC25A22	1	0	1
SLC25A23	1	0	1
SLC25A24	1	0	1
SLC25A25	1	0	1
SLC25A26	1	0	1
SLC25A27	1	0	1
SLC25A28	1	0	1
SLC25A29	1	0	1
SLC25A3	1	0	1
SLC25A30	1	0	1
SLC25A31	1	0	1
SLC25A32	1	0	1
SLC25A33	1	0	1
SLC25A34	1	0	1
SLC25A35	1	0	1
SLC25A36	1	0	1
SLC25A37	1	0	1
SLC25A38	1	0	1
SLC25A38P1	0	1	0
SLC25A39	1	0	1
SLC25A3P1	0	1	0
SLC25A4	1	0	1
SLC25A40	1	0	1
SLC25A41	1	0	1
SLC25A42	1	0	1
SLC25A43	1	0	1
SLC25A44	1	0	1
SLC25A45	1	0	1
SLC25A46	1	0	1
SLC25A47	1	0	1
SLC25A48	1	1	1
SLC25A5	1	0	1
SLC25A51	1	0	1
SLC25A51P3	0	1	0
SLC25A52	1	0	1
SLC25A53	1	0	1
SLC25A5P4	0	1	0
SLC25A5P5	0	1	0
SLC25A6	1	0	1
SLC25A6P2	0	1	0
SLC26A1	1	0	1
SLC26A10P	1	0	0
SLC26A11	1	0	1
SLC26A2	1	0	1
SLC26A3	1	0	1
SLC26A4	1	0	1
SLC26A5	1	0	1
SLC26A6	1	0	1
SLC26A7	1	1	1
SLC26A8	1	0	1
SLC26A9	1	0	1
SLC27A1	1	0	1
SLC27A2	1	0	1
SLC27A3	1	0	1
SLC27A4	1	0	1
SLC27A5	1	0	1
SLC27A6	1	0	1
SLC28A1	1	0	1
SLC28A2	1	0	1
SLC28A3	1	0	1
SLC29A1	1	0	1
SLC29A2	1	0	1
SLC29A3	1	0	1
SLC29A4	1	0	1
SLC2A1	1	0	1
SLC2A1-AS1	0	1	0
SLC2A10	1	0	1
SLC2A11	1	0	1
SLC2A12	1	0	1
SLC2A13	1	0	1
SLC2A14	1	0	1
SLC2A2	1	0	1
SLC2A3	1	0	1
SLC2A4	1	0	1
SLC2A4RG	1	0	1
SLC2A5	1	0	1
SLC2A6	1	0	1
SLC2A7	1	0	1
SLC2A8	1	0	1
SLC2A9	1	1	1
SLC30A1	1	0	1
SLC30A10	1	0	1
SLC30A2	1	0	1
SLC30A3	1	0	1
SLC30A4	1	0	1
SLC30A5	1	0	1
SLC30A6	1	0	1
SLC30A7	1	0	1
SLC30A8	1	1	1
SLC30A9	1	0	1
SLC31A1	1	0	1
SLC31A2	1	0	1
SLC32A1	1	0	1
SLC33A1	1	0	1
SLC34A1	1	0	1
SLC34A2	1	0	1
SLC34A3	1	0	1
SLC35A1	1	0	1
SLC35A2	1	0	1
SLC35A3	1	0	1
SLC35A4	1	0	1
SLC35A5	1	0	1
SLC35B1	1	0	1
SLC35B2	1	0	1
SLC35B3	1	0	1
SLC35B4	1	0	1
SLC35C1	1	0	1
SLC35C2	1	0	1
SLC35D1	1	0	1
SLC35D2	1	0	1
SLC35D3	1	0	1
SLC35E1	1	0	1
SLC35E2A	1	0	0
SLC35E2B	1	0	1
SLC35E3	1	0	1
SLC35E4	1	0	1
SLC35F1	1	0	1
SLC35F2	1	1	1
SLC35F3	1	0	1
SLC35F4	1	0	1
SLC35F5	1	0	1
SLC35F6	1	0	1
SLC35G1	1	0	1
SLC35G2	1	0	1
SLC35G3	1	0	1
SLC35G4	1	1	1
SLC35G5	1	0	1
SLC35G6	1	0	1
SLC36A1	1	0	1
SLC36A2	1	0	1
SLC36A3	1	0	1
SLC36A4	1	0	1
SLC37A1	1	0	1
SLC37A2	1	0	1
SLC37A3	1	1	1
SLC37A4	1	0	1
SLC38A1	1	1	1
SLC38A10	1	0	1
SLC38A11	1	0	1
SLC38A2	1	0	1
SLC38A3	1	0	1
SLC38A4	1	0	1
SLC38A5	1	0	1
SLC38A6	1	0	1
SLC38A7	1	0	1
SLC38A8	1	0	1
SLC38A9	1	0	1
SLC39A1	1	0	1
SLC39A10	1	0	1
SLC39A11	1	0	1
SLC39A12	1	0	1
SLC39A13	1	0	1
SLC39A14	1	1	1
SLC39A2	1	0	1
SLC39A3	1	0	1
SLC39A4	1	0	1
SLC39A5	1	0	1
SLC39A6	1	0	1
SLC39A7	1	0	1
SLC39A8	1	1	1
SLC39A9	1	0	1
SLC3A1	1	0	1
SLC3A2	1	0	1
SLC40A1	1	0	1
SLC41A1	1	0	1
SLC41A2	1	0	1
SLC41A3	1	1	1
SLC43A1	1	0	1
SLC43A2	1	0	1
SLC43A3	1	0	1
SLC44A1	1	0	1
SLC44A2	1	0	1
SLC44A3	1	0	1
SLC44A3-AS1	0	1	0
SLC44A4	1	0	1
SLC44A5	1	0	1
SLC45A1	1	0	1
SLC45A2	1	0	1
SLC45A3	1	0	1
SLC45A4	1	0	1
SLC46A1	1	0	1
SLC46A2	1	0	1
SLC46A3	1	1	1
SLC47A1	1	0	1
SLC47A2	1	0	1
SLC48A1	1	0	1
SLC49A3	1	0	1
SLC49A4	1	0	1
SLC4A1	1	0	1
SLC4A10	1	0	1
SLC4A11	1	0	1
SLC4A1AP	1	0	1
SLC4A1APP2	0	1	0
SLC4A2	1	0	1
SLC4A3	1	0	1
SLC4A4	1	0	1
SLC4A5	1	0	1
SLC4A7	1	0	1
SLC4A8	1	0	1
SLC4A9	1	0	1
SLC50A1	1	0	1
SLC51A	1	0	1
SLC51B	1	0	1
SLC52A1	1	1	1
SLC52A2	1	0	1
SLC52A3	1	0	1
SLC5A1	1	0	1
SLC5A10	1	0	1
SLC5A11	1	0	1
SLC5A12	1	0	1
SLC5A2	1	0	1
SLC5A3	1	0	1
SLC5A4	1	0	1
SLC5A5	1	0	1
SLC5A6	1	0	1
SLC5A7	1	0	1
SLC5A8	1	0	1
SLC5A9	1	0	1
SLC66A1	1	0	1
SLC66A2	1	0	1
SLC66A3	1	0	1
SLC6A1	1	0	1
SLC6A11	1	0	1
SLC6A12	1	0	1
SLC6A13	1	0	1
SLC6A14	1	0	1
SLC6A15	1	0	1
SLC6A16	1	0	1
SLC6A17	1	0	1
SLC6A18	1	1	1
SLC6A19	1	0	1
SLC6A2	1	0	1
SLC6A20	1	0	1
SLC6A3	1	0	1
SLC6A4	1	0	1
SLC6A5	1	0	1
SLC6A6	1	0	1
SLC6A7	1	0	1
SLC6A8	1	0	1
SLC6A9	1	0	1
SLC7A1	1	0	1
SLC7A10	1	0	1
SLC7A11	1	0	1
SLC7A13	1	0	1
SLC7A14	1	0	1
SLC7A15P	0	1	0
SLC7A2	1	0	1
SLC7A3	1	0	1
SLC7A4	1	0	1
SLC7A5	1	0	1
SLC7A6	1	0	1
SLC7A6OS	1	0	1
SLC7A7	1	0	1
SLC7A8	1	0	1
SLC7A9	1	0	1
SLC8A1	1	0	1
SLC8A1-AS1	0	1	0
SLC8A2	1	0	1
SLC8A3	1	0	1
SLC8B1	1	0	1
SLC9A1	1	0	1
SLC9A2	1	0	1
SLC9A3	1	0	1
SLC9A4	1	0	1
SLC9A5	1	0	1
SLC9A6	1	0	1
SLC9A7	1	0	1
SLC9A8	1	0	1
SLC9A9	1	0	1
SLC9B1	1	0	1
SLC9B2	1	0	1
SLC9C1	1	0	1
SLC9C2	1	0	1
SLCO1A2	1	0	1
SLCO1B1	1	0	1
SLCO1B3	1	0	1
SLCO1B3-SLCO1B7	0	0	1
SLCO1B7	0	1	0
SLCO1C1	1	0	1
SLCO2A1	1	0	1
SLCO2B1	1	0	1
SLCO3A1	1	0	1
SLCO4A1	1	0	1
SLCO4C1	1	0	1
SLCO5A1	1	0	1
SLCO6A1	1	0	1
SLF1	1	0	1
SLF2	1	0	1
SLFN11	1	0	1
SLFN12	1	1	1
SLFN12L	1	0	1
SLFN13	1	0	1
SLFN14	1	0	1
SLFN5	1	0	1
SLFNL1	1	0	1
SLIRP	1	0	1
SLIT1	1	0	1
SLIT2	1	0	1
SLIT3	1	0	1
SLITRK1	1	0	1
SLITRK2	1	0	1
SLITRK3	1	0	1
SLITRK4	1	0	1
SLITRK5	1	0	1
SLITRK6	1	0	1
SLK	1	0	1
SLMAP	1	0	1
SLN	1	0	1
SLPI	1	0	1
SLTM	1	0	1
SLU7	1	0	1
SLURP1	1	0	1
SLURP2	1	0	1
SLX1A	1	0	1
SLX1B	1	0	1
SLX4	1	0	1
SLX4IP	1	0	1
SLX9	1	0	1
SMAD1	1	0	1
SMAD2	1	0	1
SMAD3	1	0	1
SMAD4	1	0	1
SMAD5	1	1	1
SMAD6	1	0	1
SMAD7	1	0	1
SMAD9	1	0	1
SMAGP	1	0	1
SMAP1	1	0	1
SMAP2	1	0	1
SMARCA1	1	0	1
SMARCA2	1	0	1
SMARCA4	1	1	1
SMARCA5	1	0	1
SMARCAD1	1	0	1
SMARCAL1	1	0	1
SMARCB1	1	0	1
SMARCC1	1	0	1
SMARCC2	1	0	1
SMARCD1	1	0	1
SMARCD2	1	0	1
SMARCD3	1	0	1
SMARCE1	1	0	1
SMARCE1P4	0	1	0
SMC1A	1	0	1
SMC1B	1	0	1
SMC2	1	0	1
SMC3	1	0	1
SMC4	1	1	1
SMC5	1	0	1
SMC6	1	0	1
SMCHD1	1	0	1
SMCO1	1	0	1
SMCO2	1	1	1
SMCO3	1	0	1
SMCO4	1	0	1
SMCP	1	0	1
SMCR8	1	0	1
SMDT1	1	0	1
SMG1	1	0	1
SMG5	1	0	1
SMG6	1	0	1
SMG7	1	0	1
SMG8	1	0	1
SMG9	1	0	1
SMILR	0	1	0
SMIM1	1	0	1
SMIM10	1	0	1
SMIM10L1	1	0	1
SMIM10L2A	1	0	1
SMIM10L2B	1	0	1
SMIM11	1	0	1
SMIM11A	0	1	0
SMIM12	1	0	1
SMIM13	1	0	1
SMIM14	1	0	1
SMIM15	1	0	1
SMIM17	1	0	1
SMIM18	1	0	1
SMIM19	1	0	1
SMIM2	1	0	1
SMIM20	1	0	1
SMIM21	1	0	1
SMIM22	1	1	1
SMIM23	1	0	1
SMIM24	1	1	1
SMIM26	1	0	1
SMIM27	1	0	1
SMIM28	1	0	1
SMIM29	1	0	1
SMIM3	1	0	1
SMIM30	1	0	1
SMIM31	1	0	1
SMIM32	1	0	1
SMIM33	1	0	1
SMIM34	1	0	1
SMIM35	1	0	1
SMIM36	1	0	1
SMIM38	1	0	1
SMIM39	1	0	1
SMIM40	1	0	1
SMIM41	1	0	1
SMIM42	1	0	1
SMIM43	1	0	1
SMIM44	1	0	1
SMIM45	1	0	1
SMIM5	1	0	1
SMIM6	1	0	1
SMIM7	1	0	1
SMIM8	1	1	1
SMIM9	1	0	1
SMKR1	1	0	1
SMLR1	1	0	1
SMN1	1	0	1
SMN2	1	0	1
SMNDC1	1	0	1
SMO	1	0	1
SMOC1	1	0	1
SMOC2	1	0	1
SMOX	1	1	1
SMPD1	1	0	1
SMPD2	1	0	1
SMPD3	1	0	1
SMPD4	1	0	1
SMPDL3A	1	0	1
SMPDL3B	1	0	1
SMPX	1	0	1
SMR3A	1	0	1
SMR3B	1	0	1
SMS	1	0	1
SMTN	1	1	1
SMTNL1	1	1	1
SMTNL2	1	0	1
SMU1	1	0	1
SMUG1	1	0	1
SMURF1	1	0	1
SMURF2	1	0	1
SMYD1	1	0	1
SMYD2	1	0	1
SMYD3	1	0	1
SMYD4	1	0	1
SMYD5	1	0	1
SNAI1	1	0	1
SNAI2	1	0	1
SNAI3	1	0	1
SNAI3-AS1	0	1	0
SNAP23	1	0	1
SNAP25	1	0	1
SNAP25-AS1	0	1	0
SNAP29	1	0	1
SNAP47	1	0	1
SNAP91	1	0	1
SNAPC1	1	0	1
SNAPC2	1	0	1
SNAPC3	1	0	1
SNAPC4	1	0	1
SNAPC5	1	0	1
SNAPIN	1	0	1
SNCA	1	0	1
SNCAIP	1	1	1
SNCB	1	0	1
SNCG	1	0	1
SND1	1	0	1
SNED1	1	0	1
SNF8	1	0	1
SNHG14	0	1	0
SNHG17	0	1	0
SNHG27	0	1	0
SNHG5	0	1	0
SNIP1	1	0	1
SNN	1	0	1
SNORA10B	0	1	0
SNORA40C	0	1	0
SNORC	1	0	1
SNORD114-23	0	1	0
SNORD28B	0	1	0
SNPH	1	0	1
SNRK	1	0	1
SNRNP200	1	0	1
SNRNP25	1	0	1
SNRNP27	1	0	1
SNRNP35	1	0	1
SNRNP40	1	0	1
SNRNP48	1	0	1
SNRNP70	1	0	1
SNRPA	1	0	1
SNRPA1	1	0	1
SNRPB	1	0	1
SNRPB2	1	0	1
SNRPC	1	0	1
SNRPCP2	0	1	0
SNRPD1	1	0	1
SNRPD2	1	0	1
SNRPD2P1	0	1	0
SNRPD3	1	0	1
SNRPE	1	0	1
SNRPEP3	0	1	0
SNRPEP5	0	1	0
SNRPF	1	0	1
SNRPFP3	0	1	0
SNRPG	1	0	1
SNRPGP19	0	1	0
SNRPGP2	0	1	0
SNRPN	1	0	1
SNTA1	1	0	1
SNTB1	1	0	1
SNTB2	1	0	1
SNTG1	1	0	1
SNTG2	1	0	1
SNTN	1	1	1
SNU13	1	0	1
SNUPN	1	1	1
SNURF	1	0	1
SNW1	1	0	1
SNX1	1	0	1
SNX10	1	0	1
SNX11	1	0	1
SNX12	1	0	1
SNX13	1	1	1
SNX14	1	0	1
SNX15	1	0	1
SNX16	1	0	1
SNX17	1	0	1
SNX18	1	0	1
SNX18P27	0	1	0
SNX19	1	0	1
SNX2	1	0	1
SNX20	1	0	1
SNX21	1	0	1
SNX22	1	0	1
SNX24	1	0	1
SNX25	1	0	1
SNX27	1	0	1
SNX29	1	0	1
SNX3	1	0	1
SNX30	1	0	1
SNX31	1	1	1
SNX32	1	0	1
SNX33	1	0	1
SNX4	1	0	1
SNX5	1	0	1
SNX6	1	0	1
SNX7	1	0	1
SNX8	1	0	1
SNX9	1	1	1
SOAT1	1	0	1
SOAT2	1	1	1
SOBP	1	0	1
SOCS1	1	0	1
SOCS2	1	0	1
SOCS3	1	0	1
SOCS4	1	0	1
SOCS5	1	0	1
SOCS5P4	0	1	0
SOCS5P5	0	1	0
SOCS6	1	0	1
SOCS7	1	0	1
SOD1	1	1	1
SOD2	0	1	1
SOD3	1	0	1
SOGA1	1	0	1
SOGA3	1	0	1
SOHLH1	1	0	1
SOHLH2	1	0	1
SON	1	0	1
SORBS1	1	0	1
SORBS2	1	0	1
SORBS3	1	0	1
SORCS1	1	0	1
SORCS2	1	0	1
SORCS3	1	0	1
SORD	1	0	1
SORL1	1	0	1
SORT1	1	0	1
SOS1	1	0	1
SOS2	1	0	1
SOST	1	0	1
SOSTDC1	1	0	1
SOWAHA	1	0	1
SOWAHB	1	0	1
SOWAHC	1	0	1
SOWAHD	1	0	1
SOX1	1	0	1
SOX10	1	0	1
SOX11	1	0	1
SOX12	1	0	1
SOX13	1	0	1
SOX14	1	0	1
SOX15	1	0	1
SOX17	1	0	1
SOX18	1	0	1
SOX2	1	0	1
SOX2-OT	0	1	0
SOX21	1	0	1
SOX3	1	0	1
SOX30	1	0	1
SOX4	1	0	1
SOX5	1	0	1
SOX5P1	0	1	0
SOX6	1	0	1
SOX7	1	0	1
SOX8	1	0	1
SOX9	1	0	1
SOX9-AS1	0	1	0
SP1	1	0	1
SP100	1	1	1
SP110	1	0	1
SP140	1	0	1
SP140L	1	0	1
SP2	1	0	1
SP3	1	0	1
SP4	1	0	1
SP5	1	0	1
SP6	1	0	1
SP7	1	0	1
SP8	1	0	1
SP9	1	0	1
SPA17	1	0	1
SPAAR	1	1	1
SPACA1	1	0	1
SPACA3	1	1	1
SPACA4	1	0	1
SPACA5	1	0	1
SPACA5B	1	0	1
SPACA6	1	0	1
SPACA7	1	0	1
SPACA9	1	0	1
SPACDR	1	0	1
SPADH	1	0	1
SPAG1	1	0	1
SPAG11A	1	0	1
SPAG11B	1	0	1
SPAG16	1	0	1
SPAG17	1	0	1
SPAG4	1	0	1
SPAG5	1	0	1
SPAG6	1	0	1
SPAG7	1	0	1
SPAG8	1	0	1
SPAG9	1	0	1
SPAM1	1	0	1
SPANXA1	1	0	1
SPANXA2	1	0	1
SPANXA2-OT1	0	1	0
SPANXB1	1	0	1
SPANXC	1	0	1
SPANXD	1	0	1
SPANXN1	1	0	1
SPANXN2	1	0	1
SPANXN3	1	0	1
SPANXN4	1	1	1
SPANXN5	1	0	1
SPARC	1	0	1
SPARCL1	1	0	1
SPART	1	0	1
SPAST	1	1	1
SPATA1	1	1	1
SPATA12	1	0	1
SPATA13	1	0	1
SPATA16	1	0	1
SPATA17	1	0	1
SPATA18	1	0	1
SPATA19	1	0	1
SPATA2	1	0	1
SPATA20	1	0	1
SPATA21	1	1	1
SPATA22	1	0	1
SPATA24	1	0	1
SPATA25	1	1	1
SPATA2L	1	0	1
SPATA2P1	0	1	0
SPATA3	1	0	1
SPATA31A1	1	0	1
SPATA31A3	1	0	1
SPATA31A5	1	0	1
SPATA31A6	1	0	1
SPATA31A7	1	0	1
SPATA31C1	0	0	1
SPATA31D1	1	1	1
SPATA31D3	1	0	1
SPATA31D4	1	0	1
SPATA31E1	1	1	1
SPATA32	1	1	1
SPATA33	1	0	1
SPATA4	1	0	1
SPATA45	1	0	1
SPATA46	1	0	1
SPATA48	1	0	1
SPATA5	1	0	1
SPATA5L1	1	0	1
SPATA6	1	0	1
SPATA6L	1	0	1
SPATA7	1	0	1
SPATA8	0	1	0
SPATA9	1	0	1
SPATC1	1	0	1
SPATC1L	1	0	1
SPATS1	1	0	1
SPATS2	1	1	1
SPATS2L	1	0	1
SPC24	1	0	1
SPC25	1	0	1
SPCS1	1	0	1
SPCS2	1	0	1
SPCS3	1	0	1
SPDEF	1	0	1
SPDL1	1	1	1
SPDYA	1	0	1
SPDYC	1	0	1
SPDYE1	1	0	1
SPDYE13	1	0	1
SPDYE14	1	0	1
SPDYE15	1	0	1
SPDYE16	1	0	1
SPDYE17	1	0	1
SPDYE18	0	0	1
SPDYE2	1	0	1
SPDYE21	1	0	1
SPDYE2B	1	0	1
SPDYE3	1	0	1
SPDYE4	1	0	1
SPDYE5	1	0	1
SPDYE6	1	0	1
SPDYE8	1	0	1
SPDYE9	1	0	1
SPECC1	1	0	1
SPECC1L	1	0	1
SPECC1P1	0	1	0
SPEF1	1	0	1
SPEF2	1	0	1
SPEG	1	0	1
SPEGNB	1	0	1
SPEM1	1	0	1
SPEM2	1	0	1
SPEM3	1	0	1
SPEN	1	0	1
SPESP1	1	0	1
SPG11	1	0	1
SPG21	1	0	1
SPG7	1	0	1
SPHK1	1	1	1
SPHK2	1	0	1
SPHKAP	1	0	1
SPI1	1	0	1
SPIB	1	0	1
SPIC	1	0	1
SPICE1	1	0	1
SPIDR	1	1	1
SPIN1	1	0	1
SPIN2A	1	1	1
SPIN2B	1	0	1
SPIN3	1	0	1
SPIN4	1	0	1
SPINDOC	1	0	1
SPINK1	1	0	1
SPINK13	1	0	1
SPINK14	1	0	1
SPINK2	1	0	1
SPINK4	1	1	1
SPINK5	1	0	1
SPINK6	1	0	1
SPINK7	1	0	1
SPINK8	1	0	1
SPINK9	1	0	1
SPINT1	1	0	1
SPINT2	1	0	1
SPINT3	1	0	1
SPINT4	1	0	1
SPIRE1	1	0	1
SPIRE2	1	0	1
SPN	1	0	1
SPNS1	1	0	1
SPNS2	1	0	1
SPNS3	1	0	1
SPO11	1	0	1
SPOCD1	1	0	1
SPOCK1	1	0	1
SPOCK2	1	0	1
SPOCK3	1	0	1
SPON1	1	0	1
SPON2	1	0	1
SPOP	1	0	1
SPOPL	1	0	1
SPOUT1	1	0	1
SPP1	1	0	1
SPP2	1	0	1
SPPL2A	1	0	1
SPPL2B	1	0	1
SPPL2C	1	0	1
SPPL3	1	0	1
SPR	1	0	1
SPRED1	1	0	1
SPRED2	1	0	1
SPRED3	1	0	1
SPRING1	1	0	1
SPRN	1	0	1
SPRR1A	1	0	1
SPRR1B	1	0	1
SPRR2A	1	0	1
SPRR2B	1	0	1
SPRR2D	1	0	1
SPRR2E	1	0	1
SPRR2F	1	0	1
SPRR2G	1	0	1
SPRR3	1	1	1
SPRR4	1	0	1
SPRR5	1	0	1
SPRTN	1	0	1
SPRY1	1	0	1
SPRY2	1	0	1
SPRY3	1	0	1
SPRY4	1	0	1
SPRY4-AS1	0	1	0
SPRYD3	1	0	1
SPRYD4	1	0	1
SPRYD7	1	1	1
SPRYD7P1	0	1	0
SPSB1	1	0	1
SPSB2	1	0	1
SPSB3	1	0	1
SPSB4	1	0	1
SPTA1	1	0	1
SPTAN1	1	0	1
SPTB	1	0	1
SPTBN1	1	0	1
SPTBN2	1	0	1
SPTBN4	1	0	1
SPTBN5	1	0	1
SPTLC1	1	1	1
SPTLC1P2	0	1	0
SPTLC1P5	0	1	0
SPTLC2	1	0	1
SPTLC3	1	0	1
SPTSSA	1	0	1
SPTSSB	1	0	1
SPTY2D1	1	0	1
SPX	1	0	1
SPZ1	1	0	1
SQLE	1	0	1
SQOR	1	0	1
SQSTM1	1	0	1
SRA1	1	0	1
SRARP	1	0	1
SRBD1	1	0	1
SRC	1	0	1
SRCAP	1	0	1
SRCIN1	1	0	1
SRD5A1	1	0	1
SRD5A2	1	0	1
SRD5A3	1	0	1
SRD5A3-AS1	0	1	0
SREBF1	1	0	1
SREBF2	1	0	1
SREK1	1	0	1
SREK1IP1	1	0	1
SRF	1	0	1
SRFBP1	1	0	1
SRGAP1	1	0	1
SRGAP2	1	0	1
SRGAP2B	1	0	1
SRGAP2C	1	0	1
SRGAP3	1	0	1
SRGN	1	0	1
SRI	1	0	1
SRIP1	0	1	0
SRL	1	0	1
SRM	1	0	1
SRMS	1	0	1
SRP14	1	1	1
SRP14-AS1	0	1	0
SRP19	1	1	1
SRP54	1	1	1
SRP68	1	0	1
SRP72	1	0	1
SRP9	1	0	1
SRPK1	1	0	1
SRPK2	1	0	1
SRPK3	1	1	1
SRPRA	1	0	1
SRPRB	1	0	1
SRPX	1	0	1
SRPX2	1	0	1
SRR	1	0	1
SRRD	1	0	1
SRRM1	1	0	1
SRRM1P3	0	1	0
SRRM2	1	0	1
SRRM3	1	0	1
SRRM4	1	0	1
SRRM5	1	1	1
SRRT	1	0	1
SRSF1	1	0	1
SRSF10	1	0	1
SRSF11	1	0	1
SRSF12	1	0	1
SRSF2	1	0	1
SRSF3	1	0	1
SRSF4	1	0	1
SRSF5	1	0	1
SRSF6	1	0	1
SRSF7	1	0	1
SRSF8	1	0	1
SRSF9	1	0	1
SRXN1	1	0	1
SRY	1	0	1
SS18	1	0	1
SS18L1	1	0	1
SS18L2	1	0	1
SSB	1	0	1
SSBP1	1	0	1
SSBP2	1	0	1
SSBP3	1	0	1
SSBP4	1	0	1
SSC4D	1	0	1
SSC5D	1	0	1
SSH1	1	0	1
SSH2	1	0	1
SSH3	1	0	1
SSMEM1	1	0	1
SSNA1	1	0	1
SSPN	1	0	1
SSR1	1	0	1
SSR2	1	0	1
SSR3	1	0	1
SSR4	1	0	1
SSRP1	1	0	1
SST	1	0	1
SSTR1	1	0	1
SSTR2	1	0	1
SSTR3	1	0	1
SSTR4	1	0	1
SSTR5	1	0	1
SSTR5-AS1	0	1	0
SSU72	1	0	1
SSU72L1	1	0	1
SSU72L2	1	0	1
SSU72L3	1	0	1
SSU72L4	1	0	1
SSU72L5	1	0	1
SSU72L6	1	0	1
SSUH2	1	1	1
SSX1	1	0	1
SSX2	1	0	1
SSX2B	1	0	1
SSX2IP	1	0	1
SSX3	1	0	1
SSX4	1	0	1
SSX4B	1	0	1
SSX5	1	0	1
SSX7	1	0	1
ST13	1	0	1
ST13P11	0	1	0
ST13P18	0	1	0
ST13P19	0	1	0
ST13P3	0	1	0
ST13P6	0	1	0
ST14	1	0	1
ST18	1	0	1
ST20	1	1	0
ST3GAL1	1	0	1
ST3GAL2	1	0	1
ST3GAL3	1	0	1
ST3GAL4	1	0	1
ST3GAL5	1	1	1
ST3GAL6	1	0	1
ST6GAL1	1	0	1
ST6GAL2	1	1	1
ST6GALNAC1	1	0	1
ST6GALNAC2	1	0	1
ST6GALNAC2P1	0	1	0
ST6GALNAC3	1	0	1
ST6GALNAC4	1	0	1
ST6GALNAC5	1	0	1
ST6GALNAC6	1	0	1
ST7	1	0	1
ST7L	1	0	1
ST8SIA1	1	1	1
ST8SIA2	1	0	1
ST8SIA3	1	0	1
ST8SIA4	1	0	1
ST8SIA5	1	0	1
ST8SIA6	1	0	1
STAB1	1	0	1
STAB2	1	0	1
STAC	1	0	1
STAC2	1	0	1
STAC3	1	0	1
STAG1	1	0	1
STAG2	1	0	1
STAG3	1	0	1
STAM	1	0	1
STAM2	1	0	1
STAMBP	1	1	1
STAMBPL1	1	0	1
STAP1	1	0	1
STAP2	1	0	1
STAR	1	0	1
STARD10	1	0	1
STARD13	1	0	1
STARD3	1	0	1
STARD3NL	1	0	1
STARD4	1	0	1
STARD5	1	0	1
STARD6	1	1	1
STARD7	1	0	1
STARD8	1	0	1
STARD9	1	1	1
STARP1	0	1	0
STAT1	1	0	1
STAT2	1	0	1
STAT3	1	0	1
STAT4	1	0	1
STAT5A	1	0	1
STAT5B	1	0	1
STAT6	1	0	1
STATH	1	0	1
STAU1	1	0	1
STAU2	1	0	1
STBD1	1	0	1
STC1	1	0	1
STC2	1	0	1
STEAP1	1	0	1
STEAP1B	1	0	1
STEAP2	1	0	1
STEAP2-AS1	0	1	0
STEAP3	1	0	1
STEAP4	1	0	1
STEEP1	1	0	1
STH	1	1	1
STIL	1	1	1
STIM1	1	0	1
STIM2	1	0	1
STIMATE	1	0	1
STING1	1	0	1
STIP1	1	0	1
STK10	1	0	1
STK11	1	0	1
STK11IP	1	0	1
STK16	1	0	1
STK17A	1	0	1
STK17B	1	0	1
STK19	1	0	1
STK24	1	0	1
STK25	1	0	1
STK26	1	0	1
STK3	1	1	1
STK31	1	0	1
STK32A	1	0	1
STK32B	1	0	1
STK32C	1	0	1
STK33	1	0	1
STK33P1	0	1	0
STK35	1	0	1
STK36	1	0	1
STK38	1	0	1
STK38L	1	1	1
STK39	1	0	1
STK4	1	0	1
STK40	1	0	1
STKLD1	1	0	1
STMN1	1	0	1
STMN2	1	1	1
STMN3	1	0	1
STMN4	1	0	1
STMND1	1	0	1
STMP1	1	0	1
STN1	1	0	1
STOM	1	0	1
STOML1	1	0	1
STOML2	1	0	1
STOML3	1	1	1
STON1	1	0	1
STON1-GTF2A1L	0	1	1
STON2	1	0	1
STOX1	1	0	1
STOX2	1	0	1
STPG1	1	0	1
STPG2	1	0	1
STPG3	1	0	1
STPG4	1	0	1
STRA6	1	1	1
STRA8	1	0	1
STRADA	1	0	1
STRADB	1	0	1
STRAP	1	0	1
STRBP	1	1	1
STRC	1	0	1
STRIP1	1	0	1
STRIP2	1	0	1
STRIT1	1	0	1
STRN	1	0	1
STRN3	1	0	1
STRN4	1	0	1
STS	1	1	1
STT3A	1	0	1
STT3B	1	0	1
STUB1	1	0	1
STUM	1	0	1
STX10	1	0	1
STX11	1	0	1
STX12	1	0	1
STX16	1	0	1
STX17	1	0	1
STX18	1	0	1
STX18-AS1	0	1	0
STX19	1	0	1
STX1A	1	0	1
STX1B	1	0	1
STX2	1	0	1
STX3	1	0	1
STX4	1	0	1
STX5	1	0	1
STX6	1	0	1
STX7	1	0	1
STX8	1	0	1
STXBP1	1	0	1
STXBP2	1	0	1
STXBP3	1	0	1
STXBP4	1	0	1
STXBP5	1	0	1
STXBP5-AS1	0	1	0
STXBP5L	1	0	1
STXBP6	1	0	1
STYK1	1	0	1
STYX	1	0	1
STYXL1	1	0	1
STYXL2	1	0	1
SUB1	1	0	1
SUCLA2	1	1	1
SUCLG1	1	0	1
SUCLG2	1	0	1
SUCLG2-AS1	0	1	0
SUCLG2P2	0	1	0
SUCNR1	1	0	1
SUCO	1	0	1
SUDS3	1	0	1
SUFU	1	0	1
SUGCT	1	0	1
SUGP1	1	0	1
SUGP2	1	0	1
SUGT1	1	0	1
SUGT1P3	0	1	0
SUGT1P4-STRA6LP	0	1	0
SULF1	1	0	1
SULF2	1	0	1
SULT1A1	1	0	1
SULT1A2	1	0	1
SULT1A3	1	0	1
SULT1A4	1	0	1
SULT1B1	1	0	1
SULT1C2	1	0	1
SULT1C3	1	0	1
SULT1C4	1	0	1
SULT1D1P	0	1	0
SULT1E1	1	0	1
SULT2A1	1	0	1
SULT2B1	1	1	1
SULT4A1	1	0	1
SULT6B1	1	0	1
SUMF1	1	0	1
SUMF2	1	0	1
SUMO1	1	0	1
SUMO1P4	0	1	0
SUMO2	1	0	1
SUMO2P17	0	1	0
SUMO2P18	0	1	0
SUMO2P6	0	1	0
SUMO3	1	0	1
SUMO4	1	1	1
SUN1	1	0	1
SUN2	1	0	1
SUN3	1	1	1
SUN5	1	0	1
SUOX	1	1	1
SUPT16H	1	0	1
SUPT20H	1	0	1
SUPT20HL1	1	0	1
SUPT20HL2	1	0	1
SUPT3H	1	0	1
SUPT4H1	1	0	1
SUPT5H	1	0	1
SUPT6H	1	0	1
SUPT7L	1	0	1
SUPV3L1	1	0	1
SURF1	1	0	1
SURF2	1	0	1
SURF4	1	0	1
SURF6	1	0	1
SUSD1	1	0	1
SUSD2	1	0	1
SUSD3	1	0	1
SUSD4	1	0	1
SUSD5	1	0	1
SUSD6	1	0	1
SUV39H1	1	0	1
SUV39H2	1	0	1
SUZ12	1	0	1
SV2A	1	0	1
SV2B	1	0	1
SV2C	1	0	1
SVBP	1	0	1
SVEP1	1	0	1
SVIL	1	1	1
SVIL2P	0	1	0
SVIP	1	0	1
SVOP	1	0	1
SVOPL	1	0	1
SWAP70	1	0	1
SWI5	1	0	1
SWSAP1	1	0	1
SWT1	1	0	1
SYAP1	1	0	1
SYBU	1	0	1
SYCE1	1	0	1
SYCE1L	1	1	1
SYCE2	1	0	1
SYCE3	1	0	1
SYCN	1	0	1
SYCP1	1	0	1
SYCP2	1	0	1
SYCP2L	1	0	1
SYCP3	1	0	1
SYDE1	1	0	1
SYDE2	1	0	1
SYF2	1	0	1
SYK	1	0	1
SYMPK	1	0	1
SYN1	1	0	1
SYN2	1	0	1
SYN3	1	0	1
SYNC	1	0	1
SYNCRIP	1	0	1
SYNDIG1	1	0	1
SYNDIG1L	1	0	1
SYNE1	1	0	1
SYNE2	1	0	1
SYNE3	1	0	1
SYNE4	1	0	1
SYNGAP1	1	0	1
SYNGR1	1	0	1
SYNGR2	1	0	1
SYNGR3	1	0	1
SYNGR4	1	0	1
SYNJ1	1	0	1
SYNJ2	1	1	1
SYNJ2BP	1	0	1
SYNM	1	1	1
SYNPO	1	0	1
SYNPO2	1	0	1
SYNPO2L	1	0	1
SYNPR	1	0	1
SYNRG	1	0	1
SYP	1	0	1
SYPL1	1	0	1
SYPL2	1	0	1
SYS1	1	0	1
SYS1-DBNDD2	0	0	1
SYT1	1	0	1
SYT10	1	0	1
SYT11	1	0	1
SYT12	1	0	1
SYT13	1	0	1
SYT14	1	1	1
SYT15	1	0	1
SYT15B	1	0	1
SYT16	1	0	1
SYT17	1	0	1
SYT2	1	0	1
SYT3	1	0	1
SYT4	1	0	1
SYT5	1	0	1
SYT6	1	0	1
SYT7	1	0	1
SYT8	1	0	1
SYT9	1	0	1
SYTL1	1	0	1
SYTL2	1	0	1
SYTL3	1	0	1
SYTL4	1	1	1
SYTL5	1	0	1
SYVN1	1	0	1
SZRD1	1	0	1
SZT2	1	0	1
TAAR1	1	0	1
TAAR2	1	1	1
TAAR5	1	0	1
TAAR6	1	1	1
TAAR8	1	1	1
TAAR9	1	0	1
TAB1	1	0	1
TAB2	1	0	1
TAB3	1	0	1
TAC1	1	0	1
TAC3	1	0	1
TAC4	1	1	1
TACC1	1	0	1
TACC2	1	0	1
TACC3	1	0	1
TACO1	1	0	1
TACR1	1	0	1
TACR2	1	0	1
TACR3	1	0	1
TACSTD2	1	0	1
TADA1	1	0	1
TADA2A	1	0	1
TADA2B	1	0	1
TADA3	1	0	1
TAF1	1	0	1
TAF10	1	0	1
TAF11	1	0	1
TAF11L10	1	0	1
TAF11L11	1	0	1
TAF11L12	1	0	1
TAF11L13	1	0	1
TAF11L14	1	0	1
TAF11L2	1	0	1
TAF11L3	1	0	1
TAF11L4	1	0	1
TAF11L5	1	0	1
TAF11L6	1	0	1
TAF11L7	1	0	1
TAF11L8	1	0	1
TAF11L9	1	0	1
TAF12	1	0	1
TAF13	1	0	1
TAF15	1	0	1
TAF1A	1	0	1
TAF1B	1	0	1
TAF1C	1	0	1
TAF1D	1	0	1
TAF1L	1	1	1
TAF2	1	0	1
TAF3	1	0	1
TAF4	1	0	1
TAF4B	1	0	1
TAF5	1	0	1
TAF5L	1	0	1
TAF6	1	0	1
TAF6L	1	0	1
TAF7	1	0	1
TAF7L	1	0	1
TAF8	1	0	1
TAF9	1	0	1
TAF9B	1	0	1
TAFA1	1	0	1
TAFA2	1	0	1
TAFA3	1	0	1
TAFA4	1	0	1
TAFA5	1	0	1
TAFAZZIN	1	0	1
TAGAP	1	0	1
TAGLN	1	0	1
TAGLN2	1	0	1
TAGLN3	1	0	1
TAL1	1	0	1
TAL2	1	0	1
TALDO1	1	0	1
TAMALIN	1	0	1
TAMM41	1	0	1
TANC1	1	0	1
TANC2	1	0	1
TANGO2	1	1	1
TANGO6	1	0	1
TANK	1	0	1
TAOK1	1	0	1
TAOK2	1	0	1
TAOK3	1	0	1
TAP1	1	0	1
TAP2	1	0	1
TAPBP	1	0	1
TAPBPL	1	0	1
TAPT1	1	0	1
TAPT1-AS1	0	1	0
TARBP1	1	1	1
TARBP2	1	0	1
TARDBP	1	0	1
TARM1	1	0	1
TARS1	1	0	1
TARS2	1	0	1
TARS3	1	0	1
TAS1R1	1	0	1
TAS1R2	1	0	1
TAS1R3	1	0	1
TAS2R1	1	0	1
TAS2R10	1	0	1
TAS2R13	1	0	1
TAS2R14	1	0	1
TAS2R16	1	0	1
TAS2R19	1	0	1
TAS2R20	1	0	1
TAS2R3	1	0	1
TAS2R30	1	0	1
TAS2R31	1	0	1
TAS2R38	1	0	1
TAS2R39	1	0	1
TAS2R4	1	0	1
TAS2R40	1	0	1
TAS2R41	1	0	1
TAS2R42	1	1	1
TAS2R43	1	0	1
TAS2R46	1	0	1
TAS2R5	1	0	1
TAS2R50	1	0	1
TAS2R60	1	1	1
TAS2R7	1	0	1
TAS2R8	1	0	1
TAS2R9	1	0	1
TASL	1	0	1
TASOR	1	0	1
TASOR2	1	0	1
TASP1	1	0	1
TAT	1	0	1
TATDN1	1	0	1
TATDN2	1	0	1
TATDN3	1	0	1
TAX1BP1	1	0	1
TAX1BP3	1	0	1
TBATA	1	0	1
TBC1D1	1	0	1
TBC1D10A	1	0	1
TBC1D10B	1	0	1
TBC1D10C	1	0	1
TBC1D12	1	0	1
TBC1D13	1	0	1
TBC1D14	1	0	1
TBC1D15	1	0	1
TBC1D16	1	0	1
TBC1D17	1	0	1
TBC1D19	1	0	1
TBC1D2	1	0	1
TBC1D20	1	0	1
TBC1D21	1	0	1
TBC1D22A	1	0	1
TBC1D22B	1	0	1
TBC1D23	1	0	1
TBC1D24	1	0	1
TBC1D25	1	0	1
TBC1D26	1	0	1
TBC1D28	1	0	1
TBC1D2B	1	1	1
TBC1D3	1	0	1
TBC1D30	1	0	1
TBC1D31	1	0	1
TBC1D32	1	0	1
TBC1D3B	1	0	1
TBC1D3C	1	0	1
TBC1D3D	1	0	1
TBC1D3E	1	0	1
TBC1D3F	1	0	1
TBC1D3G	1	0	1
TBC1D3H	1	0	1
TBC1D3I	1	0	1
TBC1D3K	1	0	1
TBC1D3L	1	0	1
TBC1D3P1-DHX40P1	0	1	0
TBC1D4	1	0	1
TBC1D5	1	0	1
TBC1D7	1	1	1
TBC1D8	1	0	1
TBC1D8B	1	1	1
TBC1D9	1	0	1
TBC1D9B	1	0	1
TBCA	1	0	1
TBCB	1	0	1
TBCC	1	0	1
TBCCD1	1	0	1
TBCD	1	0	1
TBCE	1	0	1
TBCEL	1	0	1
TBCK	1	0	1
TBK1	1	0	1
TBKBP1	1	0	1
TBL1X	1	0	1
TBL1XR1	1	0	1
TBL1Y	1	0	1
TBL2	1	0	1
TBL3	1	0	1
TBP	1	1	1
TBPL1	1	0	1
TBPL2	1	0	1
TBR1	1	0	1
TBRG1	1	0	1
TBRG4	1	0	1
TBX1	1	0	1
TBX10	1	0	1
TBX15	1	0	1
TBX18	1	0	1
TBX19	1	0	1
TBX2	1	0	1
TBX20	1	0	1
TBX21	1	0	1
TBX22	1	0	1
TBX3	1	0	1
TBX4	1	0	1
TBX5	1	0	1
TBX6	1	0	1
TBXA2R	1	0	1
TBXAS1	1	0	1
TBXT	1	0	1
TC2N	1	0	1
TCAF1	1	0	1
TCAF2	1	0	1
TCAF2C	0	0	1
TCAIM	1	0	1
TCAP	1	0	1
TCEA1	1	0	1
TCEA2	1	0	1
TCEA3	1	0	1
TCEAL1	1	0	1
TCEAL2	1	0	1
TCEAL3	1	0	1
TCEAL4	1	0	1
TCEAL5	1	0	1
TCEAL6	1	0	1
TCEAL7	1	0	1
TCEAL8	1	0	1
TCEAL9	1	0	1
TCEANC	1	0	1
TCEANC2	1	0	1
TCERG1	1	0	1
TCERG1L	1	0	1
TCF12	1	1	1
TCF15	1	0	1
TCF19	1	0	1
TCF20	1	0	1
TCF21	1	0	1
TCF23	1	0	1
TCF24	1	0	1
TCF25	1	0	1
TCF3	1	0	1
TCF4	1	1	1
TCF7	1	0	1
TCF7L1	1	0	1
TCF7L2	1	0	1
TCFL5	1	0	1
TCHH	1	1	1
TCHHL1	1	0	1
TCHP	1	0	1
TCIM	1	0	1
TCIRG1	1	0	1
TCL1A	1	0	1
TCL1B	1	0	1
TCN1	1	0	1
TCN2	1	0	1
TCOF1	1	0	1
TCP1	1	0	1
TCP10L	1	0	1
TCP10L2	1	0	0
TCP11	1	0	1
TCP11L1	1	0	1
TCP11L2	1	0	1
TCP11X1	1	0	1
TCP11X2	1	1	1
TCTA	1	0	1
TCTE1	1	0	1
TCTN1	1	0	1
TCTN2	1	0	1
TCTN3	1	0	1
TDG	1	0	1
TDGF1	1	0	1
TDGF1P3	1	0	1
TDO2	1	0	1
TDP1	1	0	1
TDP2	1	0	1
TDRD1	1	0	1
TDRD10	1	0	1
TDRD12	1	0	1
TDRD15	1	1	1
TDRD3	1	1	1
TDRD5	1	0	1
TDRD6	1	0	1
TDRD7	1	0	1
TDRD9	1	0	1
TDRKH	1	0	1
TDRP	1	0	1
TEAD1	1	0	1
TEAD2	1	0	1
TEAD3	1	0	1
TEAD4	1	0	1
TEC	1	0	1
TECPR1	1	0	1
TECPR2	1	0	1
TECR	1	0	1
TECRL	1	0	1
TECTA	1	0	1
TECTB	1	0	1
TEDC1	1	1	1
TEDC2	1	0	1
TEDDM1	1	1	1
TEF	1	0	1
TEFM	1	0	1
TEK	1	0	1
TEKT1	1	0	1
TEKT2	1	0	1
TEKT3	1	1	1
TEKT4	1	0	1
TEKT5	1	0	1
TEKTIP1	1	0	1
TELO2	1	0	1
TEN1	1	0	1
TENM1	1	0	1
TENM2	1	0	1
TENM3	1	0	1
TENM4	1	0	1
TENT2	1	1	1
TENT4A	1	0	1
TENT4B	1	0	1
TENT5A	1	0	1
TENT5B	1	0	1
TENT5C	1	0	1
TENT5D	1	0	1
TEP1	1	1	1
TEPP	1	0	1
TEPSIN	1	0	1
TERB1	1	0	1
TERB2	1	0	1
TERF1	1	0	1
TERF2	1	0	1
TERF2IP	1	0	1
TERT	1	0	1
TES	1	0	1
TESC	1	0	1
TESK1	1	0	1
TESK2	1	0	1
TESMIN	1	0	1
TESPA1	1	0	1
TET1	1	0	1
TET2	1	0	1
TET3	1	0	1
TEX10	1	0	1
TEX101	1	0	1
TEX11	1	0	1
TEX12	1	0	1
TEX13A	1	0	1
TEX13B	1	0	1
TEX13C	1	0	1
TEX13D	1	0	1
TEX14	1	0	1
TEX15	1	0	1
TEX19	1	0	1
TEX2	1	0	1
TEX21P	0	1	0
TEX22	1	0	1
TEX26	1	0	1
TEX261	1	0	1
TEX264	1	0	1
TEX28	1	0	1
TEX29	1	0	1
TEX30	1	0	1
TEX33	1	0	1
TEX35	1	1	1
TEX36	1	0	1
TEX37	1	0	1
TEX38	1	0	1
TEX41	0	1	0
TEX43	1	0	1
TEX44	1	0	1
TEX45	1	0	1
TEX46	1	0	1
TEX47	1	0	1
TEX48	1	0	1
TEX49	1	0	1
TEX50	1	0	1
TEX51	1	0	1
TEX52	1	0	1
TEX53	1	0	1
TEX54	1	0	1
TEX55	1	1	1
TEX56P	1	0	0
TEX9	1	0	1
TF	1	0	1
TFAM	1	0	1
TFAP2A	1	0	1
TFAP2B	1	0	1
TFAP2C	1	0	1
TFAP2D	1	0	1
TFAP2E	1	0	1
TFAP4	1	0	1
TFB1M	1	0	1
TFB2M	1	0	1
TFCP2	1	0	1
TFCP2L1	1	0	1
TFDP1	1	0	1
TFDP2	1	0	1
TFDP3	1	0	1
TFE3	1	0	1
TFEB	1	0	1
TFEC	1	0	1
TFF1	1	0	1
TFF2	1	0	1
TFF3	1	0	1
TFG	1	0	1
TFIP11	1	0	1
TFPI	1	0	1
TFPI2	1	0	1
TFPT	1	0	1
TFR2	1	0	1
TFRC	1	0	1
TG	1	0	1
TGDS	1	0	1
TGFA	1	0	1
TGFB1	1	0	1
TGFB1I1	1	0	1
TGFB2	1	0	1
TGFB3	1	0	1
TGFBI	1	0	1
TGFBR1	1	0	1
TGFBR2	1	0	1
TGFBR3	1	0	1
TGFBR3L	1	0	1
TGFBRAP1	1	0	1
TGIF1	1	0	1
TGIF1P1	0	1	0
TGIF2	1	0	1
TGIF2-RAB5IF	0	0	1
TGIF2LX	1	0	1
TGIF2LY	1	0	1
TGM1	1	0	1
TGM2	1	0	1
TGM3	1	0	1
TGM4	1	0	1
TGM5	1	0	1
TGM6	1	0	1
TGM7	1	0	1
TGOLN2	1	0	1
TGS1	1	0	1
TH	1	0	1
THADA	1	0	1
THAP1	1	0	1
THAP10	1	0	1
THAP11	1	0	1
THAP12	1	0	1
THAP12P6	0	1	0
THAP2	1	0	1
THAP3	1	0	1
THAP4	1	0	1
THAP5	1	1	1
THAP5P1	0	1	0
THAP6	1	0	1
THAP7	1	0	1
THAP8	1	0	1
THAP9	1	0	1
THBD	1	0	1
THBS1	1	0	1
THBS2	1	0	1
THBS3	1	0	1
THBS4	1	0	1
THEG	1	0	1
THEGL	1	0	1
THEM4	1	0	1
THEM5	1	0	1
THEM6	1	0	1
THEMIS	1	0	1
THEMIS2	1	0	1
THG1L	1	0	1
THNSL1	1	0	1
THNSL2	1	0	1
THOC1	1	0	1
THOC2	1	0	1
THOC3	1	0	1
THOC5	1	0	1
THOC6	1	0	1
THOC7	1	0	1
THOP1	1	0	1
THORLNC	0	1	0
THPO	1	0	1
THRA	1	0	1
THRAP3	1	0	1
THRB	1	0	1
THRSP	1	0	1
THSD1	1	0	1
THSD4	1	1	1
THSD7A	1	0	1
THSD7B	1	0	1
THSD8	1	0	1
THTPA	1	0	1
THUMPD1	1	0	1
THUMPD2	1	0	1
THUMPD3	1	0	1
THY1	1	0	1
THYN1	1	1	1
TIA1	1	0	1
TIAL1	1	0	1
TIAM1	1	0	1
TIAM2	1	0	1
TICAM1	1	0	1
TICAM2	1	0	1
TICRR	1	0	1
TIE1	1	0	1
TIFA	1	0	1
TIFAB	1	0	1
TIGAR	1	0	1
TIGD1	1	0	1
TIGD2	1	0	1
TIGD3	1	0	1
TIGD4	1	0	1
TIGD5	1	0	1
TIGD6	1	0	1
TIGD7	1	0	1
TIGIT	1	0	1
TIMD4	1	0	1
TIMELESS	1	0	1
TIMM10	1	0	1
TIMM10B	1	0	1
TIMM13	1	0	1
TIMM17A	1	0	1
TIMM17B	1	0	1
TIMM21	1	0	1
TIMM22	1	0	1
TIMM23	1	0	1
TIMM23B	1	0	1
TIMM29	1	0	1
TIMM44	1	0	1
TIMM50	1	0	1
TIMM8A	1	0	1
TIMM8B	1	0	1
TIMM9	1	0	1
TIMMDC1	1	0	1
TIMP1	1	0	1
TIMP2	1	0	1
TIMP3	1	0	1
TIMP4	1	0	1
TINAG	1	0	1
TINAGL1	1	0	1
TINCR	1	0	1
TINF2	1	0	1
TIPARP	1	0	1
TIPIN	1	0	1
TIPRL	1	1	1
TIRAP	1	0	1
TJAP1	1	0	1
TJP1	1	0	1
TJP2	1	0	1
TJP3	1	0	1
TK1	1	0	1
TK2	1	0	1
TKFC	1	0	1
TKT	1	1	1
TKTL1	1	1	1
TKTL2	1	0	1
TLCD1	1	0	1
TLCD2	1	0	1
TLCD3A	1	0	1
TLCD3B	1	0	1
TLCD4	1	0	1
TLCD5	1	0	1
TLDC2	1	0	1
TLE1	1	0	1
TLE2	1	0	1
TLE3	1	0	1
TLE4	1	0	1
TLE5	1	0	1
TLE6	1	0	1
TLE7	1	0	1
TLK1	1	0	1
TLK2	1	0	1
TLL1	1	0	1
TLL2	1	0	1
TLN1	1	0	1
TLN2	1	0	1
TLNRD1	1	0	1
TLR1	1	0	1
TLR10	1	0	1
TLR2	1	0	1
TLR3	1	0	1
TLR4	1	0	1
TLR5	1	0	1
TLR6	1	0	1
TLR7	1	0	1
TLR8	1	0	1
TLR9	1	0	1
TLX1	1	0	1
TLX2	1	0	1
TLX3	1	0	1
TM2D1	1	0	1
TM2D2	1	0	1
TM2D3	1	0	1
TM4SF1	1	0	1
TM4SF18	1	0	1
TM4SF19	1	0	1
TM4SF20	1	0	1
TM4SF4	1	0	1
TM4SF5	1	0	1
TM6SF1	1	0	1
TM6SF2	1	0	1
TM7SF2	1	0	1
TM7SF3	1	0	1
TM9SF1	1	0	1
TM9SF2	1	0	1
TM9SF3	1	0	1
TM9SF4	1	0	1
TMA16	1	0	1
TMA7	1	0	1
TMA7B	1	0	1
TMBIM1	1	0	1
TMBIM4	1	0	1
TMBIM6	1	0	1
TMBIM7P	0	1	0
TMC1	1	0	1
TMC2	1	0	1
TMC3	1	0	1
TMC3-AS1	0	1	0
TMC4	1	0	1
TMC5	1	1	1
TMC6	1	0	1
TMC7	1	0	1
TMC8	1	0	1
TMCC1	1	0	1
TMCC1-AS1	0	1	0
TMCC2	1	0	1
TMCC3	1	0	1
TMCO1	1	0	1
TMCO2	1	0	1
TMCO3	1	0	1
TMCO4	1	0	1
TMCO5A	1	1	1
TMCO6	1	0	1
TMDD1	1	0	1
TMED1	1	0	1
TMED10	1	0	1
TMED2	1	0	1
TMED3	1	0	1
TMED4	1	0	1
TMED5	1	0	1
TMED6	1	0	1
TMED7	1	0	1
TMED7-TICAM2	0	0	1
TMED8	1	0	1
TMED9	1	0	1
TMEFF1	1	0	1
TMEFF2	1	0	1
TMEM100	1	0	1
TMEM101	1	0	1
TMEM102	1	0	1
TMEM104	1	0	1
TMEM106A	1	0	1
TMEM106B	1	0	1
TMEM106C	1	0	1
TMEM107	1	0	1
TMEM108	1	0	1
TMEM109	1	0	1
TMEM11	1	0	1
TMEM114	1	0	1
TMEM115	1	0	1
TMEM116	1	0	1
TMEM117	1	0	1
TMEM119	1	0	1
TMEM120A	1	0	1
TMEM120B	1	0	1
TMEM121	1	0	1
TMEM121B	1	0	1
TMEM123	1	0	1
TMEM125	1	0	1
TMEM126A	1	0	1
TMEM126B	1	0	1
TMEM127	1	0	1
TMEM128	1	0	1
TMEM129	1	0	1
TMEM130	1	0	1
TMEM131	1	0	1
TMEM131L	1	0	1
TMEM132A	1	0	1
TMEM132B	1	0	1
TMEM132C	1	0	1
TMEM132D	1	0	1
TMEM132E	1	0	1
TMEM134	1	0	1
TMEM135	1	0	1
TMEM138	1	0	1
TMEM139	1	0	1
TMEM140	1	0	1
TMEM141	1	0	1
TMEM143	1	0	1
TMEM144	1	0	1
TMEM145	1	0	1
TMEM147	1	0	1
TMEM14A	1	0	1
TMEM14B	1	1	1
TMEM14C	1	0	1
TMEM14DP	0	1	0
TMEM150A	1	0	1
TMEM150B	1	0	1
TMEM150C	1	0	1
TMEM151A	1	0	1
TMEM151B	1	0	1
TMEM154	1	0	1
TMEM156	1	0	1
TMEM158	1	0	1
TMEM159	0	1	0
TMEM160	1	0	1
TMEM161A	1	0	1
TMEM161B	1	0	1
TMEM161B-AS1	0	1	0
TMEM163	1	0	1
TMEM164	1	0	1
TMEM165	1	0	1
TMEM167A	1	0	1
TMEM167B	1	0	1
TMEM168	1	0	1
TMEM169	1	0	1
TMEM17	1	0	1
TMEM170A	1	0	1
TMEM170B	1	0	1
TMEM171	1	0	1
TMEM174	1	0	1
TMEM175	1	1	1
TMEM176A	1	0	1
TMEM176B	1	0	1
TMEM177	1	0	1
TMEM178A	1	0	1
TMEM178B	1	0	1
TMEM179	1	0	1
TMEM179B	1	0	1
TMEM18	1	0	1
TMEM181	1	0	1
TMEM182	1	0	1
TMEM183A	1	0	1
TMEM184A	1	0	1
TMEM184B	1	0	1
TMEM184C	1	0	1
TMEM185A	1	0	1
TMEM185B	1	0	1
TMEM186	1	0	1
TMEM187	1	0	1
TMEM19	1	0	1
TMEM190	1	0	1
TMEM191B	1	0	1
TMEM191C	1	0	1
TMEM192	1	0	1
TMEM196	1	0	1
TMEM198	1	0	1
TMEM199	1	0	1
TMEM200A	1	0	1
TMEM200B	1	0	1
TMEM200C	1	0	1
TMEM201	1	0	1
TMEM202	1	0	1
TMEM203	1	0	1
TMEM204	1	0	1
TMEM205	1	0	1
TMEM207	1	0	1
TMEM208	1	0	1
TMEM209	1	0	1
TMEM210	1	0	1
TMEM212	1	1	1
TMEM213	1	0	1
TMEM214	1	0	1
TMEM215	1	0	1
TMEM216	1	0	1
TMEM217	1	0	1
TMEM217B	1	0	1
TMEM218	1	0	1
TMEM219	1	0	1
TMEM220	1	0	1
TMEM220-AS1	0	1	0
TMEM221	1	0	1
TMEM222	1	0	1
TMEM223	1	0	1
TMEM225	1	0	1
TMEM225B	1	0	1
TMEM229A	1	0	1
TMEM229B	1	0	1
TMEM230	1	0	1
TMEM231	1	0	1
TMEM232	1	0	1
TMEM233	1	0	1
TMEM234	1	0	1
TMEM235	1	0	1
TMEM236	1	0	1
TMEM237	1	0	1
TMEM238	1	0	1
TMEM238L	1	0	1
TMEM239	1	0	1
TMEM240	1	0	1
TMEM241	1	0	1
TMEM242	1	0	1
TMEM243	1	0	1
TMEM244	1	0	1
TMEM245	1	0	1
TMEM248	1	0	1
TMEM249	1	0	1
TMEM25	1	0	1
TMEM250	1	0	1
TMEM252	1	0	1
TMEM253	1	0	1
TMEM254	1	0	1
TMEM254-AS1	0	1	0
TMEM255A	1	0	1
TMEM255B	1	0	1
TMEM256	1	0	1
TMEM258	1	0	1
TMEM259	1	0	1
TMEM26	1	0	1
TMEM260	1	0	1
TMEM262	1	0	1
TMEM263	1	0	1
TMEM265	1	0	1
TMEM266	1	0	1
TMEM267	1	0	1
TMEM268	1	0	1
TMEM269	1	1	1
TMEM270	1	0	1
TMEM271	1	0	1
TMEM272	1	0	1
TMEM273	1	0	1
TMEM275	1	0	1
TMEM30A	1	0	1
TMEM30B	1	0	1
TMEM31	1	0	1
TMEM33	1	0	1
TMEM35A	1	0	1
TMEM35B	1	0	1
TMEM37	1	0	1
TMEM38A	1	0	1
TMEM38B	1	0	1
TMEM39A	1	0	1
TMEM39B	1	0	1
TMEM40	1	1	1
TMEM41A	1	0	1
TMEM41B	1	0	1
TMEM42	1	0	1
TMEM43	1	1	1
TMEM44	1	0	1
TMEM45A	1	0	1
TMEM45B	1	0	1
TMEM47	1	0	1
TMEM50A	1	0	1
TMEM50B	1	0	1
TMEM51	1	0	1
TMEM52	1	0	1
TMEM52B	1	0	1
TMEM53	1	0	1
TMEM54	1	0	1
TMEM59	1	0	1
TMEM59L	1	0	1
TMEM60	1	0	1
TMEM61	1	0	1
TMEM62	1	1	1
TMEM63A	1	0	1
TMEM63B	1	0	1
TMEM63C	1	0	1
TMEM64	1	0	1
TMEM65	1	0	1
TMEM67	1	1	1
TMEM68	1	0	1
TMEM69	1	0	1
TMEM70	1	0	1
TMEM71	1	0	1
TMEM72	1	0	1
TMEM74	1	0	1
TMEM74B	1	0	1
TMEM79	1	0	1
TMEM80	1	0	1
TMEM81	1	0	1
TMEM82	1	0	1
TMEM86A	1	0	1
TMEM86B	1	0	1
TMEM87A	1	0	1
TMEM87B	1	0	1
TMEM88	1	0	1
TMEM88B	1	0	1
TMEM89	1	0	1
TMEM8B	1	0	1
TMEM9	1	0	1
TMEM91	1	0	1
TMEM92	1	0	1
TMEM94	1	0	1
TMEM95	1	0	1
TMEM97	1	0	1
TMEM97P2	0	1	0
TMEM98	1	0	1
TMEM9B	1	0	1
TMF1	1	0	1
TMIE	1	0	1
TMIGD1	1	0	1
TMIGD2	1	0	1
TMIGD3	1	0	1
TMLHE	1	0	1
TMOD1	1	0	1
TMOD2	1	0	1
TMOD3	1	1	1
TMOD4	1	0	1
TMPO	1	0	1
TMPPE	1	0	1
TMPRSS11A	1	0	1
TMPRSS11B	1	0	1
TMPRSS11D	1	0	1
TMPRSS11E	1	0	1
TMPRSS11F	1	0	1
TMPRSS11GP	0	1	0
TMPRSS12	1	0	1
TMPRSS13	1	0	1
TMPRSS15	1	0	1
TMPRSS2	1	1	1
TMPRSS3	1	0	1
TMPRSS4	1	0	1
TMPRSS5	1	0	1
TMPRSS6	1	0	1
TMPRSS7	1	0	1
TMPRSS9	1	0	1
TMSB10	1	0	1
TMSB15A	1	0	1
TMSB15B	1	1	1
TMSB15C	1	0	1
TMSB4X	1	0	1
TMSB4Y	1	0	1
TMTC1	1	0	1
TMTC2	1	0	1
TMTC3	1	0	1
TMTC4	1	0	1
TMUB1	1	0	1
TMUB2	1	0	1
TMX1	1	0	1
TMX2	1	0	1
TMX3	1	0	1
TMX4	1	0	1
TNC	1	0	1
TNF	1	0	1
TNFAIP1	1	0	1
TNFAIP2	1	0	1
TNFAIP3	1	0	1
TNFAIP6	1	0	1
TNFAIP8	1	0	1
TNFAIP8L1	1	0	1
TNFAIP8L2	1	0	1
TNFAIP8L3	1	0	1
TNFRSF10A	1	0	1
TNFRSF10B	1	1	1
TNFRSF10C	1	0	1
TNFRSF10D	1	0	1
TNFRSF11A	1	0	1
TNFRSF11B	1	0	1
TNFRSF12A	1	0	1
TNFRSF13B	1	0	1
TNFRSF13C	1	0	1
TNFRSF14	1	0	1
TNFRSF17	1	0	1
TNFRSF18	1	0	1
TNFRSF19	1	0	1
TNFRSF1A	1	0	1
TNFRSF1B	1	0	1
TNFRSF21	1	0	1
TNFRSF25	1	0	1
TNFRSF4	1	0	1
TNFRSF6B	1	0	1
TNFRSF8	1	0	1
TNFRSF9	1	0	1
TNFSF10	1	0	1
TNFSF11	1	0	1
TNFSF12	1	0	1
TNFSF13	1	0	1
TNFSF13B	1	0	1
TNFSF14	1	0	1
TNFSF15	1	0	1
TNFSF18	1	0	1
TNFSF4	1	0	1
TNFSF8	1	0	1
TNFSF9	1	0	1
TNIK	1	0	1
TNIP1	1	0	1
TNIP2	1	0	1
TNIP3	1	0	1
TNK1	1	0	1
TNK2	1	1	1
TNKS	1	0	1
TNKS1BP1	1	0	1
TNKS2	1	0	1
TNKS2-AS1	0	1	0
TNMD	1	0	1
TNN	1	0	1
TNNC1	1	0	1
TNNC2	1	0	1
TNNI1	1	0	1
TNNI2	1	0	1
TNNI3	1	0	1
TNNI3K	1	0	1
TNNT1	1	0	1
TNNT2	1	0	1
TNNT3	1	0	1
TNP1	1	0	1
TNP2	1	0	1
TNPO1	1	0	1
TNPO2	1	0	1
TNPO3	1	0	1
TNR	1	0	1
TNRC18	1	0	1
TNRC6A	1	0	1
TNRC6B	1	0	1
TNRC6C	1	0	1
TNS1	1	0	1
TNS2	1	1	1
TNS3	1	0	1
TNS4	1	0	1
TNXB	1	0	1
TOB1	1	0	1
TOB2	1	0	1
TOE1	1	0	1
TOGARAM1	1	0	1
TOGARAM2	1	0	1
TOLLIP	1	0	1
TOM1	1	0	1
TOM1L1	1	0	1
TOM1L2	1	0	1
TOMM20	1	0	1
TOMM20L	1	0	1
TOMM22	1	0	1
TOMM34	1	0	1
TOMM40	1	0	1
TOMM40L	1	0	1
TOMM5	1	0	1
TOMM6	1	0	1
TOMM7	1	0	1
TOMM70	1	0	1
TOMT	1	0	1
TONSL	1	1	1
TOP1	1	0	1
TOP1MT	1	0	1
TOP2A	1	0	1
TOP2B	1	0	1
TOP3A	1	0	1
TOP3B	1	0	1
TOPAZ1	1	0	1
TOPBP1	1	0	1
TOPORS	1	0	1
TOPORSLP	0	1	0
TOR1A	1	0	1
TOR1AIP1	1	0	1
TOR1AIP2	1	0	1
TOR1B	1	0	1
TOR2A	1	0	1
TOR3A	1	0	1
TOR4A	1	0	1
TOX	1	0	1
TOX2	1	0	1
TOX3	1	0	1
TOX4	1	0	1
TOX4P1	0	1	0
TP53	1	0	1
TP53AIP1	1	1	1
TP53BP1	1	0	1
TP53BP2	1	0	1
TP53I11	1	0	1
TP53I13	1	0	1
TP53I3	1	0	1
TP53INP1	1	0	1
TP53INP2	1	0	1
TP53RK	1	0	1
TP53TG3	1	0	1
TP53TG3B	1	0	1
TP53TG3C	1	0	1
TP53TG3D	1	0	1
TP53TG3E	1	0	1
TP53TG3F	1	0	1
TP53TG5	1	0	1
TP63	1	0	1
TP73	1	1	1
TP73-AS1	0	1	0
TPBG	1	0	1
TPBGL	1	0	1
TPCN1	1	0	1
TPCN2	1	1	1
TPD52	1	0	1
TPD52L1	1	0	1
TPD52L2	1	0	1
TPD52L3	1	0	1
TPGS1	1	0	1
TPGS2	1	0	1
TPH1	1	0	1
TPH2	1	1	1
TPI1	1	0	1
TPK1	1	0	1
TPM1	1	0	1
TPM2	1	0	1
TPM3	1	0	1
TPM3P2	0	1	0
TPM3P4	0	1	0
TPM4	1	0	1
TPMT	1	0	1
TPMTP1	0	1	0
TPO	1	0	1
TPP1	1	0	1
TPP2	1	0	1
TPPP	1	0	1
TPPP2	1	0	1
TPPP3	1	0	1
TPR	1	0	1
TPRA1	1	0	1
TPRG1	1	1	1
TPRG1L	1	0	1
TPRKB	1	0	1
TPRN	1	0	1
TPRX1	1	0	1
TPRXL	0	1	0
TPSAB1	1	0	1
TPSB2	1	0	1
TPSD1	1	0	1
TPSG1	1	0	1
TPST1	1	0	1
TPST2	1	0	1
TPT1	1	0	1
TPTE	1	0	1
TPTE2	1	0	1
TPTE2P5	0	1	0
TPTE2P6	0	1	0
TPTEP1	0	1	0
TPTEP2-CSNK1E	1	0	1
TPX2	1	1	1
TRA2A	1	0	1
TRA2B	1	0	1
TRABD	1	0	1
TRABD2A	1	0	1
TRABD2B	1	0	1
TRADD	1	0	1
TRAF1	1	0	1
TRAF2	1	0	1
TRAF3	1	0	1
TRAF3IP1	1	0	1
TRAF3IP2	1	0	1
TRAF3IP3	1	0	1
TRAF4	1	0	1
TRAF5	1	0	1
TRAF6	1	0	1
TRAF6P1	0	1	0
TRAF7	1	0	1
TRAFD1	1	0	1
TRAIP	1	0	1
TRAJ11	1	0	1
TRAJ12	1	0	1
TRAJ13	1	0	1
TRAJ16	1	0	1
TRAJ17	1	0	1
TRAJ18	1	0	1
TRAJ19	1	0	1
TRAJ2	1	0	1
TRAJ20	1	0	1
TRAJ22	1	0	1
TRAJ23	1	0	1
TRAJ24	1	0	1
TRAJ25	1	0	1
TRAJ26	1	0	1
TRAJ28	1	0	1
TRAJ29	1	0	1
TRAJ30	1	0	1
TRAJ31	1	0	1
TRAJ32	1	0	1
TRAJ33	1	0	1
TRAJ39	1	0	1
TRAJ4	1	0	1
TRAJ42	1	0	1
TRAJ43	1	0	1
TRAJ44	1	0	1
TRAJ45	1	0	1
TRAJ46	1	0	1
TRAJ47	1	0	1
TRAJ48	1	0	1
TRAJ5	1	0	1
TRAJ50	1	0	1
TRAJ52	1	0	1
TRAJ53	1	0	1
TRAJ54	1	0	1
TRAJ57	1	0	1
TRAJ58	1	0	1
TRAJ59	1	0	1
TRAJ61	1	0	1
TRAK1	1	0	1
TRAK2	1	0	1
TRAM1	1	0	1
TRAM1L1	1	0	1
TRAM2	1	0	1
TRANK1	1	0	1
TRAP1	1	0	1
TRAPPC1	1	0	1
TRAPPC10	1	0	1
TRAPPC11	1	0	1
TRAPPC12	1	1	1
TRAPPC13	1	0	1
TRAPPC14	1	0	1
TRAPPC2	1	0	1
TRAPPC2B	1	1	1
TRAPPC2L	1	0	1
TRAPPC3	1	0	1
TRAPPC3L	1	0	1
TRAPPC4	1	0	1
TRAPPC5	1	0	1
TRAPPC6A	1	0	1
TRAPPC6B	1	0	1
TRAPPC8	1	0	1
TRAPPC9	1	0	1
TRARG1	1	0	1
TRAT1	1	0	1
TRAV1-2	1	0	1
TRAV17	0	0	1
TRAV18	0	0	1
TRAV19	0	0	1
TRAV21	1	0	1
TRAV25	1	0	1
TRAV26-2	1	0	1
TRAV28	0	1	0
TRAV40	0	1	1
TRAV41	1	0	1
TRBD1	1	0	1
TRBJ1-1	1	0	1
TRBJ1-2	1	0	1
TRBJ1-4	1	0	1
TRBJ2-2	1	0	1
TRBJ2-5	1	0	1
TRBV10-1	0	0	1
TRBV24-1	1	0	1
TRBV3-1	0	0	1
TRBV5-2	0	1	0
TRBV6-4	0	1	1
TRBV6-5	0	0	1
TRDD2	1	0	1
TRDD3	0	0	1
TRDJ1	1	0	1
TRDJ2	1	0	1
TRDJ3	0	0	1
TRDJ4	1	0	1
TRDMT1	1	0	1
TRDN	1	0	1
TRDV1	1	0	1
TRDV2	1	0	1
TREH	1	0	1
TREM1	1	0	1
TREM2	1	0	1
TREML1	1	0	1
TREML2	1	0	1
TREML4	1	0	1
TREML5P	0	1	0
TRERF1	1	0	1
TREX1	1	0	1
TREX2	1	0	1
TRGC1	0	0	1
TRGJP1	1	0	1
TRGJP2	1	0	1
TRGV11	0	1	1
TRGV2	1	0	1
TRGV3	1	0	1
TRGV4	1	0	1
TRGV5	1	0	1
TRGV8	1	0	1
TRGV9	1	0	1
TRH	1	0	1
TRHDE	1	1	1
TRHDE-AS1	0	1	0
TRHR	1	0	1
TRIAP1	1	0	1
TRIB1	1	0	1
TRIB2	1	0	1
TRIB3	1	1	1
TRIL	1	0	1
TRIM10	1	0	1
TRIM11	1	0	1
TRIM13	1	0	1
TRIM14	1	0	1
TRIM15	1	0	1
TRIM16	1	0	1
TRIM16L	1	0	0
TRIM17	1	0	1
TRIM2	1	0	1
TRIM21	1	0	1
TRIM22	1	0	1
TRIM23	1	0	1
TRIM24	1	0	1
TRIM25	1	0	1
TRIM26	1	0	1
TRIM27	1	0	1
TRIM28	1	0	1
TRIM29	1	0	1
TRIM3	1	0	1
TRIM31	1	0	1
TRIM32	1	0	1
TRIM33	1	0	1
TRIM34	1	1	1
TRIM35	1	0	1
TRIM36	1	0	1
TRIM37	1	0	1
TRIM38	1	0	1
TRIM39	1	0	1
TRIM39-RPP21	0	0	1
TRIM4	1	0	1
TRIM40	1	0	1
TRIM41	1	0	1
TRIM42	1	0	1
TRIM43	1	0	1
TRIM43B	1	0	1
TRIM44	1	0	1
TRIM45	1	0	1
TRIM46	1	0	1
TRIM47	1	0	1
TRIM48	1	0	1
TRIM49	1	0	1
TRIM49B	1	0	1
TRIM49C	1	0	1
TRIM49D1	1	0	1
TRIM49D2	1	0	1
TRIM5	1	1	1
TRIM50	1	0	1
TRIM51	1	0	1
TRIM51G	1	0	1
TRIM52	1	0	1
TRIM54	1	0	1
TRIM55	1	0	1
TRIM56	1	0	1
TRIM58	1	0	1
TRIM59	1	0	1
TRIM6	1	0	1
TRIM60	1	1	1
TRIM61	1	0	1
TRIM62	1	0	1
TRIM63	1	0	1
TRIM64	1	0	1
TRIM64B	1	0	1
TRIM64C	1	0	1
TRIM64FP	0	1	0
TRIM65	1	0	1
TRIM66	1	0	1
TRIM67	1	0	1
TRIM68	1	0	1
TRIM69	1	1	1
TRIM7	1	0	1
TRIM71	1	0	1
TRIM72	1	0	1
TRIM73	1	0	1
TRIM74	1	0	1
TRIM75	1	0	1
TRIM77	1	0	1
TRIM8	1	0	1
TRIM9	1	0	1
TRIML1	1	0	1
TRIML2	1	0	1
TRIO	1	0	1
TRIOBP	1	0	1
TRIP10	1	0	1
TRIP11	1	1	1
TRIP12	1	0	1
TRIP13	1	0	1
TRIP4	1	0	1
TRIP6	1	0	1
TRIQK	1	0	1
TRIR	1	0	1
TRIT1	1	0	1
TRMO	1	0	1
TRMT1	1	0	1
TRMT10A	1	0	1
TRMT10B	1	0	1
TRMT10C	1	0	1
TRMT11	1	1	1
TRMT112	1	0	1
TRMT112P1	0	1	0
TRMT112P3	0	1	0
TRMT112P6	0	1	0
TRMT12	1	0	1
TRMT13	1	1	1
TRMT1L	1	0	1
TRMT2A	1	0	1
TRMT2B	1	0	1
TRMT44	1	0	1
TRMT5	1	0	1
TRMT6	1	0	1
TRMT61A	1	0	1
TRMT61B	1	0	1
TRMT9B	1	1	1
TRMU	1	0	1
TRNAU1AP	1	0	1
TRNP1	1	0	1
TRNT1	1	0	1
TRO	1	0	1
TROAP	1	0	1
TRPA1	1	0	1
TRPC1	1	0	1
TRPC3	1	0	1
TRPC4	1	0	1
TRPC4AP	1	0	1
TRPC5	1	0	1
TRPC5OS	1	1	1
TRPC6	1	0	1
TRPC7	1	0	1
TRPM1	1	0	1
TRPM2	1	0	1
TRPM3	1	0	1
TRPM4	1	0	1
TRPM5	1	0	1
TRPM6	1	0	1
TRPM7	1	0	1
TRPM8	1	0	1
TRPS1	1	0	1
TRPT1	1	0	1
TRPV1	1	0	1
TRPV2	1	0	1
TRPV3	1	0	1
TRPV4	1	0	1
TRPV5	1	0	1
TRPV6	1	0	1
TRRAP	1	0	1
TRUB1	1	0	1
TRUB2	1	0	1
TSACC	1	0	1
TSBP1	1	1	1
TSC1	1	0	1
TSC2	1	0	1
TSC22D1	1	0	1
TSC22D2	1	0	1
TSC22D3	1	0	1
TSC22D4	1	0	1
TSEN15	1	1	1
TSEN2	1	0	1
TSEN34	1	0	1
TSEN54	1	0	1
TSFM	1	0	1
TSG101	1	0	1
TSGA10	1	0	1
TSGA10IP	1	0	1
TSGA13	1	0	1
TSHB	1	0	1
TSHR	1	0	1
TSHZ1	1	0	1
TSHZ2	1	0	1
TSHZ3	1	0	1
TSKS	1	0	1
TSKU	1	0	1
TSLP	1	0	1
TSN	1	0	1
TSNARE1	1	0	1
TSNAX	1	0	1
TSNAX-DISC1	0	1	1
TSNAXIP1	1	0	1
TSPAN1	1	0	1
TSPAN10	1	0	1
TSPAN11	1	0	1
TSPAN12	1	0	1
TSPAN13	1	0	1
TSPAN14	1	0	1
TSPAN15	1	0	1
TSPAN16	1	1	1
TSPAN17	1	0	1
TSPAN18	1	0	1
TSPAN19	1	1	1
TSPAN2	1	0	1
TSPAN3	1	0	1
TSPAN31	1	0	1
TSPAN32	1	0	1
TSPAN33	1	0	1
TSPAN4	1	0	1
TSPAN5	1	0	1
TSPAN6	1	0	1
TSPAN7	1	0	1
TSPAN8	1	0	1
TSPAN9	1	0	1
TSPEAR	1	0	1
TSPO	1	0	1
TSPO2	1	0	1
TSPOAP1	1	0	1
TSPY1	1	0	1
TSPY10	1	0	1
TSPY2	1	0	1
TSPY3	1	0	1
TSPY4	1	0	1
TSPY8	1	0	1
TSPY9	1	0	1
TSPYL1	1	0	1
TSPYL2	1	0	1
TSPYL4	1	0	1
TSPYL5	1	0	1
TSPYL6	1	0	1
TSR1	1	0	1
TSR2	1	0	1
TSR3	1	0	1
TSSC2	0	1	0
TSSC4	1	0	1
TSSK1B	1	0	1
TSSK2	1	0	1
TSSK3	1	0	1
TSSK4	1	0	1
TSSK6	1	0	1
TST	1	0	1
TSTD1	1	0	1
TSTD2	1	0	1
TSTD3	1	1	1
TTBK1	1	0	1
TTBK2	1	0	1
TTC1	1	0	1
TTC12	1	0	1
TTC13	1	0	1
TTC14	1	0	1
TTC16	1	1	1
TTC17	1	0	1
TTC19	1	0	1
TTC21A	1	0	1
TTC21B	1	0	1
TTC22	1	0	1
TTC23	1	1	1
TTC23L	1	0	1
TTC24	1	0	1
TTC26	1	0	1
TTC27	1	0	1
TTC28	1	0	1
TTC29	1	0	1
TTC3	1	0	1
TTC30A	1	0	1
TTC30B	1	0	1
TTC31	1	0	1
TTC32	1	0	1
TTC33	1	1	1
TTC34	1	0	1
TTC36	1	0	1
TTC38	1	0	1
TTC39A	1	0	1
TTC39B	1	0	1
TTC39C	1	0	1
TTC4	1	0	1
TTC41P	0	1	0
TTC5	1	0	1
TTC6	1	1	1
TTC7A	1	0	1
TTC7B	1	0	1
TTC8	1	0	1
TTC9	1	0	1
TTC9B	1	0	1
TTC9C	1	0	1
TTF1	1	1	1
TTF2	1	1	1
TTI1	1	0	1
TTI2	1	0	1
TTK	1	0	1
TTL	1	0	1
TTLL1	1	0	1
TTLL10	1	0	1
TTLL11	1	0	1
TTLL12	1	0	1
TTLL13	1	0	1
TTLL2	1	0	1
TTLL3	1	0	1
TTLL4	1	1	1
TTLL5	1	0	1
TTLL6	1	0	1
TTLL7	1	0	1
TTLL8	1	1	1
TTLL9	1	0	1
TTN	1	1	1
TTPA	1	0	1
TTPAL	1	0	1
TTR	1	0	1
TTYH1	1	0	1
TTYH2	1	0	1
TTYH3	1	0	1
TUB	1	0	1
TUBA1A	1	0	1
TUBA1B	1	0	1
TUBA1C	1	1	1
TUBA3C	1	0	1
TUBA3D	1	0	1
TUBA3E	1	0	1
TUBA4A	1	0	1
TUBA4B	1	0	1
TUBA8	1	0	1
TUBAL3	1	0	1
TUBAP2	0	1	0
TUBB	1	0	1
TUBB1	1	0	1
TUBB2A	1	0	1
TUBB2B	1	0	1
TUBB3	1	0	1
TUBB4A	1	0	1
TUBB4B	1	0	1
TUBB6	1	0	1
TUBB8	1	0	1
TUBB8B	1	0	1
TUBB8P5	0	1	0
TUBD1	1	0	1
TUBE1	1	0	1
TUBG1	1	0	1
TUBG2	1	0	1
TUBGCP2	1	0	1
TUBGCP3	1	0	1
TUBGCP4	1	0	1
TUBGCP5	1	0	1
TUBGCP6	1	1	1
TUFM	1	0	1
TUFT1	1	0	1
TUG1	1	0	1
TULP1	1	0	1
TULP2	1	0	1
TULP3	1	0	1
TULP4	1	0	1
TUNAR	1	0	1
TUSC1	1	0	1
TUSC2	1	0	1
TUSC3	1	1	1
TUT1	1	0	1
TUT4	1	0	1
TUT7	1	0	1
TVP23A	1	0	1
TVP23B	1	0	1
TVP23C	1	0	1
TWF1	1	0	1
TWF2	1	0	1
TWIST1	1	0	1
TWIST2	1	0	1
TWNK	1	0	1
TWSG1	1	0	1
TXK	1	0	1
TXLNA	1	0	1
TXLNB	1	0	1
TXLNG	1	0	1
TXN	1	0	1
TXN2	1	0	1
TXNDC11	1	0	1
TXNDC12	1	0	1
TXNDC15	1	0	1
TXNDC16	1	0	1
TXNDC17	1	0	1
TXNDC2	1	0	1
TXNDC5	1	0	1
TXNDC8	1	0	1
TXNDC9	1	0	1
TXNIP	1	0	1
TXNL1	1	0	1
TXNL4A	1	0	1
TXNL4B	1	0	1
TXNP1	0	1	0
TXNRD1	1	0	1
TXNRD2	1	0	1
TXNRD3	1	0	1
TYK2	1	0	1
TYMP	1	0	1
TYMS	1	0	1
TYR	1	0	1
TYRO3	1	0	1
TYROBP	1	0	1
TYRP1	1	0	1
TYSND1	1	0	1
TYW1	1	0	1
TYW1B	1	0	1
TYW3	1	0	1
TYW5	1	0	1
U2AF1	1	0	1
U2AF1L4	1	0	1
U2AF2	1	0	1
U2SURP	1	0	1
U91319	0	1	0
U95743	0	1	0
UACA	1	0	1
UAP1	1	0	1
UAP1L1	1	0	1
UBA1	1	0	1
UBA2	1	0	1
UBA3	1	0	1
UBA5	1	1	1
UBA52	1	0	1
UBA6	1	0	1
UBA6-AS1	0	1	0
UBA7	1	0	1
UBAC1	1	0	1
UBAC2	1	0	1
UBAC2-AS1	0	1	0
UBALD1	1	0	1
UBALD2	1	0	1
UBAP1	1	1	1
UBAP1L	1	0	1
UBAP2	1	0	1
UBAP2L	1	0	1
UBASH3A	1	0	1
UBASH3B	1	0	1
UBB	1	0	1
UBBP1	0	1	0
UBC	1	0	1
UBD	1	0	1
UBE2A	1	0	1
UBE2B	1	0	1
UBE2C	1	1	1
UBE2D1	1	0	1
UBE2D2	1	0	1
UBE2D3	1	0	1
UBE2D4	1	0	1
UBE2E1	1	0	1
UBE2E2	1	0	1
UBE2E3	1	0	1
UBE2F	1	0	1
UBE2FP2	0	1	0
UBE2G1	1	0	1
UBE2G2	1	0	1
UBE2H	1	0	1
UBE2HP1	0	1	0
UBE2I	1	0	1
UBE2J1	1	0	1
UBE2J2	1	0	1
UBE2K	1	0	1
UBE2L3	1	0	1
UBE2L5	1	0	1
UBE2L6	1	0	1
UBE2M	1	0	1
UBE2N	1	0	1
UBE2NL	1	1	1
UBE2O	1	0	1
UBE2Q1	1	0	1
UBE2Q2	1	0	1
UBE2QL1	1	0	1
UBE2R2	1	0	1
UBE2S	1	0	1
UBE2T	1	0	1
UBE2U	1	0	1
UBE2V1	1	0	1
UBE2V1P9	0	1	0
UBE2V2	1	0	1
UBE2W	1	0	1
UBE2Z	1	0	1
UBE3A	1	0	1
UBE3B	1	0	1
UBE3C	1	0	1
UBE3D	1	0	1
UBE4A	1	0	1
UBE4B	1	0	1
UBFD1	1	0	1
UBIAD1	1	0	1
UBL3	1	0	1
UBL4A	1	0	1
UBL4B	1	0	1
UBL5	1	0	1
UBL7	1	0	1
UBL7-AS1	0	1	0
UBLCP1	1	0	1
UBN1	1	0	1
UBN2	1	0	1
UBOX5	1	0	1
UBP1	1	0	1
UBQLN1	1	0	1
UBQLN2	1	0	1
UBQLN3	1	0	1
UBQLN4	1	0	1
UBQLNL	1	0	1
UBR1	1	0	1
UBR2	1	0	1
UBR3	1	0	1
UBR4	1	0	1
UBR5	1	0	1
UBR7	1	0	1
UBTD1	1	0	1
UBTD2	1	0	1
UBTF	1	0	1
UBTFL1	1	0	1
UBXN1	1	0	1
UBXN10	1	0	1
UBXN11	1	1	1
UBXN2A	1	0	1
UBXN2B	1	0	1
UBXN4	1	0	1
UBXN6	1	0	1
UBXN7	1	0	1
UBXN8	1	0	1
UCHL1	1	0	1
UCHL3	1	0	1
UCHL5	1	1	1
UCK1	1	0	1
UCK2	1	0	1
UCKL1	1	0	1
UCMA	1	0	1
UCN	1	0	1
UCN2	1	0	1
UCN3	1	0	1
UCP1	1	0	1
UCP2	1	0	1
UCP3	1	0	1
UEVLD	1	0	1
UFC1	1	0	1
UFD1	1	0	1
UFL1	1	0	1
UFM1	1	0	1
UFSP1	1	0	1
UFSP2	1	0	1
UGCG	1	0	1
UGDH	1	0	1
UGGT1	1	0	1
UGGT2	1	1	1
UGP2	1	0	1
UGT1A1	1	0	1
UGT1A10	1	0	1
UGT1A11P	0	1	0
UGT1A3	1	0	1
UGT1A4	1	0	1
UGT1A5	1	0	1
UGT1A6	1	0	1
UGT1A7	1	0	1
UGT1A8	1	0	1
UGT1A9	1	0	1
UGT2A1	1	1	1
UGT2A2	1	0	1
UGT2A3	1	0	1
UGT2B10	1	0	1
UGT2B11	1	0	1
UGT2B15	1	0	1
UGT2B17	1	0	1
UGT2B28	1	0	1
UGT2B4	1	0	1
UGT2B7	1	0	1
UGT3A1	1	0	1
UGT3A2	1	0	1
UGT8	1	0	1
UHMK1	1	0	1
UHRF1	1	0	1
UHRF2	1	0	1
UIMC1	1	0	1
ULBP1	1	0	1
ULBP2	1	0	1
ULBP3	1	0	1
ULK1	1	0	1
ULK2	1	0	1
ULK3	1	0	1
ULK4	1	0	1
UMAD1	1	0	1
UMOD	1	0	1
UMODL1	1	1	1
UMPS	1	0	1
UNC119	1	0	1
UNC119B	1	0	1
UNC13A	1	0	1
UNC13B	1	0	1
UNC13C	1	0	1
UNC13D	1	0	1
UNC45A	1	0	1
UNC45B	1	0	1
UNC50	1	0	1
UNC5A	1	0	1
UNC5B	1	0	1
UNC5C	1	0	1
UNC5CL	1	0	1
UNC5D	1	0	1
UNC79	1	0	1
UNC80	1	0	1
UNC93A	1	0	1
UNC93B1	1	0	1
UNCX	1	0	1
UNG	1	0	1
UNK	1	0	1
UNKL	1	0	1
UPB1	1	0	1
UPF1	1	0	1
UPF2	1	0	1
UPF3A	1	0	1
UPF3B	1	0	1
UPK1A	1	0	1
UPK1B	1	0	1
UPK2	1	0	1
UPK3A	1	0	1
UPK3B	1	0	1
UPK3BL1	1	0	1
UPK3BL2	1	0	1
UPP1	1	0	1
UPP2	1	0	1
UPRT	1	0	1
UQCC1	1	0	1
UQCC2	1	0	1
UQCC3	1	1	1
UQCC4	1	0	1
UQCC5	1	0	1
UQCC6	1	0	1
UQCR10	1	0	1
UQCR11	1	0	1
UQCRB	1	0	1
UQCRC1	1	0	1
UQCRC2	1	0	1
UQCRFS1	1	0	1
UQCRFS1P3	0	1	0
UQCRH	1	0	1
UQCRHL	1	0	1
UQCRQ	1	0	1
URAD	1	0	1
URB1	1	0	1
URB2	1	0	1
URGCP	1	0	1
URI1	1	0	1
URM1	1	0	1
UROC1	1	0	1
UROD	1	0	1
UROS	1	0	1
USB1	1	0	1
USE1	1	0	1
USF1	1	0	1
USF2	1	0	1
USF3	1	0	1
USH1C	1	0	1
USH1G	1	0	1
USH2A	1	0	1
USHBP1	1	0	1
USO1	1	0	1
USP1	1	0	1
USP10	1	1	1
USP11	1	0	1
USP12	1	0	1
USP13	1	0	1
USP14	1	0	1
USP15	1	0	1
USP16	1	0	1
USP17L1	1	0	1
USP17L10	1	0	1
USP17L11	1	0	1
USP17L12	1	0	1
USP17L13	1	0	1
USP17L15	1	0	1
USP17L17	1	0	1
USP17L18	1	0	1
USP17L19	1	0	1
USP17L2	1	0	1
USP17L20	1	0	1
USP17L21	1	0	1
USP17L22	1	0	1
USP17L24	1	0	1
USP17L25	1	0	1
USP17L26	1	0	1
USP17L27	1	0	1
USP17L28	1	0	1
USP17L29	1	0	1
USP17L3	1	0	1
USP17L30	1	0	1
USP17L4	1	0	1
USP17L5	1	0	1
USP17L7	1	0	1
USP17L8	1	0	1
USP18	1	0	1
USP19	1	0	1
USP2	1	0	1
USP20	1	0	1
USP21	1	0	1
USP22	1	0	1
USP24	1	1	1
USP25	1	0	1
USP26	1	0	1
USP27X	1	0	1
USP28	1	0	1
USP29	1	1	1
USP3	1	0	1
USP30	1	1	1
USP31	1	0	1
USP32	1	1	1
USP33	1	0	1
USP34	1	0	1
USP35	1	0	1
USP36	1	0	1
USP37	1	1	1
USP38	1	0	1
USP39	1	0	1
USP4	1	0	1
USP40	1	0	1
USP41	1	0	0
USP42	1	0	1
USP43	1	0	1
USP44	1	0	1
USP45	1	0	1
USP46	1	0	1
USP47	1	0	1
USP48	1	0	1
USP49	1	0	1
USP5	1	0	1
USP50	1	1	1
USP51	1	0	1
USP53	1	0	1
USP54	1	0	1
USP6	1	0	1
USP6NL	1	0	1
USP7	1	0	1
USP8	1	0	1
USP9X	1	0	1
USP9Y	1	0	1
USPL1	1	0	1
UST	1	0	1
UTF1	1	0	1
UTP11	1	0	1
UTP14A	1	0	1
UTP14C	1	0	1
UTP15	1	0	1
UTP18	1	0	1
UTP20	1	1	1
UTP23	1	0	1
UTP25	1	0	1
UTP3	1	0	1
UTP4	1	0	1
UTP6	1	0	1
UTRN	1	0	1
UTS2	1	0	1
UTS2B	1	1	1
UTS2R	1	0	1
UTY	1	0	1
UVRAG	1	0	1
UVSSA	1	0	1
UXS1	1	1	1
UXT	1	0	1
VAC14	1	0	1
VAMP1	1	0	1
VAMP2	1	0	1
VAMP3	1	0	1
VAMP4	1	0	1
VAMP5	1	0	1
VAMP7	1	0	1
VAMP8	1	0	1
VAMP9P	0	1	0
VANGL1	1	0	1
VANGL2	1	0	1
VAPA	1	1	1
VAPB	1	0	1
VARS1	1	0	1
VARS2	1	0	1
VASH1	1	0	1
VASH2	1	0	1
VASN	1	0	1
VASP	1	0	1
VAT1	1	0	1
VAT1L	1	0	1
VAV1	1	0	1
VAV2	1	0	1
VAV3	1	0	1
VAX1	1	0	1
VAX2	1	0	1
VBP1	1	1	1
VCAM1	1	1	1
VCAN	1	0	1
VCL	1	0	1
VCP	1	0	1
VCPIP1	1	0	1
VCPKMT	1	0	1
VCX	1	0	1
VCX2	1	0	1
VCX3A	1	0	1
VCX3B	1	0	1
VCY	1	0	1
VCY1B	1	0	1
VDAC1	1	0	1
VDAC2	1	0	1
VDAC3	1	0	1
VDR	1	0	1
VEGFA	1	0	1
VEGFB	1	0	1
VEGFC	1	0	1
VEGFD	1	0	1
VENTX	1	0	1
VEPH1	1	0	1
VEZF1	1	0	1
VEZF1P1	0	1	0
VEZT	1	0	1
VGF	1	0	1
VGLL1	1	0	1
VGLL2	1	0	1
VGLL3	1	1	1
VGLL4	1	0	1
VHL	1	0	1
VHLL	1	0	1
VIL1	1	0	1
VILL	1	0	1
VIM	1	0	1
VINAC1P	0	1	0
VIP	1	0	1
VIPAS39	1	0	1
VIPR1	1	0	1
VIPR2	1	0	1
VIRMA	1	0	1
VIT	1	0	1
VKORC1	1	0	1
VKORC1L1	1	0	1
VLDLR	1	0	1
VLDLR-AS1	0	1	0
VMA21	1	0	1
VMAC	1	0	1
VMO1	1	0	1
VMP1	1	0	1
VN1R1	1	1	1
VN1R2	1	0	1
VN1R4	1	1	1
VN1R40P	0	1	0
VN1R5	0	0	1
VN1R66P	0	1	0
VN1R96P	0	1	0
VN2R19P	0	1	0
VNN1	1	0	1
VNN2	1	0	1
VNN3P	1	0	0
VOPP1	1	0	1
VPREB1	1	0	1
VPREB3	1	0	1
VPS11	1	0	1
VPS13A	1	0	1
VPS13B	1	0	1
VPS13C	1	0	1
VPS13D	1	0	1
VPS16	1	0	1
VPS18	1	0	1
VPS25	1	0	1
VPS26A	1	0	1
VPS26B	1	0	1
VPS26C	1	0	1
VPS28	1	0	1
VPS29	1	0	1
VPS33A	1	0	1
VPS33B	1	0	1
VPS35	1	0	1
VPS35L	1	1	1
VPS36	1	0	1
VPS37A	1	0	1
VPS37B	1	0	1
VPS37C	1	0	1
VPS37D	1	0	1
VPS39	1	0	1
VPS41	1	0	1
VPS45	1	0	1
VPS4A	1	0	1
VPS4B	1	0	1
VPS50	1	0	1
VPS51	1	0	1
VPS52	1	0	1
VPS53	1	0	1
VPS54	1	0	1
VPS72	1	0	1
VPS8	1	0	1
VPS9D1	1	0	1
VRK1	1	0	1
VRK2	1	0	1
VRK3	1	0	1
VRTN	1	0	1
VSIG1	1	0	1
VSIG10	1	0	1
VSIG10L	1	0	1
VSIG10L2	1	0	1
VSIG2	1	0	1
VSIG4	1	0	1
VSIG8	1	0	1
VSIR	1	0	1
VSNL1	1	0	1
VSTM1	1	0	1
VSTM2A	1	0	1
VSTM2B	1	0	1
VSTM2L	1	0	1
VSTM4	1	0	1
VSTM5	1	0	1
VSX1	1	0	1
VSX2	1	0	1
VTA1	1	0	1
VTCN1	1	0	1
VTI1A	1	0	1
VTI1B	1	0	1
VTN	1	1	1
VWA1	1	0	1
VWA2	1	0	1
VWA3A	1	0	1
VWA3B	1	0	1
VWA5A	1	0	1
VWA5B1	1	0	1
VWA5B2	1	0	1
VWA7	1	0	1
VWA8	1	0	1
VWA8-AS1	0	1	0
VWC2	1	0	1
VWC2L	1	0	1
VWCE	1	0	1
VWDE	1	0	1
VWF	1	0	1
VXN	1	0	1
WAC	1	0	1
WAPL	1	0	1
WARS1	1	0	1
WARS2	1	0	1
WARS2P1	0	1	0
WAS	1	0	1
WASF1	1	0	1
WASF2	1	0	1
WASF3	1	0	1
WASF4P	0	1	0
WASH6P	1	0	1
WASHC1	1	0	1
WASHC2A	1	0	1
WASHC2C	1	0	1
WASHC3	1	0	1
WASHC4	1	1	1
WASHC5	1	0	1
WASL	1	0	1
WBP1	1	0	1
WBP11	1	0	1
WBP1L	1	0	1
WBP2	1	0	1
WBP2NL	1	0	1
WBP4	1	0	1
WDCP	1	0	1
WDFY1	1	0	1
WDFY2	1	0	1
WDFY3	1	0	1
WDFY3-AS2	0	1	0
WDFY4	1	0	1
WDHD1	1	0	1
WDPCP	1	0	1
WDR1	1	0	1
WDR11	1	0	1
WDR12	1	0	1
WDR13	1	0	1
WDR17	1	0	1
WDR18	1	0	1
WDR19	1	0	1
WDR20	1	0	1
WDR24	1	0	1
WDR25	1	0	1
WDR26	1	0	1
WDR27	1	1	1
WDR3	1	0	1
WDR31	1	1	1
WDR33	1	0	1
WDR34	0	1	0
WDR35	1	0	1
WDR36	1	0	1
WDR37	1	0	1
WDR38	1	0	1
WDR4	1	0	1
WDR41	1	0	1
WDR43	1	0	1
WDR44	1	0	1
WDR45	1	0	1
WDR45B	1	0	1
WDR46	1	0	1
WDR47	1	0	1
WDR48	1	0	1
WDR49	1	0	1
WDR5	1	1	1
WDR53	1	0	1
WDR54	1	0	1
WDR55	1	0	1
WDR59	1	0	1
WDR5B	1	0	1
WDR6	1	0	1
WDR62	1	1	1
WDR64	1	0	1
WDR7	1	0	1
WDR70	1	0	1
WDR72	1	1	1
WDR73	1	0	1
WDR74	1	0	1
WDR75	1	0	1
WDR76	1	0	1
WDR77	1	0	1
WDR81	1	0	1
WDR82	1	0	1
WDR83	1	1	1
WDR83OS	1	0	1
WDR86	1	0	1
WDR87	1	0	1
WDR88	1	0	1
WDR89	1	0	1
WDR90	1	1	1
WDR91	1	0	1
WDR93	1	1	1
WDR97	1	0	1
WDSUB1	1	0	1
WDTC1	1	0	1
WEE1	1	0	1
WEE2	1	0	1
WFDC1	1	0	1
WFDC10A	1	0	1
WFDC10B	1	0	1
WFDC11	1	0	1
WFDC12	1	0	1
WFDC13	1	0	1
WFDC2	1	0	1
WFDC3	1	1	1
WFDC5	1	0	1
WFDC6	1	0	1
WFDC8	1	1	1
WFDC9	1	0	1
WFIKKN1	1	0	1
WFIKKN2	1	0	1
WFS1	1	0	1
WHAMM	1	0	1
WHRN	1	0	1
WIF1	1	0	1
WIPF1	1	0	1
WIPF2	1	0	1
WIPF3	1	0	1
WIPI1	1	0	1
WIPI2	1	0	1
WIZ	1	0	1
WIZP1	0	1	0
WLS	1	0	1
WNK1	1	0	1
WNK2	1	0	1
WNK3	1	1	1
WNK4	1	0	1
WNT1	1	0	1
WNT10A	1	0	1
WNT10B	1	0	1
WNT11	1	0	1
WNT16	1	0	1
WNT2	1	0	1
WNT2B	1	0	1
WNT3	1	0	1
WNT3A	1	0	1
WNT4	1	0	1
WNT5A	1	0	1
WNT5B	1	1	1
WNT6	1	0	1
WNT7A	1	0	1
WNT7B	1	0	1
WNT8A	1	0	1
WNT8B	1	0	1
WNT9A	1	0	1
WNT9B	1	0	1
WRAP53	1	0	1
WRAP73	1	0	1
WRN	1	0	1
WRNIP1	1	0	1
WSB1	1	0	1
WSB2	1	0	1
WSCD1	1	0	1
WSCD2	1	0	1
WT1	1	0	1
WT1-AS	0	1	0
WTAP	1	0	1
WTIP	1	0	1
WWC1	1	0	1
WWC2	1	0	1
WWC3	1	0	1
WWOX	1	0	1
WWP1	1	0	1
WWP2	1	0	1
WWTR1	1	1	1
XAB2	1	0	1
XACT	0	1	0
XAF1	1	0	1
XAGE1A	1	0	1
XAGE1B	1	0	1
XAGE2	1	0	1
XAGE3	1	0	1
XAGE5	1	0	1
XBP1	1	0	1
XCL1	1	0	1
XCL2	1	0	1
XCR1	1	0	1
XDH	1	0	1
XG	1	0	1
XIAP	1	0	1
XIAPP1	0	1	0
XIRP1	1	0	1
XIRP2	1	0	1
XK	1	0	1
XKR3	1	0	1
XKR4	1	0	1
XKR5	1	0	1
XKR6	1	0	1
XKR7	1	0	1
XKR8	1	0	1
XKR9	1	1	1
XKRX	1	0	1
XNDC1N	1	0	1
XPA	1	0	1
XPC	1	0	1
XPNPEP1	1	0	1
XPNPEP2	1	0	1
XPNPEP3	1	0	1
XPO1	1	0	1
XPO4	1	0	1
XPO5	1	0	1
XPO6	1	0	1
XPO7	1	0	1
XPOT	1	0	1
XPR1	1	0	1
XRCC1	1	0	1
XRCC2	1	0	1
XRCC3	1	1	1
XRCC4	1	0	1
XRCC5	1	0	1
XRCC6	1	0	1
XRCC6P1	0	1	0
XRCC6P2	0	1	0
XRN1	1	0	1
XRN2	1	0	1
XRRA1	1	0	1
XXYLT1	1	0	1
XYLB	1	0	1
XYLT1	1	0	1
XYLT2	1	0	1
YAE1	1	0	1
YAF2	1	0	1
YAP1	1	0	1
YARS1	1	0	1
YARS2	1	0	1
YBEY	1	0	1
YBX1	1	0	1
YBX1P1	0	1	0
YBX1P10	0	1	0
YBX2	1	0	1
YBX2P1	0	1	0
YBX3	1	0	1
YDJC	1	0	1
YEATS2	1	0	1
YEATS4	1	0	1
YES1	1	0	1
YIF1A	1	0	1
YIF1B	1	0	1
YIPF1	1	0	1
YIPF2	1	0	1
YIPF3	1	0	1
YIPF4	1	0	1
YIPF5	1	0	1
YIPF6	1	0	1
YIPF7	1	0	1
YJEFN3	1	0	1
YJU2	1	0	1
YJU2B	1	0	1
YKT6	1	0	1
YLPM1	1	0	1
YME1L1	1	0	1
YOD1	1	0	1
YPEL1	1	0	1
YPEL2	1	0	1
YPEL3	1	0	1
YPEL4	1	0	1
YPEL5	1	0	1
YRDC	1	0	1
YTHDC1	1	0	1
YTHDC2	1	0	1
YTHDF1	1	0	1
YTHDF2	1	0	1
YTHDF3	1	0	1
YWHAB	1	0	1
YWHAE	1	0	1
YWHAEP5	0	1	0
YWHAG	1	0	1
YWHAH	1	0	1
YWHAQ	1	0	1
YWHAQP9	0	1	0
YWHAZ	1	0	1
YWHAZP2	0	1	0
YWHAZP3	0	1	0
YY1	1	0	1
YY1AP1	1	0	1
YY2	1	0	1
Z72006	0	1	0
Z75741	0	1	0
Z82186	0	1	0
Z82195	0	1	0
Z82196	0	1	0
Z83820	0	1	0
Z85994	0	1	0
Z93242	0	1	0
Z93403	0	1	0
Z93930	0	1	0
Z95327	0	1	0
Z96811	0	1	0
Z97353	0	1	0
Z98259	0	1	0
Z99916	0	1	0
ZACN	1	0	1
ZAN	1	0	1
ZAP70	1	0	1
ZAR1	1	0	1
ZAR1L	1	0	1
ZBBX	1	0	1
ZBED1	1	0	1
ZBED10P	1	0	0
ZBED2	1	0	1
ZBED3	1	0	1
ZBED4	1	0	1
ZBED5	1	1	1
ZBED6	1	0	1
ZBP1	1	0	1
ZBTB1	1	0	1
ZBTB10	1	0	1
ZBTB11	1	0	1
ZBTB12	1	0	1
ZBTB14	1	0	1
ZBTB16	1	0	1
ZBTB17	1	0	1
ZBTB18	1	0	1
ZBTB2	1	0	1
ZBTB20	1	0	1
ZBTB21	1	0	1
ZBTB22	1	0	1
ZBTB24	1	0	1
ZBTB25	1	1	1
ZBTB26	1	0	1
ZBTB3	1	0	1
ZBTB32	1	0	1
ZBTB33	1	0	1
ZBTB34	1	0	1
ZBTB37	1	0	1
ZBTB38	1	0	1
ZBTB39	1	0	1
ZBTB4	1	0	1
ZBTB40	1	0	1
ZBTB41	1	0	1
ZBTB42	1	0	1
ZBTB43	1	0	1
ZBTB44	1	0	1
ZBTB45	1	0	1
ZBTB46	1	0	1
ZBTB47	1	0	1
ZBTB48	1	0	1
ZBTB49	1	0	1
ZBTB5	1	0	1
ZBTB6	1	0	1
ZBTB7A	1	0	1
ZBTB7B	1	0	1
ZBTB7C	1	0	1
ZBTB8A	1	0	1
ZBTB8B	1	0	1
ZBTB8OS	1	0	1
ZBTB9	1	0	1
ZC2HC1A	1	0	1
ZC2HC1B	1	0	1
ZC2HC1C	1	0	1
ZC3H10	1	0	1
ZC3H11A	1	0	1
ZC3H11B	1	0	1
ZC3H12A	1	0	1
ZC3H12B	1	0	1
ZC3H12C	1	0	1
ZC3H12D	1	1	1
ZC3H13	1	0	1
ZC3H14	1	0	1
ZC3H15	1	0	1
ZC3H18	1	0	1
ZC3H3	1	0	1
ZC3H4	1	0	1
ZC3H6	1	0	1
ZC3H7A	1	0	1
ZC3H7B	1	0	1
ZC3H8	1	0	1
ZC3HAV1	1	0	1
ZC3HAV1L	1	0	1
ZC3HC1	1	0	1
ZC4H2	1	0	1
ZCCHC10	1	0	1
ZCCHC12	1	0	1
ZCCHC13	1	0	1
ZCCHC14	1	0	1
ZCCHC17	1	0	1
ZCCHC18	1	0	1
ZCCHC2	1	0	1
ZCCHC24	1	0	1
ZCCHC3	1	0	1
ZCCHC4	1	0	1
ZCCHC7	1	0	1
ZCCHC8	1	0	1
ZCCHC9	1	0	1
ZCRB1	1	0	1
ZCWPW1	1	0	1
ZCWPW2	1	1	1
ZDBF2	1	1	1
ZDHHC1	1	0	1
ZDHHC11	1	0	1
ZDHHC11B	1	0	1
ZDHHC12	1	0	1
ZDHHC13	1	0	1
ZDHHC14	1	0	1
ZDHHC15	1	0	1
ZDHHC16	1	0	1
ZDHHC17	1	0	1
ZDHHC18	1	0	1
ZDHHC19	1	1	1
ZDHHC2	1	0	1
ZDHHC20	1	0	1
ZDHHC20P4	0	1	0
ZDHHC21	1	0	1
ZDHHC22	1	0	1
ZDHHC23	1	0	1
ZDHHC24	1	1	1
ZDHHC3	1	0	1
ZDHHC4	1	0	1
ZDHHC5	1	0	1
ZDHHC6	1	0	1
ZDHHC7	1	0	1
ZDHHC8	1	0	1
ZDHHC9	1	0	1
ZEB1	1	0	1
ZEB1-AS1	0	1	0
ZEB2	1	0	1
ZEB2P1	0	1	0
ZER1	1	0	1
ZFAND1	1	0	1
ZFAND2A	1	0	1
ZFAND2B	1	0	1
ZFAND3	1	0	1
ZFAND4	1	0	1
ZFAND5	1	0	1
ZFAND6	1	0	1
ZFAS1	0	1	0
ZFAT	1	1	1
ZFC3H1	1	0	1
ZFHX2	1	0	1
ZFHX3	1	0	1
ZFHX4	1	0	1
ZFHX4-AS1	0	1	0
ZFP1	1	0	1
ZFP14	1	1	1
ZFP2	1	1	1
ZFP28	1	0	1
ZFP3	1	0	1
ZFP30	1	0	1
ZFP36	1	0	1
ZFP36L1	1	0	1
ZFP36L2	1	0	1
ZFP37	1	0	1
ZFP41	1	0	1
ZFP42	1	0	1
ZFP57	1	0	1
ZFP62	1	0	1
ZFP64	1	1	1
ZFP64P1	0	1	0
ZFP69	1	0	1
ZFP69B	1	0	1
ZFP82	1	0	1
ZFP90	1	1	1
ZFP91	1	0	1
ZFP92	1	0	1
ZFPL1	1	0	1
ZFPM1	1	0	1
ZFPM2	1	1	1
ZFR	1	0	1
ZFR2	1	0	1
ZFRP1	0	1	0
ZFTA	1	0	1
ZFTRAF1	1	0	1
ZFX	1	0	1
ZFY	1	0	1
ZFYVE1	1	0	1
ZFYVE16	1	0	1
ZFYVE19	1	1	1
ZFYVE21	1	0	1
ZFYVE26	1	0	1
ZFYVE27	1	0	1
ZFYVE28	1	1	1
ZFYVE9	1	0	1
ZFYVE9P2	0	1	0
ZG16	1	0	1
ZG16B	1	0	1
ZGLP1	1	0	1
ZGPAT	1	1	1
ZGRF1	1	0	1
ZHX1	1	0	1
ZHX2	1	0	1
ZHX3	1	1	1
ZIC1	1	0	1
ZIC2	1	0	1
ZIC3	1	0	1
ZIC4	1	0	1
ZIC5	1	0	1
ZIK1	1	0	1
ZIM2	1	0	1
ZIM3	1	0	1
ZKSCAN1	1	0	1
ZKSCAN2	1	0	1
ZKSCAN3	1	0	1
ZKSCAN4	1	0	1
ZKSCAN5	1	0	1
ZKSCAN7	1	1	1
ZKSCAN8	1	0	1
ZMAT1	1	1	1
ZMAT2	1	0	1
ZMAT3	1	0	1
ZMAT4	1	0	1
ZMAT5	1	0	1
ZMIZ1	1	0	1
ZMIZ1-AS1	0	1	0
ZMIZ2	1	0	1
ZMPSTE24	1	0	1
ZMYM1	1	1	1
ZMYM2	1	0	1
ZMYM3	1	0	1
ZMYM4	1	0	1
ZMYM5	1	0	1
ZMYM6	1	0	1
ZMYND10	1	0	1
ZMYND11	1	0	1
ZMYND12	1	0	1
ZMYND15	1	0	1
ZMYND19	1	0	1
ZMYND8	1	0	1
ZNF10	1	0	1
ZNF100	1	0	1
ZNF101	1	0	1
ZNF106	1	0	1
ZNF107	1	0	1
ZNF112	1	1	1
ZNF114	1	0	1
ZNF117	1	1	1
ZNF12	1	0	1
ZNF121	1	0	1
ZNF124	1	0	1
ZNF131	1	0	1
ZNF132	1	0	1
ZNF133	1	0	1
ZNF134	1	1	1
ZNF135	1	0	1
ZNF136	1	0	1
ZNF138	1	0	1
ZNF14	1	0	1
ZNF140	1	0	1
ZNF141	1	0	1
ZNF142	1	0	1
ZNF143	1	0	1
ZNF146	1	0	1
ZNF148	1	0	1
ZNF154	1	0	1
ZNF155	1	1	1
ZNF157	1	0	1
ZNF16	1	0	1
ZNF160	1	0	1
ZNF165	1	0	1
ZNF169	1	0	1
ZNF17	1	0	1
ZNF174	1	0	1
ZNF175	1	0	1
ZNF177	1	1	1
ZNF18	1	0	1
ZNF180	1	0	1
ZNF181	1	0	1
ZNF182	1	0	1
ZNF184	1	0	1
ZNF185	1	1	1
ZNF189	1	0	1
ZNF19	1	0	1
ZNF195	1	0	1
ZNF197	1	0	1
ZNF2	1	0	1
ZNF20	1	1	1
ZNF200	1	0	1
ZNF202	1	0	1
ZNF205	1	0	1
ZNF207	1	0	1
ZNF208	1	0	1
ZNF211	1	0	1
ZNF212	1	0	1
ZNF213	1	1	1
ZNF214	1	0	1
ZNF215	1	0	1
ZNF217	1	0	1
ZNF219	1	0	1
ZNF22	1	0	1
ZNF221	1	1	1
ZNF222	1	0	1
ZNF223	1	0	1
ZNF224	1	0	1
ZNF225	1	0	1
ZNF226	1	0	1
ZNF227	1	0	1
ZNF229	1	0	1
ZNF23	1	0	1
ZNF230	1	0	1
ZNF232	1	0	1
ZNF233	1	0	1
ZNF234	1	1	1
ZNF235	1	0	1
ZNF236	1	0	1
ZNF236-DT	0	1	0
ZNF239	1	0	1
ZNF24	1	0	1
ZNF248	1	0	1
ZNF25	1	0	1
ZNF250	1	0	1
ZNF251	1	0	1
ZNF253	1	0	1
ZNF254	1	0	1
ZNF256	1	0	1
ZNF257	1	0	1
ZNF259P1	0	1	0
ZNF26	1	0	1
ZNF260	1	0	1
ZNF263	1	0	1
ZNF264	1	0	1
ZNF266	1	0	1
ZNF267	1	0	1
ZNF268	1	0	1
ZNF273	1	0	1
ZNF274	1	0	1
ZNF275	1	0	1
ZNF276	1	0	1
ZNF277	1	0	1
ZNF28	1	0	1
ZNF280A	1	0	1
ZNF280B	1	0	1
ZNF280C	1	1	1
ZNF280D	1	0	1
ZNF281	1	0	1
ZNF282	1	0	1
ZNF283	1	1	1
ZNF284	1	0	1
ZNF285	1	1	1
ZNF286A	1	0	1
ZNF286A-TBC1D26	0	0	1
ZNF287	1	0	1
ZNF292	1	0	1
ZNF296	1	0	1
ZNF3	1	0	1
ZNF30	1	0	1
ZNF300	1	0	1
ZNF300P1	0	1	0
ZNF302	1	0	1
ZNF304	1	0	1
ZNF311	1	0	1
ZNF316	1	0	1
ZNF317	1	0	1
ZNF318	1	0	1
ZNF319	1	0	1
ZNF32	1	0	1
ZNF320	1	1	1
ZNF322	1	0	1
ZNF324	1	0	1
ZNF324B	1	0	1
ZNF326	1	0	1
ZNF329	1	0	1
ZNF330	1	0	1
ZNF331	1	0	1
ZNF333	1	0	1
ZNF334	1	0	1
ZNF335	1	0	1
ZNF337	1	0	1
ZNF337-AS1	0	1	0
ZNF33A	1	0	1
ZNF33B	1	1	1
ZNF34	1	0	1
ZNF341	1	0	1
ZNF343	1	1	1
ZNF345	1	0	1
ZNF346	1	1	1
ZNF347	1	0	1
ZNF35	1	0	1
ZNF350	1	0	1
ZNF354A	1	0	1
ZNF354B	1	0	1
ZNF354C	1	0	1
ZNF358	1	0	1
ZNF362	1	0	1
ZNF365	1	0	1
ZNF366	1	0	1
ZNF367	1	0	1
ZNF37A	1	0	1
ZNF382	1	0	1
ZNF383	1	1	1
ZNF384	1	0	1
ZNF385A	1	0	1
ZNF385B	1	1	1
ZNF385C	1	0	1
ZNF385D	1	0	1
ZNF391	1	0	1
ZNF394	1	0	1
ZNF395	1	0	1
ZNF396	1	1	1
ZNF397	1	0	1
ZNF398	1	0	1
ZNF404	1	1	1
ZNF407	1	0	1
ZNF408	1	0	1
ZNF41	1	0	1
ZNF410	1	1	1
ZNF414	1	0	1
ZNF415	1	0	1
ZNF416	1	1	1
ZNF417	1	0	1
ZNF418	1	1	1
ZNF419	1	0	1
ZNF420	1	0	1
ZNF423	1	0	1
ZNF425	1	0	1
ZNF426	1	0	1
ZNF428	1	0	1
ZNF429	1	1	1
ZNF43	1	1	1
ZNF430	1	0	1
ZNF431	1	0	1
ZNF432	1	0	1
ZNF433	1	1	1
ZNF436	1	0	1
ZNF438	1	1	1
ZNF439	1	0	1
ZNF44	1	0	1
ZNF440	1	0	1
ZNF441	1	0	1
ZNF442	1	0	1
ZNF443	1	0	1
ZNF444	1	0	1
ZNF445	1	0	1
ZNF446	1	0	1
ZNF449	1	0	1
ZNF45	1	0	1
ZNF451	1	0	1
ZNF454	1	0	1
ZNF460	1	0	1
ZNF461	1	0	1
ZNF462	1	0	1
ZNF467	1	0	1
ZNF468	1	0	1
ZNF469	1	1	1
ZNF470	1	0	1
ZNF471	1	0	1
ZNF473	1	0	1
ZNF474	1	0	1
ZNF479	1	0	1
ZNF48	1	0	1
ZNF480	1	0	1
ZNF483	1	0	1
ZNF484	1	0	1
ZNF485	1	0	1
ZNF486	1	0	1
ZNF487	1	0	1
ZNF488	1	0	1
ZNF490	1	1	1
ZNF491	1	0	1
ZNF492	1	0	1
ZNF493	1	0	1
ZNF496	1	0	1
ZNF497	1	1	1
ZNF500	1	0	1
ZNF501	1	0	1
ZNF502	1	0	1
ZNF503	1	0	1
ZNF503-AS1	0	1	0
ZNF506	1	0	1
ZNF507	1	0	1
ZNF510	1	1	1
ZNF511	1	0	1
ZNF511-PRAP1	0	0	1
ZNF512	1	0	1
ZNF512B	1	0	1
ZNF513	1	0	1
ZNF514	1	0	1
ZNF516	1	0	1
ZNF517	1	1	1
ZNF518A	1	0	1
ZNF518B	1	0	1
ZNF519	1	0	1
ZNF519P1	0	1	0
ZNF521	1	0	1
ZNF524	1	0	1
ZNF525	1	0	1
ZNF526	1	0	1
ZNF527	1	1	1
ZNF528	1	1	1
ZNF529	1	0	1
ZNF530	1	1	1
ZNF532	1	0	1
ZNF534	1	1	1
ZNF536	1	0	1
ZNF540	1	0	1
ZNF541	1	0	1
ZNF543	1	0	1
ZNF544	1	1	1
ZNF546	1	1	1
ZNF547	1	0	1
ZNF548	1	0	1
ZNF549	1	0	1
ZNF550	1	1	1
ZNF551	1	0	1
ZNF552	1	0	1
ZNF554	1	0	1
ZNF555	1	0	1
ZNF556	1	0	1
ZNF557	1	0	1
ZNF558	1	0	1
ZNF559	1	1	1
ZNF560	1	0	1
ZNF561	1	0	1
ZNF562	1	0	1
ZNF563	1	1	1
ZNF564	1	0	1
ZNF565	1	1	1
ZNF566	1	0	1
ZNF567	1	0	1
ZNF568	1	1	1
ZNF569	1	0	1
ZNF57	1	1	1
ZNF570	1	0	1
ZNF571	1	1	1
ZNF572	1	0	1
ZNF573	1	1	1
ZNF574	1	0	1
ZNF575	1	0	1
ZNF576	1	0	1
ZNF577	1	0	1
ZNF578	1	0	1
ZNF579	1	0	1
ZNF580	1	0	1
ZNF581	1	0	1
ZNF582	1	0	1
ZNF583	1	0	1
ZNF584	1	0	1
ZNF585A	1	0	1
ZNF585B	1	1	1
ZNF586	1	1	1
ZNF587	1	1	1
ZNF587B	1	0	1
ZNF589	1	0	1
ZNF592	1	0	1
ZNF593	1	0	1
ZNF593OS	1	0	1
ZNF594	1	1	1
ZNF595	1	0	1
ZNF596	1	0	1
ZNF597	1	0	1
ZNF598	1	0	1
ZNF599	1	0	1
ZNF600	1	0	1
ZNF605	1	0	1
ZNF606	1	0	1
ZNF607	1	0	1
ZNF608	1	0	1
ZNF609	1	0	1
ZNF610	1	0	1
ZNF611	1	0	1
ZNF613	1	0	1
ZNF614	1	0	1
ZNF615	1	1	1
ZNF616	1	0	1
ZNF618	1	0	1
ZNF619	1	1	1
ZNF620	1	0	1
ZNF621	1	0	1
ZNF622	1	0	1
ZNF623	1	0	1
ZNF624	1	0	1
ZNF625	1	0	1
ZNF626	1	1	1
ZNF627	1	0	1
ZNF628	1	0	1
ZNF629	1	0	1
ZNF630	1	1	1
ZNF638	1	0	1
ZNF639	1	0	1
ZNF641	1	0	1
ZNF644	1	0	1
ZNF646	1	0	1
ZNF648	1	0	1
ZNF649	1	0	1
ZNF652	1	0	1
ZNF653	1	0	1
ZNF654	1	0	1
ZNF655	1	0	1
ZNF658	1	0	1
ZNF66	1	0	1
ZNF660	1	0	1
ZNF662	1	1	1
ZNF664	1	1	1
ZNF665	1	0	1
ZNF667	1	1	1
ZNF667-AS1	0	1	0
ZNF668	1	0	1
ZNF669	1	1	1
ZNF670	1	0	1
ZNF671	1	0	1
ZNF672	1	0	1
ZNF674	1	0	1
ZNF675	1	1	1
ZNF676	1	0	1
ZNF677	1	1	1
ZNF678	1	0	1
ZNF679	1	1	1
ZNF680	1	0	1
ZNF680P1	0	1	0
ZNF681	1	0	1
ZNF682	1	0	1
ZNF683	1	1	1
ZNF684	1	0	1
ZNF687	1	0	1
ZNF688	1	0	1
ZNF689	1	1	1
ZNF69	1	0	1
ZNF691	1	0	1
ZNF692	1	0	1
ZNF695	1	0	1
ZNF696	1	0	1
ZNF697	1	0	1
ZNF699	1	0	1
ZNF7	1	0	1
ZNF70	1	0	1
ZNF700	1	0	1
ZNF701	1	1	1
ZNF702P	0	1	0
ZNF703	1	0	1
ZNF704	1	0	1
ZNF705A	1	0	1
ZNF705B	1	0	1
ZNF705D	1	0	1
ZNF705EP	1	0	0
ZNF705G	1	0	1
ZNF706	1	1	1
ZNF707	1	0	1
ZNF708	1	0	1
ZNF709	1	0	1
ZNF71	1	0	1
ZNF710	1	0	1
ZNF711	1	0	1
ZNF713	1	0	1
ZNF714	1	0	1
ZNF716	1	1	1
ZNF717	1	0	1
ZNF718	1	0	1
ZNF720	0	1	0
ZNF721	1	1	1
ZNF722	1	0	1
ZNF723	1	0	1
ZNF724	1	0	1
ZNF726	1	0	1
ZNF727	1	0	1
ZNF728	1	0	1
ZNF729	1	0	1
ZNF730	1	0	1
ZNF732	1	0	1
ZNF735	1	1	1
ZNF736	1	1	1
ZNF737	1	0	1
ZNF738	1	0	1
ZNF74	1	0	1
ZNF740	1	0	1
ZNF746	1	0	1
ZNF747	1	0	1
ZNF749	1	1	1
ZNF750	1	0	1
ZNF75A	1	0	1
ZNF75D	1	0	1
ZNF76	1	0	1
ZNF761	1	0	1
ZNF763	1	0	1
ZNF764	1	0	1
ZNF765	1	0	1
ZNF766	1	0	1
ZNF767P	0	1	0
ZNF768	1	0	1
ZNF77	1	0	1
ZNF770	1	0	1
ZNF771	1	0	1
ZNF772	1	0	1
ZNF773	1	0	1
ZNF774	1	0	1
ZNF775	1	0	1
ZNF776	1	0	1
ZNF777	1	0	1
ZNF778	1	0	1
ZNF780A	1	1	1
ZNF780B	1	0	1
ZNF781	1	1	0
ZNF782	1	0	1
ZNF783	1	0	1
ZNF784	1	0	1
ZNF785	1	0	1
ZNF786	1	0	1
ZNF787	1	0	1
ZNF789	1	0	1
ZNF79	1	0	1
ZNF790	1	0	1
ZNF791	1	0	1
ZNF792	1	0	1
ZNF793	1	0	1
ZNF799	1	0	1
ZNF8	1	0	1
ZNF80	1	0	1
ZNF800	1	0	1
ZNF804A	1	0	1
ZNF804B	1	0	1
ZNF805	1	0	1
ZNF808	1	0	1
ZNF81	1	0	1
ZNF813	1	0	1
ZNF814	1	0	1
ZNF815P	0	1	0
ZNF816	1	1	1
ZNF816-ZNF321P	0	1	1
ZNF821	1	0	1
ZNF823	1	0	1
ZNF827	1	0	1
ZNF829	1	1	1
ZNF83	1	1	1
ZNF830	1	0	1
ZNF831	1	0	1
ZNF835	1	0	1
ZNF836	1	0	1
ZNF837	1	1	1
ZNF839	1	0	1
ZNF84	1	0	1
ZNF841	1	1	1
ZNF843	1	0	1
ZNF844	1	0	1
ZNF845	1	0	1
ZNF846	1	0	1
ZNF85	1	1	1
ZNF850	1	0	1
ZNF852	1	1	1
ZNF853	1	0	1
ZNF860	1	1	1
ZNF862	1	0	1
ZNF865	1	0	1
ZNF875	1	0	1
ZNF878	1	0	1
ZNF879	1	0	1
ZNF880	1	0	1
ZNF883	0	1	1
ZNF888	1	0	1
ZNF891	1	0	1
ZNF892	1	0	1
ZNF90	1	0	1
ZNF91	1	1	1
ZNF92	1	0	1
ZNF93	1	0	1
ZNF969P	0	1	0
ZNF98	1	0	1
ZNF99	1	0	1
ZNFX1	1	0	1
ZNG1A	1	0	1
ZNG1B	1	0	1
ZNG1C	1	0	1
ZNG1E	1	0	1
ZNG1F	1	0	1
ZNHIT1	1	0	1
ZNHIT2	1	0	1
ZNHIT3	1	0	1
ZNHIT6	1	0	1
ZNRD2	1	0	1
ZNRF1	1	0	1
ZNRF2	1	0	1
ZNRF2P2	0	1	0
ZNRF3	1	0	1
ZNRF4	1	0	1
ZP1	1	1	1
ZP2	1	0	1
ZP3	1	0	1
ZP4	1	0	1
ZPBP	1	0	1
ZPBP2	1	0	1
ZPLD1	1	1	1
ZPLD2P	0	1	0
ZPR1	1	0	1
ZRANB1	1	0	1
ZRANB2	1	0	1
ZRANB2-AS2	0	1	0
ZRANB3	1	1	1
ZRSR2	1	0	1
ZSCAN1	1	0	1
ZSCAN10	1	0	1
ZSCAN12	1	0	1
ZSCAN16	1	0	1
ZSCAN18	1	0	1
ZSCAN2	1	0	1
ZSCAN20	1	0	1
ZSCAN21	1	0	1
ZSCAN22	1	0	1
ZSCAN23	1	0	1
ZSCAN25	1	0	1
ZSCAN26	1	0	1
ZSCAN29	1	0	1
ZSCAN30	1	0	1
ZSCAN31	1	1	1
ZSCAN32	1	0	1
ZSCAN4	1	0	1
ZSCAN5A	1	0	1
ZSCAN5B	1	0	1
ZSCAN5C	1	0	1
ZSCAN9	1	0	1
ZSWIM1	1	1	1
ZSWIM2	1	0	1
ZSWIM3	1	0	1
ZSWIM4	1	0	1
ZSWIM5	1	0	1
ZSWIM5P3	0	1	0
ZSWIM6	1	0	1
ZSWIM7	1	0	1
ZSWIM8	1	0	1
ZSWIM9	1	0	1
ZUP1	1	0	1
ZW10	1	0	1
ZWILCH	1	0	1
ZWINT	1	0	1
ZXDA	1	0	1
ZXDB	1	0	1
ZXDC	1	0	1
ZYG11A	1	1	1
ZYG11B	1	0	1
ZYX	1	0	1
ZZEF1	1	0	1
ZZZ3	1	0	1
